"Date","Open","High","Low","Close"
"Thu Sep 25 2025 10:00:00 GMT+0530 (India Standard Time)","5514.00","5515.00","5509.50","5512.00"
"Thu Sep 25 2025 10:05:00 GMT+0530 (India Standard Time)","5512.00","5518.00","5507.50","5515.00"
"Thu Sep 25 2025 10:10:00 GMT+0530 (India Standard Time)","5515.00","5516.00","5508.00","5508.00"
"Thu Sep 25 2025 10:15:00 GMT+0530 (India Standard Time)","5512.00","5513.50","5506.00","5506.00"
"Thu Sep 25 2025 10:20:00 GMT+0530 (India Standard Time)","5506.00","5509.50","5500.00","5504.00"
"Thu Sep 25 2025 10:25:00 GMT+0530 (India Standard Time)","5504.00","5505.00","5500.00","5502.50"
"Thu Sep 25 2025 10:30:00 GMT+0530 (India Standard Time)","5502.50","5510.50","5496.50","5505.00"
"Thu Sep 25 2025 10:35:00 GMT+0530 (India Standard Time)","5504.00","5505.00","5496.00","5500.50"
"Thu Sep 25 2025 10:40:00 GMT+0530 (India Standard Time)","5500.50","5504.50","5490.00","5490.00"
"Thu Sep 25 2025 10:45:00 GMT+0530 (India Standard Time)","5490.00","5490.00","5480.50","5483.00"
"Thu Sep 25 2025 10:50:00 GMT+0530 (India Standard Time)","5483.00","5487.50","5480.00","5485.50"
"Thu Sep 25 2025 10:55:00 GMT+0530 (India Standard Time)","5485.50","5485.50","5476.00","5481.00"
"Thu Sep 25 2025 11:00:00 GMT+0530 (India Standard Time)","5484.50","5484.50","5476.50","5479.50"
"Thu Sep 25 2025 11:05:00 GMT+0530 (India Standard Time)","5479.50","5484.00","5477.00","5482.50"
"Thu Sep 25 2025 11:10:00 GMT+0530 (India Standard Time)","5482.50","5483.50","5473.50","5478.50"
"Thu Sep 25 2025 11:15:00 GMT+0530 (India Standard Time)","5478.50","5489.50","5477.00","5480.00"
"Thu Sep 25 2025 11:20:00 GMT+0530 (India Standard Time)","5482.00","5483.50","5477.50","5480.50"
"Thu Sep 25 2025 11:25:00 GMT+0530 (India Standard Time)","5480.00","5480.00","5466.00","5472.00"
"Thu Sep 25 2025 11:30:00 GMT+0530 (India Standard Time)","5472.00","5472.50","5460.00","5464.00"
"Thu Sep 25 2025 11:35:00 GMT+0530 (India Standard Time)","5464.00","5470.50","5464.00","5467.00"
"Thu Sep 25 2025 11:40:00 GMT+0530 (India Standard Time)","5467.00","5468.00","5460.00","5461.00"
"Thu Sep 25 2025 11:45:00 GMT+0530 (India Standard Time)","5462.00","5463.50","5460.00","5463.00"
"Thu Sep 25 2025 11:50:00 GMT+0530 (India Standard Time)","5462.50","5463.00","5455.00","5458.50"
"Thu Sep 25 2025 11:55:00 GMT+0530 (India Standard Time)","5458.50","5462.50","5457.00","5457.00"
"Thu Sep 25 2025 12:00:00 GMT+0530 (India Standard Time)","5457.00","5457.00","5450.00","5451.00"
"Thu Sep 25 2025 12:05:00 GMT+0530 (India Standard Time)","5451.00","5452.50","5440.00","5443.00"
"Thu Sep 25 2025 12:10:00 GMT+0530 (India Standard Time)","5443.00","5451.00","5440.00","5444.00"
"Thu Sep 25 2025 12:15:00 GMT+0530 (India Standard Time)","5444.00","5447.50","5440.00","5447.50"
"Thu Sep 25 2025 12:20:00 GMT+0530 (India Standard Time)","5447.50","5448.00","5440.00","5443.50"
"Thu Sep 25 2025 12:25:00 GMT+0530 (India Standard Time)","5443.50","5445.50","5437.50","5440.00"
"Thu Sep 25 2025 12:30:00 GMT+0530 (India Standard Time)","5435.00","5437.50","5431.00","5434.50"
"Thu Sep 25 2025 12:35:00 GMT+0530 (India Standard Time)","5434.50","5446.00","5434.00","5443.00"
"Thu Sep 25 2025 12:40:00 GMT+0530 (India Standard Time)","5443.00","5445.50","5434.00","5437.50"
"Thu Sep 25 2025 12:45:00 GMT+0530 (India Standard Time)","5437.50","5437.50","5430.00","5430.00"
"Thu Sep 25 2025 12:50:00 GMT+0530 (India Standard Time)","5430.00","5439.00","5430.00","5439.00"
"Thu Sep 25 2025 12:55:00 GMT+0530 (India Standard Time)","5439.00","5455.00","5438.00","5450.00"
"Thu Sep 25 2025 13:00:00 GMT+0530 (India Standard Time)","5450.00","5454.50","5450.00","5454.50"
"Thu Sep 25 2025 13:05:00 GMT+0530 (India Standard Time)","5452.50","5467.50","5452.50","5465.50"
"Thu Sep 25 2025 13:10:00 GMT+0530 (India Standard Time)","5465.50","5478.50","5463.50","5472.00"
"Thu Sep 25 2025 13:15:00 GMT+0530 (India Standard Time)","5472.00","5477.00","5455.00","5477.00"
"Thu Sep 25 2025 13:20:00 GMT+0530 (India Standard Time)","5475.00","5485.00","5475.00","5481.50"
"Thu Sep 25 2025 13:25:00 GMT+0530 (India Standard Time)","5481.50","5485.50","5475.00","5475.00"
"Thu Sep 25 2025 13:30:00 GMT+0530 (India Standard Time)","5475.00","5478.50","5475.00","5476.50"
"Thu Sep 25 2025 13:35:00 GMT+0530 (India Standard Time)","5476.50","5481.50","5476.50","5478.50"
"Thu Sep 25 2025 13:40:00 GMT+0530 (India Standard Time)","5478.50","5485.50","5475.50","5477.00"
"Thu Sep 25 2025 13:45:00 GMT+0530 (India Standard Time)","5478.00","5489.00","5476.50","5481.00"
"Thu Sep 25 2025 13:50:00 GMT+0530 (India Standard Time)","5481.00","5485.00","5474.00","5474.00"
"Thu Sep 25 2025 13:55:00 GMT+0530 (India Standard Time)","5474.00","5495.00","5474.00","5494.00"
"Thu Sep 25 2025 14:00:00 GMT+0530 (India Standard Time)","5490.00","5492.50","5490.00","5490.50"
"Thu Sep 25 2025 14:05:00 GMT+0530 (India Standard Time)","5490.00","5491.00","5474.50","5474.50"
"Thu Sep 25 2025 14:10:00 GMT+0530 (India Standard Time)","5479.00","5492.00","5479.00","5484.00"
"Thu Sep 25 2025 14:15:00 GMT+0530 (India Standard Time)","5484.00","5490.00","5484.00","5488.00"
"Thu Sep 25 2025 14:20:00 GMT+0530 (India Standard Time)","5488.00","5489.50","5482.50","5483.50"
"Thu Sep 25 2025 14:25:00 GMT+0530 (India Standard Time)","5483.50","5494.00","5483.00","5494.00"
"Thu Sep 25 2025 14:30:00 GMT+0530 (India Standard Time)","5494.00","5494.00","5481.00","5481.00"
"Thu Sep 25 2025 14:35:00 GMT+0530 (India Standard Time)","5484.00","5484.00","5475.00","5480.50"
"Thu Sep 25 2025 14:40:00 GMT+0530 (India Standard Time)","5480.50","5480.50","5463.00","5467.00"
"Thu Sep 25 2025 14:45:00 GMT+0530 (India Standard Time)","5467.00","5468.00","5461.50","5467.50"
"Thu Sep 25 2025 14:50:00 GMT+0530 (India Standard Time)","5467.50","5488.00","5463.00","5485.50"
"Thu Sep 25 2025 14:55:00 GMT+0530 (India Standard Time)","5487.00","5487.00","5480.00","5480.00"
"Thu Sep 25 2025 15:00:00 GMT+0530 (India Standard Time)","5482.50","5483.50","5480.00","5480.00"
"Thu Sep 25 2025 15:05:00 GMT+0530 (India Standard Time)","5480.00","5480.50","5456.50","5457.00"
"Thu Sep 25 2025 15:10:00 GMT+0530 (India Standard Time)","5455.00","5460.50","5451.00","5451.00"
"Thu Sep 25 2025 15:15:00 GMT+0530 (India Standard Time)","5454.00","5454.00","5440.50","5442.00"
"Thu Sep 25 2025 15:20:00 GMT+0530 (India Standard Time)","5442.00","5450.00","5440.00","5444.00"
"Thu Sep 25 2025 15:25:00 GMT+0530 (India Standard Time)","5444.00","5445.00","5435.00","5435.00"
"Fri Sep 26 2025 09:15:00 GMT+0530 (India Standard Time)","5451.00","5460.00","5409.50","5410.00"
"Fri Sep 26 2025 09:20:00 GMT+0530 (India Standard Time)","5410.00","5415.00","5391.50","5410.00"
"Fri Sep 26 2025 09:25:00 GMT+0530 (India Standard Time)","5410.50","5412.00","5399.00","5402.00"
"Fri Sep 26 2025 09:30:00 GMT+0530 (India Standard Time)","5400.50","5402.00","5386.00","5389.50"
"Fri Sep 26 2025 09:35:00 GMT+0530 (India Standard Time)","5390.00","5390.00","5367.00","5380.00"
"Fri Sep 26 2025 09:40:00 GMT+0530 (India Standard Time)","5380.00","5380.00","5371.50","5372.00"
"Fri Sep 26 2025 09:45:00 GMT+0530 (India Standard Time)","5374.00","5380.00","5360.00","5379.50"
"Fri Sep 26 2025 09:50:00 GMT+0530 (India Standard Time)","5381.00","5403.00","5377.50","5384.50"
"Fri Sep 26 2025 09:55:00 GMT+0530 (India Standard Time)","5384.50","5403.00","5375.50","5403.00"
"Fri Sep 26 2025 10:00:00 GMT+0530 (India Standard Time)","5400.00","5405.50","5370.50","5372.00"
"Fri Sep 26 2025 10:05:00 GMT+0530 (India Standard Time)","5372.00","5372.50","5360.00","5360.00"
"Fri Sep 26 2025 10:10:00 GMT+0530 (India Standard Time)","5360.00","5370.00","5350.00","5368.00"
"Fri Sep 26 2025 10:15:00 GMT+0530 (India Standard Time)","5369.50","5372.00","5363.00","5367.50"
"Fri Sep 26 2025 10:20:00 GMT+0530 (India Standard Time)","5365.50","5377.50","5363.00","5374.50"
"Fri Sep 26 2025 10:25:00 GMT+0530 (India Standard Time)","5374.50","5383.00","5372.00","5373.00"
"Fri Sep 26 2025 10:30:00 GMT+0530 (India Standard Time)","5373.00","5376.50","5365.00","5365.00"
"Fri Sep 26 2025 10:35:00 GMT+0530 (India Standard Time)","5369.00","5369.50","5360.00","5363.00"
"Fri Sep 26 2025 10:40:00 GMT+0530 (India Standard Time)","5363.00","5365.00","5355.00","5361.50"
"Fri Sep 26 2025 10:45:00 GMT+0530 (India Standard Time)","5361.50","5369.00","5359.50","5366.50"
"Fri Sep 26 2025 10:50:00 GMT+0530 (India Standard Time)","5366.50","5370.50","5355.00","5364.00"
"Fri Sep 26 2025 10:55:00 GMT+0530 (India Standard Time)","5364.00","5368.00","5355.00","5360.50"
"Fri Sep 26 2025 11:00:00 GMT+0530 (India Standard Time)","5360.50","5360.50","5350.50","5351.50"
"Fri Sep 26 2025 11:05:00 GMT+0530 (India Standard Time)","5351.50","5359.50","5351.00","5358.50"
"Fri Sep 26 2025 11:10:00 GMT+0530 (India Standard Time)","5358.50","5358.50","5352.00","5354.00"
"Fri Sep 26 2025 11:15:00 GMT+0530 (India Standard Time)","5354.00","5354.50","5345.00","5349.00"
"Fri Sep 26 2025 11:20:00 GMT+0530 (India Standard Time)","5349.00","5349.00","5340.00","5340.00"
"Fri Sep 26 2025 11:25:00 GMT+0530 (India Standard Time)","5341.00","5345.00","5336.00","5340.00"
"Fri Sep 26 2025 11:30:00 GMT+0530 (India Standard Time)","5340.00","5343.50","5335.00","5340.00"
"Fri Sep 26 2025 11:35:00 GMT+0530 (India Standard Time)","5339.50","5340.00","5330.00","5332.50"
"Fri Sep 26 2025 11:40:00 GMT+0530 (India Standard Time)","5332.50","5338.50","5331.00","5333.00"
"Fri Sep 26 2025 11:45:00 GMT+0530 (India Standard Time)","5336.50","5340.50","5333.00","5337.50"
"Fri Sep 26 2025 11:50:00 GMT+0530 (India Standard Time)","5337.50","5344.50","5336.00","5344.50"
"Fri Sep 26 2025 11:55:00 GMT+0530 (India Standard Time)","5343.50","5351.00","5341.00","5348.00"
"Fri Sep 26 2025 12:00:00 GMT+0530 (India Standard Time)","5348.50","5349.50","5340.00","5344.50"
"Fri Sep 26 2025 12:05:00 GMT+0530 (India Standard Time)","5345.00","5345.00","5341.00","5343.50"
"Fri Sep 26 2025 12:10:00 GMT+0530 (India Standard Time)","5343.50","5344.50","5338.00","5340.00"
"Fri Sep 26 2025 12:15:00 GMT+0530 (India Standard Time)","5340.00","5340.00","5330.50","5333.00"
"Fri Sep 26 2025 12:20:00 GMT+0530 (India Standard Time)","5333.00","5335.00","5330.00","5333.50"
"Fri Sep 26 2025 12:25:00 GMT+0530 (India Standard Time)","5335.50","5335.50","5325.00","5326.00"
"Fri Sep 26 2025 12:30:00 GMT+0530 (India Standard Time)","5326.00","5328.50","5320.00","5324.50"
"Fri Sep 26 2025 12:35:00 GMT+0530 (India Standard Time)","5324.50","5327.00","5321.00","5322.50"
"Fri Sep 26 2025 12:40:00 GMT+0530 (India Standard Time)","5322.50","5334.50","5322.50","5333.50"
"Fri Sep 26 2025 12:45:00 GMT+0530 (India Standard Time)","5333.50","5335.00","5327.00","5334.00"
"Fri Sep 26 2025 12:50:00 GMT+0530 (India Standard Time)","5334.00","5335.00","5332.00","5333.00"
"Fri Sep 26 2025 12:55:00 GMT+0530 (India Standard Time)","5333.00","5338.00","5328.00","5330.00"
"Fri Sep 26 2025 13:00:00 GMT+0530 (India Standard Time)","5330.00","5333.00","5328.50","5333.00"
"Fri Sep 26 2025 13:05:00 GMT+0530 (India Standard Time)","5333.00","5335.00","5327.00","5329.00"
"Fri Sep 26 2025 13:10:00 GMT+0530 (India Standard Time)","5329.00","5331.00","5321.50","5325.50"
"Fri Sep 26 2025 13:15:00 GMT+0530 (India Standard Time)","5325.50","5326.00","5315.00","5315.00"
"Fri Sep 26 2025 13:20:00 GMT+0530 (India Standard Time)","5315.00","5318.50","5310.00","5311.00"
"Fri Sep 26 2025 13:25:00 GMT+0530 (India Standard Time)","5311.00","5316.50","5305.50","5307.00"
"Fri Sep 26 2025 13:30:00 GMT+0530 (India Standard Time)","5310.00","5310.00","5295.00","5296.50"
"Fri Sep 26 2025 13:35:00 GMT+0530 (India Standard Time)","5296.50","5311.00","5295.50","5311.00"
"Fri Sep 26 2025 13:40:00 GMT+0530 (India Standard Time)","5311.00","5328.00","5310.00","5325.00"
"Fri Sep 26 2025 13:45:00 GMT+0530 (India Standard Time)","5325.00","5333.00","5325.00","5331.00"
"Fri Sep 26 2025 13:50:00 GMT+0530 (India Standard Time)","5326.50","5330.50","5323.50","5330.00"
"Fri Sep 26 2025 13:55:00 GMT+0530 (India Standard Time)","5330.00","5332.00","5330.00","5331.50"
"Fri Sep 26 2025 14:00:00 GMT+0530 (India Standard Time)","5330.00","5332.50","5319.00","5320.50"
"Fri Sep 26 2025 14:05:00 GMT+0530 (India Standard Time)","5322.00","5322.00","5313.00","5320.00"
"Fri Sep 26 2025 14:10:00 GMT+0530 (India Standard Time)","5321.00","5326.00","5316.00","5323.00"
"Fri Sep 26 2025 14:15:00 GMT+0530 (India Standard Time)","5323.00","5335.50","5320.00","5331.00"
"Fri Sep 26 2025 14:20:00 GMT+0530 (India Standard Time)","5332.00","5333.50","5328.50","5332.50"
"Fri Sep 26 2025 14:25:00 GMT+0530 (India Standard Time)","5322.50","5328.50","5316.50","5319.50"
"Fri Sep 26 2025 14:30:00 GMT+0530 (India Standard Time)","5319.50","5324.50","5311.00","5322.00"
"Fri Sep 26 2025 14:35:00 GMT+0530 (India Standard Time)","5322.00","5327.50","5321.00","5324.50"
"Fri Sep 26 2025 14:40:00 GMT+0530 (India Standard Time)","5324.50","5330.00","5320.00","5329.50"
"Fri Sep 26 2025 14:45:00 GMT+0530 (India Standard Time)","5326.00","5326.00","5312.50","5317.00"
"Fri Sep 26 2025 14:50:00 GMT+0530 (India Standard Time)","5317.00","5320.00","5301.00","5302.00"
"Fri Sep 26 2025 14:55:00 GMT+0530 (India Standard Time)","5305.50","5313.50","5300.00","5308.50"
"Fri Sep 26 2025 15:00:00 GMT+0530 (India Standard Time)","5308.50","5316.50","5298.00","5313.00"
"Fri Sep 26 2025 15:05:00 GMT+0530 (India Standard Time)","5312.50","5312.50","5304.50","5308.00"
"Fri Sep 26 2025 15:10:00 GMT+0530 (India Standard Time)","5305.00","5310.00","5304.50","5308.00"
"Fri Sep 26 2025 15:15:00 GMT+0530 (India Standard Time)","5309.00","5310.00","5295.00","5303.50"
"Fri Sep 26 2025 15:20:00 GMT+0530 (India Standard Time)","5303.50","5305.50","5296.00","5303.50"
"Fri Sep 26 2025 15:25:00 GMT+0530 (India Standard Time)","5304.00","5304.00","5295.00","5300.00"
"Mon Sep 29 2025 09:15:00 GMT+0530 (India Standard Time)","5303.00","5340.00","5294.50","5320.00"
"Mon Sep 29 2025 09:20:00 GMT+0530 (India Standard Time)","5322.50","5347.00","5313.00","5333.50"
"Mon Sep 29 2025 09:25:00 GMT+0530 (India Standard Time)","5334.00","5335.50","5320.50","5330.50"
"Mon Sep 29 2025 09:30:00 GMT+0530 (India Standard Time)","5330.50","5335.50","5313.00","5320.50"
"Mon Sep 29 2025 09:35:00 GMT+0530 (India Standard Time)","5320.50","5322.00","5304.00","5315.00"
"Mon Sep 29 2025 09:40:00 GMT+0530 (India Standard Time)","5315.00","5329.00","5312.50","5329.00"
"Mon Sep 29 2025 09:45:00 GMT+0530 (India Standard Time)","5329.00","5335.50","5327.50","5327.50"
"Mon Sep 29 2025 09:50:00 GMT+0530 (India Standard Time)","5330.00","5344.00","5328.00","5341.00"
"Mon Sep 29 2025 09:55:00 GMT+0530 (India Standard Time)","5341.00","5350.00","5340.00","5345.00"
"Mon Sep 29 2025 10:00:00 GMT+0530 (India Standard Time)","5345.00","5351.00","5342.00","5343.50"
"Mon Sep 29 2025 10:05:00 GMT+0530 (India Standard Time)","5343.50","5346.50","5338.50","5343.00"
"Mon Sep 29 2025 10:10:00 GMT+0530 (India Standard Time)","5343.00","5353.00","5340.50","5352.50"
"Mon Sep 29 2025 10:15:00 GMT+0530 (India Standard Time)","5352.50","5354.00","5348.50","5350.50"
"Mon Sep 29 2025 10:20:00 GMT+0530 (India Standard Time)","5350.00","5357.00","5342.50","5357.00"
"Mon Sep 29 2025 10:25:00 GMT+0530 (India Standard Time)","5357.00","5369.50","5348.50","5352.50"
"Mon Sep 29 2025 10:30:00 GMT+0530 (India Standard Time)","5352.50","5358.50","5346.50","5356.00"
"Mon Sep 29 2025 10:35:00 GMT+0530 (India Standard Time)","5356.00","5360.00","5343.50","5348.00"
"Mon Sep 29 2025 10:40:00 GMT+0530 (India Standard Time)","5348.00","5351.00","5342.00","5342.00"
"Mon Sep 29 2025 10:45:00 GMT+0530 (India Standard Time)","5342.00","5344.00","5330.00","5342.00"
"Mon Sep 29 2025 10:50:00 GMT+0530 (India Standard Time)","5342.00","5342.50","5330.50","5331.50"
"Mon Sep 29 2025 10:55:00 GMT+0530 (India Standard Time)","5331.50","5335.00","5322.00","5324.00"
"Mon Sep 29 2025 11:00:00 GMT+0530 (India Standard Time)","5324.00","5334.00","5323.00","5334.00"
"Mon Sep 29 2025 11:05:00 GMT+0530 (India Standard Time)","5334.00","5340.00","5330.50","5331.50"
"Mon Sep 29 2025 11:10:00 GMT+0530 (India Standard Time)","5331.50","5337.00","5323.00","5328.00"
"Mon Sep 29 2025 11:15:00 GMT+0530 (India Standard Time)","5328.00","5329.50","5314.00","5316.50"
"Mon Sep 29 2025 11:20:00 GMT+0530 (India Standard Time)","5316.00","5320.00","5310.00","5310.50"
"Mon Sep 29 2025 11:25:00 GMT+0530 (India Standard Time)","5311.00","5312.00","5306.00","5309.00"
"Mon Sep 29 2025 11:30:00 GMT+0530 (India Standard Time)","5309.00","5309.00","5290.00","5291.50"
"Mon Sep 29 2025 11:35:00 GMT+0530 (India Standard Time)","5291.50","5304.00","5290.50","5293.50"
"Mon Sep 29 2025 11:40:00 GMT+0530 (India Standard Time)","5291.50","5292.50","5286.00","5286.00"
"Mon Sep 29 2025 11:45:00 GMT+0530 (India Standard Time)","5287.00","5288.00","5263.50","5263.50"
"Mon Sep 29 2025 11:50:00 GMT+0530 (India Standard Time)","5263.00","5270.00","5258.50","5264.50"
"Mon Sep 29 2025 11:55:00 GMT+0530 (India Standard Time)","5266.50","5284.50","5264.50","5279.00"
"Mon Sep 29 2025 12:00:00 GMT+0530 (India Standard Time)","5279.00","5300.50","5278.50","5295.00"
"Mon Sep 29 2025 12:05:00 GMT+0530 (India Standard Time)","5295.00","5299.50","5291.00","5296.00"
"Mon Sep 29 2025 12:10:00 GMT+0530 (India Standard Time)","5296.00","5296.00","5272.50","5277.50"
"Mon Sep 29 2025 12:15:00 GMT+0530 (India Standard Time)","5277.50","5287.50","5272.50","5283.50"
"Mon Sep 29 2025 12:20:00 GMT+0530 (India Standard Time)","5283.50","5294.00","5283.50","5288.00"
"Mon Sep 29 2025 12:25:00 GMT+0530 (India Standard Time)","5288.00","5294.00","5286.50","5293.00"
"Mon Sep 29 2025 12:30:00 GMT+0530 (India Standard Time)","5293.00","5293.00","5283.00","5285.00"
"Mon Sep 29 2025 12:35:00 GMT+0530 (India Standard Time)","5287.50","5287.50","5276.50","5279.50"
"Mon Sep 29 2025 12:40:00 GMT+0530 (India Standard Time)","5279.50","5283.00","5276.50","5278.50"
"Mon Sep 29 2025 12:45:00 GMT+0530 (India Standard Time)","5278.50","5284.00","5276.00","5281.00"
"Mon Sep 29 2025 12:50:00 GMT+0530 (India Standard Time)","5281.00","5292.00","5279.00","5285.00"
"Mon Sep 29 2025 12:55:00 GMT+0530 (India Standard Time)","5285.00","5288.00","5281.00","5281.50"
"Mon Sep 29 2025 13:00:00 GMT+0530 (India Standard Time)","5281.50","5293.50","5279.00","5288.00"
"Mon Sep 29 2025 13:05:00 GMT+0530 (India Standard Time)","5291.00","5292.00","5282.50","5288.50"
"Mon Sep 29 2025 13:10:00 GMT+0530 (India Standard Time)","5288.50","5297.50","5288.50","5293.00"
"Mon Sep 29 2025 13:15:00 GMT+0530 (India Standard Time)","5293.00","5300.50","5290.00","5298.50"
"Mon Sep 29 2025 13:20:00 GMT+0530 (India Standard Time)","5298.50","5320.00","5298.50","5318.50"
"Mon Sep 29 2025 13:25:00 GMT+0530 (India Standard Time)","5318.50","5319.50","5310.00","5315.50"
"Mon Sep 29 2025 13:30:00 GMT+0530 (India Standard Time)","5316.50","5320.00","5311.00","5311.50"
"Mon Sep 29 2025 13:35:00 GMT+0530 (India Standard Time)","5311.50","5312.00","5301.00","5301.00"
"Mon Sep 29 2025 13:40:00 GMT+0530 (India Standard Time)","5301.00","5303.00","5284.50","5286.00"
"Mon Sep 29 2025 13:45:00 GMT+0530 (India Standard Time)","5286.00","5289.00","5284.00","5284.00"
"Mon Sep 29 2025 13:50:00 GMT+0530 (India Standard Time)","5284.00","5297.50","5283.00","5286.50"
"Mon Sep 29 2025 13:55:00 GMT+0530 (India Standard Time)","5286.50","5297.50","5286.00","5294.50"
"Mon Sep 29 2025 14:00:00 GMT+0530 (India Standard Time)","5294.50","5305.00","5294.50","5305.00"
"Mon Sep 29 2025 14:05:00 GMT+0530 (India Standard Time)","5305.00","5310.00","5300.00","5301.50"
"Mon Sep 29 2025 14:10:00 GMT+0530 (India Standard Time)","5301.50","5307.00","5301.50","5302.00"
"Mon Sep 29 2025 14:15:00 GMT+0530 (India Standard Time)","5301.50","5307.00","5301.50","5304.00"
"Mon Sep 29 2025 14:20:00 GMT+0530 (India Standard Time)","5304.00","5316.50","5304.00","5313.50"
"Mon Sep 29 2025 14:25:00 GMT+0530 (India Standard Time)","5315.00","5318.50","5310.00","5317.00"
"Mon Sep 29 2025 14:30:00 GMT+0530 (India Standard Time)","5318.50","5318.50","5310.00","5317.50"
"Mon Sep 29 2025 14:35:00 GMT+0530 (India Standard Time)","5315.00","5318.50","5310.00","5311.50"
"Mon Sep 29 2025 14:40:00 GMT+0530 (India Standard Time)","5313.00","5316.50","5310.00","5311.00"
"Mon Sep 29 2025 14:45:00 GMT+0530 (India Standard Time)","5311.50","5321.50","5310.00","5319.50"
"Mon Sep 29 2025 14:50:00 GMT+0530 (India Standard Time)","5316.00","5329.00","5315.00","5317.00"
"Mon Sep 29 2025 14:55:00 GMT+0530 (India Standard Time)","5315.50","5322.50","5315.00","5316.50"
"Mon Sep 29 2025 15:00:00 GMT+0530 (India Standard Time)","5315.00","5317.50","5302.00","5305.00"
"Mon Sep 29 2025 15:05:00 GMT+0530 (India Standard Time)","5305.00","5313.00","5304.00","5310.00"
"Mon Sep 29 2025 15:10:00 GMT+0530 (India Standard Time)","5309.50","5315.00","5296.00","5296.00"
"Mon Sep 29 2025 15:15:00 GMT+0530 (India Standard Time)","5296.00","5298.00","5278.50","5282.50"
"Mon Sep 29 2025 15:20:00 GMT+0530 (India Standard Time)","5282.50","5289.50","5279.00","5283.50"
"Mon Sep 29 2025 15:25:00 GMT+0530 (India Standard Time)","5283.50","5300.00","5279.50","5296.50"
"Tue Sep 30 2025 09:15:00 GMT+0530 (India Standard Time)","5315.00","5322.00","5286.50","5300.50"
"Tue Sep 30 2025 09:20:00 GMT+0530 (India Standard Time)","5300.50","5303.00","5285.00","5288.50"
"Tue Sep 30 2025 09:25:00 GMT+0530 (India Standard Time)","5288.50","5289.00","5269.50","5275.00"
"Tue Sep 30 2025 09:30:00 GMT+0530 (India Standard Time)","5272.00","5284.50","5270.00","5275.00"
"Tue Sep 30 2025 09:35:00 GMT+0530 (India Standard Time)","5272.50","5286.50","5272.50","5275.50"
"Tue Sep 30 2025 09:40:00 GMT+0530 (India Standard Time)","5275.50","5288.00","5270.00","5283.50"
"Tue Sep 30 2025 09:45:00 GMT+0530 (India Standard Time)","5283.50","5287.50","5272.00","5272.00"
"Tue Sep 30 2025 09:50:00 GMT+0530 (India Standard Time)","5276.50","5279.00","5266.00","5273.00"
"Tue Sep 30 2025 09:55:00 GMT+0530 (India Standard Time)","5273.00","5288.00","5267.00","5280.00"
"Tue Sep 30 2025 10:00:00 GMT+0530 (India Standard Time)","5280.00","5288.50","5277.50","5279.50"
"Tue Sep 30 2025 10:05:00 GMT+0530 (India Standard Time)","5279.50","5283.50","5268.00","5270.00"
"Tue Sep 30 2025 10:10:00 GMT+0530 (India Standard Time)","5270.00","5271.50","5261.00","5261.00"
"Tue Sep 30 2025 10:15:00 GMT+0530 (India Standard Time)","5263.00","5263.00","5256.00","5262.00"
"Tue Sep 30 2025 10:20:00 GMT+0530 (India Standard Time)","5262.50","5275.00","5250.00","5267.50"
"Tue Sep 30 2025 10:25:00 GMT+0530 (India Standard Time)","5267.50","5272.50","5260.00","5262.00"
"Tue Sep 30 2025 10:30:00 GMT+0530 (India Standard Time)","5262.00","5263.50","5259.50","5259.50"
"Tue Sep 30 2025 10:35:00 GMT+0530 (India Standard Time)","5259.50","5264.50","5259.50","5261.50"
"Tue Sep 30 2025 10:40:00 GMT+0530 (India Standard Time)","5261.50","5267.00","5259.50","5266.50"
"Tue Sep 30 2025 10:45:00 GMT+0530 (India Standard Time)","5265.50","5271.50","5260.00","5266.00"
"Tue Sep 30 2025 10:50:00 GMT+0530 (India Standard Time)","5266.00","5278.00","5265.50","5277.00"
"Tue Sep 30 2025 10:55:00 GMT+0530 (India Standard Time)","5277.50","5281.00","5272.00","5275.50"
"Tue Sep 30 2025 11:00:00 GMT+0530 (India Standard Time)","5275.50","5314.50","5275.50","5305.50"
"Tue Sep 30 2025 11:05:00 GMT+0530 (India Standard Time)","5305.50","5307.00","5302.50","5305.50"
"Tue Sep 30 2025 11:10:00 GMT+0530 (India Standard Time)","5306.50","5311.50","5303.50","5306.50"
"Tue Sep 30 2025 11:15:00 GMT+0530 (India Standard Time)","5306.50","5306.50","5300.00","5302.50"
"Tue Sep 30 2025 11:20:00 GMT+0530 (India Standard Time)","5302.50","5308.00","5298.50","5302.50"
"Tue Sep 30 2025 11:25:00 GMT+0530 (India Standard Time)","5302.50","5303.00","5292.50","5292.50"
"Tue Sep 30 2025 11:30:00 GMT+0530 (India Standard Time)","5292.50","5297.00","5290.00","5292.50"
"Tue Sep 30 2025 11:35:00 GMT+0530 (India Standard Time)","5294.00","5296.00","5290.50","5290.50"
"Tue Sep 30 2025 11:40:00 GMT+0530 (India Standard Time)","5290.50","5296.00","5290.00","5294.00"
"Tue Sep 30 2025 11:45:00 GMT+0530 (India Standard Time)","5294.00","5294.50","5281.50","5281.50"
"Tue Sep 30 2025 11:50:00 GMT+0530 (India Standard Time)","5284.00","5285.00","5273.00","5277.50"
"Tue Sep 30 2025 11:55:00 GMT+0530 (India Standard Time)","5278.00","5294.00","5278.00","5293.00"
"Tue Sep 30 2025 12:00:00 GMT+0530 (India Standard Time)","5293.00","5295.00","5290.00","5291.50"
"Tue Sep 30 2025 12:05:00 GMT+0530 (India Standard Time)","5285.00","5294.50","5285.00","5292.00"
"Tue Sep 30 2025 12:10:00 GMT+0530 (India Standard Time)","5292.00","5296.00","5285.00","5295.00"
"Tue Sep 30 2025 12:15:00 GMT+0530 (India Standard Time)","5295.00","5295.00","5290.00","5293.50"
"Tue Sep 30 2025 12:20:00 GMT+0530 (India Standard Time)","5293.50","5296.00","5290.00","5291.00"
"Tue Sep 30 2025 12:25:00 GMT+0530 (India Standard Time)","5291.00","5293.00","5285.00","5285.00"
"Tue Sep 30 2025 12:30:00 GMT+0530 (India Standard Time)","5285.00","5287.00","5270.00","5271.50"
"Tue Sep 30 2025 12:35:00 GMT+0530 (India Standard Time)","5271.50","5273.50","5263.50","5268.50"
"Tue Sep 30 2025 12:40:00 GMT+0530 (India Standard Time)","5268.50","5273.50","5265.00","5269.00"
"Tue Sep 30 2025 12:45:00 GMT+0530 (India Standard Time)","5269.00","5269.50","5262.00","5262.50"
"Tue Sep 30 2025 12:50:00 GMT+0530 (India Standard Time)","5262.00","5280.00","5260.00","5276.00"
"Tue Sep 30 2025 12:55:00 GMT+0530 (India Standard Time)","5278.00","5294.50","5266.00","5290.50"
"Tue Sep 30 2025 13:00:00 GMT+0530 (India Standard Time)","5290.50","5293.00","5280.50","5293.00"
"Tue Sep 30 2025 13:05:00 GMT+0530 (India Standard Time)","5293.00","5293.00","5275.00","5278.50"
"Tue Sep 30 2025 13:10:00 GMT+0530 (India Standard Time)","5278.50","5290.50","5270.00","5271.00"
"Tue Sep 30 2025 13:15:00 GMT+0530 (India Standard Time)","5271.00","5280.00","5263.00","5269.50"
"Tue Sep 30 2025 13:20:00 GMT+0530 (India Standard Time)","5269.50","5291.50","5263.00","5286.50"
"Tue Sep 30 2025 13:25:00 GMT+0530 (India Standard Time)","5286.50","5290.00","5264.50","5269.00"
"Tue Sep 30 2025 13:30:00 GMT+0530 (India Standard Time)","5269.00","5270.00","5260.00","5261.50"
"Tue Sep 30 2025 13:35:00 GMT+0530 (India Standard Time)","5261.50","5262.00","5252.00","5253.00"
"Tue Sep 30 2025 13:40:00 GMT+0530 (India Standard Time)","5253.00","5255.50","5240.50","5244.00"
"Tue Sep 30 2025 13:45:00 GMT+0530 (India Standard Time)","5242.00","5252.50","5235.00","5236.50"
"Tue Sep 30 2025 13:50:00 GMT+0530 (India Standard Time)","5236.50","5237.50","5225.00","5227.50"
"Tue Sep 30 2025 13:55:00 GMT+0530 (India Standard Time)","5227.50","5236.00","5220.00","5230.00"
"Tue Sep 30 2025 14:00:00 GMT+0530 (India Standard Time)","5230.00","5245.00","5227.50","5239.00"
"Tue Sep 30 2025 14:05:00 GMT+0530 (India Standard Time)","5239.00","5239.00","5233.00","5235.00"
"Tue Sep 30 2025 14:10:00 GMT+0530 (India Standard Time)","5235.00","5235.50","5226.00","5228.50"
"Tue Sep 30 2025 14:15:00 GMT+0530 (India Standard Time)","5228.50","5232.50","5221.00","5222.50"
"Tue Sep 30 2025 14:20:00 GMT+0530 (India Standard Time)","5222.50","5227.50","5211.00","5222.00"
"Tue Sep 30 2025 14:25:00 GMT+0530 (India Standard Time)","5220.50","5228.50","5218.50","5227.00"
"Tue Sep 30 2025 14:30:00 GMT+0530 (India Standard Time)","5225.50","5230.00","5218.50","5224.50"
"Tue Sep 30 2025 14:35:00 GMT+0530 (India Standard Time)","5224.50","5230.00","5222.00","5230.00"
"Tue Sep 30 2025 14:40:00 GMT+0530 (India Standard Time)","5228.50","5241.00","5228.50","5240.00"
"Tue Sep 30 2025 14:45:00 GMT+0530 (India Standard Time)","5238.50","5244.00","5231.50","5243.50"
"Tue Sep 30 2025 14:50:00 GMT+0530 (India Standard Time)","5243.50","5244.50","5225.50","5230.00"
"Tue Sep 30 2025 14:55:00 GMT+0530 (India Standard Time)","5227.50","5234.00","5221.00","5225.50"
"Tue Sep 30 2025 15:00:00 GMT+0530 (India Standard Time)","5226.00","5229.00","5210.00","5218.00"
"Tue Sep 30 2025 15:05:00 GMT+0530 (India Standard Time)","5218.00","5237.00","5216.00","5231.50"
"Tue Sep 30 2025 15:10:00 GMT+0530 (India Standard Time)","5230.00","5232.00","5217.00","5217.50"
"Tue Sep 30 2025 15:15:00 GMT+0530 (India Standard Time)","5217.00","5235.00","5216.00","5233.50"
"Tue Sep 30 2025 15:20:00 GMT+0530 (India Standard Time)","5233.50","5238.50","5230.00","5232.00"
"Tue Sep 30 2025 15:25:00 GMT+0530 (India Standard Time)","5231.50","5231.50","5220.00","5226.00"
"Wed Oct 01 2025 09:15:00 GMT+0530 (India Standard Time)","5266.50","5266.50","5209.50","5230.00"
"Wed Oct 01 2025 09:20:00 GMT+0530 (India Standard Time)","5230.50","5237.50","5218.50","5222.00"
"Wed Oct 01 2025 09:25:00 GMT+0530 (India Standard Time)","5224.00","5234.00","5213.00","5229.00"
"Wed Oct 01 2025 09:30:00 GMT+0530 (India Standard Time)","5230.50","5237.00","5227.50","5232.00"
"Wed Oct 01 2025 09:35:00 GMT+0530 (India Standard Time)","5232.00","5232.00","5212.50","5215.00"
"Wed Oct 01 2025 09:40:00 GMT+0530 (India Standard Time)","5215.00","5234.00","5215.00","5234.00"
"Wed Oct 01 2025 09:45:00 GMT+0530 (India Standard Time)","5234.00","5235.00","5220.00","5226.00"
"Wed Oct 01 2025 09:50:00 GMT+0530 (India Standard Time)","5225.00","5227.00","5210.50","5213.00"
"Wed Oct 01 2025 09:55:00 GMT+0530 (India Standard Time)","5212.00","5220.00","5206.00","5209.00"
"Wed Oct 01 2025 10:00:00 GMT+0530 (India Standard Time)","5208.00","5210.00","5194.00","5199.50"
"Wed Oct 01 2025 10:05:00 GMT+0530 (India Standard Time)","5199.50","5199.50","5181.00","5184.50"
"Wed Oct 01 2025 10:10:00 GMT+0530 (India Standard Time)","5185.00","5190.00","5176.00","5187.50"
"Wed Oct 01 2025 10:15:00 GMT+0530 (India Standard Time)","5187.50","5195.00","5185.50","5185.50"
"Wed Oct 01 2025 10:20:00 GMT+0530 (India Standard Time)","5189.00","5206.00","5187.50","5202.00"
"Wed Oct 01 2025 10:25:00 GMT+0530 (India Standard Time)","5202.00","5203.00","5193.00","5198.00"
"Wed Oct 01 2025 10:30:00 GMT+0530 (India Standard Time)","5198.50","5205.00","5195.00","5197.00"
"Wed Oct 01 2025 10:35:00 GMT+0530 (India Standard Time)","5197.00","5203.00","5195.00","5196.50"
"Wed Oct 01 2025 10:40:00 GMT+0530 (India Standard Time)","5196.50","5196.50","5185.50","5189.00"
"Wed Oct 01 2025 10:45:00 GMT+0530 (India Standard Time)","5187.00","5193.00","5185.00","5191.00"
"Wed Oct 01 2025 10:50:00 GMT+0530 (India Standard Time)","5191.00","5195.00","5190.50","5194.00"
"Wed Oct 01 2025 10:55:00 GMT+0530 (India Standard Time)","5194.00","5200.00","5192.00","5194.50"
"Wed Oct 01 2025 11:00:00 GMT+0530 (India Standard Time)","5194.50","5202.00","5192.50","5197.50"
"Wed Oct 01 2025 11:05:00 GMT+0530 (India Standard Time)","5197.00","5199.50","5192.50","5198.00"
"Wed Oct 01 2025 11:10:00 GMT+0530 (India Standard Time)","5198.00","5198.00","5193.00","5196.00"
"Wed Oct 01 2025 11:15:00 GMT+0530 (India Standard Time)","5196.00","5214.00","5196.00","5208.00"
"Wed Oct 01 2025 11:20:00 GMT+0530 (India Standard Time)","5208.00","5210.50","5202.00","5205.00"
"Wed Oct 01 2025 11:25:00 GMT+0530 (India Standard Time)","5207.00","5209.00","5204.50","5208.50"
"Wed Oct 01 2025 11:30:00 GMT+0530 (India Standard Time)","5208.50","5208.50","5202.50","5205.50"
"Wed Oct 01 2025 11:35:00 GMT+0530 (India Standard Time)","5206.00","5207.50","5200.00","5205.50"
"Wed Oct 01 2025 11:40:00 GMT+0530 (India Standard Time)","5205.50","5208.00","5198.00","5199.00"
"Wed Oct 01 2025 11:45:00 GMT+0530 (India Standard Time)","5199.00","5228.00","5199.00","5228.00"
"Wed Oct 01 2025 11:50:00 GMT+0530 (India Standard Time)","5228.00","5238.50","5225.00","5238.00"
"Wed Oct 01 2025 11:55:00 GMT+0530 (India Standard Time)","5238.00","5242.00","5230.00","5242.00"
"Wed Oct 01 2025 12:00:00 GMT+0530 (India Standard Time)","5242.00","5243.50","5204.50","5207.00"
"Wed Oct 01 2025 12:05:00 GMT+0530 (India Standard Time)","5208.00","5215.50","5196.00","5196.00"
"Wed Oct 01 2025 12:10:00 GMT+0530 (India Standard Time)","5194.00","5220.00","5182.00","5212.50"
"Wed Oct 01 2025 12:15:00 GMT+0530 (India Standard Time)","5212.50","5215.00","5200.00","5200.00"
"Wed Oct 01 2025 12:20:00 GMT+0530 (India Standard Time)","5200.00","5204.50","5195.00","5198.00"
"Wed Oct 01 2025 12:25:00 GMT+0530 (India Standard Time)","5195.00","5214.00","5195.00","5213.00"
"Wed Oct 01 2025 12:30:00 GMT+0530 (India Standard Time)","5213.50","5213.50","5200.00","5208.00"
"Wed Oct 01 2025 12:35:00 GMT+0530 (India Standard Time)","5208.50","5214.00","5204.50","5213.00"
"Wed Oct 01 2025 12:40:00 GMT+0530 (India Standard Time)","5213.00","5217.50","5209.50","5214.00"
"Wed Oct 01 2025 12:45:00 GMT+0530 (India Standard Time)","5214.00","5215.00","5205.00","5211.00"
"Wed Oct 01 2025 12:50:00 GMT+0530 (India Standard Time)","5210.00","5215.00","5207.50","5215.00"
"Wed Oct 01 2025 12:55:00 GMT+0530 (India Standard Time)","5215.00","5218.50","5212.00","5217.50"
"Wed Oct 01 2025 13:00:00 GMT+0530 (India Standard Time)","5217.50","5221.50","5212.00","5215.00"
"Wed Oct 01 2025 13:05:00 GMT+0530 (India Standard Time)","5215.00","5219.50","5215.00","5219.00"
"Wed Oct 01 2025 13:10:00 GMT+0530 (India Standard Time)","5219.00","5222.50","5217.50","5222.50"
"Wed Oct 01 2025 13:15:00 GMT+0530 (India Standard Time)","5222.00","5231.50","5219.00","5229.00"
"Wed Oct 01 2025 13:20:00 GMT+0530 (India Standard Time)","5229.00","5232.00","5225.50","5228.50"
"Wed Oct 01 2025 13:25:00 GMT+0530 (India Standard Time)","5228.50","5228.50","5220.50","5224.00"
"Wed Oct 01 2025 13:30:00 GMT+0530 (India Standard Time)","5224.00","5226.00","5212.00","5217.00"
"Wed Oct 01 2025 13:35:00 GMT+0530 (India Standard Time)","5217.00","5219.00","5213.50","5215.00"
"Wed Oct 01 2025 13:40:00 GMT+0530 (India Standard Time)","5215.00","5219.50","5212.50","5218.00"
"Wed Oct 01 2025 13:45:00 GMT+0530 (India Standard Time)","5218.00","5221.00","5214.00","5221.00"
"Wed Oct 01 2025 13:50:00 GMT+0530 (India Standard Time)","5221.00","5221.50","5211.50","5212.50"
"Wed Oct 01 2025 13:55:00 GMT+0530 (India Standard Time)","5212.50","5223.00","5212.50","5218.50"
"Wed Oct 01 2025 14:00:00 GMT+0530 (India Standard Time)","5218.50","5223.50","5205.50","5207.50"
"Wed Oct 01 2025 14:05:00 GMT+0530 (India Standard Time)","5207.50","5214.00","5202.00","5214.00"
"Wed Oct 01 2025 14:10:00 GMT+0530 (India Standard Time)","5214.50","5219.50","5205.00","5217.50"
"Wed Oct 01 2025 14:15:00 GMT+0530 (India Standard Time)","5217.50","5225.00","5216.00","5225.00"
"Wed Oct 01 2025 14:20:00 GMT+0530 (India Standard Time)","5225.00","5230.00","5211.00","5211.00"
"Wed Oct 01 2025 14:25:00 GMT+0530 (India Standard Time)","5211.00","5213.50","5203.50","5209.00"
"Wed Oct 01 2025 14:30:00 GMT+0530 (India Standard Time)","5208.50","5224.00","5204.50","5221.50"
"Wed Oct 01 2025 14:35:00 GMT+0530 (India Standard Time)","5219.50","5223.00","5218.00","5221.00"
"Wed Oct 01 2025 14:40:00 GMT+0530 (India Standard Time)","5221.00","5226.50","5219.50","5223.00"
"Wed Oct 01 2025 14:45:00 GMT+0530 (India Standard Time)","5223.00","5225.50","5220.00","5225.50"
"Wed Oct 01 2025 14:50:00 GMT+0530 (India Standard Time)","5225.50","5228.00","5221.00","5227.50"
"Wed Oct 01 2025 14:55:00 GMT+0530 (India Standard Time)","5226.50","5228.00","5206.50","5215.50"
"Wed Oct 01 2025 15:00:00 GMT+0530 (India Standard Time)","5215.00","5220.00","5212.00","5219.00"
"Wed Oct 01 2025 15:05:00 GMT+0530 (India Standard Time)","5219.00","5224.50","5216.50","5220.50"
"Wed Oct 01 2025 15:10:00 GMT+0530 (India Standard Time)","5223.00","5235.00","5220.00","5227.00"
"Wed Oct 01 2025 15:15:00 GMT+0530 (India Standard Time)","5229.50","5235.50","5227.50","5235.50"
"Wed Oct 01 2025 15:20:00 GMT+0530 (India Standard Time)","5235.50","5237.50","5220.50","5227.00"
"Wed Oct 01 2025 15:25:00 GMT+0530 (India Standard Time)","5227.00","5231.00","5213.00","5215.00"
"Fri Oct 03 2025 09:15:00 GMT+0530 (India Standard Time)","5222.50","5229.00","5190.00","5219.00"
"Fri Oct 03 2025 09:20:00 GMT+0530 (India Standard Time)","5215.00","5224.50","5211.00","5211.50"
"Fri Oct 03 2025 09:25:00 GMT+0530 (India Standard Time)","5211.50","5213.00","5198.50","5213.00"
"Fri Oct 03 2025 09:30:00 GMT+0530 (India Standard Time)","5213.50","5226.00","5205.50","5217.00"
"Fri Oct 03 2025 09:35:00 GMT+0530 (India Standard Time)","5221.00","5264.00","5213.00","5249.00"
"Fri Oct 03 2025 09:40:00 GMT+0530 (India Standard Time)","5246.00","5253.50","5240.00","5250.00"
"Fri Oct 03 2025 09:45:00 GMT+0530 (India Standard Time)","5250.00","5257.50","5222.00","5240.00"
"Fri Oct 03 2025 09:50:00 GMT+0530 (India Standard Time)","5233.00","5250.00","5213.50","5238.50"
"Fri Oct 03 2025 09:55:00 GMT+0530 (India Standard Time)","5238.50","5250.00","5235.50","5249.50"
"Fri Oct 03 2025 10:00:00 GMT+0530 (India Standard Time)","5249.50","5253.50","5242.50","5248.50"
"Fri Oct 03 2025 10:05:00 GMT+0530 (India Standard Time)","5248.50","5255.00","5247.00","5251.00"
"Fri Oct 03 2025 10:10:00 GMT+0530 (India Standard Time)","5251.00","5251.00","5240.00","5244.00"
"Fri Oct 03 2025 10:15:00 GMT+0530 (India Standard Time)","5242.50","5242.50","5235.50","5236.00"
"Fri Oct 03 2025 10:20:00 GMT+0530 (India Standard Time)","5236.00","5237.00","5232.50","5235.00"
"Fri Oct 03 2025 10:25:00 GMT+0530 (India Standard Time)","5235.00","5242.00","5233.50","5242.00"
"Fri Oct 03 2025 10:30:00 GMT+0530 (India Standard Time)","5246.00","5252.00","5242.50","5252.00"
"Fri Oct 03 2025 10:35:00 GMT+0530 (India Standard Time)","5252.00","5252.50","5241.00","5242.50"
"Fri Oct 03 2025 10:40:00 GMT+0530 (India Standard Time)","5240.00","5246.50","5238.00","5241.00"
"Fri Oct 03 2025 10:45:00 GMT+0530 (India Standard Time)","5238.00","5247.50","5235.50","5247.50"
"Fri Oct 03 2025 10:50:00 GMT+0530 (India Standard Time)","5247.50","5253.50","5245.00","5249.00"
"Fri Oct 03 2025 10:55:00 GMT+0530 (India Standard Time)","5248.00","5248.00","5242.00","5245.00"
"Fri Oct 03 2025 11:00:00 GMT+0530 (India Standard Time)","5247.50","5249.50","5243.50","5247.00"
"Fri Oct 03 2025 11:05:00 GMT+0530 (India Standard Time)","5247.00","5249.00","5243.00","5245.00"
"Fri Oct 03 2025 11:10:00 GMT+0530 (India Standard Time)","5245.00","5245.00","5240.00","5243.00"
"Fri Oct 03 2025 11:15:00 GMT+0530 (India Standard Time)","5243.00","5244.00","5240.00","5244.00"
"Fri Oct 03 2025 11:20:00 GMT+0530 (India Standard Time)","5244.00","5250.00","5240.00","5240.50"
"Fri Oct 03 2025 11:25:00 GMT+0530 (India Standard Time)","5240.50","5243.00","5240.00","5242.50"
"Fri Oct 03 2025 11:30:00 GMT+0530 (India Standard Time)","5242.50","5242.50","5240.00","5242.50"
"Fri Oct 03 2025 11:35:00 GMT+0530 (India Standard Time)","5242.50","5243.50","5240.00","5243.50"
"Fri Oct 03 2025 11:40:00 GMT+0530 (India Standard Time)","5243.50","5245.50","5240.00","5242.00"
"Fri Oct 03 2025 11:45:00 GMT+0530 (India Standard Time)","5242.00","5249.50","5242.00","5248.00"
"Fri Oct 03 2025 11:50:00 GMT+0530 (India Standard Time)","5248.00","5248.00","5244.00","5244.00"
"Fri Oct 03 2025 11:55:00 GMT+0530 (India Standard Time)","5244.00","5247.00","5240.00","5243.00"
"Fri Oct 03 2025 12:00:00 GMT+0530 (India Standard Time)","5243.00","5243.00","5240.00","5241.00"
"Fri Oct 03 2025 12:05:00 GMT+0530 (India Standard Time)","5241.00","5255.00","5241.00","5252.00"
"Fri Oct 03 2025 12:10:00 GMT+0530 (India Standard Time)","5252.00","5252.50","5243.00","5244.00"
"Fri Oct 03 2025 12:15:00 GMT+0530 (India Standard Time)","5244.00","5249.50","5240.50","5244.00"
"Fri Oct 03 2025 12:20:00 GMT+0530 (India Standard Time)","5244.00","5244.00","5240.00","5240.00"
"Fri Oct 03 2025 12:25:00 GMT+0530 (India Standard Time)","5240.00","5249.50","5240.00","5248.50"
"Fri Oct 03 2025 12:30:00 GMT+0530 (India Standard Time)","5248.50","5250.00","5244.00","5248.50"
"Fri Oct 03 2025 12:35:00 GMT+0530 (India Standard Time)","5248.50","5249.00","5245.00","5249.00"
"Fri Oct 03 2025 12:40:00 GMT+0530 (India Standard Time)","5249.00","5250.00","5246.50","5249.00"
"Fri Oct 03 2025 12:45:00 GMT+0530 (India Standard Time)","5249.00","5263.50","5246.00","5262.00"
"Fri Oct 03 2025 12:50:00 GMT+0530 (India Standard Time)","5262.00","5284.50","5260.50","5282.00"
"Fri Oct 03 2025 12:55:00 GMT+0530 (India Standard Time)","5282.00","5308.00","5280.50","5308.00"
"Fri Oct 03 2025 13:00:00 GMT+0530 (India Standard Time)","5303.00","5305.00","5297.00","5301.50"
"Fri Oct 03 2025 13:05:00 GMT+0530 (India Standard Time)","5301.50","5318.00","5301.00","5317.00"
"Fri Oct 03 2025 13:10:00 GMT+0530 (India Standard Time)","5314.50","5317.00","5307.00","5308.50"
"Fri Oct 03 2025 13:15:00 GMT+0530 (India Standard Time)","5308.50","5310.00","5303.50","5305.50"
"Fri Oct 03 2025 13:20:00 GMT+0530 (India Standard Time)","5305.50","5310.00","5305.50","5310.00"
"Fri Oct 03 2025 13:25:00 GMT+0530 (India Standard Time)","5310.00","5311.00","5307.00","5309.00"
"Fri Oct 03 2025 13:30:00 GMT+0530 (India Standard Time)","5309.00","5309.00","5292.50","5297.50"
"Fri Oct 03 2025 13:35:00 GMT+0530 (India Standard Time)","5297.50","5297.50","5290.00","5292.00"
"Fri Oct 03 2025 13:40:00 GMT+0530 (India Standard Time)","5293.00","5312.00","5293.00","5309.50"
"Fri Oct 03 2025 13:45:00 GMT+0530 (India Standard Time)","5309.50","5318.50","5309.50","5315.50"
"Fri Oct 03 2025 13:50:00 GMT+0530 (India Standard Time)","5314.00","5317.00","5307.00","5312.00"
"Fri Oct 03 2025 13:55:00 GMT+0530 (India Standard Time)","5312.00","5315.00","5309.50","5314.50"
"Fri Oct 03 2025 14:00:00 GMT+0530 (India Standard Time)","5314.50","5314.50","5311.50","5311.50"
"Fri Oct 03 2025 14:05:00 GMT+0530 (India Standard Time)","5313.00","5313.00","5307.50","5307.50"
"Fri Oct 03 2025 14:10:00 GMT+0530 (India Standard Time)","5307.50","5313.50","5307.00","5307.00"
"Fri Oct 03 2025 14:15:00 GMT+0530 (India Standard Time)","5307.00","5310.00","5307.00","5310.00"
"Fri Oct 03 2025 14:20:00 GMT+0530 (India Standard Time)","5310.00","5317.50","5310.00","5314.50"
"Fri Oct 03 2025 14:25:00 GMT+0530 (India Standard Time)","5314.50","5317.50","5312.00","5316.00"
"Fri Oct 03 2025 14:30:00 GMT+0530 (India Standard Time)","5315.00","5317.00","5313.50","5315.00"
"Fri Oct 03 2025 14:35:00 GMT+0530 (India Standard Time)","5316.00","5339.00","5316.00","5332.00"
"Fri Oct 03 2025 14:40:00 GMT+0530 (India Standard Time)","5332.00","5332.00","5321.50","5327.00"
"Fri Oct 03 2025 14:45:00 GMT+0530 (India Standard Time)","5327.00","5335.00","5326.50","5335.00"
"Fri Oct 03 2025 14:50:00 GMT+0530 (India Standard Time)","5335.00","5340.00","5331.50","5339.00"
"Fri Oct 03 2025 14:55:00 GMT+0530 (India Standard Time)","5339.00","5346.00","5338.00","5342.00"
"Fri Oct 03 2025 15:00:00 GMT+0530 (India Standard Time)","5342.00","5342.00","5332.50","5338.00"
"Fri Oct 03 2025 15:05:00 GMT+0530 (India Standard Time)","5339.50","5347.00","5336.50","5344.50"
"Fri Oct 03 2025 15:10:00 GMT+0530 (India Standard Time)","5344.50","5366.00","5342.50","5366.00"
"Fri Oct 03 2025 15:15:00 GMT+0530 (India Standard Time)","5366.50","5369.00","5354.50","5360.00"
"Fri Oct 03 2025 15:20:00 GMT+0530 (India Standard Time)","5360.50","5365.00","5352.50","5360.00"
"Fri Oct 03 2025 15:25:00 GMT+0530 (India Standard Time)","5360.00","5367.50","5358.50","5361.00"
"Mon Oct 06 2025 09:15:00 GMT+0530 (India Standard Time)","5389.50","5389.50","5318.00","5318.00"
"Mon Oct 06 2025 09:20:00 GMT+0530 (India Standard Time)","5314.50","5331.00","5301.00","5314.50"
"Mon Oct 06 2025 09:25:00 GMT+0530 (India Standard Time)","5314.50","5322.00","5305.00","5312.00"
"Mon Oct 06 2025 09:30:00 GMT+0530 (India Standard Time)","5313.50","5321.50","5297.50","5315.50"
"Mon Oct 06 2025 09:35:00 GMT+0530 (India Standard Time)","5317.00","5325.00","5310.00","5319.50"
"Mon Oct 06 2025 09:40:00 GMT+0530 (India Standard Time)","5318.50","5324.50","5312.00","5316.00"
"Mon Oct 06 2025 09:45:00 GMT+0530 (India Standard Time)","5319.00","5337.00","5319.00","5335.50"
"Mon Oct 06 2025 09:50:00 GMT+0530 (India Standard Time)","5335.50","5343.00","5330.00","5336.50"
"Mon Oct 06 2025 09:55:00 GMT+0530 (India Standard Time)","5336.50","5342.00","5331.50","5340.00"
"Mon Oct 06 2025 10:00:00 GMT+0530 (India Standard Time)","5339.50","5349.00","5339.50","5347.00"
"Mon Oct 06 2025 10:05:00 GMT+0530 (India Standard Time)","5347.00","5359.00","5341.50","5359.00"
"Mon Oct 06 2025 10:10:00 GMT+0530 (India Standard Time)","5359.00","5370.00","5352.50","5370.00"
"Mon Oct 06 2025 10:15:00 GMT+0530 (India Standard Time)","5370.00","5382.00","5363.00","5379.00"
"Mon Oct 06 2025 10:20:00 GMT+0530 (India Standard Time)","5382.00","5387.50","5378.50","5387.50"
"Mon Oct 06 2025 10:25:00 GMT+0530 (India Standard Time)","5387.50","5398.00","5375.00","5398.00"
"Mon Oct 06 2025 10:30:00 GMT+0530 (India Standard Time)","5395.00","5407.50","5386.00","5398.00"
"Mon Oct 06 2025 10:35:00 GMT+0530 (India Standard Time)","5395.00","5406.00","5390.50","5405.00"
"Mon Oct 06 2025 10:40:00 GMT+0530 (India Standard Time)","5405.00","5435.00","5402.00","5417.50"
"Mon Oct 06 2025 10:45:00 GMT+0530 (India Standard Time)","5417.50","5427.50","5405.00","5410.00"
"Mon Oct 06 2025 10:50:00 GMT+0530 (India Standard Time)","5408.00","5410.00","5392.00","5397.00"
"Mon Oct 06 2025 10:55:00 GMT+0530 (India Standard Time)","5397.00","5402.50","5393.50","5402.00"
"Mon Oct 06 2025 11:00:00 GMT+0530 (India Standard Time)","5402.00","5406.00","5385.00","5399.50"
"Mon Oct 06 2025 11:05:00 GMT+0530 (India Standard Time)","5399.50","5402.00","5392.50","5397.00"
"Mon Oct 06 2025 11:10:00 GMT+0530 (India Standard Time)","5397.00","5400.50","5388.50","5390.00"
"Mon Oct 06 2025 11:15:00 GMT+0530 (India Standard Time)","5388.00","5391.00","5382.00","5384.00"
"Mon Oct 06 2025 11:20:00 GMT+0530 (India Standard Time)","5380.50","5385.00","5357.50","5361.50"
"Mon Oct 06 2025 11:25:00 GMT+0530 (India Standard Time)","5361.50","5371.50","5357.00","5371.50"
"Mon Oct 06 2025 11:30:00 GMT+0530 (India Standard Time)","5371.50","5377.50","5365.50","5375.00"
"Mon Oct 06 2025 11:35:00 GMT+0530 (India Standard Time)","5375.00","5384.50","5374.50","5384.00"
"Mon Oct 06 2025 11:40:00 GMT+0530 (India Standard Time)","5384.00","5387.00","5377.00","5377.00"
"Mon Oct 06 2025 11:45:00 GMT+0530 (India Standard Time)","5377.00","5379.50","5375.00","5379.00"
"Mon Oct 06 2025 11:50:00 GMT+0530 (India Standard Time)","5379.00","5379.00","5371.50","5374.50"
"Mon Oct 06 2025 11:55:00 GMT+0530 (India Standard Time)","5374.50","5387.50","5372.00","5380.00"
"Mon Oct 06 2025 12:00:00 GMT+0530 (India Standard Time)","5380.00","5385.50","5377.50","5377.50"
"Mon Oct 06 2025 12:05:00 GMT+0530 (India Standard Time)","5377.50","5379.50","5372.00","5375.50"
"Mon Oct 06 2025 12:10:00 GMT+0530 (India Standard Time)","5375.00","5377.00","5365.00","5372.00"
"Mon Oct 06 2025 12:15:00 GMT+0530 (India Standard Time)","5372.00","5372.00","5366.00","5368.50"
"Mon Oct 06 2025 12:20:00 GMT+0530 (India Standard Time)","5368.50","5380.00","5368.50","5377.00"
"Mon Oct 06 2025 12:25:00 GMT+0530 (India Standard Time)","5378.50","5383.00","5375.50","5378.00"
"Mon Oct 06 2025 12:30:00 GMT+0530 (India Standard Time)","5378.00","5379.50","5365.00","5374.50"
"Mon Oct 06 2025 12:35:00 GMT+0530 (India Standard Time)","5374.50","5375.00","5368.00","5374.00"
"Mon Oct 06 2025 12:40:00 GMT+0530 (India Standard Time)","5374.00","5376.50","5368.00","5369.50"
"Mon Oct 06 2025 12:45:00 GMT+0530 (India Standard Time)","5369.50","5374.00","5367.00","5373.50"
"Mon Oct 06 2025 12:50:00 GMT+0530 (India Standard Time)","5374.00","5375.00","5367.50","5373.00"
"Mon Oct 06 2025 12:55:00 GMT+0530 (India Standard Time)","5373.00","5375.00","5371.00","5373.50"
"Mon Oct 06 2025 13:00:00 GMT+0530 (India Standard Time)","5373.50","5380.00","5370.50","5375.50"
"Mon Oct 06 2025 13:05:00 GMT+0530 (India Standard Time)","5378.00","5383.00","5375.50","5380.00"
"Mon Oct 06 2025 13:10:00 GMT+0530 (India Standard Time)","5380.00","5380.50","5368.00","5378.50"
"Mon Oct 06 2025 13:15:00 GMT+0530 (India Standard Time)","5378.00","5381.00","5370.00","5372.00"
"Mon Oct 06 2025 13:20:00 GMT+0530 (India Standard Time)","5370.50","5372.50","5359.50","5360.50"
"Mon Oct 06 2025 13:25:00 GMT+0530 (India Standard Time)","5359.50","5360.00","5350.50","5360.00"
"Mon Oct 06 2025 13:30:00 GMT+0530 (India Standard Time)","5360.00","5377.50","5360.00","5373.50"
"Mon Oct 06 2025 13:35:00 GMT+0530 (India Standard Time)","5373.50","5376.50","5368.50","5375.50"
"Mon Oct 06 2025 13:40:00 GMT+0530 (India Standard Time)","5375.50","5377.50","5370.50","5375.00"
"Mon Oct 06 2025 13:45:00 GMT+0530 (India Standard Time)","5372.00","5375.50","5367.50","5373.00"
"Mon Oct 06 2025 13:50:00 GMT+0530 (India Standard Time)","5373.00","5374.50","5365.00","5370.00"
"Mon Oct 06 2025 13:55:00 GMT+0530 (India Standard Time)","5372.50","5382.00","5369.00","5377.50"
"Mon Oct 06 2025 14:00:00 GMT+0530 (India Standard Time)","5377.50","5384.00","5374.50","5382.50"
"Mon Oct 06 2025 14:05:00 GMT+0530 (India Standard Time)","5382.50","5384.00","5380.00","5381.00"
"Mon Oct 06 2025 14:10:00 GMT+0530 (India Standard Time)","5380.50","5381.00","5372.50","5375.00"
"Mon Oct 06 2025 14:15:00 GMT+0530 (India Standard Time)","5375.00","5381.00","5373.50","5379.50"
"Mon Oct 06 2025 14:20:00 GMT+0530 (India Standard Time)","5380.00","5382.50","5376.00","5378.00"
"Mon Oct 06 2025 14:25:00 GMT+0530 (India Standard Time)","5381.00","5381.50","5371.50","5372.50"
"Mon Oct 06 2025 14:30:00 GMT+0530 (India Standard Time)","5372.50","5382.50","5372.50","5382.50"
"Mon Oct 06 2025 14:35:00 GMT+0530 (India Standard Time)","5382.50","5387.00","5379.00","5382.00"
"Mon Oct 06 2025 14:40:00 GMT+0530 (India Standard Time)","5382.00","5387.50","5379.50","5385.00"
"Mon Oct 06 2025 14:45:00 GMT+0530 (India Standard Time)","5385.00","5387.00","5379.00","5384.50"
"Mon Oct 06 2025 14:50:00 GMT+0530 (India Standard Time)","5384.50","5387.50","5380.00","5386.00"
"Mon Oct 06 2025 14:55:00 GMT+0530 (India Standard Time)","5386.50","5389.00","5383.00","5385.50"
"Mon Oct 06 2025 15:00:00 GMT+0530 (India Standard Time)","5386.00","5398.50","5380.00","5391.00"
"Mon Oct 06 2025 15:05:00 GMT+0530 (India Standard Time)","5395.50","5398.00","5393.00","5397.00"
"Mon Oct 06 2025 15:10:00 GMT+0530 (India Standard Time)","5396.50","5400.00","5394.00","5400.00"
"Mon Oct 06 2025 15:15:00 GMT+0530 (India Standard Time)","5397.50","5399.00","5394.50","5399.00"
"Mon Oct 06 2025 15:20:00 GMT+0530 (India Standard Time)","5399.00","5399.00","5392.50","5399.00"
"Mon Oct 06 2025 15:25:00 GMT+0530 (India Standard Time)","5399.00","5399.00","5365.00","5380.50"
"Tue Oct 07 2025 09:15:00 GMT+0530 (India Standard Time)","5420.00","5427.50","5372.00","5398.00"
"Tue Oct 07 2025 09:20:00 GMT+0530 (India Standard Time)","5389.50","5414.50","5383.50","5388.50"
"Tue Oct 07 2025 09:25:00 GMT+0530 (India Standard Time)","5389.00","5392.00","5372.50","5372.50"
"Tue Oct 07 2025 09:30:00 GMT+0530 (India Standard Time)","5377.00","5377.00","5350.00","5364.50"
"Tue Oct 07 2025 09:35:00 GMT+0530 (India Standard Time)","5362.00","5364.50","5356.50","5363.50"
"Tue Oct 07 2025 09:40:00 GMT+0530 (India Standard Time)","5363.50","5376.00","5361.00","5374.50"
"Tue Oct 07 2025 09:45:00 GMT+0530 (India Standard Time)","5370.00","5374.50","5361.50","5361.50"
"Tue Oct 07 2025 09:50:00 GMT+0530 (India Standard Time)","5361.50","5376.50","5361.50","5374.00"
"Tue Oct 07 2025 09:55:00 GMT+0530 (India Standard Time)","5374.00","5378.00","5370.00","5377.50"
"Tue Oct 07 2025 10:00:00 GMT+0530 (India Standard Time)","5377.50","5377.50","5364.00","5366.00"
"Tue Oct 07 2025 10:05:00 GMT+0530 (India Standard Time)","5366.00","5367.00","5350.00","5356.50"
"Tue Oct 07 2025 10:10:00 GMT+0530 (India Standard Time)","5356.50","5361.50","5350.00","5353.00"
"Tue Oct 07 2025 10:15:00 GMT+0530 (India Standard Time)","5353.00","5353.00","5341.00","5345.50"
"Tue Oct 07 2025 10:20:00 GMT+0530 (India Standard Time)","5345.50","5347.00","5332.00","5344.50"
"Tue Oct 07 2025 10:25:00 GMT+0530 (India Standard Time)","5344.50","5354.00","5341.00","5353.50"
"Tue Oct 07 2025 10:30:00 GMT+0530 (India Standard Time)","5353.50","5353.50","5341.00","5344.00"
"Tue Oct 07 2025 10:35:00 GMT+0530 (India Standard Time)","5344.50","5345.00","5340.00","5341.00"
"Tue Oct 07 2025 10:40:00 GMT+0530 (India Standard Time)","5343.00","5345.00","5341.00","5343.00"
"Tue Oct 07 2025 10:45:00 GMT+0530 (India Standard Time)","5343.00","5344.50","5340.00","5344.00"
"Tue Oct 07 2025 10:50:00 GMT+0530 (India Standard Time)","5343.50","5343.50","5336.00","5339.00"
"Tue Oct 07 2025 10:55:00 GMT+0530 (India Standard Time)","5339.00","5341.00","5335.50","5337.50"
"Tue Oct 07 2025 11:00:00 GMT+0530 (India Standard Time)","5340.00","5340.00","5330.00","5332.00"
"Tue Oct 07 2025 11:05:00 GMT+0530 (India Standard Time)","5332.00","5334.00","5330.00","5333.00"
"Tue Oct 07 2025 11:10:00 GMT+0530 (India Standard Time)","5333.00","5334.00","5321.00","5330.50"
"Tue Oct 07 2025 11:15:00 GMT+0530 (India Standard Time)","5330.00","5335.00","5326.50","5328.00"
"Tue Oct 07 2025 11:20:00 GMT+0530 (India Standard Time)","5328.00","5328.50","5321.00","5321.00"
"Tue Oct 07 2025 11:25:00 GMT+0530 (India Standard Time)","5321.50","5329.50","5320.00","5329.50"
"Tue Oct 07 2025 11:30:00 GMT+0530 (India Standard Time)","5329.50","5331.50","5328.00","5330.00"
"Tue Oct 07 2025 11:35:00 GMT+0530 (India Standard Time)","5330.00","5330.50","5322.50","5326.50"
"Tue Oct 07 2025 11:40:00 GMT+0530 (India Standard Time)","5325.00","5332.50","5323.50","5332.50"
"Tue Oct 07 2025 11:45:00 GMT+0530 (India Standard Time)","5332.50","5338.00","5329.00","5338.00"
"Tue Oct 07 2025 11:50:00 GMT+0530 (India Standard Time)","5337.50","5340.50","5335.00","5340.00"
"Tue Oct 07 2025 11:55:00 GMT+0530 (India Standard Time)","5340.00","5340.00","5335.50","5338.00"
"Tue Oct 07 2025 12:00:00 GMT+0530 (India Standard Time)","5335.00","5343.00","5335.00","5343.00"
"Tue Oct 07 2025 12:05:00 GMT+0530 (India Standard Time)","5342.50","5346.00","5331.50","5334.00"
"Tue Oct 07 2025 12:10:00 GMT+0530 (India Standard Time)","5334.00","5338.00","5323.00","5327.00"
"Tue Oct 07 2025 12:15:00 GMT+0530 (India Standard Time)","5327.00","5327.00","5320.00","5320.00"
"Tue Oct 07 2025 12:20:00 GMT+0530 (India Standard Time)","5320.00","5320.00","5313.50","5319.50"
"Tue Oct 07 2025 12:25:00 GMT+0530 (India Standard Time)","5319.50","5322.00","5317.00","5320.50"
"Tue Oct 07 2025 12:30:00 GMT+0530 (India Standard Time)","5320.00","5322.00","5318.00","5319.00"
"Tue Oct 07 2025 12:35:00 GMT+0530 (India Standard Time)","5319.00","5325.50","5319.00","5325.00"
"Tue Oct 07 2025 12:40:00 GMT+0530 (India Standard Time)","5325.00","5333.50","5325.00","5333.50"
"Tue Oct 07 2025 12:45:00 GMT+0530 (India Standard Time)","5333.50","5334.50","5328.50","5330.00"
"Tue Oct 07 2025 12:50:00 GMT+0530 (India Standard Time)","5330.00","5339.00","5328.50","5335.00"
"Tue Oct 07 2025 12:55:00 GMT+0530 (India Standard Time)","5335.00","5345.50","5331.50","5344.50"
"Tue Oct 07 2025 13:00:00 GMT+0530 (India Standard Time)","5344.50","5349.00","5341.00","5346.00"
"Tue Oct 07 2025 13:05:00 GMT+0530 (India Standard Time)","5345.00","5372.50","5343.50","5367.50"
"Tue Oct 07 2025 13:10:00 GMT+0530 (India Standard Time)","5369.50","5370.50","5365.00","5370.50"
"Tue Oct 07 2025 13:15:00 GMT+0530 (India Standard Time)","5370.00","5374.00","5370.00","5370.00"
"Tue Oct 07 2025 13:20:00 GMT+0530 (India Standard Time)","5370.00","5370.50","5364.50","5367.50"
"Tue Oct 07 2025 13:25:00 GMT+0530 (India Standard Time)","5367.50","5378.50","5366.00","5377.50"
"Tue Oct 07 2025 13:30:00 GMT+0530 (India Standard Time)","5377.50","5378.50","5375.00","5377.00"
"Tue Oct 07 2025 13:35:00 GMT+0530 (India Standard Time)","5377.00","5379.00","5374.00","5375.00"
"Tue Oct 07 2025 13:40:00 GMT+0530 (India Standard Time)","5375.00","5376.50","5375.00","5376.50"
"Tue Oct 07 2025 13:45:00 GMT+0530 (India Standard Time)","5376.50","5381.50","5376.50","5378.00"
"Tue Oct 07 2025 13:50:00 GMT+0530 (India Standard Time)","5378.00","5379.00","5373.50","5375.50"
"Tue Oct 07 2025 13:55:00 GMT+0530 (India Standard Time)","5376.00","5379.50","5375.00","5376.50"
"Tue Oct 07 2025 14:00:00 GMT+0530 (India Standard Time)","5376.50","5380.50","5375.00","5375.00"
"Tue Oct 07 2025 14:05:00 GMT+0530 (India Standard Time)","5375.00","5388.00","5375.00","5386.00"
"Tue Oct 07 2025 14:10:00 GMT+0530 (India Standard Time)","5386.00","5388.50","5383.00","5388.00"
"Tue Oct 07 2025 14:15:00 GMT+0530 (India Standard Time)","5388.00","5389.00","5383.00","5383.00"
"Tue Oct 07 2025 14:20:00 GMT+0530 (India Standard Time)","5383.00","5385.50","5380.00","5381.00"
"Tue Oct 07 2025 14:25:00 GMT+0530 (India Standard Time)","5381.00","5382.00","5375.00","5376.00"
"Tue Oct 07 2025 14:30:00 GMT+0530 (India Standard Time)","5378.50","5387.00","5375.50","5382.50"
"Tue Oct 07 2025 14:35:00 GMT+0530 (India Standard Time)","5382.50","5383.50","5380.00","5380.00"
"Tue Oct 07 2025 14:40:00 GMT+0530 (India Standard Time)","5380.00","5382.00","5380.00","5380.00"
"Tue Oct 07 2025 14:45:00 GMT+0530 (India Standard Time)","5381.50","5387.00","5380.00","5382.00"
"Tue Oct 07 2025 14:50:00 GMT+0530 (India Standard Time)","5382.00","5382.50","5375.00","5376.50"
"Tue Oct 07 2025 14:55:00 GMT+0530 (India Standard Time)","5376.50","5384.50","5375.00","5382.50"
"Tue Oct 07 2025 15:00:00 GMT+0530 (India Standard Time)","5382.00","5385.00","5380.00","5382.00"
"Tue Oct 07 2025 15:05:00 GMT+0530 (India Standard Time)","5382.00","5384.50","5380.00","5383.00"
"Tue Oct 07 2025 15:10:00 GMT+0530 (India Standard Time)","5383.00","5388.00","5382.50","5385.00"
"Tue Oct 07 2025 15:15:00 GMT+0530 (India Standard Time)","5386.50","5395.00","5386.50","5392.50"
"Tue Oct 07 2025 15:20:00 GMT+0530 (India Standard Time)","5393.00","5397.50","5390.00","5393.00"
"Tue Oct 07 2025 15:25:00 GMT+0530 (India Standard Time)","5394.50","5403.00","5381.00","5381.00"
"Wed Oct 08 2025 09:15:00 GMT+0530 (India Standard Time)","5389.50","5417.50","5346.50","5414.50"
"Wed Oct 08 2025 09:20:00 GMT+0530 (India Standard Time)","5414.50","5438.00","5406.00","5438.00"
"Wed Oct 08 2025 09:25:00 GMT+0530 (India Standard Time)","5438.00","5455.00","5421.00","5450.00"
"Wed Oct 08 2025 09:30:00 GMT+0530 (India Standard Time)","5449.50","5506.50","5436.00","5495.50"
"Wed Oct 08 2025 09:35:00 GMT+0530 (India Standard Time)","5495.50","5513.50","5484.00","5511.00"
"Wed Oct 08 2025 09:40:00 GMT+0530 (India Standard Time)","5513.50","5527.50","5496.00","5506.00"
"Wed Oct 08 2025 09:45:00 GMT+0530 (India Standard Time)","5506.50","5518.00","5486.00","5491.00"
"Wed Oct 08 2025 09:50:00 GMT+0530 (India Standard Time)","5488.50","5500.00","5474.50","5495.50"
"Wed Oct 08 2025 09:55:00 GMT+0530 (India Standard Time)","5499.00","5540.00","5495.00","5537.00"
"Wed Oct 08 2025 10:00:00 GMT+0530 (India Standard Time)","5537.00","5553.00","5516.00","5534.00"
"Wed Oct 08 2025 10:05:00 GMT+0530 (India Standard Time)","5534.00","5536.50","5498.00","5498.00"
"Wed Oct 08 2025 10:10:00 GMT+0530 (India Standard Time)","5496.00","5499.00","5438.50","5465.00"
"Wed Oct 08 2025 10:15:00 GMT+0530 (India Standard Time)","5465.00","5467.50","5439.50","5455.50"
"Wed Oct 08 2025 10:20:00 GMT+0530 (India Standard Time)","5455.50","5455.50","5431.50","5449.00"
"Wed Oct 08 2025 10:25:00 GMT+0530 (India Standard Time)","5449.00","5465.50","5447.00","5452.50"
"Wed Oct 08 2025 10:30:00 GMT+0530 (India Standard Time)","5450.00","5468.00","5438.50","5463.50"
"Wed Oct 08 2025 10:35:00 GMT+0530 (India Standard Time)","5463.50","5473.00","5458.50","5469.00"
"Wed Oct 08 2025 10:40:00 GMT+0530 (India Standard Time)","5469.00","5469.00","5454.50","5456.00"
"Wed Oct 08 2025 10:45:00 GMT+0530 (India Standard Time)","5458.50","5470.00","5453.00","5467.00"
"Wed Oct 08 2025 10:50:00 GMT+0530 (India Standard Time)","5467.00","5475.00","5456.50","5459.50"
"Wed Oct 08 2025 10:55:00 GMT+0530 (India Standard Time)","5459.50","5463.50","5445.00","5450.00"
"Wed Oct 08 2025 11:00:00 GMT+0530 (India Standard Time)","5450.00","5459.00","5441.00","5446.50"
"Wed Oct 08 2025 11:05:00 GMT+0530 (India Standard Time)","5443.00","5451.00","5440.50","5447.00"
"Wed Oct 08 2025 11:10:00 GMT+0530 (India Standard Time)","5446.00","5459.50","5444.50","5449.00"
"Wed Oct 08 2025 11:15:00 GMT+0530 (India Standard Time)","5449.00","5449.00","5435.00","5436.00"
"Wed Oct 08 2025 11:20:00 GMT+0530 (India Standard Time)","5435.50","5435.50","5423.50","5427.00"
"Wed Oct 08 2025 11:25:00 GMT+0530 (India Standard Time)","5427.00","5431.50","5424.00","5425.00"
"Wed Oct 08 2025 11:30:00 GMT+0530 (India Standard Time)","5426.50","5426.50","5415.00","5420.50"
"Wed Oct 08 2025 11:35:00 GMT+0530 (India Standard Time)","5420.50","5425.00","5415.50","5416.50"
"Wed Oct 08 2025 11:40:00 GMT+0530 (India Standard Time)","5417.50","5429.50","5417.50","5418.50"
"Wed Oct 08 2025 11:45:00 GMT+0530 (India Standard Time)","5418.50","5421.50","5416.00","5418.50"
"Wed Oct 08 2025 11:50:00 GMT+0530 (India Standard Time)","5420.00","5437.50","5416.00","5431.00"
"Wed Oct 08 2025 11:55:00 GMT+0530 (India Standard Time)","5431.00","5436.50","5430.50","5435.50"
"Wed Oct 08 2025 12:00:00 GMT+0530 (India Standard Time)","5435.50","5447.00","5430.00","5439.50"
"Wed Oct 08 2025 12:05:00 GMT+0530 (India Standard Time)","5439.50","5447.00","5431.00","5447.00"
"Wed Oct 08 2025 12:10:00 GMT+0530 (India Standard Time)","5443.50","5447.00","5435.50","5441.00"
"Wed Oct 08 2025 12:15:00 GMT+0530 (India Standard Time)","5441.00","5441.00","5423.00","5430.00"
"Wed Oct 08 2025 12:20:00 GMT+0530 (India Standard Time)","5430.00","5430.00","5416.50","5416.50"
"Wed Oct 08 2025 12:25:00 GMT+0530 (India Standard Time)","5417.00","5424.50","5415.00","5424.50"
"Wed Oct 08 2025 12:30:00 GMT+0530 (India Standard Time)","5424.50","5424.50","5416.50","5420.00"
"Wed Oct 08 2025 12:35:00 GMT+0530 (India Standard Time)","5420.00","5423.50","5416.50","5416.50"
"Wed Oct 08 2025 12:40:00 GMT+0530 (India Standard Time)","5418.00","5422.00","5416.00","5420.00"
"Wed Oct 08 2025 12:45:00 GMT+0530 (India Standard Time)","5416.50","5429.50","5416.50","5423.00"
"Wed Oct 08 2025 12:50:00 GMT+0530 (India Standard Time)","5423.00","5437.00","5419.50","5434.00"
"Wed Oct 08 2025 12:55:00 GMT+0530 (India Standard Time)","5434.00","5444.00","5433.00","5438.00"
"Wed Oct 08 2025 13:00:00 GMT+0530 (India Standard Time)","5436.00","5439.00","5431.00","5433.00"
"Wed Oct 08 2025 13:05:00 GMT+0530 (India Standard Time)","5433.00","5440.50","5432.50","5439.00"
"Wed Oct 08 2025 13:10:00 GMT+0530 (India Standard Time)","5440.00","5443.00","5440.00","5441.00"
"Wed Oct 08 2025 13:15:00 GMT+0530 (India Standard Time)","5441.00","5450.00","5435.00","5450.00"
"Wed Oct 08 2025 13:20:00 GMT+0530 (India Standard Time)","5450.00","5456.00","5448.00","5448.00"
"Wed Oct 08 2025 13:25:00 GMT+0530 (India Standard Time)","5448.00","5457.00","5447.00","5448.50"
"Wed Oct 08 2025 13:30:00 GMT+0530 (India Standard Time)","5448.50","5467.00","5448.00","5465.50"
"Wed Oct 08 2025 13:35:00 GMT+0530 (India Standard Time)","5465.00","5470.00","5460.50","5469.00"
"Wed Oct 08 2025 13:40:00 GMT+0530 (India Standard Time)","5467.00","5486.00","5467.00","5478.50"
"Wed Oct 08 2025 13:45:00 GMT+0530 (India Standard Time)","5478.50","5487.00","5478.00","5485.00"
"Wed Oct 08 2025 13:50:00 GMT+0530 (India Standard Time)","5484.50","5490.00","5477.00","5485.50"
"Wed Oct 08 2025 13:55:00 GMT+0530 (India Standard Time)","5485.50","5485.50","5460.00","5466.50"
"Wed Oct 08 2025 14:00:00 GMT+0530 (India Standard Time)","5466.50","5504.50","5465.50","5501.00"
"Wed Oct 08 2025 14:05:00 GMT+0530 (India Standard Time)","5501.00","5505.00","5482.00","5491.00"
"Wed Oct 08 2025 14:10:00 GMT+0530 (India Standard Time)","5491.00","5492.50","5472.50","5475.00"
"Wed Oct 08 2025 14:15:00 GMT+0530 (India Standard Time)","5475.00","5487.00","5475.00","5484.00"
"Wed Oct 08 2025 14:20:00 GMT+0530 (India Standard Time)","5484.00","5487.00","5477.50","5483.00"
"Wed Oct 08 2025 14:25:00 GMT+0530 (India Standard Time)","5483.00","5485.50","5473.00","5475.50"
"Wed Oct 08 2025 14:30:00 GMT+0530 (India Standard Time)","5475.50","5481.50","5473.50","5481.00"
"Wed Oct 08 2025 14:35:00 GMT+0530 (India Standard Time)","5481.00","5489.00","5480.00","5488.00"
"Wed Oct 08 2025 14:40:00 GMT+0530 (India Standard Time)","5488.00","5488.00","5476.00","5480.00"
"Wed Oct 08 2025 14:45:00 GMT+0530 (India Standard Time)","5480.00","5487.00","5480.00","5482.50"
"Wed Oct 08 2025 14:50:00 GMT+0530 (India Standard Time)","5482.50","5482.50","5473.50","5482.50"
"Wed Oct 08 2025 14:55:00 GMT+0530 (India Standard Time)","5482.50","5482.50","5459.50","5459.50"
"Wed Oct 08 2025 15:00:00 GMT+0530 (India Standard Time)","5456.50","5464.50","5453.00","5460.00"
"Wed Oct 08 2025 15:05:00 GMT+0530 (India Standard Time)","5461.50","5465.00","5460.00","5465.00"
"Wed Oct 08 2025 15:10:00 GMT+0530 (India Standard Time)","5465.00","5465.50","5458.00","5459.50"
"Wed Oct 08 2025 15:15:00 GMT+0530 (India Standard Time)","5461.50","5467.00","5457.00","5463.00"
"Wed Oct 08 2025 15:20:00 GMT+0530 (India Standard Time)","5463.00","5464.00","5450.00","5453.00"
"Wed Oct 08 2025 15:25:00 GMT+0530 (India Standard Time)","5453.50","5471.50","5449.50","5450.00"
"Thu Oct 09 2025 09:15:00 GMT+0530 (India Standard Time)","5460.00","5498.00","5443.50","5455.50"
"Thu Oct 09 2025 09:20:00 GMT+0530 (India Standard Time)","5455.50","5478.00","5454.50","5459.50"
"Thu Oct 09 2025 09:25:00 GMT+0530 (India Standard Time)","5460.50","5460.50","5436.00","5444.00"
"Thu Oct 09 2025 09:30:00 GMT+0530 (India Standard Time)","5443.50","5461.50","5433.00","5448.00"
"Thu Oct 09 2025 09:35:00 GMT+0530 (India Standard Time)","5449.50","5503.00","5445.00","5485.50"
"Thu Oct 09 2025 09:40:00 GMT+0530 (India Standard Time)","5485.50","5490.00","5475.00","5490.00"
"Thu Oct 09 2025 09:45:00 GMT+0530 (India Standard Time)","5490.00","5493.00","5480.50","5482.50"
"Thu Oct 09 2025 09:50:00 GMT+0530 (India Standard Time)","5483.50","5495.00","5480.00","5490.00"
"Thu Oct 09 2025 09:55:00 GMT+0530 (India Standard Time)","5487.50","5537.50","5481.00","5517.50"
"Thu Oct 09 2025 10:00:00 GMT+0530 (India Standard Time)","5518.00","5529.50","5505.50","5524.00"
"Thu Oct 09 2025 10:05:00 GMT+0530 (India Standard Time)","5524.00","5524.00","5496.00","5497.00"
"Thu Oct 09 2025 10:10:00 GMT+0530 (India Standard Time)","5497.00","5508.50","5491.00","5508.50"
"Thu Oct 09 2025 10:15:00 GMT+0530 (India Standard Time)","5508.00","5520.50","5505.00","5520.50"
"Thu Oct 09 2025 10:20:00 GMT+0530 (India Standard Time)","5520.50","5526.00","5514.00","5524.00"
"Thu Oct 09 2025 10:25:00 GMT+0530 (India Standard Time)","5523.50","5525.00","5516.50","5524.00"
"Thu Oct 09 2025 10:30:00 GMT+0530 (India Standard Time)","5524.00","5535.00","5522.00","5534.00"
"Thu Oct 09 2025 10:35:00 GMT+0530 (India Standard Time)","5534.00","5604.00","5534.00","5561.00"
"Thu Oct 09 2025 10:40:00 GMT+0530 (India Standard Time)","5561.00","5567.50","5550.50","5554.00"
"Thu Oct 09 2025 10:45:00 GMT+0530 (India Standard Time)","5554.00","5577.00","5543.00","5575.00"
"Thu Oct 09 2025 10:50:00 GMT+0530 (India Standard Time)","5575.00","5578.00","5560.00","5561.50"
"Thu Oct 09 2025 10:55:00 GMT+0530 (India Standard Time)","5561.50","5566.50","5556.50","5561.00"
"Thu Oct 09 2025 11:00:00 GMT+0530 (India Standard Time)","5561.00","5569.00","5508.00","5527.00"
"Thu Oct 09 2025 11:05:00 GMT+0530 (India Standard Time)","5527.00","5538.50","5527.00","5535.50"
"Thu Oct 09 2025 11:10:00 GMT+0530 (India Standard Time)","5535.50","5542.00","5526.50","5539.50"
"Thu Oct 09 2025 11:15:00 GMT+0530 (India Standard Time)","5539.50","5547.00","5531.00","5539.50"
"Thu Oct 09 2025 11:20:00 GMT+0530 (India Standard Time)","5543.00","5543.50","5530.50","5535.00"
"Thu Oct 09 2025 11:25:00 GMT+0530 (India Standard Time)","5535.00","5543.50","5534.50","5543.50"
"Thu Oct 09 2025 11:30:00 GMT+0530 (India Standard Time)","5543.50","5545.00","5523.50","5531.50"
"Thu Oct 09 2025 11:35:00 GMT+0530 (India Standard Time)","5531.50","5532.50","5526.00","5527.00"
"Thu Oct 09 2025 11:40:00 GMT+0530 (India Standard Time)","5527.00","5535.50","5521.00","5530.50"
"Thu Oct 09 2025 11:45:00 GMT+0530 (India Standard Time)","5530.50","5536.50","5528.00","5531.00"
"Thu Oct 09 2025 11:50:00 GMT+0530 (India Standard Time)","5531.00","5540.50","5526.00","5540.50"
"Thu Oct 09 2025 11:55:00 GMT+0530 (India Standard Time)","5542.00","5542.00","5536.00","5539.50"
"Thu Oct 09 2025 12:00:00 GMT+0530 (India Standard Time)","5539.50","5541.00","5535.50","5539.00"
"Thu Oct 09 2025 12:05:00 GMT+0530 (India Standard Time)","5539.00","5542.00","5527.50","5539.00"
"Thu Oct 09 2025 12:10:00 GMT+0530 (India Standard Time)","5539.00","5539.50","5528.50","5533.50"
"Thu Oct 09 2025 12:15:00 GMT+0530 (India Standard Time)","5533.50","5533.50","5526.00","5526.00"
"Thu Oct 09 2025 12:20:00 GMT+0530 (India Standard Time)","5526.00","5530.50","5525.00","5527.00"
"Thu Oct 09 2025 12:25:00 GMT+0530 (India Standard Time)","5527.00","5541.50","5521.50","5541.50"
"Thu Oct 09 2025 12:30:00 GMT+0530 (India Standard Time)","5541.50","5550.00","5535.00","5549.50"
"Thu Oct 09 2025 12:35:00 GMT+0530 (India Standard Time)","5549.50","5554.00","5540.00","5543.00"
"Thu Oct 09 2025 12:40:00 GMT+0530 (India Standard Time)","5543.00","5543.00","5536.00","5539.00"
"Thu Oct 09 2025 12:45:00 GMT+0530 (India Standard Time)","5539.00","5549.50","5536.00","5541.00"
"Thu Oct 09 2025 12:50:00 GMT+0530 (India Standard Time)","5547.50","5547.50","5527.00","5530.50"
"Thu Oct 09 2025 12:55:00 GMT+0530 (India Standard Time)","5530.50","5539.50","5530.00","5530.00"
"Thu Oct 09 2025 13:00:00 GMT+0530 (India Standard Time)","5532.00","5532.50","5509.00","5515.00"
"Thu Oct 09 2025 13:05:00 GMT+0530 (India Standard Time)","5515.00","5521.50","5515.00","5521.00"
"Thu Oct 09 2025 13:10:00 GMT+0530 (India Standard Time)","5520.50","5520.50","5510.00","5514.00"
"Thu Oct 09 2025 13:15:00 GMT+0530 (India Standard Time)","5514.00","5523.00","5514.00","5516.00"
"Thu Oct 09 2025 13:20:00 GMT+0530 (India Standard Time)","5518.00","5519.00","5512.50","5519.00"
"Thu Oct 09 2025 13:25:00 GMT+0530 (India Standard Time)","5519.00","5527.50","5515.50","5526.00"
"Thu Oct 09 2025 13:30:00 GMT+0530 (India Standard Time)","5525.50","5527.50","5523.00","5523.00"
"Thu Oct 09 2025 13:35:00 GMT+0530 (India Standard Time)","5523.00","5523.00","5511.50","5511.50"
"Thu Oct 09 2025 13:40:00 GMT+0530 (India Standard Time)","5511.50","5522.00","5507.00","5521.50"
"Thu Oct 09 2025 13:45:00 GMT+0530 (India Standard Time)","5521.50","5527.00","5516.50","5522.50"
"Thu Oct 09 2025 13:50:00 GMT+0530 (India Standard Time)","5522.50","5537.00","5522.50","5536.00"
"Thu Oct 09 2025 13:55:00 GMT+0530 (India Standard Time)","5536.00","5538.00","5532.00","5535.00"
"Thu Oct 09 2025 14:00:00 GMT+0530 (India Standard Time)","5535.00","5556.50","5534.00","5556.50"
"Thu Oct 09 2025 14:05:00 GMT+0530 (India Standard Time)","5553.00","5563.50","5547.50","5547.50"
"Thu Oct 09 2025 14:10:00 GMT+0530 (India Standard Time)","5547.50","5552.00","5542.00","5547.00"
"Thu Oct 09 2025 14:15:00 GMT+0530 (India Standard Time)","5546.00","5560.00","5546.00","5556.00"
"Thu Oct 09 2025 14:20:00 GMT+0530 (India Standard Time)","5556.00","5557.50","5550.50","5554.00"
"Thu Oct 09 2025 14:25:00 GMT+0530 (India Standard Time)","5554.00","5556.50","5548.00","5548.00"
"Thu Oct 09 2025 14:30:00 GMT+0530 (India Standard Time)","5549.00","5555.00","5547.00","5553.50"
"Thu Oct 09 2025 14:35:00 GMT+0530 (India Standard Time)","5555.00","5575.00","5552.00","5572.00"
"Thu Oct 09 2025 14:40:00 GMT+0530 (India Standard Time)","5573.00","5577.00","5570.50","5573.50"
"Thu Oct 09 2025 14:45:00 GMT+0530 (India Standard Time)","5573.50","5578.50","5564.00","5566.00"
"Thu Oct 09 2025 14:50:00 GMT+0530 (India Standard Time)","5566.00","5574.00","5564.00","5572.00"
"Thu Oct 09 2025 14:55:00 GMT+0530 (India Standard Time)","5572.00","5579.00","5572.00","5575.00"
"Thu Oct 09 2025 15:00:00 GMT+0530 (India Standard Time)","5575.50","5580.00","5575.00","5576.00"
"Thu Oct 09 2025 15:05:00 GMT+0530 (India Standard Time)","5576.00","5576.50","5570.00","5570.00"
"Thu Oct 09 2025 15:10:00 GMT+0530 (India Standard Time)","5569.50","5582.50","5569.50","5578.50"
"Thu Oct 09 2025 15:15:00 GMT+0530 (India Standard Time)","5578.50","5578.50","5570.50","5570.50"
"Thu Oct 09 2025 15:20:00 GMT+0530 (India Standard Time)","5570.50","5572.00","5565.50","5568.00"
"Thu Oct 09 2025 15:25:00 GMT+0530 (India Standard Time)","5568.50","5580.00","5565.00","5580.00"
"Fri Oct 10 2025 09:15:00 GMT+0530 (India Standard Time)","5549.50","5622.00","5406.00","5592.50"
"Fri Oct 10 2025 09:20:00 GMT+0530 (India Standard Time)","5581.50","5596.50","5515.50","5526.00"
"Fri Oct 10 2025 09:25:00 GMT+0530 (India Standard Time)","5524.00","5540.00","5423.50","5440.50"
"Fri Oct 10 2025 09:30:00 GMT+0530 (India Standard Time)","5441.50","5485.00","5437.50","5470.00"
"Fri Oct 10 2025 09:35:00 GMT+0530 (India Standard Time)","5472.00","5477.50","5457.00","5472.50"
"Fri Oct 10 2025 09:40:00 GMT+0530 (India Standard Time)","5472.50","5476.50","5436.00","5456.00"
"Fri Oct 10 2025 09:45:00 GMT+0530 (India Standard Time)","5456.00","5456.00","5435.50","5452.50"
"Fri Oct 10 2025 09:50:00 GMT+0530 (India Standard Time)","5452.50","5469.50","5450.00","5453.50"
"Fri Oct 10 2025 09:55:00 GMT+0530 (India Standard Time)","5453.50","5462.00","5446.50","5457.50"
"Fri Oct 10 2025 10:00:00 GMT+0530 (India Standard Time)","5460.00","5472.00","5452.00","5472.00"
"Fri Oct 10 2025 10:05:00 GMT+0530 (India Standard Time)","5473.00","5484.00","5466.50","5467.00"
"Fri Oct 10 2025 10:10:00 GMT+0530 (India Standard Time)","5467.00","5489.50","5467.00","5481.00"
"Fri Oct 10 2025 10:15:00 GMT+0530 (India Standard Time)","5481.00","5503.50","5481.00","5486.50"
"Fri Oct 10 2025 10:20:00 GMT+0530 (India Standard Time)","5486.50","5489.00","5456.00","5474.00"
"Fri Oct 10 2025 10:25:00 GMT+0530 (India Standard Time)","5474.00","5480.00","5463.00","5463.50"
"Fri Oct 10 2025 10:30:00 GMT+0530 (India Standard Time)","5462.50","5468.00","5450.00","5450.00"
"Fri Oct 10 2025 10:35:00 GMT+0530 (India Standard Time)","5447.50","5453.00","5411.00","5427.00"
"Fri Oct 10 2025 10:40:00 GMT+0530 (India Standard Time)","5427.00","5431.50","5405.00","5409.50"
"Fri Oct 10 2025 10:45:00 GMT+0530 (India Standard Time)","5409.50","5430.00","5400.00","5422.50"
"Fri Oct 10 2025 10:50:00 GMT+0530 (India Standard Time)","5422.50","5447.50","5421.50","5439.50"
"Fri Oct 10 2025 10:55:00 GMT+0530 (India Standard Time)","5442.00","5452.00","5430.00","5447.00"
"Fri Oct 10 2025 11:00:00 GMT+0530 (India Standard Time)","5447.00","5448.50","5433.50","5443.00"
"Fri Oct 10 2025 11:05:00 GMT+0530 (India Standard Time)","5444.00","5444.00","5438.00","5439.00"
"Fri Oct 10 2025 11:10:00 GMT+0530 (India Standard Time)","5439.00","5444.00","5433.50","5442.50"
"Fri Oct 10 2025 11:15:00 GMT+0530 (India Standard Time)","5442.50","5447.50","5432.00","5441.50"
"Fri Oct 10 2025 11:20:00 GMT+0530 (India Standard Time)","5441.50","5441.50","5430.00","5430.00"
"Fri Oct 10 2025 11:25:00 GMT+0530 (India Standard Time)","5431.00","5435.00","5420.00","5435.00"
"Fri Oct 10 2025 11:30:00 GMT+0530 (India Standard Time)","5433.00","5434.00","5425.00","5428.00"
"Fri Oct 10 2025 11:35:00 GMT+0530 (India Standard Time)","5427.50","5441.50","5427.50","5437.00"
"Fri Oct 10 2025 11:40:00 GMT+0530 (India Standard Time)","5437.00","5443.00","5437.00","5440.00"
"Fri Oct 10 2025 11:45:00 GMT+0530 (India Standard Time)","5440.00","5442.50","5436.50","5439.50"
"Fri Oct 10 2025 11:50:00 GMT+0530 (India Standard Time)","5436.50","5439.50","5430.00","5433.00"
"Fri Oct 10 2025 11:55:00 GMT+0530 (India Standard Time)","5432.00","5434.00","5429.00","5430.00"
"Fri Oct 10 2025 12:00:00 GMT+0530 (India Standard Time)","5430.00","5440.00","5417.50","5440.00"
"Fri Oct 10 2025 12:05:00 GMT+0530 (India Standard Time)","5440.00","5440.00","5430.00","5433.00"
"Fri Oct 10 2025 12:10:00 GMT+0530 (India Standard Time)","5432.00","5433.00","5424.00","5430.00"
"Fri Oct 10 2025 12:15:00 GMT+0530 (India Standard Time)","5430.00","5432.50","5421.00","5427.50"
"Fri Oct 10 2025 12:20:00 GMT+0530 (India Standard Time)","5427.50","5429.50","5417.00","5427.50"
"Fri Oct 10 2025 12:25:00 GMT+0530 (India Standard Time)","5428.00","5428.00","5416.50","5427.00"
"Fri Oct 10 2025 12:30:00 GMT+0530 (India Standard Time)","5427.00","5435.00","5421.00","5422.50"
"Fri Oct 10 2025 12:35:00 GMT+0530 (India Standard Time)","5424.50","5435.50","5424.00","5430.50"
"Fri Oct 10 2025 12:40:00 GMT+0530 (India Standard Time)","5430.50","5437.00","5430.00","5433.00"
"Fri Oct 10 2025 12:45:00 GMT+0530 (India Standard Time)","5433.00","5433.00","5411.00","5422.00"
"Fri Oct 10 2025 12:50:00 GMT+0530 (India Standard Time)","5422.00","5427.50","5414.00","5422.50"
"Fri Oct 10 2025 12:55:00 GMT+0530 (India Standard Time)","5422.50","5432.00","5421.00","5432.00"
"Fri Oct 10 2025 13:00:00 GMT+0530 (India Standard Time)","5432.00","5432.00","5425.00","5430.00"
"Fri Oct 10 2025 13:05:00 GMT+0530 (India Standard Time)","5430.00","5431.00","5421.00","5423.00"
"Fri Oct 10 2025 13:10:00 GMT+0530 (India Standard Time)","5423.00","5427.50","5420.00","5424.50"
"Fri Oct 10 2025 13:15:00 GMT+0530 (India Standard Time)","5424.50","5429.00","5423.00","5424.50"
"Fri Oct 10 2025 13:20:00 GMT+0530 (India Standard Time)","5425.00","5429.50","5420.00","5426.50"
"Fri Oct 10 2025 13:25:00 GMT+0530 (India Standard Time)","5426.50","5426.50","5420.00","5421.50"
"Fri Oct 10 2025 13:30:00 GMT+0530 (India Standard Time)","5421.50","5427.00","5420.00","5422.00"
"Fri Oct 10 2025 13:35:00 GMT+0530 (India Standard Time)","5422.00","5423.50","5420.00","5422.00"
"Fri Oct 10 2025 13:40:00 GMT+0530 (India Standard Time)","5421.00","5423.00","5406.00","5408.00"
"Fri Oct 10 2025 13:45:00 GMT+0530 (India Standard Time)","5407.00","5413.00","5406.00","5412.50"
"Fri Oct 10 2025 13:50:00 GMT+0530 (India Standard Time)","5410.00","5413.50","5406.00","5413.50"
"Fri Oct 10 2025 13:55:00 GMT+0530 (India Standard Time)","5413.50","5419.00","5410.00","5411.00"
"Fri Oct 10 2025 14:00:00 GMT+0530 (India Standard Time)","5411.00","5419.50","5410.00","5417.00"
"Fri Oct 10 2025 14:05:00 GMT+0530 (India Standard Time)","5417.00","5420.00","5415.00","5420.00"
"Fri Oct 10 2025 14:10:00 GMT+0530 (India Standard Time)","5420.00","5423.50","5413.00","5415.50"
"Fri Oct 10 2025 14:15:00 GMT+0530 (India Standard Time)","5415.50","5416.00","5402.00","5406.00"
"Fri Oct 10 2025 14:20:00 GMT+0530 (India Standard Time)","5406.00","5415.50","5406.00","5414.00"
"Fri Oct 10 2025 14:25:00 GMT+0530 (India Standard Time)","5415.00","5415.00","5410.50","5412.00"
"Fri Oct 10 2025 14:30:00 GMT+0530 (India Standard Time)","5412.00","5414.00","5405.00","5405.00"
"Fri Oct 10 2025 14:35:00 GMT+0530 (India Standard Time)","5405.00","5414.50","5405.00","5410.00"
"Fri Oct 10 2025 14:40:00 GMT+0530 (India Standard Time)","5410.00","5412.00","5408.00","5409.00"
"Fri Oct 10 2025 14:45:00 GMT+0530 (India Standard Time)","5409.00","5413.50","5404.00","5411.50"
"Fri Oct 10 2025 14:50:00 GMT+0530 (India Standard Time)","5411.50","5420.00","5411.50","5415.00"
"Fri Oct 10 2025 14:55:00 GMT+0530 (India Standard Time)","5415.50","5419.00","5412.50","5416.50"
"Fri Oct 10 2025 15:00:00 GMT+0530 (India Standard Time)","5417.50","5417.50","5401.00","5403.00"
"Fri Oct 10 2025 15:05:00 GMT+0530 (India Standard Time)","5403.00","5412.00","5403.00","5408.50"
"Fri Oct 10 2025 15:10:00 GMT+0530 (India Standard Time)","5409.00","5414.00","5406.00","5408.00"
"Fri Oct 10 2025 15:15:00 GMT+0530 (India Standard Time)","5408.00","5410.50","5401.00","5406.00"
"Fri Oct 10 2025 15:20:00 GMT+0530 (India Standard Time)","5406.00","5412.50","5403.50","5406.00"
"Fri Oct 10 2025 15:25:00 GMT+0530 (India Standard Time)","5405.50","5408.50","5400.00","5401.00"
"Mon Oct 13 2025 09:15:00 GMT+0530 (India Standard Time)","5369.50","5383.50","5330.50","5357.00"
"Mon Oct 13 2025 09:20:00 GMT+0530 (India Standard Time)","5356.00","5380.00","5347.00","5380.00"
"Mon Oct 13 2025 09:25:00 GMT+0530 (India Standard Time)","5375.00","5377.00","5358.50","5363.00"
"Mon Oct 13 2025 09:30:00 GMT+0530 (India Standard Time)","5363.00","5365.50","5320.00","5323.50"
"Mon Oct 13 2025 09:35:00 GMT+0530 (India Standard Time)","5329.50","5340.00","5318.00","5338.50"
"Mon Oct 13 2025 09:40:00 GMT+0530 (India Standard Time)","5340.00","5343.00","5332.00","5337.50"
"Mon Oct 13 2025 09:45:00 GMT+0530 (India Standard Time)","5339.00","5352.00","5332.50","5348.50"
"Mon Oct 13 2025 09:50:00 GMT+0530 (India Standard Time)","5345.00","5351.50","5340.00","5343.00"
"Mon Oct 13 2025 09:55:00 GMT+0530 (India Standard Time)","5343.00","5345.00","5334.50","5341.50"
"Mon Oct 13 2025 10:00:00 GMT+0530 (India Standard Time)","5341.50","5341.50","5323.00","5325.00"
"Mon Oct 13 2025 10:05:00 GMT+0530 (India Standard Time)","5325.50","5327.50","5310.00","5321.00"
"Mon Oct 13 2025 10:10:00 GMT+0530 (India Standard Time)","5323.50","5324.00","5310.00","5315.00"
"Mon Oct 13 2025 10:15:00 GMT+0530 (India Standard Time)","5315.00","5318.50","5300.00","5305.50"
"Mon Oct 13 2025 10:20:00 GMT+0530 (India Standard Time)","5305.50","5307.50","5295.00","5304.00"
"Mon Oct 13 2025 10:25:00 GMT+0530 (India Standard Time)","5304.00","5320.50","5303.00","5316.50"
"Mon Oct 13 2025 10:30:00 GMT+0530 (India Standard Time)","5316.50","5330.50","5313.50","5325.00"
"Mon Oct 13 2025 10:35:00 GMT+0530 (India Standard Time)","5322.00","5329.50","5318.50","5324.00"
"Mon Oct 13 2025 10:40:00 GMT+0530 (India Standard Time)","5324.00","5329.50","5320.50","5327.50"
"Mon Oct 13 2025 10:45:00 GMT+0530 (India Standard Time)","5326.00","5357.00","5322.50","5348.00"
"Mon Oct 13 2025 10:50:00 GMT+0530 (India Standard Time)","5348.00","5348.00","5335.50","5340.00"
"Mon Oct 13 2025 10:55:00 GMT+0530 (India Standard Time)","5340.00","5342.50","5316.50","5324.00"
"Mon Oct 13 2025 11:00:00 GMT+0530 (India Standard Time)","5323.00","5325.00","5321.00","5325.00"
"Mon Oct 13 2025 11:05:00 GMT+0530 (India Standard Time)","5325.00","5325.00","5315.00","5320.00"
"Mon Oct 13 2025 11:10:00 GMT+0530 (India Standard Time)","5320.00","5328.00","5320.00","5320.00"
"Mon Oct 13 2025 11:15:00 GMT+0530 (India Standard Time)","5323.00","5328.00","5321.50","5323.00"
"Mon Oct 13 2025 11:20:00 GMT+0530 (India Standard Time)","5323.00","5350.50","5323.00","5338.50"
"Mon Oct 13 2025 11:25:00 GMT+0530 (India Standard Time)","5338.50","5343.50","5336.00","5342.00"
"Mon Oct 13 2025 11:30:00 GMT+0530 (India Standard Time)","5344.00","5344.00","5325.50","5333.00"
"Mon Oct 13 2025 11:35:00 GMT+0530 (India Standard Time)","5333.50","5333.50","5328.50","5328.50"
"Mon Oct 13 2025 11:40:00 GMT+0530 (India Standard Time)","5328.50","5330.00","5321.50","5322.00"
"Mon Oct 13 2025 11:45:00 GMT+0530 (India Standard Time)","5322.00","5325.50","5320.00","5323.00"
"Mon Oct 13 2025 11:50:00 GMT+0530 (India Standard Time)","5323.00","5328.50","5323.00","5328.50"
"Mon Oct 13 2025 11:55:00 GMT+0530 (India Standard Time)","5328.50","5347.50","5327.00","5338.00"
"Mon Oct 13 2025 12:00:00 GMT+0530 (India Standard Time)","5338.50","5341.00","5334.00","5339.50"
"Mon Oct 13 2025 12:05:00 GMT+0530 (India Standard Time)","5339.50","5339.50","5330.00","5333.50"
"Mon Oct 13 2025 12:10:00 GMT+0530 (India Standard Time)","5333.50","5343.00","5333.50","5337.50"
"Mon Oct 13 2025 12:15:00 GMT+0530 (India Standard Time)","5337.50","5354.50","5335.00","5350.00"
"Mon Oct 13 2025 12:20:00 GMT+0530 (India Standard Time)","5351.50","5354.00","5350.00","5353.00"
"Mon Oct 13 2025 12:25:00 GMT+0530 (India Standard Time)","5353.00","5390.50","5353.00","5379.50"
"Mon Oct 13 2025 12:30:00 GMT+0530 (India Standard Time)","5380.00","5380.50","5369.00","5370.00"
"Mon Oct 13 2025 12:35:00 GMT+0530 (India Standard Time)","5370.00","5373.00","5365.50","5371.00"
"Mon Oct 13 2025 12:40:00 GMT+0530 (India Standard Time)","5371.00","5375.00","5365.50","5374.00"
"Mon Oct 13 2025 12:45:00 GMT+0530 (India Standard Time)","5374.00","5377.50","5364.50","5365.00"
"Mon Oct 13 2025 12:50:00 GMT+0530 (India Standard Time)","5361.50","5367.00","5358.00","5365.00"
"Mon Oct 13 2025 12:55:00 GMT+0530 (India Standard Time)","5365.00","5371.00","5363.50","5368.00"
"Mon Oct 13 2025 13:00:00 GMT+0530 (India Standard Time)","5368.00","5369.00","5362.50","5364.00"
"Mon Oct 13 2025 13:05:00 GMT+0530 (India Standard Time)","5364.00","5368.00","5360.50","5365.00"
"Mon Oct 13 2025 13:10:00 GMT+0530 (India Standard Time)","5365.00","5373.00","5362.00","5371.00"
"Mon Oct 13 2025 13:15:00 GMT+0530 (India Standard Time)","5371.00","5371.00","5365.50","5369.50"
"Mon Oct 13 2025 13:20:00 GMT+0530 (India Standard Time)","5367.00","5369.50","5363.50","5366.50"
"Mon Oct 13 2025 13:25:00 GMT+0530 (India Standard Time)","5363.50","5367.50","5362.00","5366.50"
"Mon Oct 13 2025 13:30:00 GMT+0530 (India Standard Time)","5366.50","5366.50","5362.50","5362.50"
"Mon Oct 13 2025 13:35:00 GMT+0530 (India Standard Time)","5362.50","5363.00","5358.00","5359.50"
"Mon Oct 13 2025 13:40:00 GMT+0530 (India Standard Time)","5359.50","5361.50","5352.00","5353.00"
"Mon Oct 13 2025 13:45:00 GMT+0530 (India Standard Time)","5353.00","5360.50","5352.00","5358.50"
"Mon Oct 13 2025 13:50:00 GMT+0530 (India Standard Time)","5358.50","5360.00","5350.00","5350.00"
"Mon Oct 13 2025 13:55:00 GMT+0530 (India Standard Time)","5352.00","5352.50","5340.00","5344.00"
"Mon Oct 13 2025 14:00:00 GMT+0530 (India Standard Time)","5342.00","5347.00","5340.00","5340.50"
"Mon Oct 13 2025 14:05:00 GMT+0530 (India Standard Time)","5340.50","5358.00","5334.00","5356.50"
"Mon Oct 13 2025 14:10:00 GMT+0530 (India Standard Time)","5356.50","5356.50","5348.50","5348.50"
"Mon Oct 13 2025 14:15:00 GMT+0530 (India Standard Time)","5348.50","5351.50","5348.50","5350.00"
"Mon Oct 13 2025 14:20:00 GMT+0530 (India Standard Time)","5350.50","5353.00","5350.00","5350.50"
"Mon Oct 13 2025 14:25:00 GMT+0530 (India Standard Time)","5353.00","5359.50","5350.00","5357.00"
"Mon Oct 13 2025 14:30:00 GMT+0530 (India Standard Time)","5357.00","5358.50","5355.00","5358.00"
"Mon Oct 13 2025 14:35:00 GMT+0530 (India Standard Time)","5358.00","5358.00","5350.00","5350.00"
"Mon Oct 13 2025 14:40:00 GMT+0530 (India Standard Time)","5350.00","5352.00","5349.50","5351.00"
"Mon Oct 13 2025 14:45:00 GMT+0530 (India Standard Time)","5351.00","5352.00","5350.00","5351.50"
"Mon Oct 13 2025 14:50:00 GMT+0530 (India Standard Time)","5352.00","5356.50","5351.50","5355.00"
"Mon Oct 13 2025 14:55:00 GMT+0530 (India Standard Time)","5356.50","5357.00","5355.00","5356.50"
"Mon Oct 13 2025 15:00:00 GMT+0530 (India Standard Time)","5356.50","5356.50","5350.00","5352.00"
"Mon Oct 13 2025 15:05:00 GMT+0530 (India Standard Time)","5352.50","5352.50","5350.00","5350.00"
"Mon Oct 13 2025 15:10:00 GMT+0530 (India Standard Time)","5351.50","5357.00","5350.00","5355.00"
"Mon Oct 13 2025 15:15:00 GMT+0530 (India Standard Time)","5355.00","5361.00","5352.50","5354.50"
"Mon Oct 13 2025 15:20:00 GMT+0530 (India Standard Time)","5353.50","5356.00","5346.00","5349.00"
"Mon Oct 13 2025 15:25:00 GMT+0530 (India Standard Time)","5349.00","5359.00","5343.50","5350.50"
"Tue Oct 14 2025 09:15:00 GMT+0530 (India Standard Time)","5370.00","5392.50","5370.00","5385.00"
"Tue Oct 14 2025 09:20:00 GMT+0530 (India Standard Time)","5387.00","5400.00","5378.00","5400.00"
"Tue Oct 14 2025 09:25:00 GMT+0530 (India Standard Time)","5397.00","5397.00","5381.50","5388.50"
"Tue Oct 14 2025 09:30:00 GMT+0530 (India Standard Time)","5388.50","5392.50","5380.50","5386.00"
"Tue Oct 14 2025 09:35:00 GMT+0530 (India Standard Time)","5387.50","5410.00","5385.00","5387.00"
"Tue Oct 14 2025 09:40:00 GMT+0530 (India Standard Time)","5387.00","5388.50","5371.00","5372.00"
"Tue Oct 14 2025 09:45:00 GMT+0530 (India Standard Time)","5372.00","5373.00","5360.00","5364.50"
"Tue Oct 14 2025 09:50:00 GMT+0530 (India Standard Time)","5364.50","5367.50","5351.50","5358.00"
"Tue Oct 14 2025 09:55:00 GMT+0530 (India Standard Time)","5358.00","5367.00","5347.50","5356.50"
"Tue Oct 14 2025 10:00:00 GMT+0530 (India Standard Time)","5356.50","5358.00","5350.00","5354.50"
"Tue Oct 14 2025 10:05:00 GMT+0530 (India Standard Time)","5354.50","5355.00","5343.00","5343.50"
"Tue Oct 14 2025 10:10:00 GMT+0530 (India Standard Time)","5343.50","5346.00","5335.00","5345.00"
"Tue Oct 14 2025 10:15:00 GMT+0530 (India Standard Time)","5343.00","5344.50","5320.50","5327.00"
"Tue Oct 14 2025 10:20:00 GMT+0530 (India Standard Time)","5327.00","5339.00","5327.00","5339.00"
"Tue Oct 14 2025 10:25:00 GMT+0530 (India Standard Time)","5339.00","5343.50","5334.00","5334.00"
"Tue Oct 14 2025 10:30:00 GMT+0530 (India Standard Time)","5335.50","5338.50","5328.50","5332.50"
"Tue Oct 14 2025 10:35:00 GMT+0530 (India Standard Time)","5332.50","5335.50","5332.00","5334.00"
"Tue Oct 14 2025 10:40:00 GMT+0530 (India Standard Time)","5334.00","5337.00","5330.00","5334.00"
"Tue Oct 14 2025 10:45:00 GMT+0530 (India Standard Time)","5334.00","5339.00","5332.50","5335.50"
"Tue Oct 14 2025 10:50:00 GMT+0530 (India Standard Time)","5335.50","5337.00","5332.00","5332.00"
"Tue Oct 14 2025 10:55:00 GMT+0530 (India Standard Time)","5332.00","5335.00","5325.00","5328.00"
"Tue Oct 14 2025 11:00:00 GMT+0530 (India Standard Time)","5328.00","5328.50","5314.50","5321.00"
"Tue Oct 14 2025 11:05:00 GMT+0530 (India Standard Time)","5321.00","5327.00","5321.00","5321.00"
"Tue Oct 14 2025 11:10:00 GMT+0530 (India Standard Time)","5321.00","5335.00","5317.00","5335.00"
"Tue Oct 14 2025 11:15:00 GMT+0530 (India Standard Time)","5337.00","5339.00","5327.00","5336.00"
"Tue Oct 14 2025 11:20:00 GMT+0530 (India Standard Time)","5336.00","5339.00","5335.00","5337.00"
"Tue Oct 14 2025 11:25:00 GMT+0530 (India Standard Time)","5337.00","5338.00","5333.50","5336.50"
"Tue Oct 14 2025 11:30:00 GMT+0530 (India Standard Time)","5338.50","5349.00","5335.00","5345.00"
"Tue Oct 14 2025 11:35:00 GMT+0530 (India Standard Time)","5345.50","5345.50","5340.00","5345.00"
"Tue Oct 14 2025 11:40:00 GMT+0530 (India Standard Time)","5345.00","5345.50","5343.00","5345.00"
"Tue Oct 14 2025 11:45:00 GMT+0530 (India Standard Time)","5345.00","5347.00","5333.00","5334.50"
"Tue Oct 14 2025 11:50:00 GMT+0530 (India Standard Time)","5334.50","5336.00","5312.50","5316.50"
"Tue Oct 14 2025 11:55:00 GMT+0530 (India Standard Time)","5316.50","5345.50","5316.50","5345.00"
"Tue Oct 14 2025 12:00:00 GMT+0530 (India Standard Time)","5345.00","5350.00","5342.00","5346.00"
"Tue Oct 14 2025 12:05:00 GMT+0530 (India Standard Time)","5346.00","5347.00","5335.00","5346.00"
"Tue Oct 14 2025 12:10:00 GMT+0530 (India Standard Time)","5346.00","5346.00","5325.50","5335.50"
"Tue Oct 14 2025 12:15:00 GMT+0530 (India Standard Time)","5335.50","5337.00","5329.50","5333.00"
"Tue Oct 14 2025 12:20:00 GMT+0530 (India Standard Time)","5333.00","5335.00","5330.00","5335.00"
"Tue Oct 14 2025 12:25:00 GMT+0530 (India Standard Time)","5335.00","5335.00","5325.00","5325.00"
"Tue Oct 14 2025 12:30:00 GMT+0530 (India Standard Time)","5325.00","5332.00","5323.00","5328.00"
"Tue Oct 14 2025 12:35:00 GMT+0530 (India Standard Time)","5328.00","5350.50","5327.50","5346.50"
"Tue Oct 14 2025 12:40:00 GMT+0530 (India Standard Time)","5352.00","5360.00","5347.00","5355.00"
"Tue Oct 14 2025 12:45:00 GMT+0530 (India Standard Time)","5355.00","5359.00","5350.00","5353.00"
"Tue Oct 14 2025 12:50:00 GMT+0530 (India Standard Time)","5353.00","5368.00","5353.00","5359.00"
"Tue Oct 14 2025 12:55:00 GMT+0530 (India Standard Time)","5361.50","5363.50","5358.50","5360.50"
"Tue Oct 14 2025 13:00:00 GMT+0530 (India Standard Time)","5360.50","5372.50","5358.00","5370.00"
"Tue Oct 14 2025 13:05:00 GMT+0530 (India Standard Time)","5370.00","5382.50","5370.00","5371.00"
"Tue Oct 14 2025 13:10:00 GMT+0530 (India Standard Time)","5370.00","5372.00","5367.00","5367.00"
"Tue Oct 14 2025 13:15:00 GMT+0530 (India Standard Time)","5367.00","5370.50","5356.50","5356.50"
"Tue Oct 14 2025 13:20:00 GMT+0530 (India Standard Time)","5356.50","5370.00","5355.00","5370.00"
"Tue Oct 14 2025 13:25:00 GMT+0530 (India Standard Time)","5370.50","5373.00","5367.00","5371.50"
"Tue Oct 14 2025 13:30:00 GMT+0530 (India Standard Time)","5370.50","5372.00","5363.50","5365.50"
"Tue Oct 14 2025 13:35:00 GMT+0530 (India Standard Time)","5365.50","5366.00","5358.50","5365.00"
"Tue Oct 14 2025 13:40:00 GMT+0530 (India Standard Time)","5365.00","5366.50","5360.50","5362.00"
"Tue Oct 14 2025 13:45:00 GMT+0530 (India Standard Time)","5362.00","5364.50","5361.00","5362.00"
"Tue Oct 14 2025 13:50:00 GMT+0530 (India Standard Time)","5362.00","5362.00","5355.00","5355.00"
"Tue Oct 14 2025 13:55:00 GMT+0530 (India Standard Time)","5355.00","5359.00","5342.50","5346.50"
"Tue Oct 14 2025 14:00:00 GMT+0530 (India Standard Time)","5346.50","5349.50","5341.00","5346.50"
"Tue Oct 14 2025 14:05:00 GMT+0530 (India Standard Time)","5349.00","5354.00","5340.50","5347.00"
"Tue Oct 14 2025 14:10:00 GMT+0530 (India Standard Time)","5347.00","5348.50","5334.00","5336.50"
"Tue Oct 14 2025 14:15:00 GMT+0530 (India Standard Time)","5336.50","5338.50","5325.50","5325.50"
"Tue Oct 14 2025 14:20:00 GMT+0530 (India Standard Time)","5326.00","5339.00","5325.00","5336.50"
"Tue Oct 14 2025 14:25:00 GMT+0530 (India Standard Time)","5336.50","5337.50","5327.00","5331.50"
"Tue Oct 14 2025 14:30:00 GMT+0530 (India Standard Time)","5330.00","5340.50","5330.00","5339.50"
"Tue Oct 14 2025 14:35:00 GMT+0530 (India Standard Time)","5339.50","5343.50","5337.00","5338.50"
"Tue Oct 14 2025 14:40:00 GMT+0530 (India Standard Time)","5341.50","5342.00","5334.00","5337.00"
"Tue Oct 14 2025 14:45:00 GMT+0530 (India Standard Time)","5340.00","5342.50","5331.00","5340.00"
"Tue Oct 14 2025 14:50:00 GMT+0530 (India Standard Time)","5340.00","5342.00","5332.50","5342.00"
"Tue Oct 14 2025 14:55:00 GMT+0530 (India Standard Time)","5341.00","5350.00","5335.00","5338.50"
"Tue Oct 14 2025 15:00:00 GMT+0530 (India Standard Time)","5339.00","5339.00","5328.00","5330.00"
"Tue Oct 14 2025 15:05:00 GMT+0530 (India Standard Time)","5330.00","5335.50","5328.50","5335.50"
"Tue Oct 14 2025 15:10:00 GMT+0530 (India Standard Time)","5333.50","5341.50","5332.50","5340.00"
"Tue Oct 14 2025 15:15:00 GMT+0530 (India Standard Time)","5343.00","5348.50","5338.00","5338.00"
"Tue Oct 14 2025 15:20:00 GMT+0530 (India Standard Time)","5338.00","5339.50","5327.50","5332.50"
"Tue Oct 14 2025 15:25:00 GMT+0530 (India Standard Time)","5332.00","5332.00","5320.00","5328.00"
"Wed Oct 15 2025 09:15:00 GMT+0530 (India Standard Time)","5335.00","5357.00","5320.50","5338.00"
"Wed Oct 15 2025 09:20:00 GMT+0530 (India Standard Time)","5337.50","5351.00","5326.50","5347.00"
"Wed Oct 15 2025 09:25:00 GMT+0530 (India Standard Time)","5347.50","5382.50","5345.50","5355.00"
"Wed Oct 15 2025 09:30:00 GMT+0530 (India Standard Time)","5355.00","5366.00","5342.50","5342.50"
"Wed Oct 15 2025 09:35:00 GMT+0530 (India Standard Time)","5345.00","5349.50","5327.00","5338.50"
"Wed Oct 15 2025 09:40:00 GMT+0530 (India Standard Time)","5338.50","5350.00","5334.00","5346.50"
"Wed Oct 15 2025 09:45:00 GMT+0530 (India Standard Time)","5346.50","5352.00","5341.50","5343.50"
"Wed Oct 15 2025 09:50:00 GMT+0530 (India Standard Time)","5343.50","5345.00","5340.00","5340.50"
"Wed Oct 15 2025 09:55:00 GMT+0530 (India Standard Time)","5344.00","5347.00","5335.00","5337.50"
"Wed Oct 15 2025 10:00:00 GMT+0530 (India Standard Time)","5337.50","5344.50","5336.50","5342.00"
"Wed Oct 15 2025 10:05:00 GMT+0530 (India Standard Time)","5342.00","5355.00","5342.00","5350.50"
"Wed Oct 15 2025 10:10:00 GMT+0530 (India Standard Time)","5350.50","5360.50","5347.50","5358.00"
"Wed Oct 15 2025 10:15:00 GMT+0530 (India Standard Time)","5358.00","5359.50","5351.00","5355.50"
"Wed Oct 15 2025 10:20:00 GMT+0530 (India Standard Time)","5355.50","5365.00","5355.00","5359.50"
"Wed Oct 15 2025 10:25:00 GMT+0530 (India Standard Time)","5359.50","5364.00","5357.50","5363.50"
"Wed Oct 15 2025 10:30:00 GMT+0530 (India Standard Time)","5363.50","5363.50","5355.50","5357.00"
"Wed Oct 15 2025 10:35:00 GMT+0530 (India Standard Time)","5357.00","5360.00","5356.50","5359.50"
"Wed Oct 15 2025 10:40:00 GMT+0530 (India Standard Time)","5359.50","5361.50","5357.00","5359.00"
"Wed Oct 15 2025 10:45:00 GMT+0530 (India Standard Time)","5359.00","5362.50","5358.00","5361.00"
"Wed Oct 15 2025 10:50:00 GMT+0530 (India Standard Time)","5361.00","5370.50","5359.00","5368.00"
"Wed Oct 15 2025 10:55:00 GMT+0530 (India Standard Time)","5369.00","5370.50","5364.00","5370.50"
"Wed Oct 15 2025 11:00:00 GMT+0530 (India Standard Time)","5372.00","5372.00","5362.50","5366.00"
"Wed Oct 15 2025 11:05:00 GMT+0530 (India Standard Time)","5366.00","5370.00","5363.50","5367.00"
"Wed Oct 15 2025 11:10:00 GMT+0530 (India Standard Time)","5367.00","5367.00","5359.00","5365.00"
"Wed Oct 15 2025 11:15:00 GMT+0530 (India Standard Time)","5367.00","5370.00","5363.50","5368.00"
"Wed Oct 15 2025 11:20:00 GMT+0530 (India Standard Time)","5367.50","5374.50","5367.50","5373.50"
"Wed Oct 15 2025 11:25:00 GMT+0530 (India Standard Time)","5374.00","5374.00","5365.00","5368.00"
"Wed Oct 15 2025 11:30:00 GMT+0530 (India Standard Time)","5368.00","5368.00","5360.50","5364.00"
"Wed Oct 15 2025 11:35:00 GMT+0530 (India Standard Time)","5364.00","5364.00","5356.00","5360.00"
"Wed Oct 15 2025 11:40:00 GMT+0530 (India Standard Time)","5360.00","5362.50","5357.00","5362.50"
"Wed Oct 15 2025 11:45:00 GMT+0530 (India Standard Time)","5363.00","5364.00","5361.00","5364.00"
"Wed Oct 15 2025 11:50:00 GMT+0530 (India Standard Time)","5364.00","5365.00","5359.50","5363.50"
"Wed Oct 15 2025 11:55:00 GMT+0530 (India Standard Time)","5363.50","5364.50","5355.50","5357.50"
"Wed Oct 15 2025 12:00:00 GMT+0530 (India Standard Time)","5358.00","5362.50","5356.00","5358.00"
"Wed Oct 15 2025 12:05:00 GMT+0530 (India Standard Time)","5358.00","5363.50","5355.50","5359.50"
"Wed Oct 15 2025 12:10:00 GMT+0530 (India Standard Time)","5359.50","5360.50","5356.00","5358.00"
"Wed Oct 15 2025 12:15:00 GMT+0530 (India Standard Time)","5358.00","5365.00","5355.50","5363.00"
"Wed Oct 15 2025 12:20:00 GMT+0530 (India Standard Time)","5363.00","5365.00","5358.00","5365.00"
"Wed Oct 15 2025 12:25:00 GMT+0530 (India Standard Time)","5365.00","5365.00","5358.50","5365.00"
"Wed Oct 15 2025 12:30:00 GMT+0530 (India Standard Time)","5365.00","5365.00","5361.50","5364.00"
"Wed Oct 15 2025 12:35:00 GMT+0530 (India Standard Time)","5364.00","5365.00","5361.00","5363.00"
"Wed Oct 15 2025 12:40:00 GMT+0530 (India Standard Time)","5364.50","5365.00","5362.00","5363.50"
"Wed Oct 15 2025 12:45:00 GMT+0530 (India Standard Time)","5363.50","5368.50","5362.50","5368.50"
"Wed Oct 15 2025 12:50:00 GMT+0530 (India Standard Time)","5368.50","5370.00","5366.00","5370.00"
"Wed Oct 15 2025 12:55:00 GMT+0530 (India Standard Time)","5370.00","5371.00","5367.50","5371.00"
"Wed Oct 15 2025 13:00:00 GMT+0530 (India Standard Time)","5371.00","5371.50","5366.50","5369.00"
"Wed Oct 15 2025 13:05:00 GMT+0530 (India Standard Time)","5369.00","5369.00","5362.00","5364.50"
"Wed Oct 15 2025 13:10:00 GMT+0530 (India Standard Time)","5364.50","5366.50","5361.50","5365.50"
"Wed Oct 15 2025 13:15:00 GMT+0530 (India Standard Time)","5365.00","5374.00","5363.50","5373.50"
"Wed Oct 15 2025 13:20:00 GMT+0530 (India Standard Time)","5373.50","5374.00","5369.50","5372.50"
"Wed Oct 15 2025 13:25:00 GMT+0530 (India Standard Time)","5374.00","5374.00","5362.00","5362.00"
"Wed Oct 15 2025 13:30:00 GMT+0530 (India Standard Time)","5362.50","5367.50","5361.50","5367.50"
"Wed Oct 15 2025 13:35:00 GMT+0530 (India Standard Time)","5367.50","5369.50","5366.00","5368.50"
"Wed Oct 15 2025 13:40:00 GMT+0530 (India Standard Time)","5369.00","5369.00","5361.00","5364.50"
"Wed Oct 15 2025 13:45:00 GMT+0530 (India Standard Time)","5364.00","5366.50","5359.00","5360.00"
"Wed Oct 15 2025 13:50:00 GMT+0530 (India Standard Time)","5360.00","5362.50","5356.50","5360.00"
"Wed Oct 15 2025 13:55:00 GMT+0530 (India Standard Time)","5360.00","5361.00","5342.50","5350.00"
"Wed Oct 15 2025 14:00:00 GMT+0530 (India Standard Time)","5350.00","5352.00","5346.00","5349.00"
"Wed Oct 15 2025 14:05:00 GMT+0530 (India Standard Time)","5349.00","5351.50","5345.00","5348.50"
"Wed Oct 15 2025 14:10:00 GMT+0530 (India Standard Time)","5346.50","5357.50","5346.50","5357.00"
"Wed Oct 15 2025 14:15:00 GMT+0530 (India Standard Time)","5357.00","5358.00","5351.50","5358.00"
"Wed Oct 15 2025 14:20:00 GMT+0530 (India Standard Time)","5357.50","5358.00","5350.50","5355.50"
"Wed Oct 15 2025 14:25:00 GMT+0530 (India Standard Time)","5355.50","5358.50","5351.50","5355.50"
"Wed Oct 15 2025 14:30:00 GMT+0530 (India Standard Time)","5355.00","5360.00","5351.50","5360.00"
"Wed Oct 15 2025 14:35:00 GMT+0530 (India Standard Time)","5360.00","5360.00","5354.00","5358.00"
"Wed Oct 15 2025 14:40:00 GMT+0530 (India Standard Time)","5358.00","5361.00","5355.50","5358.00"
"Wed Oct 15 2025 14:45:00 GMT+0530 (India Standard Time)","5357.50","5358.00","5350.50","5351.50"
"Wed Oct 15 2025 14:50:00 GMT+0530 (India Standard Time)","5351.50","5354.00","5346.50","5352.50"
"Wed Oct 15 2025 14:55:00 GMT+0530 (India Standard Time)","5352.50","5352.50","5345.00","5350.50"
"Wed Oct 15 2025 15:00:00 GMT+0530 (India Standard Time)","5348.50","5365.00","5346.50","5361.00"
"Wed Oct 15 2025 15:05:00 GMT+0530 (India Standard Time)","5361.50","5364.50","5358.50","5362.00"
"Wed Oct 15 2025 15:10:00 GMT+0530 (India Standard Time)","5360.50","5374.50","5360.50","5368.00"
"Wed Oct 15 2025 15:15:00 GMT+0530 (India Standard Time)","5367.50","5375.00","5366.50","5373.50"
"Wed Oct 15 2025 15:20:00 GMT+0530 (India Standard Time)","5371.00","5374.00","5365.00","5370.50"
"Wed Oct 15 2025 15:25:00 GMT+0530 (India Standard Time)","5370.50","5377.50","5355.00","5364.00"
"Thu Oct 16 2025 09:15:00 GMT+0530 (India Standard Time)","5388.00","5388.00","5355.00","5376.00"
"Thu Oct 16 2025 09:20:00 GMT+0530 (India Standard Time)","5374.50","5374.50","5363.00","5371.00"
"Thu Oct 16 2025 09:25:00 GMT+0530 (India Standard Time)","5371.00","5384.50","5368.00","5378.00"
"Thu Oct 16 2025 09:30:00 GMT+0530 (India Standard Time)","5378.50","5400.00","5376.00","5400.00"
"Thu Oct 16 2025 09:35:00 GMT+0530 (India Standard Time)","5400.00","5430.00","5395.50","5398.00"
"Thu Oct 16 2025 09:40:00 GMT+0530 (India Standard Time)","5398.00","5398.00","5375.00","5386.50"
"Thu Oct 16 2025 09:45:00 GMT+0530 (India Standard Time)","5384.50","5387.50","5381.00","5381.00"
"Thu Oct 16 2025 09:50:00 GMT+0530 (India Standard Time)","5381.00","5386.00","5381.00","5385.00"
"Thu Oct 16 2025 09:55:00 GMT+0530 (India Standard Time)","5385.00","5386.00","5379.00","5382.00"
"Thu Oct 16 2025 10:00:00 GMT+0530 (India Standard Time)","5382.00","5389.50","5372.00","5388.50"
"Thu Oct 16 2025 10:05:00 GMT+0530 (India Standard Time)","5389.00","5389.00","5378.00","5380.00"
"Thu Oct 16 2025 10:10:00 GMT+0530 (India Standard Time)","5380.00","5400.00","5380.00","5385.00"
"Thu Oct 16 2025 10:15:00 GMT+0530 (India Standard Time)","5385.00","5388.00","5382.00","5385.00"
"Thu Oct 16 2025 10:20:00 GMT+0530 (India Standard Time)","5385.00","5389.00","5382.00","5385.00"
"Thu Oct 16 2025 10:25:00 GMT+0530 (India Standard Time)","5385.00","5389.50","5385.00","5387.50"
"Thu Oct 16 2025 10:30:00 GMT+0530 (India Standard Time)","5387.50","5390.00","5385.50","5387.50"
"Thu Oct 16 2025 10:35:00 GMT+0530 (India Standard Time)","5387.50","5395.00","5385.00","5393.00"
"Thu Oct 16 2025 10:40:00 GMT+0530 (India Standard Time)","5393.00","5409.50","5387.50","5408.00"
"Thu Oct 16 2025 10:45:00 GMT+0530 (India Standard Time)","5406.50","5406.50","5395.00","5399.00"
"Thu Oct 16 2025 10:50:00 GMT+0530 (India Standard Time)","5399.00","5399.00","5392.00","5399.00"
"Thu Oct 16 2025 10:55:00 GMT+0530 (India Standard Time)","5399.00","5402.50","5398.00","5402.50"
"Thu Oct 16 2025 11:00:00 GMT+0530 (India Standard Time)","5402.50","5404.00","5395.50","5398.00"
"Thu Oct 16 2025 11:05:00 GMT+0530 (India Standard Time)","5396.00","5398.00","5395.00","5398.00"
"Thu Oct 16 2025 11:10:00 GMT+0530 (India Standard Time)","5398.00","5402.50","5398.00","5400.00"
"Thu Oct 16 2025 11:15:00 GMT+0530 (India Standard Time)","5401.00","5405.00","5395.00","5403.50"
"Thu Oct 16 2025 11:20:00 GMT+0530 (India Standard Time)","5403.50","5403.50","5400.00","5403.50"
"Thu Oct 16 2025 11:25:00 GMT+0530 (India Standard Time)","5403.50","5403.50","5397.00","5401.00"
"Thu Oct 16 2025 11:30:00 GMT+0530 (India Standard Time)","5401.00","5402.50","5395.50","5399.50"
"Thu Oct 16 2025 11:35:00 GMT+0530 (India Standard Time)","5399.50","5400.00","5396.00","5399.50"
"Thu Oct 16 2025 11:40:00 GMT+0530 (India Standard Time)","5399.50","5399.50","5396.00","5399.00"
"Thu Oct 16 2025 11:45:00 GMT+0530 (India Standard Time)","5399.00","5412.00","5396.00","5403.50"
"Thu Oct 16 2025 11:50:00 GMT+0530 (India Standard Time)","5403.50","5405.00","5398.00","5398.00"
"Thu Oct 16 2025 11:55:00 GMT+0530 (India Standard Time)","5398.00","5398.00","5387.00","5390.00"
"Thu Oct 16 2025 12:00:00 GMT+0530 (India Standard Time)","5390.00","5393.00","5385.50","5385.50"
"Thu Oct 16 2025 12:05:00 GMT+0530 (India Standard Time)","5385.50","5392.00","5384.00","5391.00"
"Thu Oct 16 2025 12:10:00 GMT+0530 (India Standard Time)","5391.00","5391.50","5385.00","5389.50"
"Thu Oct 16 2025 12:15:00 GMT+0530 (India Standard Time)","5386.50","5389.50","5381.00","5382.00"
"Thu Oct 16 2025 12:20:00 GMT+0530 (India Standard Time)","5382.00","5385.50","5381.00","5383.00"
"Thu Oct 16 2025 12:25:00 GMT+0530 (India Standard Time)","5383.00","5383.00","5377.50","5381.50"
"Thu Oct 16 2025 12:30:00 GMT+0530 (India Standard Time)","5381.50","5381.50","5367.50","5375.00"
"Thu Oct 16 2025 12:35:00 GMT+0530 (India Standard Time)","5375.00","5375.00","5371.00","5371.00"
"Thu Oct 16 2025 12:40:00 GMT+0530 (India Standard Time)","5371.00","5391.00","5371.00","5388.00"
"Thu Oct 16 2025 12:45:00 GMT+0530 (India Standard Time)","5388.00","5389.50","5383.00","5387.00"
"Thu Oct 16 2025 12:50:00 GMT+0530 (India Standard Time)","5387.00","5388.00","5383.00","5385.00"
"Thu Oct 16 2025 12:55:00 GMT+0530 (India Standard Time)","5385.00","5386.00","5382.00","5386.00"
"Thu Oct 16 2025 13:00:00 GMT+0530 (India Standard Time)","5386.00","5396.50","5384.00","5394.50"
"Thu Oct 16 2025 13:05:00 GMT+0530 (India Standard Time)","5394.50","5397.00","5393.00","5393.50"
"Thu Oct 16 2025 13:10:00 GMT+0530 (India Standard Time)","5393.50","5399.00","5393.00","5394.50"
"Thu Oct 16 2025 13:15:00 GMT+0530 (India Standard Time)","5394.50","5397.00","5394.00","5394.50"
"Thu Oct 16 2025 13:20:00 GMT+0530 (India Standard Time)","5394.50","5395.00","5393.00","5394.50"
"Thu Oct 16 2025 13:25:00 GMT+0530 (India Standard Time)","5394.00","5400.00","5394.00","5396.50"
"Thu Oct 16 2025 13:30:00 GMT+0530 (India Standard Time)","5398.50","5404.50","5394.50","5403.00"
"Thu Oct 16 2025 13:35:00 GMT+0530 (India Standard Time)","5403.00","5404.50","5395.00","5395.00"
"Thu Oct 16 2025 13:40:00 GMT+0530 (India Standard Time)","5395.00","5397.50","5393.50","5396.50"
"Thu Oct 16 2025 13:45:00 GMT+0530 (India Standard Time)","5397.00","5407.00","5393.50","5400.00"
"Thu Oct 16 2025 13:50:00 GMT+0530 (India Standard Time)","5400.00","5402.50","5400.00","5400.50"
"Thu Oct 16 2025 13:55:00 GMT+0530 (India Standard Time)","5400.50","5402.00","5398.50","5400.00"
"Thu Oct 16 2025 14:00:00 GMT+0530 (India Standard Time)","5400.00","5402.00","5399.50","5400.00"
"Thu Oct 16 2025 14:05:00 GMT+0530 (India Standard Time)","5400.00","5405.00","5399.00","5402.50"
"Thu Oct 16 2025 14:10:00 GMT+0530 (India Standard Time)","5402.50","5404.00","5401.00","5404.00"
"Thu Oct 16 2025 14:15:00 GMT+0530 (India Standard Time)","5404.00","5404.00","5395.00","5398.50"
"Thu Oct 16 2025 14:20:00 GMT+0530 (India Standard Time)","5398.50","5398.50","5392.00","5395.00"
"Thu Oct 16 2025 14:25:00 GMT+0530 (India Standard Time)","5395.00","5397.00","5390.00","5393.00"
"Thu Oct 16 2025 14:30:00 GMT+0530 (India Standard Time)","5393.00","5399.50","5390.00","5399.00"
"Thu Oct 16 2025 14:35:00 GMT+0530 (India Standard Time)","5399.00","5399.50","5393.50","5397.50"
"Thu Oct 16 2025 14:40:00 GMT+0530 (India Standard Time)","5397.00","5398.00","5393.00","5398.00"
"Thu Oct 16 2025 14:45:00 GMT+0530 (India Standard Time)","5397.00","5397.50","5393.00","5396.50"
"Thu Oct 16 2025 14:50:00 GMT+0530 (India Standard Time)","5396.50","5402.00","5395.00","5398.50"
"Thu Oct 16 2025 14:55:00 GMT+0530 (India Standard Time)","5400.00","5408.50","5400.00","5407.50"
"Thu Oct 16 2025 15:00:00 GMT+0530 (India Standard Time)","5407.00","5409.00","5404.50","5406.50"
"Thu Oct 16 2025 15:05:00 GMT+0530 (India Standard Time)","5406.50","5412.00","5404.00","5408.50"
"Thu Oct 16 2025 15:10:00 GMT+0530 (India Standard Time)","5407.00","5410.50","5404.00","5410.00"
"Thu Oct 16 2025 15:15:00 GMT+0530 (India Standard Time)","5411.00","5411.00","5404.00","5404.50"
"Thu Oct 16 2025 15:20:00 GMT+0530 (India Standard Time)","5404.50","5404.50","5393.00","5394.50"
"Thu Oct 16 2025 15:25:00 GMT+0530 (India Standard Time)","5394.50","5405.00","5393.00","5395.00"
"Fri Oct 17 2025 09:15:00 GMT+0530 (India Standard Time)","5403.50","5420.00","5381.00","5411.00"
"Fri Oct 17 2025 09:20:00 GMT+0530 (India Standard Time)","5411.00","5411.50","5397.00","5403.50"
"Fri Oct 17 2025 09:25:00 GMT+0530 (India Standard Time)","5404.00","5418.00","5390.00","5403.00"
"Fri Oct 17 2025 09:30:00 GMT+0530 (India Standard Time)","5403.00","5403.00","5385.00","5385.50"
"Fri Oct 17 2025 09:35:00 GMT+0530 (India Standard Time)","5382.00","5389.50","5377.50","5386.00"
"Fri Oct 17 2025 09:40:00 GMT+0530 (India Standard Time)","5386.00","5388.50","5382.00","5386.00"
"Fri Oct 17 2025 09:45:00 GMT+0530 (India Standard Time)","5386.00","5386.00","5369.00","5369.00"
"Fri Oct 17 2025 09:50:00 GMT+0530 (India Standard Time)","5365.50","5373.50","5360.50","5372.00"
"Fri Oct 17 2025 09:55:00 GMT+0530 (India Standard Time)","5372.00","5379.50","5370.00","5379.50"
"Fri Oct 17 2025 10:00:00 GMT+0530 (India Standard Time)","5379.50","5383.50","5372.50","5373.50"
"Fri Oct 17 2025 10:05:00 GMT+0530 (India Standard Time)","5373.50","5378.50","5371.00","5373.00"
"Fri Oct 17 2025 10:10:00 GMT+0530 (India Standard Time)","5372.50","5380.50","5372.50","5380.50"
"Fri Oct 17 2025 10:15:00 GMT+0530 (India Standard Time)","5380.50","5380.50","5365.50","5367.00"
"Fri Oct 17 2025 10:20:00 GMT+0530 (India Standard Time)","5366.50","5370.00","5352.00","5368.00"
"Fri Oct 17 2025 10:25:00 GMT+0530 (India Standard Time)","5368.00","5372.00","5364.00","5364.00"
"Fri Oct 17 2025 10:30:00 GMT+0530 (India Standard Time)","5364.00","5368.50","5361.00","5361.50"
"Fri Oct 17 2025 10:35:00 GMT+0530 (India Standard Time)","5361.50","5367.00","5361.00","5363.00"
"Fri Oct 17 2025 10:40:00 GMT+0530 (India Standard Time)","5363.00","5366.50","5361.00","5365.00"
"Fri Oct 17 2025 10:45:00 GMT+0530 (India Standard Time)","5365.00","5368.00","5362.00","5366.50"
"Fri Oct 17 2025 10:50:00 GMT+0530 (India Standard Time)","5367.00","5370.00","5362.00","5369.50"
"Fri Oct 17 2025 10:55:00 GMT+0530 (India Standard Time)","5369.50","5371.50","5363.50","5365.50"
"Fri Oct 17 2025 11:00:00 GMT+0530 (India Standard Time)","5365.50","5368.50","5363.00","5368.50"
"Fri Oct 17 2025 11:05:00 GMT+0530 (India Standard Time)","5368.50","5369.00","5365.50","5368.50"
"Fri Oct 17 2025 11:10:00 GMT+0530 (India Standard Time)","5368.50","5369.50","5365.50","5369.00"
"Fri Oct 17 2025 11:15:00 GMT+0530 (India Standard Time)","5369.00","5372.00","5365.50","5367.50"
"Fri Oct 17 2025 11:20:00 GMT+0530 (India Standard Time)","5367.50","5370.00","5365.50","5365.50"
"Fri Oct 17 2025 11:25:00 GMT+0530 (India Standard Time)","5365.50","5369.50","5362.00","5369.00"
"Fri Oct 17 2025 11:30:00 GMT+0530 (India Standard Time)","5369.00","5369.00","5363.50","5367.50"
"Fri Oct 17 2025 11:35:00 GMT+0530 (India Standard Time)","5367.50","5369.00","5360.00","5360.00"
"Fri Oct 17 2025 11:40:00 GMT+0530 (India Standard Time)","5360.00","5362.00","5350.50","5354.00"
"Fri Oct 17 2025 11:45:00 GMT+0530 (India Standard Time)","5355.00","5359.50","5352.50","5353.50"
"Fri Oct 17 2025 11:50:00 GMT+0530 (India Standard Time)","5353.50","5354.50","5337.50","5348.00"
"Fri Oct 17 2025 11:55:00 GMT+0530 (India Standard Time)","5348.00","5349.00","5342.00","5348.50"
"Fri Oct 17 2025 12:00:00 GMT+0530 (India Standard Time)","5348.50","5368.00","5345.00","5360.00"
"Fri Oct 17 2025 12:05:00 GMT+0530 (India Standard Time)","5360.00","5363.00","5359.00","5359.00"
"Fri Oct 17 2025 12:10:00 GMT+0530 (India Standard Time)","5359.00","5361.00","5357.00","5359.50"
"Fri Oct 17 2025 12:15:00 GMT+0530 (India Standard Time)","5360.00","5361.00","5357.00","5360.00"
"Fri Oct 17 2025 12:20:00 GMT+0530 (India Standard Time)","5359.50","5362.00","5357.00","5360.50"
"Fri Oct 17 2025 12:25:00 GMT+0530 (India Standard Time)","5360.50","5370.50","5360.00","5370.50"
"Fri Oct 17 2025 12:30:00 GMT+0530 (India Standard Time)","5370.50","5376.00","5369.50","5375.50"
"Fri Oct 17 2025 12:35:00 GMT+0530 (India Standard Time)","5375.50","5376.00","5372.00","5374.50"
"Fri Oct 17 2025 12:40:00 GMT+0530 (India Standard Time)","5374.50","5383.50","5370.00","5375.00"
"Fri Oct 17 2025 12:45:00 GMT+0530 (India Standard Time)","5375.00","5376.00","5370.00","5370.00"
"Fri Oct 17 2025 12:50:00 GMT+0530 (India Standard Time)","5370.50","5370.50","5356.00","5362.50"
"Fri Oct 17 2025 12:55:00 GMT+0530 (India Standard Time)","5362.50","5365.00","5357.00","5358.00"
"Fri Oct 17 2025 13:00:00 GMT+0530 (India Standard Time)","5358.00","5360.00","5352.00","5354.00"
"Fri Oct 17 2025 13:05:00 GMT+0530 (India Standard Time)","5354.00","5361.00","5335.50","5361.00"
"Fri Oct 17 2025 13:10:00 GMT+0530 (India Standard Time)","5361.00","5369.50","5360.50","5365.00"
"Fri Oct 17 2025 13:15:00 GMT+0530 (India Standard Time)","5365.00","5377.50","5365.00","5372.00"
"Fri Oct 17 2025 13:20:00 GMT+0530 (India Standard Time)","5372.00","5390.00","5370.00","5381.50"
"Fri Oct 17 2025 13:25:00 GMT+0530 (India Standard Time)","5381.00","5397.50","5380.00","5390.50"
"Fri Oct 17 2025 13:30:00 GMT+0530 (India Standard Time)","5390.50","5392.00","5378.50","5380.00"
"Fri Oct 17 2025 13:35:00 GMT+0530 (India Standard Time)","5380.00","5380.50","5361.00","5364.50"
"Fri Oct 17 2025 13:40:00 GMT+0530 (India Standard Time)","5364.50","5368.00","5362.00","5364.00"
"Fri Oct 17 2025 13:45:00 GMT+0530 (India Standard Time)","5364.00","5367.00","5350.50","5361.50"
"Fri Oct 17 2025 13:50:00 GMT+0530 (India Standard Time)","5361.50","5361.50","5338.50","5349.00"
"Fri Oct 17 2025 13:55:00 GMT+0530 (India Standard Time)","5350.50","5354.50","5346.50","5354.50"
"Fri Oct 17 2025 14:00:00 GMT+0530 (India Standard Time)","5354.50","5354.50","5349.00","5352.00"
"Fri Oct 17 2025 14:05:00 GMT+0530 (India Standard Time)","5352.00","5366.50","5350.00","5366.50"
"Fri Oct 17 2025 14:10:00 GMT+0530 (India Standard Time)","5366.50","5378.50","5366.50","5375.00"
"Fri Oct 17 2025 14:15:00 GMT+0530 (India Standard Time)","5370.00","5378.50","5367.50","5376.50"
"Fri Oct 17 2025 14:20:00 GMT+0530 (India Standard Time)","5376.50","5377.00","5367.50","5368.50"
"Fri Oct 17 2025 14:25:00 GMT+0530 (India Standard Time)","5368.50","5377.00","5368.50","5374.00"
"Fri Oct 17 2025 14:30:00 GMT+0530 (India Standard Time)","5374.00","5374.00","5368.50","5372.00"
"Fri Oct 17 2025 14:35:00 GMT+0530 (India Standard Time)","5372.00","5374.00","5366.50","5366.50"
"Fri Oct 17 2025 14:40:00 GMT+0530 (India Standard Time)","5366.50","5373.50","5361.50","5364.50"
"Fri Oct 17 2025 14:45:00 GMT+0530 (India Standard Time)","5364.50","5366.50","5356.00","5361.00"
"Fri Oct 17 2025 14:50:00 GMT+0530 (India Standard Time)","5361.00","5369.00","5355.00","5366.00"
"Fri Oct 17 2025 14:55:00 GMT+0530 (India Standard Time)","5366.00","5369.50","5363.50","5367.00"
"Fri Oct 17 2025 15:00:00 GMT+0530 (India Standard Time)","5367.00","5367.00","5352.00","5354.00"
"Fri Oct 17 2025 15:05:00 GMT+0530 (India Standard Time)","5354.00","5373.50","5352.50","5373.50"
"Fri Oct 17 2025 15:10:00 GMT+0530 (India Standard Time)","5373.50","5375.00","5366.50","5370.50"
"Fri Oct 17 2025 15:15:00 GMT+0530 (India Standard Time)","5370.50","5371.00","5362.00","5366.00"
"Fri Oct 17 2025 15:20:00 GMT+0530 (India Standard Time)","5366.00","5371.50","5366.00","5370.00"
"Fri Oct 17 2025 15:25:00 GMT+0530 (India Standard Time)","5370.00","5376.00","5366.50","5366.50"
"Mon Oct 20 2025 09:15:00 GMT+0530 (India Standard Time)","5369.50","5415.00","5351.50","5412.00"
"Mon Oct 20 2025 09:20:00 GMT+0530 (India Standard Time)","5412.50","5416.50","5384.50","5386.50"
"Mon Oct 20 2025 09:25:00 GMT+0530 (India Standard Time)","5380.00","5391.50","5376.00","5376.00"
"Mon Oct 20 2025 09:30:00 GMT+0530 (India Standard Time)","5376.00","5386.00","5375.00","5380.50"
"Mon Oct 20 2025 09:35:00 GMT+0530 (India Standard Time)","5380.50","5398.50","5378.50","5398.50"
"Mon Oct 20 2025 09:40:00 GMT+0530 (India Standard Time)","5395.00","5425.00","5392.50","5409.00"
"Mon Oct 20 2025 09:45:00 GMT+0530 (India Standard Time)","5410.00","5410.00","5386.00","5404.00"
"Mon Oct 20 2025 09:50:00 GMT+0530 (India Standard Time)","5404.00","5407.00","5398.00","5403.00"
"Mon Oct 20 2025 09:55:00 GMT+0530 (India Standard Time)","5403.00","5407.00","5398.00","5398.00"
"Mon Oct 20 2025 10:00:00 GMT+0530 (India Standard Time)","5396.50","5410.00","5391.00","5404.50"
"Mon Oct 20 2025 10:05:00 GMT+0530 (India Standard Time)","5404.50","5409.00","5396.50","5404.00"
"Mon Oct 20 2025 10:10:00 GMT+0530 (India Standard Time)","5404.00","5409.50","5400.50","5407.00"
"Mon Oct 20 2025 10:15:00 GMT+0530 (India Standard Time)","5407.00","5407.00","5395.00","5398.50"
"Mon Oct 20 2025 10:20:00 GMT+0530 (India Standard Time)","5398.50","5399.50","5395.00","5398.00"
"Mon Oct 20 2025 10:25:00 GMT+0530 (India Standard Time)","5398.00","5398.00","5391.00","5394.00"
"Mon Oct 20 2025 10:30:00 GMT+0530 (India Standard Time)","5391.50","5399.00","5391.00","5398.00"
"Mon Oct 20 2025 10:35:00 GMT+0530 (India Standard Time)","5398.00","5407.00","5394.00","5403.00"
"Mon Oct 20 2025 10:40:00 GMT+0530 (India Standard Time)","5403.00","5403.00","5398.50","5398.50"
"Mon Oct 20 2025 10:45:00 GMT+0530 (India Standard Time)","5398.50","5401.50","5395.50","5396.50"
"Mon Oct 20 2025 10:50:00 GMT+0530 (India Standard Time)","5396.50","5399.00","5392.50","5395.00"
"Mon Oct 20 2025 10:55:00 GMT+0530 (India Standard Time)","5395.00","5396.50","5385.00","5391.00"
"Mon Oct 20 2025 11:00:00 GMT+0530 (India Standard Time)","5391.00","5391.50","5384.00","5388.00"
"Mon Oct 20 2025 11:05:00 GMT+0530 (India Standard Time)","5388.00","5390.50","5382.00","5388.50"
"Mon Oct 20 2025 11:10:00 GMT+0530 (India Standard Time)","5388.50","5406.00","5388.50","5406.00"
"Mon Oct 20 2025 11:15:00 GMT+0530 (India Standard Time)","5406.00","5407.50","5397.00","5403.50"
"Mon Oct 20 2025 11:20:00 GMT+0530 (India Standard Time)","5403.50","5403.50","5394.50","5396.50"
"Mon Oct 20 2025 11:25:00 GMT+0530 (India Standard Time)","5396.50","5404.00","5392.50","5403.50"
"Mon Oct 20 2025 11:30:00 GMT+0530 (India Standard Time)","5403.50","5406.00","5396.00","5400.50"
"Mon Oct 20 2025 11:35:00 GMT+0530 (India Standard Time)","5400.50","5409.00","5400.00","5403.50"
"Mon Oct 20 2025 11:40:00 GMT+0530 (India Standard Time)","5403.50","5406.50","5400.50","5406.00"
"Mon Oct 20 2025 11:45:00 GMT+0530 (India Standard Time)","5406.00","5406.00","5400.00","5400.00"
"Mon Oct 20 2025 11:50:00 GMT+0530 (India Standard Time)","5400.00","5400.00","5393.00","5394.50"
"Mon Oct 20 2025 11:55:00 GMT+0530 (India Standard Time)","5394.50","5399.00","5394.50","5396.50"
"Mon Oct 20 2025 12:00:00 GMT+0530 (India Standard Time)","5396.50","5397.50","5393.00","5393.00"
"Mon Oct 20 2025 12:05:00 GMT+0530 (India Standard Time)","5393.00","5396.50","5390.00","5390.00"
"Mon Oct 20 2025 12:10:00 GMT+0530 (India Standard Time)","5390.00","5392.50","5388.00","5391.50"
"Mon Oct 20 2025 12:15:00 GMT+0530 (India Standard Time)","5391.50","5391.50","5386.00","5387.50"
"Mon Oct 20 2025 12:20:00 GMT+0530 (India Standard Time)","5387.50","5389.00","5382.50","5385.00"
"Mon Oct 20 2025 12:25:00 GMT+0530 (India Standard Time)","5385.00","5385.00","5380.00","5384.00"
"Mon Oct 20 2025 12:30:00 GMT+0530 (India Standard Time)","5384.00","5384.50","5381.00","5382.00"
"Mon Oct 20 2025 12:35:00 GMT+0530 (India Standard Time)","5382.00","5385.50","5382.00","5384.50"
"Mon Oct 20 2025 12:40:00 GMT+0530 (India Standard Time)","5384.50","5387.50","5383.00","5387.00"
"Mon Oct 20 2025 12:45:00 GMT+0530 (India Standard Time)","5387.00","5387.00","5385.00","5386.50"
"Mon Oct 20 2025 12:50:00 GMT+0530 (India Standard Time)","5387.00","5389.50","5385.50","5386.00"
"Mon Oct 20 2025 12:55:00 GMT+0530 (India Standard Time)","5386.00","5392.00","5385.50","5389.00"
"Mon Oct 20 2025 13:00:00 GMT+0530 (India Standard Time)","5388.50","5389.00","5385.00","5388.00"
"Mon Oct 20 2025 13:05:00 GMT+0530 (India Standard Time)","5385.50","5395.00","5385.50","5391.50"
"Mon Oct 20 2025 13:10:00 GMT+0530 (India Standard Time)","5391.50","5391.50","5388.00","5391.00"
"Mon Oct 20 2025 13:15:00 GMT+0530 (India Standard Time)","5391.00","5393.50","5387.00","5393.00"
"Mon Oct 20 2025 13:20:00 GMT+0530 (India Standard Time)","5393.00","5395.50","5389.50","5389.50"
"Mon Oct 20 2025 13:25:00 GMT+0530 (India Standard Time)","5389.50","5390.00","5386.00","5388.00"
"Mon Oct 20 2025 13:30:00 GMT+0530 (India Standard Time)","5388.00","5388.00","5386.00","5386.00"
"Mon Oct 20 2025 13:35:00 GMT+0530 (India Standard Time)","5386.00","5391.50","5385.50","5391.50"
"Mon Oct 20 2025 13:40:00 GMT+0530 (India Standard Time)","5386.50","5401.00","5386.50","5400.00"
"Mon Oct 20 2025 13:45:00 GMT+0530 (India Standard Time)","5400.00","5402.00","5397.50","5399.00"
"Mon Oct 20 2025 13:50:00 GMT+0530 (India Standard Time)","5399.00","5401.50","5396.00","5400.00"
"Mon Oct 20 2025 13:55:00 GMT+0530 (India Standard Time)","5400.00","5400.00","5387.00","5388.50"
"Mon Oct 20 2025 14:00:00 GMT+0530 (India Standard Time)","5388.50","5389.50","5384.00","5384.00"
"Mon Oct 20 2025 14:05:00 GMT+0530 (India Standard Time)","5383.00","5384.00","5374.50","5380.00"
"Mon Oct 20 2025 14:10:00 GMT+0530 (India Standard Time)","5380.00","5384.50","5376.50","5383.50"
"Mon Oct 20 2025 14:15:00 GMT+0530 (India Standard Time)","5383.50","5383.50","5378.00","5380.00"
"Mon Oct 20 2025 14:20:00 GMT+0530 (India Standard Time)","5380.00","5380.50","5376.50","5378.00"
"Mon Oct 20 2025 14:25:00 GMT+0530 (India Standard Time)","5378.00","5385.00","5376.50","5382.50"
"Mon Oct 20 2025 14:30:00 GMT+0530 (India Standard Time)","5384.50","5385.00","5380.00","5384.50"
"Mon Oct 20 2025 14:35:00 GMT+0530 (India Standard Time)","5384.50","5388.00","5381.50","5387.50"
"Mon Oct 20 2025 14:40:00 GMT+0530 (India Standard Time)","5387.50","5401.00","5385.50","5400.00"
"Mon Oct 20 2025 14:45:00 GMT+0530 (India Standard Time)","5400.50","5400.50","5387.00","5389.00"
"Mon Oct 20 2025 14:50:00 GMT+0530 (India Standard Time)","5389.00","5401.00","5386.00","5401.00"
"Mon Oct 20 2025 14:55:00 GMT+0530 (India Standard Time)","5401.00","5401.00","5396.00","5399.50"
"Mon Oct 20 2025 15:00:00 GMT+0530 (India Standard Time)","5399.50","5399.50","5395.00","5395.00"
"Mon Oct 20 2025 15:05:00 GMT+0530 (India Standard Time)","5395.50","5401.00","5395.00","5400.50"
"Mon Oct 20 2025 15:10:00 GMT+0530 (India Standard Time)","5400.50","5401.00","5400.00","5400.50"
"Mon Oct 20 2025 15:15:00 GMT+0530 (India Standard Time)","5400.50","5401.00","5400.00","5400.00"
"Mon Oct 20 2025 15:20:00 GMT+0530 (India Standard Time)","5400.00","5402.00","5391.00","5393.00"
"Mon Oct 20 2025 15:25:00 GMT+0530 (India Standard Time)","5391.50","5400.00","5385.50","5393.00"
"Tue Oct 21 2025 13:45:00 GMT+0530 (India Standard Time)","5424.50","5445.00","5414.00","5420.00"
"Tue Oct 21 2025 13:50:00 GMT+0530 (India Standard Time)","5419.50","5420.00","5410.00","5416.00"
"Tue Oct 21 2025 13:55:00 GMT+0530 (India Standard Time)","5415.00","5416.50","5405.00","5413.50"
"Tue Oct 21 2025 14:00:00 GMT+0530 (India Standard Time)","5414.00","5419.50","5409.50","5419.00"
"Tue Oct 21 2025 14:05:00 GMT+0530 (India Standard Time)","5419.00","5419.00","5410.50","5416.50"
"Tue Oct 21 2025 14:10:00 GMT+0530 (India Standard Time)","5412.50","5417.00","5412.50","5416.00"
"Tue Oct 21 2025 14:15:00 GMT+0530 (India Standard Time)","5416.00","5416.50","5403.00","5410.50"
"Tue Oct 21 2025 14:20:00 GMT+0530 (India Standard Time)","5409.50","5410.50","5400.00","5409.50"
"Tue Oct 21 2025 14:25:00 GMT+0530 (India Standard Time)","5409.50","5411.00","5406.50","5406.50"
"Tue Oct 21 2025 14:30:00 GMT+0530 (India Standard Time)","5410.00","5410.00","5270.00","5348.00"
"Tue Oct 21 2025 14:35:00 GMT+0530 (India Standard Time)","5348.00","5373.00","5344.50","5361.50"
"Tue Oct 21 2025 14:40:00 GMT+0530 (India Standard Time)","5361.50","5363.50","5338.00","5350.50"
"Thu Oct 23 2025 09:15:00 GMT+0530 (India Standard Time)","5401.50","5438.00","5364.50","5412.50"
"Thu Oct 23 2025 09:20:00 GMT+0530 (India Standard Time)","5411.00","5424.50","5398.50","5424.00"
"Thu Oct 23 2025 09:25:00 GMT+0530 (India Standard Time)","5432.50","5454.00","5432.00","5438.50"
"Thu Oct 23 2025 09:30:00 GMT+0530 (India Standard Time)","5438.50","5448.00","5427.50","5434.00"
"Thu Oct 23 2025 09:35:00 GMT+0530 (India Standard Time)","5433.50","5444.00","5425.50","5438.00"
"Thu Oct 23 2025 09:40:00 GMT+0530 (India Standard Time)","5438.00","5445.00","5431.00","5436.00"
"Thu Oct 23 2025 09:45:00 GMT+0530 (India Standard Time)","5436.00","5438.50","5428.00","5428.00"
"Thu Oct 23 2025 09:50:00 GMT+0530 (India Standard Time)","5428.50","5432.50","5402.50","5413.50"
"Thu Oct 23 2025 09:55:00 GMT+0530 (India Standard Time)","5413.50","5418.00","5409.00","5412.00"
"Thu Oct 23 2025 10:00:00 GMT+0530 (India Standard Time)","5415.00","5427.50","5409.00","5423.00"
"Thu Oct 23 2025 10:05:00 GMT+0530 (India Standard Time)","5423.00","5436.50","5423.00","5429.00"
"Thu Oct 23 2025 10:10:00 GMT+0530 (India Standard Time)","5429.00","5433.00","5425.00","5429.50"
"Thu Oct 23 2025 10:15:00 GMT+0530 (India Standard Time)","5429.00","5434.00","5424.00","5428.00"
"Thu Oct 23 2025 10:20:00 GMT+0530 (India Standard Time)","5428.00","5443.50","5428.00","5438.50"
"Thu Oct 23 2025 10:25:00 GMT+0530 (India Standard Time)","5438.50","5454.00","5435.50","5441.00"
"Thu Oct 23 2025 10:30:00 GMT+0530 (India Standard Time)","5441.00","5459.00","5441.00","5452.00"
"Thu Oct 23 2025 10:35:00 GMT+0530 (India Standard Time)","5452.00","5457.00","5446.00","5448.00"
"Thu Oct 23 2025 10:40:00 GMT+0530 (India Standard Time)","5448.00","5470.00","5444.00","5459.00"
"Thu Oct 23 2025 10:45:00 GMT+0530 (India Standard Time)","5459.00","5460.00","5450.00","5453.50"
"Thu Oct 23 2025 10:50:00 GMT+0530 (India Standard Time)","5453.50","5456.00","5445.00","5447.50"
"Thu Oct 23 2025 10:55:00 GMT+0530 (India Standard Time)","5447.50","5453.00","5447.50","5450.50"
"Thu Oct 23 2025 11:00:00 GMT+0530 (India Standard Time)","5450.50","5454.50","5445.50","5447.00"
"Thu Oct 23 2025 11:05:00 GMT+0530 (India Standard Time)","5447.00","5449.50","5443.50","5444.00"
"Thu Oct 23 2025 11:10:00 GMT+0530 (India Standard Time)","5444.50","5452.50","5444.50","5452.50"
"Thu Oct 23 2025 11:15:00 GMT+0530 (India Standard Time)","5452.50","5456.00","5449.50","5455.00"
"Thu Oct 23 2025 11:20:00 GMT+0530 (India Standard Time)","5455.00","5456.00","5448.00","5450.00"
"Thu Oct 23 2025 11:25:00 GMT+0530 (India Standard Time)","5450.00","5450.00","5440.00","5440.00"
"Thu Oct 23 2025 11:30:00 GMT+0530 (India Standard Time)","5440.00","5441.00","5436.00","5439.00"
"Thu Oct 23 2025 11:35:00 GMT+0530 (India Standard Time)","5440.00","5440.00","5437.00","5440.00"
"Thu Oct 23 2025 11:40:00 GMT+0530 (India Standard Time)","5440.50","5440.50","5431.00","5431.00"
"Thu Oct 23 2025 11:45:00 GMT+0530 (India Standard Time)","5431.00","5435.50","5431.00","5434.00"
"Thu Oct 23 2025 11:50:00 GMT+0530 (India Standard Time)","5434.00","5444.50","5434.00","5438.00"
"Thu Oct 23 2025 11:55:00 GMT+0530 (India Standard Time)","5439.00","5439.00","5433.00","5433.50"
"Thu Oct 23 2025 12:00:00 GMT+0530 (India Standard Time)","5436.50","5436.50","5433.00","5433.00"
"Thu Oct 23 2025 12:05:00 GMT+0530 (India Standard Time)","5435.50","5437.50","5433.00","5435.50"
"Thu Oct 23 2025 12:10:00 GMT+0530 (India Standard Time)","5435.50","5438.50","5433.50","5438.50"
"Thu Oct 23 2025 12:15:00 GMT+0530 (India Standard Time)","5437.50","5439.00","5435.00","5435.00"
"Thu Oct 23 2025 12:20:00 GMT+0530 (India Standard Time)","5435.00","5437.00","5435.00","5437.00"
"Thu Oct 23 2025 12:25:00 GMT+0530 (India Standard Time)","5437.00","5439.00","5436.00","5436.00"
"Thu Oct 23 2025 12:30:00 GMT+0530 (India Standard Time)","5436.00","5442.00","5435.00","5442.00"
"Thu Oct 23 2025 12:35:00 GMT+0530 (India Standard Time)","5442.00","5455.00","5442.00","5455.00"
"Thu Oct 23 2025 12:40:00 GMT+0530 (India Standard Time)","5455.00","5460.00","5450.50","5456.50"
"Thu Oct 23 2025 12:45:00 GMT+0530 (India Standard Time)","5456.50","5460.00","5446.00","5449.50"
"Thu Oct 23 2025 12:50:00 GMT+0530 (India Standard Time)","5449.50","5450.00","5445.00","5448.50"
"Thu Oct 23 2025 12:55:00 GMT+0530 (India Standard Time)","5448.50","5448.50","5445.00","5446.50"
"Thu Oct 23 2025 13:00:00 GMT+0530 (India Standard Time)","5448.50","5449.00","5445.50","5445.50"
"Thu Oct 23 2025 13:05:00 GMT+0530 (India Standard Time)","5445.50","5452.00","5445.50","5451.00"
"Thu Oct 23 2025 13:10:00 GMT+0530 (India Standard Time)","5454.00","5470.00","5454.00","5461.50"
"Thu Oct 23 2025 13:15:00 GMT+0530 (India Standard Time)","5461.50","5466.00","5460.00","5460.00"
"Thu Oct 23 2025 13:20:00 GMT+0530 (India Standard Time)","5460.00","5462.50","5459.00","5460.00"
"Thu Oct 23 2025 13:25:00 GMT+0530 (India Standard Time)","5460.00","5470.00","5460.00","5467.00"
"Thu Oct 23 2025 13:30:00 GMT+0530 (India Standard Time)","5467.00","5469.50","5460.00","5460.00"
"Thu Oct 23 2025 13:35:00 GMT+0530 (India Standard Time)","5460.00","5470.00","5460.00","5468.00"
"Thu Oct 23 2025 13:40:00 GMT+0530 (India Standard Time)","5468.00","5480.00","5468.00","5476.00"
"Thu Oct 23 2025 13:45:00 GMT+0530 (India Standard Time)","5477.00","5484.00","5475.00","5481.00"
"Thu Oct 23 2025 13:50:00 GMT+0530 (India Standard Time)","5480.00","5485.00","5475.00","5475.50"
"Thu Oct 23 2025 13:55:00 GMT+0530 (India Standard Time)","5475.00","5478.00","5464.00","5464.00"
"Thu Oct 23 2025 14:00:00 GMT+0530 (India Standard Time)","5464.00","5470.00","5458.00","5464.00"
"Thu Oct 23 2025 14:05:00 GMT+0530 (India Standard Time)","5464.00","5474.50","5459.00","5466.50"
"Thu Oct 23 2025 14:10:00 GMT+0530 (India Standard Time)","5466.50","5466.50","5450.00","5457.00"
"Thu Oct 23 2025 14:15:00 GMT+0530 (India Standard Time)","5457.00","5480.00","5457.00","5472.00"
"Thu Oct 23 2025 14:20:00 GMT+0530 (India Standard Time)","5472.00","5472.00","5465.00","5468.50"
"Thu Oct 23 2025 14:25:00 GMT+0530 (India Standard Time)","5469.00","5475.50","5466.00","5473.50"
"Thu Oct 23 2025 14:30:00 GMT+0530 (India Standard Time)","5472.00","5476.00","5471.00","5474.00"
"Thu Oct 23 2025 14:35:00 GMT+0530 (India Standard Time)","5474.00","5490.00","5474.00","5486.50"
"Thu Oct 23 2025 14:40:00 GMT+0530 (India Standard Time)","5486.50","5488.50","5484.00","5485.50"
"Thu Oct 23 2025 14:45:00 GMT+0530 (India Standard Time)","5487.00","5487.00","5484.00","5487.00"
"Thu Oct 23 2025 14:50:00 GMT+0530 (India Standard Time)","5487.00","5490.00","5484.00","5487.50"
"Thu Oct 23 2025 14:55:00 GMT+0530 (India Standard Time)","5487.50","5487.50","5484.00","5485.00"
"Thu Oct 23 2025 15:00:00 GMT+0530 (India Standard Time)","5485.50","5485.50","5461.00","5461.00"
"Thu Oct 23 2025 15:05:00 GMT+0530 (India Standard Time)","5461.00","5470.00","5444.00","5458.00"
"Thu Oct 23 2025 15:10:00 GMT+0530 (India Standard Time)","5460.00","5462.50","5449.00","5458.00"
"Thu Oct 23 2025 15:15:00 GMT+0530 (India Standard Time)","5460.00","5486.00","5460.00","5480.00"
"Thu Oct 23 2025 15:20:00 GMT+0530 (India Standard Time)","5480.00","5488.50","5480.00","5485.00"
"Thu Oct 23 2025 15:25:00 GMT+0530 (India Standard Time)","5485.00","5489.00","5462.00","5485.00"
"Fri Oct 24 2025 09:15:00 GMT+0530 (India Standard Time)","5499.50","5510.00","5462.00","5475.00"
"Fri Oct 24 2025 09:20:00 GMT+0530 (India Standard Time)","5477.00","5523.50","5476.00","5521.00"
"Fri Oct 24 2025 09:25:00 GMT+0530 (India Standard Time)","5521.00","5526.00","5492.00","5512.50"
"Fri Oct 24 2025 09:30:00 GMT+0530 (India Standard Time)","5515.00","5539.50","5510.00","5532.00"
"Fri Oct 24 2025 09:35:00 GMT+0530 (India Standard Time)","5532.00","5545.00","5527.00","5539.50"
"Fri Oct 24 2025 09:40:00 GMT+0530 (India Standard Time)","5539.50","5543.00","5530.00","5531.00"
"Fri Oct 24 2025 09:45:00 GMT+0530 (India Standard Time)","5531.00","5569.00","5530.00","5555.00"
"Fri Oct 24 2025 09:50:00 GMT+0530 (India Standard Time)","5552.00","5554.50","5540.00","5543.00"
"Fri Oct 24 2025 09:55:00 GMT+0530 (India Standard Time)","5543.00","5565.00","5540.00","5562.00"
"Fri Oct 24 2025 10:00:00 GMT+0530 (India Standard Time)","5559.00","5565.00","5549.00","5557.50"
"Fri Oct 24 2025 10:05:00 GMT+0530 (India Standard Time)","5555.50","5560.00","5552.00","5555.00"
"Fri Oct 24 2025 10:10:00 GMT+0530 (India Standard Time)","5555.00","5555.00","5533.00","5533.50"
"Fri Oct 24 2025 10:15:00 GMT+0530 (India Standard Time)","5535.50","5537.50","5531.50","5532.00"
"Fri Oct 24 2025 10:20:00 GMT+0530 (India Standard Time)","5532.00","5540.50","5530.00","5540.50"
"Fri Oct 24 2025 10:25:00 GMT+0530 (India Standard Time)","5539.00","5541.00","5532.00","5535.00"
"Fri Oct 24 2025 10:30:00 GMT+0530 (India Standard Time)","5532.50","5544.00","5532.50","5543.50"
"Fri Oct 24 2025 10:35:00 GMT+0530 (India Standard Time)","5540.50","5545.50","5537.00","5543.00"
"Fri Oct 24 2025 10:40:00 GMT+0530 (India Standard Time)","5541.00","5543.00","5521.50","5530.50"
"Fri Oct 24 2025 10:45:00 GMT+0530 (India Standard Time)","5530.50","5539.50","5527.00","5539.50"
"Fri Oct 24 2025 10:50:00 GMT+0530 (India Standard Time)","5538.50","5544.50","5533.00","5533.00"
"Fri Oct 24 2025 10:55:00 GMT+0530 (India Standard Time)","5537.00","5538.50","5530.00","5535.00"
"Fri Oct 24 2025 11:00:00 GMT+0530 (India Standard Time)","5535.00","5537.00","5521.50","5524.00"
"Fri Oct 24 2025 11:05:00 GMT+0530 (India Standard Time)","5524.00","5532.50","5516.00","5530.00"
"Fri Oct 24 2025 11:10:00 GMT+0530 (India Standard Time)","5528.50","5529.50","5521.00","5524.50"
"Fri Oct 24 2025 11:15:00 GMT+0530 (India Standard Time)","5524.50","5533.50","5516.50","5532.50"
"Fri Oct 24 2025 11:20:00 GMT+0530 (India Standard Time)","5532.50","5540.00","5532.00","5536.00"
"Fri Oct 24 2025 11:25:00 GMT+0530 (India Standard Time)","5536.00","5540.00","5534.00","5537.50"
"Fri Oct 24 2025 11:30:00 GMT+0530 (India Standard Time)","5537.50","5542.50","5535.50","5539.00"
"Fri Oct 24 2025 11:35:00 GMT+0530 (India Standard Time)","5539.00","5541.00","5535.50","5538.00"
"Fri Oct 24 2025 11:40:00 GMT+0530 (India Standard Time)","5538.00","5540.00","5535.00","5537.00"
"Fri Oct 24 2025 11:45:00 GMT+0530 (India Standard Time)","5537.00","5537.50","5531.00","5532.00"
"Fri Oct 24 2025 11:50:00 GMT+0530 (India Standard Time)","5532.00","5538.50","5532.00","5538.50"
"Fri Oct 24 2025 11:55:00 GMT+0530 (India Standard Time)","5538.50","5545.00","5536.50","5543.00"
"Fri Oct 24 2025 12:00:00 GMT+0530 (India Standard Time)","5543.00","5557.00","5542.00","5555.00"
"Fri Oct 24 2025 12:05:00 GMT+0530 (India Standard Time)","5555.00","5557.00","5552.00","5555.50"
"Fri Oct 24 2025 12:10:00 GMT+0530 (India Standard Time)","5556.50","5563.50","5552.50","5552.50"
"Fri Oct 24 2025 12:15:00 GMT+0530 (India Standard Time)","5552.50","5559.50","5551.00","5551.00"
"Fri Oct 24 2025 12:20:00 GMT+0530 (India Standard Time)","5551.00","5557.50","5550.00","5555.00"
"Fri Oct 24 2025 12:25:00 GMT+0530 (India Standard Time)","5555.00","5555.00","5550.00","5551.50"
"Fri Oct 24 2025 12:30:00 GMT+0530 (India Standard Time)","5551.50","5555.00","5550.00","5550.00"
"Fri Oct 24 2025 12:35:00 GMT+0530 (India Standard Time)","5550.00","5556.00","5550.00","5551.00"
"Fri Oct 24 2025 12:40:00 GMT+0530 (India Standard Time)","5554.00","5556.00","5550.00","5553.00"
"Fri Oct 24 2025 12:45:00 GMT+0530 (India Standard Time)","5553.00","5553.00","5550.00","5550.50"
"Fri Oct 24 2025 12:50:00 GMT+0530 (India Standard Time)","5551.00","5553.00","5549.00","5550.00"
"Fri Oct 24 2025 12:55:00 GMT+0530 (India Standard Time)","5550.00","5553.00","5550.00","5550.50"
"Fri Oct 24 2025 13:00:00 GMT+0530 (India Standard Time)","5550.00","5552.00","5550.00","5550.00"
"Fri Oct 24 2025 13:05:00 GMT+0530 (India Standard Time)","5550.00","5557.00","5550.00","5555.50"
"Fri Oct 24 2025 13:10:00 GMT+0530 (India Standard Time)","5555.50","5555.50","5550.00","5550.00"
"Fri Oct 24 2025 13:15:00 GMT+0530 (India Standard Time)","5550.00","5553.00","5550.00","5551.00"
"Fri Oct 24 2025 13:20:00 GMT+0530 (India Standard Time)","5551.00","5551.50","5525.50","5526.50"
"Fri Oct 24 2025 13:25:00 GMT+0530 (India Standard Time)","5526.50","5542.50","5524.00","5537.00"
"Fri Oct 24 2025 13:30:00 GMT+0530 (India Standard Time)","5537.00","5541.00","5534.50","5535.00"
"Fri Oct 24 2025 13:35:00 GMT+0530 (India Standard Time)","5535.00","5545.00","5534.00","5535.00"
"Fri Oct 24 2025 13:40:00 GMT+0530 (India Standard Time)","5535.00","5541.00","5535.00","5536.50"
"Fri Oct 24 2025 13:45:00 GMT+0530 (India Standard Time)","5536.50","5544.50","5534.50","5537.50"
"Fri Oct 24 2025 13:50:00 GMT+0530 (India Standard Time)","5537.50","5539.00","5535.00","5537.00"
"Fri Oct 24 2025 13:55:00 GMT+0530 (India Standard Time)","5537.00","5537.00","5535.00","5535.00"
"Fri Oct 24 2025 14:00:00 GMT+0530 (India Standard Time)","5535.00","5537.00","5534.50","5535.00"
"Fri Oct 24 2025 14:05:00 GMT+0530 (India Standard Time)","5535.00","5540.00","5535.00","5535.00"
"Fri Oct 24 2025 14:10:00 GMT+0530 (India Standard Time)","5535.00","5541.50","5535.00","5540.00"
"Fri Oct 24 2025 14:15:00 GMT+0530 (India Standard Time)","5540.00","5545.00","5538.00","5542.00"
"Fri Oct 24 2025 14:20:00 GMT+0530 (India Standard Time)","5542.00","5542.50","5535.50","5537.50"
"Fri Oct 24 2025 14:25:00 GMT+0530 (India Standard Time)","5536.00","5541.00","5535.00","5537.00"
"Fri Oct 24 2025 14:30:00 GMT+0530 (India Standard Time)","5537.00","5539.00","5535.00","5535.50"
"Fri Oct 24 2025 14:35:00 GMT+0530 (India Standard Time)","5535.00","5536.50","5533.50","5536.00"
"Fri Oct 24 2025 14:40:00 GMT+0530 (India Standard Time)","5536.00","5539.50","5521.00","5534.00"
"Fri Oct 24 2025 14:45:00 GMT+0530 (India Standard Time)","5536.00","5541.00","5534.00","5536.50"
"Fri Oct 24 2025 14:50:00 GMT+0530 (India Standard Time)","5535.00","5537.00","5534.50","5535.00"
"Fri Oct 24 2025 14:55:00 GMT+0530 (India Standard Time)","5535.00","5539.50","5533.50","5536.50"
"Fri Oct 24 2025 15:00:00 GMT+0530 (India Standard Time)","5536.50","5544.00","5534.00","5543.50"
"Fri Oct 24 2025 15:05:00 GMT+0530 (India Standard Time)","5544.00","5548.00","5543.00","5543.00"
"Fri Oct 24 2025 15:10:00 GMT+0530 (India Standard Time)","5543.50","5550.00","5543.00","5549.00"
"Fri Oct 24 2025 15:15:00 GMT+0530 (India Standard Time)","5548.00","5550.50","5541.50","5542.50"
"Fri Oct 24 2025 15:20:00 GMT+0530 (India Standard Time)","5543.50","5545.50","5540.50","5545.50"
"Fri Oct 24 2025 15:25:00 GMT+0530 (India Standard Time)","5545.50","5549.00","5530.00","5540.00"
"Mon Oct 27 2025 09:15:00 GMT+0530 (India Standard Time)","5549.00","5566.50","5528.50","5543.00"
"Mon Oct 27 2025 09:20:00 GMT+0530 (India Standard Time)","5546.50","5551.00","5536.00","5536.00"
"Mon Oct 27 2025 09:25:00 GMT+0530 (India Standard Time)","5536.00","5540.00","5520.00","5539.00"
"Mon Oct 27 2025 09:30:00 GMT+0530 (India Standard Time)","5535.50","5548.00","5533.50","5548.00"
"Mon Oct 27 2025 09:35:00 GMT+0530 (India Standard Time)","5548.00","5552.50","5541.50","5543.00"
"Mon Oct 27 2025 09:40:00 GMT+0530 (India Standard Time)","5543.00","5563.50","5540.00","5561.00"
"Mon Oct 27 2025 09:45:00 GMT+0530 (India Standard Time)","5561.00","5578.00","5561.00","5577.00"
"Mon Oct 27 2025 09:50:00 GMT+0530 (India Standard Time)","5577.00","5579.00","5565.50","5575.00"
"Mon Oct 27 2025 09:55:00 GMT+0530 (India Standard Time)","5575.00","5578.00","5571.50","5573.50"
"Mon Oct 27 2025 10:00:00 GMT+0530 (India Standard Time)","5573.50","5575.00","5570.00","5570.50"
"Mon Oct 27 2025 10:05:00 GMT+0530 (India Standard Time)","5570.50","5579.50","5567.00","5577.50"
"Mon Oct 27 2025 10:10:00 GMT+0530 (India Standard Time)","5577.50","5596.50","5577.00","5591.50"
"Mon Oct 27 2025 10:15:00 GMT+0530 (India Standard Time)","5594.00","5594.00","5583.00","5588.50"
"Mon Oct 27 2025 10:20:00 GMT+0530 (India Standard Time)","5588.50","5591.50","5581.50","5591.00"
"Mon Oct 27 2025 10:25:00 GMT+0530 (India Standard Time)","5591.00","5610.00","5591.00","5597.50"
"Mon Oct 27 2025 10:30:00 GMT+0530 (India Standard Time)","5597.50","5598.50","5590.50","5590.50"
"Mon Oct 27 2025 10:35:00 GMT+0530 (India Standard Time)","5590.50","5605.00","5587.50","5605.00"
"Mon Oct 27 2025 10:40:00 GMT+0530 (India Standard Time)","5605.00","5610.00","5601.00","5606.00"
"Mon Oct 27 2025 10:45:00 GMT+0530 (India Standard Time)","5606.00","5611.00","5596.50","5600.50"
"Mon Oct 27 2025 10:50:00 GMT+0530 (India Standard Time)","5600.50","5608.50","5600.00","5605.50"
"Mon Oct 27 2025 10:55:00 GMT+0530 (India Standard Time)","5605.50","5610.00","5603.00","5608.50"
"Mon Oct 27 2025 11:00:00 GMT+0530 (India Standard Time)","5608.00","5613.50","5608.00","5611.50"
"Mon Oct 27 2025 11:05:00 GMT+0530 (India Standard Time)","5610.00","5615.00","5607.50","5614.50"
"Mon Oct 27 2025 11:10:00 GMT+0530 (India Standard Time)","5614.50","5617.50","5609.00","5614.00"
"Mon Oct 27 2025 11:15:00 GMT+0530 (India Standard Time)","5614.00","5618.50","5612.00","5612.00"
"Mon Oct 27 2025 11:20:00 GMT+0530 (India Standard Time)","5612.50","5617.00","5610.50","5616.00"
"Mon Oct 27 2025 11:25:00 GMT+0530 (India Standard Time)","5615.00","5621.00","5613.50","5620.00"
"Mon Oct 27 2025 11:30:00 GMT+0530 (India Standard Time)","5620.00","5623.00","5607.00","5610.00"
"Mon Oct 27 2025 11:35:00 GMT+0530 (India Standard Time)","5606.50","5610.00","5600.00","5602.00"
"Mon Oct 27 2025 11:40:00 GMT+0530 (India Standard Time)","5602.00","5621.00","5602.00","5611.00"
"Mon Oct 27 2025 11:45:00 GMT+0530 (India Standard Time)","5611.00","5612.00","5605.00","5605.50"
"Mon Oct 27 2025 11:50:00 GMT+0530 (India Standard Time)","5606.00","5613.50","5606.00","5607.00"
"Mon Oct 27 2025 11:55:00 GMT+0530 (India Standard Time)","5607.00","5611.50","5607.00","5611.00"
"Mon Oct 27 2025 12:00:00 GMT+0530 (India Standard Time)","5611.00","5613.00","5608.00","5610.00"
"Mon Oct 27 2025 12:05:00 GMT+0530 (India Standard Time)","5610.00","5610.00","5604.00","5607.50"
"Mon Oct 27 2025 12:10:00 GMT+0530 (India Standard Time)","5607.50","5610.50","5605.00","5609.50"
"Mon Oct 27 2025 12:15:00 GMT+0530 (India Standard Time)","5609.50","5613.00","5604.00","5605.50"
"Mon Oct 27 2025 12:20:00 GMT+0530 (India Standard Time)","5604.50","5610.00","5602.00","5607.00"
"Mon Oct 27 2025 12:25:00 GMT+0530 (India Standard Time)","5607.00","5607.00","5595.00","5597.00"
"Mon Oct 27 2025 12:30:00 GMT+0530 (India Standard Time)","5597.00","5603.50","5593.50","5595.00"
"Mon Oct 27 2025 12:35:00 GMT+0530 (India Standard Time)","5595.00","5601.00","5595.00","5601.00"
"Mon Oct 27 2025 12:40:00 GMT+0530 (India Standard Time)","5601.00","5606.50","5597.00","5600.00"
"Mon Oct 27 2025 12:45:00 GMT+0530 (India Standard Time)","5600.00","5603.00","5597.00","5599.50"
"Mon Oct 27 2025 12:50:00 GMT+0530 (India Standard Time)","5599.50","5602.50","5596.00","5598.50"
"Mon Oct 27 2025 12:55:00 GMT+0530 (India Standard Time)","5598.50","5598.50","5580.00","5584.50"
"Mon Oct 27 2025 13:00:00 GMT+0530 (India Standard Time)","5584.50","5584.50","5575.00","5579.00"
"Mon Oct 27 2025 13:05:00 GMT+0530 (India Standard Time)","5579.00","5583.00","5575.50","5581.50"
"Mon Oct 27 2025 13:10:00 GMT+0530 (India Standard Time)","5581.50","5585.50","5577.00","5585.50"
"Mon Oct 27 2025 13:15:00 GMT+0530 (India Standard Time)","5585.50","5590.50","5583.50","5584.00"