"Date","Open","High","Low","Close"
"Wed Dec 17 2025 11:20:00 GMT+0530 (India Standard Time)","4999.00","5001.00","4995.50","4998.00"
"Wed Dec 17 2025 11:25:00 GMT+0530 (India Standard Time)","4998.00","4998.50","4993.00","4998.50"
"Wed Dec 17 2025 11:30:00 GMT+0530 (India Standard Time)","4998.50","4998.50","4993.00","4993.50"
"Wed Dec 17 2025 11:35:00 GMT+0530 (India Standard Time)","4993.50","4998.00","4992.50","4996.00"
"Wed Dec 17 2025 11:40:00 GMT+0530 (India Standard Time)","4996.00","5003.00","4996.00","4998.50"
"Wed Dec 17 2025 11:45:00 GMT+0530 (India Standard Time)","4998.50","5001.50","4996.50","5001.00"
"Wed Dec 17 2025 11:50:00 GMT+0530 (India Standard Time)","5001.00","5002.50","4995.00","4996.50"
"Wed Dec 17 2025 11:55:00 GMT+0530 (India Standard Time)","4996.50","4998.00","4992.00","4995.00"
"Wed Dec 17 2025 12:00:00 GMT+0530 (India Standard Time)","4995.00","4995.00","4986.50","4988.00"
"Wed Dec 17 2025 12:05:00 GMT+0530 (India Standard Time)","4988.00","4991.00","4987.50","4989.50"
"Wed Dec 17 2025 12:10:00 GMT+0530 (India Standard Time)","4989.50","4996.00","4988.00","4993.00"
"Wed Dec 17 2025 12:15:00 GMT+0530 (India Standard Time)","4993.00","4998.00","4990.50","4992.00"
"Wed Dec 17 2025 12:20:00 GMT+0530 (India Standard Time)","4992.00","4992.00","4986.00","4986.00"
"Wed Dec 17 2025 12:25:00 GMT+0530 (India Standard Time)","4986.00","4986.50","4982.50","4986.00"
"Wed Dec 17 2025 12:30:00 GMT+0530 (India Standard Time)","4986.00","4986.50","4981.50","4983.50"
"Wed Dec 17 2025 12:35:00 GMT+0530 (India Standard Time)","4983.00","4984.50","4980.50","4983.00"
"Wed Dec 17 2025 12:40:00 GMT+0530 (India Standard Time)","4983.00","4984.50","4980.00","4982.00"
"Wed Dec 17 2025 12:45:00 GMT+0530 (India Standard Time)","4982.00","4982.00","4975.00","4976.00"
"Wed Dec 17 2025 12:50:00 GMT+0530 (India Standard Time)","4976.00","4984.50","4976.00","4981.00"
"Wed Dec 17 2025 12:55:00 GMT+0530 (India Standard Time)","4981.00","4982.00","4978.50","4980.50"
"Wed Dec 17 2025 13:00:00 GMT+0530 (India Standard Time)","4980.50","4981.50","4976.50","4980.50"
"Wed Dec 17 2025 13:05:00 GMT+0530 (India Standard Time)","4980.50","4986.50","4979.00","4982.00"
"Wed Dec 17 2025 13:10:00 GMT+0530 (India Standard Time)","4982.00","4985.50","4981.00","4981.00"
"Wed Dec 17 2025 13:15:00 GMT+0530 (India Standard Time)","4981.00","4981.00","4977.50","4977.50"
"Wed Dec 17 2025 13:20:00 GMT+0530 (India Standard Time)","4977.50","4981.50","4975.50","4981.00"
"Wed Dec 17 2025 13:25:00 GMT+0530 (India Standard Time)","4981.00","4983.50","4978.50","4980.00"
"Wed Dec 17 2025 13:30:00 GMT+0530 (India Standard Time)","4982.50","4982.50","4977.00","4978.00"
"Wed Dec 17 2025 13:35:00 GMT+0530 (India Standard Time)","4978.00","4978.50","4973.00","4977.50"
"Wed Dec 17 2025 13:40:00 GMT+0530 (India Standard Time)","4975.00","4977.50","4971.00","4973.50"
"Wed Dec 17 2025 13:45:00 GMT+0530 (India Standard Time)","4973.50","4973.50","4968.00","4973.00"
"Wed Dec 17 2025 13:50:00 GMT+0530 (India Standard Time)","4973.00","4973.00","4964.00","4969.50"
"Wed Dec 17 2025 13:55:00 GMT+0530 (India Standard Time)","4969.50","4971.00","4964.00","4969.00"
"Wed Dec 17 2025 14:00:00 GMT+0530 (India Standard Time)","4969.00","4969.00","4961.00","4967.00"
"Wed Dec 17 2025 14:05:00 GMT+0530 (India Standard Time)","4966.50","4969.00","4965.00","4967.00"
"Wed Dec 17 2025 14:10:00 GMT+0530 (India Standard Time)","4967.00","4968.50","4963.00","4968.50"
"Wed Dec 17 2025 14:15:00 GMT+0530 (India Standard Time)","4968.50","4974.50","4963.50","4974.00"
"Wed Dec 17 2025 14:20:00 GMT+0530 (India Standard Time)","4974.00","4975.00","4965.00","4965.00"
"Wed Dec 17 2025 14:25:00 GMT+0530 (India Standard Time)","4966.50","4970.00","4961.50","4962.00"
"Wed Dec 17 2025 14:30:00 GMT+0530 (India Standard Time)","4962.00","4966.00","4962.00","4964.00"
"Wed Dec 17 2025 14:35:00 GMT+0530 (India Standard Time)","4965.50","4965.50","4950.50","4956.00"
"Wed Dec 17 2025 14:40:00 GMT+0530 (India Standard Time)","4956.00","4965.00","4956.00","4963.50"
"Wed Dec 17 2025 14:45:00 GMT+0530 (India Standard Time)","4963.50","4970.00","4959.00","4967.50"
"Wed Dec 17 2025 14:50:00 GMT+0530 (India Standard Time)","4967.50","4970.00","4963.50","4968.50"
"Wed Dec 17 2025 14:55:00 GMT+0530 (India Standard Time)","4968.50","4968.50","4960.00","4965.00"
"Wed Dec 17 2025 15:00:00 GMT+0530 (India Standard Time)","4971.50","4984.00","4971.50","4972.50"
"Wed Dec 17 2025 15:05:00 GMT+0530 (India Standard Time)","4972.50","4976.50","4967.50","4969.50"
"Wed Dec 17 2025 15:10:00 GMT+0530 (India Standard Time)","4969.50","4975.00","4969.50","4975.00"
"Wed Dec 17 2025 15:15:00 GMT+0530 (India Standard Time)","4973.50","4973.50","4961.50","4964.00"
"Wed Dec 17 2025 15:20:00 GMT+0530 (India Standard Time)","4964.50","4966.00","4960.00","4964.00"
"Wed Dec 17 2025 15:25:00 GMT+0530 (India Standard Time)","4963.00","4963.50","4955.00","4962.00"
"Thu Dec 18 2025 09:15:00 GMT+0530 (India Standard Time)","4980.00","5008.50","4969.00","5008.50"
"Thu Dec 18 2025 09:20:00 GMT+0530 (India Standard Time)","5006.00","5010.00","4988.00","5007.50"
"Thu Dec 18 2025 09:25:00 GMT+0530 (India Standard Time)","5006.50","5008.00","4998.00","4998.00"
"Thu Dec 18 2025 09:30:00 GMT+0530 (India Standard Time)","4998.00","5000.00","4978.50","4981.00"
"Thu Dec 18 2025 09:35:00 GMT+0530 (India Standard Time)","4981.00","4981.00","4970.00","4973.50"
"Thu Dec 18 2025 09:40:00 GMT+0530 (India Standard Time)","4972.00","4973.50","4952.50","4954.00"
"Thu Dec 18 2025 09:45:00 GMT+0530 (India Standard Time)","4954.50","4954.50","4941.00","4949.00"
"Thu Dec 18 2025 09:50:00 GMT+0530 (India Standard Time)","4949.00","4949.00","4938.00","4946.00"
"Thu Dec 18 2025 09:55:00 GMT+0530 (India Standard Time)","4946.00","4947.50","4939.50","4942.50"
"Thu Dec 18 2025 10:00:00 GMT+0530 (India Standard Time)","4942.50","4943.00","4934.50","4937.00"
"Thu Dec 18 2025 10:05:00 GMT+0530 (India Standard Time)","4937.00","4948.50","4936.00","4948.00"
"Thu Dec 18 2025 10:10:00 GMT+0530 (India Standard Time)","4948.00","4959.00","4943.50","4958.00"
"Thu Dec 18 2025 10:15:00 GMT+0530 (India Standard Time)","4955.50","4961.00","4950.50","4961.00"
"Thu Dec 18 2025 10:20:00 GMT+0530 (India Standard Time)","4961.00","4969.00","4954.00","4967.50"
"Thu Dec 18 2025 10:25:00 GMT+0530 (India Standard Time)","4967.50","4967.50","4957.00","4957.00"
"Thu Dec 18 2025 10:30:00 GMT+0530 (India Standard Time)","4958.00","4962.50","4955.00","4961.50"
"Thu Dec 18 2025 10:35:00 GMT+0530 (India Standard Time)","4961.50","4968.00","4952.00","4956.50"
"Thu Dec 18 2025 10:40:00 GMT+0530 (India Standard Time)","4956.00","4969.50","4956.00","4969.00"
"Thu Dec 18 2025 10:45:00 GMT+0530 (India Standard Time)","4969.00","4976.00","4966.00","4970.00"
"Thu Dec 18 2025 10:50:00 GMT+0530 (India Standard Time)","4970.00","4970.00","4960.00","4962.50"
"Thu Dec 18 2025 10:55:00 GMT+0530 (India Standard Time)","4963.50","4965.00","4962.00","4963.50"
"Thu Dec 18 2025 11:00:00 GMT+0530 (India Standard Time)","4962.50","4977.50","4962.00","4977.00"
"Thu Dec 18 2025 11:05:00 GMT+0530 (India Standard Time)","4977.00","4977.50","4974.00","4977.50"
"Thu Dec 18 2025 11:10:00 GMT+0530 (India Standard Time)","4977.50","4977.50","4969.00","4969.50"
"Thu Dec 18 2025 11:15:00 GMT+0530 (India Standard Time)","4969.50","4978.50","4968.50","4978.50"
"Thu Dec 18 2025 11:20:00 GMT+0530 (India Standard Time)","4978.50","4983.50","4976.50","4983.00"
"Thu Dec 18 2025 11:25:00 GMT+0530 (India Standard Time)","4984.00","4996.50","4983.00","4992.50"
"Thu Dec 18 2025 11:30:00 GMT+0530 (India Standard Time)","4994.50","5004.00","4992.00","4995.50"
"Thu Dec 18 2025 11:35:00 GMT+0530 (India Standard Time)","4995.50","4996.00","4985.50","4986.50"
"Thu Dec 18 2025 11:40:00 GMT+0530 (India Standard Time)","4986.50","4998.00","4986.50","4998.00"
"Thu Dec 18 2025 11:45:00 GMT+0530 (India Standard Time)","4998.00","4999.50","4990.50","4999.00"
"Thu Dec 18 2025 11:50:00 GMT+0530 (India Standard Time)","4999.50","5006.50","4999.00","5006.50"
"Thu Dec 18 2025 11:55:00 GMT+0530 (India Standard Time)","5006.50","5007.00","5004.00","5007.00"
"Thu Dec 18 2025 12:00:00 GMT+0530 (India Standard Time)","5007.00","5007.50","5001.00","5001.00"
"Thu Dec 18 2025 12:05:00 GMT+0530 (India Standard Time)","5001.00","5001.00","4993.50","5000.50"
"Thu Dec 18 2025 12:10:00 GMT+0530 (India Standard Time)","5000.50","5000.50","4996.50","4996.50"
"Thu Dec 18 2025 12:15:00 GMT+0530 (India Standard Time)","4995.50","4998.00","4994.50","4997.00"
"Thu Dec 18 2025 12:20:00 GMT+0530 (India Standard Time)","4997.00","4997.00","4990.50","4992.50"
"Thu Dec 18 2025 12:25:00 GMT+0530 (India Standard Time)","4992.50","4995.00","4989.50","4994.00"
"Thu Dec 18 2025 12:30:00 GMT+0530 (India Standard Time)","4994.00","5000.00","4992.50","4998.00"
"Thu Dec 18 2025 12:35:00 GMT+0530 (India Standard Time)","4998.00","5000.00","4993.50","5000.00"
"Thu Dec 18 2025 12:40:00 GMT+0530 (India Standard Time)","5000.00","5000.00","4995.00","5000.00"
"Thu Dec 18 2025 12:45:00 GMT+0530 (India Standard Time)","5001.00","5006.00","5001.00","5004.50"
"Thu Dec 18 2025 12:50:00 GMT+0530 (India Standard Time)","5004.50","5004.50","4999.00","5001.00"
"Thu Dec 18 2025 12:55:00 GMT+0530 (India Standard Time)","5001.00","5001.50","4995.50","4996.50"
"Thu Dec 18 2025 13:00:00 GMT+0530 (India Standard Time)","4996.50","5004.50","4996.00","5003.00"
"Thu Dec 18 2025 13:05:00 GMT+0530 (India Standard Time)","5003.00","5008.50","5002.50","5007.00"
"Thu Dec 18 2025 13:10:00 GMT+0530 (India Standard Time)","5007.00","5007.00","5001.00","5002.00"
"Thu Dec 18 2025 13:15:00 GMT+0530 (India Standard Time)","5002.00","5004.00","5001.50","5003.50"
"Thu Dec 18 2025 13:20:00 GMT+0530 (India Standard Time)","5003.50","5003.50","4995.00","4997.00"
"Thu Dec 18 2025 13:25:00 GMT+0530 (India Standard Time)","4997.00","5000.00","4995.00","4996.50"
"Thu Dec 18 2025 13:30:00 GMT+0530 (India Standard Time)","4995.00","4997.00","4991.00","4993.00"
"Thu Dec 18 2025 13:35:00 GMT+0530 (India Standard Time)","4990.50","4994.50","4990.50","4991.00"
"Thu Dec 18 2025 13:40:00 GMT+0530 (India Standard Time)","4991.00","4995.00","4990.50","4990.50"
"Thu Dec 18 2025 13:45:00 GMT+0530 (India Standard Time)","4990.50","4993.00","4989.00","4991.00"
"Thu Dec 18 2025 13:50:00 GMT+0530 (India Standard Time)","4991.00","4991.00","4987.00","4990.00"
"Thu Dec 18 2025 13:55:00 GMT+0530 (India Standard Time)","4990.00","4991.00","4983.50","4986.00"
"Thu Dec 18 2025 14:00:00 GMT+0530 (India Standard Time)","4985.00","4985.00","4979.00","4981.00"
"Thu Dec 18 2025 14:05:00 GMT+0530 (India Standard Time)","4981.00","4983.00","4978.00","4981.00"
"Thu Dec 18 2025 14:10:00 GMT+0530 (India Standard Time)","4981.00","4981.00","4973.00","4975.50"
"Thu Dec 18 2025 14:15:00 GMT+0530 (India Standard Time)","4975.50","4975.50","4969.00","4969.00"
"Thu Dec 18 2025 14:20:00 GMT+0530 (India Standard Time)","4967.00","4967.00","4956.00","4959.00"
"Thu Dec 18 2025 14:25:00 GMT+0530 (India Standard Time)","4959.00","4964.00","4952.50","4959.50"
"Thu Dec 18 2025 14:30:00 GMT+0530 (India Standard Time)","4961.50","4979.00","4959.50","4972.50"
"Thu Dec 18 2025 14:35:00 GMT+0530 (India Standard Time)","4972.50","4979.00","4966.50","4968.50"
"Thu Dec 18 2025 14:40:00 GMT+0530 (India Standard Time)","4968.50","4972.00","4965.00","4965.00"
"Thu Dec 18 2025 14:45:00 GMT+0530 (India Standard Time)","4965.00","4977.00","4963.50","4972.00"
"Thu Dec 18 2025 14:50:00 GMT+0530 (India Standard Time)","4972.00","4974.00","4969.50","4970.50"
"Thu Dec 18 2025 14:55:00 GMT+0530 (India Standard Time)","4970.50","4989.00","4970.00","4989.00"
"Thu Dec 18 2025 15:00:00 GMT+0530 (India Standard Time)","4996.00","5002.00","4987.50","4997.00"
"Thu Dec 18 2025 15:05:00 GMT+0530 (India Standard Time)","4997.00","5000.00","4992.50","4996.50"
"Thu Dec 18 2025 15:10:00 GMT+0530 (India Standard Time)","4997.00","5001.50","4992.00","4997.00"
"Thu Dec 18 2025 15:15:00 GMT+0530 (India Standard Time)","4995.50","5019.50","4993.00","5018.00"
"Thu Dec 18 2025 15:20:00 GMT+0530 (India Standard Time)","5018.00","5027.00","5008.50","5024.50"
"Thu Dec 18 2025 15:25:00 GMT+0530 (India Standard Time)","5024.50","5049.50","5018.50","5046.00"
"Fri Dec 19 2025 09:15:00 GMT+0530 (India Standard Time)","5116.00","5127.00","5062.00","5086.50"
"Fri Dec 19 2025 09:20:00 GMT+0530 (India Standard Time)","5086.50","5157.00","5082.50","5151.50"
"Fri Dec 19 2025 09:25:00 GMT+0530 (India Standard Time)","5150.50","5175.00","5140.00","5164.50"
"Fri Dec 19 2025 09:30:00 GMT+0530 (India Standard Time)","5163.50","5168.00","5151.00","5161.00"
"Fri Dec 19 2025 09:35:00 GMT+0530 (India Standard Time)","5161.00","5181.50","5160.00","5165.50"
"Fri Dec 19 2025 09:40:00 GMT+0530 (India Standard Time)","5165.50","5174.00","5155.00","5168.50"
"Fri Dec 19 2025 09:45:00 GMT+0530 (India Standard Time)","5171.00","5172.00","5154.00","5163.00"
"Fri Dec 19 2025 09:50:00 GMT+0530 (India Standard Time)","5163.00","5163.50","5152.00","5156.50"
"Fri Dec 19 2025 09:55:00 GMT+0530 (India Standard Time)","5159.00","5162.00","5155.50","5159.50"
"Fri Dec 19 2025 10:00:00 GMT+0530 (India Standard Time)","5156.50","5165.00","5155.50","5162.50"
"Fri Dec 19 2025 10:05:00 GMT+0530 (India Standard Time)","5162.50","5184.50","5156.00","5179.50"
"Fri Dec 19 2025 10:10:00 GMT+0530 (India Standard Time)","5179.50","5181.50","5171.00","5176.00"
"Fri Dec 19 2025 10:15:00 GMT+0530 (India Standard Time)","5175.50","5177.00","5166.50","5167.50"
"Fri Dec 19 2025 10:20:00 GMT+0530 (India Standard Time)","5169.00","5197.00","5168.00","5194.50"
"Fri Dec 19 2025 10:25:00 GMT+0530 (India Standard Time)","5195.50","5233.00","5194.50","5222.00"
"Fri Dec 19 2025 10:30:00 GMT+0530 (India Standard Time)","5221.50","5250.00","5214.50","5247.00"
"Fri Dec 19 2025 10:35:00 GMT+0530 (India Standard Time)","5247.00","5275.00","5245.50","5275.00"
"Fri Dec 19 2025 10:40:00 GMT+0530 (India Standard Time)","5274.50","5283.50","5257.50","5260.00"
"Fri Dec 19 2025 10:45:00 GMT+0530 (India Standard Time)","5262.50","5263.00","5231.00","5254.50"
"Fri Dec 19 2025 10:50:00 GMT+0530 (India Standard Time)","5251.00","5259.00","5243.50","5249.00"
"Fri Dec 19 2025 10:55:00 GMT+0530 (India Standard Time)","5249.00","5256.50","5231.50","5235.00"
"Fri Dec 19 2025 11:00:00 GMT+0530 (India Standard Time)","5235.00","5253.00","5234.00","5243.00"
"Fri Dec 19 2025 11:05:00 GMT+0530 (India Standard Time)","5242.50","5251.00","5235.50","5238.50"
"Fri Dec 19 2025 11:10:00 GMT+0530 (India Standard Time)","5238.50","5250.00","5233.50","5247.50"
"Fri Dec 19 2025 11:15:00 GMT+0530 (India Standard Time)","5249.00","5258.00","5236.50","5253.00"
"Fri Dec 19 2025 11:20:00 GMT+0530 (India Standard Time)","5253.00","5270.00","5253.00","5266.50"
"Fri Dec 19 2025 11:25:00 GMT+0530 (India Standard Time)","5266.50","5284.50","5259.00","5270.00"
"Fri Dec 19 2025 11:30:00 GMT+0530 (India Standard Time)","5270.00","5277.00","5266.00","5270.00"
"Fri Dec 19 2025 11:35:00 GMT+0530 (India Standard Time)","5270.00","5321.00","5264.50","5319.00"
"Fri Dec 19 2025 11:40:00 GMT+0530 (India Standard Time)","5319.00","5335.00","5311.00","5314.00"
"Fri Dec 19 2025 11:45:00 GMT+0530 (India Standard Time)","5314.00","5325.00","5312.00","5323.00"
"Fri Dec 19 2025 11:50:00 GMT+0530 (India Standard Time)","5323.00","5323.00","5301.00","5312.00"
"Fri Dec 19 2025 11:55:00 GMT+0530 (India Standard Time)","5313.00","5313.00","5300.00","5306.00"
"Fri Dec 19 2025 12:00:00 GMT+0530 (India Standard Time)","5306.00","5321.00","5306.00","5313.00"
"Fri Dec 19 2025 12:05:00 GMT+0530 (India Standard Time)","5311.00","5319.50","5311.00","5315.50"
"Fri Dec 19 2025 12:10:00 GMT+0530 (India Standard Time)","5315.50","5341.50","5315.50","5332.00"
"Fri Dec 19 2025 12:15:00 GMT+0530 (India Standard Time)","5332.00","5339.00","5328.50","5334.00"
"Fri Dec 19 2025 12:20:00 GMT+0530 (India Standard Time)","5334.00","5347.00","5333.00","5339.00"
"Fri Dec 19 2025 12:25:00 GMT+0530 (India Standard Time)","5339.00","5350.00","5338.00","5341.00"
"Fri Dec 19 2025 12:30:00 GMT+0530 (India Standard Time)","5341.00","5346.50","5325.00","5345.50"
"Fri Dec 19 2025 12:35:00 GMT+0530 (India Standard Time)","5345.50","5358.00","5340.00","5358.00"
"Fri Dec 19 2025 12:40:00 GMT+0530 (India Standard Time)","5357.50","5364.00","5355.00","5355.50"
"Fri Dec 19 2025 12:45:00 GMT+0530 (India Standard Time)","5358.00","5364.00","5346.50","5361.50"
"Fri Dec 19 2025 12:50:00 GMT+0530 (India Standard Time)","5361.50","5364.00","5351.00","5360.00"
"Fri Dec 19 2025 12:55:00 GMT+0530 (India Standard Time)","5360.00","5361.50","5356.00","5359.00"
"Fri Dec 19 2025 13:00:00 GMT+0530 (India Standard Time)","5359.00","5367.50","5351.00","5352.50"
"Fri Dec 19 2025 13:05:00 GMT+0530 (India Standard Time)","5351.50","5362.00","5351.00","5356.00"
"Fri Dec 19 2025 13:10:00 GMT+0530 (India Standard Time)","5356.00","5362.00","5345.00","5353.50"
"Fri Dec 19 2025 13:15:00 GMT+0530 (India Standard Time)","5352.50","5357.00","5348.00","5353.00"
"Fri Dec 19 2025 13:20:00 GMT+0530 (India Standard Time)","5353.50","5380.00","5353.50","5369.50"
"Fri Dec 19 2025 13:25:00 GMT+0530 (India Standard Time)","5369.50","5398.50","5365.50","5396.50"
"Fri Dec 19 2025 13:30:00 GMT+0530 (India Standard Time)","5398.00","5425.00","5396.00","5422.50"
"Fri Dec 19 2025 13:35:00 GMT+0530 (India Standard Time)","5423.00","5434.50","5401.50","5413.50"
"Fri Dec 19 2025 13:40:00 GMT+0530 (India Standard Time)","5413.50","5418.00","5405.50","5413.00"
"Fri Dec 19 2025 13:45:00 GMT+0530 (India Standard Time)","5412.00","5415.00","5401.50","5405.00"
"Fri Dec 19 2025 13:50:00 GMT+0530 (India Standard Time)","5405.00","5415.00","5403.00","5404.00"
"Fri Dec 19 2025 13:55:00 GMT+0530 (India Standard Time)","5404.00","5423.50","5403.50","5423.00"
"Fri Dec 19 2025 14:00:00 GMT+0530 (India Standard Time)","5423.50","5433.50","5419.00","5424.00"
"Fri Dec 19 2025 14:05:00 GMT+0530 (India Standard Time)","5424.00","5428.50","5416.00","5421.50"
"Fri Dec 19 2025 14:10:00 GMT+0530 (India Standard Time)","5421.50","5450.00","5420.00","5445.00"
"Fri Dec 19 2025 14:15:00 GMT+0530 (India Standard Time)","5447.50","5447.50","5427.00","5432.00"
"Fri Dec 19 2025 14:20:00 GMT+0530 (India Standard Time)","5430.50","5439.00","5430.50","5435.00"
"Fri Dec 19 2025 14:25:00 GMT+0530 (India Standard Time)","5435.00","5435.00","5412.00","5426.00"
"Fri Dec 19 2025 14:30:00 GMT+0530 (India Standard Time)","5426.00","5434.50","5421.00","5422.00"
"Fri Dec 19 2025 14:35:00 GMT+0530 (India Standard Time)","5424.50","5433.00","5422.00","5431.00"
"Fri Dec 19 2025 14:40:00 GMT+0530 (India Standard Time)","5431.00","5438.00","5425.00","5431.50"
"Fri Dec 19 2025 14:45:00 GMT+0530 (India Standard Time)","5431.50","5434.50","5425.00","5429.00"
"Fri Dec 19 2025 14:50:00 GMT+0530 (India Standard Time)","5430.00","5433.00","5422.50","5427.00"
"Fri Dec 19 2025 14:55:00 GMT+0530 (India Standard Time)","5427.00","5430.00","5421.50","5428.50"
"Fri Dec 19 2025 15:00:00 GMT+0530 (India Standard Time)","5426.00","5428.00","5379.00","5407.50"
"Fri Dec 19 2025 15:05:00 GMT+0530 (India Standard Time)","5408.00","5425.00","5408.00","5418.00"
"Fri Dec 19 2025 15:10:00 GMT+0530 (India Standard Time)","5414.50","5426.50","5412.50","5414.00"
"Fri Dec 19 2025 15:15:00 GMT+0530 (India Standard Time)","5414.00","5425.00","5410.50","5422.00"
"Fri Dec 19 2025 15:20:00 GMT+0530 (India Standard Time)","5422.00","5426.00","5412.50","5418.50"
"Fri Dec 19 2025 15:25:00 GMT+0530 (India Standard Time)","5418.50","5422.50","5403.50","5410.00"
"Mon Dec 22 2025 09:15:00 GMT+0530 (India Standard Time)","5410.50","5500.00","5397.50","5490.50"
"Mon Dec 22 2025 09:20:00 GMT+0530 (India Standard Time)","5489.00","5506.50","5461.00","5481.00"
"Mon Dec 22 2025 09:25:00 GMT+0530 (India Standard Time)","5481.00","5487.00","5460.50","5467.50"
"Mon Dec 22 2025 09:30:00 GMT+0530 (India Standard Time)","5467.50","5480.50","5445.00","5445.00"
"Mon Dec 22 2025 09:35:00 GMT+0530 (India Standard Time)","5445.00","5478.50","5444.00","5456.00"
"Mon Dec 22 2025 09:40:00 GMT+0530 (India Standard Time)","5456.00","5470.50","5445.00","5454.00"
"Mon Dec 22 2025 09:45:00 GMT+0530 (India Standard Time)","5451.50","5464.00","5448.00","5457.50"
"Mon Dec 22 2025 09:50:00 GMT+0530 (India Standard Time)","5464.00","5476.00","5457.00","5462.00"
"Mon Dec 22 2025 09:55:00 GMT+0530 (India Standard Time)","5460.50","5472.00","5454.50","5471.50"
"Mon Dec 22 2025 10:00:00 GMT+0530 (India Standard Time)","5470.00","5484.50","5470.00","5473.00"
"Mon Dec 22 2025 10:05:00 GMT+0530 (India Standard Time)","5473.00","5476.00","5464.00","5466.50"
"Mon Dec 22 2025 10:10:00 GMT+0530 (India Standard Time)","5464.00","5482.00","5464.00","5476.00"
"Mon Dec 22 2025 10:15:00 GMT+0530 (India Standard Time)","5477.00","5503.00","5475.50","5502.00"
"Mon Dec 22 2025 10:20:00 GMT+0530 (India Standard Time)","5502.00","5503.00","5490.00","5495.00"
"Mon Dec 22 2025 10:25:00 GMT+0530 (India Standard Time)","5495.00","5495.00","5487.00","5488.50"
"Mon Dec 22 2025 10:30:00 GMT+0530 (India Standard Time)","5488.50","5490.50","5462.50","5479.50"
"Mon Dec 22 2025 10:35:00 GMT+0530 (India Standard Time)","5477.50","5480.00","5473.50","5479.50"
"Mon Dec 22 2025 10:40:00 GMT+0530 (India Standard Time)","5479.50","5481.50","5474.50","5476.00"
"Mon Dec 22 2025 10:45:00 GMT+0530 (India Standard Time)","5477.00","5497.00","5472.00","5497.00"
"Mon Dec 22 2025 10:50:00 GMT+0530 (India Standard Time)","5497.50","5498.50","5483.00","5485.50"
"Mon Dec 22 2025 10:55:00 GMT+0530 (India Standard Time)","5485.50","5485.50","5477.00","5481.50"
"Mon Dec 22 2025 11:00:00 GMT+0530 (India Standard Time)","5481.00","5481.00","5467.00","5477.00"
"Mon Dec 22 2025 11:05:00 GMT+0530 (India Standard Time)","5477.50","5479.00","5476.50","5478.00"
"Mon Dec 22 2025 11:10:00 GMT+0530 (India Standard Time)","5478.00","5490.00","5476.50","5480.00"
"Mon Dec 22 2025 11:15:00 GMT+0530 (India Standard Time)","5480.00","5484.50","5474.00","5478.00"
"Mon Dec 22 2025 11:20:00 GMT+0530 (India Standard Time)","5478.00","5480.00","5473.00","5475.00"
"Mon Dec 22 2025 11:25:00 GMT+0530 (India Standard Time)","5475.00","5484.00","5474.00","5484.00"
"Mon Dec 22 2025 11:30:00 GMT+0530 (India Standard Time)","5484.00","5485.00","5473.50","5476.00"
"Mon Dec 22 2025 11:35:00 GMT+0530 (India Standard Time)","5476.00","5481.00","5475.00","5478.00"
"Mon Dec 22 2025 11:40:00 GMT+0530 (India Standard Time)","5478.00","5484.00","5475.00","5479.00"
"Mon Dec 22 2025 11:45:00 GMT+0530 (India Standard Time)","5479.00","5482.00","5477.00","5481.00"
"Mon Dec 22 2025 11:50:00 GMT+0530 (India Standard Time)","5481.00","5485.00","5478.50","5481.50"
"Mon Dec 22 2025 11:55:00 GMT+0530 (India Standard Time)","5480.50","5493.00","5480.50","5492.00"
"Mon Dec 22 2025 12:00:00 GMT+0530 (India Standard Time)","5489.00","5491.50","5483.00","5484.00"
"Mon Dec 22 2025 12:05:00 GMT+0530 (India Standard Time)","5484.00","5489.00","5484.00","5489.00"
"Mon Dec 22 2025 12:10:00 GMT+0530 (India Standard Time)","5488.50","5488.50","5478.00","5479.50"
"Mon Dec 22 2025 12:15:00 GMT+0530 (India Standard Time)","5479.50","5483.50","5478.00","5480.00"
"Mon Dec 22 2025 12:20:00 GMT+0530 (India Standard Time)","5480.00","5488.00","5480.00","5483.00"
"Mon Dec 22 2025 12:25:00 GMT+0530 (India Standard Time)","5483.00","5485.00","5476.00","5477.00"
"Mon Dec 22 2025 12:30:00 GMT+0530 (India Standard Time)","5477.00","5480.50","5471.00","5474.00"
"Mon Dec 22 2025 12:35:00 GMT+0530 (India Standard Time)","5474.00","5486.50","5473.50","5480.00"
"Mon Dec 22 2025 12:40:00 GMT+0530 (India Standard Time)","5480.00","5480.00","5474.00","5474.50"
"Mon Dec 22 2025 12:45:00 GMT+0530 (India Standard Time)","5474.50","5478.00","5447.50","5447.50"
"Mon Dec 22 2025 12:50:00 GMT+0530 (India Standard Time)","5442.00","5463.50","5438.00","5456.00"
"Mon Dec 22 2025 12:55:00 GMT+0530 (India Standard Time)","5456.00","5459.50","5450.50","5455.50"
"Mon Dec 22 2025 13:00:00 GMT+0530 (India Standard Time)","5454.50","5459.00","5444.00","5447.50"
"Mon Dec 22 2025 13:05:00 GMT+0530 (India Standard Time)","5447.50","5450.00","5422.00","5422.00"
"Mon Dec 22 2025 13:10:00 GMT+0530 (India Standard Time)","5422.00","5437.00","5421.00","5422.50"
"Mon Dec 22 2025 13:15:00 GMT+0530 (India Standard Time)","5422.50","5449.00","5421.00","5442.00"
"Mon Dec 22 2025 13:20:00 GMT+0530 (India Standard Time)","5441.50","5455.00","5436.00","5454.50"
"Mon Dec 22 2025 13:25:00 GMT+0530 (India Standard Time)","5454.50","5478.00","5450.00","5471.50"
"Mon Dec 22 2025 13:30:00 GMT+0530 (India Standard Time)","5473.00","5473.00","5461.00","5462.50"
"Mon Dec 22 2025 13:35:00 GMT+0530 (India Standard Time)","5462.00","5468.50","5456.50","5465.00"
"Mon Dec 22 2025 13:40:00 GMT+0530 (India Standard Time)","5465.00","5473.50","5465.00","5465.50"
"Mon Dec 22 2025 13:45:00 GMT+0530 (India Standard Time)","5465.50","5473.00","5465.50","5472.00"
"Mon Dec 22 2025 13:50:00 GMT+0530 (India Standard Time)","5472.00","5472.00","5468.50","5472.00"
"Mon Dec 22 2025 13:55:00 GMT+0530 (India Standard Time)","5472.00","5473.00","5466.00","5471.50"
"Mon Dec 22 2025 14:00:00 GMT+0530 (India Standard Time)","5471.50","5472.00","5469.00","5470.00"
"Mon Dec 22 2025 14:05:00 GMT+0530 (India Standard Time)","5470.00","5490.00","5470.00","5480.50"
"Mon Dec 22 2025 14:10:00 GMT+0530 (India Standard Time)","5480.50","5481.50","5465.00","5476.00"
"Mon Dec 22 2025 14:15:00 GMT+0530 (India Standard Time)","5474.50","5476.00","5464.00","5464.00"
"Mon Dec 22 2025 14:20:00 GMT+0530 (India Standard Time)","5464.50","5471.50","5456.00","5471.50"
"Mon Dec 22 2025 14:25:00 GMT+0530 (India Standard Time)","5471.00","5473.50","5466.00","5469.00"
"Mon Dec 22 2025 14:30:00 GMT+0530 (India Standard Time)","5469.00","5469.50","5462.50","5466.50"
"Mon Dec 22 2025 14:35:00 GMT+0530 (India Standard Time)","5466.50","5470.00","5453.00","5455.50"
"Mon Dec 22 2025 14:40:00 GMT+0530 (India Standard Time)","5455.50","5459.00","5453.00","5458.50"
"Mon Dec 22 2025 14:45:00 GMT+0530 (India Standard Time)","5458.50","5458.50","5440.50","5443.00"
"Mon Dec 22 2025 14:50:00 GMT+0530 (India Standard Time)","5443.00","5453.00","5442.50","5452.50"
"Mon Dec 22 2025 14:55:00 GMT+0530 (India Standard Time)","5453.00","5466.50","5450.50","5461.00"
"Mon Dec 22 2025 15:00:00 GMT+0530 (India Standard Time)","5461.00","5470.00","5460.50","5462.00"
"Mon Dec 22 2025 15:05:00 GMT+0530 (India Standard Time)","5464.50","5466.50","5460.50","5465.50"
"Mon Dec 22 2025 15:10:00 GMT+0530 (India Standard Time)","5465.50","5466.50","5457.50","5457.50"
"Mon Dec 22 2025 15:15:00 GMT+0530 (India Standard Time)","5457.50","5464.50","5453.50","5460.50"
"Mon Dec 22 2025 15:20:00 GMT+0530 (India Standard Time)","5461.50","5463.50","5448.00","5458.00"
"Mon Dec 22 2025 15:25:00 GMT+0530 (India Standard Time)","5454.50","5460.00","5445.00","5446.00"
"Tue Dec 23 2025 09:15:00 GMT+0530 (India Standard Time)","5440.00","5450.00","5422.50","5427.50"
"Tue Dec 23 2025 09:20:00 GMT+0530 (India Standard Time)","5430.00","5434.00","5410.00","5428.00"
"Tue Dec 23 2025 09:25:00 GMT+0530 (India Standard Time)","5428.00","5428.50","5402.50","5413.00"
"Tue Dec 23 2025 09:30:00 GMT+0530 (India Standard Time)","5416.00","5423.50","5409.50","5419.00"
"Tue Dec 23 2025 09:35:00 GMT+0530 (India Standard Time)","5419.00","5465.00","5415.50","5450.00"
"Tue Dec 23 2025 09:40:00 GMT+0530 (India Standard Time)","5450.00","5450.00","5420.50","5428.50"
"Tue Dec 23 2025 09:45:00 GMT+0530 (India Standard Time)","5428.50","5440.00","5425.50","5437.00"
"Tue Dec 23 2025 09:50:00 GMT+0530 (India Standard Time)","5435.00","5455.00","5425.00","5454.00"
"Tue Dec 23 2025 09:55:00 GMT+0530 (India Standard Time)","5452.00","5483.50","5451.00","5465.00"
"Tue Dec 23 2025 10:00:00 GMT+0530 (India Standard Time)","5465.00","5475.00","5460.00","5471.00"
"Tue Dec 23 2025 10:05:00 GMT+0530 (India Standard Time)","5471.00","5471.50","5460.50","5467.50"
"Tue Dec 23 2025 10:10:00 GMT+0530 (India Standard Time)","5467.00","5476.50","5467.00","5468.00"
"Tue Dec 23 2025 10:15:00 GMT+0530 (India Standard Time)","5468.00","5468.00","5446.00","5449.50"
"Tue Dec 23 2025 10:20:00 GMT+0530 (India Standard Time)","5449.50","5450.00","5441.50","5447.00"
"Tue Dec 23 2025 10:25:00 GMT+0530 (India Standard Time)","5447.00","5449.00","5436.50","5438.50"
"Tue Dec 23 2025 10:30:00 GMT+0530 (India Standard Time)","5438.50","5443.00","5435.00","5438.50"
"Tue Dec 23 2025 10:35:00 GMT+0530 (India Standard Time)","5439.50","5440.00","5432.00","5434.50"
"Tue Dec 23 2025 10:40:00 GMT+0530 (India Standard Time)","5435.00","5444.00","5434.50","5441.00"
"Tue Dec 23 2025 10:45:00 GMT+0530 (India Standard Time)","5441.00","5444.00","5440.00","5442.50"
"Tue Dec 23 2025 10:50:00 GMT+0530 (India Standard Time)","5442.50","5446.00","5441.00","5444.00"
"Tue Dec 23 2025 10:55:00 GMT+0530 (India Standard Time)","5444.00","5449.00","5440.00","5442.00"
"Tue Dec 23 2025 11:00:00 GMT+0530 (India Standard Time)","5442.00","5444.00","5438.50","5441.50"
"Tue Dec 23 2025 11:05:00 GMT+0530 (India Standard Time)","5443.50","5456.50","5443.50","5451.50"
"Tue Dec 23 2025 11:10:00 GMT+0530 (India Standard Time)","5451.50","5459.00","5450.50","5455.50"
"Tue Dec 23 2025 11:15:00 GMT+0530 (India Standard Time)","5455.50","5462.50","5448.50","5462.50"
"Tue Dec 23 2025 11:20:00 GMT+0530 (India Standard Time)","5462.50","5465.50","5451.00","5456.00"
"Tue Dec 23 2025 11:25:00 GMT+0530 (India Standard Time)","5456.00","5456.00","5448.50","5448.50"
"Tue Dec 23 2025 11:30:00 GMT+0530 (India Standard Time)","5448.50","5450.00","5445.00","5445.00"
"Tue Dec 23 2025 11:35:00 GMT+0530 (India Standard Time)","5445.00","5447.00","5432.00","5442.00"
"Tue Dec 23 2025 11:40:00 GMT+0530 (India Standard Time)","5441.50","5454.50","5438.50","5452.50"
"Tue Dec 23 2025 11:45:00 GMT+0530 (India Standard Time)","5452.50","5459.50","5445.00","5448.50"
"Tue Dec 23 2025 11:50:00 GMT+0530 (India Standard Time)","5448.50","5455.50","5444.50","5455.00"
"Tue Dec 23 2025 11:55:00 GMT+0530 (India Standard Time)","5455.00","5455.00","5447.50","5450.00"
"Tue Dec 23 2025 12:00:00 GMT+0530 (India Standard Time)","5450.00","5454.50","5447.00","5450.00"
"Tue Dec 23 2025 12:05:00 GMT+0530 (India Standard Time)","5450.00","5453.50","5446.50","5448.50"
"Tue Dec 23 2025 12:10:00 GMT+0530 (India Standard Time)","5448.50","5448.50","5444.00","5444.00"
"Tue Dec 23 2025 12:15:00 GMT+0530 (India Standard Time)","5444.00","5444.00","5440.50","5441.00"
"Tue Dec 23 2025 12:20:00 GMT+0530 (India Standard Time)","5441.00","5445.50","5440.50","5441.50"
"Tue Dec 23 2025 12:25:00 GMT+0530 (India Standard Time)","5441.50","5445.00","5440.50","5444.00"
"Tue Dec 23 2025 12:30:00 GMT+0530 (India Standard Time)","5444.00","5448.00","5441.50","5448.00"
"Tue Dec 23 2025 12:35:00 GMT+0530 (India Standard Time)","5448.00","5450.00","5444.50","5446.00"
"Tue Dec 23 2025 12:40:00 GMT+0530 (India Standard Time)","5446.00","5446.00","5441.00","5442.50"
"Tue Dec 23 2025 12:45:00 GMT+0530 (India Standard Time)","5442.50","5443.50","5432.00","5434.50"
"Tue Dec 23 2025 12:50:00 GMT+0530 (India Standard Time)","5434.50","5436.00","5431.50","5435.50"
"Tue Dec 23 2025 12:55:00 GMT+0530 (India Standard Time)","5435.50","5438.50","5431.50","5435.00"
"Tue Dec 23 2025 13:00:00 GMT+0530 (India Standard Time)","5435.00","5436.00","5431.50","5433.50"
"Tue Dec 23 2025 13:05:00 GMT+0530 (India Standard Time)","5433.50","5437.00","5431.00","5437.00"
"Tue Dec 23 2025 13:10:00 GMT+0530 (India Standard Time)","5437.00","5438.50","5431.00","5434.00"
"Tue Dec 23 2025 13:15:00 GMT+0530 (India Standard Time)","5432.00","5438.50","5431.50","5435.50"
"Tue Dec 23 2025 13:20:00 GMT+0530 (India Standard Time)","5435.50","5437.00","5432.50","5432.50"
"Tue Dec 23 2025 13:25:00 GMT+0530 (India Standard Time)","5432.50","5435.00","5432.50","5434.50"
"Tue Dec 23 2025 13:30:00 GMT+0530 (India Standard Time)","5434.50","5439.50","5433.00","5434.50"
"Tue Dec 23 2025 13:35:00 GMT+0530 (India Standard Time)","5434.50","5435.50","5426.50","5434.50"
"Tue Dec 23 2025 13:40:00 GMT+0530 (India Standard Time)","5434.50","5440.50","5430.00","5433.50"
"Tue Dec 23 2025 13:45:00 GMT+0530 (India Standard Time)","5433.50","5433.50","5430.00","5431.00"
"Tue Dec 23 2025 13:50:00 GMT+0530 (India Standard Time)","5431.00","5437.00","5427.00","5433.50"
"Tue Dec 23 2025 13:55:00 GMT+0530 (India Standard Time)","5433.50","5435.00","5430.00","5431.00"
"Tue Dec 23 2025 14:00:00 GMT+0530 (India Standard Time)","5431.00","5435.00","5430.50","5432.00"
"Tue Dec 23 2025 14:05:00 GMT+0530 (India Standard Time)","5430.50","5433.50","5427.00","5428.00"
"Tue Dec 23 2025 14:10:00 GMT+0530 (India Standard Time)","5428.00","5434.50","5428.00","5432.50"
"Tue Dec 23 2025 14:15:00 GMT+0530 (India Standard Time)","5432.50","5440.00","5430.50","5433.50"
"Tue Dec 23 2025 14:20:00 GMT+0530 (India Standard Time)","5433.50","5433.50","5428.00","5432.00"
"Tue Dec 23 2025 14:25:00 GMT+0530 (India Standard Time)","5432.00","5432.50","5425.50","5425.50"
"Tue Dec 23 2025 14:30:00 GMT+0530 (India Standard Time)","5425.50","5433.50","5420.50","5425.00"
"Tue Dec 23 2025 14:35:00 GMT+0530 (India Standard Time)","5425.00","5428.00","5421.00","5428.00"
"Tue Dec 23 2025 14:40:00 GMT+0530 (India Standard Time)","5428.00","5428.00","5410.50","5410.50"
"Tue Dec 23 2025 14:45:00 GMT+0530 (India Standard Time)","5410.50","5423.00","5410.00","5421.00"
"Tue Dec 23 2025 14:50:00 GMT+0530 (India Standard Time)","5421.00","5429.00","5421.00","5426.00"
"Tue Dec 23 2025 14:55:00 GMT+0530 (India Standard Time)","5428.00","5438.50","5426.00","5432.50"
"Tue Dec 23 2025 15:00:00 GMT+0530 (India Standard Time)","5432.50","5443.00","5432.50","5435.00"
"Tue Dec 23 2025 15:05:00 GMT+0530 (India Standard Time)","5435.00","5438.00","5426.00","5430.00"
"Tue Dec 23 2025 15:10:00 GMT+0530 (India Standard Time)","5433.00","5433.00","5428.00","5432.00"
"Tue Dec 23 2025 15:15:00 GMT+0530 (India Standard Time)","5432.00","5432.00","5425.50","5427.00"
"Tue Dec 23 2025 15:20:00 GMT+0530 (India Standard Time)","5428.50","5430.00","5420.00","5422.50"
"Tue Dec 23 2025 15:25:00 GMT+0530 (India Standard Time)","5422.50","5422.50","5417.00","5420.00"
"Wed Dec 24 2025 09:15:00 GMT+0530 (India Standard Time)","5429.50","5435.00","5404.00","5416.50"
"Wed Dec 24 2025 09:20:00 GMT+0530 (India Standard Time)","5414.50","5421.00","5410.00","5419.50"
"Wed Dec 24 2025 09:25:00 GMT+0530 (India Standard Time)","5419.50","5421.50","5410.50","5414.00"
"Wed Dec 24 2025 09:30:00 GMT+0530 (India Standard Time)","5414.50","5414.50","5405.00","5408.00"
"Wed Dec 24 2025 09:35:00 GMT+0530 (India Standard Time)","5408.00","5412.50","5390.50","5395.00"
"Wed Dec 24 2025 09:40:00 GMT+0530 (India Standard Time)","5395.50","5401.50","5389.00","5401.00"
"Wed Dec 24 2025 09:45:00 GMT+0530 (India Standard Time)","5401.00","5402.00","5390.00","5391.00"
"Wed Dec 24 2025 09:50:00 GMT+0530 (India Standard Time)","5390.00","5392.50","5383.50","5386.00"
"Wed Dec 24 2025 09:55:00 GMT+0530 (India Standard Time)","5386.00","5390.50","5383.50","5387.50"
"Wed Dec 24 2025 10:00:00 GMT+0530 (India Standard Time)","5388.50","5403.00","5388.00","5399.00"
"Wed Dec 24 2025 10:05:00 GMT+0530 (India Standard Time)","5399.00","5399.00","5390.00","5395.50"
"Wed Dec 24 2025 10:10:00 GMT+0530 (India Standard Time)","5395.50","5397.00","5390.50","5394.00"
"Wed Dec 24 2025 10:15:00 GMT+0530 (India Standard Time)","5390.50","5400.00","5390.50","5394.50"
"Wed Dec 24 2025 10:20:00 GMT+0530 (India Standard Time)","5394.00","5403.50","5393.50","5403.50"
"Wed Dec 24 2025 10:25:00 GMT+0530 (India Standard Time)","5400.50","5404.50","5396.00","5399.50"
"Wed Dec 24 2025 10:30:00 GMT+0530 (India Standard Time)","5399.50","5401.00","5395.50","5399.00"
"Wed Dec 24 2025 10:35:00 GMT+0530 (India Standard Time)","5399.00","5402.50","5396.00","5397.00"
"Wed Dec 24 2025 10:40:00 GMT+0530 (India Standard Time)","5397.00","5401.50","5392.00","5392.00"
"Wed Dec 24 2025 10:45:00 GMT+0530 (India Standard Time)","5392.50","5396.50","5390.00","5394.00"
"Wed Dec 24 2025 10:50:00 GMT+0530 (India Standard Time)","5394.00","5394.00","5388.00","5388.00"
"Wed Dec 24 2025 10:55:00 GMT+0530 (India Standard Time)","5388.00","5393.50","5388.00","5390.00"
"Wed Dec 24 2025 11:00:00 GMT+0530 (India Standard Time)","5390.00","5392.00","5385.00","5387.50"
"Wed Dec 24 2025 11:05:00 GMT+0530 (India Standard Time)","5387.50","5390.50","5386.00","5387.00"
"Wed Dec 24 2025 11:10:00 GMT+0530 (India Standard Time)","5387.00","5391.00","5387.00","5390.50"
"Wed Dec 24 2025 11:15:00 GMT+0530 (India Standard Time)","5390.50","5391.50","5387.00","5390.00"
"Wed Dec 24 2025 11:20:00 GMT+0530 (India Standard Time)","5393.00","5394.00","5391.50","5391.50"
"Wed Dec 24 2025 11:25:00 GMT+0530 (India Standard Time)","5391.50","5400.00","5391.50","5395.50"
"Wed Dec 24 2025 11:30:00 GMT+0530 (India Standard Time)","5395.50","5398.50","5392.00","5394.00"
"Wed Dec 24 2025 11:35:00 GMT+0530 (India Standard Time)","5394.00","5396.00","5394.00","5395.00"
"Wed Dec 24 2025 11:40:00 GMT+0530 (India Standard Time)","5395.00","5395.00","5387.00","5387.00"
"Wed Dec 24 2025 11:45:00 GMT+0530 (India Standard Time)","5388.00","5388.00","5383.50","5384.50"
"Wed Dec 24 2025 11:50:00 GMT+0530 (India Standard Time)","5387.00","5390.50","5384.50","5389.00"
"Wed Dec 24 2025 11:55:00 GMT+0530 (India Standard Time)","5389.00","5394.00","5387.00","5391.00"
"Wed Dec 24 2025 12:00:00 GMT+0530 (India Standard Time)","5391.50","5393.50","5390.00","5390.00"
"Wed Dec 24 2025 12:05:00 GMT+0530 (India Standard Time)","5390.00","5391.00","5385.00","5386.50"
"Wed Dec 24 2025 12:10:00 GMT+0530 (India Standard Time)","5386.50","5390.00","5384.50","5388.00"
"Wed Dec 24 2025 12:15:00 GMT+0530 (India Standard Time)","5385.00","5392.00","5385.00","5385.50"
"Wed Dec 24 2025 12:20:00 GMT+0530 (India Standard Time)","5385.50","5387.50","5377.00","5380.00"
"Wed Dec 24 2025 12:25:00 GMT+0530 (India Standard Time)","5380.00","5385.00","5377.00","5382.00"
"Wed Dec 24 2025 12:30:00 GMT+0530 (India Standard Time)","5382.00","5384.00","5380.00","5382.00"
"Wed Dec 24 2025 12:35:00 GMT+0530 (India Standard Time)","5382.00","5386.00","5380.50","5382.50"
"Wed Dec 24 2025 12:40:00 GMT+0530 (India Standard Time)","5382.50","5382.50","5375.00","5376.50"
"Wed Dec 24 2025 12:45:00 GMT+0530 (India Standard Time)","5376.50","5380.50","5375.50","5376.00"
"Wed Dec 24 2025 12:50:00 GMT+0530 (India Standard Time)","5376.00","5379.50","5374.00","5374.00"
"Wed Dec 24 2025 12:55:00 GMT+0530 (India Standard Time)","5374.50","5380.00","5363.00","5379.00"
"Wed Dec 24 2025 13:00:00 GMT+0530 (India Standard Time)","5380.50","5380.50","5375.00","5377.50"
"Wed Dec 24 2025 13:05:00 GMT+0530 (India Standard Time)","5377.50","5380.00","5373.00","5374.00"
"Wed Dec 24 2025 13:10:00 GMT+0530 (India Standard Time)","5374.00","5384.50","5374.00","5382.50"
"Wed Dec 24 2025 13:15:00 GMT+0530 (India Standard Time)","5382.50","5383.50","5377.50","5383.50"
"Wed Dec 24 2025 13:20:00 GMT+0530 (India Standard Time)","5383.50","5383.50","5380.00","5380.00"
"Wed Dec 24 2025 13:25:00 GMT+0530 (India Standard Time)","5380.00","5381.50","5376.50","5376.50"
"Wed Dec 24 2025 13:30:00 GMT+0530 (India Standard Time)","5379.50","5379.50","5375.00","5375.50"
"Wed Dec 24 2025 13:35:00 GMT+0530 (India Standard Time)","5375.00","5378.00","5374.00","5375.00"
"Wed Dec 24 2025 13:40:00 GMT+0530 (India Standard Time)","5375.00","5390.50","5375.00","5387.50"
"Wed Dec 24 2025 13:45:00 GMT+0530 (India Standard Time)","5386.00","5394.00","5383.50","5393.50"
"Wed Dec 24 2025 13:50:00 GMT+0530 (India Standard Time)","5393.50","5394.00","5388.00","5390.00"
"Wed Dec 24 2025 13:55:00 GMT+0530 (India Standard Time)","5391.50","5393.50","5385.50","5391.00"
"Wed Dec 24 2025 14:00:00 GMT+0530 (India Standard Time)","5391.00","5391.00","5384.00","5386.50"
"Wed Dec 24 2025 14:05:00 GMT+0530 (India Standard Time)","5386.50","5388.00","5380.00","5381.50"
"Wed Dec 24 2025 14:10:00 GMT+0530 (India Standard Time)","5381.50","5388.00","5380.00","5382.00"
"Wed Dec 24 2025 14:15:00 GMT+0530 (India Standard Time)","5382.00","5386.50","5380.00","5386.50"
"Wed Dec 24 2025 14:20:00 GMT+0530 (India Standard Time)","5386.50","5386.50","5382.00","5384.50"
"Wed Dec 24 2025 14:25:00 GMT+0530 (India Standard Time)","5384.50","5388.00","5382.50","5382.50"
"Wed Dec 24 2025 14:30:00 GMT+0530 (India Standard Time)","5382.50","5386.00","5380.50","5382.50"
"Wed Dec 24 2025 14:35:00 GMT+0530 (India Standard Time)","5382.50","5384.50","5380.00","5382.50"
"Wed Dec 24 2025 14:40:00 GMT+0530 (India Standard Time)","5384.00","5384.00","5374.50","5378.00"
"Wed Dec 24 2025 14:45:00 GMT+0530 (India Standard Time)","5378.00","5382.50","5375.00","5377.00"
"Wed Dec 24 2025 14:50:00 GMT+0530 (India Standard Time)","5377.00","5378.00","5368.50","5370.50"
"Wed Dec 24 2025 14:55:00 GMT+0530 (India Standard Time)","5374.50","5384.00","5370.00","5379.00"
"Wed Dec 24 2025 15:00:00 GMT+0530 (India Standard Time)","5383.00","5385.00","5379.00","5382.00"
"Wed Dec 24 2025 15:05:00 GMT+0530 (India Standard Time)","5382.00","5387.00","5374.50","5382.00"
"Wed Dec 24 2025 15:10:00 GMT+0530 (India Standard Time)","5381.00","5391.00","5376.50","5390.50"
"Wed Dec 24 2025 15:15:00 GMT+0530 (India Standard Time)","5389.50","5394.00","5386.50","5393.00"
"Wed Dec 24 2025 15:20:00 GMT+0530 (India Standard Time)","5392.50","5395.00","5388.50","5391.50"
"Wed Dec 24 2025 15:25:00 GMT+0530 (India Standard Time)","5390.50","5393.00","5384.50","5393.00"
"Fri Dec 26 2025 09:15:00 GMT+0530 (India Standard Time)","5370.00","5420.00","5346.00","5418.00"
"Fri Dec 26 2025 09:20:00 GMT+0530 (India Standard Time)","5418.50","5425.00","5409.00","5420.50"
"Fri Dec 26 2025 09:25:00 GMT+0530 (India Standard Time)","5417.00","5424.00","5412.00","5423.00"
"Fri Dec 26 2025 09:30:00 GMT+0530 (India Standard Time)","5423.00","5424.50","5404.00","5416.00"
"Fri Dec 26 2025 09:35:00 GMT+0530 (India Standard Time)","5415.50","5415.50","5400.00","5401.00"
"Fri Dec 26 2025 09:40:00 GMT+0530 (India Standard Time)","5400.00","5400.00","5393.00","5397.00"
"Fri Dec 26 2025 09:45:00 GMT+0530 (India Standard Time)","5398.00","5398.50","5390.00","5392.50"
"Fri Dec 26 2025 09:50:00 GMT+0530 (India Standard Time)","5392.50","5392.50","5380.00","5387.50"
"Fri Dec 26 2025 09:55:00 GMT+0530 (India Standard Time)","5386.00","5402.50","5381.50","5401.00"
"Fri Dec 26 2025 10:00:00 GMT+0530 (India Standard Time)","5401.00","5401.50","5390.00","5392.00"
"Fri Dec 26 2025 10:05:00 GMT+0530 (India Standard Time)","5392.00","5395.00","5385.50","5385.50"
"Fri Dec 26 2025 10:10:00 GMT+0530 (India Standard Time)","5385.50","5395.00","5382.00","5395.00"
"Fri Dec 26 2025 10:15:00 GMT+0530 (India Standard Time)","5395.00","5395.00","5390.00","5392.00"
"Fri Dec 26 2025 10:20:00 GMT+0530 (India Standard Time)","5392.00","5394.00","5387.50","5389.50"
"Fri Dec 26 2025 10:25:00 GMT+0530 (India Standard Time)","5389.50","5399.00","5389.50","5396.50"
"Fri Dec 26 2025 10:30:00 GMT+0530 (India Standard Time)","5399.00","5399.00","5394.00","5397.50"
"Fri Dec 26 2025 10:35:00 GMT+0530 (India Standard Time)","5397.50","5397.50","5390.00","5390.00"
"Fri Dec 26 2025 10:40:00 GMT+0530 (India Standard Time)","5390.00","5393.50","5386.00","5392.00"
"Fri Dec 26 2025 10:45:00 GMT+0530 (India Standard Time)","5393.00","5394.00","5390.00","5390.00"
"Fri Dec 26 2025 10:50:00 GMT+0530 (India Standard Time)","5390.50","5394.50","5390.50","5393.00"
"Fri Dec 26 2025 10:55:00 GMT+0530 (India Standard Time)","5394.00","5397.00","5390.00","5390.00"
"Fri Dec 26 2025 11:00:00 GMT+0530 (India Standard Time)","5390.00","5394.50","5390.00","5391.50"
"Fri Dec 26 2025 11:05:00 GMT+0530 (India Standard Time)","5391.50","5391.50","5386.00","5386.50"
"Fri Dec 26 2025 11:10:00 GMT+0530 (India Standard Time)","5389.00","5389.00","5382.00","5382.50"
"Fri Dec 26 2025 11:15:00 GMT+0530 (India Standard Time)","5382.50","5383.50","5374.00","5378.00"
"Fri Dec 26 2025 11:20:00 GMT+0530 (India Standard Time)","5378.00","5378.50","5370.00","5375.00"
"Fri Dec 26 2025 11:25:00 GMT+0530 (India Standard Time)","5375.00","5380.50","5374.00","5374.00"
"Fri Dec 26 2025 11:30:00 GMT+0530 (India Standard Time)","5374.00","5375.00","5372.00","5373.50"
"Fri Dec 26 2025 11:35:00 GMT+0530 (India Standard Time)","5373.50","5373.50","5363.00","5367.50"
"Fri Dec 26 2025 11:40:00 GMT+0530 (India Standard Time)","5367.50","5367.50","5357.00","5359.00"
"Fri Dec 26 2025 11:45:00 GMT+0530 (India Standard Time)","5359.00","5361.00","5358.50","5358.50"
"Fri Dec 26 2025 11:50:00 GMT+0530 (India Standard Time)","5358.50","5361.00","5353.00","5361.00"
"Fri Dec 26 2025 11:55:00 GMT+0530 (India Standard Time)","5359.00","5364.50","5358.50","5364.50"
"Fri Dec 26 2025 12:00:00 GMT+0530 (India Standard Time)","5364.50","5369.00","5360.50","5362.00"
"Fri Dec 26 2025 12:05:00 GMT+0530 (India Standard Time)","5362.00","5364.50","5360.50","5361.50"
"Fri Dec 26 2025 12:10:00 GMT+0530 (India Standard Time)","5361.50","5364.50","5361.50","5362.50"
"Fri Dec 26 2025 12:15:00 GMT+0530 (India Standard Time)","5363.50","5364.50","5360.00","5363.50"
"Fri Dec 26 2025 12:20:00 GMT+0530 (India Standard Time)","5363.50","5369.50","5360.00","5362.50"
"Fri Dec 26 2025 12:25:00 GMT+0530 (India Standard Time)","5362.00","5365.50","5360.00","5362.00"
"Fri Dec 26 2025 12:30:00 GMT+0530 (India Standard Time)","5362.00","5364.00","5355.50","5360.50"
"Fri Dec 26 2025 12:35:00 GMT+0530 (India Standard Time)","5360.50","5361.00","5357.00","5358.00"
"Fri Dec 26 2025 12:40:00 GMT+0530 (India Standard Time)","5358.00","5360.50","5357.00","5360.50"
"Fri Dec 26 2025 12:45:00 GMT+0530 (India Standard Time)","5360.50","5362.00","5357.00","5362.00"
"Fri Dec 26 2025 12:50:00 GMT+0530 (India Standard Time)","5362.00","5362.00","5354.50","5356.50"
"Fri Dec 26 2025 12:55:00 GMT+0530 (India Standard Time)","5356.50","5359.50","5350.50","5351.50"
"Fri Dec 26 2025 13:00:00 GMT+0530 (India Standard Time)","5356.00","5356.00","5350.50","5355.00"
"Fri Dec 26 2025 13:05:00 GMT+0530 (India Standard Time)","5355.00","5356.50","5353.00","5354.00"
"Fri Dec 26 2025 13:10:00 GMT+0530 (India Standard Time)","5355.00","5357.00","5352.50","5356.00"
"Fri Dec 26 2025 13:15:00 GMT+0530 (India Standard Time)","5356.00","5357.00","5352.50","5353.00"
"Fri Dec 26 2025 13:20:00 GMT+0530 (India Standard Time)","5353.00","5356.00","5352.00","5352.00"
"Fri Dec 26 2025 13:25:00 GMT+0530 (India Standard Time)","5353.50","5353.50","5347.50","5352.00"
"Fri Dec 26 2025 13:30:00 GMT+0530 (India Standard Time)","5352.00","5354.00","5351.00","5353.50"
"Fri Dec 26 2025 13:35:00 GMT+0530 (India Standard Time)","5353.50","5353.50","5347.00","5347.50"
"Fri Dec 26 2025 13:40:00 GMT+0530 (India Standard Time)","5347.50","5361.00","5346.50","5361.00"
"Fri Dec 26 2025 13:45:00 GMT+0530 (India Standard Time)","5361.00","5363.50","5353.00","5363.00"
"Fri Dec 26 2025 13:50:00 GMT+0530 (India Standard Time)","5363.00","5366.00","5360.50","5364.50"
"Fri Dec 26 2025 13:55:00 GMT+0530 (India Standard Time)","5364.50","5365.50","5360.50","5364.00"
"Fri Dec 26 2025 14:00:00 GMT+0530 (India Standard Time)","5364.00","5366.00","5362.00","5364.00"
"Fri Dec 26 2025 14:05:00 GMT+0530 (India Standard Time)","5364.00","5364.50","5360.00","5360.00"
"Fri Dec 26 2025 14:10:00 GMT+0530 (India Standard Time)","5360.00","5360.00","5352.50","5358.00"
"Fri Dec 26 2025 14:15:00 GMT+0530 (India Standard Time)","5358.00","5360.00","5352.50","5356.00"
"Fri Dec 26 2025 14:20:00 GMT+0530 (India Standard Time)","5356.00","5356.00","5351.50","5351.50"
"Fri Dec 26 2025 14:25:00 GMT+0530 (India Standard Time)","5351.50","5354.00","5346.00","5354.00"
"Fri Dec 26 2025 14:30:00 GMT+0530 (India Standard Time)","5352.00","5357.50","5347.00","5352.50"
"Fri Dec 26 2025 14:35:00 GMT+0530 (India Standard Time)","5352.50","5362.50","5350.00","5351.50"
"Fri Dec 26 2025 14:40:00 GMT+0530 (India Standard Time)","5351.50","5353.00","5348.00","5349.00"
"Fri Dec 26 2025 14:45:00 GMT+0530 (India Standard Time)","5349.00","5352.00","5343.00","5343.50"
"Fri Dec 26 2025 14:50:00 GMT+0530 (India Standard Time)","5343.50","5348.50","5339.00","5344.50"
"Fri Dec 26 2025 14:55:00 GMT+0530 (India Standard Time)","5344.50","5359.00","5342.00","5358.50"
"Fri Dec 26 2025 15:00:00 GMT+0530 (India Standard Time)","5356.00","5369.00","5353.00","5356.00"
"Fri Dec 26 2025 15:05:00 GMT+0530 (India Standard Time)","5356.00","5361.00","5350.50","5354.50"
"Fri Dec 26 2025 15:10:00 GMT+0530 (India Standard Time)","5354.50","5357.50","5350.50","5352.50"
"Fri Dec 26 2025 15:15:00 GMT+0530 (India Standard Time)","5352.50","5356.00","5341.50","5342.00"
"Fri Dec 26 2025 15:20:00 GMT+0530 (India Standard Time)","5345.50","5347.00","5340.00","5343.50"
"Fri Dec 26 2025 15:25:00 GMT+0530 (India Standard Time)","5340.50","5344.50","5335.00","5340.00"
"Mon Dec 29 2025 09:15:00 GMT+0530 (India Standard Time)","5349.00","5358.00","5320.00","5325.00"
"Mon Dec 29 2025 09:20:00 GMT+0530 (India Standard Time)","5325.00","5343.00","5316.00","5339.50"
"Mon Dec 29 2025 09:25:00 GMT+0530 (India Standard Time)","5339.50","5340.00","5328.50","5334.50"
"Mon Dec 29 2025 09:30:00 GMT+0530 (India Standard Time)","5334.50","5369.50","5332.50","5360.00"
"Mon Dec 29 2025 09:35:00 GMT+0530 (India Standard Time)","5365.00","5365.00","5350.00","5351.50"
"Mon Dec 29 2025 09:40:00 GMT+0530 (India Standard Time)","5351.50","5359.50","5347.00","5347.00"
"Mon Dec 29 2025 09:45:00 GMT+0530 (India Standard Time)","5347.00","5357.00","5347.00","5347.00"
"Mon Dec 29 2025 09:50:00 GMT+0530 (India Standard Time)","5347.00","5355.00","5347.00","5349.50"
"Mon Dec 29 2025 09:55:00 GMT+0530 (India Standard Time)","5349.00","5349.50","5337.50","5339.00"
"Mon Dec 29 2025 10:00:00 GMT+0530 (India Standard Time)","5339.00","5339.00","5333.50","5334.50"
"Mon Dec 29 2025 10:05:00 GMT+0530 (India Standard Time)","5333.50","5337.00","5331.00","5336.50"
"Mon Dec 29 2025 10:10:00 GMT+0530 (India Standard Time)","5333.00","5336.50","5327.00","5328.00"
"Mon Dec 29 2025 10:15:00 GMT+0530 (India Standard Time)","5328.00","5330.50","5323.00","5323.00"
"Mon Dec 29 2025 10:20:00 GMT+0530 (India Standard Time)","5323.00","5325.00","5318.50","5323.50"
"Mon Dec 29 2025 10:25:00 GMT+0530 (India Standard Time)","5323.50","5327.50","5316.50","5317.00"
"Mon Dec 29 2025 10:30:00 GMT+0530 (India Standard Time)","5320.00","5320.00","5310.50","5314.00"
"Mon Dec 29 2025 10:35:00 GMT+0530 (India Standard Time)","5314.00","5315.00","5310.50","5315.00"
"Mon Dec 29 2025 10:40:00 GMT+0530 (India Standard Time)","5315.00","5315.00","5301.00","5304.00"
"Mon Dec 29 2025 10:45:00 GMT+0530 (India Standard Time)","5304.00","5307.50","5301.50","5306.00"
"Mon Dec 29 2025 10:50:00 GMT+0530 (India Standard Time)","5306.50","5307.00","5301.50","5302.00"
"Mon Dec 29 2025 10:55:00 GMT+0530 (India Standard Time)","5302.00","5311.50","5302.00","5308.00"
"Mon Dec 29 2025 11:00:00 GMT+0530 (India Standard Time)","5308.00","5309.00","5296.00","5304.00"
"Mon Dec 29 2025 11:05:00 GMT+0530 (India Standard Time)","5304.00","5304.00","5299.00","5300.00"
"Mon Dec 29 2025 11:10:00 GMT+0530 (India Standard Time)","5300.00","5305.00","5299.50","5299.50"
"Mon Dec 29 2025 11:15:00 GMT+0530 (India Standard Time)","5299.50","5300.00","5283.50","5291.00"
"Mon Dec 29 2025 11:20:00 GMT+0530 (India Standard Time)","5291.00","5294.00","5287.50","5291.00"
"Mon Dec 29 2025 11:25:00 GMT+0530 (India Standard Time)","5291.00","5293.00","5287.00","5290.00"
"Mon Dec 29 2025 11:30:00 GMT+0530 (India Standard Time)","5290.00","5302.00","5286.00","5289.50"
"Mon Dec 29 2025 11:35:00 GMT+0530 (India Standard Time)","5291.50","5292.50","5287.50","5288.00"
"Mon Dec 29 2025 11:40:00 GMT+0530 (India Standard Time)","5288.00","5299.00","5288.00","5297.50"
"Mon Dec 29 2025 11:45:00 GMT+0530 (India Standard Time)","5297.50","5304.50","5295.50","5303.50"
"Mon Dec 29 2025 11:50:00 GMT+0530 (India Standard Time)","5303.50","5304.00","5299.50","5300.00"
"Mon Dec 29 2025 11:55:00 GMT+0530 (India Standard Time)","5300.00","5303.50","5297.50","5298.00"
"Mon Dec 29 2025 12:00:00 GMT+0530 (India Standard Time)","5298.00","5301.50","5290.50","5294.00"
"Mon Dec 29 2025 12:05:00 GMT+0530 (India Standard Time)","5294.00","5294.00","5290.50","5292.00"
"Mon Dec 29 2025 12:10:00 GMT+0530 (India Standard Time)","5292.00","5294.50","5290.00","5290.00"
"Mon Dec 29 2025 12:15:00 GMT+0530 (India Standard Time)","5289.00","5292.00","5285.50","5288.50"
"Mon Dec 29 2025 12:20:00 GMT+0530 (India Standard Time)","5288.50","5288.50","5280.50","5281.50"
"Mon Dec 29 2025 12:25:00 GMT+0530 (India Standard Time)","5281.50","5286.50","5280.50","5283.50"
"Mon Dec 29 2025 12:30:00 GMT+0530 (India Standard Time)","5283.50","5289.00","5279.50","5289.00"
"Mon Dec 29 2025 12:35:00 GMT+0530 (India Standard Time)","5289.00","5299.50","5285.50","5296.50"
"Mon Dec 29 2025 12:40:00 GMT+0530 (India Standard Time)","5296.50","5299.50","5288.50","5297.50"
"Mon Dec 29 2025 12:45:00 GMT+0530 (India Standard Time)","5297.50","5298.00","5294.00","5295.00"
"Mon Dec 29 2025 12:50:00 GMT+0530 (India Standard Time)","5295.00","5298.00","5289.00","5294.50"
"Mon Dec 29 2025 12:55:00 GMT+0530 (India Standard Time)","5294.50","5299.00","5293.00","5295.00"
"Mon Dec 29 2025 13:00:00 GMT+0530 (India Standard Time)","5294.00","5295.00","5290.50","5290.50"
"Mon Dec 29 2025 13:05:00 GMT+0530 (India Standard Time)","5290.50","5299.00","5288.50","5297.00"
"Mon Dec 29 2025 13:10:00 GMT+0530 (India Standard Time)","5297.00","5299.50","5292.00","5293.00"
"Mon Dec 29 2025 13:15:00 GMT+0530 (India Standard Time)","5293.00","5303.00","5285.50","5296.50"
"Mon Dec 29 2025 13:20:00 GMT+0530 (India Standard Time)","5298.50","5299.00","5291.00","5291.00"
"Mon Dec 29 2025 13:25:00 GMT+0530 (India Standard Time)","5291.00","5294.50","5289.00","5294.00"
"Mon Dec 29 2025 13:30:00 GMT+0530 (India Standard Time)","5295.00","5298.00","5292.00","5293.50"
"Mon Dec 29 2025 13:35:00 GMT+0530 (India Standard Time)","5293.50","5297.00","5292.50","5294.00"
"Mon Dec 29 2025 13:40:00 GMT+0530 (India Standard Time)","5296.50","5297.00","5293.00","5294.00"
"Mon Dec 29 2025 13:45:00 GMT+0530 (India Standard Time)","5294.00","5304.00","5293.50","5300.00"
"Mon Dec 29 2025 13:50:00 GMT+0530 (India Standard Time)","5300.00","5303.00","5297.50","5300.00"
"Mon Dec 29 2025 13:55:00 GMT+0530 (India Standard Time)","5300.00","5301.00","5296.50","5297.50"
"Mon Dec 29 2025 14:00:00 GMT+0530 (India Standard Time)","5297.50","5300.00","5294.50","5295.50"
"Mon Dec 29 2025 14:05:00 GMT+0530 (India Standard Time)","5295.00","5298.00","5293.50","5294.00"
"Mon Dec 29 2025 14:10:00 GMT+0530 (India Standard Time)","5294.00","5296.00","5292.50","5294.00"
"Mon Dec 29 2025 14:15:00 GMT+0530 (India Standard Time)","5294.00","5294.50","5286.00","5286.50"
"Mon Dec 29 2025 14:20:00 GMT+0530 (India Standard Time)","5287.00","5291.00","5285.00","5288.00"
"Mon Dec 29 2025 14:25:00 GMT+0530 (India Standard Time)","5295.50","5306.50","5292.00","5298.00"
"Mon Dec 29 2025 14:30:00 GMT+0530 (India Standard Time)","5298.00","5302.00","5296.00","5300.50"
"Mon Dec 29 2025 14:35:00 GMT+0530 (India Standard Time)","5300.50","5302.00","5291.50","5291.50"
"Mon Dec 29 2025 14:40:00 GMT+0530 (India Standard Time)","5295.00","5302.00","5288.00","5297.00"
"Mon Dec 29 2025 14:45:00 GMT+0530 (India Standard Time)","5297.00","5305.50","5295.50","5303.00"
"Mon Dec 29 2025 14:50:00 GMT+0530 (India Standard Time)","5303.00","5313.50","5300.50","5308.00"
"Mon Dec 29 2025 14:55:00 GMT+0530 (India Standard Time)","5308.00","5312.00","5301.00","5308.00"
"Mon Dec 29 2025 15:00:00 GMT+0530 (India Standard Time)","5311.50","5316.00","5301.00","5313.50"
"Mon Dec 29 2025 15:05:00 GMT+0530 (India Standard Time)","5313.50","5320.00","5313.50","5320.00"
"Mon Dec 29 2025 15:10:00 GMT+0530 (India Standard Time)","5320.00","5320.50","5315.00","5318.50"
"Mon Dec 29 2025 15:15:00 GMT+0530 (India Standard Time)","5318.50","5319.50","5311.00","5311.50"
"Mon Dec 29 2025 15:20:00 GMT+0530 (India Standard Time)","5310.50","5319.00","5310.50","5316.50"
"Mon Dec 29 2025 15:25:00 GMT+0530 (India Standard Time)","5316.50","5325.00","5304.50","5320.00"
"Tue Dec 30 2025 09:15:00 GMT+0530 (India Standard Time)","5318.00","5342.00","5308.00","5318.50"
"Tue Dec 30 2025 09:20:00 GMT+0530 (India Standard Time)","5318.50","5318.50","5302.50","5305.50"
"Tue Dec 30 2025 09:25:00 GMT+0530 (India Standard Time)","5307.00","5307.00","5296.50","5298.50"
"Tue Dec 30 2025 09:30:00 GMT+0530 (India Standard Time)","5298.50","5300.00","5293.50","5295.50"
"Tue Dec 30 2025 09:35:00 GMT+0530 (India Standard Time)","5298.00","5298.00","5290.50","5295.50"
"Tue Dec 30 2025 09:40:00 GMT+0530 (India Standard Time)","5294.00","5306.50","5294.00","5303.00"
"Tue Dec 30 2025 09:45:00 GMT+0530 (India Standard Time)","5303.00","5304.50","5285.50","5287.50"
"Tue Dec 30 2025 09:50:00 GMT+0530 (India Standard Time)","5287.50","5298.50","5287.00","5292.00"
"Tue Dec 30 2025 09:55:00 GMT+0530 (India Standard Time)","5292.00","5297.50","5288.00","5290.00"
"Tue Dec 30 2025 10:00:00 GMT+0530 (India Standard Time)","5291.50","5292.00","5287.50","5291.50"
"Tue Dec 30 2025 10:05:00 GMT+0530 (India Standard Time)","5291.50","5291.50","5285.00","5288.50"
"Tue Dec 30 2025 10:10:00 GMT+0530 (India Standard Time)","5288.50","5290.00","5284.00","5287.00"
"Tue Dec 30 2025 10:15:00 GMT+0530 (India Standard Time)","5288.50","5292.00","5285.50","5290.50"
"Tue Dec 30 2025 10:20:00 GMT+0530 (India Standard Time)","5292.00","5295.00","5290.00","5291.00"
"Tue Dec 30 2025 10:25:00 GMT+0530 (India Standard Time)","5291.00","5291.50","5275.00","5277.50"
"Tue Dec 30 2025 10:30:00 GMT+0530 (India Standard Time)","5277.50","5286.00","5275.00","5279.50"
"Tue Dec 30 2025 10:35:00 GMT+0530 (India Standard Time)","5279.50","5279.50","5272.00","5272.00"
"Tue Dec 30 2025 10:40:00 GMT+0530 (India Standard Time)","5272.50","5280.00","5270.00","5275.00"
"Tue Dec 30 2025 10:45:00 GMT+0530 (India Standard Time)","5275.00","5276.50","5270.50","5273.50"
"Tue Dec 30 2025 10:50:00 GMT+0530 (India Standard Time)","5273.50","5280.00","5270.50","5272.50"
"Tue Dec 30 2025 10:55:00 GMT+0530 (India Standard Time)","5273.00","5274.00","5267.00","5268.00"
"Tue Dec 30 2025 11:00:00 GMT+0530 (India Standard Time)","5270.00","5271.00","5258.00","5262.00"
"Tue Dec 30 2025 11:05:00 GMT+0530 (India Standard Time)","5262.00","5270.00","5260.00","5266.00"
"Tue Dec 30 2025 11:10:00 GMT+0530 (India Standard Time)","5266.00","5272.00","5263.50","5267.50"
"Tue Dec 30 2025 11:15:00 GMT+0530 (India Standard Time)","5267.50","5275.00","5261.00","5261.00"
"Tue Dec 30 2025 11:20:00 GMT+0530 (India Standard Time)","5261.00","5269.50","5252.50","5255.00"
"Tue Dec 30 2025 11:25:00 GMT+0530 (India Standard Time)","5254.50","5264.00","5254.50","5258.50"
"Tue Dec 30 2025 11:30:00 GMT+0530 (India Standard Time)","5258.50","5260.50","5256.00","5256.00"
"Tue Dec 30 2025 11:35:00 GMT+0530 (India Standard Time)","5256.00","5260.00","5256.00","5260.00"
"Tue Dec 30 2025 11:40:00 GMT+0530 (India Standard Time)","5260.00","5261.00","5255.50","5261.00"
"Tue Dec 30 2025 11:45:00 GMT+0530 (India Standard Time)","5261.00","5261.50","5254.50","5261.00"
"Tue Dec 30 2025 11:50:00 GMT+0530 (India Standard Time)","5261.00","5261.00","5250.00","5252.50"
"Tue Dec 30 2025 11:55:00 GMT+0530 (India Standard Time)","5252.50","5253.00","5248.50","5249.00"
"Tue Dec 30 2025 12:00:00 GMT+0530 (India Standard Time)","5249.00","5253.00","5245.00","5245.00"
"Tue Dec 30 2025 12:05:00 GMT+0530 (India Standard Time)","5245.00","5250.00","5245.00","5247.50"
"Tue Dec 30 2025 12:10:00 GMT+0530 (India Standard Time)","5247.50","5248.00","5241.00","5242.00"
"Tue Dec 30 2025 12:15:00 GMT+0530 (India Standard Time)","5242.00","5242.50","5235.00","5239.00"
"Tue Dec 30 2025 12:20:00 GMT+0530 (India Standard Time)","5239.00","5239.00","5222.00","5226.00"
"Tue Dec 30 2025 12:25:00 GMT+0530 (India Standard Time)","5223.00","5230.00","5223.00","5223.50"
"Tue Dec 30 2025 12:30:00 GMT+0530 (India Standard Time)","5224.00","5233.00","5223.50","5230.00"
"Tue Dec 30 2025 12:35:00 GMT+0530 (India Standard Time)","5230.50","5241.50","5227.50","5239.00"
"Tue Dec 30 2025 12:40:00 GMT+0530 (India Standard Time)","5239.00","5242.00","5235.00","5236.50"
"Tue Dec 30 2025 12:45:00 GMT+0530 (India Standard Time)","5236.50","5247.00","5235.50","5243.50"
"Tue Dec 30 2025 12:50:00 GMT+0530 (India Standard Time)","5244.50","5245.00","5239.00","5241.00"
"Tue Dec 30 2025 12:55:00 GMT+0530 (India Standard Time)","5240.50","5241.00","5234.00","5235.50"
"Tue Dec 30 2025 13:00:00 GMT+0530 (India Standard Time)","5237.50","5243.50","5236.00","5243.50"
"Tue Dec 30 2025 13:05:00 GMT+0530 (India Standard Time)","5241.50","5251.00","5241.00","5244.50"
"Tue Dec 30 2025 13:10:00 GMT+0530 (India Standard Time)","5244.50","5250.00","5242.00","5248.00"
"Tue Dec 30 2025 13:15:00 GMT+0530 (India Standard Time)","5248.00","5255.00","5247.00","5253.00"
"Tue Dec 30 2025 13:20:00 GMT+0530 (India Standard Time)","5253.00","5257.00","5241.00","5250.00"
"Tue Dec 30 2025 13:25:00 GMT+0530 (India Standard Time)","5250.00","5252.50","5246.50","5252.50"
"Tue Dec 30 2025 13:30:00 GMT+0530 (India Standard Time)","5252.50","5257.50","5242.00","5252.00"
"Tue Dec 30 2025 13:35:00 GMT+0530 (India Standard Time)","5252.00","5257.00","5246.50","5250.00"
"Tue Dec 30 2025 13:40:00 GMT+0530 (India Standard Time)","5250.00","5253.00","5244.50","5246.00"
"Tue Dec 30 2025 13:45:00 GMT+0530 (India Standard Time)","5246.00","5251.00","5246.00","5251.00"
"Tue Dec 30 2025 13:50:00 GMT+0530 (India Standard Time)","5251.00","5251.00","5242.00","5246.00"
"Tue Dec 30 2025 13:55:00 GMT+0530 (India Standard Time)","5246.00","5247.50","5242.00","5242.50"
"Tue Dec 30 2025 14:00:00 GMT+0530 (India Standard Time)","5243.00","5249.50","5243.00","5248.00"
"Tue Dec 30 2025 14:05:00 GMT+0530 (India Standard Time)","5250.00","5250.00","5243.00","5244.50"
"Tue Dec 30 2025 14:10:00 GMT+0530 (India Standard Time)","5244.50","5246.50","5242.00","5242.00"
"Tue Dec 30 2025 14:15:00 GMT+0530 (India Standard Time)","5242.00","5244.50","5240.00","5240.50"
"Tue Dec 30 2025 14:20:00 GMT+0530 (India Standard Time)","5240.50","5242.00","5232.50","5235.50"
"Tue Dec 30 2025 14:25:00 GMT+0530 (India Standard Time)","5235.50","5236.50","5228.50","5229.00"
"Tue Dec 30 2025 14:30:00 GMT+0530 (India Standard Time)","5229.00","5235.50","5225.50","5226.00"
"Tue Dec 30 2025 14:35:00 GMT+0530 (India Standard Time)","5226.00","5228.00","5216.00","5216.50"
"Tue Dec 30 2025 14:40:00 GMT+0530 (India Standard Time)","5216.50","5225.50","5216.50","5225.50"
"Tue Dec 30 2025 14:45:00 GMT+0530 (India Standard Time)","5224.00","5227.00","5217.00","5222.00"
"Tue Dec 30 2025 14:50:00 GMT+0530 (India Standard Time)","5222.00","5222.00","5212.00","5212.50"
"Tue Dec 30 2025 14:55:00 GMT+0530 (India Standard Time)","5215.00","5215.50","5206.00","5206.50"
"Tue Dec 30 2025 15:00:00 GMT+0530 (India Standard Time)","5206.50","5206.50","5182.00","5196.50"
"Tue Dec 30 2025 15:05:00 GMT+0530 (India Standard Time)","5195.50","5201.50","5191.50","5194.00"
"Tue Dec 30 2025 15:10:00 GMT+0530 (India Standard Time)","5192.50","5195.00","5188.00","5190.00"
"Tue Dec 30 2025 15:15:00 GMT+0530 (India Standard Time)","5190.00","5195.50","5175.50","5187.00"
"Tue Dec 30 2025 15:20:00 GMT+0530 (India Standard Time)","5190.50","5198.50","5186.00","5194.00"
"Tue Dec 30 2025 15:25:00 GMT+0530 (India Standard Time)","5194.00","5210.50","5192.00","5194.00"
"Wed Dec 31 2025 09:15:00 GMT+0530 (India Standard Time)","5193.00","5241.50","5180.00","5234.50"
"Wed Dec 31 2025 09:20:00 GMT+0530 (India Standard Time)","5233.00","5233.00","5222.50","5225.00"
"Wed Dec 31 2025 09:25:00 GMT+0530 (India Standard Time)","5225.00","5225.50","5207.00","5207.00"
"Wed Dec 31 2025 09:30:00 GMT+0530 (India Standard Time)","5203.00","5208.00","5198.50","5201.00"
"Wed Dec 31 2025 09:35:00 GMT+0530 (India Standard Time)","5201.00","5201.00","5190.00","5199.00"
"Wed Dec 31 2025 09:40:00 GMT+0530 (India Standard Time)","5199.00","5203.50","5196.50","5200.50"
"Wed Dec 31 2025 09:45:00 GMT+0530 (India Standard Time)","5200.50","5218.50","5195.00","5217.50"
"Wed Dec 31 2025 09:50:00 GMT+0530 (India Standard Time)","5218.00","5220.00","5212.00","5216.00"
"Wed Dec 31 2025 09:55:00 GMT+0530 (India Standard Time)","5216.00","5217.00","5205.00","5207.00"
"Wed Dec 31 2025 10:00:00 GMT+0530 (India Standard Time)","5209.50","5211.00","5199.50","5200.00"
"Wed Dec 31 2025 10:05:00 GMT+0530 (India Standard Time)","5200.00","5211.00","5193.50","5205.00"
"Wed Dec 31 2025 10:10:00 GMT+0530 (India Standard Time)","5205.00","5205.00","5201.00","5203.00"
"Wed Dec 31 2025 10:15:00 GMT+0530 (India Standard Time)","5203.00","5209.50","5201.00","5209.00"
"Wed Dec 31 2025 10:20:00 GMT+0530 (India Standard Time)","5205.50","5210.00","5203.00","5208.00"
"Wed Dec 31 2025 10:25:00 GMT+0530 (India Standard Time)","5208.00","5210.50","5206.00","5210.00"
"Wed Dec 31 2025 10:30:00 GMT+0530 (India Standard Time)","5209.50","5218.00","5207.00","5218.00"
"Wed Dec 31 2025 10:35:00 GMT+0530 (India Standard Time)","5218.00","5218.00","5212.00","5214.00"
"Wed Dec 31 2025 10:40:00 GMT+0530 (India Standard Time)","5214.00","5219.00","5214.00","5218.50"
"Wed Dec 31 2025 10:45:00 GMT+0530 (India Standard Time)","5216.00","5220.50","5212.50","5214.00"
"Wed Dec 31 2025 10:50:00 GMT+0530 (India Standard Time)","5214.00","5214.00","5207.00","5207.00"
"Wed Dec 31 2025 10:55:00 GMT+0530 (India Standard Time)","5207.00","5208.50","5201.50","5206.50"
"Wed Dec 31 2025 11:00:00 GMT+0530 (India Standard Time)","5206.50","5207.00","5206.50","5207.00"
"Wed Dec 31 2025 11:05:00 GMT+0530 (India Standard Time)","5207.00","5208.00","5201.00","5201.00"
"Wed Dec 31 2025 11:10:00 GMT+0530 (India Standard Time)","5201.00","5223.00","5201.00","5219.50"
"Wed Dec 31 2025 11:15:00 GMT+0530 (India Standard Time)","5219.50","5219.50","5215.00","5215.00"
"Wed Dec 31 2025 11:20:00 GMT+0530 (India Standard Time)","5215.50","5215.50","5212.50","5215.00"
"Wed Dec 31 2025 11:25:00 GMT+0530 (India Standard Time)","5215.00","5217.50","5213.50","5214.00"
"Wed Dec 31 2025 11:30:00 GMT+0530 (India Standard Time)","5214.00","5217.00","5210.50","5214.00"
"Wed Dec 31 2025 11:35:00 GMT+0530 (India Standard Time)","5215.00","5224.00","5212.50","5221.50"
"Wed Dec 31 2025 11:40:00 GMT+0530 (India Standard Time)","5221.50","5221.50","5216.50","5217.50"
"Wed Dec 31 2025 11:45:00 GMT+0530 (India Standard Time)","5217.50","5218.50","5212.50","5218.00"
"Wed Dec 31 2025 11:50:00 GMT+0530 (India Standard Time)","5218.00","5218.00","5210.50","5211.50"
"Wed Dec 31 2025 11:55:00 GMT+0530 (India Standard Time)","5211.50","5216.00","5211.50","5213.00"
"Wed Dec 31 2025 12:00:00 GMT+0530 (India Standard Time)","5213.00","5220.00","5213.00","5220.00"
"Wed Dec 31 2025 12:05:00 GMT+0530 (India Standard Time)","5220.00","5220.50","5217.50","5220.00"
"Wed Dec 31 2025 12:10:00 GMT+0530 (India Standard Time)","5220.00","5224.00","5220.00","5224.00"
"Wed Dec 31 2025 12:15:00 GMT+0530 (India Standard Time)","5224.00","5227.00","5223.00","5227.00"
"Wed Dec 31 2025 12:20:00 GMT+0530 (India Standard Time)","5227.00","5227.50","5225.00","5226.50"
"Wed Dec 31 2025 12:25:00 GMT+0530 (India Standard Time)","5226.50","5226.50","5222.00","5224.50"
"Wed Dec 31 2025 12:30:00 GMT+0530 (India Standard Time)","5224.50","5230.00","5222.50","5229.00"
"Wed Dec 31 2025 12:35:00 GMT+0530 (India Standard Time)","5229.00","5237.50","5226.00","5234.00"
"Wed Dec 31 2025 12:40:00 GMT+0530 (India Standard Time)","5234.00","5236.00","5230.50","5233.50"
"Wed Dec 31 2025 12:45:00 GMT+0530 (India Standard Time)","5233.50","5239.00","5233.50","5238.50"
"Wed Dec 31 2025 12:50:00 GMT+0530 (India Standard Time)","5236.00","5259.50","5236.00","5247.00"
"Wed Dec 31 2025 12:55:00 GMT+0530 (India Standard Time)","5249.00","5250.00","5241.00","5241.50"
"Wed Dec 31 2025 13:00:00 GMT+0530 (India Standard Time)","5241.50","5246.50","5241.50","5244.00"
"Wed Dec 31 2025 13:05:00 GMT+0530 (India Standard Time)","5244.00","5246.00","5241.50","5243.50"
"Wed Dec 31 2025 13:10:00 GMT+0530 (India Standard Time)","5243.50","5244.50","5240.00","5244.50"
"Wed Dec 31 2025 13:15:00 GMT+0530 (India Standard Time)","5244.50","5247.00","5241.00","5241.00"
"Wed Dec 31 2025 13:20:00 GMT+0530 (India Standard Time)","5241.00","5244.00","5234.00","5240.50"
"Wed Dec 31 2025 13:25:00 GMT+0530 (India Standard Time)","5240.50","5247.50","5239.00","5243.50"
"Wed Dec 31 2025 13:30:00 GMT+0530 (India Standard Time)","5243.50","5243.50","5235.50","5235.50"
"Wed Dec 31 2025 13:35:00 GMT+0530 (India Standard Time)","5235.50","5235.50","5228.00","5232.00"
"Wed Dec 31 2025 13:40:00 GMT+0530 (India Standard Time)","5233.00","5237.50","5232.00","5234.50"
"Wed Dec 31 2025 13:45:00 GMT+0530 (India Standard Time)","5234.50","5240.00","5234.50","5239.50"
"Wed Dec 31 2025 13:50:00 GMT+0530 (India Standard Time)","5237.50","5242.50","5235.50","5240.50"
"Wed Dec 31 2025 13:55:00 GMT+0530 (India Standard Time)","5240.50","5244.50","5236.00","5243.00"
"Wed Dec 31 2025 14:00:00 GMT+0530 (India Standard Time)","5243.00","5264.00","5241.50","5252.00"
"Wed Dec 31 2025 14:05:00 GMT+0530 (India Standard Time)","5252.00","5252.00","5249.50","5251.00"
"Wed Dec 31 2025 14:10:00 GMT+0530 (India Standard Time)","5251.00","5251.50","5249.00","5251.50"
"Wed Dec 31 2025 14:15:00 GMT+0530 (India Standard Time)","5251.50","5252.00","5244.50","5244.50"
"Wed Dec 31 2025 14:20:00 GMT+0530 (India Standard Time)","5244.50","5244.50","5239.00","5241.50"
"Wed Dec 31 2025 14:25:00 GMT+0530 (India Standard Time)","5241.50","5244.00","5238.00","5240.00"
"Wed Dec 31 2025 14:30:00 GMT+0530 (India Standard Time)","5240.00","5241.00","5237.00","5237.00"
"Wed Dec 31 2025 14:35:00 GMT+0530 (India Standard Time)","5237.50","5237.50","5232.00","5232.00"
"Wed Dec 31 2025 14:40:00 GMT+0530 (India Standard Time)","5232.00","5237.00","5231.00","5235.50"
"Wed Dec 31 2025 14:45:00 GMT+0530 (India Standard Time)","5235.50","5244.50","5235.00","5242.50"
"Wed Dec 31 2025 14:50:00 GMT+0530 (India Standard Time)","5242.50","5245.00","5238.50","5242.00"
"Wed Dec 31 2025 14:55:00 GMT+0530 (India Standard Time)","5242.00","5245.00","5240.00","5244.00"
"Wed Dec 31 2025 15:00:00 GMT+0530 (India Standard Time)","5243.50","5258.00","5243.50","5243.50"
"Wed Dec 31 2025 15:05:00 GMT+0530 (India Standard Time)","5245.50","5245.50","5241.00","5242.50"
"Wed Dec 31 2025 15:10:00 GMT+0530 (India Standard Time)","5242.00","5245.00","5236.00","5239.50"
"Wed Dec 31 2025 15:15:00 GMT+0530 (India Standard Time)","5239.50","5244.00","5236.50","5237.50"
"Wed Dec 31 2025 15:20:00 GMT+0530 (India Standard Time)","5236.50","5238.00","5230.00","5234.50"
"Wed Dec 31 2025 15:25:00 GMT+0530 (India Standard Time)","5237.00","5240.00","5210.00","5210.00"
"Thu Jan 01 2026 09:15:00 GMT+0530 (India Standard Time)","5250.00","5253.00","5221.00","5233.00"
"Thu Jan 01 2026 09:20:00 GMT+0530 (India Standard Time)","5233.00","5233.00","5221.00","5222.50"
"Thu Jan 01 2026 09:25:00 GMT+0530 (India Standard Time)","5222.50","5235.50","5222.50","5229.00"
"Thu Jan 01 2026 09:30:00 GMT+0530 (India Standard Time)","5228.00","5230.00","5207.00","5215.00"
"Thu Jan 01 2026 09:35:00 GMT+0530 (India Standard Time)","5217.00","5219.50","5207.50","5207.50"
"Thu Jan 01 2026 09:40:00 GMT+0530 (India Standard Time)","5208.00","5212.00","5205.00","5206.00"
"Thu Jan 01 2026 09:45:00 GMT+0530 (India Standard Time)","5207.00","5210.00","5200.00","5206.00"
"Thu Jan 01 2026 09:50:00 GMT+0530 (India Standard Time)","5208.50","5219.00","5207.00","5216.00"
"Thu Jan 01 2026 09:55:00 GMT+0530 (India Standard Time)","5216.00","5219.00","5211.00","5211.00"
"Thu Jan 01 2026 10:00:00 GMT+0530 (India Standard Time)","5211.00","5215.00","5204.00","5204.00"
"Thu Jan 01 2026 10:05:00 GMT+0530 (India Standard Time)","5204.00","5212.00","5203.50","5206.50"
"Thu Jan 01 2026 10:10:00 GMT+0530 (India Standard Time)","5206.50","5206.50","5201.00","5202.00"
"Thu Jan 01 2026 10:15:00 GMT+0530 (India Standard Time)","5202.00","5204.00","5193.00","5195.50"
"Thu Jan 01 2026 10:20:00 GMT+0530 (India Standard Time)","5195.50","5200.00","5185.00","5200.00"
"Thu Jan 01 2026 10:25:00 GMT+0530 (India Standard Time)","5198.00","5208.00","5198.00","5208.00"
"Thu Jan 01 2026 10:30:00 GMT+0530 (India Standard Time)","5208.00","5213.00","5202.50","5209.00"
"Thu Jan 01 2026 10:35:00 GMT+0530 (India Standard Time)","5211.50","5212.00","5204.00","5209.50"
"Thu Jan 01 2026 10:40:00 GMT+0530 (India Standard Time)","5209.50","5209.50","5205.00","5205.00"
"Thu Jan 01 2026 10:45:00 GMT+0530 (India Standard Time)","5208.50","5218.00","5206.00","5218.00"
"Thu Jan 01 2026 10:50:00 GMT+0530 (India Standard Time)","5218.00","5219.50","5215.00","5219.50"
"Thu Jan 01 2026 10:55:00 GMT+0530 (India Standard Time)","5216.50","5219.50","5213.50","5216.50"
"Thu Jan 01 2026 11:00:00 GMT+0530 (India Standard Time)","5216.50","5217.00","5210.00","5210.00"
"Thu Jan 01 2026 11:05:00 GMT+0530 (India Standard Time)","5210.00","5211.00","5205.00","5208.50"
"Thu Jan 01 2026 11:10:00 GMT+0530 (India Standard Time)","5208.50","5220.00","5203.00","5218.00"
"Thu Jan 01 2026 11:15:00 GMT+0530 (India Standard Time)","5218.00","5218.00","5212.00","5215.50"
"Thu Jan 01 2026 11:20:00 GMT+0530 (India Standard Time)","5215.50","5220.00","5215.50","5215.50"
"Thu Jan 01 2026 11:25:00 GMT+0530 (India Standard Time)","5215.50","5219.00","5212.00","5217.00"
"Thu Jan 01 2026 11:30:00 GMT+0530 (India Standard Time)","5217.00","5217.00","5212.50","5212.50"
"Thu Jan 01 2026 11:35:00 GMT+0530 (India Standard Time)","5212.50","5217.00","5212.50","5217.00"
"Thu Jan 01 2026 11:40:00 GMT+0530 (India Standard Time)","5217.00","5218.50","5213.00","5215.50"
"Thu Jan 01 2026 11:45:00 GMT+0530 (India Standard Time)","5215.50","5218.00","5215.00","5218.00"
"Thu Jan 01 2026 11:50:00 GMT+0530 (India Standard Time)","5218.00","5218.00","5209.50","5211.00"
"Thu Jan 01 2026 11:55:00 GMT+0530 (India Standard Time)","5211.00","5217.50","5209.00","5216.50"
"Thu Jan 01 2026 12:00:00 GMT+0530 (India Standard Time)","5216.50","5220.50","5214.00","5214.00"
"Thu Jan 01 2026 12:05:00 GMT+0530 (India Standard Time)","5214.00","5222.00","5212.50","5217.50"
"Thu Jan 01 2026 12:10:00 GMT+0530 (India Standard Time)","5217.50","5221.00","5217.00","5218.00"
"Thu Jan 01 2026 12:15:00 GMT+0530 (India Standard Time)","5218.00","5220.00","5215.50","5217.50"
"Thu Jan 01 2026 12:20:00 GMT+0530 (India Standard Time)","5217.50","5219.00","5213.50","5218.00"
"Thu Jan 01 2026 12:25:00 GMT+0530 (India Standard Time)","5218.00","5220.00","5216.00","5217.00"
"Thu Jan 01 2026 12:30:00 GMT+0530 (India Standard Time)","5219.50","5221.00","5216.00","5220.00"
"Thu Jan 01 2026 12:35:00 GMT+0530 (India Standard Time)","5220.00","5220.00","5205.00","5211.50"
"Thu Jan 01 2026 12:40:00 GMT+0530 (India Standard Time)","5211.50","5214.50","5208.50","5208.50"
"Thu Jan 01 2026 12:45:00 GMT+0530 (India Standard Time)","5208.50","5214.50","5208.50","5212.50"
"Thu Jan 01 2026 12:50:00 GMT+0530 (India Standard Time)","5212.50","5212.50","5209.50","5212.00"
"Thu Jan 01 2026 12:55:00 GMT+0530 (India Standard Time)","5212.00","5212.00","5210.00","5212.00"
"Thu Jan 01 2026 13:00:00 GMT+0530 (India Standard Time)","5212.00","5212.50","5209.50","5209.50"
"Thu Jan 01 2026 13:05:00 GMT+0530 (India Standard Time)","5209.50","5211.50","5205.00","5205.00"
"Thu Jan 01 2026 13:10:00 GMT+0530 (India Standard Time)","5205.00","5208.50","5204.50","5208.50"
"Thu Jan 01 2026 13:15:00 GMT+0530 (India Standard Time)","5208.50","5210.00","5205.00","5206.00"
"Thu Jan 01 2026 13:20:00 GMT+0530 (India Standard Time)","5206.00","5208.00","5203.00","5203.00"
"Thu Jan 01 2026 13:25:00 GMT+0530 (India Standard Time)","5204.00","5204.00","5201.00","5201.00"
"Thu Jan 01 2026 13:30:00 GMT+0530 (India Standard Time)","5201.00","5205.50","5201.00","5201.50"
"Thu Jan 01 2026 13:35:00 GMT+0530 (India Standard Time)","5201.50","5204.50","5195.00","5197.00"
"Thu Jan 01 2026 13:40:00 GMT+0530 (India Standard Time)","5197.00","5201.00","5195.00","5196.50"
"Thu Jan 01 2026 13:45:00 GMT+0530 (India Standard Time)","5196.50","5198.50","5193.50","5193.50"
"Thu Jan 01 2026 13:50:00 GMT+0530 (India Standard Time)","5193.50","5198.00","5193.50","5195.00"
"Thu Jan 01 2026 13:55:00 GMT+0530 (India Standard Time)","5195.00","5201.00","5195.00","5201.00"
"Thu Jan 01 2026 14:00:00 GMT+0530 (India Standard Time)","5201.00","5210.00","5199.00","5208.50"
"Thu Jan 01 2026 14:05:00 GMT+0530 (India Standard Time)","5208.50","5210.00","5205.00","5205.00"
"Thu Jan 01 2026 14:10:00 GMT+0530 (India Standard Time)","5205.00","5206.50","5201.50","5203.00"
"Thu Jan 01 2026 14:15:00 GMT+0530 (India Standard Time)","5204.50","5209.50","5201.50","5209.50"
"Thu Jan 01 2026 14:20:00 GMT+0530 (India Standard Time)","5209.50","5209.50","5204.50","5206.00"
"Thu Jan 01 2026 14:25:00 GMT+0530 (India Standard Time)","5206.00","5207.50","5203.00","5206.00"
"Thu Jan 01 2026 14:30:00 GMT+0530 (India Standard Time)","5206.00","5208.50","5202.50","5204.50"
"Thu Jan 01 2026 14:35:00 GMT+0530 (India Standard Time)","5206.00","5208.50","5204.00","5207.50"
"Thu Jan 01 2026 14:40:00 GMT+0530 (India Standard Time)","5207.50","5208.50","5203.00","5205.00"
"Thu Jan 01 2026 14:45:00 GMT+0530 (India Standard Time)","5205.00","5207.00","5200.50","5200.50"
"Thu Jan 01 2026 14:50:00 GMT+0530 (India Standard Time)","5200.50","5212.00","5200.50","5207.00"
"Thu Jan 01 2026 14:55:00 GMT+0530 (India Standard Time)","5207.00","5210.00","5203.00","5208.00"
"Thu Jan 01 2026 15:00:00 GMT+0530 (India Standard Time)","5211.00","5213.00","5204.50","5206.50"
"Thu Jan 01 2026 15:05:00 GMT+0530 (India Standard Time)","5208.00","5210.00","5204.00","5209.50"
"Thu Jan 01 2026 15:10:00 GMT+0530 (India Standard Time)","5209.50","5211.00","5206.50","5210.00"
"Thu Jan 01 2026 15:15:00 GMT+0530 (India Standard Time)","5210.00","5211.50","5206.50","5207.50"
"Thu Jan 01 2026 15:20:00 GMT+0530 (India Standard Time)","5206.50","5218.50","5205.00","5214.50"
"Thu Jan 01 2026 15:25:00 GMT+0530 (India Standard Time)","5214.50","5225.00","5208.00","5215.00"
"Fri Jan 02 2026 09:15:00 GMT+0530 (India Standard Time)","5211.50","5219.00","5197.50","5208.50"
"Fri Jan 02 2026 09:20:00 GMT+0530 (India Standard Time)","5208.50","5209.50","5199.00","5204.00"
"Fri Jan 02 2026 09:25:00 GMT+0530 (India Standard Time)","5204.00","5214.00","5200.00","5212.50"
"Fri Jan 02 2026 09:30:00 GMT+0530 (India Standard Time)","5213.50","5218.50","5205.00","5208.50"
"Fri Jan 02 2026 09:35:00 GMT+0530 (India Standard Time)","5208.50","5212.50","5202.00","5205.00"
"Fri Jan 02 2026 09:40:00 GMT+0530 (India Standard Time)","5206.00","5217.50","5206.00","5215.00"
"Fri Jan 02 2026 09:45:00 GMT+0530 (India Standard Time)","5215.00","5226.00","5213.00","5223.00"
"Fri Jan 02 2026 09:50:00 GMT+0530 (India Standard Time)","5223.00","5230.00","5221.50","5227.00"
"Fri Jan 02 2026 09:55:00 GMT+0530 (India Standard Time)","5227.00","5242.50","5227.00","5240.50"
"Fri Jan 02 2026 10:00:00 GMT+0530 (India Standard Time)","5240.50","5245.00","5230.00","5240.00"
"Fri Jan 02 2026 10:05:00 GMT+0530 (India Standard Time)","5240.50","5244.00","5228.00","5228.00"
"Fri Jan 02 2026 10:10:00 GMT+0530 (India Standard Time)","5231.50","5231.50","5223.00","5228.00"
"Fri Jan 02 2026 10:15:00 GMT+0530 (India Standard Time)","5228.00","5233.50","5223.00","5226.50"
"Fri Jan 02 2026 10:20:00 GMT+0530 (India Standard Time)","5226.50","5233.00","5224.00","5231.00"
"Fri Jan 02 2026 10:25:00 GMT+0530 (India Standard Time)","5231.00","5239.50","5231.00","5237.50"
"Fri Jan 02 2026 10:30:00 GMT+0530 (India Standard Time)","5235.50","5244.00","5234.00","5236.50"
"Fri Jan 02 2026 10:35:00 GMT+0530 (India Standard Time)","5236.50","5242.00","5235.00","5242.00"
"Fri Jan 02 2026 10:40:00 GMT+0530 (India Standard Time)","5242.00","5242.00","5237.00","5237.00"
"Fri Jan 02 2026 10:45:00 GMT+0530 (India Standard Time)","5235.50","5241.00","5234.50","5234.50"
"Fri Jan 02 2026 10:50:00 GMT+0530 (India Standard Time)","5234.50","5234.50","5223.00","5230.00"
"Fri Jan 02 2026 10:55:00 GMT+0530 (India Standard Time)","5230.00","5236.50","5229.00","5236.50"
"Fri Jan 02 2026 11:00:00 GMT+0530 (India Standard Time)","5236.50","5236.50","5233.00","5235.00"
"Fri Jan 02 2026 11:05:00 GMT+0530 (India Standard Time)","5235.00","5239.00","5230.50","5236.50"
"Fri Jan 02 2026 11:10:00 GMT+0530 (India Standard Time)","5236.50","5250.00","5236.50","5247.50"
"Fri Jan 02 2026 11:15:00 GMT+0530 (India Standard Time)","5247.00","5283.00","5247.00","5277.00"
"Fri Jan 02 2026 11:20:00 GMT+0530 (India Standard Time)","5277.50","5277.50","5260.00","5260.00"
"Fri Jan 02 2026 11:25:00 GMT+0530 (India Standard Time)","5260.00","5264.50","5260.00","5262.50"
"Fri Jan 02 2026 11:30:00 GMT+0530 (India Standard Time)","5264.00","5264.50","5260.00","5261.00"
"Fri Jan 02 2026 11:35:00 GMT+0530 (India Standard Time)","5261.00","5294.00","5256.00","5285.00"
"Fri Jan 02 2026 11:40:00 GMT+0530 (India Standard Time)","5285.00","5289.50","5282.00","5283.50"
"Fri Jan 02 2026 11:45:00 GMT+0530 (India Standard Time)","5283.50","5288.00","5276.50","5276.50"
"Fri Jan 02 2026 11:50:00 GMT+0530 (India Standard Time)","5276.50","5285.00","5274.50","5278.50"
"Fri Jan 02 2026 11:55:00 GMT+0530 (India Standard Time)","5278.50","5282.00","5274.00","5276.50"
"Fri Jan 02 2026 12:00:00 GMT+0530 (India Standard Time)","5276.50","5281.50","5274.50","5277.50"
"Fri Jan 02 2026 12:05:00 GMT+0530 (India Standard Time)","5277.50","5284.50","5277.50","5280.00"
"Fri Jan 02 2026 12:10:00 GMT+0530 (India Standard Time)","5283.00","5285.00","5278.50","5283.50"
"Fri Jan 02 2026 12:15:00 GMT+0530 (India Standard Time)","5283.50","5287.00","5278.50","5283.00"
"Fri Jan 02 2026 12:20:00 GMT+0530 (India Standard Time)","5283.00","5299.00","5280.50","5293.00"
"Fri Jan 02 2026 12:25:00 GMT+0530 (India Standard Time)","5293.00","5297.00","5290.50","5291.00"
"Fri Jan 02 2026 12:30:00 GMT+0530 (India Standard Time)","5291.00","5299.50","5290.50","5299.00"
"Fri Jan 02 2026 12:35:00 GMT+0530 (India Standard Time)","5299.00","5299.00","5291.50","5292.00"
"Fri Jan 02 2026 12:40:00 GMT+0530 (India Standard Time)","5292.00","5296.50","5290.50","5291.00"
"Fri Jan 02 2026 12:45:00 GMT+0530 (India Standard Time)","5291.00","5293.00","5285.00","5285.50"
"Fri Jan 02 2026 12:50:00 GMT+0530 (India Standard Time)","5285.50","5288.50","5285.50","5286.50"
"Fri Jan 02 2026 12:55:00 GMT+0530 (India Standard Time)","5286.50","5293.00","5285.50","5292.00"
"Fri Jan 02 2026 13:00:00 GMT+0530 (India Standard Time)","5292.00","5315.50","5289.50","5312.00"
"Fri Jan 02 2026 13:05:00 GMT+0530 (India Standard Time)","5312.00","5312.00","5303.00","5303.50"
"Fri Jan 02 2026 13:10:00 GMT+0530 (India Standard Time)","5303.00","5307.50","5302.50","5303.50"
"Fri Jan 02 2026 13:15:00 GMT+0530 (India Standard Time)","5303.50","5305.00","5301.00","5303.00"
"Fri Jan 02 2026 13:20:00 GMT+0530 (India Standard Time)","5303.00","5312.00","5303.00","5308.00"
"Fri Jan 02 2026 13:25:00 GMT+0530 (India Standard Time)","5308.00","5310.00","5303.00","5306.50"
"Fri Jan 02 2026 13:30:00 GMT+0530 (India Standard Time)","5306.50","5315.00","5301.50","5314.00"
"Fri Jan 02 2026 13:35:00 GMT+0530 (India Standard Time)","5312.50","5315.00","5310.50","5310.50"
"Fri Jan 02 2026 13:40:00 GMT+0530 (India Standard Time)","5310.50","5324.00","5310.50","5322.00"
"Fri Jan 02 2026 13:45:00 GMT+0530 (India Standard Time)","5323.00","5324.00","5302.00","5304.50"
"Fri Jan 02 2026 13:50:00 GMT+0530 (India Standard Time)","5304.50","5311.00","5304.50","5311.00"
"Fri Jan 02 2026 13:55:00 GMT+0530 (India Standard Time)","5311.00","5316.50","5300.00","5305.50"
"Fri Jan 02 2026 14:00:00 GMT+0530 (India Standard Time)","5305.50","5309.50","5300.00","5303.00"
"Fri Jan 02 2026 14:05:00 GMT+0530 (India Standard Time)","5303.00","5310.00","5303.00","5306.00"
"Fri Jan 02 2026 14:10:00 GMT+0530 (India Standard Time)","5306.00","5306.50","5300.00","5305.00"
"Fri Jan 02 2026 14:15:00 GMT+0530 (India Standard Time)","5306.00","5306.00","5301.00","5302.00"
"Fri Jan 02 2026 14:20:00 GMT+0530 (India Standard Time)","5302.00","5304.50","5300.00","5300.00"
"Fri Jan 02 2026 14:25:00 GMT+0530 (India Standard Time)","5302.00","5307.00","5300.00","5303.50"
"Fri Jan 02 2026 14:30:00 GMT+0530 (India Standard Time)","5303.50","5306.50","5300.00","5301.00"
"Fri Jan 02 2026 14:35:00 GMT+0530 (India Standard Time)","5301.00","5301.00","5295.00","5295.00"
"Fri Jan 02 2026 14:40:00 GMT+0530 (India Standard Time)","5293.00","5297.50","5285.50","5288.50"
"Fri Jan 02 2026 14:45:00 GMT+0530 (India Standard Time)","5286.00","5315.50","5286.00","5311.00"
"Fri Jan 02 2026 14:50:00 GMT+0530 (India Standard Time)","5311.00","5318.00","5306.00","5316.00"
"Fri Jan 02 2026 14:55:00 GMT+0530 (India Standard Time)","5317.50","5325.00","5307.50","5323.50"
"Fri Jan 02 2026 15:00:00 GMT+0530 (India Standard Time)","5324.00","5326.50","5315.50","5315.50"
"Fri Jan 02 2026 15:05:00 GMT+0530 (India Standard Time)","5316.50","5318.00","5313.00","5317.50"
"Fri Jan 02 2026 15:10:00 GMT+0530 (India Standard Time)","5318.50","5322.50","5315.00","5316.00"
"Fri Jan 02 2026 15:15:00 GMT+0530 (India Standard Time)","5319.00","5323.50","5314.00","5316.00"
"Fri Jan 02 2026 15:20:00 GMT+0530 (India Standard Time)","5319.50","5319.50","5314.00","5316.00"
"Fri Jan 02 2026 15:25:00 GMT+0530 (India Standard Time)","5316.50","5377.50","5315.00","5375.00"
"Mon Jan 05 2026 09:15:00 GMT+0530 (India Standard Time)","5368.50","5373.00","5331.50","5359.00"
"Mon Jan 05 2026 09:20:00 GMT+0530 (India Standard Time)","5357.50","5361.50","5341.50","5348.50"
"Mon Jan 05 2026 09:25:00 GMT+0530 (India Standard Time)","5348.50","5348.50","5326.50","5327.50"
"Mon Jan 05 2026 09:30:00 GMT+0530 (India Standard Time)","5329.50","5332.50","5320.00","5321.50"
"Mon Jan 05 2026 09:35:00 GMT+0530 (India Standard Time)","5321.50","5328.00","5302.50","5305.00"
"Mon Jan 05 2026 09:40:00 GMT+0530 (India Standard Time)","5306.50","5318.00","5306.50","5313.50"
"Mon Jan 05 2026 09:45:00 GMT+0530 (India Standard Time)","5313.50","5318.00","5308.50","5312.50"
"Mon Jan 05 2026 09:50:00 GMT+0530 (India Standard Time)","5310.50","5324.50","5309.00","5312.50"
"Mon Jan 05 2026 09:55:00 GMT+0530 (India Standard Time)","5312.50","5318.50","5292.50","5303.00"
"Mon Jan 05 2026 10:00:00 GMT+0530 (India Standard Time)","5303.00","5319.00","5301.50","5318.00"
"Mon Jan 05 2026 10:05:00 GMT+0530 (India Standard Time)","5318.00","5345.00","5318.00","5343.50"
"Mon Jan 05 2026 10:10:00 GMT+0530 (India Standard Time)","5344.50","5350.00","5338.00","5348.50"
"Mon Jan 05 2026 10:15:00 GMT+0530 (India Standard Time)","5348.50","5353.50","5345.00","5350.00"
"Mon Jan 05 2026 10:20:00 GMT+0530 (India Standard Time)","5350.00","5359.50","5350.00","5350.50"
"Mon Jan 05 2026 10:25:00 GMT+0530 (India Standard Time)","5350.50","5359.00","5350.50","5354.00"
"Mon Jan 05 2026 10:30:00 GMT+0530 (India Standard Time)","5354.00","5355.50","5351.00","5353.00"
"Mon Jan 05 2026 10:35:00 GMT+0530 (India Standard Time)","5354.00","5361.50","5351.50","5353.00"
"Mon Jan 05 2026 10:40:00 GMT+0530 (India Standard Time)","5353.00","5354.00","5340.00","5348.00"
"Mon Jan 05 2026 10:45:00 GMT+0530 (India Standard Time)","5348.00","5353.00","5345.50","5352.50"
"Mon Jan 05 2026 10:50:00 GMT+0530 (India Standard Time)","5352.50","5356.50","5348.00","5351.00"
"Mon Jan 05 2026 10:55:00 GMT+0530 (India Standard Time)","5351.00","5352.50","5344.50","5344.50"
"Mon Jan 05 2026 11:00:00 GMT+0530 (India Standard Time)","5343.50","5354.50","5343.50","5354.00"
"Mon Jan 05 2026 11:05:00 GMT+0530 (India Standard Time)","5354.00","5358.00","5352.00","5358.00"
"Mon Jan 05 2026 11:10:00 GMT+0530 (India Standard Time)","5358.00","5361.50","5354.00","5357.00"
"Mon Jan 05 2026 11:15:00 GMT+0530 (India Standard Time)","5357.00","5361.50","5357.00","5361.00"
"Mon Jan 05 2026 11:20:00 GMT+0530 (India Standard Time)","5361.00","5361.50","5356.00","5359.50"
"Mon Jan 05 2026 11:25:00 GMT+0530 (India Standard Time)","5360.00","5370.00","5359.00","5368.50"
"Mon Jan 05 2026 11:30:00 GMT+0530 (India Standard Time)","5369.00","5369.50","5361.00","5361.00"
"Mon Jan 05 2026 11:35:00 GMT+0530 (India Standard Time)","5361.00","5366.00","5361.00","5366.00"
"Mon Jan 05 2026 11:40:00 GMT+0530 (India Standard Time)","5366.00","5366.00","5358.00","5361.00"
"Mon Jan 05 2026 11:45:00 GMT+0530 (India Standard Time)","5361.00","5361.50","5353.50","5355.50"
"Mon Jan 05 2026 11:50:00 GMT+0530 (India Standard Time)","5355.50","5359.00","5355.50","5358.00"
"Mon Jan 05 2026 11:55:00 GMT+0530 (India Standard Time)","5358.00","5372.00","5358.00","5368.50"
"Mon Jan 05 2026 12:00:00 GMT+0530 (India Standard Time)","5368.50","5371.50","5366.00","5368.50"
"Mon Jan 05 2026 12:05:00 GMT+0530 (India Standard Time)","5368.50","5374.00","5367.00","5373.50"
"Mon Jan 05 2026 12:10:00 GMT+0530 (India Standard Time)","5373.50","5382.00","5372.00","5375.00"
"Mon Jan 05 2026 12:15:00 GMT+0530 (India Standard Time)","5375.00","5385.00","5370.00","5383.50"
"Mon Jan 05 2026 12:20:00 GMT+0530 (India Standard Time)","5383.00","5398.00","5383.00","5390.00"
"Mon Jan 05 2026 12:25:00 GMT+0530 (India Standard Time)","5390.00","5395.00","5382.00","5382.00"
"Mon Jan 05 2026 12:30:00 GMT+0530 (India Standard Time)","5382.00","5395.00","5382.00","5392.50"
"Mon Jan 05 2026 12:35:00 GMT+0530 (India Standard Time)","5392.50","5396.00","5388.00","5390.50"
"Mon Jan 05 2026 12:40:00 GMT+0530 (India Standard Time)","5391.00","5391.00","5385.00","5389.50"
"Mon Jan 05 2026 12:45:00 GMT+0530 (India Standard Time)","5389.50","5396.00","5388.50","5396.00"
"Mon Jan 05 2026 12:50:00 GMT+0530 (India Standard Time)","5396.00","5398.00","5394.00","5395.50"
"Mon Jan 05 2026 12:55:00 GMT+0530 (India Standard Time)","5395.50","5396.50","5385.00","5385.00"
"Mon Jan 05 2026 13:00:00 GMT+0530 (India Standard Time)","5382.00","5384.00","5375.50","5380.50"
"Mon Jan 05 2026 13:05:00 GMT+0530 (India Standard Time)","5380.50","5385.00","5377.50","5383.00"
"Mon Jan 05 2026 13:10:00 GMT+0530 (India Standard Time)","5382.00","5383.50","5370.50","5370.50"
"Mon Jan 05 2026 13:15:00 GMT+0530 (India Standard Time)","5373.00","5373.00","5365.00","5372.50"
"Mon Jan 05 2026 13:20:00 GMT+0530 (India Standard Time)","5372.50","5374.50","5369.00","5373.50"
"Mon Jan 05 2026 13:25:00 GMT+0530 (India Standard Time)","5373.50","5376.00","5370.50","5372.00"
"Mon Jan 05 2026 13:30:00 GMT+0530 (India Standard Time)","5373.00","5374.00","5370.00","5371.00"
"Mon Jan 05 2026 13:35:00 GMT+0530 (India Standard Time)","5371.00","5376.50","5371.00","5374.00"
"Mon Jan 05 2026 13:40:00 GMT+0530 (India Standard Time)","5374.00","5380.00","5374.00","5380.00"
"Mon Jan 05 2026 13:45:00 GMT+0530 (India Standard Time)","5380.00","5380.00","5372.50","5374.00"
"Mon Jan 05 2026 13:50:00 GMT+0530 (India Standard Time)","5374.00","5374.50","5370.50","5373.50"
"Mon Jan 05 2026 13:55:00 GMT+0530 (India Standard Time)","5373.50","5374.00","5368.50","5372.00"
"Mon Jan 05 2026 14:00:00 GMT+0530 (India Standard Time)","5372.00","5372.00","5358.00","5361.50"
"Mon Jan 05 2026 14:05:00 GMT+0530 (India Standard Time)","5361.50","5367.50","5358.50","5361.50"
"Mon Jan 05 2026 14:10:00 GMT+0530 (India Standard Time)","5361.50","5365.50","5360.00","5363.00"
"Mon Jan 05 2026 14:15:00 GMT+0530 (India Standard Time)","5363.00","5370.00","5363.00","5365.00"
"Mon Jan 05 2026 14:20:00 GMT+0530 (India Standard Time)","5365.00","5365.00","5360.00","5360.00"
"Mon Jan 05 2026 14:25:00 GMT+0530 (India Standard Time)","5360.00","5367.50","5359.50","5359.50"
"Mon Jan 05 2026 14:30:00 GMT+0530 (India Standard Time)","5359.50","5370.50","5356.00","5369.00"
"Mon Jan 05 2026 14:35:00 GMT+0530 (India Standard Time)","5369.00","5370.00","5352.00","5354.00"
"Mon Jan 05 2026 14:40:00 GMT+0530 (India Standard Time)","5352.00","5362.00","5352.00","5362.00"
"Mon Jan 05 2026 14:45:00 GMT+0530 (India Standard Time)","5362.50","5364.00","5350.00","5364.00"
"Mon Jan 05 2026 14:50:00 GMT+0530 (India Standard Time)","5362.50","5367.50","5355.00","5367.50"
"Mon Jan 05 2026 14:55:00 GMT+0530 (India Standard Time)","5367.50","5374.00","5364.50","5373.00"
"Mon Jan 05 2026 15:00:00 GMT+0530 (India Standard Time)","5372.50","5377.00","5365.00","5367.00"
"Mon Jan 05 2026 15:05:00 GMT+0530 (India Standard Time)","5367.00","5374.00","5366.00","5369.00"
"Mon Jan 05 2026 15:10:00 GMT+0530 (India Standard Time)","5368.50","5373.50","5364.00","5364.00"
"Mon Jan 05 2026 15:15:00 GMT+0530 (India Standard Time)","5362.00","5365.50","5357.00","5359.50"
"Mon Jan 05 2026 15:20:00 GMT+0530 (India Standard Time)","5359.50","5359.50","5354.50","5356.00"
"Mon Jan 05 2026 15:25:00 GMT+0530 (India Standard Time)","5357.50","5364.50","5351.00","5360.00"
"Tue Jan 06 2026 09:15:00 GMT+0530 (India Standard Time)","5350.00","5379.00","5330.00","5373.00"
"Tue Jan 06 2026 09:20:00 GMT+0530 (India Standard Time)","5373.50","5375.00","5350.00","5357.00"
"Tue Jan 06 2026 09:25:00 GMT+0530 (India Standard Time)","5357.00","5364.00","5346.50","5351.00"
"Tue Jan 06 2026 09:30:00 GMT+0530 (India Standard Time)","5348.00","5371.00","5340.00","5369.00"
"Tue Jan 06 2026 09:35:00 GMT+0530 (India Standard Time)","5369.00","5373.50","5355.00","5355.00"
"Tue Jan 06 2026 09:40:00 GMT+0530 (India Standard Time)","5355.00","5357.50","5351.00","5356.50"
"Tue Jan 06 2026 09:45:00 GMT+0530 (India Standard Time)","5356.50","5375.00","5353.50","5372.00"
"Tue Jan 06 2026 09:50:00 GMT+0530 (India Standard Time)","5372.00","5379.50","5370.00","5376.50"
"Tue Jan 06 2026 09:55:00 GMT+0530 (India Standard Time)","5376.50","5390.00","5376.50","5387.00"
"Tue Jan 06 2026 10:00:00 GMT+0530 (India Standard Time)","5387.00","5392.50","5372.00","5373.00"
"Tue Jan 06 2026 10:05:00 GMT+0530 (India Standard Time)","5373.00","5374.00","5361.00","5363.00"
"Tue Jan 06 2026 10:10:00 GMT+0530 (India Standard Time)","5362.00","5366.00","5356.00","5363.50"
"Tue Jan 06 2026 10:15:00 GMT+0530 (India Standard Time)","5363.50","5364.50","5353.50","5354.50"
"Tue Jan 06 2026 10:20:00 GMT+0530 (India Standard Time)","5353.00","5355.50","5341.00","5342.50"
"Tue Jan 06 2026 10:25:00 GMT+0530 (India Standard Time)","5342.50","5344.50","5333.50","5338.00"
"Tue Jan 06 2026 10:30:00 GMT+0530 (India Standard Time)","5338.00","5349.50","5338.00","5347.00"
"Tue Jan 06 2026 10:35:00 GMT+0530 (India Standard Time)","5343.00","5347.50","5337.00","5340.00"
"Tue Jan 06 2026 10:40:00 GMT+0530 (India Standard Time)","5340.00","5349.00","5340.00","5345.50"
"Tue Jan 06 2026 10:45:00 GMT+0530 (India Standard Time)","5345.50","5353.00","5342.50","5349.00"
"Tue Jan 06 2026 10:50:00 GMT+0530 (India Standard Time)","5349.00","5353.00","5345.50","5347.50"
"Tue Jan 06 2026 10:55:00 GMT+0530 (India Standard Time)","5347.50","5351.50","5346.50","5349.50"
"Tue Jan 06 2026 11:00:00 GMT+0530 (India Standard Time)","5350.00","5355.00","5348.00","5353.00"
"Tue Jan 06 2026 11:05:00 GMT+0530 (India Standard Time)","5353.00","5365.00","5351.50","5357.50"
"Tue Jan 06 2026 11:10:00 GMT+0530 (India Standard Time)","5357.50","5363.50","5353.00","5355.50"
"Tue Jan 06 2026 11:15:00 GMT+0530 (India Standard Time)","5355.50","5355.50","5341.00","5341.50"
"Tue Jan 06 2026 11:20:00 GMT+0530 (India Standard Time)","5341.50","5343.00","5326.00","5328.50"
"Tue Jan 06 2026 11:25:00 GMT+0530 (India Standard Time)","5328.50","5335.50","5325.00","5335.50"
"Tue Jan 06 2026 11:30:00 GMT+0530 (India Standard Time)","5340.00","5341.50","5333.50","5339.50"
"Tue Jan 06 2026 11:35:00 GMT+0530 (India Standard Time)","5339.50","5348.00","5339.50","5344.50"
"Tue Jan 06 2026 11:40:00 GMT+0530 (India Standard Time)","5344.50","5349.00","5342.00","5345.50"
"Tue Jan 06 2026 11:45:00 GMT+0530 (India Standard Time)","5345.50","5349.50","5342.50","5349.00"
"Tue Jan 06 2026 11:50:00 GMT+0530 (India Standard Time)","5349.50","5351.00","5342.00","5346.00"
"Tue Jan 06 2026 11:55:00 GMT+0530 (India Standard Time)","5343.50","5349.50","5343.50","5346.50"
"Tue Jan 06 2026 12:00:00 GMT+0530 (India Standard Time)","5346.50","5348.00","5339.50","5346.50"
"Tue Jan 06 2026 12:05:00 GMT+0530 (India Standard Time)","5346.50","5349.00","5335.00","5339.00"
"Tue Jan 06 2026 12:10:00 GMT+0530 (India Standard Time)","5339.00","5339.00","5330.00","5332.50"
"Tue Jan 06 2026 12:15:00 GMT+0530 (India Standard Time)","5332.00","5333.50","5327.00","5327.00"
"Tue Jan 06 2026 12:20:00 GMT+0530 (India Standard Time)","5327.00","5336.50","5326.00","5334.50"
"Tue Jan 06 2026 12:25:00 GMT+0530 (India Standard Time)","5334.50","5338.50","5332.50","5337.00"
"Tue Jan 06 2026 12:30:00 GMT+0530 (India Standard Time)","5337.00","5340.00","5333.50","5338.50"
"Tue Jan 06 2026 12:35:00 GMT+0530 (India Standard Time)","5338.50","5339.50","5336.00","5339.50"
"Tue Jan 06 2026 12:40:00 GMT+0530 (India Standard Time)","5337.00","5346.00","5337.00","5344.50"
"Tue Jan 06 2026 12:45:00 GMT+0530 (India Standard Time)","5344.50","5349.50","5344.50","5347.00"
"Tue Jan 06 2026 12:50:00 GMT+0530 (India Standard Time)","5347.00","5348.00","5341.50","5341.50"
"Tue Jan 06 2026 12:55:00 GMT+0530 (India Standard Time)","5345.00","5349.00","5344.00","5348.50"
"Tue Jan 06 2026 13:00:00 GMT+0530 (India Standard Time)","5348.50","5357.00","5348.50","5352.00"
"Tue Jan 06 2026 13:05:00 GMT+0530 (India Standard Time)","5352.00","5359.00","5351.00","5359.00"
"Tue Jan 06 2026 13:10:00 GMT+0530 (India Standard Time)","5359.00","5360.00","5350.50","5355.00"
"Tue Jan 06 2026 13:15:00 GMT+0530 (India Standard Time)","5355.00","5357.00","5350.00","5350.50"
"Tue Jan 06 2026 13:20:00 GMT+0530 (India Standard Time)","5350.50","5356.00","5350.50","5354.50"
"Tue Jan 06 2026 13:25:00 GMT+0530 (India Standard Time)","5354.50","5354.50","5348.00","5350.00"
"Tue Jan 06 2026 13:30:00 GMT+0530 (India Standard Time)","5350.00","5353.00","5344.50","5347.50"
"Tue Jan 06 2026 13:35:00 GMT+0530 (India Standard Time)","5346.00","5355.00","5346.00","5354.50"
"Tue Jan 06 2026 13:40:00 GMT+0530 (India Standard Time)","5354.50","5355.00","5350.50","5355.00"
"Tue Jan 06 2026 13:45:00 GMT+0530 (India Standard Time)","5355.00","5355.00","5352.50","5353.50"
"Tue Jan 06 2026 13:50:00 GMT+0530 (India Standard Time)","5353.50","5360.50","5353.50","5356.50"
"Tue Jan 06 2026 13:55:00 GMT+0530 (India Standard Time)","5356.50","5357.00","5352.00","5353.50"
"Tue Jan 06 2026 14:00:00 GMT+0530 (India Standard Time)","5353.50","5354.00","5346.00","5346.00"
"Tue Jan 06 2026 14:05:00 GMT+0530 (India Standard Time)","5346.00","5347.50","5336.50","5339.00"
"Tue Jan 06 2026 14:10:00 GMT+0530 (India Standard Time)","5339.00","5339.00","5333.00","5334.50"
"Tue Jan 06 2026 14:15:00 GMT+0530 (India Standard Time)","5334.50","5334.50","5321.00","5322.00"
"Tue Jan 06 2026 14:20:00 GMT+0530 (India Standard Time)","5322.00","5323.00","5309.50","5316.50"
"Tue Jan 06 2026 14:25:00 GMT+0530 (India Standard Time)","5316.50","5322.50","5313.50","5319.00"
"Tue Jan 06 2026 14:30:00 GMT+0530 (India Standard Time)","5320.00","5323.50","5318.00","5323.50"
"Tue Jan 06 2026 14:35:00 GMT+0530 (India Standard Time)","5320.50","5323.50","5317.00","5317.00"
"Tue Jan 06 2026 14:40:00 GMT+0530 (India Standard Time)","5317.00","5332.50","5317.00","5328.50"
"Tue Jan 06 2026 14:45:00 GMT+0530 (India Standard Time)","5328.50","5337.00","5325.50","5336.50"
"Tue Jan 06 2026 14:50:00 GMT+0530 (India Standard Time)","5336.50","5342.00","5331.50","5339.00"
"Tue Jan 06 2026 14:55:00 GMT+0530 (India Standard Time)","5340.00","5349.00","5338.50","5346.50"
"Tue Jan 06 2026 15:00:00 GMT+0530 (India Standard Time)","5349.50","5352.00","5343.00","5343.50"
"Tue Jan 06 2026 15:05:00 GMT+0530 (India Standard Time)","5346.50","5350.00","5343.00","5345.00"
"Tue Jan 06 2026 15:10:00 GMT+0530 (India Standard Time)","5347.50","5353.00","5345.00","5351.00"
"Tue Jan 06 2026 15:15:00 GMT+0530 (India Standard Time)","5350.00","5351.00","5340.00","5340.00"
"Tue Jan 06 2026 15:20:00 GMT+0530 (India Standard Time)","5341.50","5345.50","5339.50","5340.00"
"Tue Jan 06 2026 15:25:00 GMT+0530 (India Standard Time)","5344.50","5350.00","5336.00","5343.00"
"Wed Jan 07 2026 09:15:00 GMT+0530 (India Standard Time)","5340.00","5497.00","5336.00","5468.00"
"Wed Jan 07 2026 09:20:00 GMT+0530 (India Standard Time)","5468.00","5535.00","5463.00","5530.00"
"Wed Jan 07 2026 09:25:00 GMT+0530 (India Standard Time)","5530.00","5540.00","5510.50","5528.00"
"Wed Jan 07 2026 09:30:00 GMT+0530 (India Standard Time)","5527.50","5527.50","5502.00","5502.00"
"Wed Jan 07 2026 09:35:00 GMT+0530 (India Standard Time)","5509.50","5548.00","5495.50","5540.00"
"Wed Jan 07 2026 09:40:00 GMT+0530 (India Standard Time)","5540.50","5544.00","5510.50","5512.50"
"Wed Jan 07 2026 09:45:00 GMT+0530 (India Standard Time)","5512.00","5523.00","5500.00","5523.00"
"Wed Jan 07 2026 09:50:00 GMT+0530 (India Standard Time)","5523.00","5533.50","5505.00","5526.50"
"Wed Jan 07 2026 09:55:00 GMT+0530 (India Standard Time)","5529.00","5545.00","5520.50","5545.00"
"Wed Jan 07 2026 10:00:00 GMT+0530 (India Standard Time)","5545.00","5570.50","5538.50","5560.00"
"Wed Jan 07 2026 10:05:00 GMT+0530 (India Standard Time)","5560.50","5564.00","5547.00","5550.50"
"Wed Jan 07 2026 10:10:00 GMT+0530 (India Standard Time)","5550.50","5550.50","5538.00","5549.50"
"Wed Jan 07 2026 10:15:00 GMT+0530 (India Standard Time)","5549.50","5551.50","5540.00","5543.50"
"Wed Jan 07 2026 10:20:00 GMT+0530 (India Standard Time)","5543.50","5573.50","5543.50","5569.00"
"Wed Jan 07 2026 10:25:00 GMT+0530 (India Standard Time)","5569.00","5571.50","5539.00","5547.50"
"Wed Jan 07 2026 10:30:00 GMT+0530 (India Standard Time)","5547.50","5559.00","5539.50","5542.00"
"Wed Jan 07 2026 10:35:00 GMT+0530 (India Standard Time)","5544.50","5550.00","5531.00","5544.50"
"Wed Jan 07 2026 10:40:00 GMT+0530 (India Standard Time)","5544.50","5555.00","5541.00","5551.00"
"Wed Jan 07 2026 10:45:00 GMT+0530 (India Standard Time)","5553.50","5574.00","5552.00","5567.50"
"Wed Jan 07 2026 10:50:00 GMT+0530 (India Standard Time)","5567.50","5588.00","5566.50","5574.00"
"Wed Jan 07 2026 10:55:00 GMT+0530 (India Standard Time)","5572.00","5572.50","5560.50","5563.00"
"Wed Jan 07 2026 11:00:00 GMT+0530 (India Standard Time)","5563.00","5578.00","5562.50","5576.00"
"Wed Jan 07 2026 11:05:00 GMT+0530 (India Standard Time)","5574.00","5576.50","5567.50","5573.00"
"Wed Jan 07 2026 11:10:00 GMT+0530 (India Standard Time)","5572.50","5578.00","5563.50","5570.00"
"Wed Jan 07 2026 11:15:00 GMT+0530 (India Standard Time)","5570.00","5570.50","5555.00","5566.00"
"Wed Jan 07 2026 11:20:00 GMT+0530 (India Standard Time)","5566.00","5572.00","5558.50","5569.00"
"Wed Jan 07 2026 11:25:00 GMT+0530 (India Standard Time)","5569.00","5572.00","5550.50","5553.50"
"Wed Jan 07 2026 11:30:00 GMT+0530 (India Standard Time)","5553.50","5560.00","5553.50","5557.50"
"Wed Jan 07 2026 11:35:00 GMT+0530 (India Standard Time)","5557.50","5560.00","5551.50","5551.50"
"Wed Jan 07 2026 11:40:00 GMT+0530 (India Standard Time)","5552.00","5578.00","5550.50","5578.00"
"Wed Jan 07 2026 11:45:00 GMT+0530 (India Standard Time)","5578.00","5588.00","5574.00","5581.00"
"Wed Jan 07 2026 11:50:00 GMT+0530 (India Standard Time)","5583.00","5629.50","5581.00","5620.00"
"Wed Jan 07 2026 11:55:00 GMT+0530 (India Standard Time)","5620.00","5649.00","5617.00","5640.00"
"Wed Jan 07 2026 12:00:00 GMT+0530 (India Standard Time)","5642.50","5687.50","5640.00","5680.00"
"Wed Jan 07 2026 12:05:00 GMT+0530 (India Standard Time)","5683.00","5750.00","5681.50","5717.50"
"Wed Jan 07 2026 12:10:00 GMT+0530 (India Standard Time)","5720.00","5785.00","5706.50","5777.00"
"Wed Jan 07 2026 12:15:00 GMT+0530 (India Standard Time)","5780.00","5790.00","5752.50","5761.00"
"Wed Jan 07 2026 12:20:00 GMT+0530 (India Standard Time)","5765.00","5799.00","5742.00","5783.50"
"Wed Jan 07 2026 12:25:00 GMT+0530 (India Standard Time)","5783.00","5794.00","5757.00","5762.00"
"Wed Jan 07 2026 12:30:00 GMT+0530 (India Standard Time)","5763.50","5790.00","5763.50","5776.00"
"Wed Jan 07 2026 12:35:00 GMT+0530 (India Standard Time)","5776.00","5842.50","5772.50","5818.00"
"Wed Jan 07 2026 12:40:00 GMT+0530 (India Standard Time)","5816.00","5818.50","5770.50","5776.00"
"Wed Jan 07 2026 12:45:00 GMT+0530 (India Standard Time)","5774.50","5777.00","5761.50","5765.50"
"Wed Jan 07 2026 12:50:00 GMT+0530 (India Standard Time)","5765.50","5775.50","5754.00","5767.50"
"Wed Jan 07 2026 12:55:00 GMT+0530 (India Standard Time)","5764.00","5790.00","5764.00","5785.00"
"Wed Jan 07 2026 13:00:00 GMT+0530 (India Standard Time)","5785.00","5789.50","5772.50","5785.00"
"Wed Jan 07 2026 13:05:00 GMT+0530 (India Standard Time)","5785.00","5811.00","5783.50","5790.50"
"Wed Jan 07 2026 13:10:00 GMT+0530 (India Standard Time)","5790.50","5793.50","5780.50","5781.50"
"Wed Jan 07 2026 13:15:00 GMT+0530 (India Standard Time)","5781.50","5789.00","5769.00","5778.00"
"Wed Jan 07 2026 13:20:00 GMT+0530 (India Standard Time)","5777.50","5780.00","5768.50","5777.00"
"Wed Jan 07 2026 13:25:00 GMT+0530 (India Standard Time)","5777.00","5788.50","5761.00","5767.00"
"Wed Jan 07 2026 13:30:00 GMT+0530 (India Standard Time)","5767.00","5775.50","5765.50","5772.00"
"Wed Jan 07 2026 13:35:00 GMT+0530 (India Standard Time)","5772.00","5786.50","5764.00","5786.00"
"Wed Jan 07 2026 13:40:00 GMT+0530 (India Standard Time)","5786.50","5810.00","5782.50","5800.00"
"Wed Jan 07 2026 13:45:00 GMT+0530 (India Standard Time)","5800.00","5815.00","5799.00","5807.50"
"Wed Jan 07 2026 13:50:00 GMT+0530 (India Standard Time)","5807.50","5818.50","5807.50","5813.00"
"Wed Jan 07 2026 13:55:00 GMT+0530 (India Standard Time)","5813.00","5829.00","5811.00","5816.00"
"Wed Jan 07 2026 14:00:00 GMT+0530 (India Standard Time)","5816.00","5848.00","5815.00","5840.00"
"Wed Jan 07 2026 14:05:00 GMT+0530 (India Standard Time)","5841.00","5855.00","5831.00","5845.00"
"Wed Jan 07 2026 14:10:00 GMT+0530 (India Standard Time)","5847.00","5879.50","5840.50","5879.50"
"Wed Jan 07 2026 14:15:00 GMT+0530 (India Standard Time)","5879.50","5879.50","5866.50","5879.50"
"Wed Jan 07 2026 14:20:00 GMT+0530 (India Standard Time)","5879.50","5879.50","5879.50","5879.50"
"Wed Jan 07 2026 14:25:00 GMT+0530 (India Standard Time)","5879.50","5923.00","5843.00","5879.00"
"Wed Jan 07 2026 14:30:00 GMT+0530 (India Standard Time)","5876.00","5918.00","5868.00","5872.00"
"Wed Jan 07 2026 14:35:00 GMT+0530 (India Standard Time)","5871.00","5896.50","5860.50","5880.00"
"Wed Jan 07 2026 14:40:00 GMT+0530 (India Standard Time)","5880.00","5908.00","5879.00","5883.00"
"Wed Jan 07 2026 14:45:00 GMT+0530 (India Standard Time)","5883.00","5893.50","5871.00","5875.00"
"Wed Jan 07 2026 14:50:00 GMT+0530 (India Standard Time)","5875.50","5897.00","5875.00","5894.50"
"Wed Jan 07 2026 14:55:00 GMT+0530 (India Standard Time)","5892.50","5907.00","5880.00","5887.50"
"Wed Jan 07 2026 15:00:00 GMT+0530 (India Standard Time)","5887.50","5893.00","5826.50","5855.00"
"Wed Jan 07 2026 15:05:00 GMT+0530 (India Standard Time)","5857.00","5874.50","5850.00","5870.00"
"Wed Jan 07 2026 15:10:00 GMT+0530 (India Standard Time)","5870.00","5870.00","5844.50","5852.50"
"Wed Jan 07 2026 15:15:00 GMT+0530 (India Standard Time)","5851.00","5859.00","5835.00","5839.00"
"Wed Jan 07 2026 15:20:00 GMT+0530 (India Standard Time)","5836.50","5846.00","5831.50","5836.00"
"Wed Jan 07 2026 15:25:00 GMT+0530 (India Standard Time)","5839.50","5860.50","5836.00","5851.00"
"Thu Jan 08 2026 09:15:00 GMT+0530 (India Standard Time)","5853.00","5950.00","5850.00","5910.00"
"Thu Jan 08 2026 09:20:00 GMT+0530 (India Standard Time)","5905.00","5917.00","5858.50","5865.00"
"Thu Jan 08 2026 09:25:00 GMT+0530 (India Standard Time)","5862.50","5865.50","5813.00","5838.50"
"Thu Jan 08 2026 09:30:00 GMT+0530 (India Standard Time)","5840.00","5843.50","5791.00","5803.00"
"Thu Jan 08 2026 09:35:00 GMT+0530 (India Standard Time)","5803.00","5817.00","5787.50","5805.00"
"Thu Jan 08 2026 09:40:00 GMT+0530 (India Standard Time)","5805.50","5813.00","5773.50","5774.50"
"Thu Jan 08 2026 09:45:00 GMT+0530 (India Standard Time)","5775.00","5791.00","5775.00","5784.00"
"Thu Jan 08 2026 09:50:00 GMT+0530 (India Standard Time)","5784.00","5804.50","5769.00","5791.00"
"Thu Jan 08 2026 09:55:00 GMT+0530 (India Standard Time)","5791.00","5795.00","5752.50","5767.00"
"Thu Jan 08 2026 10:00:00 GMT+0530 (India Standard Time)","5767.00","5785.00","5751.00","5759.00"
"Thu Jan 08 2026 10:05:00 GMT+0530 (India Standard Time)","5755.00","5761.50","5740.00","5742.50"
"Thu Jan 08 2026 10:10:00 GMT+0530 (India Standard Time)","5742.50","5742.50","5722.00","5737.50"
"Thu Jan 08 2026 10:15:00 GMT+0530 (India Standard Time)","5737.50","5737.50","5707.00","5710.00"
"Thu Jan 08 2026 10:20:00 GMT+0530 (India Standard Time)","5708.00","5708.50","5695.00","5706.50"
"Thu Jan 08 2026 10:25:00 GMT+0530 (India Standard Time)","5709.00","5710.50","5685.00","5695.00"
"Thu Jan 08 2026 10:30:00 GMT+0530 (India Standard Time)","5695.00","5697.00","5672.00","5682.00"
"Thu Jan 08 2026 10:35:00 GMT+0530 (India Standard Time)","5682.00","5689.00","5665.00","5680.00"
"Thu Jan 08 2026 10:40:00 GMT+0530 (India Standard Time)","5678.00","5704.00","5674.00","5680.00"
"Thu Jan 08 2026 10:45:00 GMT+0530 (India Standard Time)","5677.50","5678.50","5658.50","5661.00"
"Thu Jan 08 2026 10:50:00 GMT+0530 (India Standard Time)","5661.00","5677.00","5653.50","5662.50"
"Thu Jan 08 2026 10:55:00 GMT+0530 (India Standard Time)","5662.50","5667.50","5652.00","5662.50"
"Thu Jan 08 2026 11:00:00 GMT+0530 (India Standard Time)","5660.00","5668.00","5655.00","5663.00"
"Thu Jan 08 2026 11:05:00 GMT+0530 (India Standard Time)","5663.00","5673.00","5651.50","5664.50"
"Thu Jan 08 2026 11:10:00 GMT+0530 (India Standard Time)","5664.50","5664.50","5645.50","5656.50"
"Thu Jan 08 2026 11:15:00 GMT+0530 (India Standard Time)","5656.00","5665.00","5651.00","5665.00"
"Thu Jan 08 2026 11:20:00 GMT+0530 (India Standard Time)","5665.00","5665.00","5655.00","5661.00"
"Thu Jan 08 2026 11:25:00 GMT+0530 (India Standard Time)","5662.00","5684.50","5653.50","5669.00"
"Thu Jan 08 2026 11:30:00 GMT+0530 (India Standard Time)","5669.00","5678.50","5660.50","5671.00"
"Thu Jan 08 2026 11:35:00 GMT+0530 (India Standard Time)","5671.00","5687.00","5669.00","5684.00"
"Thu Jan 08 2026 11:40:00 GMT+0530 (India Standard Time)","5681.50","5703.50","5681.50","5684.00"
"Thu Jan 08 2026 11:45:00 GMT+0530 (India Standard Time)","5684.00","5689.50","5675.00","5676.00"
"Thu Jan 08 2026 11:50:00 GMT+0530 (India Standard Time)","5676.00","5676.00","5665.50","5674.00"
"Thu Jan 08 2026 11:55:00 GMT+0530 (India Standard Time)","5672.50","5674.00","5657.00","5663.50"
"Thu Jan 08 2026 12:00:00 GMT+0530 (India Standard Time)","5663.50","5668.50","5660.00","5667.50"
"Thu Jan 08 2026 12:05:00 GMT+0530 (India Standard Time)","5667.50","5690.50","5662.00","5690.50"
"Thu Jan 08 2026 12:10:00 GMT+0530 (India Standard Time)","5690.50","5719.50","5684.00","5713.50"
"Thu Jan 08 2026 12:15:00 GMT+0530 (India Standard Time)","5713.50","5716.50","5696.00","5708.50"
"Thu Jan 08 2026 12:20:00 GMT+0530 (India Standard Time)","5708.50","5717.50","5699.00","5710.00"
"Thu Jan 08 2026 12:25:00 GMT+0530 (India Standard Time)","5708.00","5728.50","5708.00","5725.00"
"Thu Jan 08 2026 12:30:00 GMT+0530 (India Standard Time)","5725.00","5725.00","5704.00","5711.00"
"Thu Jan 08 2026 12:35:00 GMT+0530 (India Standard Time)","5711.00","5717.00","5701.50","5713.00"
"Thu Jan 08 2026 12:40:00 GMT+0530 (India Standard Time)","5713.00","5724.00","5713.00","5723.00"
"Thu Jan 08 2026 12:45:00 GMT+0530 (India Standard Time)","5723.00","5725.00","5716.00","5721.00"
"Thu Jan 08 2026 12:50:00 GMT+0530 (India Standard Time)","5721.00","5735.00","5712.50","5731.50"
"Thu Jan 08 2026 12:55:00 GMT+0530 (India Standard Time)","5731.50","5753.00","5731.50","5738.00"
"Thu Jan 08 2026 13:00:00 GMT+0530 (India Standard Time)","5737.00","5760.00","5731.50","5754.00"
"Thu Jan 08 2026 13:05:00 GMT+0530 (India Standard Time)","5755.00","5755.00","5746.00","5751.00"
"Thu Jan 08 2026 13:10:00 GMT+0530 (India Standard Time)","5751.00","5763.50","5750.00","5760.00"
"Thu Jan 08 2026 13:15:00 GMT+0530 (India Standard Time)","5760.00","5760.50","5734.50","5739.00"
"Thu Jan 08 2026 13:20:00 GMT+0530 (India Standard Time)","5735.00","5740.00","5726.00","5731.00"
"Thu Jan 08 2026 13:25:00 GMT+0530 (India Standard Time)","5731.00","5733.00","5718.00","5718.00"
"Thu Jan 08 2026 13:30:00 GMT+0530 (India Standard Time)","5718.00","5720.00","5706.50","5715.00"
"Thu Jan 08 2026 13:35:00 GMT+0530 (India Standard Time)","5716.00","5716.50","5695.00","5696.00"
"Thu Jan 08 2026 13:40:00 GMT+0530 (India Standard Time)","5696.00","5702.00","5691.00","5700.50"
"Thu Jan 08 2026 13:45:00 GMT+0530 (India Standard Time)","5702.00","5716.50","5702.00","5707.00"
"Thu Jan 08 2026 13:50:00 GMT+0530 (India Standard Time)","5707.00","5709.50","5699.00","5708.50"
"Thu Jan 08 2026 13:55:00 GMT+0530 (India Standard Time)","5708.50","5714.00","5705.00","5706.00"
"Thu Jan 08 2026 14:00:00 GMT+0530 (India Standard Time)","5707.50","5714.50","5701.50","5712.00"
"Thu Jan 08 2026 14:05:00 GMT+0530 (India Standard Time)","5712.00","5723.50","5710.00","5714.00"
"Thu Jan 08 2026 14:10:00 GMT+0530 (India Standard Time)","5717.00","5725.00","5714.50","5724.00"
"Thu Jan 08 2026 14:15:00 GMT+0530 (India Standard Time)","5724.00","5730.50","5710.00","5710.00"
"Thu Jan 08 2026 14:20:00 GMT+0530 (India Standard Time)","5710.00","5721.00","5705.00","5707.50"
"Thu Jan 08 2026 14:25:00 GMT+0530 (India Standard Time)","5707.50","5709.00","5700.00","5703.00"
"Thu Jan 08 2026 14:30:00 GMT+0530 (India Standard Time)","5705.00","5722.00","5703.50","5715.50"
"Thu Jan 08 2026 14:35:00 GMT+0530 (India Standard Time)","5715.50","5720.00","5706.00","5714.50"
"Thu Jan 08 2026 14:40:00 GMT+0530 (India Standard Time)","5713.50","5728.00","5710.50","5723.50"
"Thu Jan 08 2026 14:45:00 GMT+0530 (India Standard Time)","5730.50","5734.50","5720.50","5730.00"
"Thu Jan 08 2026 14:50:00 GMT+0530 (India Standard Time)","5730.00","5745.00","5725.00","5742.50"
"Thu Jan 08 2026 14:55:00 GMT+0530 (India Standard Time)","5742.50","5743.50","5734.00","5737.50"
"Thu Jan 08 2026 15:00:00 GMT+0530 (India Standard Time)","5739.50","5739.50","5709.00","5710.00"
"Thu Jan 08 2026 15:05:00 GMT+0530 (India Standard Time)","5710.00","5720.00","5705.00","5709.00"
"Thu Jan 08 2026 15:10:00 GMT+0530 (India Standard Time)","5709.00","5725.50","5708.50","5725.50"
"Thu Jan 08 2026 15:15:00 GMT+0530 (India Standard Time)","5727.50","5728.00","5711.50","5713.50"
"Thu Jan 08 2026 15:20:00 GMT+0530 (India Standard Time)","5713.50","5720.00","5709.00","5715.50"
"Thu Jan 08 2026 15:25:00 GMT+0530 (India Standard Time)","5714.50","5719.00","5700.00","5703.50"
"Fri Jan 09 2026 09:15:00 GMT+0530 (India Standard Time)","5662.00","5765.00","5646.00","5751.00"
"Fri Jan 09 2026 09:20:00 GMT+0530 (India Standard Time)","5753.50","5772.00","5743.50","5748.50"
"Fri Jan 09 2026 09:25:00 GMT+0530 (India Standard Time)","5748.50","5762.00","5722.50","5724.50"
"Fri Jan 09 2026 09:30:00 GMT+0530 (India Standard Time)","5724.50","5739.00","5715.00","5735.00"
"Fri Jan 09 2026 09:35:00 GMT+0530 (India Standard Time)","5733.00","5735.00","5696.00","5698.50"
"Fri Jan 09 2026 09:40:00 GMT+0530 (India Standard Time)","5700.50","5734.00","5692.00","5734.00"
"Fri Jan 09 2026 09:45:00 GMT+0530 (India Standard Time)","5729.00","5765.00","5720.50","5755.50"
"Fri Jan 09 2026 09:50:00 GMT+0530 (India Standard Time)","5755.50","5755.50","5743.50","5754.00"
"Fri Jan 09 2026 09:55:00 GMT+0530 (India Standard Time)","5755.50","5784.00","5733.50","5770.00"
"Fri Jan 09 2026 10:00:00 GMT+0530 (India Standard Time)","5770.00","5772.50","5750.50","5753.00"
"Fri Jan 09 2026 10:05:00 GMT+0530 (India Standard Time)","5753.00","5763.00","5750.50","5762.00"
"Fri Jan 09 2026 10:10:00 GMT+0530 (India Standard Time)","5763.00","5769.50","5755.50","5759.00"
"Fri Jan 09 2026 10:15:00 GMT+0530 (India Standard Time)","5755.50","5836.50","5749.00","5805.00"
"Fri Jan 09 2026 10:20:00 GMT+0530 (India Standard Time)","5805.00","5820.50","5804.00","5810.50"
"Fri Jan 09 2026 10:25:00 GMT+0530 (India Standard Time)","5810.50","5819.50","5804.00","5817.00"
"Fri Jan 09 2026 10:30:00 GMT+0530 (India Standard Time)","5819.50","5825.00","5796.50","5800.00"
"Fri Jan 09 2026 10:35:00 GMT+0530 (India Standard Time)","5800.00","5804.00","5789.50","5804.00"
"Fri Jan 09 2026 10:40:00 GMT+0530 (India Standard Time)","5807.00","5829.00","5803.50","5816.00"
"Fri Jan 09 2026 10:45:00 GMT+0530 (India Standard Time)","5816.00","5834.00","5808.50","5808.50"
"Fri Jan 09 2026 10:50:00 GMT+0530 (India Standard Time)","5808.50","5814.50","5796.50","5801.50"
"Fri Jan 09 2026 10:55:00 GMT+0530 (India Standard Time)","5801.50","5804.00","5782.00","5787.50"
"Fri Jan 09 2026 11:00:00 GMT+0530 (India Standard Time)","5787.00","5787.50","5752.00","5768.00"
"Fri Jan 09 2026 11:05:00 GMT+0530 (India Standard Time)","5768.00","5782.00","5765.50","5777.50"
"Fri Jan 09 2026 11:10:00 GMT+0530 (India Standard Time)","5777.50","5785.50","5774.00","5774.50"
"Fri Jan 09 2026 11:15:00 GMT+0530 (India Standard Time)","5774.50","5779.00","5758.00","5763.50"
"Fri Jan 09 2026 11:20:00 GMT+0530 (India Standard Time)","5763.50","5763.50","5748.00","5751.50"
"Fri Jan 09 2026 11:25:00 GMT+0530 (India Standard Time)","5751.50","5762.00","5744.50","5756.50"
"Fri Jan 09 2026 11:30:00 GMT+0530 (India Standard Time)","5756.50","5765.00","5753.50","5755.50"
"Fri Jan 09 2026 11:35:00 GMT+0530 (India Standard Time)","5754.00","5755.00","5730.00","5736.50"
"Fri Jan 09 2026 11:40:00 GMT+0530 (India Standard Time)","5736.50","5736.50","5715.50","5722.50"
"Fri Jan 09 2026 11:45:00 GMT+0530 (India Standard Time)","5722.50","5731.50","5720.00","5722.00"
"Fri Jan 09 2026 11:50:00 GMT+0530 (India Standard Time)","5722.00","5727.50","5715.00","5717.00"
"Fri Jan 09 2026 11:55:00 GMT+0530 (India Standard Time)","5717.00","5720.00","5711.00","5716.50"
"Fri Jan 09 2026 12:00:00 GMT+0530 (India Standard Time)","5715.00","5729.00","5708.50","5725.50"
"Fri Jan 09 2026 12:05:00 GMT+0530 (India Standard Time)","5725.50","5725.50","5712.50","5714.50"
"Fri Jan 09 2026 12:10:00 GMT+0530 (India Standard Time)","5714.50","5716.50","5704.50","5704.50"
"Fri Jan 09 2026 12:15:00 GMT+0530 (India Standard Time)","5702.50","5723.50","5702.50","5718.50"
"Fri Jan 09 2026 12:20:00 GMT+0530 (India Standard Time)","5718.50","5723.00","5707.00","5707.00"
"Fri Jan 09 2026 12:25:00 GMT+0530 (India Standard Time)","5705.50","5716.50","5705.00","5706.50"
"Fri Jan 09 2026 12:30:00 GMT+0530 (India Standard Time)","5707.00","5717.00","5704.50","5715.00"
"Fri Jan 09 2026 12:35:00 GMT+0530 (India Standard Time)","5715.00","5715.50","5703.50","5711.50"
"Fri Jan 09 2026 12:40:00 GMT+0530 (India Standard Time)","5711.50","5725.00","5708.00","5712.50"
"Fri Jan 09 2026 12:45:00 GMT+0530 (India Standard Time)","5712.50","5720.50","5708.00","5709.00"
"Fri Jan 09 2026 12:50:00 GMT+0530 (India Standard Time)","5709.00","5724.00","5708.00","5719.00"
"Fri Jan 09 2026 12:55:00 GMT+0530 (India Standard Time)","5719.00","5723.00","5716.50","5721.00"
"Fri Jan 09 2026 13:00:00 GMT+0530 (India Standard Time)","5721.00","5732.00","5717.00","5725.00"
"Fri Jan 09 2026 13:05:00 GMT+0530 (India Standard Time)","5725.00","5725.00","5716.00","5716.00"
"Fri Jan 09 2026 13:10:00 GMT+0530 (India Standard Time)","5716.00","5721.00","5706.00","5706.00"
"Fri Jan 09 2026 13:15:00 GMT+0530 (India Standard Time)","5706.00","5720.50","5702.00","5720.50"
"Fri Jan 09 2026 13:20:00 GMT+0530 (India Standard Time)","5720.50","5728.00","5717.50","5722.50"
"Fri Jan 09 2026 13:25:00 GMT+0530 (India Standard Time)","5722.50","5722.50","5718.00","5721.00"
"Fri Jan 09 2026 13:30:00 GMT+0530 (India Standard Time)","5722.00","5722.00","5714.00","5717.50"
"Fri Jan 09 2026 13:35:00 GMT+0530 (India Standard Time)","5717.50","5736.00","5717.50","5735.50"
"Fri Jan 09 2026 13:40:00 GMT+0530 (India Standard Time)","5735.50","5735.50","5714.00","5714.00"
"Fri Jan 09 2026 13:45:00 GMT+0530 (India Standard Time)","5714.00","5715.00","5700.00","5702.00"
"Fri Jan 09 2026 13:50:00 GMT+0530 (India Standard Time)","5702.00","5712.00","5700.00","5705.00"
"Fri Jan 09 2026 13:55:00 GMT+0530 (India Standard Time)","5705.00","5713.50","5701.00","5708.00"
"Fri Jan 09 2026 14:00:00 GMT+0530 (India Standard Time)","5708.00","5713.00","5685.00","5691.50"
"Fri Jan 09 2026 14:05:00 GMT+0530 (India Standard Time)","5691.50","5691.50","5684.00","5688.50"
"Fri Jan 09 2026 14:10:00 GMT+0530 (India Standard Time)","5688.50","5689.00","5672.50","5674.50"
"Fri Jan 09 2026 14:15:00 GMT+0530 (India Standard Time)","5674.50","5676.50","5661.50","5670.50"
"Fri Jan 09 2026 14:20:00 GMT+0530 (India Standard Time)","5670.50","5670.50","5661.00","5662.50"
"Fri Jan 09 2026 14:25:00 GMT+0530 (India Standard Time)","5662.50","5671.00","5658.00","5660.00"
"Fri Jan 09 2026 14:30:00 GMT+0530 (India Standard Time)","5660.00","5660.00","5650.50","5654.00"
"Fri Jan 09 2026 14:35:00 GMT+0530 (India Standard Time)","5654.00","5662.00","5651.00","5654.50"
"Fri Jan 09 2026 14:40:00 GMT+0530 (India Standard Time)","5654.50","5688.00","5647.50","5683.50"
"Fri Jan 09 2026 14:45:00 GMT+0530 (India Standard Time)","5683.50","5714.50","5680.00","5705.00"
"Fri Jan 09 2026 14:50:00 GMT+0530 (India Standard Time)","5705.00","5711.50","5689.00","5711.00"
"Fri Jan 09 2026 14:55:00 GMT+0530 (India Standard Time)","5711.00","5724.00","5706.50","5714.50"
"Fri Jan 09 2026 15:00:00 GMT+0530 (India Standard Time)","5722.50","5722.50","5684.00","5686.50"
"Fri Jan 09 2026 15:05:00 GMT+0530 (India Standard Time)","5688.50","5704.50","5686.00","5697.00"
"Fri Jan 09 2026 15:10:00 GMT+0530 (India Standard Time)","5696.50","5703.00","5688.00","5690.50"
"Fri Jan 09 2026 15:15:00 GMT+0530 (India Standard Time)","5690.50","5690.50","5675.00","5681.00"
"Fri Jan 09 2026 15:20:00 GMT+0530 (India Standard Time)","5681.00","5691.50","5680.50","5688.50"
"Fri Jan 09 2026 15:25:00 GMT+0530 (India Standard Time)","5687.50","5694.50","5672.50","5680.00"
"Mon Jan 12 2026 09:15:00 GMT+0530 (India Standard Time)","5650.00","5688.00","5605.00","5616.50"
"Mon Jan 12 2026 09:20:00 GMT+0530 (India Standard Time)","5619.50","5624.50","5606.00","5613.00"
"Mon Jan 12 2026 09:25:00 GMT+0530 (India Standard Time)","5607.00","5608.50","5582.50","5587.50"
"Mon Jan 12 2026 09:30:00 GMT+0530 (India Standard Time)","5588.50","5646.50","5588.50","5635.00"
"Mon Jan 12 2026 09:35:00 GMT+0530 (India Standard Time)","5634.50","5675.00","5634.50","5660.00"
"Mon Jan 12 2026 09:40:00 GMT+0530 (India Standard Time)","5660.00","5664.50","5640.00","5650.00"
"Mon Jan 12 2026 09:45:00 GMT+0530 (India Standard Time)","5643.50","5663.00","5627.50","5663.00"
"Mon Jan 12 2026 09:50:00 GMT+0530 (India Standard Time)","5663.00","5685.50","5661.50","5668.50"
"Mon Jan 12 2026 09:55:00 GMT+0530 (India Standard Time)","5672.00","5672.00","5638.50","5643.00"
"Mon Jan 12 2026 10:00:00 GMT+0530 (India Standard Time)","5643.00","5648.50","5630.00","5648.50"
"Mon Jan 12 2026 10:05:00 GMT+0530 (India Standard Time)","5653.00","5662.50","5650.00","5658.00"
"Mon Jan 12 2026 10:10:00 GMT+0530 (India Standard Time)","5656.00","5656.00","5634.50","5634.50"
"Mon Jan 12 2026 10:15:00 GMT+0530 (India Standard Time)","5634.50","5644.50","5624.50","5639.50"
"Mon Jan 12 2026 10:20:00 GMT+0530 (India Standard Time)","5639.50","5640.50","5630.00","5640.00"
"Mon Jan 12 2026 10:25:00 GMT+0530 (India Standard Time)","5640.00","5651.00","5629.00","5644.50"
"Mon Jan 12 2026 10:30:00 GMT+0530 (India Standard Time)","5644.50","5658.00","5639.50","5652.50"
"Mon Jan 12 2026 10:35:00 GMT+0530 (India Standard Time)","5651.50","5651.50","5639.00","5642.50"
"Mon Jan 12 2026 10:40:00 GMT+0530 (India Standard Time)","5642.50","5668.50","5642.50","5665.50"
"Mon Jan 12 2026 10:45:00 GMT+0530 (India Standard Time)","5664.00","5674.50","5660.00","5670.50"
"Mon Jan 12 2026 10:50:00 GMT+0530 (India Standard Time)","5670.50","5684.00","5670.50","5679.50"
"Mon Jan 12 2026 10:55:00 GMT+0530 (India Standard Time)","5680.00","5680.00","5661.00","5672.00"
"Mon Jan 12 2026 11:00:00 GMT+0530 (India Standard Time)","5672.00","5680.50","5668.50","5671.50"
"Mon Jan 12 2026 11:05:00 GMT+0530 (India Standard Time)","5671.50","5673.50","5668.00","5670.50"
"Mon Jan 12 2026 11:10:00 GMT+0530 (India Standard Time)","5670.50","5673.50","5659.50","5661.00"
"Mon Jan 12 2026 11:15:00 GMT+0530 (India Standard Time)","5661.00","5685.00","5659.00","5683.00"
"Mon Jan 12 2026 11:20:00 GMT+0530 (India Standard Time)","5683.00","5685.50","5663.50","5665.50"
"Mon Jan 12 2026 11:25:00 GMT+0530 (India Standard Time)","5665.50","5676.00","5665.50","5669.00"
"Mon Jan 12 2026 11:30:00 GMT+0530 (India Standard Time)","5669.00","5671.00","5650.00","5655.00"
"Mon Jan 12 2026 11:35:00 GMT+0530 (India Standard Time)","5658.50","5671.00","5652.50","5660.00"
"Mon Jan 12 2026 11:40:00 GMT+0530 (India Standard Time)","5660.00","5662.50","5646.00","5655.50"
"Mon Jan 12 2026 11:45:00 GMT+0530 (India Standard Time)","5655.50","5684.00","5655.50","5680.50"
"Mon Jan 12 2026 11:50:00 GMT+0530 (India Standard Time)","5680.50","5696.00","5677.00","5680.50"
"Mon Jan 12 2026 11:55:00 GMT+0530 (India Standard Time)","5677.50","5694.00","5670.00","5693.50"
"Mon Jan 12 2026 12:00:00 GMT+0530 (India Standard Time)","5690.00","5711.50","5684.50","5694.00"
"Mon Jan 12 2026 12:05:00 GMT+0530 (India Standard Time)","5694.00","5711.00","5691.00","5704.00"
"Mon Jan 12 2026 12:10:00 GMT+0530 (India Standard Time)","5704.00","5759.00","5701.00","5759.00"
"Mon Jan 12 2026 12:15:00 GMT+0530 (India Standard Time)","5751.50","5762.50","5730.00","5750.00"
"Mon Jan 12 2026 12:20:00 GMT+0530 (India Standard Time)","5748.00","5760.00","5705.50","5710.50"
"Mon Jan 12 2026 12:25:00 GMT+0530 (India Standard Time)","5710.50","5710.50","5671.50","5690.00"
"Mon Jan 12 2026 12:30:00 GMT+0530 (India Standard Time)","5690.00","5711.50","5690.00","5711.50"
"Mon Jan 12 2026 12:35:00 GMT+0530 (India Standard Time)","5711.50","5715.00","5700.00","5701.50"
"Mon Jan 12 2026 12:40:00 GMT+0530 (India Standard Time)","5701.50","5717.50","5683.50","5689.00"
"Mon Jan 12 2026 12:45:00 GMT+0530 (India Standard Time)","5689.00","5690.00","5676.00","5680.00"
"Mon Jan 12 2026 12:50:00 GMT+0530 (India Standard Time)","5680.00","5685.50","5666.50","5667.50"
"Mon Jan 12 2026 12:55:00 GMT+0530 (India Standard Time)","5667.50","5685.00","5665.50","5680.50"
"Mon Jan 12 2026 13:00:00 GMT+0530 (India Standard Time)","5680.50","5680.50","5662.00","5670.00"
"Mon Jan 12 2026 13:05:00 GMT+0530 (India Standard Time)","5670.00","5674.00","5664.00","5673.50"
"Mon Jan 12 2026 13:10:00 GMT+0530 (India Standard Time)","5673.50","5675.00","5669.00","5671.00"
"Mon Jan 12 2026 13:15:00 GMT+0530 (India Standard Time)","5673.00","5676.00","5664.50","5665.00"
"Mon Jan 12 2026 13:20:00 GMT+0530 (India Standard Time)","5665.00","5667.00","5660.00","5666.00"
"Mon Jan 12 2026 13:25:00 GMT+0530 (India Standard Time)","5665.00","5666.00","5657.00","5657.50"
"Mon Jan 12 2026 13:30:00 GMT+0530 (India Standard Time)","5655.00","5671.00","5655.00","5671.00"
"Mon Jan 12 2026 13:35:00 GMT+0530 (India Standard Time)","5671.00","5673.00","5663.50","5673.00"
"Mon Jan 12 2026 13:40:00 GMT+0530 (India Standard Time)","5673.00","5683.50","5668.50","5668.50"
"Mon Jan 12 2026 13:45:00 GMT+0530 (India Standard Time)","5668.50","5678.50","5668.50","5678.50"
"Mon Jan 12 2026 13:50:00 GMT+0530 (India Standard Time)","5678.50","5678.50","5665.50","5668.00"
"Mon Jan 12 2026 13:55:00 GMT+0530 (India Standard Time)","5670.00","5673.00","5665.00","5670.50"
"Mon Jan 12 2026 14:00:00 GMT+0530 (India Standard Time)","5670.50","5670.50","5658.00","5669.00"
"Mon Jan 12 2026 14:05:00 GMT+0530 (India Standard Time)","5669.00","5698.00","5661.50","5697.50"
"Mon Jan 12 2026 14:10:00 GMT+0530 (India Standard Time)","5697.50","5699.00","5685.00","5692.00"
"Mon Jan 12 2026 14:15:00 GMT+0530 (India Standard Time)","5692.00","5702.50","5691.50","5695.50"
"Mon Jan 12 2026 14:20:00 GMT+0530 (India Standard Time)","5695.50","5706.50","5693.50","5706.00"
"Mon Jan 12 2026 14:25:00 GMT+0530 (India Standard Time)","5706.00","5706.00","5672.50","5680.00"
"Mon Jan 12 2026 14:30:00 GMT+0530 (India Standard Time)","5680.00","5687.50","5670.00","5671.00"
"Mon Jan 12 2026 14:35:00 GMT+0530 (India Standard Time)","5671.00","5689.50","5661.00","5683.50"
"Mon Jan 12 2026 14:40:00 GMT+0530 (India Standard Time)","5683.50","5689.00","5675.50","5685.50"
"Mon Jan 12 2026 14:45:00 GMT+0530 (India Standard Time)","5685.50","5697.00","5683.50","5693.00"
"Mon Jan 12 2026 14:50:00 GMT+0530 (India Standard Time)","5695.50","5705.00","5689.00","5701.00"
"Mon Jan 12 2026 14:55:00 GMT+0530 (India Standard Time)","5697.50","5715.00","5697.50","5714.00"
"Mon Jan 12 2026 15:00:00 GMT+0530 (India Standard Time)","5714.00","5714.00","5687.50","5699.00"
"Mon Jan 12 2026 15:05:00 GMT+0530 (India Standard Time)","5703.50","5706.00","5696.50","5704.50"
"Mon Jan 12 2026 15:10:00 GMT+0530 (India Standard Time)","5702.00","5706.00","5690.00","5691.00"
"Mon Jan 12 2026 15:15:00 GMT+0530 (India Standard Time)","5691.00","5702.00","5691.00","5697.50"
"Mon Jan 12 2026 15:20:00 GMT+0530 (India Standard Time)","5699.00","5699.50","5676.00","5677.50"
"Mon Jan 12 2026 15:25:00 GMT+0530 (India Standard Time)","5676.50","5687.50","5667.00","5678.00"
"Tue Jan 13 2026 09:15:00 GMT+0530 (India Standard Time)","5744.00","5810.00","5681.00","5720.00"
"Tue Jan 13 2026 09:20:00 GMT+0530 (India Standard Time)","5715.00","5730.00","5702.00","5728.50"
"Tue Jan 13 2026 09:25:00 GMT+0530 (India Standard Time)","5730.50","5752.50","5725.50","5749.50"
"Tue Jan 13 2026 09:30:00 GMT+0530 (India Standard Time)","5746.50","5750.00","5713.50","5720.00"
"Tue Jan 13 2026 09:35:00 GMT+0530 (India Standard Time)","5720.00","5736.00","5700.00","5700.00"
"Tue Jan 13 2026 09:40:00 GMT+0530 (India Standard Time)","5704.00","5719.50","5697.00","5704.00"
"Tue Jan 13 2026 09:45:00 GMT+0530 (India Standard Time)","5704.00","5742.00","5704.00","5727.50"
"Tue Jan 13 2026 09:50:00 GMT+0530 (India Standard Time)","5727.50","5748.50","5726.00","5730.00"
"Tue Jan 13 2026 09:55:00 GMT+0530 (India Standard Time)","5730.00","5734.50","5708.50","5714.50"
"Tue Jan 13 2026 10:00:00 GMT+0530 (India Standard Time)","5714.50","5738.00","5705.50","5737.50"
"Tue Jan 13 2026 10:05:00 GMT+0530 (India Standard Time)","5735.00","5750.00","5734.50","5743.50"
"Tue Jan 13 2026 10:10:00 GMT+0530 (India Standard Time)","5743.50","5749.50","5725.00","5726.00"
"Tue Jan 13 2026 10:15:00 GMT+0530 (India Standard Time)","5729.00","5743.00","5725.00","5735.00"
"Tue Jan 13 2026 10:20:00 GMT+0530 (India Standard Time)","5734.50","5768.50","5734.00","5752.00"
"Tue Jan 13 2026 10:25:00 GMT+0530 (India Standard Time)","5752.00","5803.00","5752.00","5790.00"
"Tue Jan 13 2026 10:30:00 GMT+0530 (India Standard Time)","5789.50","5804.00","5763.50","5766.00"
"Tue Jan 13 2026 10:35:00 GMT+0530 (India Standard Time)","5769.50","5773.50","5733.00","5753.00"
"Tue Jan 13 2026 10:40:00 GMT+0530 (India Standard Time)","5753.00","5760.00","5739.50","5747.50"
"Tue Jan 13 2026 10:45:00 GMT+0530 (India Standard Time)","5747.50","5752.50","5728.50","5740.00"
"Tue Jan 13 2026 10:50:00 GMT+0530 (India Standard Time)","5740.00","5754.50","5733.50","5738.00"
"Tue Jan 13 2026 10:55:00 GMT+0530 (India Standard Time)","5738.00","5751.00","5737.00","5743.00"
"Tue Jan 13 2026 11:00:00 GMT+0530 (India Standard Time)","5743.00","5746.50","5710.00","5725.50"
"Tue Jan 13 2026 11:05:00 GMT+0530 (India Standard Time)","5725.50","5730.00","5707.00","5730.00"
"Tue Jan 13 2026 11:10:00 GMT+0530 (India Standard Time)","5730.00","5748.00","5725.00","5746.50"
"Tue Jan 13 2026 11:15:00 GMT+0530 (India Standard Time)","5746.50","5753.00","5738.00","5743.00"
"Tue Jan 13 2026 11:20:00 GMT+0530 (India Standard Time)","5743.00","5743.00","5711.00","5711.00"
"Tue Jan 13 2026 11:25:00 GMT+0530 (India Standard Time)","5711.00","5729.50","5711.00","5728.00"
"Tue Jan 13 2026 11:30:00 GMT+0530 (India Standard Time)","5725.00","5727.00","5719.50","5724.00"
"Tue Jan 13 2026 11:35:00 GMT+0530 (India Standard Time)","5724.00","5734.00","5724.00","5734.00"
"Tue Jan 13 2026 11:40:00 GMT+0530 (India Standard Time)","5734.00","5773.50","5734.00","5765.50"
"Tue Jan 13 2026 11:45:00 GMT+0530 (India Standard Time)","5765.50","5778.00","5753.50","5771.50"
"Tue Jan 13 2026 11:50:00 GMT+0530 (India Standard Time)","5771.50","5784.00","5768.50","5772.50"
"Tue Jan 13 2026 11:55:00 GMT+0530 (India Standard Time)","5771.00","5794.50","5762.00","5785.50"
"Tue Jan 13 2026 12:00:00 GMT+0530 (India Standard Time)","5785.50","5785.50","5766.00","5772.50"
"Tue Jan 13 2026 12:05:00 GMT+0530 (India Standard Time)","5772.50","5772.50","5761.50","5766.00"
"Tue Jan 13 2026 12:10:00 GMT+0530 (India Standard Time)","5766.00","5787.50","5764.00","5781.50"
"Tue Jan 13 2026 12:15:00 GMT+0530 (India Standard Time)","5781.50","5798.50","5773.50","5788.00"
"Tue Jan 13 2026 12:20:00 GMT+0530 (India Standard Time)","5788.00","5788.00","5769.00","5771.00"
"Tue Jan 13 2026 12:25:00 GMT+0530 (India Standard Time)","5771.00","5784.00","5765.50","5774.00"
"Tue Jan 13 2026 12:30:00 GMT+0530 (India Standard Time)","5776.00","5783.00","5766.00","5768.00"
"Tue Jan 13 2026 12:35:00 GMT+0530 (India Standard Time)","5768.00","5773.00","5762.50","5766.50"
"Tue Jan 13 2026 12:40:00 GMT+0530 (India Standard Time)","5766.50","5775.00","5764.00","5770.00"
"Tue Jan 13 2026 12:45:00 GMT+0530 (India Standard Time)","5770.00","5770.00","5755.50","5759.50"
"Tue Jan 13 2026 12:50:00 GMT+0530 (India Standard Time)","5759.50","5761.00","5745.50","5752.50"
"Tue Jan 13 2026 12:55:00 GMT+0530 (India Standard Time)","5755.00","5758.00","5750.00","5750.50"
"Tue Jan 13 2026 13:00:00 GMT+0530 (India Standard Time)","5750.50","5754.50","5737.50","5742.00"
"Tue Jan 13 2026 13:05:00 GMT+0530 (India Standard Time)","5742.00","5775.00","5738.00","5772.00"
"Tue Jan 13 2026 13:10:00 GMT+0530 (India Standard Time)","5772.00","5803.50","5768.00","5785.00"
"Tue Jan 13 2026 13:15:00 GMT+0530 (India Standard Time)","5785.00","5785.00","5763.00","5777.50"
"Tue Jan 13 2026 13:20:00 GMT+0530 (India Standard Time)","5777.50","5788.50","5770.50","5785.00"
"Tue Jan 13 2026 13:25:00 GMT+0530 (India Standard Time)","5785.00","5785.00","5770.00","5770.00"
"Tue Jan 13 2026 13:30:00 GMT+0530 (India Standard Time)","5770.00","5775.00","5756.00","5764.50"
"Tue Jan 13 2026 13:35:00 GMT+0530 (India Standard Time)","5764.50","5769.00","5763.50","5765.00"
"Tue Jan 13 2026 13:40:00 GMT+0530 (India Standard Time)","5765.00","5773.50","5763.50","5770.00"
"Tue Jan 13 2026 13:45:00 GMT+0530 (India Standard Time)","5770.00","5774.50","5764.00","5768.00"
"Tue Jan 13 2026 13:50:00 GMT+0530 (India Standard Time)","5768.00","5773.50","5765.00","5772.00"
"Tue Jan 13 2026 13:55:00 GMT+0530 (India Standard Time)","5774.00","5778.00","5767.00","5775.50"
"Tue Jan 13 2026 14:00:00 GMT+0530 (India Standard Time)","5773.50","5786.00","5770.50","5785.00"
"Tue Jan 13 2026 14:05:00 GMT+0530 (India Standard Time)","5785.50","5785.50","5773.50","5777.50"
"Tue Jan 13 2026 14:10:00 GMT+0530 (India Standard Time)","5773.50","5774.50","5761.50","5769.00"
"Tue Jan 13 2026 14:15:00 GMT+0530 (India Standard Time)","5769.00","5772.50","5764.50","5769.00"
"Tue Jan 13 2026 14:20:00 GMT+0530 (India Standard Time)","5769.00","5769.00","5746.50","5748.50"
"Tue Jan 13 2026 14:25:00 GMT+0530 (India Standard Time)","5748.00","5757.50","5745.00","5747.50"
"Tue Jan 13 2026 14:30:00 GMT+0530 (India Standard Time)","5747.50","5776.00","5747.50","5769.00"
"Tue Jan 13 2026 14:35:00 GMT+0530 (India Standard Time)","5769.00","5775.00","5763.50","5770.00"
"Tue Jan 13 2026 14:40:00 GMT+0530 (India Standard Time)","5768.00","5782.00","5768.00","5773.00"
"Tue Jan 13 2026 14:45:00 GMT+0530 (India Standard Time)","5773.00","5783.00","5770.50","5777.50"
"Tue Jan 13 2026 14:50:00 GMT+0530 (India Standard Time)","5777.50","5792.50","5776.50","5786.50"
"Tue Jan 13 2026 14:55:00 GMT+0530 (India Standard Time)","5786.50","5824.00","5785.50","5810.00"
"Tue Jan 13 2026 15:00:00 GMT+0530 (India Standard Time)","5812.00","5818.00","5805.00","5806.50"
"Tue Jan 13 2026 15:05:00 GMT+0530 (India Standard Time)","5805.00","5806.50","5794.00","5798.50"
"Tue Jan 13 2026 15:10:00 GMT+0530 (India Standard Time)","5799.50","5809.00","5794.50","5805.50"
"Tue Jan 13 2026 15:15:00 GMT+0530 (India Standard Time)","5805.00","5808.00","5798.50","5800.00"
"Tue Jan 13 2026 15:20:00 GMT+0530 (India Standard Time)","5796.50","5797.50","5766.50","5774.00"
"Tue Jan 13 2026 15:25:00 GMT+0530 (India Standard Time)","5777.00","5793.50","5768.00","5793.00"
"Wed Jan 14 2026 09:15:00 GMT+0530 (India Standard Time)","5700.00","5766.00","5601.00","5684.50"
"Wed Jan 14 2026 09:20:00 GMT+0530 (India Standard Time)","5685.00","5744.50","5680.00","5701.00"
"Wed Jan 14 2026 09:25:00 GMT+0530 (India Standard Time)","5701.00","5726.00","5680.00","5688.50"
"Wed Jan 14 2026 09:30:00 GMT+0530 (India Standard Time)","5688.50","5689.00","5655.50","5664.00"
"Wed Jan 14 2026 09:35:00 GMT+0530 (India Standard Time)","5664.00","5685.00","5616.00","5628.00"
"Wed Jan 14 2026 09:40:00 GMT+0530 (India Standard Time)","5627.00","5674.00","5614.50","5647.00"
"Wed Jan 14 2026 09:45:00 GMT+0530 (India Standard Time)","5647.00","5660.00","5631.00","5645.00"
"Wed Jan 14 2026 09:50:00 GMT+0530 (India Standard Time)","5645.00","5690.50","5644.50","5670.00"
"Wed Jan 14 2026 09:55:00 GMT+0530 (India Standard Time)","5672.00","5695.50","5644.50","5646.50"
"Wed Jan 14 2026 10:00:00 GMT+0530 (India Standard Time)","5652.50","5652.50","5633.00","5644.00"
"Wed Jan 14 2026 10:05:00 GMT+0530 (India Standard Time)","5644.00","5646.00","5633.00","5639.00"
"Wed Jan 14 2026 10:10:00 GMT+0530 (India Standard Time)","5639.00","5640.00","5612.00","5621.50"
"Wed Jan 14 2026 10:15:00 GMT+0530 (India Standard Time)","5621.50","5640.00","5620.00","5626.00"
"Wed Jan 14 2026 10:20:00 GMT+0530 (India Standard Time)","5626.00","5630.00","5613.50","5620.00"
"Wed Jan 14 2026 10:25:00 GMT+0530 (India Standard Time)","5620.00","5633.50","5620.00","5628.00"
"Wed Jan 14 2026 10:30:00 GMT+0530 (India Standard Time)","5632.00","5634.50","5612.50","5631.00"
"Wed Jan 14 2026 10:35:00 GMT+0530 (India Standard Time)","5630.00","5638.00","5619.00","5631.00"
"Wed Jan 14 2026 10:40:00 GMT+0530 (India Standard Time)","5631.00","5652.50","5628.00","5638.50"
"Wed Jan 14 2026 10:45:00 GMT+0530 (India Standard Time)","5638.50","5644.50","5630.00","5639.50"
"Wed Jan 14 2026 10:50:00 GMT+0530 (India Standard Time)","5639.50","5641.00","5583.00","5619.00"
"Wed Jan 14 2026 10:55:00 GMT+0530 (India Standard Time)","5621.00","5639.50","5616.00","5637.00"
"Wed Jan 14 2026 11:00:00 GMT+0530 (India Standard Time)","5637.00","5652.00","5618.00","5624.50"
"Wed Jan 14 2026 11:05:00 GMT+0530 (India Standard Time)","5624.50","5630.00","5603.00","5612.00"
"Wed Jan 14 2026 11:10:00 GMT+0530 (India Standard Time)","5612.00","5617.00","5601.50","5608.50"
"Wed Jan 14 2026 11:15:00 GMT+0530 (India Standard Time)","5608.50","5618.00","5602.00","5613.50"
"Wed Jan 14 2026 11:20:00 GMT+0530 (India Standard Time)","5613.50","5624.00","5602.50","5603.00"
"Wed Jan 14 2026 11:25:00 GMT+0530 (India Standard Time)","5602.50","5618.50","5598.00","5613.00"
"Wed Jan 14 2026 11:30:00 GMT+0530 (India Standard Time)","5613.00","5619.00","5611.00","5614.00"
"Wed Jan 14 2026 11:35:00 GMT+0530 (India Standard Time)","5614.00","5617.50","5602.00","5608.00"
"Wed Jan 14 2026 11:40:00 GMT+0530 (India Standard Time)","5608.00","5612.50","5603.50","5608.50"
"Wed Jan 14 2026 11:45:00 GMT+0530 (India Standard Time)","5608.50","5608.50","5544.50","5569.00"
"Wed Jan 14 2026 11:50:00 GMT+0530 (India Standard Time)","5570.50","5570.50","5529.00","5550.00"
"Wed Jan 14 2026 11:55:00 GMT+0530 (India Standard Time)","5551.50","5565.50","5545.00","5560.00"
"Wed Jan 14 2026 12:00:00 GMT+0530 (India Standard Time)","5560.00","5577.00","5555.00","5568.00"
"Wed Jan 14 2026 12:05:00 GMT+0530 (India Standard Time)","5566.00","5572.50","5553.50","5557.50"
"Wed Jan 14 2026 12:10:00 GMT+0530 (India Standard Time)","5555.50","5568.50","5552.00","5562.00"
"Wed Jan 14 2026 12:15:00 GMT+0530 (India Standard Time)","5562.00","5567.00","5551.50","5556.00"
"Wed Jan 14 2026 12:20:00 GMT+0530 (India Standard Time)","5556.00","5556.00","5545.00","5545.00"
"Wed Jan 14 2026 12:25:00 GMT+0530 (India Standard Time)","5546.50","5550.00","5542.00","5544.50"
"Wed Jan 14 2026 12:30:00 GMT+0530 (India Standard Time)","5543.00","5546.50","5532.50","5544.50"
"Wed Jan 14 2026 12:35:00 GMT+0530 (India Standard Time)","5544.50","5554.00","5542.00","5548.00"
"Wed Jan 14 2026 12:40:00 GMT+0530 (India Standard Time)","5548.00","5564.00","5543.00","5561.00"
"Wed Jan 14 2026 12:45:00 GMT+0530 (India Standard Time)","5559.50","5561.00","5550.00","5551.50"
"Wed Jan 14 2026 12:50:00 GMT+0530 (India Standard Time)","5551.50","5561.00","5551.50","5559.00"
"Wed Jan 14 2026 12:55:00 GMT+0530 (India Standard Time)","5559.00","5574.00","5555.50","5569.50"
"Wed Jan 14 2026 13:00:00 GMT+0530 (India Standard Time)","5569.50","5573.00","5562.50","5563.00"
"Wed Jan 14 2026 13:05:00 GMT+0530 (India Standard Time)","5562.50","5564.50","5537.00","5555.50"
"Wed Jan 14 2026 13:10:00 GMT+0530 (India Standard Time)","5555.50","5559.50","5550.00","5550.00"
"Wed Jan 14 2026 13:15:00 GMT+0530 (India Standard Time)","5550.00","5550.00","5521.50","5521.50"
"Wed Jan 14 2026 13:20:00 GMT+0530 (India Standard Time)","5522.00","5544.00","5519.00","5530.50"
"Wed Jan 14 2026 13:25:00 GMT+0530 (India Standard Time)","5529.00","5538.50","5524.00","5533.00"
"Wed Jan 14 2026 13:30:00 GMT+0530 (India Standard Time)","5532.00","5535.00","5521.50","5528.50"
"Wed Jan 14 2026 13:35:00 GMT+0530 (India Standard Time)","5528.50","5537.00","5512.00","5515.00"
"Wed Jan 14 2026 13:40:00 GMT+0530 (India Standard Time)","5514.50","5537.00","5514.50","5535.00"
"Wed Jan 14 2026 13:45:00 GMT+0530 (India Standard Time)","5535.00","5561.50","5532.00","5546.50"
"Wed Jan 14 2026 13:50:00 GMT+0530 (India Standard Time)","5545.00","5550.50","5532.00","5536.50"
"Wed Jan 14 2026 13:55:00 GMT+0530 (India Standard Time)","5536.50","5540.50","5522.00","5530.00"
"Wed Jan 14 2026 14:00:00 GMT+0530 (India Standard Time)","5534.00","5535.00","5520.00","5521.00"
"Wed Jan 14 2026 14:05:00 GMT+0530 (India Standard Time)","5521.00","5532.00","5521.00","5526.50"
"Wed Jan 14 2026 14:10:00 GMT+0530 (India Standard Time)","5526.50","5530.00","5521.00","5529.50"
"Wed Jan 14 2026 14:15:00 GMT+0530 (India Standard Time)","5529.50","5533.50","5524.00","5529.00"
"Wed Jan 14 2026 14:20:00 GMT+0530 (India Standard Time)","5529.00","5529.00","5521.00","5525.00"
"Wed Jan 14 2026 14:25:00 GMT+0530 (India Standard Time)","5524.50","5530.00","5518.50","5524.50"
"Wed Jan 14 2026 14:30:00 GMT+0530 (India Standard Time)","5524.50","5532.00","5522.00","5531.00"
"Wed Jan 14 2026 14:35:00 GMT+0530 (India Standard Time)","5531.00","5533.00","5515.00","5530.50"
"Wed Jan 14 2026 14:40:00 GMT+0530 (India Standard Time)","5530.50","5535.50","5523.00","5530.00"
"Wed Jan 14 2026 14:45:00 GMT+0530 (India Standard Time)","5530.00","5539.00","5524.50","5526.00"
"Wed Jan 14 2026 14:50:00 GMT+0530 (India Standard Time)","5528.00","5529.00","5517.00","5522.50"
"Wed Jan 14 2026 14:55:00 GMT+0530 (India Standard Time)","5522.50","5534.50","5513.50","5515.00"
"Wed Jan 14 2026 15:00:00 GMT+0530 (India Standard Time)","5508.00","5522.50","5505.00","5522.00"
"Wed Jan 14 2026 15:05:00 GMT+0530 (India Standard Time)","5522.00","5527.50","5515.50","5519.50"
"Wed Jan 14 2026 15:10:00 GMT+0530 (India Standard Time)","5520.00","5523.00","5513.50","5516.50"
"Wed Jan 14 2026 15:15:00 GMT+0530 (India Standard Time)","5516.50","5520.00","5498.00","5501.00"
"Wed Jan 14 2026 15:20:00 GMT+0530 (India Standard Time)","5501.00","5507.00","5492.00","5494.00"
"Wed Jan 14 2026 15:25:00 GMT+0530 (India Standard Time)","5492.00","5492.50","5467.00","5475.00"