"Date","Open","High","Low","Close"
"Wed Jul 31 2024 10:20:00 GMT+0530 (India Standard Time)","6973.95","6980.00","6970.40","6978.75"
"Wed Jul 31 2024 10:25:00 GMT+0530 (India Standard Time)","6979.00","6980.00","6965.05","6975.70"
"Wed Jul 31 2024 10:30:00 GMT+0530 (India Standard Time)","6971.85","6978.40","6963.00","6963.00"
"Wed Jul 31 2024 10:35:00 GMT+0530 (India Standard Time)","6964.85","6973.45","6963.05","6966.20"
"Wed Jul 31 2024 10:40:00 GMT+0530 (India Standard Time)","6966.20","6971.70","6966.20","6969.95"
"Wed Jul 31 2024 10:45:00 GMT+0530 (India Standard Time)","6969.95","6970.00","6960.30","6965.00"
"Wed Jul 31 2024 10:50:00 GMT+0530 (India Standard Time)","6964.95","6965.00","6960.00","6963.15"
"Wed Jul 31 2024 10:55:00 GMT+0530 (India Standard Time)","6963.15","6965.00","6956.50","6961.90"
"Wed Jul 31 2024 11:00:00 GMT+0530 (India Standard Time)","6960.00","6964.95","6957.25","6959.30"
"Wed Jul 31 2024 11:05:00 GMT+0530 (India Standard Time)","6959.30","6967.50","6955.60","6963.55"
"Wed Jul 31 2024 11:10:00 GMT+0530 (India Standard Time)","6963.55","6967.80","6955.00","6958.80"
"Wed Jul 31 2024 11:15:00 GMT+0530 (India Standard Time)","6958.80","6969.00","6958.80","6968.15"
"Wed Jul 31 2024 11:20:00 GMT+0530 (India Standard Time)","6968.15","6978.95","6963.20","6975.00"
"Wed Jul 31 2024 11:25:00 GMT+0530 (India Standard Time)","6978.00","6984.00","6975.10","6977.25"
"Wed Jul 31 2024 11:30:00 GMT+0530 (India Standard Time)","6982.70","6983.40","6976.15","6978.00"
"Wed Jul 31 2024 11:35:00 GMT+0530 (India Standard Time)","6978.00","6978.00","6971.10","6975.60"
"Wed Jul 31 2024 11:40:00 GMT+0530 (India Standard Time)","6973.40","6978.00","6966.40","6969.75"
"Wed Jul 31 2024 11:45:00 GMT+0530 (India Standard Time)","6969.75","6970.00","6963.00","6966.00"
"Wed Jul 31 2024 11:50:00 GMT+0530 (India Standard Time)","6966.00","6972.90","6964.95","6970.00"
"Wed Jul 31 2024 11:55:00 GMT+0530 (India Standard Time)","6968.30","6972.80","6966.10","6969.95"
"Wed Jul 31 2024 12:00:00 GMT+0530 (India Standard Time)","6969.95","6970.00","6966.00","6966.05"
"Wed Jul 31 2024 12:05:00 GMT+0530 (India Standard Time)","6966.05","6970.00","6966.05","6970.00"
"Wed Jul 31 2024 12:10:00 GMT+0530 (India Standard Time)","6970.00","6970.00","6966.00","6967.30"
"Wed Jul 31 2024 12:15:00 GMT+0530 (India Standard Time)","6967.30","6970.00","6966.00","6969.95"
"Wed Jul 31 2024 12:20:00 GMT+0530 (India Standard Time)","6969.95","6970.00","6966.00","6966.40"
"Wed Jul 31 2024 12:25:00 GMT+0530 (India Standard Time)","6970.00","6970.00","6963.75","6968.95"
"Wed Jul 31 2024 12:30:00 GMT+0530 (India Standard Time)","6968.00","6968.95","6963.25","6968.75"
"Wed Jul 31 2024 12:35:00 GMT+0530 (India Standard Time)","6968.75","6970.00","6961.90","6966.80"
"Wed Jul 31 2024 12:40:00 GMT+0530 (India Standard Time)","6966.80","6978.00","6966.80","6977.00"
"Wed Jul 31 2024 12:45:00 GMT+0530 (India Standard Time)","6977.00","6977.00","6972.05","6974.90"
"Wed Jul 31 2024 12:50:00 GMT+0530 (India Standard Time)","6974.90","6974.90","6970.05","6973.50"
"Wed Jul 31 2024 12:55:00 GMT+0530 (India Standard Time)","6974.90","6981.00","6970.90","6972.05"
"Wed Jul 31 2024 13:00:00 GMT+0530 (India Standard Time)","6972.10","6975.70","6970.00","6970.70"
"Wed Jul 31 2024 13:05:00 GMT+0530 (India Standard Time)","6974.65","6976.00","6970.05","6976.00"
"Wed Jul 31 2024 13:10:00 GMT+0530 (India Standard Time)","6976.00","6981.95","6972.10","6975.05"
"Wed Jul 31 2024 13:15:00 GMT+0530 (India Standard Time)","6973.45","6979.95","6972.00","6975.40"
"Wed Jul 31 2024 13:20:00 GMT+0530 (India Standard Time)","6975.40","6978.00","6972.00","6976.85"
"Wed Jul 31 2024 13:25:00 GMT+0530 (India Standard Time)","6973.05","6977.95","6971.95","6971.95"
"Wed Jul 31 2024 13:30:00 GMT+0530 (India Standard Time)","6972.05","6977.95","6971.55","6971.60"
"Wed Jul 31 2024 13:35:00 GMT+0530 (India Standard Time)","6971.55","6978.75","6971.55","6974.70"
"Wed Jul 31 2024 13:40:00 GMT+0530 (India Standard Time)","6974.70","6979.95","6972.95","6975.20"
"Wed Jul 31 2024 13:45:00 GMT+0530 (India Standard Time)","6975.20","6979.20","6971.65","6972.85"
"Wed Jul 31 2024 13:50:00 GMT+0530 (India Standard Time)","6977.00","6980.00","6971.20","6973.65"
"Wed Jul 31 2024 13:55:00 GMT+0530 (India Standard Time)","6973.65","6978.10","6972.00","6975.20"
"Wed Jul 31 2024 14:00:00 GMT+0530 (India Standard Time)","6973.05","6977.10","6972.20","6975.95"
"Wed Jul 31 2024 14:05:00 GMT+0530 (India Standard Time)","6975.95","6977.10","6971.20","6976.00"
"Wed Jul 31 2024 14:10:00 GMT+0530 (India Standard Time)","6971.85","6984.00","6971.00","6975.05"
"Wed Jul 31 2024 14:15:00 GMT+0530 (India Standard Time)","6975.05","6983.05","6973.00","6977.55"
"Wed Jul 31 2024 14:20:00 GMT+0530 (India Standard Time)","6982.80","6982.80","6975.00","6975.20"
"Wed Jul 31 2024 14:25:00 GMT+0530 (India Standard Time)","6975.20","6982.95","6974.95","6980.05"
"Wed Jul 31 2024 14:30:00 GMT+0530 (India Standard Time)","6980.05","6980.90","6973.00","6973.95"
"Wed Jul 31 2024 14:35:00 GMT+0530 (India Standard Time)","6973.95","6976.95","6973.00","6975.85"
"Wed Jul 31 2024 14:40:00 GMT+0530 (India Standard Time)","6975.85","6975.85","6973.20","6975.85"
"Wed Jul 31 2024 14:45:00 GMT+0530 (India Standard Time)","6975.85","6978.95","6975.00","6975.00"
"Wed Jul 31 2024 14:50:00 GMT+0530 (India Standard Time)","6975.00","6982.00","6975.00","6980.00"
"Wed Jul 31 2024 14:55:00 GMT+0530 (India Standard Time)","6977.00","6982.00","6976.15","6977.15"
"Wed Jul 31 2024 15:00:00 GMT+0530 (India Standard Time)","6977.15","6988.00","6977.15","6987.90"
"Wed Jul 31 2024 15:05:00 GMT+0530 (India Standard Time)","6987.90","6988.00","6985.05","6986.05"
"Wed Jul 31 2024 15:10:00 GMT+0530 (India Standard Time)","6986.00","6988.00","6982.00","6982.55"
"Wed Jul 31 2024 15:15:00 GMT+0530 (India Standard Time)","6982.55","6990.00","6980.00","6989.95"
"Wed Jul 31 2024 15:20:00 GMT+0530 (India Standard Time)","6989.90","6990.00","6979.00","6981.85"
"Wed Jul 31 2024 15:25:00 GMT+0530 (India Standard Time)","6981.85","6985.85","6980.00","6984.00"
"Thu Aug 01 2024 09:15:00 GMT+0530 (India Standard Time)","7000.00","7009.25","6986.20","6992.40"
"Thu Aug 01 2024 09:20:00 GMT+0530 (India Standard Time)","6996.80","7010.90","6995.00","7003.80"
"Thu Aug 01 2024 09:25:00 GMT+0530 (India Standard Time)","7004.70","7011.85","7003.85","7005.00"
"Thu Aug 01 2024 09:30:00 GMT+0530 (India Standard Time)","7009.85","7010.20","7000.00","7003.25"
"Thu Aug 01 2024 09:35:00 GMT+0530 (India Standard Time)","7000.40","7008.00","6996.00","7002.25"
"Thu Aug 01 2024 09:40:00 GMT+0530 (India Standard Time)","7004.00","7005.95","6993.00","6996.40"
"Thu Aug 01 2024 09:45:00 GMT+0530 (India Standard Time)","6996.40","6999.10","6985.35","6985.35"
"Thu Aug 01 2024 09:50:00 GMT+0530 (India Standard Time)","6987.40","6991.00","6975.05","6982.75"
"Thu Aug 01 2024 09:55:00 GMT+0530 (India Standard Time)","6982.75","6990.00","6978.55","6989.80"
"Thu Aug 01 2024 10:00:00 GMT+0530 (India Standard Time)","6989.80","6991.00","6982.00","6988.85"
"Thu Aug 01 2024 10:05:00 GMT+0530 (India Standard Time)","6989.00","6996.60","6980.00","6980.45"
"Thu Aug 01 2024 10:10:00 GMT+0530 (India Standard Time)","6985.65","6989.95","6980.00","6988.30"
"Thu Aug 01 2024 10:15:00 GMT+0530 (India Standard Time)","6984.90","6988.85","6971.00","6971.10"
"Thu Aug 01 2024 10:20:00 GMT+0530 (India Standard Time)","6975.60","6978.15","6971.00","6974.00"
"Thu Aug 01 2024 10:25:00 GMT+0530 (India Standard Time)","6974.00","6974.40","6965.00","6965.20"
"Thu Aug 01 2024 10:30:00 GMT+0530 (India Standard Time)","6965.20","6974.40","6965.00","6970.70"
"Thu Aug 01 2024 10:35:00 GMT+0530 (India Standard Time)","6972.75","6972.75","6960.00","6965.25"
"Thu Aug 01 2024 10:40:00 GMT+0530 (India Standard Time)","6969.30","6972.30","6962.05","6967.20"
"Thu Aug 01 2024 10:45:00 GMT+0530 (India Standard Time)","6967.20","6969.70","6963.00","6968.90"
"Thu Aug 01 2024 10:50:00 GMT+0530 (India Standard Time)","6968.85","6970.75","6963.30","6964.00"
"Thu Aug 01 2024 10:55:00 GMT+0530 (India Standard Time)","6964.00","6971.90","6961.30","6966.65"
"Thu Aug 01 2024 11:00:00 GMT+0530 (India Standard Time)","6966.65","6971.35","6961.00","6962.00"
"Thu Aug 01 2024 11:05:00 GMT+0530 (India Standard Time)","6962.00","6965.00","6960.00","6964.95"
"Thu Aug 01 2024 11:10:00 GMT+0530 (India Standard Time)","6964.95","6974.40","6961.05","6972.70"
"Thu Aug 01 2024 11:15:00 GMT+0530 (India Standard Time)","6972.70","6972.70","6962.25","6968.00"
"Thu Aug 01 2024 11:20:00 GMT+0530 (India Standard Time)","6968.00","6970.65","6965.00","6970.35"
"Thu Aug 01 2024 11:25:00 GMT+0530 (India Standard Time)","6970.35","6971.40","6966.00","6966.00"
"Thu Aug 01 2024 11:30:00 GMT+0530 (India Standard Time)","6969.95","6970.00","6966.00","6969.50"
"Thu Aug 01 2024 11:35:00 GMT+0530 (India Standard Time)","6969.50","6970.00","6965.50","6970.00"
"Thu Aug 01 2024 11:40:00 GMT+0530 (India Standard Time)","6970.00","6970.00","6963.45","6967.30"
"Thu Aug 01 2024 11:45:00 GMT+0530 (India Standard Time)","6967.30","6967.30","6957.00","6960.90"
"Thu Aug 01 2024 11:50:00 GMT+0530 (India Standard Time)","6960.90","6966.70","6952.00","6960.10"
"Thu Aug 01 2024 11:55:00 GMT+0530 (India Standard Time)","6960.10","6963.60","6952.15","6954.90"
"Thu Aug 01 2024 12:00:00 GMT+0530 (India Standard Time)","6954.90","6954.90","6945.10","6950.00"
"Thu Aug 01 2024 12:05:00 GMT+0530 (India Standard Time)","6950.00","6954.90","6943.35","6949.10"
"Thu Aug 01 2024 12:10:00 GMT+0530 (India Standard Time)","6949.10","6950.95","6943.35","6945.00"
"Thu Aug 01 2024 12:15:00 GMT+0530 (India Standard Time)","6945.00","6953.65","6945.00","6953.65"
"Thu Aug 01 2024 12:20:00 GMT+0530 (India Standard Time)","6953.65","6954.85","6948.05","6948.45"
"Thu Aug 01 2024 12:25:00 GMT+0530 (India Standard Time)","6948.45","6951.65","6936.00","6936.00"
"Thu Aug 01 2024 12:30:00 GMT+0530 (India Standard Time)","6939.00","6939.25","6930.65","6932.05"
"Thu Aug 01 2024 12:35:00 GMT+0530 (India Standard Time)","6937.15","6938.20","6931.10","6931.30"
"Thu Aug 01 2024 12:40:00 GMT+0530 (India Standard Time)","6934.95","6947.70","6931.00","6939.70"
"Thu Aug 01 2024 12:45:00 GMT+0530 (India Standard Time)","6939.70","6940.50","6931.00","6935.00"
"Thu Aug 01 2024 12:50:00 GMT+0530 (India Standard Time)","6935.00","6935.00","6928.00","6932.45"
"Thu Aug 01 2024 12:55:00 GMT+0530 (India Standard Time)","6932.45","6935.00","6932.00","6932.20"
"Thu Aug 01 2024 13:00:00 GMT+0530 (India Standard Time)","6932.20","6949.95","6932.20","6949.80"
"Thu Aug 01 2024 13:05:00 GMT+0530 (India Standard Time)","6949.80","6953.60","6945.00","6945.70"
"Thu Aug 01 2024 13:10:00 GMT+0530 (India Standard Time)","6945.70","6954.45","6940.55","6946.00"
"Thu Aug 01 2024 13:15:00 GMT+0530 (India Standard Time)","6946.00","6952.40","6944.05","6950.40"
"Thu Aug 01 2024 13:20:00 GMT+0530 (India Standard Time)","6950.40","6950.40","6945.00","6945.00"
"Thu Aug 01 2024 13:25:00 GMT+0530 (India Standard Time)","6945.00","6945.00","6935.00","6944.15"
"Thu Aug 01 2024 13:30:00 GMT+0530 (India Standard Time)","6944.30","6945.00","6936.60","6944.55"
"Thu Aug 01 2024 13:35:00 GMT+0530 (India Standard Time)","6944.55","6945.00","6937.55","6941.70"
"Thu Aug 01 2024 13:40:00 GMT+0530 (India Standard Time)","6941.70","6944.30","6935.00","6939.10"
"Thu Aug 01 2024 13:45:00 GMT+0530 (India Standard Time)","6939.95","6942.50","6933.90","6942.50"
"Thu Aug 01 2024 13:50:00 GMT+0530 (India Standard Time)","6942.50","6945.00","6938.80","6941.45"
"Thu Aug 01 2024 13:55:00 GMT+0530 (India Standard Time)","6941.45","6947.95","6935.10","6936.45"
"Thu Aug 01 2024 14:00:00 GMT+0530 (India Standard Time)","6940.00","6940.00","6933.00","6933.00"
"Thu Aug 01 2024 14:05:00 GMT+0530 (India Standard Time)","6936.10","6940.00","6936.10","6940.00"
"Thu Aug 01 2024 14:10:00 GMT+0530 (India Standard Time)","6940.00","6940.00","6929.35","6933.00"
"Thu Aug 01 2024 14:15:00 GMT+0530 (India Standard Time)","6933.00","6936.50","6929.05","6930.00"
"Thu Aug 01 2024 14:20:00 GMT+0530 (India Standard Time)","6934.25","6936.50","6930.00","6935.85"
"Thu Aug 01 2024 14:25:00 GMT+0530 (India Standard Time)","6935.85","6940.00","6928.00","6928.45"
"Thu Aug 01 2024 14:30:00 GMT+0530 (India Standard Time)","6928.45","6934.90","6927.50","6928.00"
"Thu Aug 01 2024 14:35:00 GMT+0530 (India Standard Time)","6928.00","6930.00","6919.35","6920.00"
"Thu Aug 01 2024 14:40:00 GMT+0530 (India Standard Time)","6920.00","6930.00","6920.00","6930.00"
"Thu Aug 01 2024 14:45:00 GMT+0530 (India Standard Time)","6930.00","6937.95","6928.00","6933.10"
"Thu Aug 01 2024 14:50:00 GMT+0530 (India Standard Time)","6933.10","6935.00","6925.00","6934.85"
"Thu Aug 01 2024 14:55:00 GMT+0530 (India Standard Time)","6934.85","6935.00","6928.80","6930.55"
"Thu Aug 01 2024 15:00:00 GMT+0530 (India Standard Time)","6930.85","6950.00","6930.85","6942.00"
"Thu Aug 01 2024 15:05:00 GMT+0530 (India Standard Time)","6941.50","6945.00","6934.60","6944.00"
"Thu Aug 01 2024 15:10:00 GMT+0530 (India Standard Time)","6944.00","6952.00","6937.50","6951.95"
"Thu Aug 01 2024 15:15:00 GMT+0530 (India Standard Time)","6951.95","6952.00","6930.15","6945.90"
"Thu Aug 01 2024 15:20:00 GMT+0530 (India Standard Time)","6943.00","6949.05","6935.00","6947.40"
"Thu Aug 01 2024 15:25:00 GMT+0530 (India Standard Time)","6947.40","6951.95","6934.10","6941.00"
"Fri Aug 02 2024 09:15:00 GMT+0530 (India Standard Time)","6918.00","6935.00","6902.00","6921.80"
"Fri Aug 02 2024 09:20:00 GMT+0530 (India Standard Time)","6921.70","6937.50","6911.60","6933.90"
"Fri Aug 02 2024 09:25:00 GMT+0530 (India Standard Time)","6933.90","6940.00","6930.10","6936.05"
"Fri Aug 02 2024 09:30:00 GMT+0530 (India Standard Time)","6936.05","6936.35","6915.45","6923.55"
"Fri Aug 02 2024 09:35:00 GMT+0530 (India Standard Time)","6923.55","6930.00","6913.00","6917.20"
"Fri Aug 02 2024 09:40:00 GMT+0530 (India Standard Time)","6914.00","6914.00","6904.00","6905.05"
"Fri Aug 02 2024 09:45:00 GMT+0530 (India Standard Time)","6905.00","6905.00","6890.05","6894.15"
"Fri Aug 02 2024 09:50:00 GMT+0530 (India Standard Time)","6894.15","6928.45","6894.00","6928.45"
"Fri Aug 02 2024 09:55:00 GMT+0530 (India Standard Time)","6928.45","6929.10","6915.05","6920.00"
"Fri Aug 02 2024 10:00:00 GMT+0530 (India Standard Time)","6920.00","6920.00","6910.00","6910.00"
"Fri Aug 02 2024 10:05:00 GMT+0530 (India Standard Time)","6912.00","6916.40","6907.50","6910.00"
"Fri Aug 02 2024 10:10:00 GMT+0530 (India Standard Time)","6913.70","6927.55","6910.05","6925.00"
"Fri Aug 02 2024 10:15:00 GMT+0530 (India Standard Time)","6925.00","6925.00","6915.95","6916.90"
"Fri Aug 02 2024 10:20:00 GMT+0530 (India Standard Time)","6916.90","6922.10","6910.00","6916.60"
"Fri Aug 02 2024 10:25:00 GMT+0530 (India Standard Time)","6917.15","6922.00","6910.00","6920.65"
"Fri Aug 02 2024 10:30:00 GMT+0530 (India Standard Time)","6914.90","6922.30","6914.90","6919.00"
"Fri Aug 02 2024 10:35:00 GMT+0530 (India Standard Time)","6919.00","6920.00","6915.00","6919.40"
"Fri Aug 02 2024 10:40:00 GMT+0530 (India Standard Time)","6919.40","6919.95","6915.15","6919.00"
"Fri Aug 02 2024 10:45:00 GMT+0530 (India Standard Time)","6919.00","6925.05","6916.10","6925.00"
"Fri Aug 02 2024 10:50:00 GMT+0530 (India Standard Time)","6925.00","6927.35","6918.00","6922.00"
"Fri Aug 02 2024 10:55:00 GMT+0530 (India Standard Time)","6922.00","6926.65","6918.00","6926.65"
"Fri Aug 02 2024 11:00:00 GMT+0530 (India Standard Time)","6926.60","6926.65","6918.35","6926.30"
"Fri Aug 02 2024 11:05:00 GMT+0530 (India Standard Time)","6926.30","6926.95","6920.05","6925.00"
"Fri Aug 02 2024 11:10:00 GMT+0530 (India Standard Time)","6925.00","6927.95","6925.00","6927.95"
"Fri Aug 02 2024 11:15:00 GMT+0530 (India Standard Time)","6925.00","6928.80","6925.00","6925.55"
"Fri Aug 02 2024 11:20:00 GMT+0530 (India Standard Time)","6925.55","6931.00","6925.10","6927.70"
"Fri Aug 02 2024 11:25:00 GMT+0530 (India Standard Time)","6931.95","6935.00","6924.20","6930.00"
"Fri Aug 02 2024 11:30:00 GMT+0530 (India Standard Time)","6933.55","6933.55","6930.00","6930.05"
"Fri Aug 02 2024 11:35:00 GMT+0530 (India Standard Time)","6930.05","6931.95","6927.35","6931.00"
"Fri Aug 02 2024 11:40:00 GMT+0530 (India Standard Time)","6931.00","6934.00","6930.00","6934.00"
"Fri Aug 02 2024 11:45:00 GMT+0530 (India Standard Time)","6934.00","6935.00","6930.00","6933.80"
"Fri Aug 02 2024 11:50:00 GMT+0530 (India Standard Time)","6933.80","6933.95","6930.00","6930.00"
"Fri Aug 02 2024 11:55:00 GMT+0530 (India Standard Time)","6930.00","6934.90","6930.00","6930.00"
"Fri Aug 02 2024 12:00:00 GMT+0530 (India Standard Time)","6930.00","6934.90","6930.00","6930.25"
"Fri Aug 02 2024 12:05:00 GMT+0530 (India Standard Time)","6930.25","6934.95","6930.00","6934.00"
"Fri Aug 02 2024 12:10:00 GMT+0530 (India Standard Time)","6934.00","6934.00","6930.00","6933.00"
"Fri Aug 02 2024 12:15:00 GMT+0530 (India Standard Time)","6933.00","6933.05","6930.00","6933.00"
"Fri Aug 02 2024 12:20:00 GMT+0530 (India Standard Time)","6933.00","6934.00","6930.00","6934.00"
"Fri Aug 02 2024 12:25:00 GMT+0530 (India Standard Time)","6934.00","6934.30","6930.00","6931.15"
"Fri Aug 02 2024 12:30:00 GMT+0530 (India Standard Time)","6934.30","6934.95","6931.00","6934.95"
"Fri Aug 02 2024 12:35:00 GMT+0530 (India Standard Time)","6934.95","6934.95","6930.05","6932.60"
"Fri Aug 02 2024 12:40:00 GMT+0530 (India Standard Time)","6932.60","6932.60","6930.00","6930.00"
"Fri Aug 02 2024 12:45:00 GMT+0530 (India Standard Time)","6930.00","6932.00","6930.00","6930.00"
"Fri Aug 02 2024 12:50:00 GMT+0530 (India Standard Time)","6930.50","6934.40","6930.00","6934.40"
"Fri Aug 02 2024 12:55:00 GMT+0530 (India Standard Time)","6934.40","6934.90","6930.05","6934.60"
"Fri Aug 02 2024 13:00:00 GMT+0530 (India Standard Time)","6934.60","6934.95","6931.00","6934.50"
"Fri Aug 02 2024 13:05:00 GMT+0530 (India Standard Time)","6934.50","6934.90","6931.00","6931.00"
"Fri Aug 02 2024 13:10:00 GMT+0530 (India Standard Time)","6931.00","6934.00","6931.00","6932.00"
"Fri Aug 02 2024 13:15:00 GMT+0530 (India Standard Time)","6932.00","6934.00","6930.00","6930.30"
"Fri Aug 02 2024 13:20:00 GMT+0530 (India Standard Time)","6931.00","6933.95","6927.00","6933.95"
"Fri Aug 02 2024 13:25:00 GMT+0530 (India Standard Time)","6933.95","6933.95","6932.00","6933.00"
"Fri Aug 02 2024 13:30:00 GMT+0530 (India Standard Time)","6933.00","6933.05","6932.00","6933.05"
"Fri Aug 02 2024 13:35:00 GMT+0530 (India Standard Time)","6933.05","6934.00","6930.00","6932.00"
"Fri Aug 02 2024 13:40:00 GMT+0530 (India Standard Time)","6932.00","6934.00","6932.00","6932.00"
"Fri Aug 02 2024 13:45:00 GMT+0530 (India Standard Time)","6934.00","6934.50","6930.00","6934.00"
"Fri Aug 02 2024 13:50:00 GMT+0530 (India Standard Time)","6934.00","6934.50","6932.00","6934.50"
"Fri Aug 02 2024 13:55:00 GMT+0530 (India Standard Time)","6934.50","6939.90","6932.00","6939.90"
"Fri Aug 02 2024 14:00:00 GMT+0530 (India Standard Time)","6939.90","6940.00","6932.00","6934.50"
"Fri Aug 02 2024 14:05:00 GMT+0530 (India Standard Time)","6934.50","6935.00","6932.00","6932.05"
"Fri Aug 02 2024 14:10:00 GMT+0530 (India Standard Time)","6932.05","6933.50","6932.00","6932.00"
"Fri Aug 02 2024 14:15:00 GMT+0530 (India Standard Time)","6933.55","6935.00","6932.00","6935.00"
"Fri Aug 02 2024 14:20:00 GMT+0530 (India Standard Time)","6935.00","6935.00","6933.00","6934.95"
"Fri Aug 02 2024 14:25:00 GMT+0530 (India Standard Time)","6933.00","6935.00","6933.00","6934.45"
"Fri Aug 02 2024 14:30:00 GMT+0530 (India Standard Time)","6934.45","6938.00","6933.00","6938.00"
"Fri Aug 02 2024 14:35:00 GMT+0530 (India Standard Time)","6938.00","6938.00","6934.60","6935.90"
"Fri Aug 02 2024 14:40:00 GMT+0530 (India Standard Time)","6935.90","6939.95","6934.60","6934.60"
"Fri Aug 02 2024 14:45:00 GMT+0530 (India Standard Time)","6934.60","6937.65","6933.00","6933.30"
"Fri Aug 02 2024 14:50:00 GMT+0530 (India Standard Time)","6933.30","6936.80","6933.00","6933.00"
"Fri Aug 02 2024 14:55:00 GMT+0530 (India Standard Time)","6933.00","6936.00","6932.70","6932.85"
"Fri Aug 02 2024 15:00:00 GMT+0530 (India Standard Time)","6932.90","6934.00","6915.00","6915.95"
"Fri Aug 02 2024 15:05:00 GMT+0530 (India Standard Time)","6915.95","6919.55","6906.00","6909.00"
"Fri Aug 02 2024 15:10:00 GMT+0530 (India Standard Time)","6906.45","6920.15","6900.00","6920.15"
"Fri Aug 02 2024 15:15:00 GMT+0530 (India Standard Time)","6920.15","6922.70","6904.10","6906.35"
"Fri Aug 02 2024 15:20:00 GMT+0530 (India Standard Time)","6906.35","6915.00","6905.00","6910.10"
"Fri Aug 02 2024 15:25:00 GMT+0530 (India Standard Time)","6910.00","6920.00","6907.00","6920.00"
"Mon Aug 05 2024 09:15:00 GMT+0530 (India Standard Time)","6831.20","6864.70","6754.80","6804.45"
"Mon Aug 05 2024 09:20:00 GMT+0530 (India Standard Time)","6796.05","6796.05","6750.00","6763.25"
"Mon Aug 05 2024 09:25:00 GMT+0530 (India Standard Time)","6768.90","6772.50","6733.05","6742.20"
"Mon Aug 05 2024 09:30:00 GMT+0530 (India Standard Time)","6740.95","6790.00","6730.00","6787.50"
"Mon Aug 05 2024 09:35:00 GMT+0530 (India Standard Time)","6788.25","6820.00","6783.70","6820.00"
"Mon Aug 05 2024 09:40:00 GMT+0530 (India Standard Time)","6820.00","6837.15","6817.65","6834.20"
"Mon Aug 05 2024 09:45:00 GMT+0530 (India Standard Time)","6830.00","6850.00","6827.65","6843.45"
"Mon Aug 05 2024 09:50:00 GMT+0530 (India Standard Time)","6842.15","6860.00","6842.15","6850.50"
"Mon Aug 05 2024 09:55:00 GMT+0530 (India Standard Time)","6853.00","6870.00","6847.20","6864.95"
"Mon Aug 05 2024 10:00:00 GMT+0530 (India Standard Time)","6865.00","6866.60","6844.00","6848.75"
"Mon Aug 05 2024 10:05:00 GMT+0530 (India Standard Time)","6849.00","6850.00","6821.40","6828.20"
"Mon Aug 05 2024 10:10:00 GMT+0530 (India Standard Time)","6828.20","6837.80","6813.65","6827.00"
"Mon Aug 05 2024 10:15:00 GMT+0530 (India Standard Time)","6827.00","6827.00","6801.10","6808.90"
"Mon Aug 05 2024 10:20:00 GMT+0530 (India Standard Time)","6808.90","6817.40","6800.95","6807.15"
"Mon Aug 05 2024 10:25:00 GMT+0530 (India Standard Time)","6807.15","6810.00","6800.00","6809.00"
"Mon Aug 05 2024 10:30:00 GMT+0530 (India Standard Time)","6809.00","6814.50","6800.00","6804.30"
"Mon Aug 05 2024 10:35:00 GMT+0530 (India Standard Time)","6804.30","6808.10","6791.00","6794.50"
"Mon Aug 05 2024 10:40:00 GMT+0530 (India Standard Time)","6791.05","6795.45","6780.00","6780.15"
"Mon Aug 05 2024 10:45:00 GMT+0530 (India Standard Time)","6780.15","6784.80","6771.00","6773.10"
"Mon Aug 05 2024 10:50:00 GMT+0530 (India Standard Time)","6773.10","6777.25","6755.60","6759.00"
"Mon Aug 05 2024 10:55:00 GMT+0530 (India Standard Time)","6759.00","6766.45","6754.85","6765.80"
"Mon Aug 05 2024 11:00:00 GMT+0530 (India Standard Time)","6765.80","6768.65","6760.00","6767.70"
"Mon Aug 05 2024 11:05:00 GMT+0530 (India Standard Time)","6765.70","6779.80","6760.00","6767.75"
"Mon Aug 05 2024 11:10:00 GMT+0530 (India Standard Time)","6765.00","6767.60","6760.00","6762.10"
"Mon Aug 05 2024 11:15:00 GMT+0530 (India Standard Time)","6762.10","6765.20","6758.60","6760.95"
"Mon Aug 05 2024 11:20:00 GMT+0530 (India Standard Time)","6760.95","6761.70","6750.00","6756.45"
"Mon Aug 05 2024 11:25:00 GMT+0530 (India Standard Time)","6756.45","6776.15","6741.30","6765.00"
"Mon Aug 05 2024 11:30:00 GMT+0530 (India Standard Time)","6766.15","6772.15","6741.20","6741.20"
"Mon Aug 05 2024 11:35:00 GMT+0530 (India Standard Time)","6745.10","6754.95","6740.00","6750.00"
"Mon Aug 05 2024 11:40:00 GMT+0530 (India Standard Time)","6750.00","6760.00","6748.40","6750.65"
"Mon Aug 05 2024 11:45:00 GMT+0530 (India Standard Time)","6754.40","6779.00","6751.75","6777.60"
"Mon Aug 05 2024 11:50:00 GMT+0530 (India Standard Time)","6777.60","6780.00","6764.85","6768.80"
"Mon Aug 05 2024 11:55:00 GMT+0530 (India Standard Time)","6769.80","6775.00","6756.00","6756.00"
"Mon Aug 05 2024 12:00:00 GMT+0530 (India Standard Time)","6757.70","6763.85","6752.00","6755.00"
"Mon Aug 05 2024 12:05:00 GMT+0530 (India Standard Time)","6756.10","6758.00","6750.00","6754.60"
"Mon Aug 05 2024 12:10:00 GMT+0530 (India Standard Time)","6750.00","6769.35","6750.00","6766.65"
"Mon Aug 05 2024 12:15:00 GMT+0530 (India Standard Time)","6766.90","6775.05","6760.00","6775.00"
"Mon Aug 05 2024 12:20:00 GMT+0530 (India Standard Time)","6775.00","6778.90","6770.05","6771.35"
"Mon Aug 05 2024 12:25:00 GMT+0530 (India Standard Time)","6776.00","6776.70","6764.40","6768.30"
"Mon Aug 05 2024 12:30:00 GMT+0530 (India Standard Time)","6771.35","6771.35","6753.05","6754.95"
"Mon Aug 05 2024 12:35:00 GMT+0530 (India Standard Time)","6754.00","6754.95","6750.00","6750.50"
"Mon Aug 05 2024 12:40:00 GMT+0530 (India Standard Time)","6750.50","6767.45","6750.00","6750.00"
"Mon Aug 05 2024 12:45:00 GMT+0530 (India Standard Time)","6752.10","6763.50","6750.00","6760.00"
"Mon Aug 05 2024 12:50:00 GMT+0530 (India Standard Time)","6760.00","6760.00","6751.80","6751.90"
"Mon Aug 05 2024 12:55:00 GMT+0530 (India Standard Time)","6751.90","6755.90","6744.05","6745.45"
"Mon Aug 05 2024 13:00:00 GMT+0530 (India Standard Time)","6745.50","6754.95","6741.00","6753.95"
"Mon Aug 05 2024 13:05:00 GMT+0530 (India Standard Time)","6753.95","6764.45","6749.15","6758.75"
"Mon Aug 05 2024 13:10:00 GMT+0530 (India Standard Time)","6758.75","6764.15","6755.00","6760.00"
"Mon Aug 05 2024 13:15:00 GMT+0530 (India Standard Time)","6758.30","6770.00","6756.15","6769.70"
"Mon Aug 05 2024 13:20:00 GMT+0530 (India Standard Time)","6769.70","6771.00","6762.55","6765.70"
"Mon Aug 05 2024 13:25:00 GMT+0530 (India Standard Time)","6765.70","6775.00","6765.35","6774.95"
"Mon Aug 05 2024 13:30:00 GMT+0530 (India Standard Time)","6774.95","6780.00","6770.80","6779.40"
"Mon Aug 05 2024 13:35:00 GMT+0530 (India Standard Time)","6779.40","6783.85","6770.05","6782.95"
"Mon Aug 05 2024 13:40:00 GMT+0530 (India Standard Time)","6782.95","6789.00","6780.55","6783.70"
"Mon Aug 05 2024 13:45:00 GMT+0530 (India Standard Time)","6783.70","6795.05","6780.00","6795.05"
"Mon Aug 05 2024 13:50:00 GMT+0530 (India Standard Time)","6795.00","6799.05","6788.00","6788.00"
"Mon Aug 05 2024 13:55:00 GMT+0530 (India Standard Time)","6789.95","6790.00","6781.90","6785.00"
"Mon Aug 05 2024 14:00:00 GMT+0530 (India Standard Time)","6784.80","6790.00","6775.25","6786.90"
"Mon Aug 05 2024 14:05:00 GMT+0530 (India Standard Time)","6787.10","6787.10","6775.00","6775.00"
"Mon Aug 05 2024 14:10:00 GMT+0530 (India Standard Time)","6775.15","6782.50","6770.00","6778.00"
"Mon Aug 05 2024 14:15:00 GMT+0530 (India Standard Time)","6778.00","6786.40","6773.00","6780.05"
"Mon Aug 05 2024 14:20:00 GMT+0530 (India Standard Time)","6780.05","6785.95","6770.00","6772.00"
"Mon Aug 05 2024 14:25:00 GMT+0530 (India Standard Time)","6772.00","6774.95","6765.00","6767.30"
"Mon Aug 05 2024 14:30:00 GMT+0530 (India Standard Time)","6770.00","6773.65","6766.00","6771.10"
"Mon Aug 05 2024 14:35:00 GMT+0530 (India Standard Time)","6771.10","6786.50","6769.55","6784.10"
"Mon Aug 05 2024 14:40:00 GMT+0530 (India Standard Time)","6783.60","6792.45","6780.00","6789.95"
"Mon Aug 05 2024 14:45:00 GMT+0530 (India Standard Time)","6789.95","6800.00","6787.00","6798.60"
"Mon Aug 05 2024 14:50:00 GMT+0530 (India Standard Time)","6798.60","6805.00","6794.20","6803.00"
"Mon Aug 05 2024 14:55:00 GMT+0530 (India Standard Time)","6805.00","6808.90","6801.70","6805.30"
"Mon Aug 05 2024 15:00:00 GMT+0530 (India Standard Time)","6803.95","6808.95","6800.00","6800.00"
"Mon Aug 05 2024 15:05:00 GMT+0530 (India Standard Time)","6800.00","6802.90","6797.50","6797.85"
"Mon Aug 05 2024 15:10:00 GMT+0530 (India Standard Time)","6798.80","6799.50","6770.05","6770.40"
"Mon Aug 05 2024 15:15:00 GMT+0530 (India Standard Time)","6769.00","6769.90","6753.05","6753.30"
"Mon Aug 05 2024 15:20:00 GMT+0530 (India Standard Time)","6752.00","6770.00","6752.00","6766.30"
"Mon Aug 05 2024 15:25:00 GMT+0530 (India Standard Time)","6766.75","6790.00","6755.00","6790.00"
"Tue Aug 06 2024 09:15:00 GMT+0530 (India Standard Time)","6777.80","6873.55","6777.80","6835.00"
"Tue Aug 06 2024 09:20:00 GMT+0530 (India Standard Time)","6837.75","6847.60","6822.10","6839.60"
"Tue Aug 06 2024 09:25:00 GMT+0530 (India Standard Time)","6839.60","6842.25","6815.40","6828.00"
"Tue Aug 06 2024 09:30:00 GMT+0530 (India Standard Time)","6830.65","6836.00","6813.35","6827.45"
"Tue Aug 06 2024 09:35:00 GMT+0530 (India Standard Time)","6823.10","6847.05","6817.55","6840.75"
"Tue Aug 06 2024 09:40:00 GMT+0530 (India Standard Time)","6840.75","6840.75","6816.00","6816.00"
"Tue Aug 06 2024 09:45:00 GMT+0530 (India Standard Time)","6820.55","6839.00","6816.60","6839.00"
"Tue Aug 06 2024 09:50:00 GMT+0530 (India Standard Time)","6839.00","6839.00","6830.00","6830.50"
"Tue Aug 06 2024 09:55:00 GMT+0530 (India Standard Time)","6830.50","6838.90","6825.00","6835.00"
"Tue Aug 06 2024 10:00:00 GMT+0530 (India Standard Time)","6838.80","6850.00","6831.05","6848.20"
"Tue Aug 06 2024 10:05:00 GMT+0530 (India Standard Time)","6848.55","6848.55","6832.90","6837.55"
"Tue Aug 06 2024 10:10:00 GMT+0530 (India Standard Time)","6837.55","6837.55","6825.00","6825.00"
"Tue Aug 06 2024 10:15:00 GMT+0530 (India Standard Time)","6825.00","6842.00","6820.00","6831.00"
"Tue Aug 06 2024 10:20:00 GMT+0530 (India Standard Time)","6831.00","6836.40","6812.05","6812.05"
"Tue Aug 06 2024 10:25:00 GMT+0530 (India Standard Time)","6814.85","6817.40","6810.20","6817.40"
"Tue Aug 06 2024 10:30:00 GMT+0530 (India Standard Time)","6817.40","6823.70","6810.20","6813.65"
"Tue Aug 06 2024 10:35:00 GMT+0530 (India Standard Time)","6813.65","6813.65","6802.25","6804.20"
"Tue Aug 06 2024 10:40:00 GMT+0530 (India Standard Time)","6804.20","6806.00","6794.25","6805.95"
"Tue Aug 06 2024 10:45:00 GMT+0530 (India Standard Time)","6805.95","6807.45","6797.95","6806.65"
"Tue Aug 06 2024 10:50:00 GMT+0530 (India Standard Time)","6806.65","6815.40","6795.10","6797.90"
"Tue Aug 06 2024 10:55:00 GMT+0530 (India Standard Time)","6797.90","6813.95","6793.00","6810.00"
"Tue Aug 06 2024 11:00:00 GMT+0530 (India Standard Time)","6812.10","6819.80","6804.95","6817.00"
"Tue Aug 06 2024 11:05:00 GMT+0530 (India Standard Time)","6817.00","6817.00","6802.75","6806.35"
"Tue Aug 06 2024 11:10:00 GMT+0530 (India Standard Time)","6806.35","6815.95","6804.90","6813.65"
"Tue Aug 06 2024 11:15:00 GMT+0530 (India Standard Time)","6813.00","6888.50","6810.15","6879.65"
"Tue Aug 06 2024 11:20:00 GMT+0530 (India Standard Time)","6879.60","6884.90","6822.05","6855.85"
"Tue Aug 06 2024 11:25:00 GMT+0530 (India Standard Time)","6855.85","6870.00","6850.00","6870.00"
"Tue Aug 06 2024 11:30:00 GMT+0530 (India Standard Time)","6870.00","6875.00","6856.15","6856.30"
"Tue Aug 06 2024 11:35:00 GMT+0530 (India Standard Time)","6856.30","6870.75","6854.55","6860.50"
"Tue Aug 06 2024 11:40:00 GMT+0530 (India Standard Time)","6865.05","6866.20","6854.65","6861.00"
"Tue Aug 06 2024 11:45:00 GMT+0530 (India Standard Time)","6861.00","6861.00","6853.65","6857.00"
"Tue Aug 06 2024 11:50:00 GMT+0530 (India Standard Time)","6857.00","6861.00","6853.70","6858.80"
"Tue Aug 06 2024 11:55:00 GMT+0530 (India Standard Time)","6858.80","6859.95","6853.00","6856.95"
"Tue Aug 06 2024 12:00:00 GMT+0530 (India Standard Time)","6856.25","6859.95","6856.00","6856.30"
"Tue Aug 06 2024 12:05:00 GMT+0530 (India Standard Time)","6856.60","6858.70","6851.25","6857.75"
"Tue Aug 06 2024 12:10:00 GMT+0530 (India Standard Time)","6857.75","6859.95","6835.00","6839.45"
"Tue Aug 06 2024 12:15:00 GMT+0530 (India Standard Time)","6839.45","6842.35","6835.00","6835.45"
"Tue Aug 06 2024 12:20:00 GMT+0530 (India Standard Time)","6837.10","6837.60","6824.25","6826.85"
"Tue Aug 06 2024 12:25:00 GMT+0530 (India Standard Time)","6826.65","6826.65","6811.35","6814.45"
"Tue Aug 06 2024 12:30:00 GMT+0530 (India Standard Time)","6814.45","6815.80","6811.00","6813.85"
"Tue Aug 06 2024 12:35:00 GMT+0530 (India Standard Time)","6813.85","6813.85","6804.00","6804.30"
"Tue Aug 06 2024 12:40:00 GMT+0530 (India Standard Time)","6804.30","6806.30","6790.15","6797.80"
"Tue Aug 06 2024 12:45:00 GMT+0530 (India Standard Time)","6799.00","6807.20","6790.00","6795.00"
"Tue Aug 06 2024 12:50:00 GMT+0530 (India Standard Time)","6795.00","6804.85","6790.05","6804.40"
"Tue Aug 06 2024 12:55:00 GMT+0530 (India Standard Time)","6804.40","6807.40","6795.00","6795.05"
"Tue Aug 06 2024 13:00:00 GMT+0530 (India Standard Time)","6795.05","6809.95","6795.05","6805.05"
"Tue Aug 06 2024 13:05:00 GMT+0530 (India Standard Time)","6805.05","6808.45","6800.00","6806.85"
"Tue Aug 06 2024 13:10:00 GMT+0530 (India Standard Time)","6806.85","6809.80","6800.00","6802.90"
"Tue Aug 06 2024 13:15:00 GMT+0530 (India Standard Time)","6802.90","6802.90","6795.10","6797.30"
"Tue Aug 06 2024 13:20:00 GMT+0530 (India Standard Time)","6797.30","6801.30","6797.05","6797.05"
"Tue Aug 06 2024 13:25:00 GMT+0530 (India Standard Time)","6797.05","6815.00","6795.55","6815.00"
"Tue Aug 06 2024 13:30:00 GMT+0530 (India Standard Time)","6815.00","6815.00","6808.65","6810.00"
"Tue Aug 06 2024 13:35:00 GMT+0530 (India Standard Time)","6810.00","6810.45","6800.00","6800.00"
"Tue Aug 06 2024 13:40:00 GMT+0530 (India Standard Time)","6800.00","6800.95","6795.05","6800.00"
"Tue Aug 06 2024 13:45:00 GMT+0530 (India Standard Time)","6800.00","6810.00","6795.00","6799.35"
"Tue Aug 06 2024 13:50:00 GMT+0530 (India Standard Time)","6799.35","6804.55","6795.50","6800.00"
"Tue Aug 06 2024 13:55:00 GMT+0530 (India Standard Time)","6800.50","6806.00","6795.00","6801.60"
"Tue Aug 06 2024 14:00:00 GMT+0530 (India Standard Time)","6801.60","6803.55","6795.00","6795.00"
"Tue Aug 06 2024 14:05:00 GMT+0530 (India Standard Time)","6795.30","6798.95","6784.00","6789.60"
"Tue Aug 06 2024 14:10:00 GMT+0530 (India Standard Time)","6784.00","6791.25","6784.00","6785.10"
"Tue Aug 06 2024 14:15:00 GMT+0530 (India Standard Time)","6785.10","6789.15","6784.00","6784.00"
"Tue Aug 06 2024 14:20:00 GMT+0530 (India Standard Time)","6784.00","6793.85","6784.00","6789.65"
"Tue Aug 06 2024 14:25:00 GMT+0530 (India Standard Time)","6789.65","6798.90","6783.00","6783.20"
"Tue Aug 06 2024 14:30:00 GMT+0530 (India Standard Time)","6783.00","6783.00","6758.00","6765.00"
"Tue Aug 06 2024 14:35:00 GMT+0530 (India Standard Time)","6765.00","6769.75","6750.05","6765.85"
"Tue Aug 06 2024 14:40:00 GMT+0530 (India Standard Time)","6764.00","6779.40","6750.00","6752.00"
"Tue Aug 06 2024 14:45:00 GMT+0530 (India Standard Time)","6752.85","6756.00","6750.00","6756.00"
"Tue Aug 06 2024 14:50:00 GMT+0530 (India Standard Time)","6751.75","6758.30","6750.00","6753.20"
"Tue Aug 06 2024 14:55:00 GMT+0530 (India Standard Time)","6756.00","6763.50","6750.80","6751.00"
"Tue Aug 06 2024 15:00:00 GMT+0530 (India Standard Time)","6751.20","6754.75","6720.00","6720.00"
"Tue Aug 06 2024 15:05:00 GMT+0530 (India Standard Time)","6720.00","6720.45","6695.00","6696.90"
"Tue Aug 06 2024 15:10:00 GMT+0530 (India Standard Time)","6698.00","6700.05","6671.50","6672.95"
"Tue Aug 06 2024 15:15:00 GMT+0530 (India Standard Time)","6671.50","6682.70","6666.00","6677.50"
"Tue Aug 06 2024 15:20:00 GMT+0530 (India Standard Time)","6677.50","6684.90","6671.00","6674.15"
"Tue Aug 06 2024 15:25:00 GMT+0530 (India Standard Time)","6674.15","6700.00","6671.75","6695.00"
"Wed Aug 07 2024 09:15:00 GMT+0530 (India Standard Time)","6750.00","6754.90","6730.00","6754.90"
"Wed Aug 07 2024 09:20:00 GMT+0530 (India Standard Time)","6754.90","6754.90","6735.20","6745.00"
"Wed Aug 07 2024 09:25:00 GMT+0530 (India Standard Time)","6745.00","6750.00","6724.50","6749.60"
"Wed Aug 07 2024 09:30:00 GMT+0530 (India Standard Time)","6749.60","6776.25","6748.50","6768.20"
"Wed Aug 07 2024 09:35:00 GMT+0530 (India Standard Time)","6768.20","6769.25","6750.80","6758.85"
"Wed Aug 07 2024 09:40:00 GMT+0530 (India Standard Time)","6758.85","6769.00","6751.20","6764.55"
"Wed Aug 07 2024 09:45:00 GMT+0530 (India Standard Time)","6764.55","6767.95","6755.00","6762.55"
"Wed Aug 07 2024 09:50:00 GMT+0530 (India Standard Time)","6761.00","6764.50","6745.00","6759.95"
"Wed Aug 07 2024 09:55:00 GMT+0530 (India Standard Time)","6755.00","6760.00","6745.10","6754.30"
"Wed Aug 07 2024 10:00:00 GMT+0530 (India Standard Time)","6750.50","6755.00","6730.20","6737.60"
"Wed Aug 07 2024 10:05:00 GMT+0530 (India Standard Time)","6737.60","6737.60","6716.00","6732.40"
"Wed Aug 07 2024 10:10:00 GMT+0530 (India Standard Time)","6732.65","6739.00","6722.00","6738.90"
"Wed Aug 07 2024 10:15:00 GMT+0530 (India Standard Time)","6733.10","6745.90","6725.00","6745.90"
"Wed Aug 07 2024 10:20:00 GMT+0530 (India Standard Time)","6741.75","6745.50","6725.35","6739.95"
"Wed Aug 07 2024 10:25:00 GMT+0530 (India Standard Time)","6739.95","6753.30","6735.60","6753.30"
"Wed Aug 07 2024 10:30:00 GMT+0530 (India Standard Time)","6750.05","6766.95","6750.00","6766.75"
"Wed Aug 07 2024 10:35:00 GMT+0530 (India Standard Time)","6766.75","6766.75","6750.00","6762.55"
"Wed Aug 07 2024 10:40:00 GMT+0530 (India Standard Time)","6764.00","6764.00","6759.30","6763.90"
"Wed Aug 07 2024 10:45:00 GMT+0530 (India Standard Time)","6763.90","6764.00","6757.35","6761.85"
"Wed Aug 07 2024 10:50:00 GMT+0530 (India Standard Time)","6761.85","6770.00","6758.00","6770.00"
"Wed Aug 07 2024 10:55:00 GMT+0530 (India Standard Time)","6770.00","6794.40","6767.40","6786.85"
"Wed Aug 07 2024 11:00:00 GMT+0530 (India Standard Time)","6786.85","6793.45","6767.50","6767.50"
"Wed Aug 07 2024 11:05:00 GMT+0530 (India Standard Time)","6774.75","6776.95","6767.00","6773.05"
"Wed Aug 07 2024 11:10:00 GMT+0530 (India Standard Time)","6773.05","6776.30","6764.55","6766.00"
"Wed Aug 07 2024 11:15:00 GMT+0530 (India Standard Time)","6766.00","6771.45","6763.75","6767.05"
"Wed Aug 07 2024 11:20:00 GMT+0530 (India Standard Time)","6767.05","6774.95","6767.00","6774.45"
"Wed Aug 07 2024 11:25:00 GMT+0530 (India Standard Time)","6774.95","6784.40","6771.90","6779.75"
"Wed Aug 07 2024 11:30:00 GMT+0530 (India Standard Time)","6778.45","6785.55","6777.30","6781.45"
"Wed Aug 07 2024 11:35:00 GMT+0530 (India Standard Time)","6785.45","6798.00","6779.45","6782.50"
"Wed Aug 07 2024 11:40:00 GMT+0530 (India Standard Time)","6782.50","6789.00","6780.10","6783.25"
"Wed Aug 07 2024 11:45:00 GMT+0530 (India Standard Time)","6783.25","6788.50","6782.05","6782.05"
"Wed Aug 07 2024 11:50:00 GMT+0530 (India Standard Time)","6782.05","6830.85","6782.05","6819.00"
"Wed Aug 07 2024 11:55:00 GMT+0530 (India Standard Time)","6807.90","6811.65","6783.05","6790.05"
"Wed Aug 07 2024 12:00:00 GMT+0530 (India Standard Time)","6790.05","6790.25","6782.00","6787.40"
"Wed Aug 07 2024 12:05:00 GMT+0530 (India Standard Time)","6787.40","6807.70","6787.40","6796.65"
"Wed Aug 07 2024 12:10:00 GMT+0530 (India Standard Time)","6796.65","6807.75","6794.65","6794.80"
"Wed Aug 07 2024 12:15:00 GMT+0530 (India Standard Time)","6794.80","6822.00","6794.05","6822.00"
"Wed Aug 07 2024 12:20:00 GMT+0530 (India Standard Time)","6818.75","6827.25","6797.05","6802.10"
"Wed Aug 07 2024 12:25:00 GMT+0530 (India Standard Time)","6802.10","6824.05","6797.65","6818.55"
"Wed Aug 07 2024 12:30:00 GMT+0530 (India Standard Time)","6822.25","6824.05","6815.25","6815.25"
"Wed Aug 07 2024 12:35:00 GMT+0530 (India Standard Time)","6818.95","6837.50","6815.00","6820.00"
"Wed Aug 07 2024 12:40:00 GMT+0530 (India Standard Time)","6820.00","6831.10","6811.25","6817.00"
"Wed Aug 07 2024 12:45:00 GMT+0530 (India Standard Time)","6817.00","6817.00","6806.95","6806.95"
"Wed Aug 07 2024 12:50:00 GMT+0530 (India Standard Time)","6806.95","6806.95","6787.00","6788.00"
"Wed Aug 07 2024 12:55:00 GMT+0530 (India Standard Time)","6788.00","6800.00","6784.00","6799.70"
"Wed Aug 07 2024 13:00:00 GMT+0530 (India Standard Time)","6799.80","6800.00","6796.00","6799.05"
"Wed Aug 07 2024 13:05:00 GMT+0530 (India Standard Time)","6799.05","6804.55","6792.40","6792.40"
"Wed Aug 07 2024 13:10:00 GMT+0530 (India Standard Time)","6792.40","6799.95","6786.50","6799.95"
"Wed Aug 07 2024 13:15:00 GMT+0530 (India Standard Time)","6799.95","6799.95","6787.95","6791.20"
"Wed Aug 07 2024 13:20:00 GMT+0530 (India Standard Time)","6795.55","6796.55","6784.00","6786.95"
"Wed Aug 07 2024 13:25:00 GMT+0530 (India Standard Time)","6786.95","6800.95","6786.95","6794.55"
"Wed Aug 07 2024 13:30:00 GMT+0530 (India Standard Time)","6794.55","6800.00","6784.00","6792.30"
"Wed Aug 07 2024 13:35:00 GMT+0530 (India Standard Time)","6792.30","6800.00","6791.80","6799.95"
"Wed Aug 07 2024 13:40:00 GMT+0530 (India Standard Time)","6799.95","6806.55","6798.00","6802.00"
"Wed Aug 07 2024 13:45:00 GMT+0530 (India Standard Time)","6802.00","6809.55","6800.50","6800.55"
"Wed Aug 07 2024 13:50:00 GMT+0530 (India Standard Time)","6800.50","6805.15","6800.00","6800.00"
"Wed Aug 07 2024 13:55:00 GMT+0530 (India Standard Time)","6800.00","6808.65","6800.00","6804.80"
"Wed Aug 07 2024 14:00:00 GMT+0530 (India Standard Time)","6804.75","6810.00","6801.05","6805.65"
"Wed Aug 07 2024 14:05:00 GMT+0530 (India Standard Time)","6805.65","6812.50","6801.50","6805.50"
"Wed Aug 07 2024 14:10:00 GMT+0530 (India Standard Time)","6805.50","6825.15","6805.50","6825.15"
"Wed Aug 07 2024 14:15:00 GMT+0530 (India Standard Time)","6825.15","6825.15","6820.50","6823.00"
"Wed Aug 07 2024 14:20:00 GMT+0530 (India Standard Time)","6823.00","6824.90","6817.85","6823.95"
"Wed Aug 07 2024 14:25:00 GMT+0530 (India Standard Time)","6823.95","6829.45","6815.45","6815.45"
"Wed Aug 07 2024 14:30:00 GMT+0530 (India Standard Time)","6815.00","6824.90","6815.00","6817.10"
"Wed Aug 07 2024 14:35:00 GMT+0530 (India Standard Time)","6817.10","6824.40","6816.85","6822.50"
"Wed Aug 07 2024 14:40:00 GMT+0530 (India Standard Time)","6822.50","6827.00","6821.00","6822.20"
"Wed Aug 07 2024 14:45:00 GMT+0530 (India Standard Time)","6822.20","6824.95","6816.95","6822.90"
"Wed Aug 07 2024 14:50:00 GMT+0530 (India Standard Time)","6822.90","6822.90","6815.00","6818.60"
"Wed Aug 07 2024 14:55:00 GMT+0530 (India Standard Time)","6818.60","6827.00","6815.00","6824.50"
"Wed Aug 07 2024 15:00:00 GMT+0530 (India Standard Time)","6824.50","6830.00","6815.00","6829.80"
"Wed Aug 07 2024 15:05:00 GMT+0530 (India Standard Time)","6829.80","6845.90","6828.75","6844.65"
"Wed Aug 07 2024 15:10:00 GMT+0530 (India Standard Time)","6844.65","6848.00","6830.20","6835.60"
"Wed Aug 07 2024 15:15:00 GMT+0530 (India Standard Time)","6832.80","6849.95","6832.80","6849.15"
"Wed Aug 07 2024 15:20:00 GMT+0530 (India Standard Time)","6848.65","6874.90","6847.05","6874.65"
"Wed Aug 07 2024 15:25:00 GMT+0530 (India Standard Time)","6874.65","6879.95","6860.00","6870.00"
"Thu Aug 08 2024 09:15:00 GMT+0530 (India Standard Time)","6844.45","6864.00","6820.00","6826.00"
"Thu Aug 08 2024 09:20:00 GMT+0530 (India Standard Time)","6822.65","6859.75","6813.60","6858.65"
"Thu Aug 08 2024 09:25:00 GMT+0530 (India Standard Time)","6858.80","6863.00","6840.00","6846.40"
"Thu Aug 08 2024 09:30:00 GMT+0530 (India Standard Time)","6846.00","6846.00","6790.60","6800.00"
"Thu Aug 08 2024 09:35:00 GMT+0530 (India Standard Time)","6804.50","6804.50","6790.55","6794.00"
"Thu Aug 08 2024 09:40:00 GMT+0530 (India Standard Time)","6794.20","6806.35","6794.20","6798.45"
"Thu Aug 08 2024 09:45:00 GMT+0530 (India Standard Time)","6799.70","6800.00","6795.20","6799.95"
"Thu Aug 08 2024 09:50:00 GMT+0530 (India Standard Time)","6799.95","6799.95","6794.05","6797.00"
"Thu Aug 08 2024 09:55:00 GMT+0530 (India Standard Time)","6797.00","6800.00","6795.00","6799.90"
"Thu Aug 08 2024 10:00:00 GMT+0530 (India Standard Time)","6799.90","6800.00","6780.00","6790.50"
"Thu Aug 08 2024 10:05:00 GMT+0530 (India Standard Time)","6796.30","6796.60","6780.00","6784.10"
"Thu Aug 08 2024 10:10:00 GMT+0530 (India Standard Time)","6783.55","6797.90","6783.55","6793.10"
"Thu Aug 08 2024 10:15:00 GMT+0530 (India Standard Time)","6793.10","6798.00","6790.00","6794.00"
"Thu Aug 08 2024 10:20:00 GMT+0530 (India Standard Time)","6794.00","6799.00","6791.00","6794.05"
"Thu Aug 08 2024 10:25:00 GMT+0530 (India Standard Time)","6794.05","6800.00","6794.00","6796.00"
"Thu Aug 08 2024 10:30:00 GMT+0530 (India Standard Time)","6799.10","6800.00","6795.10","6795.50"
"Thu Aug 08 2024 10:35:00 GMT+0530 (India Standard Time)","6795.50","6827.75","6794.00","6827.75"
"Thu Aug 08 2024 10:40:00 GMT+0530 (India Standard Time)","6827.75","6839.75","6826.00","6836.45"
"Thu Aug 08 2024 10:45:00 GMT+0530 (India Standard Time)","6836.45","6838.90","6826.50","6826.55"
"Thu Aug 08 2024 10:50:00 GMT+0530 (India Standard Time)","6829.55","6834.00","6815.00","6828.00"
"Thu Aug 08 2024 10:55:00 GMT+0530 (India Standard Time)","6828.00","6828.25","6815.00","6818.00"
"Thu Aug 08 2024 11:00:00 GMT+0530 (India Standard Time)","6821.85","6825.00","6815.00","6824.90"
"Thu Aug 08 2024 11:05:00 GMT+0530 (India Standard Time)","6824.90","6826.55","6815.00","6826.55"
"Thu Aug 08 2024 11:10:00 GMT+0530 (India Standard Time)","6826.55","6826.55","6820.55","6823.95"
"Thu Aug 08 2024 11:15:00 GMT+0530 (India Standard Time)","6824.00","6830.00","6820.55","6825.90"
"Thu Aug 08 2024 11:20:00 GMT+0530 (India Standard Time)","6825.90","6835.45","6825.90","6833.65"
"Thu Aug 08 2024 11:25:00 GMT+0530 (India Standard Time)","6833.65","6838.10","6827.00","6828.85"
"Thu Aug 08 2024 11:30:00 GMT+0530 (India Standard Time)","6832.70","6834.40","6816.90","6831.15"
"Thu Aug 08 2024 11:35:00 GMT+0530 (India Standard Time)","6831.15","6832.70","6822.00","6825.05"
"Thu Aug 08 2024 11:40:00 GMT+0530 (India Standard Time)","6825.05","6825.05","6815.35","6825.00"
"Thu Aug 08 2024 11:45:00 GMT+0530 (India Standard Time)","6825.00","6830.05","6821.30","6825.40"
"Thu Aug 08 2024 11:50:00 GMT+0530 (India Standard Time)","6825.40","6830.35","6820.00","6830.35"
"Thu Aug 08 2024 11:55:00 GMT+0530 (India Standard Time)","6828.35","6828.35","6820.00","6820.00"
"Thu Aug 08 2024 12:00:00 GMT+0530 (India Standard Time)","6825.45","6825.45","6817.05","6822.00"
"Thu Aug 08 2024 12:05:00 GMT+0530 (India Standard Time)","6822.00","6826.00","6817.35","6826.00"
"Thu Aug 08 2024 12:10:00 GMT+0530 (India Standard Time)","6826.00","6830.40","6821.00","6828.60"
"Thu Aug 08 2024 12:15:00 GMT+0530 (India Standard Time)","6828.60","6837.00","6828.60","6833.05"
"Thu Aug 08 2024 12:20:00 GMT+0530 (India Standard Time)","6833.05","6837.00","6833.05","6836.45"
"Thu Aug 08 2024 12:25:00 GMT+0530 (India Standard Time)","6836.45","6838.90","6834.00","6838.70"
"Thu Aug 08 2024 12:30:00 GMT+0530 (India Standard Time)","6838.70","6850.00","6838.05","6850.00"
"Thu Aug 08 2024 12:35:00 GMT+0530 (India Standard Time)","6850.00","6850.00","6843.55","6845.55"
"Thu Aug 08 2024 12:40:00 GMT+0530 (India Standard Time)","6849.95","6855.00","6842.45","6854.70"
"Thu Aug 08 2024 12:45:00 GMT+0530 (India Standard Time)","6848.80","6854.65","6845.30","6848.00"
"Thu Aug 08 2024 12:50:00 GMT+0530 (India Standard Time)","6848.00","6854.75","6844.00","6851.45"
"Thu Aug 08 2024 12:55:00 GMT+0530 (India Standard Time)","6848.00","6848.15","6843.00","6844.95"
"Thu Aug 08 2024 13:00:00 GMT+0530 (India Standard Time)","6843.50","6847.60","6835.00","6843.00"
"Thu Aug 08 2024 13:05:00 GMT+0530 (India Standard Time)","6843.00","6848.20","6835.00","6835.00"
"Thu Aug 08 2024 13:10:00 GMT+0530 (India Standard Time)","6835.00","6835.00","6818.25","6822.65"
"Thu Aug 08 2024 13:15:00 GMT+0530 (India Standard Time)","6822.65","6825.40","6820.00","6822.55"
"Thu Aug 08 2024 13:20:00 GMT+0530 (India Standard Time)","6822.55","6825.00","6820.00","6823.65"
"Thu Aug 08 2024 13:25:00 GMT+0530 (India Standard Time)","6823.65","6828.45","6815.00","6817.05"
"Thu Aug 08 2024 13:30:00 GMT+0530 (India Standard Time)","6815.15","6827.20","6815.00","6827.15"
"Thu Aug 08 2024 13:35:00 GMT+0530 (India Standard Time)","6823.20","6828.20","6821.00","6824.00"
"Thu Aug 08 2024 13:40:00 GMT+0530 (India Standard Time)","6824.00","6824.00","6821.00","6821.00"
"Thu Aug 08 2024 13:45:00 GMT+0530 (India Standard Time)","6821.00","6824.00","6820.00","6822.00"
"Thu Aug 08 2024 13:50:00 GMT+0530 (India Standard Time)","6822.00","6829.00","6821.70","6823.70"
"Thu Aug 08 2024 13:55:00 GMT+0530 (India Standard Time)","6824.55","6828.15","6820.00","6820.00"
"Thu Aug 08 2024 14:00:00 GMT+0530 (India Standard Time)","6820.00","6827.95","6819.00","6824.55"
"Thu Aug 08 2024 14:05:00 GMT+0530 (India Standard Time)","6824.55","6824.55","6815.00","6820.85"
"Thu Aug 08 2024 14:10:00 GMT+0530 (India Standard Time)","6820.85","6824.30","6815.00","6823.00"
"Thu Aug 08 2024 14:15:00 GMT+0530 (India Standard Time)","6823.00","6823.00","6815.05","6817.55"
"Thu Aug 08 2024 14:20:00 GMT+0530 (India Standard Time)","6817.55","6824.00","6815.00","6816.00"
"Thu Aug 08 2024 14:25:00 GMT+0530 (India Standard Time)","6816.00","6821.10","6815.00","6819.00"
"Thu Aug 08 2024 14:30:00 GMT+0530 (India Standard Time)","6819.00","6829.85","6815.00","6825.15"
"Thu Aug 08 2024 14:35:00 GMT+0530 (India Standard Time)","6829.35","6829.40","6821.85","6828.95"
"Thu Aug 08 2024 14:40:00 GMT+0530 (India Standard Time)","6828.95","6829.40","6826.00","6826.00"
"Thu Aug 08 2024 14:45:00 GMT+0530 (India Standard Time)","6826.00","6829.40","6826.00","6826.00"
"Thu Aug 08 2024 14:50:00 GMT+0530 (India Standard Time)","6826.00","6829.40","6826.00","6826.00"
"Thu Aug 08 2024 14:55:00 GMT+0530 (India Standard Time)","6826.00","6828.80","6815.00","6820.05"
"Thu Aug 08 2024 15:00:00 GMT+0530 (India Standard Time)","6821.80","6833.90","6820.10","6829.00"
"Thu Aug 08 2024 15:05:00 GMT+0530 (India Standard Time)","6829.00","6830.00","6815.00","6818.95"
"Thu Aug 08 2024 15:10:00 GMT+0530 (India Standard Time)","6818.10","6825.95","6815.05","6815.90"
"Thu Aug 08 2024 15:15:00 GMT+0530 (India Standard Time)","6815.75","6822.20","6815.00","6819.65"
"Thu Aug 08 2024 15:20:00 GMT+0530 (India Standard Time)","6819.65","6822.00","6815.00","6815.80"
"Thu Aug 08 2024 15:25:00 GMT+0530 (India Standard Time)","6819.25","6825.00","6815.90","6818.10"
"Fri Aug 09 2024 09:15:00 GMT+0530 (India Standard Time)","6879.00","6884.70","6856.95","6883.90"
"Fri Aug 09 2024 09:20:00 GMT+0530 (India Standard Time)","6883.95","6899.90","6873.85","6890.00"
"Fri Aug 09 2024 09:25:00 GMT+0530 (India Standard Time)","6890.00","6895.50","6876.05","6884.20"
"Fri Aug 09 2024 09:30:00 GMT+0530 (India Standard Time)","6884.20","6888.75","6870.00","6877.45"
"Fri Aug 09 2024 09:35:00 GMT+0530 (India Standard Time)","6874.90","6878.45","6861.00","6870.15"
"Fri Aug 09 2024 09:40:00 GMT+0530 (India Standard Time)","6870.15","6874.65","6860.65","6862.35"
"Fri Aug 09 2024 09:45:00 GMT+0530 (India Standard Time)","6864.00","6864.00","6849.95","6850.55"
"Fri Aug 09 2024 09:50:00 GMT+0530 (India Standard Time)","6852.80","6856.60","6835.00","6837.90"
"Fri Aug 09 2024 09:55:00 GMT+0530 (India Standard Time)","6837.90","6840.00","6831.00","6833.00"
"Fri Aug 09 2024 10:00:00 GMT+0530 (India Standard Time)","6833.00","6836.95","6826.05","6836.80"
"Fri Aug 09 2024 10:05:00 GMT+0530 (India Standard Time)","6836.80","6836.80","6823.20","6824.55"
"Fri Aug 09 2024 10:10:00 GMT+0530 (India Standard Time)","6824.55","6834.55","6820.00","6834.45"
"Fri Aug 09 2024 10:15:00 GMT+0530 (India Standard Time)","6834.45","6836.70","6828.90","6831.45"
"Fri Aug 09 2024 10:20:00 GMT+0530 (India Standard Time)","6831.45","6838.10","6825.00","6825.00"
"Fri Aug 09 2024 10:25:00 GMT+0530 (India Standard Time)","6825.00","6825.00","6804.00","6808.00"
"Fri Aug 09 2024 10:30:00 GMT+0530 (India Standard Time)","6806.55","6811.80","6795.00","6800.00"
"Fri Aug 09 2024 10:35:00 GMT+0530 (India Standard Time)","6800.00","6806.95","6800.00","6802.10"
"Fri Aug 09 2024 10:40:00 GMT+0530 (India Standard Time)","6802.10","6806.35","6798.00","6800.00"
"Fri Aug 09 2024 10:45:00 GMT+0530 (India Standard Time)","6798.00","6811.85","6796.00","6807.00"
"Fri Aug 09 2024 10:50:00 GMT+0530 (India Standard Time)","6807.00","6814.85","6802.00","6804.00"
"Fri Aug 09 2024 10:55:00 GMT+0530 (India Standard Time)","6804.00","6805.00","6800.00","6802.00"
"Fri Aug 09 2024 11:00:00 GMT+0530 (India Standard Time)","6802.00","6807.60","6800.25","6801.35"
"Fri Aug 09 2024 11:05:00 GMT+0530 (India Standard Time)","6826.50","6830.15","6813.60","6826.95"
"Fri Aug 09 2024 11:10:00 GMT+0530 (India Standard Time)","6826.95","6830.60","6822.85","6825.00"
"Fri Aug 09 2024 11:15:00 GMT+0530 (India Standard Time)","6829.05","6829.05","6820.00","6822.00"
"Fri Aug 09 2024 11:20:00 GMT+0530 (India Standard Time)","6822.00","6825.30","6818.05","6825.10"
"Fri Aug 09 2024 11:25:00 GMT+0530 (India Standard Time)","6825.10","6825.10","6809.10","6813.40"
"Fri Aug 09 2024 11:30:00 GMT+0530 (India Standard Time)","6813.40","6813.70","6805.00","6805.00"
"Fri Aug 09 2024 11:35:00 GMT+0530 (India Standard Time)","6805.00","6841.85","6803.25","6840.90"
"Fri Aug 09 2024 11:40:00 GMT+0530 (India Standard Time)","6838.05","6847.00","6836.35","6844.30"
"Fri Aug 09 2024 11:45:00 GMT+0530 (India Standard Time)","6844.30","6848.20","6841.95","6843.00"
"Fri Aug 09 2024 11:50:00 GMT+0530 (India Standard Time)","6845.00","6848.65","6842.40","6848.05"
"Fri Aug 09 2024 11:55:00 GMT+0530 (India Standard Time)","6848.05","6848.95","6840.00","6842.45"
"Fri Aug 09 2024 12:00:00 GMT+0530 (India Standard Time)","6842.45","6845.70","6837.45","6841.65"
"Fri Aug 09 2024 12:05:00 GMT+0530 (India Standard Time)","6841.65","6847.10","6840.00","6847.10"
"Fri Aug 09 2024 12:10:00 GMT+0530 (India Standard Time)","6847.10","6849.90","6842.00","6847.35"
"Fri Aug 09 2024 12:15:00 GMT+0530 (India Standard Time)","6847.00","6850.00","6842.35","6845.00"
"Fri Aug 09 2024 12:20:00 GMT+0530 (India Standard Time)","6844.95","6844.95","6840.00","6840.00"
"Fri Aug 09 2024 12:25:00 GMT+0530 (India Standard Time)","6840.00","6842.00","6840.00","6840.00"
"Fri Aug 09 2024 12:30:00 GMT+0530 (India Standard Time)","6840.00","6841.80","6838.00","6838.40"
"Fri Aug 09 2024 12:35:00 GMT+0530 (India Standard Time)","6838.40","6841.95","6835.90","6841.00"
"Fri Aug 09 2024 12:40:00 GMT+0530 (India Standard Time)","6841.00","6841.00","6840.00","6840.00"
"Fri Aug 09 2024 12:45:00 GMT+0530 (India Standard Time)","6840.00","6843.80","6837.25","6843.40"
"Fri Aug 09 2024 12:50:00 GMT+0530 (India Standard Time)","6840.05","6843.25","6840.00","6842.80"
"Fri Aug 09 2024 12:55:00 GMT+0530 (India Standard Time)","6842.80","6842.95","6840.05","6842.05"
"Fri Aug 09 2024 13:00:00 GMT+0530 (India Standard Time)","6842.05","6844.95","6840.00","6843.00"
"Fri Aug 09 2024 13:05:00 GMT+0530 (India Standard Time)","6843.00","6844.35","6840.00","6840.10"
"Fri Aug 09 2024 13:10:00 GMT+0530 (India Standard Time)","6840.10","6844.90","6840.00","6844.40"
"Fri Aug 09 2024 13:15:00 GMT+0530 (India Standard Time)","6844.40","6844.45","6840.00","6840.55"
"Fri Aug 09 2024 13:20:00 GMT+0530 (India Standard Time)","6840.55","6844.75","6840.00","6844.00"
"Fri Aug 09 2024 13:25:00 GMT+0530 (India Standard Time)","6844.00","6844.00","6840.00","6840.00"
"Fri Aug 09 2024 13:30:00 GMT+0530 (India Standard Time)","6840.90","6844.95","6840.00","6844.90"
"Fri Aug 09 2024 13:35:00 GMT+0530 (India Standard Time)","6844.90","6844.90","6840.55","6844.15"
"Fri Aug 09 2024 13:40:00 GMT+0530 (India Standard Time)","6844.15","6844.90","6840.00","6840.50"
"Fri Aug 09 2024 13:45:00 GMT+0530 (India Standard Time)","6840.50","6844.90","6840.50","6843.00"
"Fri Aug 09 2024 13:50:00 GMT+0530 (India Standard Time)","6843.00","6844.90","6840.00","6840.00"
"Fri Aug 09 2024 13:55:00 GMT+0530 (India Standard Time)","6840.50","6844.75","6840.00","6840.55"
"Fri Aug 09 2024 14:00:00 GMT+0530 (India Standard Time)","6840.55","6844.90","6840.00","6840.95"
"Fri Aug 09 2024 14:05:00 GMT+0530 (India Standard Time)","6840.70","6844.45","6840.00","6840.05"
"Fri Aug 09 2024 14:10:00 GMT+0530 (India Standard Time)","6840.05","6844.95","6840.00","6840.05"
"Fri Aug 09 2024 14:15:00 GMT+0530 (India Standard Time)","6840.05","6844.55","6840.00","6841.25"
"Fri Aug 09 2024 14:20:00 GMT+0530 (India Standard Time)","6841.25","6841.25","6810.00","6818.45"
"Fri Aug 09 2024 14:25:00 GMT+0530 (India Standard Time)","6814.30","6833.80","6812.70","6833.30"
"Fri Aug 09 2024 14:30:00 GMT+0530 (India Standard Time)","6834.20","6840.40","6825.35","6830.00"
"Fri Aug 09 2024 14:35:00 GMT+0530 (India Standard Time)","6830.05","6847.50","6830.00","6843.30"
"Fri Aug 09 2024 14:40:00 GMT+0530 (India Standard Time)","6848.60","6855.00","6844.85","6850.00"
"Fri Aug 09 2024 14:45:00 GMT+0530 (India Standard Time)","6850.00","6859.00","6850.00","6855.00"
"Fri Aug 09 2024 14:50:00 GMT+0530 (India Standard Time)","6855.00","6857.50","6851.50","6851.95"
"Fri Aug 09 2024 14:55:00 GMT+0530 (India Standard Time)","6851.95","6859.00","6851.80","6856.55"
"Fri Aug 09 2024 15:00:00 GMT+0530 (India Standard Time)","6856.70","6864.00","6856.70","6856.70"
"Fri Aug 09 2024 15:05:00 GMT+0530 (India Standard Time)","6858.55","6865.00","6856.50","6859.70"
"Fri Aug 09 2024 15:10:00 GMT+0530 (India Standard Time)","6859.70","6865.05","6859.70","6865.00"
"Fri Aug 09 2024 15:15:00 GMT+0530 (India Standard Time)","6865.00","6885.00","6861.05","6884.65"
"Fri Aug 09 2024 15:20:00 GMT+0530 (India Standard Time)","6884.65","6886.10","6876.00","6886.00"
"Fri Aug 09 2024 15:25:00 GMT+0530 (India Standard Time)","6886.00","6888.35","6875.00","6887.00"
"Mon Aug 12 2024 09:15:00 GMT+0530 (India Standard Time)","6875.75","6875.75","6790.10","6795.05"
"Mon Aug 12 2024 09:20:00 GMT+0530 (India Standard Time)","6798.95","6838.00","6795.05","6831.00"
"Mon Aug 12 2024 09:25:00 GMT+0530 (India Standard Time)","6831.00","6845.00","6811.30","6814.90"
"Mon Aug 12 2024 09:30:00 GMT+0530 (India Standard Time)","6814.90","6833.15","6812.30","6824.60"
"Mon Aug 12 2024 09:35:00 GMT+0530 (India Standard Time)","6824.60","6844.00","6820.00","6823.55"
"Mon Aug 12 2024 09:40:00 GMT+0530 (India Standard Time)","6823.55","6831.30","6820.10","6831.00"
"Mon Aug 12 2024 09:45:00 GMT+0530 (India Standard Time)","6831.00","6831.00","6811.65","6811.65"
"Mon Aug 12 2024 09:50:00 GMT+0530 (India Standard Time)","6812.15","6818.00","6802.05","6810.00"
"Mon Aug 12 2024 09:55:00 GMT+0530 (India Standard Time)","6810.00","6813.60","6791.50","6797.80"
"Mon Aug 12 2024 10:00:00 GMT+0530 (India Standard Time)","6797.80","6800.10","6791.85","6799.70"
"Mon Aug 12 2024 10:05:00 GMT+0530 (India Standard Time)","6799.65","6813.95","6795.00","6813.95"
"Mon Aug 12 2024 10:10:00 GMT+0530 (India Standard Time)","6810.50","6818.00","6802.05","6816.45"
"Mon Aug 12 2024 10:15:00 GMT+0530 (India Standard Time)","6812.10","6825.65","6811.90","6825.00"
"Mon Aug 12 2024 10:20:00 GMT+0530 (India Standard Time)","6822.00","6826.30","6820.60","6826.30"
"Mon Aug 12 2024 10:25:00 GMT+0530 (India Standard Time)","6826.30","6826.30","6821.70","6821.70"
"Mon Aug 12 2024 10:30:00 GMT+0530 (India Standard Time)","6821.70","6829.50","6821.00","6829.50"
"Mon Aug 12 2024 10:35:00 GMT+0530 (India Standard Time)","6829.50","6837.65","6825.75","6830.00"
"Mon Aug 12 2024 10:40:00 GMT+0530 (India Standard Time)","6830.00","6832.00","6825.75","6829.30"
"Mon Aug 12 2024 10:45:00 GMT+0530 (India Standard Time)","6829.30","6839.30","6825.75","6834.00"
"Mon Aug 12 2024 10:50:00 GMT+0530 (India Standard Time)","6834.00","6838.55","6830.00","6833.60"
"Mon Aug 12 2024 10:55:00 GMT+0530 (India Standard Time)","6833.60","6835.75","6830.90","6834.50"
"Mon Aug 12 2024 11:00:00 GMT+0530 (India Standard Time)","6834.50","6835.75","6826.65","6834.85"
"Mon Aug 12 2024 11:05:00 GMT+0530 (India Standard Time)","6834.85","6855.00","6831.25","6855.00"
"Mon Aug 12 2024 11:10:00 GMT+0530 (India Standard Time)","6853.15","6855.95","6848.80","6854.55"
"Mon Aug 12 2024 11:15:00 GMT+0530 (India Standard Time)","6854.55","6855.00","6845.10","6853.90"
"Mon Aug 12 2024 11:20:00 GMT+0530 (India Standard Time)","6854.60","6888.00","6850.00","6879.30"
"Mon Aug 12 2024 11:25:00 GMT+0530 (India Standard Time)","6877.50","6886.15","6870.10","6884.00"
"Mon Aug 12 2024 11:30:00 GMT+0530 (India Standard Time)","6884.00","6884.00","6865.65","6870.00"
"Mon Aug 12 2024 11:35:00 GMT+0530 (India Standard Time)","6870.00","6870.00","6853.90","6858.25"
"Mon Aug 12 2024 11:40:00 GMT+0530 (India Standard Time)","6853.95","6858.25","6850.00","6851.00"
"Mon Aug 12 2024 11:45:00 GMT+0530 (India Standard Time)","6854.15","6855.15","6840.00","6840.00"
"Mon Aug 12 2024 11:50:00 GMT+0530 (India Standard Time)","6843.00","6854.00","6840.00","6853.80"
"Mon Aug 12 2024 11:55:00 GMT+0530 (India Standard Time)","6854.00","6858.05","6848.20","6850.35"
"Mon Aug 12 2024 12:00:00 GMT+0530 (India Standard Time)","6853.65","6858.00","6850.00","6853.95"
"Mon Aug 12 2024 12:05:00 GMT+0530 (India Standard Time)","6853.95","6858.00","6853.75","6855.00"
"Mon Aug 12 2024 12:10:00 GMT+0530 (India Standard Time)","6855.50","6857.50","6850.00","6854.70"
"Mon Aug 12 2024 12:15:00 GMT+0530 (India Standard Time)","6850.25","6854.60","6848.10","6852.55"
"Mon Aug 12 2024 12:20:00 GMT+0530 (India Standard Time)","6861.05","6861.05","6841.65","6846.00"
"Mon Aug 12 2024 12:25:00 GMT+0530 (India Standard Time)","6845.00","6850.00","6837.00","6849.95"
"Mon Aug 12 2024 12:30:00 GMT+0530 (India Standard Time)","6850.00","6850.00","6845.90","6845.90"
"Mon Aug 12 2024 12:35:00 GMT+0530 (India Standard Time)","6848.00","6859.05","6848.00","6851.10"
"Mon Aug 12 2024 12:40:00 GMT+0530 (India Standard Time)","6851.10","6858.20","6850.25","6851.75"
"Mon Aug 12 2024 12:45:00 GMT+0530 (India Standard Time)","6851.75","6872.00","6850.25","6865.00"
"Mon Aug 12 2024 12:50:00 GMT+0530 (India Standard Time)","6861.80","6864.45","6855.85","6857.00"
"Mon Aug 12 2024 12:55:00 GMT+0530 (India Standard Time)","6857.00","6860.85","6846.75","6850.75"
"Mon Aug 12 2024 13:00:00 GMT+0530 (India Standard Time)","6850.10","6854.05","6846.85","6849.75"
"Mon Aug 12 2024 13:05:00 GMT+0530 (India Standard Time)","6853.20","6853.20","6845.30","6846.70"
"Mon Aug 12 2024 13:10:00 GMT+0530 (India Standard Time)","6846.70","6848.95","6829.00","6829.00"
"Mon Aug 12 2024 13:15:00 GMT+0530 (India Standard Time)","6829.00","6830.00","6820.60","6820.60"
"Mon Aug 12 2024 13:20:00 GMT+0530 (India Standard Time)","6820.60","6824.70","6813.00","6821.05"
"Mon Aug 12 2024 13:25:00 GMT+0530 (India Standard Time)","6821.00","6821.00","6804.75","6807.15"
"Mon Aug 12 2024 13:30:00 GMT+0530 (India Standard Time)","6809.65","6819.60","6809.25","6813.70"
"Mon Aug 12 2024 13:35:00 GMT+0530 (India Standard Time)","6813.70","6819.00","6800.00","6807.10"
"Mon Aug 12 2024 13:40:00 GMT+0530 (India Standard Time)","6807.15","6813.10","6806.00","6810.85"
"Mon Aug 12 2024 13:45:00 GMT+0530 (India Standard Time)","6811.00","6813.10","6807.15","6810.15"
"Mon Aug 12 2024 13:50:00 GMT+0530 (India Standard Time)","6810.15","6832.50","6807.95","6826.95"
"Mon Aug 12 2024 13:55:00 GMT+0530 (India Standard Time)","6826.95","6826.95","6810.70","6815.60"
"Mon Aug 12 2024 14:00:00 GMT+0530 (India Standard Time)","6815.60","6821.00","6811.55","6815.00"
"Mon Aug 12 2024 14:05:00 GMT+0530 (India Standard Time)","6815.00","6839.05","6811.95","6835.80"
"Mon Aug 12 2024 14:10:00 GMT+0530 (India Standard Time)","6837.55","6837.55","6812.00","6812.05"
"Mon Aug 12 2024 14:15:00 GMT+0530 (India Standard Time)","6811.00","6818.00","6811.00","6811.00"
"Mon Aug 12 2024 14:20:00 GMT+0530 (India Standard Time)","6811.00","6817.95","6807.15","6810.55"
"Mon Aug 12 2024 14:25:00 GMT+0530 (India Standard Time)","6810.55","6812.90","6805.55","6807.70"
"Mon Aug 12 2024 14:30:00 GMT+0530 (India Standard Time)","6811.70","6811.70","6805.50","6807.65"
"Mon Aug 12 2024 14:35:00 GMT+0530 (India Standard Time)","6810.05","6810.05","6805.50","6806.50"
"Mon Aug 12 2024 14:40:00 GMT+0530 (India Standard Time)","6806.50","6813.05","6804.00","6806.00"
"Mon Aug 12 2024 14:45:00 GMT+0530 (India Standard Time)","6806.00","6810.90","6806.00","6808.05"
"Mon Aug 12 2024 14:50:00 GMT+0530 (India Standard Time)","6806.05","6810.00","6802.00","6802.00"
"Mon Aug 12 2024 14:55:00 GMT+0530 (India Standard Time)","6802.00","6811.00","6800.00","6800.00"
"Mon Aug 12 2024 15:00:00 GMT+0530 (India Standard Time)","6800.05","6809.00","6800.05","6809.00"
"Mon Aug 12 2024 15:05:00 GMT+0530 (India Standard Time)","6809.00","6847.90","6809.00","6847.90"
"Mon Aug 12 2024 15:10:00 GMT+0530 (India Standard Time)","6847.85","6849.00","6824.25","6834.80"
"Mon Aug 12 2024 15:15:00 GMT+0530 (India Standard Time)","6834.80","6848.95","6826.45","6841.00"
"Mon Aug 12 2024 15:20:00 GMT+0530 (India Standard Time)","6835.00","6847.95","6835.00","6844.25"
"Mon Aug 12 2024 15:25:00 GMT+0530 (India Standard Time)","6844.25","6850.00","6842.65","6848.00"
"Tue Aug 13 2024 09:15:00 GMT+0530 (India Standard Time)","6834.40","6834.40","6806.50","6808.00"
"Tue Aug 13 2024 09:20:00 GMT+0530 (India Standard Time)","6810.95","6821.00","6796.65","6815.00"
"Tue Aug 13 2024 09:25:00 GMT+0530 (India Standard Time)","6813.00","6820.35","6810.75","6810.95"
"Tue Aug 13 2024 09:30:00 GMT+0530 (India Standard Time)","6810.15","6824.15","6810.00","6818.80"
"Tue Aug 13 2024 09:35:00 GMT+0530 (India Standard Time)","6821.20","6826.75","6814.05","6820.00"
"Tue Aug 13 2024 09:40:00 GMT+0530 (India Standard Time)","6819.05","6826.00","6817.50","6824.20"
"Tue Aug 13 2024 09:45:00 GMT+0530 (India Standard Time)","6819.25","6825.80","6817.30","6817.35"
"Tue Aug 13 2024 09:50:00 GMT+0530 (India Standard Time)","6817.35","6821.95","6817.05","6818.25"
"Tue Aug 13 2024 09:55:00 GMT+0530 (India Standard Time)","6818.25","6821.95","6815.00","6821.95"
"Tue Aug 13 2024 10:00:00 GMT+0530 (India Standard Time)","6819.10","6825.25","6817.00","6821.10"
"Tue Aug 13 2024 10:05:00 GMT+0530 (India Standard Time)","6821.10","6825.00","6814.55","6818.30"
"Tue Aug 13 2024 10:10:00 GMT+0530 (India Standard Time)","6822.15","6824.95","6818.90","6823.45"
"Tue Aug 13 2024 10:15:00 GMT+0530 (India Standard Time)","6820.05","6823.85","6819.95","6823.35"
"Tue Aug 13 2024 10:20:00 GMT+0530 (India Standard Time)","6823.25","6825.00","6820.00","6820.00"
"Tue Aug 13 2024 10:25:00 GMT+0530 (India Standard Time)","6820.00","6824.00","6819.80","6820.00"
"Tue Aug 13 2024 10:30:00 GMT+0530 (India Standard Time)","6820.95","6824.90","6814.65","6820.65"
"Tue Aug 13 2024 10:35:00 GMT+0530 (India Standard Time)","6820.65","6825.30","6817.95","6823.00"
"Tue Aug 13 2024 10:40:00 GMT+0530 (India Standard Time)","6823.00","6826.40","6815.20","6822.75"
"Tue Aug 13 2024 10:45:00 GMT+0530 (India Standard Time)","6818.90","6824.00","6816.50","6816.50"
"Tue Aug 13 2024 10:50:00 GMT+0530 (India Standard Time)","6816.50","6824.30","6815.55","6819.20"
"Tue Aug 13 2024 10:55:00 GMT+0530 (India Standard Time)","6819.20","6824.50","6816.85","6819.50"
"Tue Aug 13 2024 11:00:00 GMT+0530 (India Standard Time)","6818.05","6823.10","6818.05","6818.20"
"Tue Aug 13 2024 11:05:00 GMT+0530 (India Standard Time)","6818.20","6823.10","6816.95","6822.00"
"Tue Aug 13 2024 11:10:00 GMT+0530 (India Standard Time)","6822.00","6823.70","6813.60","6820.00"
"Tue Aug 13 2024 11:15:00 GMT+0530 (India Standard Time)","6818.45","6822.95","6810.00","6817.15"
"Tue Aug 13 2024 11:20:00 GMT+0530 (India Standard Time)","6817.15","6822.65","6817.15","6819.05"
"Tue Aug 13 2024 11:25:00 GMT+0530 (India Standard Time)","6819.05","6822.95","6796.00","6803.60"
"Tue Aug 13 2024 11:30:00 GMT+0530 (India Standard Time)","6801.35","6806.15","6797.00","6799.90"
"Tue Aug 13 2024 11:35:00 GMT+0530 (India Standard Time)","6799.90","6803.00","6780.95","6785.00"
"Tue Aug 13 2024 11:40:00 GMT+0530 (India Standard Time)","6785.00","6786.45","6765.00","6779.35"
"Tue Aug 13 2024 11:45:00 GMT+0530 (India Standard Time)","6775.00","6780.00","6773.00","6776.80"
"Tue Aug 13 2024 11:50:00 GMT+0530 (India Standard Time)","6780.00","6785.00","6776.80","6784.55"
"Tue Aug 13 2024 11:55:00 GMT+0530 (India Standard Time)","6784.55","6788.35","6781.30","6788.05"
"Tue Aug 13 2024 12:00:00 GMT+0530 (India Standard Time)","6785.00","6788.45","6773.00","6773.00"
"Tue Aug 13 2024 12:05:00 GMT+0530 (India Standard Time)","6773.00","6777.20","6767.00","6772.10"
"Tue Aug 13 2024 12:10:00 GMT+0530 (India Standard Time)","6776.70","6780.00","6771.55","6778.50"
"Tue Aug 13 2024 12:15:00 GMT+0530 (India Standard Time)","6774.20","6779.90","6774.20","6779.80"
"Tue Aug 13 2024 12:20:00 GMT+0530 (India Standard Time)","6779.80","6779.80","6775.00","6779.35"
"Tue Aug 13 2024 12:25:00 GMT+0530 (India Standard Time)","6779.35","6779.90","6775.00","6775.10"
"Tue Aug 13 2024 12:30:00 GMT+0530 (India Standard Time)","6775.10","6779.90","6774.00","6774.00"
"Tue Aug 13 2024 12:35:00 GMT+0530 (India Standard Time)","6774.00","6778.45","6771.55","6775.00"
"Tue Aug 13 2024 12:40:00 GMT+0530 (India Standard Time)","6775.00","6779.90","6771.55","6776.60"
"Tue Aug 13 2024 12:45:00 GMT+0530 (India Standard Time)","6773.55","6778.55","6773.00","6774.55"
"Tue Aug 13 2024 12:50:00 GMT+0530 (India Standard Time)","6774.55","6777.95","6771.55","6776.00"
"Tue Aug 13 2024 12:55:00 GMT+0530 (India Standard Time)","6777.80","6777.80","6772.05","6772.30"
"Tue Aug 13 2024 13:00:00 GMT+0530 (India Standard Time)","6772.00","6776.45","6770.95","6771.15"
"Tue Aug 13 2024 13:05:00 GMT+0530 (India Standard Time)","6775.00","6776.45","6768.00","6773.45"
"Tue Aug 13 2024 13:10:00 GMT+0530 (India Standard Time)","6773.45","6774.50","6768.55","6770.05"
"Tue Aug 13 2024 13:15:00 GMT+0530 (India Standard Time)","6770.60","6779.90","6769.40","6771.35"
"Tue Aug 13 2024 13:20:00 GMT+0530 (India Standard Time)","6775.70","6776.00","6770.50","6774.95"
"Tue Aug 13 2024 13:25:00 GMT+0530 (India Standard Time)","6774.95","6776.00","6770.85","6771.90"
"Tue Aug 13 2024 13:30:00 GMT+0530 (India Standard Time)","6774.95","6785.00","6771.90","6775.00"
"Tue Aug 13 2024 13:35:00 GMT+0530 (India Standard Time)","6775.00","6781.80","6775.00","6776.65"
"Tue Aug 13 2024 13:40:00 GMT+0530 (India Standard Time)","6776.65","6780.00","6770.00","6770.00"
"Tue Aug 13 2024 13:45:00 GMT+0530 (India Standard Time)","6770.00","6774.05","6754.00","6755.05"
"Tue Aug 13 2024 13:50:00 GMT+0530 (India Standard Time)","6755.00","6758.60","6745.00","6745.00"
"Tue Aug 13 2024 13:55:00 GMT+0530 (India Standard Time)","6745.00","6749.95","6728.00","6728.00"
"Tue Aug 13 2024 14:00:00 GMT+0530 (India Standard Time)","6725.95","6734.45","6724.65","6732.00"
"Tue Aug 13 2024 14:05:00 GMT+0530 (India Standard Time)","6732.00","6739.15","6732.00","6736.80"
"Tue Aug 13 2024 14:10:00 GMT+0530 (India Standard Time)","6736.80","6745.00","6735.00","6745.00"
"Tue Aug 13 2024 14:15:00 GMT+0530 (India Standard Time)","6741.60","6757.15","6740.15","6750.60"
"Tue Aug 13 2024 14:20:00 GMT+0530 (India Standard Time)","6750.55","6762.00","6750.55","6757.50"
"Tue Aug 13 2024 14:25:00 GMT+0530 (India Standard Time)","6757.55","6776.65","6753.00","6770.00"
"Tue Aug 13 2024 14:30:00 GMT+0530 (India Standard Time)","6768.40","6770.00","6760.00","6760.00"
"Tue Aug 13 2024 14:35:00 GMT+0530 (India Standard Time)","6760.00","6762.00","6756.20","6756.20"
"Tue Aug 13 2024 14:40:00 GMT+0530 (India Standard Time)","6756.20","6761.75","6750.00","6757.10"
"Tue Aug 13 2024 14:45:00 GMT+0530 (India Standard Time)","6754.75","6760.00","6745.00","6749.30"
"Tue Aug 13 2024 14:50:00 GMT+0530 (India Standard Time)","6750.00","6759.95","6741.75","6756.50"
"Tue Aug 13 2024 14:55:00 GMT+0530 (India Standard Time)","6759.95","6759.95","6750.40","6756.25"
"Tue Aug 13 2024 15:00:00 GMT+0530 (India Standard Time)","6756.20","6772.75","6754.60","6767.50"
"Tue Aug 13 2024 15:05:00 GMT+0530 (India Standard Time)","6767.50","6791.70","6767.50","6789.60"
"Tue Aug 13 2024 15:10:00 GMT+0530 (India Standard Time)","6789.50","6792.80","6788.55","6791.90"
"Tue Aug 13 2024 15:15:00 GMT+0530 (India Standard Time)","6791.90","6799.00","6782.70","6799.00"
"Tue Aug 13 2024 15:20:00 GMT+0530 (India Standard Time)","6797.50","6820.00","6794.25","6799.95"
"Tue Aug 13 2024 15:25:00 GMT+0530 (India Standard Time)","6799.95","6815.00","6798.00","6798.00"
"Wed Aug 14 2024 09:15:00 GMT+0530 (India Standard Time)","6798.00","6798.00","6750.00","6765.30"
"Wed Aug 14 2024 09:20:00 GMT+0530 (India Standard Time)","6765.30","6779.00","6751.00","6767.20"
"Wed Aug 14 2024 09:25:00 GMT+0530 (India Standard Time)","6767.20","6786.00","6760.75","6764.75"
"Wed Aug 14 2024 09:30:00 GMT+0530 (India Standard Time)","6764.75","6765.00","6740.00","6741.05"
"Wed Aug 14 2024 09:35:00 GMT+0530 (India Standard Time)","6746.35","6749.60","6735.00","6743.70"
"Wed Aug 14 2024 09:40:00 GMT+0530 (India Standard Time)","6743.70","6743.70","6731.00","6738.20"
"Wed Aug 14 2024 09:45:00 GMT+0530 (India Standard Time)","6739.35","6763.65","6735.05","6753.00"
"Wed Aug 14 2024 09:50:00 GMT+0530 (India Standard Time)","6753.00","6763.20","6750.00","6750.00"
"Wed Aug 14 2024 09:55:00 GMT+0530 (India Standard Time)","6750.00","6755.00","6743.50","6750.05"
"Wed Aug 14 2024 10:00:00 GMT+0530 (India Standard Time)","6752.95","6756.90","6741.30","6749.65"
"Wed Aug 14 2024 10:05:00 GMT+0530 (India Standard Time)","6750.00","6755.05","6736.00","6740.95"
"Wed Aug 14 2024 10:10:00 GMT+0530 (India Standard Time)","6740.95","6743.00","6738.90","6743.00"
"Wed Aug 14 2024 10:15:00 GMT+0530 (India Standard Time)","6743.00","6754.70","6742.55","6750.00"
"Wed Aug 14 2024 10:20:00 GMT+0530 (India Standard Time)","6750.00","6754.05","6740.00","6749.95"
"Wed Aug 14 2024 10:25:00 GMT+0530 (India Standard Time)","6749.95","6758.35","6743.90","6751.70"
"Wed Aug 14 2024 10:30:00 GMT+0530 (India Standard Time)","6751.70","6770.40","6749.35","6770.40"
"Wed Aug 14 2024 10:35:00 GMT+0530 (India Standard Time)","6767.00","6769.35","6758.85","6765.45"
"Wed Aug 14 2024 10:40:00 GMT+0530 (India Standard Time)","6765.45","6769.00","6761.15","6769.00"
"Wed Aug 14 2024 10:45:00 GMT+0530 (India Standard Time)","6769.00","6775.00","6764.00","6774.95"
"Wed Aug 14 2024 10:50:00 GMT+0530 (India Standard Time)","6774.95","6775.00","6766.75","6769.70"
"Wed Aug 14 2024 10:55:00 GMT+0530 (India Standard Time)","6769.70","6773.85","6763.85","6772.45"
"Wed Aug 14 2024 11:00:00 GMT+0530 (India Standard Time)","6772.45","6774.00","6761.40","6774.00"
"Wed Aug 14 2024 11:05:00 GMT+0530 (India Standard Time)","6774.00","6779.00","6770.00","6772.55"
"Wed Aug 14 2024 11:10:00 GMT+0530 (India Standard Time)","6772.55","6790.05","6770.10","6783.90"
"Wed Aug 14 2024 11:15:00 GMT+0530 (India Standard Time)","6783.90","6785.00","6777.75","6784.10"
"Wed Aug 14 2024 11:20:00 GMT+0530 (India Standard Time)","6784.50","6790.00","6776.60","6790.00"
"Wed Aug 14 2024 11:25:00 GMT+0530 (India Standard Time)","6790.00","6813.00","6786.95","6813.00"
"Wed Aug 14 2024 11:30:00 GMT+0530 (India Standard Time)","6813.00","6822.55","6800.75","6818.05"
"Wed Aug 14 2024 11:35:00 GMT+0530 (India Standard Time)","6821.95","6821.95","6807.20","6814.40"
"Wed Aug 14 2024 11:40:00 GMT+0530 (India Standard Time)","6814.40","6815.45","6811.40","6812.00"
"Wed Aug 14 2024 11:45:00 GMT+0530 (India Standard Time)","6811.40","6816.50","6803.65","6803.65"
"Wed Aug 14 2024 11:50:00 GMT+0530 (India Standard Time)","6803.65","6807.20","6800.05","6802.90"
"Wed Aug 14 2024 11:55:00 GMT+0530 (India Standard Time)","6802.90","6805.45","6802.15","6802.35"
"Wed Aug 14 2024 12:00:00 GMT+0530 (India Standard Time)","6802.35","6805.45","6802.20","6805.45"
"Wed Aug 14 2024 12:05:00 GMT+0530 (India Standard Time)","6805.45","6807.35","6801.85","6807.10"
"Wed Aug 14 2024 12:10:00 GMT+0530 (India Standard Time)","6807.00","6809.40","6803.15","6807.00"
"Wed Aug 14 2024 12:15:00 GMT+0530 (India Standard Time)","6807.00","6820.00","6803.35","6815.90"
"Wed Aug 14 2024 12:20:00 GMT+0530 (India Standard Time)","6815.90","6820.00","6803.25","6812.95"
"Wed Aug 14 2024 12:25:00 GMT+0530 (India Standard Time)","6812.90","6813.40","6801.85","6801.85"
"Wed Aug 14 2024 12:30:00 GMT+0530 (India Standard Time)","6801.85","6806.10","6801.55","6805.75"
"Wed Aug 14 2024 12:35:00 GMT+0530 (India Standard Time)","6805.75","6806.70","6800.95","6801.00"
"Wed Aug 14 2024 12:40:00 GMT+0530 (India Standard Time)","6801.00","6805.85","6800.50","6803.30"
"Wed Aug 14 2024 12:45:00 GMT+0530 (India Standard Time)","6801.00","6805.65","6800.95","6803.00"
"Wed Aug 14 2024 12:50:00 GMT+0530 (India Standard Time)","6801.00","6808.75","6801.00","6808.00"
"Wed Aug 14 2024 12:55:00 GMT+0530 (India Standard Time)","6808.00","6808.00","6802.50","6807.75"
"Wed Aug 14 2024 13:00:00 GMT+0530 (India Standard Time)","6807.80","6811.85","6802.55","6802.55"
"Wed Aug 14 2024 13:05:00 GMT+0530 (India Standard Time)","6805.10","6812.95","6803.00","6812.95"
"Wed Aug 14 2024 13:10:00 GMT+0530 (India Standard Time)","6813.00","6819.35","6807.00","6813.35"
"Wed Aug 14 2024 13:15:00 GMT+0530 (India Standard Time)","6814.25","6814.25","6807.00","6813.15"
"Wed Aug 14 2024 13:20:00 GMT+0530 (India Standard Time)","6813.15","6817.35","6807.70","6815.40"
"Wed Aug 14 2024 13:25:00 GMT+0530 (India Standard Time)","6815.40","6815.85","6807.70","6815.75"
"Wed Aug 14 2024 13:30:00 GMT+0530 (India Standard Time)","6815.75","6815.80","6808.00","6808.00"
"Wed Aug 14 2024 13:35:00 GMT+0530 (India Standard Time)","6808.00","6813.90","6808.00","6813.90"
"Wed Aug 14 2024 13:40:00 GMT+0530 (India Standard Time)","6813.90","6815.00","6809.15","6810.15"
"Wed Aug 14 2024 13:45:00 GMT+0530 (India Standard Time)","6814.40","6814.90","6808.80","6809.15"
"Wed Aug 14 2024 13:50:00 GMT+0530 (India Standard Time)","6809.15","6813.95","6809.10","6812.45"
"Wed Aug 14 2024 13:55:00 GMT+0530 (India Standard Time)","6812.45","6812.50","6809.00","6809.00"
"Wed Aug 14 2024 14:00:00 GMT+0530 (India Standard Time)","6808.05","6813.95","6808.05","6809.70"
"Wed Aug 14 2024 14:05:00 GMT+0530 (India Standard Time)","6809.70","6813.95","6809.70","6812.00"
"Wed Aug 14 2024 14:10:00 GMT+0530 (India Standard Time)","6808.40","6813.45","6808.40","6810.00"
"Wed Aug 14 2024 14:15:00 GMT+0530 (India Standard Time)","6810.00","6813.25","6806.00","6806.80"
"Wed Aug 14 2024 14:20:00 GMT+0530 (India Standard Time)","6807.05","6808.10","6807.00","6808.10"
"Wed Aug 14 2024 14:25:00 GMT+0530 (India Standard Time)","6808.10","6813.40","6807.00","6811.90"
"Wed Aug 14 2024 14:30:00 GMT+0530 (India Standard Time)","6811.90","6817.00","6811.00","6811.50"
"Wed Aug 14 2024 14:35:00 GMT+0530 (India Standard Time)","6811.50","6821.95","6811.50","6819.40"
"Wed Aug 14 2024 14:40:00 GMT+0530 (India Standard Time)","6819.40","6840.00","6809.05","6824.25"
"Wed Aug 14 2024 14:45:00 GMT+0530 (India Standard Time)","6825.00","6827.95","6822.00","6827.20"
"Wed Aug 14 2024 14:50:00 GMT+0530 (India Standard Time)","6825.00","6827.95","6822.50","6827.95"
"Wed Aug 14 2024 14:55:00 GMT+0530 (India Standard Time)","6824.70","6827.95","6822.10","6827.65"
"Wed Aug 14 2024 15:00:00 GMT+0530 (India Standard Time)","6827.35","6828.00","6821.00","6824.60"
"Wed Aug 14 2024 15:05:00 GMT+0530 (India Standard Time)","6824.60","6830.00","6821.00","6826.70"
"Wed Aug 14 2024 15:10:00 GMT+0530 (India Standard Time)","6826.80","6830.00","6824.80","6828.10"
"Wed Aug 14 2024 15:15:00 GMT+0530 (India Standard Time)","6829.95","6829.95","6824.10","6827.80"
"Wed Aug 14 2024 15:20:00 GMT+0530 (India Standard Time)","6827.00","6830.00","6817.15","6828.20"
"Wed Aug 14 2024 15:25:00 GMT+0530 (India Standard Time)","6826.30","6839.00","6815.05","6834.00"
"Fri Aug 16 2024 09:15:00 GMT+0530 (India Standard Time)","6827.90","6866.95","6827.75","6857.90"
"Fri Aug 16 2024 09:20:00 GMT+0530 (India Standard Time)","6862.90","6865.00","6842.40","6856.75"
"Fri Aug 16 2024 09:25:00 GMT+0530 (India Standard Time)","6853.05","6862.00","6843.95","6856.45"
"Fri Aug 16 2024 09:30:00 GMT+0530 (India Standard Time)","6856.45","6875.00","6853.00","6860.60"
"Fri Aug 16 2024 09:35:00 GMT+0530 (India Standard Time)","6865.85","6865.95","6849.65","6859.95"
"Fri Aug 16 2024 09:40:00 GMT+0530 (India Standard Time)","6860.00","6863.30","6848.35","6852.65"
"Fri Aug 16 2024 09:45:00 GMT+0530 (India Standard Time)","6852.65","6862.50","6847.20","6852.55"
"Fri Aug 16 2024 09:50:00 GMT+0530 (India Standard Time)","6857.20","6860.45","6836.00","6844.45"
"Fri Aug 16 2024 09:55:00 GMT+0530 (India Standard Time)","6844.45","6852.55","6840.00","6840.00"
"Fri Aug 16 2024 10:00:00 GMT+0530 (India Standard Time)","6841.95","6841.95","6807.55","6824.50"
"Fri Aug 16 2024 10:05:00 GMT+0530 (India Standard Time)","6824.50","6829.65","6822.00","6822.20"
"Fri Aug 16 2024 10:10:00 GMT+0530 (India Standard Time)","6822.20","6827.50","6818.20","6822.00"
"Fri Aug 16 2024 10:15:00 GMT+0530 (India Standard Time)","6822.35","6822.35","6808.00","6817.75"
"Fri Aug 16 2024 10:20:00 GMT+0530 (India Standard Time)","6817.75","6839.00","6814.15","6831.40"
"Fri Aug 16 2024 10:25:00 GMT+0530 (India Standard Time)","6830.00","6830.00","6807.70","6811.65"
"Fri Aug 16 2024 10:30:00 GMT+0530 (India Standard Time)","6811.65","6815.25","6807.00","6811.35"
"Fri Aug 16 2024 10:35:00 GMT+0530 (India Standard Time)","6811.35","6821.80","6811.35","6813.70"
"Fri Aug 16 2024 10:40:00 GMT+0530 (India Standard Time)","6819.50","6829.80","6813.65","6822.00"
"Fri Aug 16 2024 10:45:00 GMT+0530 (India Standard Time)","6822.00","6827.00","6815.35","6827.00"
"Fri Aug 16 2024 10:50:00 GMT+0530 (India Standard Time)","6827.85","6829.40","6814.55","6819.80"
"Fri Aug 16 2024 10:55:00 GMT+0530 (India Standard Time)","6820.00","6823.65","6812.00","6814.40"
"Fri Aug 16 2024 11:00:00 GMT+0530 (India Standard Time)","6818.30","6820.65","6814.00","6820.65"
"Fri Aug 16 2024 11:05:00 GMT+0530 (India Standard Time)","6820.50","6820.65","6814.05","6818.55"
"Fri Aug 16 2024 11:10:00 GMT+0530 (India Standard Time)","6818.55","6820.65","6814.15","6820.05"
"Fri Aug 16 2024 11:15:00 GMT+0530 (India Standard Time)","6820.05","6820.65","6816.25","6817.15"
"Fri Aug 16 2024 11:20:00 GMT+0530 (India Standard Time)","6819.95","6827.10","6817.60","6821.90"
"Fri Aug 16 2024 11:25:00 GMT+0530 (India Standard Time)","6814.55","6829.10","6814.00","6820.60"
"Fri Aug 16 2024 11:30:00 GMT+0530 (India Standard Time)","6820.60","6835.00","6820.00","6827.00"
"Fri Aug 16 2024 11:35:00 GMT+0530 (India Standard Time)","6825.25","6831.00","6825.00","6831.00"
"Fri Aug 16 2024 11:40:00 GMT+0530 (India Standard Time)","6835.40","6838.95","6825.00","6825.00"
"Fri Aug 16 2024 11:45:00 GMT+0530 (India Standard Time)","6825.00","6830.00","6821.05","6825.20"
"Fri Aug 16 2024 11:50:00 GMT+0530 (India Standard Time)","6825.20","6831.05","6825.20","6830.50"
"Fri Aug 16 2024 11:55:00 GMT+0530 (India Standard Time)","6830.50","6838.65","6828.75","6837.65"
"Fri Aug 16 2024 12:00:00 GMT+0530 (India Standard Time)","6837.65","6838.70","6828.55","6828.55"
"Fri Aug 16 2024 12:05:00 GMT+0530 (India Standard Time)","6828.55","6838.85","6825.20","6836.00"
"Fri Aug 16 2024 12:10:00 GMT+0530 (India Standard Time)","6836.00","6836.00","6825.10","6832.20"
"Fri Aug 16 2024 12:15:00 GMT+0530 (India Standard Time)","6831.90","6832.00","6825.05","6828.00"
"Fri Aug 16 2024 12:20:00 GMT+0530 (India Standard Time)","6828.00","6829.95","6825.05","6829.95"
"Fri Aug 16 2024 12:25:00 GMT+0530 (India Standard Time)","6829.95","6835.00","6825.55","6834.35"
"Fri Aug 16 2024 12:30:00 GMT+0530 (India Standard Time)","6834.35","6835.00","6827.20","6830.00"
"Fri Aug 16 2024 12:35:00 GMT+0530 (India Standard Time)","6830.00","6835.00","6825.05","6829.15"
"Fri Aug 16 2024 12:40:00 GMT+0530 (India Standard Time)","6829.15","6835.00","6829.15","6830.00"
"Fri Aug 16 2024 12:45:00 GMT+0530 (India Standard Time)","6830.00","6832.00","6827.20","6832.00"
"Fri Aug 16 2024 12:50:00 GMT+0530 (India Standard Time)","6827.20","6831.85","6827.20","6827.30"
"Fri Aug 16 2024 12:55:00 GMT+0530 (India Standard Time)","6827.30","6831.55","6827.30","6828.00"
"Fri Aug 16 2024 13:00:00 GMT+0530 (India Standard Time)","6828.00","6830.00","6825.05","6829.85"
"Fri Aug 16 2024 13:05:00 GMT+0530 (India Standard Time)","6826.50","6829.75","6820.00","6823.10"
"Fri Aug 16 2024 13:10:00 GMT+0530 (India Standard Time)","6823.10","6823.10","6810.00","6816.25"
"Fri Aug 16 2024 13:15:00 GMT+0530 (India Standard Time)","6816.25","6829.00","6810.00","6829.00"
"Fri Aug 16 2024 13:20:00 GMT+0530 (India Standard Time)","6829.00","6829.00","6815.00","6824.95"
"Fri Aug 16 2024 13:25:00 GMT+0530 (India Standard Time)","6824.95","6831.00","6820.35","6830.00"
"Fri Aug 16 2024 13:30:00 GMT+0530 (India Standard Time)","6830.00","6831.00","6825.00","6830.00"
"Fri Aug 16 2024 13:35:00 GMT+0530 (India Standard Time)","6830.00","6835.00","6828.30","6829.70"
"Fri Aug 16 2024 13:40:00 GMT+0530 (India Standard Time)","6829.70","6834.50","6826.00","6834.50"
"Fri Aug 16 2024 13:45:00 GMT+0530 (India Standard Time)","6834.50","6834.50","6831.00","6831.00"
"Fri Aug 16 2024 13:50:00 GMT+0530 (India Standard Time)","6831.00","6833.20","6831.00","6833.20"
"Fri Aug 16 2024 13:55:00 GMT+0530 (India Standard Time)","6833.20","6845.00","6833.20","6845.00"
"Fri Aug 16 2024 14:00:00 GMT+0530 (India Standard Time)","6845.00","6850.00","6836.00","6837.00"
"Fri Aug 16 2024 14:05:00 GMT+0530 (India Standard Time)","6837.00","6845.30","6831.00","6845.30"
"Fri Aug 16 2024 14:10:00 GMT+0530 (India Standard Time)","6845.30","6852.00","6833.35","6844.10"
"Fri Aug 16 2024 14:15:00 GMT+0530 (India Standard Time)","6844.10","6844.10","6835.00","6844.10"
"Fri Aug 16 2024 14:20:00 GMT+0530 (India Standard Time)","6844.10","6844.10","6834.00","6838.65"
"Fri Aug 16 2024 14:25:00 GMT+0530 (India Standard Time)","6838.65","6840.00","6831.00","6835.95"
"Fri Aug 16 2024 14:30:00 GMT+0530 (India Standard Time)","6836.60","6837.20","6831.00","6834.00"
"Fri Aug 16 2024 14:35:00 GMT+0530 (India Standard Time)","6834.00","6839.55","6831.00","6833.25"
"Fri Aug 16 2024 14:40:00 GMT+0530 (India Standard Time)","6833.25","6852.00","6829.95","6835.00"
"Fri Aug 16 2024 14:45:00 GMT+0530 (India Standard Time)","6835.00","6835.00","6821.00","6825.65"
"Fri Aug 16 2024 14:50:00 GMT+0530 (India Standard Time)","6825.65","6828.85","6818.00","6822.10"
"Fri Aug 16 2024 14:55:00 GMT+0530 (India Standard Time)","6822.10","6829.95","6820.10","6824.55"
"Fri Aug 16 2024 15:00:00 GMT+0530 (India Standard Time)","6824.55","6829.70","6813.00","6813.00"
"Fri Aug 16 2024 15:05:00 GMT+0530 (India Standard Time)","6817.95","6820.00","6813.00","6820.00"
"Fri Aug 16 2024 15:10:00 GMT+0530 (India Standard Time)","6820.00","6820.00","6815.20","6820.00"
"Fri Aug 16 2024 15:15:00 GMT+0530 (India Standard Time)","6819.95","6820.00","6777.05","6797.40"
"Fri Aug 16 2024 15:20:00 GMT+0530 (India Standard Time)","6795.85","6800.00","6788.05","6800.00"
"Fri Aug 16 2024 15:25:00 GMT+0530 (India Standard Time)","6800.00","6800.00","6756.00","6760.00"
"Mon Aug 19 2024 09:15:00 GMT+0530 (India Standard Time)","6799.65","6868.00","6799.65","6822.15"
"Mon Aug 19 2024 09:20:00 GMT+0530 (India Standard Time)","6823.10","6842.85","6815.00","6834.10"
"Mon Aug 19 2024 09:25:00 GMT+0530 (India Standard Time)","6825.05","6867.45","6824.00","6861.80"
"Mon Aug 19 2024 09:30:00 GMT+0530 (India Standard Time)","6855.85","6865.00","6850.00","6850.10"
"Mon Aug 19 2024 09:35:00 GMT+0530 (India Standard Time)","6850.10","6859.00","6849.70","6857.90"
"Mon Aug 19 2024 09:40:00 GMT+0530 (India Standard Time)","6857.90","6876.00","6850.00","6872.05"
"Mon Aug 19 2024 09:45:00 GMT+0530 (India Standard Time)","6872.00","6875.70","6867.30","6870.00"
"Mon Aug 19 2024 09:50:00 GMT+0530 (India Standard Time)","6870.00","6875.00","6869.50","6870.00"
"Mon Aug 19 2024 09:55:00 GMT+0530 (India Standard Time)","6870.00","6874.00","6850.00","6851.30"
"Mon Aug 19 2024 10:00:00 GMT+0530 (India Standard Time)","6851.30","6857.85","6850.00","6851.00"
"Mon Aug 19 2024 10:05:00 GMT+0530 (India Standard Time)","6852.00","6856.45","6850.00","6850.00"
"Mon Aug 19 2024 10:10:00 GMT+0530 (India Standard Time)","6854.65","6855.80","6850.00","6852.00"
"Mon Aug 19 2024 10:15:00 GMT+0530 (India Standard Time)","6852.00","6853.70","6850.00","6852.00"
"Mon Aug 19 2024 10:20:00 GMT+0530 (India Standard Time)","6852.00","6852.00","6850.00","6852.00"
"Mon Aug 19 2024 10:25:00 GMT+0530 (India Standard Time)","6852.00","6852.00","6850.00","6851.80"
"Mon Aug 19 2024 10:30:00 GMT+0530 (India Standard Time)","6851.90","6853.85","6850.00","6850.00"
"Mon Aug 19 2024 10:35:00 GMT+0530 (India Standard Time)","6850.00","6852.65","6850.00","6851.85"
"Mon Aug 19 2024 10:40:00 GMT+0530 (India Standard Time)","6851.85","6854.90","6850.00","6852.10"
"Mon Aug 19 2024 10:45:00 GMT+0530 (India Standard Time)","6852.10","6859.00","6852.10","6855.00"
"Mon Aug 19 2024 10:50:00 GMT+0530 (India Standard Time)","6855.00","6859.50","6850.00","6852.00"
"Mon Aug 19 2024 10:55:00 GMT+0530 (India Standard Time)","6852.00","6859.00","6850.00","6856.35"
"Mon Aug 19 2024 11:00:00 GMT+0530 (India Standard Time)","6856.35","6856.75","6850.00","6852.00"
"Mon Aug 19 2024 11:05:00 GMT+0530 (India Standard Time)","6852.00","6855.85","6850.00","6852.00"
"Mon Aug 19 2024 11:10:00 GMT+0530 (India Standard Time)","6852.00","6852.00","6850.00","6851.85"
"Mon Aug 19 2024 11:15:00 GMT+0530 (India Standard Time)","6850.00","6852.50","6850.00","6852.50"
"Mon Aug 19 2024 11:20:00 GMT+0530 (India Standard Time)","6852.50","6852.50","6835.00","6840.30"
"Mon Aug 19 2024 11:25:00 GMT+0530 (India Standard Time)","6835.05","6839.45","6815.00","6815.00"
"Mon Aug 19 2024 11:30:00 GMT+0530 (India Standard Time)","6816.90","6820.00","6812.75","6817.35"
"Mon Aug 19 2024 11:35:00 GMT+0530 (India Standard Time)","6817.35","6819.60","6805.05","6805.05"
"Mon Aug 19 2024 11:40:00 GMT+0530 (India Standard Time)","6805.05","6808.85","6794.30","6795.00"
"Mon Aug 19 2024 11:45:00 GMT+0530 (India Standard Time)","6795.00","6795.15","6788.00","6793.30"
"Mon Aug 19 2024 11:50:00 GMT+0530 (India Standard Time)","6793.30","6801.65","6782.20","6795.70"
"Mon Aug 19 2024 11:55:00 GMT+0530 (India Standard Time)","6795.65","6798.65","6792.10","6792.25"
"Mon Aug 19 2024 12:00:00 GMT+0530 (India Standard Time)","6794.70","6799.30","6791.05","6792.50"
"Mon Aug 19 2024 12:05:00 GMT+0530 (India Standard Time)","6792.50","6799.40","6792.15","6795.00"
"Mon Aug 19 2024 12:10:00 GMT+0530 (India Standard Time)","6795.00","6795.00","6792.00","6793.45"
"Mon Aug 19 2024 12:15:00 GMT+0530 (India Standard Time)","6793.45","6795.00","6792.60","6794.95"
"Mon Aug 19 2024 12:20:00 GMT+0530 (India Standard Time)","6794.95","6795.00","6792.70","6794.10"
"Mon Aug 19 2024 12:25:00 GMT+0530 (India Standard Time)","6794.10","6795.00","6782.20","6785.00"
"Mon Aug 19 2024 12:30:00 GMT+0530 (India Standard Time)","6785.00","6789.95","6780.00","6787.00"
"Mon Aug 19 2024 12:35:00 GMT+0530 (India Standard Time)","6787.00","6792.00","6783.00","6792.00"
"Mon Aug 19 2024 12:40:00 GMT+0530 (India Standard Time)","6792.00","6793.85","6788.20","6792.85"
"Mon Aug 19 2024 12:45:00 GMT+0530 (India Standard Time)","6792.85","6793.00","6791.00","6792.35"
"Mon Aug 19 2024 12:50:00 GMT+0530 (India Standard Time)","6792.35","6797.95","6792.00","6795.45"
"Mon Aug 19 2024 12:55:00 GMT+0530 (India Standard Time)","6795.45","6800.55","6792.60","6800.00"
"Mon Aug 19 2024 13:00:00 GMT+0530 (India Standard Time)","6801.45","6804.10","6796.20","6803.75"
"Mon Aug 19 2024 13:05:00 GMT+0530 (India Standard Time)","6803.75","6803.90","6800.00","6803.60"
"Mon Aug 19 2024 13:10:00 GMT+0530 (India Standard Time)","6803.60","6803.90","6800.00","6803.90"
"Mon Aug 19 2024 13:15:00 GMT+0530 (India Standard Time)","6803.90","6817.75","6800.00","6817.70"
"Mon Aug 19 2024 13:20:00 GMT+0530 (India Standard Time)","6817.70","6847.50","6817.15","6835.55"
"Mon Aug 19 2024 13:25:00 GMT+0530 (India Standard Time)","6835.40","6836.90","6821.55","6829.10"
"Mon Aug 19 2024 13:30:00 GMT+0530 (India Standard Time)","6822.00","6827.40","6821.00","6821.70"
"Mon Aug 19 2024 13:35:00 GMT+0530 (India Standard Time)","6821.70","6827.00","6817.50","6818.00"
"Mon Aug 19 2024 13:40:00 GMT+0530 (India Standard Time)","6818.00","6821.55","6810.00","6815.05"
"Mon Aug 19 2024 13:45:00 GMT+0530 (India Standard Time)","6815.05","6816.15","6810.10","6813.20"
"Mon Aug 19 2024 13:50:00 GMT+0530 (India Standard Time)","6813.15","6816.60","6810.30","6813.05"
"Mon Aug 19 2024 13:55:00 GMT+0530 (India Standard Time)","6815.00","6816.00","6812.00","6812.30"
"Mon Aug 19 2024 14:00:00 GMT+0530 (India Standard Time)","6815.70","6816.00","6812.00","6812.00"
"Mon Aug 19 2024 14:05:00 GMT+0530 (India Standard Time)","6812.00","6834.30","6811.05","6834.10"
"Mon Aug 19 2024 14:10:00 GMT+0530 (India Standard Time)","6834.70","6857.00","6834.70","6853.35"
"Mon Aug 19 2024 14:15:00 GMT+0530 (India Standard Time)","6853.35","6861.95","6851.00","6856.25"
"Mon Aug 19 2024 14:20:00 GMT+0530 (India Standard Time)","6856.90","6863.00","6856.25","6860.55"
"Mon Aug 19 2024 14:25:00 GMT+0530 (India Standard Time)","6860.25","6872.00","6860.20","6868.30"
"Mon Aug 19 2024 14:30:00 GMT+0530 (India Standard Time)","6871.95","6872.00","6864.25","6865.15"
"Mon Aug 19 2024 14:35:00 GMT+0530 (India Standard Time)","6865.10","6869.90","6864.25","6865.45"
"Mon Aug 19 2024 14:40:00 GMT+0530 (India Standard Time)","6865.05","6872.10","6864.25","6872.00"
"Mon Aug 19 2024 14:45:00 GMT+0530 (India Standard Time)","6871.95","6898.00","6870.00","6897.90"
"Mon Aug 19 2024 14:50:00 GMT+0530 (India Standard Time)","6897.90","6971.00","6895.55","6957.60"
"Mon Aug 19 2024 14:55:00 GMT+0530 (India Standard Time)","6957.60","6959.10","6935.00","6935.15"
"Mon Aug 19 2024 15:00:00 GMT+0530 (India Standard Time)","6936.00","6941.00","6930.00","6930.05"
"Mon Aug 19 2024 15:05:00 GMT+0530 (India Standard Time)","6932.75","6940.00","6930.00","6937.00"
"Mon Aug 19 2024 15:10:00 GMT+0530 (India Standard Time)","6940.00","6940.20","6931.75","6936.95"
"Mon Aug 19 2024 15:15:00 GMT+0530 (India Standard Time)","6936.95","6939.00","6918.00","6920.00"
"Mon Aug 19 2024 15:20:00 GMT+0530 (India Standard Time)","6920.00","6923.95","6911.35","6918.00"
"Mon Aug 19 2024 15:25:00 GMT+0530 (India Standard Time)","6918.00","6928.95","6910.00","6928.00"
"Tue Aug 20 2024 09:15:00 GMT+0530 (India Standard Time)","6927.50","6965.00","6923.05","6929.80"
"Tue Aug 20 2024 09:20:00 GMT+0530 (India Standard Time)","6924.80","6929.80","6912.55","6915.00"
"Tue Aug 20 2024 09:25:00 GMT+0530 (India Standard Time)","6915.00","6925.40","6901.00","6921.85"
"Tue Aug 20 2024 09:30:00 GMT+0530 (India Standard Time)","6921.90","6926.00","6901.10","6906.95"
"Tue Aug 20 2024 09:35:00 GMT+0530 (India Standard Time)","6910.40","6938.30","6907.35","6923.70"
"Tue Aug 20 2024 09:40:00 GMT+0530 (India Standard Time)","6923.70","6927.00","6920.00","6923.05"
"Tue Aug 20 2024 09:45:00 GMT+0530 (India Standard Time)","6920.00","6923.00","6905.00","6906.50"
"Tue Aug 20 2024 09:50:00 GMT+0530 (India Standard Time)","6910.00","6911.65","6902.00","6907.95"
"Tue Aug 20 2024 09:55:00 GMT+0530 (India Standard Time)","6907.95","6923.00","6905.95","6923.00"
"Tue Aug 20 2024 10:00:00 GMT+0530 (India Standard Time)","6920.05","6937.95","6920.05","6933.70"
"Tue Aug 20 2024 10:05:00 GMT+0530 (India Standard Time)","6937.90","6939.90","6930.00","6938.00"
"Tue Aug 20 2024 10:10:00 GMT+0530 (India Standard Time)","6938.00","6961.85","6931.00","6959.05"
"Tue Aug 20 2024 10:15:00 GMT+0530 (India Standard Time)","6959.05","6960.00","6943.80","6943.80"
"Tue Aug 20 2024 10:20:00 GMT+0530 (India Standard Time)","6944.30","6960.00","6936.75","6955.00"
"Tue Aug 20 2024 10:25:00 GMT+0530 (India Standard Time)","6955.00","6958.05","6951.40","6955.00"
"Tue Aug 20 2024 10:30:00 GMT+0530 (India Standard Time)","6954.00","6957.95","6950.25","6951.75"
"Tue Aug 20 2024 10:35:00 GMT+0530 (India Standard Time)","6951.75","6955.00","6950.25","6955.00"
"Tue Aug 20 2024 10:40:00 GMT+0530 (India Standard Time)","6955.00","6980.00","6953.75","6974.65"
"Tue Aug 20 2024 10:45:00 GMT+0530 (India Standard Time)","6974.65","6974.90","6958.75","6969.90"
"Tue Aug 20 2024 10:50:00 GMT+0530 (India Standard Time)","6969.00","6974.00","6953.60","6960.00"
"Tue Aug 20 2024 10:55:00 GMT+0530 (India Standard Time)","6956.70","6960.00","6950.05","6951.15"
"Tue Aug 20 2024 11:00:00 GMT+0530 (India Standard Time)","6951.15","6960.00","6950.00","6959.05"
"Tue Aug 20 2024 11:05:00 GMT+0530 (India Standard Time)","6955.20","6958.40","6951.20","6951.20"
"Tue Aug 20 2024 11:10:00 GMT+0530 (India Standard Time)","6951.20","6957.70","6950.00","6953.45"
"Tue Aug 20 2024 11:15:00 GMT+0530 (India Standard Time)","6953.45","6960.00","6945.00","6947.75"
"Tue Aug 20 2024 11:20:00 GMT+0530 (India Standard Time)","6947.75","6947.75","6931.60","6940.45"
"Tue Aug 20 2024 11:25:00 GMT+0530 (India Standard Time)","6933.65","6941.00","6932.60","6936.35"
"Tue Aug 20 2024 11:30:00 GMT+0530 (India Standard Time)","6936.35","6942.50","6936.00","6938.00"
"Tue Aug 20 2024 11:35:00 GMT+0530 (India Standard Time)","6938.00","6946.50","6936.00","6940.15"
"Tue Aug 20 2024 11:40:00 GMT+0530 (India Standard Time)","6936.55","6941.50","6936.00","6936.00"
"Tue Aug 20 2024 11:45:00 GMT+0530 (India Standard Time)","6936.00","6944.40","6936.00","6938.70"
"Tue Aug 20 2024 11:50:00 GMT+0530 (India Standard Time)","6938.70","6942.75","6923.00","6926.25"
"Tue Aug 20 2024 11:55:00 GMT+0530 (India Standard Time)","6926.25","6935.85","6925.30","6928.75"
"Tue Aug 20 2024 12:00:00 GMT+0530 (India Standard Time)","6932.90","6935.25","6929.00","6930.00"
"Tue Aug 20 2024 12:05:00 GMT+0530 (India Standard Time)","6930.00","6937.95","6927.00","6933.05"
"Tue Aug 20 2024 12:10:00 GMT+0530 (India Standard Time)","6933.05","6936.80","6931.05","6931.05"
"Tue Aug 20 2024 12:15:00 GMT+0530 (India Standard Time)","6934.60","6940.00","6928.15","6940.00"
"Tue Aug 20 2024 12:20:00 GMT+0530 (India Standard Time)","6936.40","6944.95","6932.90","6934.00"
"Tue Aug 20 2024 12:25:00 GMT+0530 (India Standard Time)","6934.00","6936.00","6928.25","6930.30"
"Tue Aug 20 2024 12:30:00 GMT+0530 (India Standard Time)","6930.30","6947.40","6930.00","6947.35"
"Tue Aug 20 2024 12:35:00 GMT+0530 (India Standard Time)","6947.35","6960.00","6945.05","6956.45"
"Tue Aug 20 2024 12:40:00 GMT+0530 (India Standard Time)","6956.45","6960.00","6940.05","6946.90"
"Tue Aug 20 2024 12:45:00 GMT+0530 (India Standard Time)","6946.90","6949.00","6940.95","6943.60"
"Tue Aug 20 2024 12:50:00 GMT+0530 (India Standard Time)","6943.35","6947.65","6940.00","6940.10"
"Tue Aug 20 2024 12:55:00 GMT+0530 (India Standard Time)","6945.50","6945.50","6925.00","6925.40"
"Tue Aug 20 2024 13:00:00 GMT+0530 (India Standard Time)","6925.40","6930.55","6915.60","6917.00"
"Tue Aug 20 2024 13:05:00 GMT+0530 (India Standard Time)","6917.00","6920.35","6910.05","6912.65"
"Tue Aug 20 2024 13:10:00 GMT+0530 (India Standard Time)","6912.65","6920.55","6912.60","6914.05"
"Tue Aug 20 2024 13:15:00 GMT+0530 (India Standard Time)","6914.05","6919.00","6914.05","6916.35"
"Tue Aug 20 2024 13:20:00 GMT+0530 (India Standard Time)","6916.35","6920.00","6915.00","6915.00"
"Tue Aug 20 2024 13:25:00 GMT+0530 (India Standard Time)","6915.00","6918.00","6914.00","6914.10"
"Tue Aug 20 2024 13:30:00 GMT+0530 (India Standard Time)","6914.10","6919.95","6914.00","6919.50"
"Tue Aug 20 2024 13:35:00 GMT+0530 (India Standard Time)","6919.90","6919.95","6913.90","6913.90"
"Tue Aug 20 2024 13:40:00 GMT+0530 (India Standard Time)","6914.00","6917.50","6905.25","6912.30"
"Tue Aug 20 2024 13:45:00 GMT+0530 (India Standard Time)","6912.30","6912.30","6904.00","6911.90"
"Tue Aug 20 2024 13:50:00 GMT+0530 (India Standard Time)","6911.90","6925.00","6902.50","6918.15"
"Tue Aug 20 2024 13:55:00 GMT+0530 (India Standard Time)","6918.15","6926.50","6918.15","6922.05"
"Tue Aug 20 2024 14:00:00 GMT+0530 (India Standard Time)","6925.05","6925.75","6920.00","6920.00"
"Tue Aug 20 2024 14:05:00 GMT+0530 (India Standard Time)","6920.90","6923.15","6917.00","6917.00"
"Tue Aug 20 2024 14:10:00 GMT+0530 (India Standard Time)","6917.00","6922.40","6912.00","6914.90"
"Tue Aug 20 2024 14:15:00 GMT+0530 (India Standard Time)","6918.90","6919.80","6907.60","6911.00"
"Tue Aug 20 2024 14:20:00 GMT+0530 (India Standard Time)","6907.40","6923.65","6905.05","6919.45"
"Tue Aug 20 2024 14:25:00 GMT+0530 (India Standard Time)","6919.45","6932.00","6915.85","6928.00"
"Tue Aug 20 2024 14:30:00 GMT+0530 (India Standard Time)","6930.00","6933.00","6927.60","6930.15"
"Tue Aug 20 2024 14:35:00 GMT+0530 (India Standard Time)","6930.15","6938.65","6930.15","6938.65"
"Tue Aug 20 2024 14:40:00 GMT+0530 (India Standard Time)","6934.05","6937.85","6932.25","6933.90"
"Tue Aug 20 2024 14:45:00 GMT+0530 (India Standard Time)","6933.90","6948.50","6933.85","6939.85"
"Tue Aug 20 2024 14:50:00 GMT+0530 (India Standard Time)","6939.85","6943.90","6930.35","6936.95"
"Tue Aug 20 2024 14:55:00 GMT+0530 (India Standard Time)","6932.35","6937.00","6929.90","6930.00"
"Tue Aug 20 2024 15:00:00 GMT+0530 (India Standard Time)","6930.00","6947.00","6930.00","6943.55"
"Tue Aug 20 2024 15:05:00 GMT+0530 (India Standard Time)","6943.60","6949.95","6931.15","6937.95"
"Tue Aug 20 2024 15:10:00 GMT+0530 (India Standard Time)","6937.20","6940.30","6926.10","6933.55"
"Tue Aug 20 2024 15:15:00 GMT+0530 (India Standard Time)","6933.55","6935.35","6902.90","6922.95"
"Tue Aug 20 2024 15:20:00 GMT+0530 (India Standard Time)","6923.25","6929.20","6915.10","6921.90"
"Tue Aug 20 2024 15:25:00 GMT+0530 (India Standard Time)","6921.90","6928.00","6911.00","6925.00"
"Wed Aug 21 2024 09:15:00 GMT+0530 (India Standard Time)","6930.00","6950.00","6916.85","6944.35"
"Wed Aug 21 2024 09:20:00 GMT+0530 (India Standard Time)","6944.40","6948.50","6940.00","6944.00"
"Wed Aug 21 2024 09:25:00 GMT+0530 (India Standard Time)","6944.00","6947.00","6927.90","6927.90"
"Wed Aug 21 2024 09:30:00 GMT+0530 (India Standard Time)","6931.95","6944.95","6929.80","6940.10"
"Wed Aug 21 2024 09:35:00 GMT+0530 (India Standard Time)","6939.05","6944.10","6930.15","6933.00"
"Wed Aug 21 2024 09:40:00 GMT+0530 (India Standard Time)","6934.10","6938.50","6927.95","6934.05"
"Wed Aug 21 2024 09:45:00 GMT+0530 (India Standard Time)","6934.05","6945.00","6928.05","6940.75"
"Wed Aug 21 2024 09:50:00 GMT+0530 (India Standard Time)","6941.15","6947.00","6933.05","6933.05"
"Wed Aug 21 2024 09:55:00 GMT+0530 (India Standard Time)","6933.05","6940.00","6933.05","6937.85"
"Wed Aug 21 2024 10:00:00 GMT+0530 (India Standard Time)","6937.85","6937.95","6922.35","6934.35"
"Wed Aug 21 2024 10:05:00 GMT+0530 (India Standard Time)","6934.35","6934.35","6922.50","6930.80"
"Wed Aug 21 2024 10:10:00 GMT+0530 (India Standard Time)","6930.80","6936.00","6930.75","6932.70"
"Wed Aug 21 2024 10:15:00 GMT+0530 (India Standard Time)","6931.00","6932.70","6926.65","6931.65"
"Wed Aug 21 2024 10:20:00 GMT+0530 (India Standard Time)","6931.65","6931.70","6926.65","6930.00"
"Wed Aug 21 2024 10:25:00 GMT+0530 (India Standard Time)","6930.00","6933.00","6926.25","6928.90"
"Wed Aug 21 2024 10:30:00 GMT+0530 (India Standard Time)","6928.60","6929.85","6920.00","6920.00"
"Wed Aug 21 2024 10:35:00 GMT+0530 (India Standard Time)","6920.00","6927.10","6917.30","6925.90"
"Wed Aug 21 2024 10:40:00 GMT+0530 (India Standard Time)","6923.00","6930.00","6923.00","6924.00"
"Wed Aug 21 2024 10:45:00 GMT+0530 (India Standard Time)","6924.00","6930.00","6916.10","6927.10"
"Wed Aug 21 2024 10:50:00 GMT+0530 (India Standard Time)","6927.10","6949.95","6927.10","6941.10"
"Wed Aug 21 2024 10:55:00 GMT+0530 (India Standard Time)","6941.10","6970.15","6939.00","6955.25"
"Wed Aug 21 2024 11:00:00 GMT+0530 (India Standard Time)","6960.35","6969.50","6957.45","6969.50"
"Wed Aug 21 2024 11:05:00 GMT+0530 (India Standard Time)","6969.50","6990.00","6967.35","6984.85"
"Wed Aug 21 2024 11:10:00 GMT+0530 (India Standard Time)","6983.00","6992.95","6972.50","6974.85"
"Wed Aug 21 2024 11:15:00 GMT+0530 (India Standard Time)","6974.90","6980.00","6955.50","6962.75"
"Wed Aug 21 2024 11:20:00 GMT+0530 (India Standard Time)","6962.75","6963.80","6952.45","6962.00"
"Wed Aug 21 2024 11:25:00 GMT+0530 (India Standard Time)","6962.00","6965.00","6955.00","6961.05"
"Wed Aug 21 2024 11:30:00 GMT+0530 (India Standard Time)","6961.05","6969.95","6947.80","6963.55"
"Wed Aug 21 2024 11:35:00 GMT+0530 (India Standard Time)","6963.55","6972.75","6958.15","6968.15"
"Wed Aug 21 2024 11:40:00 GMT+0530 (India Standard Time)","6968.15","6970.05","6960.10","6968.40"
"Wed Aug 21 2024 11:45:00 GMT+0530 (India Standard Time)","6968.40","6973.00","6966.75","6972.70"
"Wed Aug 21 2024 11:50:00 GMT+0530 (India Standard Time)","6968.25","6971.95","6965.10","6965.80"
"Wed Aug 21 2024 11:55:00 GMT+0530 (India Standard Time)","6965.80","6969.60","6960.00","6965.00"
"Wed Aug 21 2024 12:00:00 GMT+0530 (India Standard Time)","6965.00","6975.00","6960.00","6971.45"
"Wed Aug 21 2024 12:05:00 GMT+0530 (India Standard Time)","6967.05","6971.50","6965.20","6967.30"
"Wed Aug 21 2024 12:10:00 GMT+0530 (India Standard Time)","6969.90","6969.90","6954.55","6955.00"
"Wed Aug 21 2024 12:15:00 GMT+0530 (India Standard Time)","6955.00","6966.30","6954.00","6955.00"
"Wed Aug 21 2024 12:20:00 GMT+0530 (India Standard Time)","6955.00","6958.65","6950.00","6951.00"
"Wed Aug 21 2024 12:25:00 GMT+0530 (India Standard Time)","6951.00","6954.00","6950.00","6950.20"
"Wed Aug 21 2024 12:30:00 GMT+0530 (India Standard Time)","6950.20","6954.00","6947.05","6948.00"
"Wed Aug 21 2024 12:35:00 GMT+0530 (India Standard Time)","6948.00","6954.00","6948.00","6950.00"
"Wed Aug 21 2024 12:40:00 GMT+0530 (India Standard Time)","6953.75","6954.00","6949.65","6953.75"
"Wed Aug 21 2024 12:45:00 GMT+0530 (India Standard Time)","6953.75","6953.75","6950.05","6950.05"
"Wed Aug 21 2024 12:50:00 GMT+0530 (India Standard Time)","6950.05","6953.00","6947.05","6951.25"
"Wed Aug 21 2024 12:55:00 GMT+0530 (India Standard Time)","6951.25","6951.75","6945.00","6945.00"
"Wed Aug 21 2024 13:00:00 GMT+0530 (India Standard Time)","6945.00","6950.00","6945.00","6949.30"
"Wed Aug 21 2024 13:05:00 GMT+0530 (India Standard Time)","6949.30","6949.75","6931.35","6935.00"
"Wed Aug 21 2024 13:10:00 GMT+0530 (India Standard Time)","6935.00","6936.25","6930.00","6934.80"
"Wed Aug 21 2024 13:15:00 GMT+0530 (India Standard Time)","6934.80","6935.25","6930.95","6934.45"
"Wed Aug 21 2024 13:20:00 GMT+0530 (India Standard Time)","6934.45","6935.00","6925.05","6926.35"
"Wed Aug 21 2024 13:25:00 GMT+0530 (India Standard Time)","6926.35","6926.35","6920.50","6925.00"
"Wed Aug 21 2024 13:30:00 GMT+0530 (India Standard Time)","6925.00","6927.70","6920.20","6922.60"
"Wed Aug 21 2024 13:35:00 GMT+0530 (India Standard Time)","6924.70","6924.70","6917.85","6920.90"
"Wed Aug 21 2024 13:40:00 GMT+0530 (India Standard Time)","6920.90","6921.50","6908.20","6920.40"
"Wed Aug 21 2024 13:45:00 GMT+0530 (India Standard Time)","6920.40","6922.05","6915.00","6919.90"
"Wed Aug 21 2024 13:50:00 GMT+0530 (India Standard Time)","6919.90","6920.40","6915.00","6920.00"
"Wed Aug 21 2024 13:55:00 GMT+0530 (India Standard Time)","6920.00","6925.00","6915.00","6915.05"
"Wed Aug 21 2024 14:00:00 GMT+0530 (India Standard Time)","6914.10","6921.60","6914.10","6919.95"
"Wed Aug 21 2024 14:05:00 GMT+0530 (India Standard Time)","6919.95","6920.00","6914.00","6917.50"
"Wed Aug 21 2024 14:10:00 GMT+0530 (India Standard Time)","6915.00","6918.95","6911.00","6911.00"
"Wed Aug 21 2024 14:15:00 GMT+0530 (India Standard Time)","6911.00","6915.95","6905.00","6908.20"
"Wed Aug 21 2024 14:20:00 GMT+0530 (India Standard Time)","6908.20","6908.50","6902.20","6904.00"
"Wed Aug 21 2024 14:25:00 GMT+0530 (India Standard Time)","6904.00","6907.75","6901.15","6906.00"
"Wed Aug 21 2024 14:30:00 GMT+0530 (India Standard Time)","6906.00","6907.75","6895.00","6900.00"
"Wed Aug 21 2024 14:35:00 GMT+0530 (India Standard Time)","6900.00","6915.10","6896.75","6906.85"
"Wed Aug 21 2024 14:40:00 GMT+0530 (India Standard Time)","6906.85","6913.45","6900.65","6902.25"
"Wed Aug 21 2024 14:45:00 GMT+0530 (India Standard Time)","6902.25","6907.60","6897.35","6900.05"
"Wed Aug 21 2024 14:50:00 GMT+0530 (India Standard Time)","6900.05","6904.60","6900.00","6901.50"
"Wed Aug 21 2024 14:55:00 GMT+0530 (India Standard Time)","6904.50","6906.85","6895.00","6895.05"
"Wed Aug 21 2024 15:00:00 GMT+0530 (India Standard Time)","6898.50","6916.00","6898.45","6914.00"
"Wed Aug 21 2024 15:05:00 GMT+0530 (India Standard Time)","6914.00","6924.05","6907.35","6923.05"
"Wed Aug 21 2024 15:10:00 GMT+0530 (India Standard Time)","6920.55","6929.00","6918.40","6929.00"
"Wed Aug 21 2024 15:15:00 GMT+0530 (India Standard Time)","6929.00","6929.00","6917.25","6927.75"
"Wed Aug 21 2024 15:20:00 GMT+0530 (India Standard Time)","6928.00","6943.45","6918.00","6943.40"
"Wed Aug 21 2024 15:25:00 GMT+0530 (India Standard Time)","6942.70","6949.75","6932.00","6941.00"
"Thu Aug 22 2024 09:15:00 GMT+0530 (India Standard Time)","6947.70","6970.00","6938.85","6959.05"
"Thu Aug 22 2024 09:20:00 GMT+0530 (India Standard Time)","6959.05","6985.00","6955.85","6982.00"
"Thu Aug 22 2024 09:25:00 GMT+0530 (India Standard Time)","6982.00","6982.00","6965.00","6968.00"
"Thu Aug 22 2024 09:30:00 GMT+0530 (India Standard Time)","6972.80","6973.65","6960.00","6963.50"
"Thu Aug 22 2024 09:35:00 GMT+0530 (India Standard Time)","6963.50","6965.00","6960.50","6961.00"
"Thu Aug 22 2024 09:40:00 GMT+0530 (India Standard Time)","6961.00","6997.00","6960.15","6981.40"
"Thu Aug 22 2024 09:45:00 GMT+0530 (India Standard Time)","6981.40","6997.00","6970.00","6985.80"
"Thu Aug 22 2024 09:50:00 GMT+0530 (India Standard Time)","6985.80","7017.00","6971.65","7003.00"
"Thu Aug 22 2024 09:55:00 GMT+0530 (India Standard Time)","7004.05","7040.00","7004.05","7021.20"
"Thu Aug 22 2024 10:00:00 GMT+0530 (India Standard Time)","7021.20","7025.00","7006.10","7012.35"
"Thu Aug 22 2024 10:05:00 GMT+0530 (India Standard Time)","7011.55","7012.95","6975.05","6982.20"
"Thu Aug 22 2024 10:10:00 GMT+0530 (India Standard Time)","6983.20","6983.20","6970.05","6970.90"
"Thu Aug 22 2024 10:15:00 GMT+0530 (India Standard Time)","6974.80","6976.00","6960.85","6967.10"
"Thu Aug 22 2024 10:20:00 GMT+0530 (India Standard Time)","6967.60","6970.10","6961.30","6962.05"
"Thu Aug 22 2024 10:25:00 GMT+0530 (India Standard Time)","6962.05","6967.50","6961.00","6964.10"
"Thu Aug 22 2024 10:30:00 GMT+0530 (India Standard Time)","6960.40","6965.00","6960.10","6964.95"
"Thu Aug 22 2024 10:35:00 GMT+0530 (India Standard Time)","6964.95","6965.00","6960.05","6964.00"
"Thu Aug 22 2024 10:40:00 GMT+0530 (India Standard Time)","6964.00","6965.00","6960.05","6965.00"
"Thu Aug 22 2024 10:45:00 GMT+0530 (India Standard Time)","6965.00","6975.00","6964.05","6969.00"
"Thu Aug 22 2024 10:50:00 GMT+0530 (India Standard Time)","6969.00","6973.75","6966.45","6969.90"
"Thu Aug 22 2024 10:55:00 GMT+0530 (India Standard Time)","6969.45","6973.85","6966.45","6970.00"
"Thu Aug 22 2024 11:00:00 GMT+0530 (India Standard Time)","6970.00","6977.50","6968.25","6970.05"
"Thu Aug 22 2024 11:05:00 GMT+0530 (India Standard Time)","6970.10","6972.00","6965.00","6968.75"
"Thu Aug 22 2024 11:10:00 GMT+0530 (India Standard Time)","6970.00","6970.00","6962.25","6965.95"
"Thu Aug 22 2024 11:15:00 GMT+0530 (India Standard Time)","6965.35","6971.95","6962.30","6971.95"
"Thu Aug 22 2024 11:20:00 GMT+0530 (India Standard Time)","6971.95","6971.95","6965.00","6966.30"
"Thu Aug 22 2024 11:25:00 GMT+0530 (India Standard Time)","6966.30","6970.00","6966.00","6966.35"
"Thu Aug 22 2024 11:30:00 GMT+0530 (India Standard Time)","6966.35","6972.00","6960.05","6965.00"
"Thu Aug 22 2024 11:35:00 GMT+0530 (India Standard Time)","6965.00","6965.00","6960.00","6961.00"
"Thu Aug 22 2024 11:40:00 GMT+0530 (India Standard Time)","6961.00","6965.00","6960.00","6962.00"
"Thu Aug 22 2024 11:45:00 GMT+0530 (India Standard Time)","6962.00","6965.00","6953.00","6953.00"
"Thu Aug 22 2024 11:50:00 GMT+0530 (India Standard Time)","6953.20","6964.95","6953.20","6964.20"
"Thu Aug 22 2024 11:55:00 GMT+0530 (India Standard Time)","6964.20","6965.00","6957.00","6958.00"
"Thu Aug 22 2024 12:00:00 GMT+0530 (India Standard Time)","6957.00","6962.05","6950.00","6954.95"
"Thu Aug 22 2024 12:05:00 GMT+0530 (India Standard Time)","6954.95","6961.00","6950.00","6960.00"
"Thu Aug 22 2024 12:10:00 GMT+0530 (India Standard Time)","6960.00","6961.00","6953.00","6959.00"
"Thu Aug 22 2024 12:15:00 GMT+0530 (India Standard Time)","6959.00","6959.95","6955.00","6959.95"
"Thu Aug 22 2024 12:20:00 GMT+0530 (India Standard Time)","6959.30","6964.20","6955.00","6957.55"
"Thu Aug 22 2024 12:25:00 GMT+0530 (India Standard Time)","6957.55","6963.10","6953.00","6960.00"
"Thu Aug 22 2024 12:30:00 GMT+0530 (India Standard Time)","6960.25","6960.25","6952.00","6955.00"
"Thu Aug 22 2024 12:35:00 GMT+0530 (India Standard Time)","6955.00","6956.00","6948.05","6948.70"
"Thu Aug 22 2024 12:40:00 GMT+0530 (India Standard Time)","6948.70","6956.00","6946.00","6956.00"
"Thu Aug 22 2024 12:45:00 GMT+0530 (India Standard Time)","6956.00","6956.35","6951.20","6952.60"
"Thu Aug 22 2024 12:50:00 GMT+0530 (India Standard Time)","6952.60","6957.00","6950.00","6955.00"
"Thu Aug 22 2024 12:55:00 GMT+0530 (India Standard Time)","6955.00","6955.00","6950.00","6955.00"
"Thu Aug 22 2024 13:00:00 GMT+0530 (India Standard Time)","6955.00","6964.00","6950.00","6958.20"
"Thu Aug 22 2024 13:05:00 GMT+0530 (India Standard Time)","6958.20","6960.95","6943.95","6945.00"
"Thu Aug 22 2024 13:10:00 GMT+0530 (India Standard Time)","6945.00","6946.80","6942.70","6942.95"
"Thu Aug 22 2024 13:15:00 GMT+0530 (India Standard Time)","6942.95","6947.25","6940.05","6944.75"
"Thu Aug 22 2024 13:20:00 GMT+0530 (India Standard Time)","6941.05","6947.45","6940.05","6940.05"
"Thu Aug 22 2024 13:25:00 GMT+0530 (India Standard Time)","6940.05","6943.60","6934.05","6934.05"
"Thu Aug 22 2024 13:30:00 GMT+0530 (India Standard Time)","6934.05","6936.95","6920.05","6920.65"
"Thu Aug 22 2024 13:35:00 GMT+0530 (India Standard Time)","6920.65","6930.50","6920.05","6925.00"
"Thu Aug 22 2024 13:40:00 GMT+0530 (India Standard Time)","6923.50","6927.00","6920.00","6920.60"
"Thu Aug 22 2024 13:45:00 GMT+0530 (India Standard Time)","6920.60","6926.90","6920.00","6921.35"
"Thu Aug 22 2024 13:50:00 GMT+0530 (India Standard Time)","6920.95","6925.85","6920.80","6925.85"
"Thu Aug 22 2024 13:55:00 GMT+0530 (India Standard Time)","6921.55","6927.00","6921.50","6923.70"
"Thu Aug 22 2024 14:00:00 GMT+0530 (India Standard Time)","6923.55","6926.30","6920.00","6924.00"
"Thu Aug 22 2024 14:05:00 GMT+0530 (India Standard Time)","6921.00","6926.50","6920.00","6925.35"
"Thu Aug 22 2024 14:10:00 GMT+0530 (India Standard Time)","6922.05","6934.70","6922.05","6934.70"
"Thu Aug 22 2024 14:15:00 GMT+0530 (India Standard Time)","6935.00","6942.50","6933.35","6936.90"
"Thu Aug 22 2024 14:20:00 GMT+0530 (India Standard Time)","6936.10","6942.85","6922.50","6929.80"
"Thu Aug 22 2024 14:25:00 GMT+0530 (India Standard Time)","6926.80","6930.85","6921.90","6926.00"
"Thu Aug 22 2024 14:30:00 GMT+0530 (India Standard Time)","6923.15","6949.95","6923.15","6949.95"
"Thu Aug 22 2024 14:35:00 GMT+0530 (India Standard Time)","6949.95","6964.95","6949.95","6963.65"
"Thu Aug 22 2024 14:40:00 GMT+0530 (India Standard Time)","6963.00","6963.65","6951.65","6951.65"
"Thu Aug 22 2024 14:45:00 GMT+0530 (India Standard Time)","6951.65","6961.90","6951.65","6958.00"
"Thu Aug 22 2024 14:50:00 GMT+0530 (India Standard Time)","6958.00","6960.90","6957.65","6960.90"
"Thu Aug 22 2024 14:55:00 GMT+0530 (India Standard Time)","6960.90","6961.00","6955.00","6956.60"
"Thu Aug 22 2024 15:00:00 GMT+0530 (India Standard Time)","6956.60","6975.00","6955.10","6972.30"
"Thu Aug 22 2024 15:05:00 GMT+0530 (India Standard Time)","6972.95","6975.00","6965.00","6968.30"
"Thu Aug 22 2024 15:10:00 GMT+0530 (India Standard Time)","6968.30","6977.80","6964.75","6964.75"
"Thu Aug 22 2024 15:15:00 GMT+0530 (India Standard Time)","6964.75","6965.40","6951.00","6962.75"
"Thu Aug 22 2024 15:20:00 GMT+0530 (India Standard Time)","6962.80","6964.65","6952.00","6961.00"
"Thu Aug 22 2024 15:25:00 GMT+0530 (India Standard Time)","6961.00","6964.00","6929.10","6949.50"
"Fri Aug 23 2024 09:15:00 GMT+0530 (India Standard Time)","6975.00","7000.00","6968.55","6984.50"
"Fri Aug 23 2024 09:20:00 GMT+0530 (India Standard Time)","6987.00","6995.25","6978.35","6989.65"
"Fri Aug 23 2024 09:25:00 GMT+0530 (India Standard Time)","6989.65","7019.20","6980.50","6993.70"
"Fri Aug 23 2024 09:30:00 GMT+0530 (India Standard Time)","6994.25","6997.50","6964.75","6969.00"
"Fri Aug 23 2024 09:35:00 GMT+0530 (India Standard Time)","6966.50","6971.55","6950.00","6955.50"
"Fri Aug 23 2024 09:40:00 GMT+0530 (India Standard Time)","6955.50","6964.95","6955.00","6960.00"
"Fri Aug 23 2024 09:45:00 GMT+0530 (India Standard Time)","6961.10","6961.10","6936.50","6950.90"
"Fri Aug 23 2024 09:50:00 GMT+0530 (India Standard Time)","6950.90","6954.80","6946.35","6953.50"
"Fri Aug 23 2024 09:55:00 GMT+0530 (India Standard Time)","6953.50","6957.50","6950.00","6954.30"
"Fri Aug 23 2024 10:00:00 GMT+0530 (India Standard Time)","6954.60","6954.95","6937.00","6938.00"
"Fri Aug 23 2024 10:05:00 GMT+0530 (India Standard Time)","6938.00","6950.00","6931.50","6935.35"
"Fri Aug 23 2024 10:10:00 GMT+0530 (India Standard Time)","6935.35","6942.35","6930.10","6936.65"
"Fri Aug 23 2024 10:15:00 GMT+0530 (India Standard Time)","6936.65","6956.00","6932.30","6949.00"
"Fri Aug 23 2024 10:20:00 GMT+0530 (India Standard Time)","6949.00","6965.00","6948.15","6959.95"
"Fri Aug 23 2024 10:25:00 GMT+0530 (India Standard Time)","6959.95","6959.95","6950.10","6958.45"
"Fri Aug 23 2024 10:30:00 GMT+0530 (India Standard Time)","6958.45","6958.45","6950.00","6954.20"
"Fri Aug 23 2024 10:35:00 GMT+0530 (India Standard Time)","6954.20","6958.45","6950.00","6956.40"
"Fri Aug 23 2024 10:40:00 GMT+0530 (India Standard Time)","6952.40","6957.65","6950.00","6951.05"
"Fri Aug 23 2024 10:45:00 GMT+0530 (India Standard Time)","6951.35","6957.85","6950.70","6953.55"
"Fri Aug 23 2024 10:50:00 GMT+0530 (India Standard Time)","6953.55","6958.10","6950.00","6955.00"
"Fri Aug 23 2024 10:55:00 GMT+0530 (India Standard Time)","6955.00","6958.00","6948.05","6954.85"
"Fri Aug 23 2024 11:00:00 GMT+0530 (India Standard Time)","6954.85","6957.95","6950.00","6952.90"
"Fri Aug 23 2024 11:05:00 GMT+0530 (India Standard Time)","6952.90","6958.40","6950.00","6950.10"
"Fri Aug 23 2024 11:10:00 GMT+0530 (India Standard Time)","6950.10","6957.60","6950.10","6957.40"
"Fri Aug 23 2024 11:15:00 GMT+0530 (India Standard Time)","6957.40","6958.45","6950.00","6958.40"
"Fri Aug 23 2024 11:20:00 GMT+0530 (India Standard Time)","6958.40","6961.95","6955.00","6955.00"
"Fri Aug 23 2024 11:25:00 GMT+0530 (India Standard Time)","6955.00","6962.95","6955.00","6960.00"
"Fri Aug 23 2024 11:30:00 GMT+0530 (India Standard Time)","6963.00","6968.00","6960.00","6968.00"
"Fri Aug 23 2024 11:35:00 GMT+0530 (India Standard Time)","6968.00","6973.30","6960.00","6973.30"
"Fri Aug 23 2024 11:40:00 GMT+0530 (India Standard Time)","6977.45","6977.45","6965.00","6965.00"
"Fri Aug 23 2024 11:45:00 GMT+0530 (India Standard Time)","6965.00","6969.70","6962.00","6962.00"
"Fri Aug 23 2024 11:50:00 GMT+0530 (India Standard Time)","6962.00","6972.90","6962.00","6972.90"
"Fri Aug 23 2024 11:55:00 GMT+0530 (India Standard Time)","6974.05","6982.15","6971.05","6979.95"
"Fri Aug 23 2024 12:00:00 GMT+0530 (India Standard Time)","6980.00","6982.75","6976.05","6980.00"
"Fri Aug 23 2024 12:05:00 GMT+0530 (India Standard Time)","6980.00","6980.10","6969.90","6980.00"
"Fri Aug 23 2024 12:10:00 GMT+0530 (India Standard Time)","6980.00","6980.90","6975.00","6979.95"
"Fri Aug 23 2024 12:15:00 GMT+0530 (India Standard Time)","6979.95","6980.05","6975.20","6980.05"
"Fri Aug 23 2024 12:20:00 GMT+0530 (India Standard Time)","6980.00","6982.95","6975.00","6976.20"
"Fri Aug 23 2024 12:25:00 GMT+0530 (India Standard Time)","6976.20","6982.35","6975.00","6981.50"
"Fri Aug 23 2024 12:30:00 GMT+0530 (India Standard Time)","6981.50","6985.00","6975.00","6978.00"
"Fri Aug 23 2024 12:35:00 GMT+0530 (India Standard Time)","6980.00","6982.05","6975.05","6980.00"
"Fri Aug 23 2024 12:40:00 GMT+0530 (India Standard Time)","6978.00","6982.25","6975.45","6980.00"
"Fri Aug 23 2024 12:45:00 GMT+0530 (India Standard Time)","6980.00","6980.00","6970.00","6974.40"
"Fri Aug 23 2024 12:50:00 GMT+0530 (India Standard Time)","6974.40","6982.50","6969.35","6980.00"
"Fri Aug 23 2024 12:55:00 GMT+0530 (India Standard Time)","6982.45","6986.50","6976.85","6980.05"
"Fri Aug 23 2024 13:00:00 GMT+0530 (India Standard Time)","6980.05","6998.90","6970.10","6978.70"
"Fri Aug 23 2024 13:05:00 GMT+0530 (India Standard Time)","6978.70","6980.00","6970.10","6975.45"
"Fri Aug 23 2024 13:10:00 GMT+0530 (India Standard Time)","6975.45","6981.00","6972.05","6980.00"
"Fri Aug 23 2024 13:15:00 GMT+0530 (India Standard Time)","6980.00","6984.90","6971.75","6977.80"
"Fri Aug 23 2024 13:20:00 GMT+0530 (India Standard Time)","6977.80","6985.20","6972.05","6980.00"
"Fri Aug 23 2024 13:25:00 GMT+0530 (India Standard Time)","6980.00","6999.00","6980.00","6994.30"
"Fri Aug 23 2024 13:30:00 GMT+0530 (India Standard Time)","6999.05","7009.60","6994.00","7009.00"
"Fri Aug 23 2024 13:35:00 GMT+0530 (India Standard Time)","7009.00","7020.00","7005.05","7016.05"
"Fri Aug 23 2024 13:40:00 GMT+0530 (India Standard Time)","7019.85","7029.85","7011.25","7029.85"
"Fri Aug 23 2024 13:45:00 GMT+0530 (India Standard Time)","7029.85","7090.00","7029.85","7090.00"
"Fri Aug 23 2024 13:50:00 GMT+0530 (India Standard Time)","7090.10","7093.00","7060.00","7070.00"
"Fri Aug 23 2024 13:55:00 GMT+0530 (India Standard Time)","7070.00","7089.70","7044.90","7089.00"
"Fri Aug 23 2024 14:00:00 GMT+0530 (India Standard Time)","7089.00","7089.00","7075.00","7076.95"
"Fri Aug 23 2024 14:05:00 GMT+0530 (India Standard Time)","7076.95","7093.00","7075.00","7076.50"
"Fri Aug 23 2024 14:10:00 GMT+0530 (India Standard Time)","7080.00","7097.70","7075.10","7097.70"
"Fri Aug 23 2024 14:15:00 GMT+0530 (India Standard Time)","7096.00","7139.00","7091.15","7120.00"
"Fri Aug 23 2024 14:20:00 GMT+0530 (India Standard Time)","7120.00","7130.00","7110.00","7115.10"
"Fri Aug 23 2024 14:25:00 GMT+0530 (India Standard Time)","7115.10","7121.40","7110.00","7118.00"
"Fri Aug 23 2024 14:30:00 GMT+0530 (India Standard Time)","7118.00","7120.00","7105.00","7110.90"
"Fri Aug 23 2024 14:35:00 GMT+0530 (India Standard Time)","7110.90","7113.15","7099.90","7100.10"
"Fri Aug 23 2024 14:40:00 GMT+0530 (India Standard Time)","7100.00","7106.00","7100.00","7101.00"
"Fri Aug 23 2024 14:45:00 GMT+0530 (India Standard Time)","7100.00","7111.00","7085.15","7085.15"
"Fri Aug 23 2024 14:50:00 GMT+0530 (India Standard Time)","7089.75","7095.00","7085.00","7092.40"
"Fri Aug 23 2024 14:55:00 GMT+0530 (India Standard Time)","7088.35","7115.00","7087.00","7115.00"
"Fri Aug 23 2024 15:00:00 GMT+0530 (India Standard Time)","7115.00","7117.40","7110.00","7111.00"
"Fri Aug 23 2024 15:05:00 GMT+0530 (India Standard Time)","7111.00","7112.90","7096.15","7101.15"
"Fri Aug 23 2024 15:10:00 GMT+0530 (India Standard Time)","7103.00","7103.95","7075.00","7080.00"
"Fri Aug 23 2024 15:15:00 GMT+0530 (India Standard Time)","7080.00","7094.00","7071.00","7089.50"
"Fri Aug 23 2024 15:20:00 GMT+0530 (India Standard Time)","7089.50","7089.50","7062.00","7070.00"
"Fri Aug 23 2024 15:25:00 GMT+0530 (India Standard Time)","7069.55","7082.95","7065.00","7078.00"
"Mon Aug 26 2024 09:15:00 GMT+0530 (India Standard Time)","7149.00","7149.00","7103.00","7133.40"
"Mon Aug 26 2024 09:20:00 GMT+0530 (India Standard Time)","7133.40","7146.55","7125.60","7140.00"
"Mon Aug 26 2024 09:25:00 GMT+0530 (India Standard Time)","7140.00","7173.40","7138.90","7166.90"
"Mon Aug 26 2024 09:30:00 GMT+0530 (India Standard Time)","7169.00","7172.40","7153.35","7163.00"
"Mon Aug 26 2024 09:35:00 GMT+0530 (India Standard Time)","7163.00","7217.00","7158.00","7209.65"
"Mon Aug 26 2024 09:40:00 GMT+0530 (India Standard Time)","7209.30","7235.00","7195.95","7216.95"
"Mon Aug 26 2024 09:45:00 GMT+0530 (India Standard Time)","7220.00","7224.85","7208.00","7216.50"
"Mon Aug 26 2024 09:50:00 GMT+0530 (India Standard Time)","7219.00","7219.00","7207.00","7215.90"
"Mon Aug 26 2024 09:55:00 GMT+0530 (India Standard Time)","7215.90","7241.00","7212.65","7236.25"
"Mon Aug 26 2024 10:00:00 GMT+0530 (India Standard Time)","7236.25","7242.50","7220.80","7232.05"
"Mon Aug 26 2024 10:05:00 GMT+0530 (India Standard Time)","7232.05","7244.75","7225.00","7232.00"
"Mon Aug 26 2024 10:10:00 GMT+0530 (India Standard Time)","7232.00","7244.00","7222.25","7241.00"
"Mon Aug 26 2024 10:15:00 GMT+0530 (India Standard Time)","7241.00","7247.40","7231.10","7244.40"
"Mon Aug 26 2024 10:20:00 GMT+0530 (India Standard Time)","7244.40","7244.40","7228.10","7232.95"
"Mon Aug 26 2024 10:25:00 GMT+0530 (India Standard Time)","7230.00","7244.00","7225.00","7232.75"
"Mon Aug 26 2024 10:30:00 GMT+0530 (India Standard Time)","7232.75","7244.00","7228.30","7241.85"
"Mon Aug 26 2024 10:35:00 GMT+0530 (India Standard Time)","7242.90","7268.00","7235.00","7259.95"
"Mon Aug 26 2024 10:40:00 GMT+0530 (India Standard Time)","7258.70","7289.00","7257.50","7274.20"
"Mon Aug 26 2024 10:45:00 GMT+0530 (India Standard Time)","7275.80","7298.00","7266.00","7295.75"
"Mon Aug 26 2024 10:50:00 GMT+0530 (India Standard Time)","7295.00","7329.45","7285.00","7312.50"
"Mon Aug 26 2024 10:55:00 GMT+0530 (India Standard Time)","7312.70","7326.00","7300.00","7312.50"
"Mon Aug 26 2024 11:00:00 GMT+0530 (India Standard Time)","7315.00","7315.00","7304.55","7305.00"
"Mon Aug 26 2024 11:05:00 GMT+0530 (India Standard Time)","7305.00","7318.00","7299.60","7308.65"
"Mon Aug 26 2024 11:10:00 GMT+0530 (India Standard Time)","7305.00","7329.00","7305.00","7325.00"
"Mon Aug 26 2024 11:15:00 GMT+0530 (India Standard Time)","7325.75","7329.00","7312.30","7321.00"
"Mon Aug 26 2024 11:20:00 GMT+0530 (India Standard Time)","7321.00","7328.15","7295.05","7300.00"
"Mon Aug 26 2024 11:25:00 GMT+0530 (India Standard Time)","7302.50","7304.00","7282.05","7282.70"
"Mon Aug 26 2024 11:30:00 GMT+0530 (India Standard Time)","7283.00","7286.95","7274.00","7275.20"
"Mon Aug 26 2024 11:35:00 GMT+0530 (India Standard Time)","7275.00","7290.00","7275.00","7284.95"
"Mon Aug 26 2024 11:40:00 GMT+0530 (India Standard Time)","7285.00","7299.00","7283.20","7291.65"
"Mon Aug 26 2024 11:45:00 GMT+0530 (India Standard Time)","7290.95","7344.25","7286.05","7344.00"
"Mon Aug 26 2024 11:50:00 GMT+0530 (India Standard Time)","7343.20","7374.80","7343.20","7361.60"
"Mon Aug 26 2024 11:55:00 GMT+0530 (India Standard Time)","7361.60","7409.50","7361.15","7403.25"
"Mon Aug 26 2024 12:00:00 GMT+0530 (India Standard Time)","7406.00","7419.00","7330.60","7342.50"
"Mon Aug 26 2024 12:05:00 GMT+0530 (India Standard Time)","7331.00","7331.00","7288.85","7310.80"
"Mon Aug 26 2024 12:10:00 GMT+0530 (India Standard Time)","7315.00","7318.00","7298.85","7298.85"
"Mon Aug 26 2024 12:15:00 GMT+0530 (India Standard Time)","7301.10","7317.00","7289.00","7303.65"
"Mon Aug 26 2024 12:20:00 GMT+0530 (India Standard Time)","7303.65","7325.00","7295.95","7317.70"
"Mon Aug 26 2024 12:25:00 GMT+0530 (India Standard Time)","7317.70","7367.75","7310.05","7353.35"
"Mon Aug 26 2024 12:30:00 GMT+0530 (India Standard Time)","7355.00","7373.95","7350.00","7354.00"
"Mon Aug 26 2024 12:35:00 GMT+0530 (India Standard Time)","7354.00","7360.00","7331.60","7334.15"
"Mon Aug 26 2024 12:40:00 GMT+0530 (India Standard Time)","7334.15","7350.00","7325.00","7347.00"
"Mon Aug 26 2024 12:45:00 GMT+0530 (India Standard Time)","7347.00","7354.00","7338.00","7344.55"
"Mon Aug 26 2024 12:50:00 GMT+0530 (India Standard Time)","7344.55","7349.95","7340.00","7343.00"
"Mon Aug 26 2024 12:55:00 GMT+0530 (India Standard Time)","7343.00","7345.00","7337.90","7343.50"
"Mon Aug 26 2024 13:00:00 GMT+0530 (India Standard Time)","7340.00","7345.00","7335.00","7340.00"
"Mon Aug 26 2024 13:05:00 GMT+0530 (India Standard Time)","7342.00","7366.50","7340.00","7359.70"
"Mon Aug 26 2024 13:10:00 GMT+0530 (India Standard Time)","7359.70","7359.90","7350.00","7351.00"
"Mon Aug 26 2024 13:15:00 GMT+0530 (India Standard Time)","7354.20","7356.95","7348.00","7350.00"
"Mon Aug 26 2024 13:20:00 GMT+0530 (India Standard Time)","7350.00","7353.90","7350.00","7350.00"
"Mon Aug 26 2024 13:25:00 GMT+0530 (India Standard Time)","7350.00","7355.95","7350.00","7350.00"
"Mon Aug 26 2024 13:30:00 GMT+0530 (India Standard Time)","7350.00","7351.00","7349.95","7350.05"
"Mon Aug 26 2024 13:35:00 GMT+0530 (India Standard Time)","7350.05","7373.65","7350.00","7373.65"
"Mon Aug 26 2024 13:40:00 GMT+0530 (India Standard Time)","7373.65","7408.30","7368.00","7400.55"
"Mon Aug 26 2024 13:45:00 GMT+0530 (India Standard Time)","7400.55","7410.00","7381.05","7382.15"
"Mon Aug 26 2024 13:50:00 GMT+0530 (India Standard Time)","7380.35","7385.70","7363.00","7369.35"
"Mon Aug 26 2024 13:55:00 GMT+0530 (India Standard Time)","7366.10","7370.00","7351.00","7353.65"
"Mon Aug 26 2024 14:00:00 GMT+0530 (India Standard Time)","7358.30","7367.60","7350.00","7360.20"
"Mon Aug 26 2024 14:05:00 GMT+0530 (India Standard Time)","7360.20","7360.20","7350.00","7357.95"
"Mon Aug 26 2024 14:10:00 GMT+0530 (India Standard Time)","7357.95","7375.00","7351.00","7366.55"
"Mon Aug 26 2024 14:15:00 GMT+0530 (India Standard Time)","7366.95","7385.00","7359.00","7380.00"
"Mon Aug 26 2024 14:20:00 GMT+0530 (India Standard Time)","7376.20","7385.00","7360.00","7362.50"
"Mon Aug 26 2024 14:25:00 GMT+0530 (India Standard Time)","7362.50","7362.50","7351.00","7355.05"
"Mon Aug 26 2024 14:30:00 GMT+0530 (India Standard Time)","7355.05","7364.95","7352.00","7363.70"
"Mon Aug 26 2024 14:35:00 GMT+0530 (India Standard Time)","7365.00","7385.00","7358.00","7380.00"
"Mon Aug 26 2024 14:40:00 GMT+0530 (India Standard Time)","7380.00","7382.00","7360.90","7366.30"
"Mon Aug 26 2024 14:45:00 GMT+0530 (India Standard Time)","7370.00","7401.00","7365.05","7389.20"
"Mon Aug 26 2024 14:50:00 GMT+0530 (India Standard Time)","7384.80","7419.00","7384.80","7405.00"
"Mon Aug 26 2024 14:55:00 GMT+0530 (India Standard Time)","7405.00","7419.00","7395.00","7418.00"
"Mon Aug 26 2024 15:00:00 GMT+0530 (India Standard Time)","7415.00","7527.55","7411.05","7480.00"
"Mon Aug 26 2024 15:05:00 GMT+0530 (India Standard Time)","7482.00","7568.50","7463.35","7531.70"
"Mon Aug 26 2024 15:10:00 GMT+0530 (India Standard Time)","7530.05","7729.00","7492.10","7707.40"
"Mon Aug 26 2024 15:15:00 GMT+0530 (India Standard Time)","7706.85","7820.00","7640.00","7808.00"
"Mon Aug 26 2024 15:20:00 GMT+0530 (India Standard Time)","7812.85","7940.00","7800.00","7899.00"
"Mon Aug 26 2024 15:25:00 GMT+0530 (India Standard Time)","7899.85","7900.00","7805.00","7855.25"
"Tue Aug 27 2024 09:15:00 GMT+0530 (India Standard Time)","7800.00","7921.30","7750.00","7807.70"
"Tue Aug 27 2024 09:20:00 GMT+0530 (India Standard Time)","7807.65","7856.65","7800.00","7820.25"
"Tue Aug 27 2024 09:25:00 GMT+0530 (India Standard Time)","7820.25","7880.00","7810.15","7859.65"
"Tue Aug 27 2024 09:30:00 GMT+0530 (India Standard Time)","7862.85","7900.00","7846.00","7882.00"
"Tue Aug 27 2024 09:35:00 GMT+0530 (India Standard Time)","7884.90","7960.00","7880.00","7955.90"
"Tue Aug 27 2024 09:40:00 GMT+0530 (India Standard Time)","7956.00","8057.45","7922.00","8025.20"
"Tue Aug 27 2024 09:45:00 GMT+0530 (India Standard Time)","8035.05","8072.20","7996.60","8024.00"
"Tue Aug 27 2024 09:50:00 GMT+0530 (India Standard Time)","8024.45","8048.55","7994.55","8035.00"
"Tue Aug 27 2024 09:55:00 GMT+0530 (India Standard Time)","8031.15","8190.00","8030.10","8188.05"
"Tue Aug 27 2024 10:00:00 GMT+0530 (India Standard Time)","8185.80","8212.00","8136.35","8148.00"
"Tue Aug 27 2024 10:05:00 GMT+0530 (India Standard Time)","8150.00","8157.45","8092.00","8120.00"
"Tue Aug 27 2024 10:10:00 GMT+0530 (India Standard Time)","8115.40","8149.10","8051.15","8080.00"
"Tue Aug 27 2024 10:15:00 GMT+0530 (India Standard Time)","8075.80","8113.50","8072.95","8104.50"
"Tue Aug 27 2024 10:20:00 GMT+0530 (India Standard Time)","8105.05","8106.55","8055.00","8062.00"
"Tue Aug 27 2024 10:25:00 GMT+0530 (India Standard Time)","8062.00","8100.00","8050.00","8067.95"
"Tue Aug 27 2024 10:30:00 GMT+0530 (India Standard Time)","8067.50","8067.95","8022.00","8024.00"
"Tue Aug 27 2024 10:35:00 GMT+0530 (India Standard Time)","8021.05","8053.95","8004.10","8019.50"
"Tue Aug 27 2024 10:40:00 GMT+0530 (India Standard Time)","8013.30","8019.25","7952.95","7955.35"
"Tue Aug 27 2024 10:45:00 GMT+0530 (India Standard Time)","7957.95","7998.80","7932.10","7989.10"
"Tue Aug 27 2024 10:50:00 GMT+0530 (India Standard Time)","7982.90","7988.15","7937.05","7944.55"
"Tue Aug 27 2024 10:55:00 GMT+0530 (India Standard Time)","7940.55","7975.00","7930.00","7951.70"
"Tue Aug 27 2024 11:00:00 GMT+0530 (India Standard Time)","7951.70","7969.95","7940.00","7956.35"
"Tue Aug 27 2024 11:05:00 GMT+0530 (India Standard Time)","7956.35","7988.00","7945.70","7984.95"
"Tue Aug 27 2024 11:10:00 GMT+0530 (India Standard Time)","7981.20","7986.00","7960.00","7963.00"
"Tue Aug 27 2024 11:15:00 GMT+0530 (India Standard Time)","7963.00","7963.00","7931.00","7957.00"
"Tue Aug 27 2024 11:20:00 GMT+0530 (India Standard Time)","7952.20","7965.00","7946.90","7954.95"
"Tue Aug 27 2024 11:25:00 GMT+0530 (India Standard Time)","7954.95","7961.80","7950.00","7961.80"
"Tue Aug 27 2024 11:30:00 GMT+0530 (India Standard Time)","7961.75","7965.00","7953.95","7955.00"
"Tue Aug 27 2024 11:35:00 GMT+0530 (India Standard Time)","7955.00","7966.00","7950.05","7966.00"
"Tue Aug 27 2024 11:40:00 GMT+0530 (India Standard Time)","7966.00","7983.50","7961.20","7983.00"
"Tue Aug 27 2024 11:45:00 GMT+0530 (India Standard Time)","7980.25","8064.15","7980.05","8022.35"
"Tue Aug 27 2024 11:50:00 GMT+0530 (India Standard Time)","8022.35","8068.25","8009.00","8057.75"
"Tue Aug 27 2024 11:55:00 GMT+0530 (India Standard Time)","8055.05","8119.90","8032.50","8108.00"
"Tue Aug 27 2024 12:00:00 GMT+0530 (India Standard Time)","8108.00","8110.00","8061.60","8076.65"
"Tue Aug 27 2024 12:05:00 GMT+0530 (India Standard Time)","8080.00","8108.00","8055.00","8088.75"
"Tue Aug 27 2024 12:10:00 GMT+0530 (India Standard Time)","8088.60","8090.00","8062.05","8063.45"
"Tue Aug 27 2024 12:15:00 GMT+0530 (India Standard Time)","8063.45","8098.95","8060.00","8093.15"
"Tue Aug 27 2024 12:20:00 GMT+0530 (India Standard Time)","8093.10","8109.00","8087.10","8101.00"
"Tue Aug 27 2024 12:25:00 GMT+0530 (India Standard Time)","8101.00","8125.00","8100.00","8102.00"
"Tue Aug 27 2024 12:30:00 GMT+0530 (India Standard Time)","8106.95","8204.35","8090.80","8142.80"
"Tue Aug 27 2024 12:35:00 GMT+0530 (India Standard Time)","8147.95","8183.75","8142.00","8145.05"
"Tue Aug 27 2024 12:40:00 GMT+0530 (India Standard Time)","8144.90","8327.00","8116.00","8309.95"
"Tue Aug 27 2024 12:45:00 GMT+0530 (India Standard Time)","8302.45","8415.95","8300.00","8376.00"
"Tue Aug 27 2024 12:50:00 GMT+0530 (India Standard Time)","8379.90","8394.65","8328.50","8389.95"
"Tue Aug 27 2024 12:55:00 GMT+0530 (India Standard Time)","8395.00","8412.95","8350.60","8358.40"
"Tue Aug 27 2024 13:00:00 GMT+0530 (India Standard Time)","8361.65","8520.00","8355.75","8503.10"
"Tue Aug 27 2024 13:05:00 GMT+0530 (India Standard Time)","8509.70","8556.80","8500.00","8509.85"
"Tue Aug 27 2024 13:10:00 GMT+0530 (India Standard Time)","8509.80","8788.95","8451.55","8750.05"
"Tue Aug 27 2024 13:15:00 GMT+0530 (India Standard Time)","8750.00","8800.00","8673.50","8764.50"
"Tue Aug 27 2024 13:20:00 GMT+0530 (India Standard Time)","8765.15","8820.00","8711.00","8721.00"
"Tue Aug 27 2024 13:25:00 GMT+0530 (India Standard Time)","8721.00","8757.90","8651.00","8754.00"
"Tue Aug 27 2024 13:30:00 GMT+0530 (India Standard Time)","8755.95","8755.95","8681.85","8736.10"
"Tue Aug 27 2024 13:35:00 GMT+0530 (India Standard Time)","8738.95","8787.00","8737.50","8780.00"
"Tue Aug 27 2024 13:40:00 GMT+0530 (India Standard Time)","8780.00","8799.85","8735.00","8759.75"
"Tue Aug 27 2024 13:45:00 GMT+0530 (India Standard Time)","8759.75","8790.00","8710.00","8759.55"
"Tue Aug 27 2024 13:50:00 GMT+0530 (India Standard Time)","8760.00","8778.10","8735.20","8735.25"
"Tue Aug 27 2024 13:55:00 GMT+0530 (India Standard Time)","8736.00","8777.80","8731.10","8763.35"
"Tue Aug 27 2024 14:00:00 GMT+0530 (India Standard Time)","8765.00","8769.50","8720.50","8728.80"
"Tue Aug 27 2024 14:05:00 GMT+0530 (India Standard Time)","8729.90","8733.60","8681.65","8703.00"
"Tue Aug 27 2024 14:10:00 GMT+0530 (India Standard Time)","8700.00","8765.00","8685.00","8739.10"
"Tue Aug 27 2024 14:15:00 GMT+0530 (India Standard Time)","8744.00","8840.00","8711.30","8830.00"
"Tue Aug 27 2024 14:20:00 GMT+0530 (India Standard Time)","8829.00","8850.00","8802.00","8815.95"
"Tue Aug 27 2024 14:25:00 GMT+0530 (India Standard Time)","8811.55","8814.95","8720.00","8732.00"
"Tue Aug 27 2024 14:30:00 GMT+0530 (India Standard Time)","8731.00","8739.05","8661.50","8725.05"
"Tue Aug 27 2024 14:35:00 GMT+0530 (India Standard Time)","8727.00","8750.75","8710.00","8715.00"
"Tue Aug 27 2024 14:40:00 GMT+0530 (India Standard Time)","8712.00","8780.00","8711.00","8736.00"
"Tue Aug 27 2024 14:45:00 GMT+0530 (India Standard Time)","8733.70","8764.95","8732.55","8735.00"
"Tue Aug 27 2024 14:50:00 GMT+0530 (India Standard Time)","8735.00","8738.95","8710.00","8729.05"
"Tue Aug 27 2024 14:55:00 GMT+0530 (India Standard Time)","8723.35","8757.30","8715.45","8730.00"
"Tue Aug 27 2024 15:00:00 GMT+0530 (India Standard Time)","8731.05","8900.00","8731.05","8895.00"
"Tue Aug 27 2024 15:05:00 GMT+0530 (India Standard Time)","8891.70","9080.00","8891.20","9019.75"
"Tue Aug 27 2024 15:10:00 GMT+0530 (India Standard Time)","9012.40","9075.80","9000.00","9046.90"
"Tue Aug 27 2024 15:15:00 GMT+0530 (India Standard Time)","9048.80","9055.95","8950.00","9055.95"
"Tue Aug 27 2024 15:20:00 GMT+0530 (India Standard Time)","9059.00","9070.00","9001.00","9012.00"
"Tue Aug 27 2024 15:25:00 GMT+0530 (India Standard Time)","9011.05","9035.00","8933.20","8950.10"
"Wed Aug 28 2024 09:15:00 GMT+0530 (India Standard Time)","8900.00","8900.00","8603.05","8677.95"
"Wed Aug 28 2024 09:20:00 GMT+0530 (India Standard Time)","8683.90","8747.00","8665.00","8686.00"
"Wed Aug 28 2024 09:25:00 GMT+0530 (India Standard Time)","8686.60","8711.75","8605.05","8629.25"
"Wed Aug 28 2024 09:30:00 GMT+0530 (India Standard Time)","8623.65","8641.30","8556.00","8562.25"
"Wed Aug 28 2024 09:35:00 GMT+0530 (India Standard Time)","8556.00","8589.90","8526.00","8560.00"
"Wed Aug 28 2024 09:40:00 GMT+0530 (India Standard Time)","8556.50","8604.55","8526.15","8565.60"
"Wed Aug 28 2024 09:45:00 GMT+0530 (India Standard Time)","8560.05","8657.00","8557.00","8640.30"
"Wed Aug 28 2024 09:50:00 GMT+0530 (India Standard Time)","8639.05","8639.05","8569.80","8594.75"
"Wed Aug 28 2024 09:55:00 GMT+0530 (India Standard Time)","8590.10","8679.00","8589.90","8653.70"
"Wed Aug 28 2024 10:00:00 GMT+0530 (India Standard Time)","8657.95","8700.00","8631.35","8638.30"
"Wed Aug 28 2024 10:05:00 GMT+0530 (India Standard Time)","8642.05","8646.90","8585.00","8592.00"
"Wed Aug 28 2024 10:10:00 GMT+0530 (India Standard Time)","8592.00","8635.55","8592.00","8616.35"
"Wed Aug 28 2024 10:15:00 GMT+0530 (India Standard Time)","8616.35","8666.90","8593.20","8609.65"
"Wed Aug 28 2024 10:20:00 GMT+0530 (India Standard Time)","8605.00","8622.20","8595.00","8615.00"
"Wed Aug 28 2024 10:25:00 GMT+0530 (India Standard Time)","8615.00","8618.85","8574.30","8587.00"
"Wed Aug 28 2024 10:30:00 GMT+0530 (India Standard Time)","8589.00","8589.25","8542.65","8550.00"
"Wed Aug 28 2024 10:35:00 GMT+0530 (India Standard Time)","8546.65","8563.85","8531.00","8545.00"
"Wed Aug 28 2024 10:40:00 GMT+0530 (India Standard Time)","8544.30","8578.40","8514.00","8531.00"
"Wed Aug 28 2024 10:45:00 GMT+0530 (India Standard Time)","8534.70","8535.00","8511.00","8531.95"
"Wed Aug 28 2024 10:50:00 GMT+0530 (India Standard Time)","8534.00","8556.25","8504.75","8513.55"
"Wed Aug 28 2024 10:55:00 GMT+0530 (India Standard Time)","8512.55","8539.95","8502.00","8537.00"
"Wed Aug 28 2024 11:00:00 GMT+0530 (India Standard Time)","8537.00","8551.30","8522.00","8528.20"
"Wed Aug 28 2024 11:05:00 GMT+0530 (India Standard Time)","8528.20","8534.00","8480.40","8480.40"
"Wed Aug 28 2024 11:10:00 GMT+0530 (India Standard Time)","8484.45","8497.00","8460.65","8485.00"
"Wed Aug 28 2024 11:15:00 GMT+0530 (India Standard Time)","8490.00","8490.00","8455.05","8470.85"
"Wed Aug 28 2024 11:20:00 GMT+0530 (India Standard Time)","8470.80","8495.00","8466.95","8488.20"
"Wed Aug 28 2024 11:25:00 GMT+0530 (India Standard Time)","8488.20","8526.00","8475.20","8516.45"
"Wed Aug 28 2024 11:30:00 GMT+0530 (India Standard Time)","8516.45","8524.00","8493.60","8495.05"
"Wed Aug 28 2024 11:35:00 GMT+0530 (India Standard Time)","8495.00","8499.75","8475.00","8486.15"
"Wed Aug 28 2024 11:40:00 GMT+0530 (India Standard Time)","8490.75","8511.70","8481.85","8496.40"
"Wed Aug 28 2024 11:45:00 GMT+0530 (India Standard Time)","8496.40","8500.00","8485.00","8489.95"
"Wed Aug 28 2024 11:50:00 GMT+0530 (India Standard Time)","8489.95","8490.00","8470.00","8470.40"
"Wed Aug 28 2024 11:55:00 GMT+0530 (India Standard Time)","8470.10","8474.80","8451.00","8456.00"
"Wed Aug 28 2024 12:00:00 GMT+0530 (India Standard Time)","8456.00","8457.95","8417.00","8445.00"
"Wed Aug 28 2024 12:05:00 GMT+0530 (India Standard Time)","8444.55","8445.00","8432.20","8433.45"
"Wed Aug 28 2024 12:10:00 GMT+0530 (India Standard Time)","8438.55","8443.00","8425.30","8440.15"
"Wed Aug 28 2024 12:15:00 GMT+0530 (India Standard Time)","8440.15","8450.00","8431.25","8435.00"
"Wed Aug 28 2024 12:20:00 GMT+0530 (India Standard Time)","8435.15","8466.00","8431.35","8439.00"
"Wed Aug 28 2024 12:25:00 GMT+0530 (India Standard Time)","8439.00","8439.80","8406.00","8417.75"
"Wed Aug 28 2024 12:30:00 GMT+0530 (India Standard Time)","8417.75","8427.45","8379.00","8386.25"
"Wed Aug 28 2024 12:35:00 GMT+0530 (India Standard Time)","8383.00","8396.30","8372.00","8392.00"
"Wed Aug 28 2024 12:40:00 GMT+0530 (India Standard Time)","8391.00","8411.95","8391.00","8403.00"
"Wed Aug 28 2024 12:45:00 GMT+0530 (India Standard Time)","8403.00","8428.25","8400.00","8419.00"
"Wed Aug 28 2024 12:50:00 GMT+0530 (India Standard Time)","8419.00","8441.00","8419.00","8439.00"
"Wed Aug 28 2024 12:55:00 GMT+0530 (India Standard Time)","8436.80","8472.35","8435.75","8445.00"
"Wed Aug 28 2024 13:00:00 GMT+0530 (India Standard Time)","8443.00","8445.00","8422.10","8430.05"
"Wed Aug 28 2024 13:05:00 GMT+0530 (India Standard Time)","8430.05","8434.70","8386.05","8392.95"
"Wed Aug 28 2024 13:10:00 GMT+0530 (India Standard Time)","8392.95","8419.85","8390.00","8395.00"
"Wed Aug 28 2024 13:15:00 GMT+0530 (India Standard Time)","8395.00","8419.30","8392.30","8410.00"
"Wed Aug 28 2024 13:20:00 GMT+0530 (India Standard Time)","8410.00","8410.00","8380.00","8391.00"
"Wed Aug 28 2024 13:25:00 GMT+0530 (India Standard Time)","8391.00","8397.50","8382.00","8385.00"
"Wed Aug 28 2024 13:30:00 GMT+0530 (India Standard Time)","8385.00","8399.75","8383.05","8393.50"
"Wed Aug 28 2024 13:35:00 GMT+0530 (India Standard Time)","8393.50","8400.00","8390.00","8395.00"
"Wed Aug 28 2024 13:40:00 GMT+0530 (India Standard Time)","8392.95","8395.75","8381.00","8390.00"
"Wed Aug 28 2024 13:45:00 GMT+0530 (India Standard Time)","8390.00","8416.95","8389.90","8405.00"
"Wed Aug 28 2024 13:50:00 GMT+0530 (India Standard Time)","8405.00","8407.00","8350.00","8350.00"
"Wed Aug 28 2024 13:55:00 GMT+0530 (India Standard Time)","8354.70","8364.00","8339.45","8358.00"
"Wed Aug 28 2024 14:00:00 GMT+0530 (India Standard Time)","8360.65","8369.95","8340.00","8345.00"
"Wed Aug 28 2024 14:05:00 GMT+0530 (India Standard Time)","8344.50","8360.00","8341.05","8354.15"
"Wed Aug 28 2024 14:10:00 GMT+0530 (India Standard Time)","8350.05","8364.20","8346.00","8354.10"
"Wed Aug 28 2024 14:15:00 GMT+0530 (India Standard Time)","8354.00","8362.95","8346.00","8347.00"
"Wed Aug 28 2024 14:20:00 GMT+0530 (India Standard Time)","8347.00","8351.00","8270.00","8284.40"
"Wed Aug 28 2024 14:25:00 GMT+0530 (India Standard Time)","8284.40","8289.00","8261.10","8264.00"
"Wed Aug 28 2024 14:30:00 GMT+0530 (India Standard Time)","8269.00","8285.00","8265.00","8265.25"
"Wed Aug 28 2024 14:35:00 GMT+0530 (India Standard Time)","8268.90","8319.65","8265.00","8315.80"