"Date","Open","High","Low","Close"
"Fri Oct 25 2024 10:25:00 GMT+0530 (India Standard Time)","6986.40","6993.85","6939.95","6945.00"
"Fri Oct 25 2024 10:30:00 GMT+0530 (India Standard Time)","6945.80","6950.00","6921.05","6942.15"
"Fri Oct 25 2024 10:35:00 GMT+0530 (India Standard Time)","6942.10","6943.05","6912.50","6928.00"
"Fri Oct 25 2024 10:40:00 GMT+0530 (India Standard Time)","6929.20","6929.75","6901.00","6909.40"
"Fri Oct 25 2024 10:45:00 GMT+0530 (India Standard Time)","6909.40","6911.80","6900.00","6903.00"
"Fri Oct 25 2024 10:50:00 GMT+0530 (India Standard Time)","6903.00","6910.45","6881.00","6881.00"
"Fri Oct 25 2024 10:55:00 GMT+0530 (India Standard Time)","6884.30","6903.25","6870.60","6892.20"
"Fri Oct 25 2024 11:00:00 GMT+0530 (India Standard Time)","6892.20","6915.70","6888.65","6907.45"
"Fri Oct 25 2024 11:05:00 GMT+0530 (India Standard Time)","6907.45","6909.90","6891.00","6901.55"
"Fri Oct 25 2024 11:10:00 GMT+0530 (India Standard Time)","6897.95","6906.95","6891.10","6897.00"
"Fri Oct 25 2024 11:15:00 GMT+0530 (India Standard Time)","6897.00","6932.00","6897.00","6923.85"
"Fri Oct 25 2024 11:20:00 GMT+0530 (India Standard Time)","6929.10","6957.60","6924.00","6956.95"
"Fri Oct 25 2024 11:25:00 GMT+0530 (India Standard Time)","6950.35","6954.35","6930.80","6938.85"
"Fri Oct 25 2024 11:30:00 GMT+0530 (India Standard Time)","6938.85","6938.85","6918.05","6927.00"
"Fri Oct 25 2024 11:35:00 GMT+0530 (India Standard Time)","6927.00","6939.70","6912.10","6939.70"
"Fri Oct 25 2024 11:40:00 GMT+0530 (India Standard Time)","6943.25","6946.85","6930.30","6930.30"
"Fri Oct 25 2024 11:45:00 GMT+0530 (India Standard Time)","6930.30","6952.20","6930.30","6945.00"
"Fri Oct 25 2024 11:50:00 GMT+0530 (India Standard Time)","6939.15","6945.20","6904.20","6912.45"
"Fri Oct 25 2024 11:55:00 GMT+0530 (India Standard Time)","6918.05","6926.55","6912.00","6926.55"
"Fri Oct 25 2024 12:00:00 GMT+0530 (India Standard Time)","6926.00","6940.00","6922.45","6940.00"
"Fri Oct 25 2024 12:05:00 GMT+0530 (India Standard Time)","6940.00","6945.90","6933.65","6942.30"
"Fri Oct 25 2024 12:10:00 GMT+0530 (India Standard Time)","6942.30","6944.60","6931.65","6944.15"
"Fri Oct 25 2024 12:15:00 GMT+0530 (India Standard Time)","6944.15","6944.15","6932.55","6940.00"
"Fri Oct 25 2024 12:20:00 GMT+0530 (India Standard Time)","6940.00","6962.50","6935.30","6940.75"
"Fri Oct 25 2024 12:25:00 GMT+0530 (India Standard Time)","6940.75","6942.65","6920.05","6935.00"
"Fri Oct 25 2024 12:30:00 GMT+0530 (India Standard Time)","6935.45","6939.95","6922.40","6939.00"
"Fri Oct 25 2024 12:35:00 GMT+0530 (India Standard Time)","6939.00","6947.30","6930.15","6944.45"
"Fri Oct 25 2024 12:40:00 GMT+0530 (India Standard Time)","6944.45","6959.90","6941.95","6941.95"
"Fri Oct 25 2024 12:45:00 GMT+0530 (India Standard Time)","6941.95","6952.70","6929.35","6929.35"
"Fri Oct 25 2024 12:50:00 GMT+0530 (India Standard Time)","6929.35","6943.75","6929.00","6935.00"
"Fri Oct 25 2024 12:55:00 GMT+0530 (India Standard Time)","6935.00","6949.30","6933.40","6940.05"
"Fri Oct 25 2024 13:00:00 GMT+0530 (India Standard Time)","6941.00","6970.45","6936.15","6964.00"
"Fri Oct 25 2024 13:05:00 GMT+0530 (India Standard Time)","6969.95","6974.90","6953.40","6958.05"
"Fri Oct 25 2024 13:10:00 GMT+0530 (India Standard Time)","6958.05","6962.55","6950.00","6960.00"
"Fri Oct 25 2024 13:15:00 GMT+0530 (India Standard Time)","6960.00","6974.00","6958.00","6971.85"
"Fri Oct 25 2024 13:20:00 GMT+0530 (India Standard Time)","6971.85","6978.50","6961.20","6977.25"
"Fri Oct 25 2024 13:25:00 GMT+0530 (India Standard Time)","6977.25","6992.60","6970.15","6986.05"
"Fri Oct 25 2024 13:30:00 GMT+0530 (India Standard Time)","6986.05","6995.85","6982.65","6992.60"
"Fri Oct 25 2024 13:35:00 GMT+0530 (India Standard Time)","6992.55","7012.40","6987.05","7003.55"
"Fri Oct 25 2024 13:40:00 GMT+0530 (India Standard Time)","6999.90","7003.70","6983.20","6990.85"
"Fri Oct 25 2024 13:45:00 GMT+0530 (India Standard Time)","6997.05","6998.00","6972.45","6980.50"
"Fri Oct 25 2024 13:50:00 GMT+0530 (India Standard Time)","6986.00","6986.00","6963.65","6977.50"
"Fri Oct 25 2024 13:55:00 GMT+0530 (India Standard Time)","6977.90","6978.00","6959.85","6969.25"
"Fri Oct 25 2024 14:00:00 GMT+0530 (India Standard Time)","6969.20","6971.90","6957.30","6966.90"
"Fri Oct 25 2024 14:05:00 GMT+0530 (India Standard Time)","6966.90","6966.90","6948.00","6957.65"
"Fri Oct 25 2024 14:10:00 GMT+0530 (India Standard Time)","6957.65","6960.00","6950.00","6955.75"
"Fri Oct 25 2024 14:15:00 GMT+0530 (India Standard Time)","6955.75","6957.15","6951.00","6951.00"
"Fri Oct 25 2024 14:20:00 GMT+0530 (India Standard Time)","6950.20","6955.00","6950.00","6954.40"
"Fri Oct 25 2024 14:25:00 GMT+0530 (India Standard Time)","6954.40","6960.00","6950.00","6958.70"
"Fri Oct 25 2024 14:30:00 GMT+0530 (India Standard Time)","6957.45","6960.00","6954.00","6957.80"
"Fri Oct 25 2024 14:35:00 GMT+0530 (India Standard Time)","6959.05","6971.40","6959.05","6964.50"
"Fri Oct 25 2024 14:40:00 GMT+0530 (India Standard Time)","6962.55","6969.15","6950.00","6954.75"
"Fri Oct 25 2024 14:45:00 GMT+0530 (India Standard Time)","6957.00","6969.20","6950.05","6962.35"
"Fri Oct 25 2024 14:50:00 GMT+0530 (India Standard Time)","6962.35","6972.45","6960.00","6962.00"
"Fri Oct 25 2024 14:55:00 GMT+0530 (India Standard Time)","6962.00","6967.00","6956.50","6961.90"
"Fri Oct 25 2024 15:00:00 GMT+0530 (India Standard Time)","6964.60","6977.15","6960.00","6961.45"
"Fri Oct 25 2024 15:05:00 GMT+0530 (India Standard Time)","6964.95","6965.00","6952.10","6962.45"
"Fri Oct 25 2024 15:10:00 GMT+0530 (India Standard Time)","6962.45","6982.30","6957.00","6978.85"
"Fri Oct 25 2024 15:15:00 GMT+0530 (India Standard Time)","6979.15","7005.00","6965.20","6995.60"
"Fri Oct 25 2024 15:20:00 GMT+0530 (India Standard Time)","6995.50","7024.90","6991.10","7024.35"
"Fri Oct 25 2024 15:25:00 GMT+0530 (India Standard Time)","7017.35","7024.25","7004.75","7010.00"
"Mon Oct 28 2024 09:15:00 GMT+0530 (India Standard Time)","7068.00","7068.80","7020.00","7047.15"
"Mon Oct 28 2024 09:20:00 GMT+0530 (India Standard Time)","7040.60","7119.95","7030.00","7104.00"
"Mon Oct 28 2024 09:25:00 GMT+0530 (India Standard Time)","7104.00","7124.80","7071.50","7079.10"
"Mon Oct 28 2024 09:30:00 GMT+0530 (India Standard Time)","7079.05","7094.00","7048.50","7052.75"
"Mon Oct 28 2024 09:35:00 GMT+0530 (India Standard Time)","7052.75","7060.00","7029.45","7036.00"
"Mon Oct 28 2024 09:40:00 GMT+0530 (India Standard Time)","7036.00","7049.90","7011.00","7011.00"
"Mon Oct 28 2024 09:45:00 GMT+0530 (India Standard Time)","7013.05","7038.85","7007.00","7038.65"
"Mon Oct 28 2024 09:50:00 GMT+0530 (India Standard Time)","7038.65","7077.25","7025.95","7059.40"
"Mon Oct 28 2024 09:55:00 GMT+0530 (India Standard Time)","7059.40","7059.45","7041.05","7049.90"
"Mon Oct 28 2024 10:00:00 GMT+0530 (India Standard Time)","7049.95","7050.00","7035.80","7041.80"
"Mon Oct 28 2024 10:05:00 GMT+0530 (India Standard Time)","7041.80","7049.40","7025.80","7029.05"
"Mon Oct 28 2024 10:10:00 GMT+0530 (India Standard Time)","7032.90","7045.95","7029.00","7040.50"
"Mon Oct 28 2024 10:15:00 GMT+0530 (India Standard Time)","7041.40","7069.95","7037.00","7065.80"
"Mon Oct 28 2024 10:20:00 GMT+0530 (India Standard Time)","7065.80","7070.00","7058.35","7069.15"
"Mon Oct 28 2024 10:25:00 GMT+0530 (India Standard Time)","7075.00","7083.00","7070.00","7074.85"
"Mon Oct 28 2024 10:30:00 GMT+0530 (India Standard Time)","7074.85","7085.85","7065.55","7074.90"
"Mon Oct 28 2024 10:35:00 GMT+0530 (India Standard Time)","7074.90","7091.00","7074.90","7088.25"
"Mon Oct 28 2024 10:40:00 GMT+0530 (India Standard Time)","7083.50","7091.00","7074.25","7089.70"
"Mon Oct 28 2024 10:45:00 GMT+0530 (India Standard Time)","7089.70","7109.00","7089.60","7104.20"
"Mon Oct 28 2024 10:50:00 GMT+0530 (India Standard Time)","7104.20","7117.65","7094.15","7113.20"
"Mon Oct 28 2024 10:55:00 GMT+0530 (India Standard Time)","7113.20","7114.95","7090.20","7099.55"
"Mon Oct 28 2024 11:00:00 GMT+0530 (India Standard Time)","7099.55","7107.15","7095.90","7104.90"
"Mon Oct 28 2024 11:05:00 GMT+0530 (India Standard Time)","7103.90","7109.90","7100.95","7108.90"
"Mon Oct 28 2024 11:10:00 GMT+0530 (India Standard Time)","7108.90","7110.00","7100.30","7110.00"
"Mon Oct 28 2024 11:15:00 GMT+0530 (India Standard Time)","7110.00","7120.00","7106.95","7120.00"
"Mon Oct 28 2024 11:20:00 GMT+0530 (India Standard Time)","7120.00","7133.00","7120.00","7122.25"
"Mon Oct 28 2024 11:25:00 GMT+0530 (India Standard Time)","7122.25","7126.00","7110.00","7115.45"
"Mon Oct 28 2024 11:30:00 GMT+0530 (India Standard Time)","7115.45","7120.35","7105.00","7109.80"
"Mon Oct 28 2024 11:35:00 GMT+0530 (India Standard Time)","7109.80","7113.30","7100.00","7108.70"
"Mon Oct 28 2024 11:40:00 GMT+0530 (India Standard Time)","7108.60","7108.65","7096.00","7100.05"
"Mon Oct 28 2024 11:45:00 GMT+0530 (India Standard Time)","7100.00","7107.95","7094.40","7107.65"
"Mon Oct 28 2024 11:50:00 GMT+0530 (India Standard Time)","7102.35","7112.45","7095.15","7098.50"
"Mon Oct 28 2024 11:55:00 GMT+0530 (India Standard Time)","7096.05","7099.95","7089.15","7097.90"
"Mon Oct 28 2024 12:00:00 GMT+0530 (India Standard Time)","7100.00","7100.00","7092.75","7097.00"
"Mon Oct 28 2024 12:05:00 GMT+0530 (India Standard Time)","7097.90","7100.00","7093.25","7097.60"
"Mon Oct 28 2024 12:10:00 GMT+0530 (India Standard Time)","7099.95","7113.00","7097.00","7113.00"
"Mon Oct 28 2024 12:15:00 GMT+0530 (India Standard Time)","7113.00","7120.00","7111.90","7117.25"
"Mon Oct 28 2024 12:20:00 GMT+0530 (India Standard Time)","7117.25","7119.35","7112.95","7114.10"
"Mon Oct 28 2024 12:25:00 GMT+0530 (India Standard Time)","7111.75","7113.00","7100.65","7106.90"
"Mon Oct 28 2024 12:30:00 GMT+0530 (India Standard Time)","7106.90","7110.00","7100.50","7101.70"
"Mon Oct 28 2024 12:35:00 GMT+0530 (India Standard Time)","7101.70","7104.95","7096.20","7099.85"
"Mon Oct 28 2024 12:40:00 GMT+0530 (India Standard Time)","7099.85","7112.95","7099.85","7104.10"
"Mon Oct 28 2024 12:45:00 GMT+0530 (India Standard Time)","7104.10","7104.10","7085.05","7085.25"
"Mon Oct 28 2024 12:50:00 GMT+0530 (India Standard Time)","7085.25","7098.60","7074.40","7091.55"
"Mon Oct 28 2024 12:55:00 GMT+0530 (India Standard Time)","7091.55","7095.75","7090.00","7094.00"
"Mon Oct 28 2024 13:00:00 GMT+0530 (India Standard Time)","7094.75","7094.95","7085.00","7093.85"
"Mon Oct 28 2024 13:05:00 GMT+0530 (India Standard Time)","7090.35","7098.90","7088.20","7095.15"
"Mon Oct 28 2024 13:10:00 GMT+0530 (India Standard Time)","7095.15","7099.90","7090.05","7095.35"
"Mon Oct 28 2024 13:15:00 GMT+0530 (India Standard Time)","7095.35","7100.00","7090.00","7095.45"
"Mon Oct 28 2024 13:20:00 GMT+0530 (India Standard Time)","7095.45","7100.00","7093.85","7099.15"
"Mon Oct 28 2024 13:25:00 GMT+0530 (India Standard Time)","7100.00","7110.00","7100.00","7109.55"
"Mon Oct 28 2024 13:30:00 GMT+0530 (India Standard Time)","7107.95","7108.30","7095.00","7103.75"
"Mon Oct 28 2024 13:35:00 GMT+0530 (India Standard Time)","7103.75","7111.65","7103.75","7110.50"
"Mon Oct 28 2024 13:40:00 GMT+0530 (India Standard Time)","7110.50","7111.20","7100.00","7104.05"
"Mon Oct 28 2024 13:45:00 GMT+0530 (India Standard Time)","7097.50","7100.20","7091.10","7099.55"
"Mon Oct 28 2024 13:50:00 GMT+0530 (India Standard Time)","7099.55","7100.00","7090.00","7098.50"
"Mon Oct 28 2024 13:55:00 GMT+0530 (India Standard Time)","7099.20","7099.20","7074.00","7074.85"
"Mon Oct 28 2024 14:00:00 GMT+0530 (India Standard Time)","7077.00","7080.00","7064.75","7064.75"
"Mon Oct 28 2024 14:05:00 GMT+0530 (India Standard Time)","7067.15","7069.15","7051.00","7060.10"
"Mon Oct 28 2024 14:10:00 GMT+0530 (India Standard Time)","7055.00","7075.90","7050.65","7073.05"
"Mon Oct 28 2024 14:15:00 GMT+0530 (India Standard Time)","7073.05","7078.00","7068.00","7071.10"
"Mon Oct 28 2024 14:20:00 GMT+0530 (India Standard Time)","7074.10","7084.00","7070.95","7083.00"
"Mon Oct 28 2024 14:25:00 GMT+0530 (India Standard Time)","7083.00","7084.00","7072.25","7079.40"
"Mon Oct 28 2024 14:30:00 GMT+0530 (India Standard Time)","7079.45","7079.65","7060.10","7068.70"
"Mon Oct 28 2024 14:35:00 GMT+0530 (India Standard Time)","7068.70","7071.35","7059.00","7068.05"
"Mon Oct 28 2024 14:40:00 GMT+0530 (India Standard Time)","7071.70","7072.10","7060.20","7069.00"
"Mon Oct 28 2024 14:45:00 GMT+0530 (India Standard Time)","7067.65","7078.55","7062.65","7072.65"
"Mon Oct 28 2024 14:50:00 GMT+0530 (India Standard Time)","7072.65","7078.90","7060.00","7064.85"
"Mon Oct 28 2024 14:55:00 GMT+0530 (India Standard Time)","7064.85","7078.15","7060.05","7072.90"
"Mon Oct 28 2024 15:00:00 GMT+0530 (India Standard Time)","7070.15","7072.90","7060.00","7060.05"
"Mon Oct 28 2024 15:05:00 GMT+0530 (India Standard Time)","7061.95","7064.60","7058.50","7064.60"
"Mon Oct 28 2024 15:10:00 GMT+0530 (India Standard Time)","7063.10","7082.00","7063.10","7081.55"
"Mon Oct 28 2024 15:15:00 GMT+0530 (India Standard Time)","7081.55","7081.55","7060.00","7063.90"
"Mon Oct 28 2024 15:20:00 GMT+0530 (India Standard Time)","7060.00","7062.35","7042.50","7050.00"
"Mon Oct 28 2024 15:25:00 GMT+0530 (India Standard Time)","7049.95","7060.00","7039.95","7058.95"
"Tue Oct 29 2024 09:15:00 GMT+0530 (India Standard Time)","7080.00","7089.00","7016.00","7064.80"
"Tue Oct 29 2024 09:20:00 GMT+0530 (India Standard Time)","7060.20","7072.30","7042.70","7046.95"
"Tue Oct 29 2024 09:25:00 GMT+0530 (India Standard Time)","7047.25","7056.05","7024.95","7047.85"
"Tue Oct 29 2024 09:30:00 GMT+0530 (India Standard Time)","7044.00","7047.30","7022.65","7030.75"
"Tue Oct 29 2024 09:35:00 GMT+0530 (India Standard Time)","7031.60","7036.60","7016.00","7016.05"
"Tue Oct 29 2024 09:40:00 GMT+0530 (India Standard Time)","7019.80","7025.25","7007.05","7007.05"
"Tue Oct 29 2024 09:45:00 GMT+0530 (India Standard Time)","7007.05","7012.95","7003.30","7007.65"
"Tue Oct 29 2024 09:50:00 GMT+0530 (India Standard Time)","7007.65","7014.95","7003.30","7014.15"
"Tue Oct 29 2024 09:55:00 GMT+0530 (India Standard Time)","7014.85","7014.90","7003.10","7007.95"
"Tue Oct 29 2024 10:00:00 GMT+0530 (India Standard Time)","7007.95","7014.45","7004.00","7010.60"
"Tue Oct 29 2024 10:05:00 GMT+0530 (India Standard Time)","7010.65","7021.00","7005.00","7013.50"
"Tue Oct 29 2024 10:10:00 GMT+0530 (India Standard Time)","7013.50","7015.45","7006.75","7006.75"
"Tue Oct 29 2024 10:15:00 GMT+0530 (India Standard Time)","7005.00","7013.15","6993.00","7009.30"
"Tue Oct 29 2024 10:20:00 GMT+0530 (India Standard Time)","7009.30","7013.00","7002.95","7013.00"
"Tue Oct 29 2024 10:25:00 GMT+0530 (India Standard Time)","7014.00","7014.00","6988.00","6998.00"
"Tue Oct 29 2024 10:30:00 GMT+0530 (India Standard Time)","6998.00","7009.30","6986.30","6999.25"
"Tue Oct 29 2024 10:35:00 GMT+0530 (India Standard Time)","6999.25","7000.35","6990.00","6990.00"
"Tue Oct 29 2024 10:40:00 GMT+0530 (India Standard Time)","6990.00","6994.10","6980.00","6981.50"
"Tue Oct 29 2024 10:45:00 GMT+0530 (India Standard Time)","6982.80","6983.80","6969.45","6983.80"
"Tue Oct 29 2024 10:50:00 GMT+0530 (India Standard Time)","6976.75","6989.50","6973.15","6985.60"
"Tue Oct 29 2024 10:55:00 GMT+0530 (India Standard Time)","6985.60","6985.60","6976.40","6979.95"
"Tue Oct 29 2024 11:00:00 GMT+0530 (India Standard Time)","6979.95","6986.50","6976.40","6980.00"
"Tue Oct 29 2024 11:05:00 GMT+0530 (India Standard Time)","6980.00","6995.00","6978.60","6993.50"
"Tue Oct 29 2024 11:10:00 GMT+0530 (India Standard Time)","6993.50","6997.05","6988.25","6995.00"
"Tue Oct 29 2024 11:15:00 GMT+0530 (India Standard Time)","6995.00","6995.55","6986.70","6995.55"
"Tue Oct 29 2024 11:20:00 GMT+0530 (India Standard Time)","6995.55","7004.95","6994.95","6999.95"
"Tue Oct 29 2024 11:25:00 GMT+0530 (India Standard Time)","6999.95","7015.95","6999.95","7011.95"
"Tue Oct 29 2024 11:30:00 GMT+0530 (India Standard Time)","7011.95","7012.00","7004.00","7007.40"
"Tue Oct 29 2024 11:35:00 GMT+0530 (India Standard Time)","7007.40","7020.00","7000.15","7020.00"
"Tue Oct 29 2024 11:40:00 GMT+0530 (India Standard Time)","7019.55","7026.85","7010.00","7018.75"
"Tue Oct 29 2024 11:45:00 GMT+0530 (India Standard Time)","7018.75","7018.75","6995.05","7008.45"
"Tue Oct 29 2024 11:50:00 GMT+0530 (India Standard Time)","7008.45","7009.45","6999.75","7005.00"
"Tue Oct 29 2024 11:55:00 GMT+0530 (India Standard Time)","7005.25","7015.05","7004.05","7015.05"
"Tue Oct 29 2024 12:00:00 GMT+0530 (India Standard Time)","7015.05","7019.30","7011.50","7017.70"
"Tue Oct 29 2024 12:05:00 GMT+0530 (India Standard Time)","7018.70","7022.95","7002.50","7008.25"
"Tue Oct 29 2024 12:10:00 GMT+0530 (India Standard Time)","7003.15","7009.05","7000.05","7008.45"
"Tue Oct 29 2024 12:15:00 GMT+0530 (India Standard Time)","7008.45","7008.80","7003.95","7008.05"
"Tue Oct 29 2024 12:20:00 GMT+0530 (India Standard Time)","7008.05","7008.80","6995.00","6995.00"
"Tue Oct 29 2024 12:25:00 GMT+0530 (India Standard Time)","6995.00","7003.90","6991.00","6991.00"
"Tue Oct 29 2024 12:30:00 GMT+0530 (India Standard Time)","6993.55","6998.50","6990.15","6994.65"
"Tue Oct 29 2024 12:35:00 GMT+0530 (India Standard Time)","6994.70","7001.35","6988.50","6996.50"
"Tue Oct 29 2024 12:40:00 GMT+0530 (India Standard Time)","6996.50","6996.75","6985.05","6990.40"
"Tue Oct 29 2024 12:45:00 GMT+0530 (India Standard Time)","6990.00","6990.60","6985.05","6987.60"
"Tue Oct 29 2024 12:50:00 GMT+0530 (India Standard Time)","6987.60","6990.05","6985.00","6989.90"
"Tue Oct 29 2024 12:55:00 GMT+0530 (India Standard Time)","6989.90","6990.00","6981.05","6981.05"
"Tue Oct 29 2024 13:00:00 GMT+0530 (India Standard Time)","6981.05","6988.10","6981.05","6988.10"
"Tue Oct 29 2024 13:05:00 GMT+0530 (India Standard Time)","6988.10","6993.30","6987.45","6991.50"
"Tue Oct 29 2024 13:10:00 GMT+0530 (India Standard Time)","6991.50","6991.50","6987.45","6988.10"
"Tue Oct 29 2024 13:15:00 GMT+0530 (India Standard Time)","6991.25","6991.25","6988.00","6989.00"
"Tue Oct 29 2024 13:20:00 GMT+0530 (India Standard Time)","6989.00","6989.55","6974.85","6974.85"
"Tue Oct 29 2024 13:25:00 GMT+0530 (India Standard Time)","6974.85","6975.00","6969.00","6973.10"
"Tue Oct 29 2024 13:30:00 GMT+0530 (India Standard Time)","6973.10","6975.00","6972.00","6975.00"
"Tue Oct 29 2024 13:35:00 GMT+0530 (India Standard Time)","6975.00","6975.00","6970.00","6972.00"
"Tue Oct 29 2024 13:40:00 GMT+0530 (India Standard Time)","6972.00","6992.55","6970.20","6989.85"
"Tue Oct 29 2024 13:45:00 GMT+0530 (India Standard Time)","6989.85","7000.00","6985.20","6998.45"
"Tue Oct 29 2024 13:50:00 GMT+0530 (India Standard Time)","6997.75","7000.00","6992.00","6997.95"
"Tue Oct 29 2024 13:55:00 GMT+0530 (India Standard Time)","6997.95","7002.90","6994.05","7001.95"
"Tue Oct 29 2024 14:00:00 GMT+0530 (India Standard Time)","7005.50","7008.00","7001.05","7008.00"
"Tue Oct 29 2024 14:05:00 GMT+0530 (India Standard Time)","7008.00","7008.00","6994.00","6998.50"
"Tue Oct 29 2024 14:10:00 GMT+0530 (India Standard Time)","7000.00","7008.00","7000.00","7008.00"
"Tue Oct 29 2024 14:15:00 GMT+0530 (India Standard Time)","7008.00","7008.00","6992.55","7005.45"
"Tue Oct 29 2024 14:20:00 GMT+0530 (India Standard Time)","7005.45","7006.00","6996.25","7004.20"
"Tue Oct 29 2024 14:25:00 GMT+0530 (India Standard Time)","7004.20","7007.50","7000.00","7004.55"
"Tue Oct 29 2024 14:30:00 GMT+0530 (India Standard Time)","7005.80","7005.80","6996.00","6999.55"
"Tue Oct 29 2024 14:35:00 GMT+0530 (India Standard Time)","6999.55","7006.95","6999.55","7005.45"
"Tue Oct 29 2024 14:40:00 GMT+0530 (India Standard Time)","7005.45","7008.00","7000.05","7004.05"
"Tue Oct 29 2024 14:45:00 GMT+0530 (India Standard Time)","7004.05","7008.00","6993.45","7008.00"
"Tue Oct 29 2024 14:50:00 GMT+0530 (India Standard Time)","7007.60","7007.60","7001.85","7004.10"
"Tue Oct 29 2024 14:55:00 GMT+0530 (India Standard Time)","7004.10","7007.00","7000.80","7004.95"
"Tue Oct 29 2024 15:00:00 GMT+0530 (India Standard Time)","7004.95","7029.20","7004.95","7028.00"
"Tue Oct 29 2024 15:05:00 GMT+0530 (India Standard Time)","7028.95","7055.35","7028.95","7040.45"
"Tue Oct 29 2024 15:10:00 GMT+0530 (India Standard Time)","7043.20","7049.90","7038.00","7040.95"
"Tue Oct 29 2024 15:15:00 GMT+0530 (India Standard Time)","7040.45","7048.00","7040.00","7044.50"
"Tue Oct 29 2024 15:20:00 GMT+0530 (India Standard Time)","7047.80","7049.00","7038.60","7038.60"
"Tue Oct 29 2024 15:25:00 GMT+0530 (India Standard Time)","7038.55","7041.90","7025.00","7025.00"
"Wed Oct 30 2024 09:15:00 GMT+0530 (India Standard Time)","7030.00","7030.00","6969.00","7014.10"
"Wed Oct 30 2024 09:20:00 GMT+0530 (India Standard Time)","7018.70","7058.20","7012.05","7051.00"
"Wed Oct 30 2024 09:25:00 GMT+0530 (India Standard Time)","7053.90","7077.80","7047.25","7071.55"
"Wed Oct 30 2024 09:30:00 GMT+0530 (India Standard Time)","7073.90","7074.00","7050.00","7064.20"
"Wed Oct 30 2024 09:35:00 GMT+0530 (India Standard Time)","7068.90","7084.05","7055.55","7082.85"
"Wed Oct 30 2024 09:40:00 GMT+0530 (India Standard Time)","7082.90","7091.95","7065.20","7071.85"
"Wed Oct 30 2024 09:45:00 GMT+0530 (India Standard Time)","7070.00","7079.65","7060.00","7065.05"
"Wed Oct 30 2024 09:50:00 GMT+0530 (India Standard Time)","7065.05","7071.05","7053.60","7070.00"
"Wed Oct 30 2024 09:55:00 GMT+0530 (India Standard Time)","7070.00","7083.60","7066.40","7080.00"
"Wed Oct 30 2024 10:00:00 GMT+0530 (India Standard Time)","7080.00","7085.90","7063.05","7069.60"
"Wed Oct 30 2024 10:05:00 GMT+0530 (India Standard Time)","7069.60","7075.95","7061.00","7068.35"
"Wed Oct 30 2024 10:10:00 GMT+0530 (India Standard Time)","7068.35","7074.00","7060.00","7060.00"
"Wed Oct 30 2024 10:15:00 GMT+0530 (India Standard Time)","7065.25","7073.30","7062.80","7071.95"
"Wed Oct 30 2024 10:20:00 GMT+0530 (India Standard Time)","7068.30","7072.00","7066.00","7068.05"
"Wed Oct 30 2024 10:25:00 GMT+0530 (India Standard Time)","7065.00","7077.20","7052.25","7075.00"
"Wed Oct 30 2024 10:30:00 GMT+0530 (India Standard Time)","7075.55","7081.70","7068.20","7074.35"
"Wed Oct 30 2024 10:35:00 GMT+0530 (India Standard Time)","7074.35","7078.15","7068.85","7072.95"
"Wed Oct 30 2024 10:40:00 GMT+0530 (India Standard Time)","7077.20","7080.00","7070.10","7076.00"
"Wed Oct 30 2024 10:45:00 GMT+0530 (India Standard Time)","7071.30","7075.80","7065.00","7069.65"
"Wed Oct 30 2024 10:50:00 GMT+0530 (India Standard Time)","7069.65","7099.00","7069.20","7091.15"
"Wed Oct 30 2024 10:55:00 GMT+0530 (India Standard Time)","7094.90","7112.30","7088.35","7098.05"
"Wed Oct 30 2024 11:00:00 GMT+0530 (India Standard Time)","7098.05","7131.40","7098.05","7113.00"
"Wed Oct 30 2024 11:05:00 GMT+0530 (India Standard Time)","7113.00","7118.90","7100.00","7105.00"
"Wed Oct 30 2024 11:10:00 GMT+0530 (India Standard Time)","7107.10","7119.00","7102.50","7114.00"
"Wed Oct 30 2024 11:15:00 GMT+0530 (India Standard Time)","7114.00","7114.00","7101.00","7105.00"
"Wed Oct 30 2024 11:20:00 GMT+0530 (India Standard Time)","7101.65","7126.90","7101.65","7119.90"
"Wed Oct 30 2024 11:25:00 GMT+0530 (India Standard Time)","7119.90","7119.90","7111.85","7112.70"
"Wed Oct 30 2024 11:30:00 GMT+0530 (India Standard Time)","7112.70","7114.95","7101.00","7111.90"
"Wed Oct 30 2024 11:35:00 GMT+0530 (India Standard Time)","7111.90","7111.90","7096.10","7110.00"
"Wed Oct 30 2024 11:40:00 GMT+0530 (India Standard Time)","7109.90","7109.90","7103.00","7108.00"
"Wed Oct 30 2024 11:45:00 GMT+0530 (India Standard Time)","7108.00","7108.00","7093.85","7099.20"
"Wed Oct 30 2024 11:50:00 GMT+0530 (India Standard Time)","7099.20","7101.00","7090.10","7095.00"
"Wed Oct 30 2024 11:55:00 GMT+0530 (India Standard Time)","7095.00","7099.50","7089.10","7092.70"
"Wed Oct 30 2024 12:00:00 GMT+0530 (India Standard Time)","7097.55","7099.70","7083.15","7085.10"
"Wed Oct 30 2024 12:05:00 GMT+0530 (India Standard Time)","7080.70","7089.60","7076.10","7086.00"
"Wed Oct 30 2024 12:10:00 GMT+0530 (India Standard Time)","7086.00","7089.90","7081.00","7089.50"
"Wed Oct 30 2024 12:15:00 GMT+0530 (India Standard Time)","7089.40","7094.95","7085.15","7093.15"
"Wed Oct 30 2024 12:20:00 GMT+0530 (India Standard Time)","7093.15","7099.20","7087.00","7095.05"
"Wed Oct 30 2024 12:25:00 GMT+0530 (India Standard Time)","7091.00","7105.00","7087.95","7100.45"
"Wed Oct 30 2024 12:30:00 GMT+0530 (India Standard Time)","7100.45","7103.25","7091.05","7091.05"
"Wed Oct 30 2024 12:35:00 GMT+0530 (India Standard Time)","7091.05","7105.65","7090.00","7102.05"
"Wed Oct 30 2024 12:40:00 GMT+0530 (India Standard Time)","7102.05","7104.90","7092.85","7097.45"
"Wed Oct 30 2024 12:45:00 GMT+0530 (India Standard Time)","7097.45","7104.90","7091.75","7100.50"
"Wed Oct 30 2024 12:50:00 GMT+0530 (India Standard Time)","7104.50","7104.90","7100.00","7100.00"
"Wed Oct 30 2024 12:55:00 GMT+0530 (India Standard Time)","7103.65","7108.10","7094.20","7106.85"
"Wed Oct 30 2024 13:00:00 GMT+0530 (India Standard Time)","7103.05","7107.80","7100.10","7106.45"
"Wed Oct 30 2024 13:05:00 GMT+0530 (India Standard Time)","7102.60","7110.00","7102.60","7104.05"
"Wed Oct 30 2024 13:10:00 GMT+0530 (India Standard Time)","7104.05","7107.80","7095.10","7095.10"
"Wed Oct 30 2024 13:15:00 GMT+0530 (India Standard Time)","7095.10","7097.40","7086.60","7094.05"
"Wed Oct 30 2024 13:20:00 GMT+0530 (India Standard Time)","7094.05","7094.15","7089.35","7092.00"
"Wed Oct 30 2024 13:25:00 GMT+0530 (India Standard Time)","7088.30","7100.00","7082.15","7095.65"
"Wed Oct 30 2024 13:30:00 GMT+0530 (India Standard Time)","7095.65","7098.80","7092.95","7096.00"
"Wed Oct 30 2024 13:35:00 GMT+0530 (India Standard Time)","7094.00","7096.00","7087.00","7090.00"
"Wed Oct 30 2024 13:40:00 GMT+0530 (India Standard Time)","7090.00","7096.50","7079.85","7083.50"
"Wed Oct 30 2024 13:45:00 GMT+0530 (India Standard Time)","7083.50","7088.00","7076.65","7084.70"
"Wed Oct 30 2024 13:50:00 GMT+0530 (India Standard Time)","7084.70","7089.80","7084.70","7088.40"
"Wed Oct 30 2024 13:55:00 GMT+0530 (India Standard Time)","7088.40","7088.40","7084.50","7086.00"
"Wed Oct 30 2024 14:00:00 GMT+0530 (India Standard Time)","7086.00","7086.00","7072.05","7077.90"
"Wed Oct 30 2024 14:05:00 GMT+0530 (India Standard Time)","7077.90","7078.00","7070.05","7076.25"
"Wed Oct 30 2024 14:10:00 GMT+0530 (India Standard Time)","7070.05","7076.20","7065.10","7068.50"
"Wed Oct 30 2024 14:15:00 GMT+0530 (India Standard Time)","7066.15","7082.10","7063.40","7081.00"
"Wed Oct 30 2024 14:20:00 GMT+0530 (India Standard Time)","7081.00","7081.00","7069.95","7073.30"
"Wed Oct 30 2024 14:25:00 GMT+0530 (India Standard Time)","7073.30","7082.00","7073.30","7078.00"
"Wed Oct 30 2024 14:30:00 GMT+0530 (India Standard Time)","7078.00","7082.00","7069.95","7082.00"
"Wed Oct 30 2024 14:35:00 GMT+0530 (India Standard Time)","7081.75","7088.75","7073.30","7073.50"
"Wed Oct 30 2024 14:40:00 GMT+0530 (India Standard Time)","7073.50","7078.00","7062.85","7065.05"
"Wed Oct 30 2024 14:45:00 GMT+0530 (India Standard Time)","7065.05","7075.60","7058.15","7065.00"
"Wed Oct 30 2024 14:50:00 GMT+0530 (India Standard Time)","7065.00","7072.00","7065.00","7072.00"
"Wed Oct 30 2024 14:55:00 GMT+0530 (India Standard Time)","7072.00","7072.00","7066.00","7066.05"
"Wed Oct 30 2024 15:00:00 GMT+0530 (India Standard Time)","7066.05","7130.00","7066.05","7129.00"
"Wed Oct 30 2024 15:05:00 GMT+0530 (India Standard Time)","7129.00","7129.00","7103.75","7108.00"
"Wed Oct 30 2024 15:10:00 GMT+0530 (India Standard Time)","7108.00","7108.00","7091.40","7099.00"
"Wed Oct 30 2024 15:15:00 GMT+0530 (India Standard Time)","7099.00","7114.00","7085.00","7093.95"
"Wed Oct 30 2024 15:20:00 GMT+0530 (India Standard Time)","7093.85","7093.95","7080.30","7088.00"
"Wed Oct 30 2024 15:25:00 GMT+0530 (India Standard Time)","7088.00","7090.00","7082.00","7082.50"
"Thu Oct 31 2024 09:15:00 GMT+0530 (India Standard Time)","7100.00","7101.00","7027.25","7042.80"
"Thu Oct 31 2024 09:20:00 GMT+0530 (India Standard Time)","7047.90","7059.95","7035.60","7042.55"
"Thu Oct 31 2024 09:25:00 GMT+0530 (India Standard Time)","7044.10","7049.00","7025.75","7037.15"
"Thu Oct 31 2024 09:30:00 GMT+0530 (India Standard Time)","7037.15","7045.30","7025.00","7042.40"
"Thu Oct 31 2024 09:35:00 GMT+0530 (India Standard Time)","7043.70","7050.00","7035.75","7045.60"
"Thu Oct 31 2024 09:40:00 GMT+0530 (India Standard Time)","7045.60","7067.70","7045.00","7064.10"
"Thu Oct 31 2024 09:45:00 GMT+0530 (India Standard Time)","7064.10","7078.25","7062.05","7067.15"
"Thu Oct 31 2024 09:50:00 GMT+0530 (India Standard Time)","7067.15","7073.75","7055.85","7064.00"
"Thu Oct 31 2024 09:55:00 GMT+0530 (India Standard Time)","7064.00","7070.00","7055.20","7059.50"
"Thu Oct 31 2024 10:00:00 GMT+0530 (India Standard Time)","7059.50","7078.35","7052.85","7071.45"
"Thu Oct 31 2024 10:05:00 GMT+0530 (India Standard Time)","7071.45","7077.55","7060.00","7063.55"
"Thu Oct 31 2024 10:10:00 GMT+0530 (India Standard Time)","7063.55","7064.75","7055.00","7055.00"
"Thu Oct 31 2024 10:15:00 GMT+0530 (India Standard Time)","7055.00","7055.00","7043.40","7048.35"
"Thu Oct 31 2024 10:20:00 GMT+0530 (India Standard Time)","7047.90","7050.55","7038.00","7048.15"
"Thu Oct 31 2024 10:25:00 GMT+0530 (India Standard Time)","7048.15","7059.95","7033.10","7048.85"
"Thu Oct 31 2024 10:30:00 GMT+0530 (India Standard Time)","7054.30","7054.30","7034.00","7043.25"
"Thu Oct 31 2024 10:35:00 GMT+0530 (India Standard Time)","7043.25","7054.70","7041.20","7050.10"
"Thu Oct 31 2024 10:40:00 GMT+0530 (India Standard Time)","7050.10","7053.00","7036.05","7036.05"
"Thu Oct 31 2024 10:45:00 GMT+0530 (India Standard Time)","7036.05","7049.85","7036.05","7040.70"
"Thu Oct 31 2024 10:50:00 GMT+0530 (India Standard Time)","7046.10","7047.35","7040.05","7046.20"
"Thu Oct 31 2024 10:55:00 GMT+0530 (India Standard Time)","7045.00","7046.70","7040.00","7046.70"
"Thu Oct 31 2024 11:00:00 GMT+0530 (India Standard Time)","7046.70","7053.95","7044.00","7052.40"
"Thu Oct 31 2024 11:05:00 GMT+0530 (India Standard Time)","7052.40","7052.80","7046.70","7046.70"
"Thu Oct 31 2024 11:10:00 GMT+0530 (India Standard Time)","7046.70","7049.95","7045.00","7045.30"
"Thu Oct 31 2024 11:15:00 GMT+0530 (India Standard Time)","7045.30","7059.45","7045.30","7056.80"
"Thu Oct 31 2024 11:20:00 GMT+0530 (India Standard Time)","7056.80","7076.00","7056.50","7075.25"
"Thu Oct 31 2024 11:25:00 GMT+0530 (India Standard Time)","7070.40","7075.60","7066.80","7066.80"
"Thu Oct 31 2024 11:30:00 GMT+0530 (India Standard Time)","7066.80","7072.90","7063.10","7068.00"
"Thu Oct 31 2024 11:35:00 GMT+0530 (India Standard Time)","7068.00","7069.40","7061.85","7067.70"
"Thu Oct 31 2024 11:40:00 GMT+0530 (India Standard Time)","7063.00","7068.15","7058.00","7062.80"
"Thu Oct 31 2024 11:45:00 GMT+0530 (India Standard Time)","7062.80","7069.45","7058.55","7061.45"
"Thu Oct 31 2024 11:50:00 GMT+0530 (India Standard Time)","7066.30","7066.50","7056.00","7063.90"
"Thu Oct 31 2024 11:55:00 GMT+0530 (India Standard Time)","7063.90","7069.35","7059.20","7067.95"
"Thu Oct 31 2024 12:00:00 GMT+0530 (India Standard Time)","7067.95","7067.95","7056.35","7058.00"
"Thu Oct 31 2024 12:05:00 GMT+0530 (India Standard Time)","7058.00","7067.35","7058.00","7063.70"
"Thu Oct 31 2024 12:10:00 GMT+0530 (India Standard Time)","7063.70","7065.75","7058.70","7060.50"
"Thu Oct 31 2024 12:15:00 GMT+0530 (India Standard Time)","7059.05","7061.00","7052.10","7056.60"
"Thu Oct 31 2024 12:20:00 GMT+0530 (India Standard Time)","7058.90","7059.90","7050.00","7051.65"
"Thu Oct 31 2024 12:25:00 GMT+0530 (India Standard Time)","7051.65","7054.60","7042.50","7049.00"
"Thu Oct 31 2024 12:30:00 GMT+0530 (India Standard Time)","7053.00","7053.00","7043.40","7043.50"
"Thu Oct 31 2024 12:35:00 GMT+0530 (India Standard Time)","7043.55","7049.40","7042.25","7043.85"
"Thu Oct 31 2024 12:40:00 GMT+0530 (India Standard Time)","7043.90","7047.85","7042.90","7043.40"
"Thu Oct 31 2024 12:45:00 GMT+0530 (India Standard Time)","7043.40","7045.20","7043.35","7043.35"
"Thu Oct 31 2024 12:50:00 GMT+0530 (India Standard Time)","7043.35","7063.25","7041.25","7063.25"
"Thu Oct 31 2024 12:55:00 GMT+0530 (India Standard Time)","7063.25","7067.20","7051.15","7060.50"
"Thu Oct 31 2024 13:00:00 GMT+0530 (India Standard Time)","7058.25","7059.95","7045.25","7056.85"
"Thu Oct 31 2024 13:05:00 GMT+0530 (India Standard Time)","7056.85","7058.80","7050.55","7050.55"
"Thu Oct 31 2024 13:10:00 GMT+0530 (India Standard Time)","7050.55","7056.55","7041.25","7053.15"
"Thu Oct 31 2024 13:15:00 GMT+0530 (India Standard Time)","7053.15","7056.85","7046.10","7047.95"
"Thu Oct 31 2024 13:20:00 GMT+0530 (India Standard Time)","7047.95","7049.70","7042.45","7044.85"
"Thu Oct 31 2024 13:25:00 GMT+0530 (India Standard Time)","7044.85","7049.95","7044.85","7045.20"
"Thu Oct 31 2024 13:30:00 GMT+0530 (India Standard Time)","7048.95","7050.00","7043.90","7043.90"
"Thu Oct 31 2024 13:35:00 GMT+0530 (India Standard Time)","7043.90","7045.75","7042.90","7044.00"
"Thu Oct 31 2024 13:40:00 GMT+0530 (India Standard Time)","7044.00","7048.90","7043.00","7044.85"
"Thu Oct 31 2024 13:45:00 GMT+0530 (India Standard Time)","7044.35","7062.35","7044.35","7058.50"
"Thu Oct 31 2024 13:50:00 GMT+0530 (India Standard Time)","7053.35","7058.10","7051.10","7052.00"
"Thu Oct 31 2024 13:55:00 GMT+0530 (India Standard Time)","7052.00","7057.90","7046.00","7050.05"
"Thu Oct 31 2024 14:00:00 GMT+0530 (India Standard Time)","7050.05","7057.80","7050.05","7051.50"
"Thu Oct 31 2024 14:05:00 GMT+0530 (India Standard Time)","7051.50","7054.65","7045.50","7045.50"
"Thu Oct 31 2024 14:10:00 GMT+0530 (India Standard Time)","7045.50","7049.40","7044.55","7045.05"
"Thu Oct 31 2024 14:15:00 GMT+0530 (India Standard Time)","7045.05","7054.75","7044.65","7051.15"
"Thu Oct 31 2024 14:20:00 GMT+0530 (India Standard Time)","7054.70","7054.75","7045.20","7047.00"
"Thu Oct 31 2024 14:25:00 GMT+0530 (India Standard Time)","7049.90","7052.55","7046.90","7046.95"
"Thu Oct 31 2024 14:30:00 GMT+0530 (India Standard Time)","7046.95","7053.35","7043.00","7047.30"
"Thu Oct 31 2024 14:35:00 GMT+0530 (India Standard Time)","7047.30","7048.95","7040.25","7040.25"
"Thu Oct 31 2024 14:40:00 GMT+0530 (India Standard Time)","7040.25","7048.55","7040.25","7042.40"
"Thu Oct 31 2024 14:45:00 GMT+0530 (India Standard Time)","7041.15","7048.00","7041.10","7046.90"
"Thu Oct 31 2024 14:50:00 GMT+0530 (India Standard Time)","7049.50","7054.65","7043.90","7049.25"
"Thu Oct 31 2024 14:55:00 GMT+0530 (India Standard Time)","7045.10","7049.15","7040.00","7042.75"
"Thu Oct 31 2024 15:00:00 GMT+0530 (India Standard Time)","7043.10","7074.60","7037.05","7038.00"
"Thu Oct 31 2024 15:05:00 GMT+0530 (India Standard Time)","7038.00","7041.50","7026.00","7026.75"
"Thu Oct 31 2024 15:10:00 GMT+0530 (India Standard Time)","7028.75","7038.95","7025.40","7030.00"
"Thu Oct 31 2024 15:15:00 GMT+0530 (India Standard Time)","7030.00","7030.00","7010.80","7012.05"
"Thu Oct 31 2024 15:20:00 GMT+0530 (India Standard Time)","7015.00","7016.40","7000.00","7003.40"
"Thu Oct 31 2024 15:25:00 GMT+0530 (India Standard Time)","7003.40","7015.70","7000.00","7015.70"
"Fri Nov 01 2024 18:00:00 GMT+0530 (India Standard Time)","7069.00","7118.95","7030.00","7118.95"
"Fri Nov 01 2024 18:05:00 GMT+0530 (India Standard Time)","7118.95","7127.00","7100.00","7121.00"
"Fri Nov 01 2024 18:10:00 GMT+0530 (India Standard Time)","7121.00","7133.95","7115.00","7121.80"
"Fri Nov 01 2024 18:15:00 GMT+0530 (India Standard Time)","7125.55","7134.00","7100.20","7115.00"
"Fri Nov 01 2024 18:20:00 GMT+0530 (India Standard Time)","7120.00","7128.30","7105.05","7120.05"
"Fri Nov 01 2024 18:25:00 GMT+0530 (India Standard Time)","7121.10","7121.25","7110.35","7117.80"
"Fri Nov 01 2024 18:30:00 GMT+0530 (India Standard Time)","7117.80","7117.80","7110.00","7113.00"
"Fri Nov 01 2024 18:35:00 GMT+0530 (India Standard Time)","7110.00","7115.00","7101.65","7105.00"
"Fri Nov 01 2024 18:40:00 GMT+0530 (India Standard Time)","7105.00","7108.80","7099.00","7100.00"
"Fri Nov 01 2024 18:45:00 GMT+0530 (India Standard Time)","7100.00","7106.80","7094.00","7106.80"
"Fri Nov 01 2024 18:50:00 GMT+0530 (India Standard Time)","7106.80","7118.60","7106.80","7112.55"
"Fri Nov 01 2024 18:55:00 GMT+0530 (India Standard Time)","7106.70","7120.00","7106.70","7107.90"
"Mon Nov 04 2024 09:15:00 GMT+0530 (India Standard Time)","7146.95","7146.95","6989.35","7027.85"
"Mon Nov 04 2024 09:20:00 GMT+0530 (India Standard Time)","7025.25","7035.00","7010.55","7010.55"
"Mon Nov 04 2024 09:25:00 GMT+0530 (India Standard Time)","7010.55","7027.90","7003.00","7010.70"
"Mon Nov 04 2024 09:30:00 GMT+0530 (India Standard Time)","7013.95","7031.05","7009.00","7015.30"
"Mon Nov 04 2024 09:35:00 GMT+0530 (India Standard Time)","7013.35","7022.30","7007.00","7015.00"
"Mon Nov 04 2024 09:40:00 GMT+0530 (India Standard Time)","7017.90","7017.90","7004.00","7012.55"
"Mon Nov 04 2024 09:45:00 GMT+0530 (India Standard Time)","7007.00","7013.25","6992.90","7002.00"
"Mon Nov 04 2024 09:50:00 GMT+0530 (India Standard Time)","7002.00","7014.70","7000.00","7007.00"
"Mon Nov 04 2024 09:55:00 GMT+0530 (India Standard Time)","7007.00","7010.00","6995.00","7001.95"
"Mon Nov 04 2024 10:00:00 GMT+0530 (India Standard Time)","7005.55","7010.40","6993.20","6999.85"
"Mon Nov 04 2024 10:05:00 GMT+0530 (India Standard Time)","6999.85","7001.90","6992.10","6998.45"
"Mon Nov 04 2024 10:10:00 GMT+0530 (India Standard Time)","6998.45","7004.65","6990.00","6995.90"
"Mon Nov 04 2024 10:15:00 GMT+0530 (India Standard Time)","6995.90","7007.00","6990.95","7006.30"
"Mon Nov 04 2024 10:20:00 GMT+0530 (India Standard Time)","7005.00","7014.80","7001.00","7007.25"
"Mon Nov 04 2024 10:25:00 GMT+0530 (India Standard Time)","7007.00","7007.25","6995.95","7000.00"
"Mon Nov 04 2024 10:30:00 GMT+0530 (India Standard Time)","7000.00","7005.40","6995.05","6999.45"
"Mon Nov 04 2024 10:35:00 GMT+0530 (India Standard Time)","6999.45","7004.85","6991.00","6991.00"
"Mon Nov 04 2024 10:40:00 GMT+0530 (India Standard Time)","6991.00","6994.45","6977.00","6988.20"
"Mon Nov 04 2024 10:45:00 GMT+0530 (India Standard Time)","6988.20","6990.90","6980.55","6989.80"
"Mon Nov 04 2024 10:50:00 GMT+0530 (India Standard Time)","6989.85","6998.00","6987.00","6993.55"
"Mon Nov 04 2024 10:55:00 GMT+0530 (India Standard Time)","6993.55","6993.60","6981.60","6981.60"
"Mon Nov 04 2024 11:00:00 GMT+0530 (India Standard Time)","6986.55","6992.00","6982.00","6987.70"
"Mon Nov 04 2024 11:05:00 GMT+0530 (India Standard Time)","6987.70","6992.95","6981.60","6981.60"
"Mon Nov 04 2024 11:10:00 GMT+0530 (India Standard Time)","6981.60","6984.00","6969.00","6983.00"
"Mon Nov 04 2024 11:15:00 GMT+0530 (India Standard Time)","6983.00","6986.20","6969.00","6978.50"
"Mon Nov 04 2024 11:20:00 GMT+0530 (India Standard Time)","6972.65","6999.85","6972.65","6996.00"
"Mon Nov 04 2024 11:25:00 GMT+0530 (India Standard Time)","6997.00","7006.80","6989.55","6995.15"
"Mon Nov 04 2024 11:30:00 GMT+0530 (India Standard Time)","6995.00","7001.55","6990.00","6997.50"
"Mon Nov 04 2024 11:35:00 GMT+0530 (India Standard Time)","6997.50","7000.00","6992.80","6997.80"
"Mon Nov 04 2024 11:40:00 GMT+0530 (India Standard Time)","6997.80","7001.00","6988.55","7000.85"
"Mon Nov 04 2024 11:45:00 GMT+0530 (India Standard Time)","7000.85","7001.00","6996.55","7000.00"
"Mon Nov 04 2024 11:50:00 GMT+0530 (India Standard Time)","7000.00","7005.00","6991.30","7004.95"
"Mon Nov 04 2024 11:55:00 GMT+0530 (India Standard Time)","7004.95","7009.75","7000.50","7006.65"
"Mon Nov 04 2024 12:00:00 GMT+0530 (India Standard Time)","7006.65","7015.95","7002.95","7013.85"
"Mon Nov 04 2024 12:05:00 GMT+0530 (India Standard Time)","7013.85","7015.80","7002.05","7005.65"
"Mon Nov 04 2024 12:10:00 GMT+0530 (India Standard Time)","7005.65","7012.05","7002.00","7010.00"
"Mon Nov 04 2024 12:15:00 GMT+0530 (India Standard Time)","7010.00","7012.00","7003.85","7003.85"
"Mon Nov 04 2024 12:20:00 GMT+0530 (India Standard Time)","7003.85","7005.45","6990.05","6994.90"
"Mon Nov 04 2024 12:25:00 GMT+0530 (India Standard Time)","6994.90","7002.85","6993.40","7002.65"
"Mon Nov 04 2024 12:30:00 GMT+0530 (India Standard Time)","7000.35","7000.35","6990.05","6995.85"
"Mon Nov 04 2024 12:35:00 GMT+0530 (India Standard Time)","6991.80","7004.90","6991.80","7000.15"
"Mon Nov 04 2024 12:40:00 GMT+0530 (India Standard Time)","7000.15","7002.15","6990.00","6990.00"
"Mon Nov 04 2024 12:45:00 GMT+0530 (India Standard Time)","6990.00","6998.05","6990.00","6993.55"
"Mon Nov 04 2024 12:50:00 GMT+0530 (India Standard Time)","6994.05","7001.80","6990.00","6997.05"
"Mon Nov 04 2024 12:55:00 GMT+0530 (India Standard Time)","6997.05","7001.55","6994.00","6996.00"
"Mon Nov 04 2024 13:00:00 GMT+0530 (India Standard Time)","6996.00","6999.00","6994.00","6998.50"
"Mon Nov 04 2024 13:05:00 GMT+0530 (India Standard Time)","6999.35","7000.00","6995.05","6999.40"
"Mon Nov 04 2024 13:10:00 GMT+0530 (India Standard Time)","6999.40","7013.80","6999.00","7009.00"
"Mon Nov 04 2024 13:15:00 GMT+0530 (India Standard Time)","7009.00","7010.90","7004.00","7006.65"
"Mon Nov 04 2024 13:20:00 GMT+0530 (India Standard Time)","7006.65","7010.00","7005.00","7008.20"
"Mon Nov 04 2024 13:25:00 GMT+0530 (India Standard Time)","7008.20","7008.20","7005.00","7006.65"
"Mon Nov 04 2024 13:30:00 GMT+0530 (India Standard Time)","7006.65","7015.40","7005.00","7011.00"
"Mon Nov 04 2024 13:35:00 GMT+0530 (India Standard Time)","7011.00","7012.45","7005.00","7005.25"
"Mon Nov 04 2024 13:40:00 GMT+0530 (India Standard Time)","7005.25","7015.85","7005.25","7015.85"
"Mon Nov 04 2024 13:45:00 GMT+0530 (India Standard Time)","7013.40","7020.45","7013.00","7016.90"
"Mon Nov 04 2024 13:50:00 GMT+0530 (India Standard Time)","7016.90","7020.00","7013.10","7017.85"
"Mon Nov 04 2024 13:55:00 GMT+0530 (India Standard Time)","7017.85","7025.00","7015.00","7023.50"
"Mon Nov 04 2024 14:00:00 GMT+0530 (India Standard Time)","7023.50","7024.95","7020.00","7021.95"
"Mon Nov 04 2024 14:05:00 GMT+0530 (India Standard Time)","7021.95","7025.30","7015.00","7025.30"
"Mon Nov 04 2024 14:10:00 GMT+0530 (India Standard Time)","7025.30","7029.95","7025.00","7028.05"
"Mon Nov 04 2024 14:15:00 GMT+0530 (India Standard Time)","7029.50","7033.00","7020.15","7020.15"
"Mon Nov 04 2024 14:20:00 GMT+0530 (India Standard Time)","7021.65","7027.60","7010.15","7027.15"
"Mon Nov 04 2024 14:25:00 GMT+0530 (India Standard Time)","7027.15","7029.85","7015.00","7019.40"
"Mon Nov 04 2024 14:30:00 GMT+0530 (India Standard Time)","7024.95","7031.00","7021.65","7029.10"
"Mon Nov 04 2024 14:35:00 GMT+0530 (India Standard Time)","7029.10","7029.95","7022.70","7027.40"
"Mon Nov 04 2024 14:40:00 GMT+0530 (India Standard Time)","7027.40","7029.15","7022.35","7025.90"
"Mon Nov 04 2024 14:45:00 GMT+0530 (India Standard Time)","7025.90","7030.00","7023.90","7027.00"
"Mon Nov 04 2024 14:50:00 GMT+0530 (India Standard Time)","7027.00","7027.00","7022.05","7024.60"
"Mon Nov 04 2024 14:55:00 GMT+0530 (India Standard Time)","7023.90","7029.95","7020.20","7024.80"
"Mon Nov 04 2024 15:00:00 GMT+0530 (India Standard Time)","7024.80","7054.00","7024.60","7047.60"
"Mon Nov 04 2024 15:05:00 GMT+0530 (India Standard Time)","7047.00","7047.00","7033.00","7035.00"
"Mon Nov 04 2024 15:10:00 GMT+0530 (India Standard Time)","7033.00","7037.00","7025.50","7028.00"
"Mon Nov 04 2024 15:15:00 GMT+0530 (India Standard Time)","7028.00","7040.00","7025.50","7034.00"
"Mon Nov 04 2024 15:20:00 GMT+0530 (India Standard Time)","7032.40","7037.80","7025.00","7033.35"
"Mon Nov 04 2024 15:25:00 GMT+0530 (India Standard Time)","7032.40","7035.75","7025.00","7025.00"
"Tue Nov 05 2024 09:15:00 GMT+0530 (India Standard Time)","7040.00","7070.00","7017.00","7049.55"
"Tue Nov 05 2024 09:20:00 GMT+0530 (India Standard Time)","7055.25","7078.85","7037.35","7040.00"
"Tue Nov 05 2024 09:25:00 GMT+0530 (India Standard Time)","7040.05","7050.05","7035.00","7040.50"
"Tue Nov 05 2024 09:30:00 GMT+0530 (India Standard Time)","7041.95","7047.95","7030.05","7047.50"
"Tue Nov 05 2024 09:35:00 GMT+0530 (India Standard Time)","7046.70","7046.95","7020.05","7020.05"
"Tue Nov 05 2024 09:40:00 GMT+0530 (India Standard Time)","7024.85","7031.45","7020.00","7026.00"
"Tue Nov 05 2024 09:45:00 GMT+0530 (India Standard Time)","7028.95","7029.00","7010.00","7013.05"
"Tue Nov 05 2024 09:50:00 GMT+0530 (India Standard Time)","7013.05","7018.55","7004.00","7015.00"
"Tue Nov 05 2024 09:55:00 GMT+0530 (India Standard Time)","7015.00","7046.00","7011.00","7039.00"
"Tue Nov 05 2024 10:00:00 GMT+0530 (India Standard Time)","7039.00","7050.00","7035.00","7045.90"
"Tue Nov 05 2024 10:05:00 GMT+0530 (India Standard Time)","7044.75","7048.90","7033.00","7044.00"
"Tue Nov 05 2024 10:10:00 GMT+0530 (India Standard Time)","7044.00","7048.90","7032.10","7036.10"
"Tue Nov 05 2024 10:15:00 GMT+0530 (India Standard Time)","7036.10","7036.20","7011.05","7024.95"
"Tue Nov 05 2024 10:20:00 GMT+0530 (India Standard Time)","7026.15","7029.60","7011.10","7020.75"
"Tue Nov 05 2024 10:25:00 GMT+0530 (India Standard Time)","7020.75","7040.00","7016.65","7036.30"
"Tue Nov 05 2024 10:30:00 GMT+0530 (India Standard Time)","7038.70","7043.20","7033.70","7039.90"
"Tue Nov 05 2024 10:35:00 GMT+0530 (India Standard Time)","7039.70","7040.00","7031.40","7039.90"
"Tue Nov 05 2024 10:40:00 GMT+0530 (India Standard Time)","7039.90","7044.00","7033.10","7037.80"
"Tue Nov 05 2024 10:45:00 GMT+0530 (India Standard Time)","7037.25","7040.45","7031.55","7032.10"
"Tue Nov 05 2024 10:50:00 GMT+0530 (India Standard Time)","7032.10","7038.00","7032.10","7032.95"
"Tue Nov 05 2024 10:55:00 GMT+0530 (India Standard Time)","7032.95","7036.65","7030.00","7035.00"
"Tue Nov 05 2024 11:00:00 GMT+0530 (India Standard Time)","7035.00","7036.85","7025.00","7028.85"
"Tue Nov 05 2024 11:05:00 GMT+0530 (India Standard Time)","7029.60","7034.30","7023.45","7027.85"
"Tue Nov 05 2024 11:10:00 GMT+0530 (India Standard Time)","7027.85","7033.90","7023.10","7028.00"
"Tue Nov 05 2024 11:15:00 GMT+0530 (India Standard Time)","7028.00","7028.00","7016.75","7020.40"
"Tue Nov 05 2024 11:20:00 GMT+0530 (India Standard Time)","7020.00","7024.90","7018.85","7018.85"
"Tue Nov 05 2024 11:25:00 GMT+0530 (India Standard Time)","7018.85","7024.90","7015.00","7021.05"
"Tue Nov 05 2024 11:30:00 GMT+0530 (India Standard Time)","7021.10","7021.10","7011.00","7015.55"
"Tue Nov 05 2024 11:35:00 GMT+0530 (India Standard Time)","7015.55","7018.20","7012.00","7015.60"
"Tue Nov 05 2024 11:40:00 GMT+0530 (India Standard Time)","7015.60","7018.15","7012.00","7013.00"
"Tue Nov 05 2024 11:45:00 GMT+0530 (India Standard Time)","7013.00","7015.00","6993.00","7001.80"
"Tue Nov 05 2024 11:50:00 GMT+0530 (India Standard Time)","7001.80","7004.30","6993.00","6996.55"
"Tue Nov 05 2024 11:55:00 GMT+0530 (India Standard Time)","6996.55","7003.55","6996.55","7000.05"
"Tue Nov 05 2024 12:00:00 GMT+0530 (India Standard Time)","7000.70","7005.00","6998.00","7001.70"
"Tue Nov 05 2024 12:05:00 GMT+0530 (India Standard Time)","7001.70","7005.60","6996.00","7005.55"
"Tue Nov 05 2024 12:10:00 GMT+0530 (India Standard Time)","7005.55","7013.25","7000.45","7000.45"
"Tue Nov 05 2024 12:15:00 GMT+0530 (India Standard Time)","7000.45","7021.00","7000.45","7021.00"
"Tue Nov 05 2024 12:20:00 GMT+0530 (India Standard Time)","7018.70","7024.20","7008.35","7018.35"
"Tue Nov 05 2024 12:25:00 GMT+0530 (India Standard Time)","7018.35","7020.00","7012.70","7014.60"
"Tue Nov 05 2024 12:30:00 GMT+0530 (India Standard Time)","7014.60","7018.40","7014.60","7017.95"
"Tue Nov 05 2024 12:35:00 GMT+0530 (India Standard Time)","7017.95","7017.95","7013.60","7017.80"
"Tue Nov 05 2024 12:40:00 GMT+0530 (India Standard Time)","7017.80","7018.00","7014.35","7016.60"
"Tue Nov 05 2024 12:45:00 GMT+0530 (India Standard Time)","7016.60","7020.00","7002.05","7017.35"
"Tue Nov 05 2024 12:50:00 GMT+0530 (India Standard Time)","7016.30","7017.30","7010.60","7015.95"
"Tue Nov 05 2024 12:55:00 GMT+0530 (India Standard Time)","7012.85","7018.20","7010.75","7016.05"
"Tue Nov 05 2024 13:00:00 GMT+0530 (India Standard Time)","7017.35","7018.10","7010.00","7018.10"
"Tue Nov 05 2024 13:05:00 GMT+0530 (India Standard Time)","7018.10","7019.70","7009.00","7009.20"
"Tue Nov 05 2024 13:10:00 GMT+0530 (India Standard Time)","7013.10","7016.55","7009.35","7012.15"
"Tue Nov 05 2024 13:15:00 GMT+0530 (India Standard Time)","7012.15","7018.00","7008.30","7008.30"
"Tue Nov 05 2024 13:20:00 GMT+0530 (India Standard Time)","7003.90","7019.10","7002.25","7016.25"
"Tue Nov 05 2024 13:25:00 GMT+0530 (India Standard Time)","7019.00","7022.40","7014.95","7022.40"
"Tue Nov 05 2024 13:30:00 GMT+0530 (India Standard Time)","7024.50","7042.40","7020.40","7037.05"
"Tue Nov 05 2024 13:35:00 GMT+0530 (India Standard Time)","7037.05","7038.55","7025.90","7037.65"
"Tue Nov 05 2024 13:40:00 GMT+0530 (India Standard Time)","7034.00","7049.90","7031.05","7045.00"
"Tue Nov 05 2024 13:45:00 GMT+0530 (India Standard Time)","7045.00","7045.00","7035.00","7043.00"
"Tue Nov 05 2024 13:50:00 GMT+0530 (India Standard Time)","7043.00","7049.95","7035.00","7047.00"
"Tue Nov 05 2024 13:55:00 GMT+0530 (India Standard Time)","7043.70","7050.00","7035.25","7040.00"
"Tue Nov 05 2024 14:00:00 GMT+0530 (India Standard Time)","7040.00","7049.65","7035.10","7049.65"
"Tue Nov 05 2024 14:05:00 GMT+0530 (India Standard Time)","7049.65","7049.65","7036.25","7041.55"
"Tue Nov 05 2024 14:10:00 GMT+0530 (India Standard Time)","7041.55","7043.90","7040.10","7041.00"
"Tue Nov 05 2024 14:15:00 GMT+0530 (India Standard Time)","7040.00","7043.00","7037.30","7040.45"
"Tue Nov 05 2024 14:20:00 GMT+0530 (India Standard Time)","7040.45","7049.25","7035.15","7044.70"
"Tue Nov 05 2024 14:25:00 GMT+0530 (India Standard Time)","7044.70","7049.90","7040.25","7042.40"
"Tue Nov 05 2024 14:30:00 GMT+0530 (India Standard Time)","7042.40","7045.35","7031.65","7037.35"
"Tue Nov 05 2024 14:35:00 GMT+0530 (India Standard Time)","7034.20","7050.00","7032.00","7045.00"
"Tue Nov 05 2024 14:40:00 GMT+0530 (India Standard Time)","7045.00","7049.35","7036.40","7047.00"
"Tue Nov 05 2024 14:45:00 GMT+0530 (India Standard Time)","7047.00","7048.35","7032.70","7034.35"
"Tue Nov 05 2024 14:50:00 GMT+0530 (India Standard Time)","7034.35","7035.95","7032.70","7034.50"
"Tue Nov 05 2024 14:55:00 GMT+0530 (India Standard Time)","7034.50","7034.60","7025.55","7029.90"
"Tue Nov 05 2024 15:00:00 GMT+0530 (India Standard Time)","7029.30","7034.60","7024.10","7034.60"
"Tue Nov 05 2024 15:05:00 GMT+0530 (India Standard Time)","7034.60","7034.95","7020.05","7028.65"
"Tue Nov 05 2024 15:10:00 GMT+0530 (India Standard Time)","7028.75","7031.95","7020.05","7026.55"
"Tue Nov 05 2024 15:15:00 GMT+0530 (India Standard Time)","7026.55","7043.00","7020.00","7041.00"
"Tue Nov 05 2024 15:20:00 GMT+0530 (India Standard Time)","7041.00","7043.00","7035.00","7035.05"
"Tue Nov 05 2024 15:25:00 GMT+0530 (India Standard Time)","7035.05","7041.90","7012.00","7041.85"
"Wed Nov 06 2024 09:15:00 GMT+0530 (India Standard Time)","7030.00","7108.20","7029.95","7089.00"
"Wed Nov 06 2024 09:20:00 GMT+0530 (India Standard Time)","7089.00","7104.00","7074.00","7090.70"
"Wed Nov 06 2024 09:25:00 GMT+0530 (India Standard Time)","7093.50","7127.00","7091.00","7125.85"
"Wed Nov 06 2024 09:30:00 GMT+0530 (India Standard Time)","7125.85","7131.85","7110.05","7111.50"
"Wed Nov 06 2024 09:35:00 GMT+0530 (India Standard Time)","7118.00","7119.90","7101.55","7113.15"
"Wed Nov 06 2024 09:40:00 GMT+0530 (India Standard Time)","7113.15","7125.00","7108.00","7119.80"
"Wed Nov 06 2024 09:45:00 GMT+0530 (India Standard Time)","7119.80","7147.00","7109.85","7136.00"
"Wed Nov 06 2024 09:50:00 GMT+0530 (India Standard Time)","7136.00","7146.95","7127.60","7130.70"
"Wed Nov 06 2024 09:55:00 GMT+0530 (India Standard Time)","7131.00","7147.95","7126.60","7143.80"
"Wed Nov 06 2024 10:00:00 GMT+0530 (India Standard Time)","7139.20","7171.00","7138.35","7167.00"
"Wed Nov 06 2024 10:05:00 GMT+0530 (India Standard Time)","7167.00","7185.75","7162.30","7170.55"
"Wed Nov 06 2024 10:10:00 GMT+0530 (India Standard Time)","7170.55","7175.00","7151.05","7168.30"
"Wed Nov 06 2024 10:15:00 GMT+0530 (India Standard Time)","7165.15","7172.00","7154.20","7167.75"
"Wed Nov 06 2024 10:20:00 GMT+0530 (India Standard Time)","7162.15","7176.55","7155.70","7162.30"
"Wed Nov 06 2024 10:25:00 GMT+0530 (India Standard Time)","7163.00","7173.10","7142.10","7142.10"
"Wed Nov 06 2024 10:30:00 GMT+0530 (India Standard Time)","7142.10","7142.10","7121.80","7128.05"
"Wed Nov 06 2024 10:35:00 GMT+0530 (India Standard Time)","7128.05","7133.50","7115.00","7128.00"
"Wed Nov 06 2024 10:40:00 GMT+0530 (India Standard Time)","7128.00","7133.50","7119.00","7127.05"
"Wed Nov 06 2024 10:45:00 GMT+0530 (India Standard Time)","7126.20","7138.00","7124.85","7125.95"
"Wed Nov 06 2024 10:50:00 GMT+0530 (India Standard Time)","7125.95","7145.00","7122.00","7140.60"
"Wed Nov 06 2024 10:55:00 GMT+0530 (India Standard Time)","7140.60","7140.60","7131.00","7131.00"
"Wed Nov 06 2024 11:00:00 GMT+0530 (India Standard Time)","7136.95","7143.05","7132.50","7143.00"
"Wed Nov 06 2024 11:05:00 GMT+0530 (India Standard Time)","7143.00","7145.00","7138.90","7144.90"
"Wed Nov 06 2024 11:10:00 GMT+0530 (India Standard Time)","7145.00","7148.80","7140.00","7143.60"
"Wed Nov 06 2024 11:15:00 GMT+0530 (India Standard Time)","7143.60","7143.60","7133.70","7135.00"
"Wed Nov 06 2024 11:20:00 GMT+0530 (India Standard Time)","7135.00","7136.30","7131.00","7133.60"
"Wed Nov 06 2024 11:25:00 GMT+0530 (India Standard Time)","7133.60","7135.00","7131.15","7131.30"
"Wed Nov 06 2024 11:30:00 GMT+0530 (India Standard Time)","7135.00","7140.00","7131.25","7135.00"
"Wed Nov 06 2024 11:35:00 GMT+0530 (India Standard Time)","7135.00","7140.70","7132.40","7137.35"
"Wed Nov 06 2024 11:40:00 GMT+0530 (India Standard Time)","7137.35","7155.00","7137.35","7152.10"
"Wed Nov 06 2024 11:45:00 GMT+0530 (India Standard Time)","7158.95","7159.00","7148.10","7150.00"
"Wed Nov 06 2024 11:50:00 GMT+0530 (India Standard Time)","7150.00","7165.00","7150.00","7165.00"
"Wed Nov 06 2024 11:55:00 GMT+0530 (India Standard Time)","7164.85","7164.85","7156.05","7161.10"
"Wed Nov 06 2024 12:00:00 GMT+0530 (India Standard Time)","7161.10","7164.00","7156.50","7158.05"
"Wed Nov 06 2024 12:05:00 GMT+0530 (India Standard Time)","7158.05","7164.90","7155.00","7155.00"
"Wed Nov 06 2024 12:10:00 GMT+0530 (India Standard Time)","7159.10","7160.00","7151.00","7151.10"
"Wed Nov 06 2024 12:15:00 GMT+0530 (India Standard Time)","7151.10","7160.45","7151.00","7160.45"
"Wed Nov 06 2024 12:20:00 GMT+0530 (India Standard Time)","7152.60","7160.30","7151.75","7156.80"
"Wed Nov 06 2024 12:25:00 GMT+0530 (India Standard Time)","7156.80","7168.85","7152.75","7164.55"
"Wed Nov 06 2024 12:30:00 GMT+0530 (India Standard Time)","7164.55","7169.00","7157.75","7162.70"
"Wed Nov 06 2024 12:35:00 GMT+0530 (India Standard Time)","7162.00","7174.95","7162.00","7172.05"
"Wed Nov 06 2024 12:40:00 GMT+0530 (India Standard Time)","7172.05","7175.00","7168.30","7172.00"
"Wed Nov 06 2024 12:45:00 GMT+0530 (India Standard Time)","7169.00","7175.40","7169.00","7171.05"
"Wed Nov 06 2024 12:50:00 GMT+0530 (India Standard Time)","7171.05","7175.00","7165.00","7167.85"
"Wed Nov 06 2024 12:55:00 GMT+0530 (India Standard Time)","7167.85","7169.50","7163.00","7168.80"
"Wed Nov 06 2024 13:00:00 GMT+0530 (India Standard Time)","7163.10","7169.50","7161.05","7165.00"
"Wed Nov 06 2024 13:05:00 GMT+0530 (India Standard Time)","7165.00","7169.50","7161.00","7167.45"
"Wed Nov 06 2024 13:10:00 GMT+0530 (India Standard Time)","7167.45","7171.80","7165.00","7165.55"
"Wed Nov 06 2024 13:15:00 GMT+0530 (India Standard Time)","7165.55","7170.00","7165.00","7165.00"
"Wed Nov 06 2024 13:20:00 GMT+0530 (India Standard Time)","7165.00","7168.50","7160.00","7167.55"
"Wed Nov 06 2024 13:25:00 GMT+0530 (India Standard Time)","7167.55","7167.55","7160.00","7163.00"
"Wed Nov 06 2024 13:30:00 GMT+0530 (India Standard Time)","7163.00","7167.00","7163.00","7167.00"
"Wed Nov 06 2024 13:35:00 GMT+0530 (India Standard Time)","7167.00","7176.00","7165.00","7175.00"
"Wed Nov 06 2024 13:40:00 GMT+0530 (India Standard Time)","7175.00","7176.00","7168.00","7171.15"
"Wed Nov 06 2024 13:45:00 GMT+0530 (India Standard Time)","7171.15","7177.75","7171.15","7176.90"
"Wed Nov 06 2024 13:50:00 GMT+0530 (India Standard Time)","7175.00","7179.90","7173.05","7175.00"
"Wed Nov 06 2024 13:55:00 GMT+0530 (India Standard Time)","7173.50","7178.45","7165.00","7170.00"
"Wed Nov 06 2024 14:00:00 GMT+0530 (India Standard Time)","7170.00","7173.60","7165.10","7170.55"
"Wed Nov 06 2024 14:05:00 GMT+0530 (India Standard Time)","7170.55","7175.00","7166.00","7174.30"
"Wed Nov 06 2024 14:10:00 GMT+0530 (India Standard Time)","7171.05","7175.90","7171.05","7175.00"
"Wed Nov 06 2024 14:15:00 GMT+0530 (India Standard Time)","7175.00","7176.00","7168.55","7174.00"
"Wed Nov 06 2024 14:20:00 GMT+0530 (India Standard Time)","7174.00","7176.65","7170.10","7172.00"
"Wed Nov 06 2024 14:25:00 GMT+0530 (India Standard Time)","7172.00","7209.90","7170.10","7205.50"
"Wed Nov 06 2024 14:30:00 GMT+0530 (India Standard Time)","7211.90","7265.00","7210.50","7259.65"
"Wed Nov 06 2024 14:35:00 GMT+0530 (India Standard Time)","7259.65","7259.65","7225.95","7230.05"
"Wed Nov 06 2024 14:40:00 GMT+0530 (India Standard Time)","7230.05","7234.40","7211.55","7225.00"
"Wed Nov 06 2024 14:45:00 GMT+0530 (India Standard Time)","7225.00","7233.00","7219.00","7219.05"
"Wed Nov 06 2024 14:50:00 GMT+0530 (India Standard Time)","7219.05","7219.50","7200.00","7210.00"
"Wed Nov 06 2024 14:55:00 GMT+0530 (India Standard Time)","7210.00","7218.95","7204.00","7209.60"
"Wed Nov 06 2024 15:00:00 GMT+0530 (India Standard Time)","7204.95","7226.10","7203.85","7222.25"
"Wed Nov 06 2024 15:05:00 GMT+0530 (India Standard Time)","7222.80","7223.00","7216.05","7220.00"
"Wed Nov 06 2024 15:10:00 GMT+0530 (India Standard Time)","7220.00","7225.00","7211.65","7225.00"
"Wed Nov 06 2024 15:15:00 GMT+0530 (India Standard Time)","7226.50","7242.00","7211.25","7241.75"
"Wed Nov 06 2024 15:20:00 GMT+0530 (India Standard Time)","7241.65","7250.00","7235.55","7249.75"
"Wed Nov 06 2024 15:25:00 GMT+0530 (India Standard Time)","7249.75","7249.75","7225.00","7225.00"
"Thu Nov 07 2024 09:15:00 GMT+0530 (India Standard Time)","7349.25","7390.00","7300.00","7340.00"
"Thu Nov 07 2024 09:20:00 GMT+0530 (India Standard Time)","7340.00","7355.00","7325.75","7329.30"
"Thu Nov 07 2024 09:25:00 GMT+0530 (India Standard Time)","7322.50","7335.15","7269.15","7282.90"
"Thu Nov 07 2024 09:30:00 GMT+0530 (India Standard Time)","7283.35","7303.00","7254.65","7294.60"
"Thu Nov 07 2024 09:35:00 GMT+0530 (India Standard Time)","7294.60","7303.35","7282.55","7282.55"
"Thu Nov 07 2024 09:40:00 GMT+0530 (India Standard Time)","7282.00","7290.00","7265.00","7273.75"
"Thu Nov 07 2024 09:45:00 GMT+0530 (India Standard Time)","7270.60","7275.60","7262.00","7269.30"
"Thu Nov 07 2024 09:50:00 GMT+0530 (India Standard Time)","7272.05","7279.05","7262.00","7265.05"
"Thu Nov 07 2024 09:55:00 GMT+0530 (India Standard Time)","7265.05","7270.00","7248.00","7250.10"
"Thu Nov 07 2024 10:00:00 GMT+0530 (India Standard Time)","7249.15","7264.25","7240.00","7259.95"
"Thu Nov 07 2024 10:05:00 GMT+0530 (India Standard Time)","7259.95","7259.95","7241.05","7245.40"
"Thu Nov 07 2024 10:10:00 GMT+0530 (India Standard Time)","7247.10","7249.95","7230.05","7240.00"
"Thu Nov 07 2024 10:15:00 GMT+0530 (India Standard Time)","7240.00","7242.80","7230.00","7230.05"
"Thu Nov 07 2024 10:20:00 GMT+0530 (India Standard Time)","7236.35","7236.35","7212.70","7215.95"
"Thu Nov 07 2024 10:25:00 GMT+0530 (India Standard Time)","7215.95","7220.40","7204.00","7210.00"
"Thu Nov 07 2024 10:30:00 GMT+0530 (India Standard Time)","7210.00","7210.55","7185.00","7192.10"
"Thu Nov 07 2024 10:35:00 GMT+0530 (India Standard Time)","7192.10","7210.90","7188.20","7207.75"
"Thu Nov 07 2024 10:40:00 GMT+0530 (India Standard Time)","7207.50","7219.50","7200.05","7218.95"
"Thu Nov 07 2024 10:45:00 GMT+0530 (India Standard Time)","7218.95","7218.95","7209.65","7212.90"
"Thu Nov 07 2024 10:50:00 GMT+0530 (India Standard Time)","7212.70","7237.40","7209.00","7228.70"
"Thu Nov 07 2024 10:55:00 GMT+0530 (India Standard Time)","7228.70","7240.00","7226.35","7235.70"
"Thu Nov 07 2024 11:00:00 GMT+0530 (India Standard Time)","7239.15","7239.70","7230.50","7237.00"
"Thu Nov 07 2024 11:05:00 GMT+0530 (India Standard Time)","7237.80","7240.00","7207.60","7210.25"
"Thu Nov 07 2024 11:10:00 GMT+0530 (India Standard Time)","7215.50","7228.55","7215.50","7224.00"
"Thu Nov 07 2024 11:15:00 GMT+0530 (India Standard Time)","7227.00","7231.40","7222.70","7222.70"
"Thu Nov 07 2024 11:20:00 GMT+0530 (India Standard Time)","7225.30","7230.10","7215.20","7229.65"
"Thu Nov 07 2024 11:25:00 GMT+0530 (India Standard Time)","7229.65","7235.80","7225.10","7231.35"
"Thu Nov 07 2024 11:30:00 GMT+0530 (India Standard Time)","7231.35","7239.05","7230.45","7237.20"
"Thu Nov 07 2024 11:35:00 GMT+0530 (India Standard Time)","7237.20","7249.95","7237.20","7244.85"
"Thu Nov 07 2024 11:40:00 GMT+0530 (India Standard Time)","7244.85","7247.90","7240.10","7243.30"
"Thu Nov 07 2024 11:45:00 GMT+0530 (India Standard Time)","7243.35","7243.35","7231.15","7231.80"
"Thu Nov 07 2024 11:50:00 GMT+0530 (India Standard Time)","7231.80","7237.15","7222.00","7227.85"
"Thu Nov 07 2024 11:55:00 GMT+0530 (India Standard Time)","7227.65","7228.95","7222.90","7225.10"
"Thu Nov 07 2024 12:00:00 GMT+0530 (India Standard Time)","7225.10","7226.20","7210.00","7215.70"
"Thu Nov 07 2024 12:05:00 GMT+0530 (India Standard Time)","7217.20","7230.00","7215.25","7222.00"
"Thu Nov 07 2024 12:10:00 GMT+0530 (India Standard Time)","7222.00","7229.10","7222.00","7225.00"
"Thu Nov 07 2024 12:15:00 GMT+0530 (India Standard Time)","7225.00","7226.55","7221.00","7223.00"
"Thu Nov 07 2024 12:20:00 GMT+0530 (India Standard Time)","7223.00","7234.65","7222.95","7233.10"
"Thu Nov 07 2024 12:25:00 GMT+0530 (India Standard Time)","7233.10","7237.40","7232.45","7233.00"
"Thu Nov 07 2024 12:30:00 GMT+0530 (India Standard Time)","7233.00","7245.00","7230.50","7235.40"
"Thu Nov 07 2024 12:35:00 GMT+0530 (India Standard Time)","7235.40","7240.25","7235.00","7235.35"
"Thu Nov 07 2024 12:40:00 GMT+0530 (India Standard Time)","7238.50","7244.90","7235.35","7235.65"
"Thu Nov 07 2024 12:45:00 GMT+0530 (India Standard Time)","7235.65","7245.00","7235.65","7240.50"
"Thu Nov 07 2024 12:50:00 GMT+0530 (India Standard Time)","7240.50","7241.90","7230.00","7230.00"
"Thu Nov 07 2024 12:55:00 GMT+0530 (India Standard Time)","7221.35","7230.70","7221.35","7225.40"
"Thu Nov 07 2024 13:00:00 GMT+0530 (India Standard Time)","7225.40","7230.65","7220.00","7220.00"
"Thu Nov 07 2024 13:05:00 GMT+0530 (India Standard Time)","7220.00","7224.35","7213.25","7220.85"
"Thu Nov 07 2024 13:10:00 GMT+0530 (India Standard Time)","7220.85","7225.20","7213.20","7224.00"
"Thu Nov 07 2024 13:15:00 GMT+0530 (India Standard Time)","7224.00","7230.45","7213.15","7214.00"
"Thu Nov 07 2024 13:20:00 GMT+0530 (India Standard Time)","7214.00","7217.85","7209.80","7211.15"
"Thu Nov 07 2024 13:25:00 GMT+0530 (India Standard Time)","7215.40","7222.90","7209.00","7214.35"
"Thu Nov 07 2024 13:30:00 GMT+0530 (India Standard Time)","7214.35","7214.35","7207.20","7212.60"
"Thu Nov 07 2024 13:35:00 GMT+0530 (India Standard Time)","7212.60","7214.75","7208.90","7209.65"
"Thu Nov 07 2024 13:40:00 GMT+0530 (India Standard Time)","7209.60","7214.35","7200.00","7207.45"
"Thu Nov 07 2024 13:45:00 GMT+0530 (India Standard Time)","7207.45","7216.05","7200.60","7211.65"
"Thu Nov 07 2024 13:50:00 GMT+0530 (India Standard Time)","7211.65","7215.20","7202.40","7205.35"
"Thu Nov 07 2024 13:55:00 GMT+0530 (India Standard Time)","7201.55","7215.00","7200.10","7207.45"
"Thu Nov 07 2024 14:00:00 GMT+0530 (India Standard Time)","7207.45","7218.35","7207.00","7215.40"
"Thu Nov 07 2024 14:05:00 GMT+0530 (India Standard Time)","7215.40","7218.90","7205.35","7210.90"
"Thu Nov 07 2024 14:10:00 GMT+0530 (India Standard Time)","7210.90","7218.00","7203.00","7207.30"
"Thu Nov 07 2024 14:15:00 GMT+0530 (India Standard Time)","7207.30","7207.30","7203.75","7206.75"
"Thu Nov 07 2024 14:20:00 GMT+0530 (India Standard Time)","7206.75","7210.90","7203.00","7207.00"
"Thu Nov 07 2024 14:25:00 GMT+0530 (India Standard Time)","7207.00","7209.45","7202.00","7202.00"
"Thu Nov 07 2024 14:30:00 GMT+0530 (India Standard Time)","7202.00","7206.05","7200.00","7201.85"
"Thu Nov 07 2024 14:35:00 GMT+0530 (India Standard Time)","7201.75","7201.95","7190.00","7194.90"
"Thu Nov 07 2024 14:40:00 GMT+0530 (India Standard Time)","7194.90","7195.00","7190.00","7190.05"
"Thu Nov 07 2024 14:45:00 GMT+0530 (India Standard Time)","7190.05","7206.25","7185.00","7199.50"
"Thu Nov 07 2024 14:50:00 GMT+0530 (India Standard Time)","7200.00","7211.85","7194.60","7204.45"
"Thu Nov 07 2024 14:55:00 GMT+0530 (India Standard Time)","7204.45","7209.95","7201.40","7206.95"
"Thu Nov 07 2024 15:00:00 GMT+0530 (India Standard Time)","7203.45","7207.30","7172.00","7174.00"
"Thu Nov 07 2024 15:05:00 GMT+0530 (India Standard Time)","7174.00","7190.70","7172.05","7186.75"
"Thu Nov 07 2024 15:10:00 GMT+0530 (India Standard Time)","7186.85","7190.55","7162.00","7164.05"
"Thu Nov 07 2024 15:15:00 GMT+0530 (India Standard Time)","7164.05","7170.00","7149.60","7162.55"
"Thu Nov 07 2024 15:20:00 GMT+0530 (India Standard Time)","7161.05","7165.45","7140.50","7153.95"
"Thu Nov 07 2024 15:25:00 GMT+0530 (India Standard Time)","7153.95","7161.00","7136.65","7145.00"
"Fri Nov 08 2024 09:15:00 GMT+0530 (India Standard Time)","7159.35","7160.00","7096.95","7124.00"
"Fri Nov 08 2024 09:20:00 GMT+0530 (India Standard Time)","7118.10","7138.05","7111.00","7122.00"
"Fri Nov 08 2024 09:25:00 GMT+0530 (India Standard Time)","7125.40","7159.25","7122.65","7154.95"
"Fri Nov 08 2024 09:30:00 GMT+0530 (India Standard Time)","7152.65","7190.05","7152.30","7189.60"
"Fri Nov 08 2024 09:35:00 GMT+0530 (India Standard Time)","7189.60","7193.85","7167.25","7177.35"
"Fri Nov 08 2024 09:40:00 GMT+0530 (India Standard Time)","7177.35","7212.15","7177.35","7195.35"
"Fri Nov 08 2024 09:45:00 GMT+0530 (India Standard Time)","7195.35","7234.40","7195.35","7226.45"
"Fri Nov 08 2024 09:50:00 GMT+0530 (India Standard Time)","7229.90","7238.55","7206.00","7213.70"
"Fri Nov 08 2024 09:55:00 GMT+0530 (India Standard Time)","7211.00","7211.00","7191.00","7205.00"
"Fri Nov 08 2024 10:00:00 GMT+0530 (India Standard Time)","7207.95","7223.95","7198.45","7202.75"
"Fri Nov 08 2024 10:05:00 GMT+0530 (India Standard Time)","7202.75","7204.95","7195.00","7195.00"
"Fri Nov 08 2024 10:10:00 GMT+0530 (India Standard Time)","7195.00","7205.10","7191.00","7203.95"
"Fri Nov 08 2024 10:15:00 GMT+0530 (India Standard Time)","7205.95","7207.80","7188.00","7206.55"
"Fri Nov 08 2024 10:20:00 GMT+0530 (India Standard Time)","7206.95","7220.70","7201.45","7218.85"
"Fri Nov 08 2024 10:25:00 GMT+0530 (India Standard Time)","7218.85","7227.30","7214.35","7218.80"
"Fri Nov 08 2024 10:30:00 GMT+0530 (India Standard Time)","7218.80","7233.80","7215.80","7227.95"
"Fri Nov 08 2024 10:35:00 GMT+0530 (India Standard Time)","7228.00","7228.00","7213.25","7215.55"
"Fri Nov 08 2024 10:40:00 GMT+0530 (India Standard Time)","7215.55","7222.90","7211.00","7215.80"
"Fri Nov 08 2024 10:45:00 GMT+0530 (India Standard Time)","7215.80","7216.45","7210.00","7210.00"
"Fri Nov 08 2024 10:50:00 GMT+0530 (India Standard Time)","7210.00","7219.75","7210.00","7219.75"
"Fri Nov 08 2024 10:55:00 GMT+0530 (India Standard Time)","7219.75","7219.75","7210.00","7214.00"
"Fri Nov 08 2024 11:00:00 GMT+0530 (India Standard Time)","7214.05","7220.80","7210.05","7213.30"
"Fri Nov 08 2024 11:05:00 GMT+0530 (India Standard Time)","7213.30","7215.75","7210.00","7210.75"
"Fri Nov 08 2024 11:10:00 GMT+0530 (India Standard Time)","7210.75","7216.60","7210.75","7216.00"
"Fri Nov 08 2024 11:15:00 GMT+0530 (India Standard Time)","7216.00","7216.00","7212.05","7212.45"
"Fri Nov 08 2024 11:20:00 GMT+0530 (India Standard Time)","7212.45","7216.00","7186.10","7186.10"
"Fri Nov 08 2024 11:25:00 GMT+0530 (India Standard Time)","7186.10","7194.15","7186.10","7193.00"
"Fri Nov 08 2024 11:30:00 GMT+0530 (India Standard Time)","7193.00","7193.45","7180.20","7181.90"
"Fri Nov 08 2024 11:35:00 GMT+0530 (India Standard Time)","7181.90","7181.90","7145.00","7145.00"
"Fri Nov 08 2024 11:40:00 GMT+0530 (India Standard Time)","7142.50","7150.00","7142.50","7148.65"
"Fri Nov 08 2024 11:45:00 GMT+0530 (India Standard Time)","7148.65","7151.90","7121.20","7137.05"
"Fri Nov 08 2024 11:50:00 GMT+0530 (India Standard Time)","7137.05","7139.90","7122.75","7124.55"
"Fri Nov 08 2024 11:55:00 GMT+0530 (India Standard Time)","7129.60","7130.75","7118.80","7127.50"
"Fri Nov 08 2024 12:00:00 GMT+0530 (India Standard Time)","7127.40","7135.00","7121.80","7123.05"
"Fri Nov 08 2024 12:05:00 GMT+0530 (India Standard Time)","7123.05","7130.40","7110.05","7116.00"
"Fri Nov 08 2024 12:10:00 GMT+0530 (India Standard Time)","7116.00","7128.95","7115.90","7121.60"
"Fri Nov 08 2024 12:15:00 GMT+0530 (India Standard Time)","7124.60","7139.95","7121.60","7132.90"
"Fri Nov 08 2024 12:20:00 GMT+0530 (India Standard Time)","7132.90","7134.75","7127.05","7129.95"
"Fri Nov 08 2024 12:25:00 GMT+0530 (India Standard Time)","7129.95","7135.95","7126.60","7135.95"
"Fri Nov 08 2024 12:30:00 GMT+0530 (India Standard Time)","7138.55","7144.00","7134.95","7140.95"
"Fri Nov 08 2024 12:35:00 GMT+0530 (India Standard Time)","7140.95","7143.95","7140.20","7142.00"
"Fri Nov 08 2024 12:40:00 GMT+0530 (India Standard Time)","7142.00","7150.00","7141.65","7143.55"
"Fri Nov 08 2024 12:45:00 GMT+0530 (India Standard Time)","7143.55","7149.70","7142.80","7147.90"
"Fri Nov 08 2024 12:50:00 GMT+0530 (India Standard Time)","7147.90","7150.00","7139.00","7139.00"
"Fri Nov 08 2024 12:55:00 GMT+0530 (India Standard Time)","7139.00","7147.75","7139.00","7144.00"
"Fri Nov 08 2024 13:00:00 GMT+0530 (India Standard Time)","7144.00","7146.70","7123.35","7126.85"
"Fri Nov 08 2024 13:05:00 GMT+0530 (India Standard Time)","7126.85","7132.80","7121.15","7125.65"
"Fri Nov 08 2024 13:10:00 GMT+0530 (India Standard Time)","7125.65","7136.00","7125.65","7130.50"
"Fri Nov 08 2024 13:15:00 GMT+0530 (India Standard Time)","7130.50","7135.65","7101.00","7110.20"
"Fri Nov 08 2024 13:20:00 GMT+0530 (India Standard Time)","7114.85","7129.70","7085.00","7127.50"
"Fri Nov 08 2024 13:25:00 GMT+0530 (India Standard Time)","7127.50","7129.70","7121.50","7126.60"
"Fri Nov 08 2024 13:30:00 GMT+0530 (India Standard Time)","7126.60","7126.60","7121.50","7122.95"
"Fri Nov 08 2024 13:35:00 GMT+0530 (India Standard Time)","7122.95","7129.00","7121.50","7123.70"
"Fri Nov 08 2024 13:40:00 GMT+0530 (India Standard Time)","7123.30","7139.85","7123.30","7138.90"
"Fri Nov 08 2024 13:45:00 GMT+0530 (India Standard Time)","7138.90","7139.00","7133.00","7136.00"
"Fri Nov 08 2024 13:50:00 GMT+0530 (India Standard Time)","7136.00","7136.00","7130.75","7131.55"
"Fri Nov 08 2024 13:55:00 GMT+0530 (India Standard Time)","7131.55","7135.25","7109.60","7115.00"
"Fri Nov 08 2024 14:00:00 GMT+0530 (India Standard Time)","7115.00","7118.70","7115.00","7117.75"
"Fri Nov 08 2024 14:05:00 GMT+0530 (India Standard Time)","7118.00","7122.00","7115.00","7120.00"
"Fri Nov 08 2024 14:10:00 GMT+0530 (India Standard Time)","7120.00","7121.00","7111.00","7111.00"
"Fri Nov 08 2024 14:15:00 GMT+0530 (India Standard Time)","7111.00","7116.85","7106.10","7108.65"
"Fri Nov 08 2024 14:20:00 GMT+0530 (India Standard Time)","7108.65","7110.00","7100.40","7105.15"
"Fri Nov 08 2024 14:25:00 GMT+0530 (India Standard Time)","7105.15","7105.15","7096.05","7102.95"
"Fri Nov 08 2024 14:30:00 GMT+0530 (India Standard Time)","7092.05","7103.00","7092.05","7099.60"
"Fri Nov 08 2024 14:35:00 GMT+0530 (India Standard Time)","7099.60","7104.55","7086.45","7087.20"
"Fri Nov 08 2024 14:40:00 GMT+0530 (India Standard Time)","7091.65","7092.05","6992.95","7000.00"
"Fri Nov 08 2024 14:45:00 GMT+0530 (India Standard Time)","6999.95","7002.25","6992.00","6999.95"
"Fri Nov 08 2024 14:50:00 GMT+0530 (India Standard Time)","6999.95","7002.00","6994.10","7002.00"
"Fri Nov 08 2024 14:55:00 GMT+0530 (India Standard Time)","7002.00","7031.95","7002.00","7025.70"
"Fri Nov 08 2024 15:00:00 GMT+0530 (India Standard Time)","7025.05","7046.20","7015.00","7040.10"
"Fri Nov 08 2024 15:05:00 GMT+0530 (India Standard Time)","7040.10","7054.75","7033.15","7047.50"
"Fri Nov 08 2024 15:10:00 GMT+0530 (India Standard Time)","7049.30","7049.30","6990.00","6999.85"
"Fri Nov 08 2024 15:15:00 GMT+0530 (India Standard Time)","6999.85","7000.00","6990.40","6992.50"
"Fri Nov 08 2024 15:20:00 GMT+0530 (India Standard Time)","6995.00","7000.00","6990.00","7000.00"
"Fri Nov 08 2024 15:25:00 GMT+0530 (India Standard Time)","7000.00","7000.00","6821.65","6900.00"
"Mon Nov 11 2024 09:15:00 GMT+0530 (India Standard Time)","6940.80","6998.30","6897.00","6912.80"
"Mon Nov 11 2024 09:20:00 GMT+0530 (India Standard Time)","6910.00","6957.50","6906.00","6942.85"
"Mon Nov 11 2024 09:25:00 GMT+0530 (India Standard Time)","6942.85","6965.00","6932.35","6965.00"
"Mon Nov 11 2024 09:30:00 GMT+0530 (India Standard Time)","6965.00","7011.05","6965.00","6990.05"
"Mon Nov 11 2024 09:35:00 GMT+0530 (India Standard Time)","6990.05","6995.40","6955.00","6960.80"
"Mon Nov 11 2024 09:40:00 GMT+0530 (India Standard Time)","6956.75","6962.90","6891.50","6900.00"
"Mon Nov 11 2024 09:45:00 GMT+0530 (India Standard Time)","6898.75","6917.30","6892.60","6902.30"
"Mon Nov 11 2024 09:50:00 GMT+0530 (India Standard Time)","6902.30","6912.30","6900.00","6903.00"
"Mon Nov 11 2024 09:55:00 GMT+0530 (India Standard Time)","6903.00","6908.00","6895.80","6901.00"
"Mon Nov 11 2024 10:00:00 GMT+0530 (India Standard Time)","6900.00","6908.00","6900.00","6903.35"
"Mon Nov 11 2024 10:05:00 GMT+0530 (India Standard Time)","6902.60","6917.25","6898.00","6899.25"
"Mon Nov 11 2024 10:10:00 GMT+0530 (India Standard Time)","6899.25","6909.20","6890.15","6902.00"
"Mon Nov 11 2024 10:15:00 GMT+0530 (India Standard Time)","6902.00","6902.00","6891.15","6900.00"
"Mon Nov 11 2024 10:20:00 GMT+0530 (India Standard Time)","6900.00","6900.00","6856.10","6858.90"
"Mon Nov 11 2024 10:25:00 GMT+0530 (India Standard Time)","6856.10","6885.00","6856.10","6882.00"
"Mon Nov 11 2024 10:30:00 GMT+0530 (India Standard Time)","6880.00","6885.25","6872.25","6885.25"
"Mon Nov 11 2024 10:35:00 GMT+0530 (India Standard Time)","6883.05","6897.15","6871.05","6874.80"
"Mon Nov 11 2024 10:40:00 GMT+0530 (India Standard Time)","6874.80","6890.90","6850.00","6851.90"
"Mon Nov 11 2024 10:45:00 GMT+0530 (India Standard Time)","6851.90","6852.85","6836.00","6848.40"
"Mon Nov 11 2024 10:50:00 GMT+0530 (India Standard Time)","6845.10","6858.55","6845.00","6855.80"
"Mon Nov 11 2024 10:55:00 GMT+0530 (India Standard Time)","6852.00","6867.70","6852.00","6857.15"
"Mon Nov 11 2024 11:00:00 GMT+0530 (India Standard Time)","6857.25","6872.00","6857.25","6867.10"
"Mon Nov 11 2024 11:05:00 GMT+0530 (India Standard Time)","6867.10","6871.85","6852.00","6863.15"
"Mon Nov 11 2024 11:10:00 GMT+0530 (India Standard Time)","6858.60","6874.90","6858.10","6872.30"
"Mon Nov 11 2024 11:15:00 GMT+0530 (India Standard Time)","6869.00","6874.85","6852.50","6867.00"
"Mon Nov 11 2024 11:20:00 GMT+0530 (India Standard Time)","6867.00","6869.30","6836.00","6843.50"
"Mon Nov 11 2024 11:25:00 GMT+0530 (India Standard Time)","6843.50","6849.90","6792.15","6799.90"
"Mon Nov 11 2024 11:30:00 GMT+0530 (India Standard Time)","6796.20","6811.80","6787.35","6790.00"
"Mon Nov 11 2024 11:35:00 GMT+0530 (India Standard Time)","6790.55","6800.00","6784.05","6800.00"
"Mon Nov 11 2024 11:40:00 GMT+0530 (India Standard Time)","6798.35","6800.00","6785.00","6790.55"
"Mon Nov 11 2024 11:45:00 GMT+0530 (India Standard Time)","6790.55","6799.95","6787.20","6797.95"
"Mon Nov 11 2024 11:50:00 GMT+0530 (India Standard Time)","6797.95","6800.00","6793.25","6800.00"
"Mon Nov 11 2024 11:55:00 GMT+0530 (India Standard Time)","6797.05","6800.00","6792.20","6795.00"
"Mon Nov 11 2024 12:00:00 GMT+0530 (India Standard Time)","6792.25","6795.05","6740.00","6749.40"
"Mon Nov 11 2024 12:05:00 GMT+0530 (India Standard Time)","6749.55","6750.00","6692.45","6699.95"
"Mon Nov 11 2024 12:10:00 GMT+0530 (India Standard Time)","6699.90","6700.20","6689.00","6699.90"
"Mon Nov 11 2024 12:15:00 GMT+0530 (India Standard Time)","6699.90","6700.00","6692.00","6700.00"
"Mon Nov 11 2024 12:20:00 GMT+0530 (India Standard Time)","6700.00","6700.00","6690.40","6700.00"
"Mon Nov 11 2024 12:25:00 GMT+0530 (India Standard Time)","6700.00","6700.00","6695.05","6700.00"
"Mon Nov 11 2024 12:30:00 GMT+0530 (India Standard Time)","6700.00","6700.00","6692.60","6699.00"
"Mon Nov 11 2024 12:35:00 GMT+0530 (India Standard Time)","6700.00","6700.00","6696.00","6700.00"
"Mon Nov 11 2024 12:40:00 GMT+0530 (India Standard Time)","6700.00","6703.55","6685.00","6694.00"
"Mon Nov 11 2024 12:45:00 GMT+0530 (India Standard Time)","6694.00","6700.00","6690.00","6694.90"
"Mon Nov 11 2024 12:50:00 GMT+0530 (India Standard Time)","6694.90","6699.80","6692.00","6694.00"
"Mon Nov 11 2024 12:55:00 GMT+0530 (India Standard Time)","6694.00","6699.40","6691.35","6698.35"
"Mon Nov 11 2024 13:00:00 GMT+0530 (India Standard Time)","6698.35","6700.00","6693.90","6695.00"
"Mon Nov 11 2024 13:05:00 GMT+0530 (India Standard Time)","6695.00","6700.00","6694.00","6696.45"
"Mon Nov 11 2024 13:10:00 GMT+0530 (India Standard Time)","6696.45","6700.00","6692.95","6697.05"
"Mon Nov 11 2024 13:15:00 GMT+0530 (India Standard Time)","6697.10","6700.00","6690.55","6694.85"
"Mon Nov 11 2024 13:20:00 GMT+0530 (India Standard Time)","6694.85","6702.20","6692.00","6696.45"
"Mon Nov 11 2024 13:25:00 GMT+0530 (India Standard Time)","6694.05","6699.95","6633.35","6649.95"
"Mon Nov 11 2024 13:30:00 GMT+0530 (India Standard Time)","6649.95","6673.85","6613.05","6624.90"
"Mon Nov 11 2024 13:35:00 GMT+0530 (India Standard Time)","6620.40","6640.60","6590.55","6594.85"
"Mon Nov 11 2024 13:40:00 GMT+0530 (India Standard Time)","6594.90","6594.90","6570.00","6582.35"
"Mon Nov 11 2024 13:45:00 GMT+0530 (India Standard Time)","6584.45","6600.00","6583.05","6598.00"
"Mon Nov 11 2024 13:50:00 GMT+0530 (India Standard Time)","6598.00","6619.00","6573.00","6585.00"
"Mon Nov 11 2024 13:55:00 GMT+0530 (India Standard Time)","6585.00","6595.00","6523.00","6568.00"
"Mon Nov 11 2024 14:00:00 GMT+0530 (India Standard Time)","6568.15","6600.00","6560.00","6597.80"
"Mon Nov 11 2024 14:05:00 GMT+0530 (India Standard Time)","6597.50","6612.05","6593.65","6606.80"
"Mon Nov 11 2024 14:10:00 GMT+0530 (India Standard Time)","6607.80","6610.00","6584.90","6589.75"
"Mon Nov 11 2024 14:15:00 GMT+0530 (India Standard Time)","6587.05","6599.95","6587.05","6599.95"
"Mon Nov 11 2024 14:20:00 GMT+0530 (India Standard Time)","6599.95","6619.00","6599.95","6615.50"
"Mon Nov 11 2024 14:25:00 GMT+0530 (India Standard Time)","6614.00","6625.00","6607.15","6620.95"
"Mon Nov 11 2024 14:30:00 GMT+0530 (India Standard Time)","6620.95","6625.00","6620.00","6622.00"
"Mon Nov 11 2024 14:35:00 GMT+0530 (India Standard Time)","6620.15","6623.00","6618.10","6619.95"
"Mon Nov 11 2024 14:40:00 GMT+0530 (India Standard Time)","6619.50","6620.00","6590.00","6599.45"
"Mon Nov 11 2024 14:45:00 GMT+0530 (India Standard Time)","6599.60","6599.65","6549.25","6588.00"
"Mon Nov 11 2024 14:50:00 GMT+0530 (India Standard Time)","6587.90","6598.95","6581.55","6596.00"
"Mon Nov 11 2024 14:55:00 GMT+0530 (India Standard Time)","6596.00","6599.90","6586.00","6591.90"
"Mon Nov 11 2024 15:00:00 GMT+0530 (India Standard Time)","6592.90","6592.95","6518.30","6523.80"
"Mon Nov 11 2024 15:05:00 GMT+0530 (India Standard Time)","6524.95","6550.00","6514.10","6549.75"
"Mon Nov 11 2024 15:10:00 GMT+0530 (India Standard Time)","6549.75","6550.00","6540.55","6550.00"
"Mon Nov 11 2024 15:15:00 GMT+0530 (India Standard Time)","6550.00","6550.00","6494.00","6499.95"
"Mon Nov 11 2024 15:20:00 GMT+0530 (India Standard Time)","6499.95","6500.00","6495.00","6500.00"
"Mon Nov 11 2024 15:25:00 GMT+0530 (India Standard Time)","6500.00","6500.00","6498.15","6500.00"
"Tue Nov 12 2024 09:15:00 GMT+0530 (India Standard Time)","6560.00","6651.15","6522.35","6596.90"
"Tue Nov 12 2024 09:20:00 GMT+0530 (India Standard Time)","6595.75","6651.90","6593.15","6651.00"
"Tue Nov 12 2024 09:25:00 GMT+0530 (India Standard Time)","6651.00","6681.00","6631.35","6634.95"
"Tue Nov 12 2024 09:30:00 GMT+0530 (India Standard Time)","6634.95","6638.50","6483.30","6506.25"
"Tue Nov 12 2024 09:35:00 GMT+0530 (India Standard Time)","6506.45","6508.80","6495.95","6504.30"
"Tue Nov 12 2024 09:40:00 GMT+0530 (India Standard Time)","6503.35","6510.00","6500.05","6507.85"
"Tue Nov 12 2024 09:45:00 GMT+0530 (India Standard Time)","6507.85","6508.00","6500.10","6505.25"
"Tue Nov 12 2024 09:50:00 GMT+0530 (India Standard Time)","6505.10","6557.40","6503.90","6506.75"
"Tue Nov 12 2024 09:55:00 GMT+0530 (India Standard Time)","6506.75","6509.05","6502.80","6506.50"
"Tue Nov 12 2024 10:00:00 GMT+0530 (India Standard Time)","6506.50","6506.95","6498.15","6504.30"
"Tue Nov 12 2024 10:05:00 GMT+0530 (India Standard Time)","6504.30","6530.00","6500.70","6505.00"
"Tue Nov 12 2024 10:10:00 GMT+0530 (India Standard Time)","6505.25","6514.15","6501.10","6506.15"
"Tue Nov 12 2024 10:15:00 GMT+0530 (India Standard Time)","6507.70","6513.60","6495.65","6504.95"
"Tue Nov 12 2024 10:20:00 GMT+0530 (India Standard Time)","6504.95","6505.00","6498.45","6503.65"
"Tue Nov 12 2024 10:25:00 GMT+0530 (India Standard Time)","6503.65","6507.95","6499.80","6503.95"
"Tue Nov 12 2024 10:30:00 GMT+0530 (India Standard Time)","6503.95","6507.30","6501.00","6505.00"
"Tue Nov 12 2024 10:35:00 GMT+0530 (India Standard Time)","6505.00","6508.25","6501.05","6505.05"
"Tue Nov 12 2024 10:40:00 GMT+0530 (India Standard Time)","6505.05","6509.00","6497.15","6504.35"
"Tue Nov 12 2024 10:45:00 GMT+0530 (India Standard Time)","6504.35","6508.15","6500.00","6505.40"
"Tue Nov 12 2024 10:50:00 GMT+0530 (India Standard Time)","6505.40","6509.35","6504.00","6506.90"
"Tue Nov 12 2024 10:55:00 GMT+0530 (India Standard Time)","6504.30","6507.55","6504.00","6505.10"
"Tue Nov 12 2024 11:00:00 GMT+0530 (India Standard Time)","6506.15","6506.45","6502.55","6504.85"
"Tue Nov 12 2024 11:05:00 GMT+0530 (India Standard Time)","6504.80","6507.65","6502.80","6505.00"
"Tue Nov 12 2024 11:10:00 GMT+0530 (India Standard Time)","6505.00","6507.20","6500.35","6505.10"
"Tue Nov 12 2024 11:15:00 GMT+0530 (India Standard Time)","6505.25","6506.00","6498.10","6505.35"
"Tue Nov 12 2024 11:20:00 GMT+0530 (India Standard Time)","6505.35","6505.65","6502.00","6504.90"
"Tue Nov 12 2024 11:25:00 GMT+0530 (India Standard Time)","6504.90","6504.95","6501.00","6504.30"
"Tue Nov 12 2024 11:30:00 GMT+0530 (India Standard Time)","6504.50","6505.00","6501.00","6503.25"
"Tue Nov 12 2024 11:35:00 GMT+0530 (India Standard Time)","6504.70","6504.90","6502.25","6502.25"
"Tue Nov 12 2024 11:40:00 GMT+0530 (India Standard Time)","6504.85","6508.80","6502.25","6506.90"
"Tue Nov 12 2024 11:45:00 GMT+0530 (India Standard Time)","6506.90","6507.25","6504.00","6505.00"
"Tue Nov 12 2024 11:50:00 GMT+0530 (India Standard Time)","6504.20","6508.70","6504.20","6506.60"
"Tue Nov 12 2024 11:55:00 GMT+0530 (India Standard Time)","6504.30","6507.85","6504.20","6505.85"
"Tue Nov 12 2024 12:00:00 GMT+0530 (India Standard Time)","6505.85","6568.00","6504.25","6568.00"
"Tue Nov 12 2024 12:05:00 GMT+0530 (India Standard Time)","6567.70","6615.95","6562.40","6601.95"
"Tue Nov 12 2024 12:10:00 GMT+0530 (India Standard Time)","6601.95","6648.40","6601.95","6630.50"
"Tue Nov 12 2024 12:15:00 GMT+0530 (India Standard Time)","6630.50","6636.50","6596.05","6612.30"
"Tue Nov 12 2024 12:20:00 GMT+0530 (India Standard Time)","6612.30","6629.80","6610.30","6629.00"
"Tue Nov 12 2024 12:25:00 GMT+0530 (India Standard Time)","6629.00","6665.65","6627.25","6637.30"
"Tue Nov 12 2024 12:30:00 GMT+0530 (India Standard Time)","6634.00","6639.35","6612.40","6615.00"
"Tue Nov 12 2024 12:35:00 GMT+0530 (India Standard Time)","6618.80","6689.95","6616.25","6689.95"
"Tue Nov 12 2024 12:40:00 GMT+0530 (India Standard Time)","6684.50","6694.95","6653.55","6653.55"
"Tue Nov 12 2024 12:45:00 GMT+0530 (India Standard Time)","6656.95","6665.75","6636.75","6646.90"
"Tue Nov 12 2024 12:50:00 GMT+0530 (India Standard Time)","6650.00","6659.90","6637.00","6642.70"
"Tue Nov 12 2024 12:55:00 GMT+0530 (India Standard Time)","6642.70","6646.20","6614.40","6630.00"
"Tue Nov 12 2024 13:00:00 GMT+0530 (India Standard Time)","6628.10","6669.00","6581.75","6597.90"
"Tue Nov 12 2024 13:05:00 GMT+0530 (India Standard Time)","6597.90","6602.50","6553.85","6567.30"
"Tue Nov 12 2024 13:10:00 GMT+0530 (India Standard Time)","6567.30","6589.95","6566.50","6576.45"
"Tue Nov 12 2024 13:15:00 GMT+0530 (India Standard Time)","6576.45","6578.85","6560.05","6570.30"
"Tue Nov 12 2024 13:20:00 GMT+0530 (India Standard Time)","6570.50","6580.00","6565.05","6570.75"
"Tue Nov 12 2024 13:25:00 GMT+0530 (India Standard Time)","6570.75","6580.00","6560.05","6565.00"
"Tue Nov 12 2024 13:30:00 GMT+0530 (India Standard Time)","6562.70","6574.35","6560.00","6569.05"
"Tue Nov 12 2024 13:35:00 GMT+0530 (India Standard Time)","6569.05","6571.90","6562.00","6568.40"
"Tue Nov 12 2024 13:40:00 GMT+0530 (India Standard Time)","6568.40","6598.00","6566.15","6593.15"
"Tue Nov 12 2024 13:45:00 GMT+0530 (India Standard Time)","6593.20","6626.85","6585.00","6619.85"
"Tue Nov 12 2024 13:50:00 GMT+0530 (India Standard Time)","6619.85","6633.00","6611.85","6623.20"
"Tue Nov 12 2024 13:55:00 GMT+0530 (India Standard Time)","6623.20","6626.00","6604.20","6610.85"
"Tue Nov 12 2024 14:00:00 GMT+0530 (India Standard Time)","6610.85","6630.00","6610.85","6624.25"
"Tue Nov 12 2024 14:05:00 GMT+0530 (India Standard Time)","6622.40","6643.15","6618.95","6633.55"
"Tue Nov 12 2024 14:10:00 GMT+0530 (India Standard Time)","6631.70","6631.95","6612.15","6622.80"
"Tue Nov 12 2024 14:15:00 GMT+0530 (India Standard Time)","6622.80","6629.10","6615.40","6628.50"
"Tue Nov 12 2024 14:20:00 GMT+0530 (India Standard Time)","6628.50","6644.10","6620.25","6636.50"
"Tue Nov 12 2024 14:25:00 GMT+0530 (India Standard Time)","6636.50","6642.80","6615.45","6616.55"
"Tue Nov 12 2024 14:30:00 GMT+0530 (India Standard Time)","6619.15","6630.75","6611.55","6628.95"
"Tue Nov 12 2024 14:35:00 GMT+0530 (India Standard Time)","6628.95","6649.00","6623.50","6649.00"
"Tue Nov 12 2024 14:40:00 GMT+0530 (India Standard Time)","6649.90","6654.00","6629.35","6634.60"
"Tue Nov 12 2024 14:45:00 GMT+0530 (India Standard Time)","6630.00","6641.95","6612.00","6640.15"
"Tue Nov 12 2024 14:50:00 GMT+0530 (India Standard Time)","6640.15","6647.00","6625.20","6640.45"
"Tue Nov 12 2024 14:55:00 GMT+0530 (India Standard Time)","6640.45","6646.15","6628.05","6629.10"
"Tue Nov 12 2024 15:00:00 GMT+0530 (India Standard Time)","6631.85","6663.00","6625.00","6639.75"
"Tue Nov 12 2024 15:05:00 GMT+0530 (India Standard Time)","6639.75","6642.05","6630.00","6630.25"
"Tue Nov 12 2024 15:10:00 GMT+0530 (India Standard Time)","6630.05","6643.75","6629.65","6631.50"
"Tue Nov 12 2024 15:15:00 GMT+0530 (India Standard Time)","6631.50","6640.00","6629.65","6633.00"
"Tue Nov 12 2024 15:20:00 GMT+0530 (India Standard Time)","6631.15","6634.00","6628.90","6630.00"
"Tue Nov 12 2024 15:25:00 GMT+0530 (India Standard Time)","6630.00","6648.80","6605.10","6611.00"
"Wed Nov 13 2024 09:15:00 GMT+0530 (India Standard Time)","6630.00","6673.60","6611.90","6651.90"
"Wed Nov 13 2024 09:20:00 GMT+0530 (India Standard Time)","6651.00","6719.90","6637.85","6699.60"
"Wed Nov 13 2024 09:25:00 GMT+0530 (India Standard Time)","6699.60","6718.00","6676.00","6678.60"
"Wed Nov 13 2024 09:30:00 GMT+0530 (India Standard Time)","6678.60","6679.90","6635.05","6635.05"
"Wed Nov 13 2024 09:35:00 GMT+0530 (India Standard Time)","6637.80","6657.60","6630.10","6632.45"
"Wed Nov 13 2024 09:40:00 GMT+0530 (India Standard Time)","6632.40","6638.00","6577.00","6577.00"
"Wed Nov 13 2024 09:45:00 GMT+0530 (India Standard Time)","6580.00","6620.05","6567.30","6613.25"
"Wed Nov 13 2024 09:50:00 GMT+0530 (India Standard Time)","6613.30","6630.00","6585.55","6630.00"
"Wed Nov 13 2024 09:55:00 GMT+0530 (India Standard Time)","6630.00","6639.80","6608.20","6620.00"
"Wed Nov 13 2024 10:00:00 GMT+0530 (India Standard Time)","6618.30","6668.85","6565.50","6565.50"
"Wed Nov 13 2024 10:05:00 GMT+0530 (India Standard Time)","6569.90","6576.80","6516.00","6525.00"
"Wed Nov 13 2024 10:10:00 GMT+0530 (India Standard Time)","6525.00","6525.00","6495.10","6499.85"
"Wed Nov 13 2024 10:15:00 GMT+0530 (India Standard Time)","6500.00","6509.15","6495.60","6500.00"
"Wed Nov 13 2024 10:20:00 GMT+0530 (India Standard Time)","6500.00","6507.45","6496.20","6500.00"
"Wed Nov 13 2024 10:25:00 GMT+0530 (India Standard Time)","6500.00","6516.70","6500.00","6510.70"
"Wed Nov 13 2024 10:30:00 GMT+0530 (India Standard Time)","6510.70","6537.95","6500.00","6519.85"
"Wed Nov 13 2024 10:35:00 GMT+0530 (India Standard Time)","6519.85","6536.55","6502.50","6508.60"
"Wed Nov 13 2024 10:40:00 GMT+0530 (India Standard Time)","6508.60","6517.00","6503.00","6506.65"
"Wed Nov 13 2024 10:45:00 GMT+0530 (India Standard Time)","6506.65","6523.05","6503.75","6520.10"
"Wed Nov 13 2024 10:50:00 GMT+0530 (India Standard Time)","6520.10","6535.65","6511.05","6522.20"
"Wed Nov 13 2024 10:55:00 GMT+0530 (India Standard Time)","6522.20","6534.60","6520.05","6525.15"
"Wed Nov 13 2024 11:00:00 GMT+0530 (India Standard Time)","6525.15","6534.00","6516.45","6518.00"
"Wed Nov 13 2024 11:05:00 GMT+0530 (India Standard Time)","6515.50","6523.85","6511.10","6516.20"
"Wed Nov 13 2024 11:10:00 GMT+0530 (India Standard Time)","6516.20","6517.80","6511.10","6514.85"
"Wed Nov 13 2024 11:15:00 GMT+0530 (India Standard Time)","6514.85","6515.25","6497.00","6500.00"
"Wed Nov 13 2024 11:20:00 GMT+0530 (India Standard Time)","6500.00","6500.00","6499.95","6500.00"
"Wed Nov 13 2024 11:25:00 GMT+0530 (India Standard Time)","6499.60","6499.95","6475.00","6482.05"
"Wed Nov 13 2024 11:30:00 GMT+0530 (India Standard Time)","6485.90","6494.10","6481.00","6490.25"
"Wed Nov 13 2024 11:35:00 GMT+0530 (India Standard Time)","6490.00","6494.65","6480.50","6482.25"
"Wed Nov 13 2024 11:40:00 GMT+0530 (India Standard Time)","6483.00","6485.00","6478.10","6480.85"
"Wed Nov 13 2024 11:45:00 GMT+0530 (India Standard Time)","6480.85","6498.00","6478.10","6494.95"
"Wed Nov 13 2024 11:50:00 GMT+0530 (India Standard Time)","6491.80","6497.00","6491.75","6497.00"
"Wed Nov 13 2024 11:55:00 GMT+0530 (India Standard Time)","6497.00","6497.80","6494.95","6497.00"
"Wed Nov 13 2024 12:00:00 GMT+0530 (India Standard Time)","6497.00","6500.00","6495.00","6495.90"
"Wed Nov 13 2024 12:05:00 GMT+0530 (India Standard Time)","6493.00","6500.00","6485.00","6493.00"
"Wed Nov 13 2024 12:10:00 GMT+0530 (India Standard Time)","6493.00","6499.65","6490.85","6491.05"
"Wed Nov 13 2024 12:15:00 GMT+0530 (India Standard Time)","6491.05","6500.00","6491.05","6500.00"
"Wed Nov 13 2024 12:20:00 GMT+0530 (India Standard Time)","6500.00","6500.00","6494.20","6496.00"
"Wed Nov 13 2024 12:25:00 GMT+0530 (India Standard Time)","6496.00","6500.00","6495.00","6498.85"
"Wed Nov 13 2024 12:30:00 GMT+0530 (India Standard Time)","6499.75","6500.00","6497.90","6500.00"
"Wed Nov 13 2024 12:35:00 GMT+0530 (India Standard Time)","6498.75","6500.00","6497.10","6500.00"
"Wed Nov 13 2024 12:40:00 GMT+0530 (India Standard Time)","6500.00","6500.00","6496.15","6496.15"
"Wed Nov 13 2024 12:45:00 GMT+0530 (India Standard Time)","6496.15","6499.90","6494.00","6499.00"
"Wed Nov 13 2024 12:50:00 GMT+0530 (India Standard Time)","6499.00","6500.00","6492.85","6494.55"
"Wed Nov 13 2024 12:55:00 GMT+0530 (India Standard Time)","6494.00","6495.00","6485.60","6488.30"
"Wed Nov 13 2024 13:00:00 GMT+0530 (India Standard Time)","6488.30","6497.10","6482.50","6492.10"
"Wed Nov 13 2024 13:05:00 GMT+0530 (India Standard Time)","6492.10","6495.00","6485.10","6491.00"
"Wed Nov 13 2024 13:10:00 GMT+0530 (India Standard Time)","6491.05","6493.00","6487.80","6493.00"
"Wed Nov 13 2024 13:15:00 GMT+0530 (India Standard Time)","6493.00","6497.65","6490.60","6494.10"
"Wed Nov 13 2024 13:20:00 GMT+0530 (India Standard Time)","6494.10","6500.00","6494.10","6497.00"
"Wed Nov 13 2024 13:25:00 GMT+0530 (India Standard Time)","6496.00","6497.00","6495.15","6497.00"
"Wed Nov 13 2024 13:30:00 GMT+0530 (India Standard Time)","6497.00","6497.20","6494.95","6497.20"
"Wed Nov 13 2024 13:35:00 GMT+0530 (India Standard Time)","6497.20","6500.00","6497.20","6500.00"
"Wed Nov 13 2024 13:40:00 GMT+0530 (India Standard Time)","6500.00","6500.00","6498.60","6500.00"
"Wed Nov 13 2024 13:45:00 GMT+0530 (India Standard Time)","6500.00","6522.45","6496.00","6500.00"
"Wed Nov 13 2024 13:50:00 GMT+0530 (India Standard Time)","6500.00","6500.00","6497.00","6499.95"
"Wed Nov 13 2024 13:55:00 GMT+0530 (India Standard Time)","6499.95","6500.00","6498.00","6500.00"
"Wed Nov 13 2024 14:00:00 GMT+0530 (India Standard Time)","6500.00","6500.00","6495.10","6497.85"
"Wed Nov 13 2024 14:05:00 GMT+0530 (India Standard Time)","6497.85","6499.35","6485.90","6494.00"
"Wed Nov 13 2024 14:10:00 GMT+0530 (India Standard Time)","6494.00","6494.50","6485.15","6491.25"
"Wed Nov 13 2024 14:15:00 GMT+0530 (India Standard Time)","6491.25","6493.80","6481.95","6482.80"
"Wed Nov 13 2024 14:20:00 GMT+0530 (India Standard Time)","6482.80","6485.00","6475.05","6476.00"
"Wed Nov 13 2024 14:25:00 GMT+0530 (India Standard Time)","6477.95","6477.95","6460.00","6461.10"
"Wed Nov 13 2024 14:30:00 GMT+0530 (India Standard Time)","6461.10","6468.00","6455.10","6465.00"
"Wed Nov 13 2024 14:35:00 GMT+0530 (India Standard Time)","6465.00","6469.95","6461.05","6468.05"
"Wed Nov 13 2024 14:40:00 GMT+0530 (India Standard Time)","6466.40","6475.00","6466.00","6474.35"
"Wed Nov 13 2024 14:45:00 GMT+0530 (India Standard Time)","6474.35","6475.00","6466.60","6469.95"
"Wed Nov 13 2024 14:50:00 GMT+0530 (India Standard Time)","6466.00","6480.00","6465.00","6479.00"
"Wed Nov 13 2024 14:55:00 GMT+0530 (India Standard Time)","6479.00","6479.00","6464.35","6471.00"
"Wed Nov 13 2024 15:00:00 GMT+0530 (India Standard Time)","6471.05","6478.10","6440.00","6448.80"
"Wed Nov 13 2024 15:05:00 GMT+0530 (India Standard Time)","6446.25","6450.00","6432.00","6443.00"
"Wed Nov 13 2024 15:10:00 GMT+0530 (India Standard Time)","6445.20","6445.20","6430.35","6434.10"
"Wed Nov 13 2024 15:15:00 GMT+0530 (India Standard Time)","6434.10","6445.00","6379.60","6389.10"
"Wed Nov 13 2024 15:20:00 GMT+0530 (India Standard Time)","6390.05","6400.00","6387.45","6400.00"
"Wed Nov 13 2024 15:25:00 GMT+0530 (India Standard Time)","6399.00","6400.20","6396.05","6400.00"
"Thu Nov 14 2024 09:15:00 GMT+0530 (India Standard Time)","6445.30","6500.00","6375.00","6399.95"
"Thu Nov 14 2024 09:20:00 GMT+0530 (India Standard Time)","6400.00","6400.00","6396.00","6400.00"
"Thu Nov 14 2024 09:25:00 GMT+0530 (India Standard Time)","6399.95","6400.00","6385.00","6395.00"
"Thu Nov 14 2024 09:30:00 GMT+0530 (India Standard Time)","6395.00","6400.00","6391.80","6399.95"
"Thu Nov 14 2024 09:35:00 GMT+0530 (India Standard Time)","6399.00","6437.90","6391.80","6432.20"
"Thu Nov 14 2024 09:40:00 GMT+0530 (India Standard Time)","6433.10","6457.65","6422.45","6449.80"
"Thu Nov 14 2024 09:45:00 GMT+0530 (India Standard Time)","6449.95","6473.75","6448.95","6473.35"
"Thu Nov 14 2024 09:50:00 GMT+0530 (India Standard Time)","6476.80","6480.00","6446.45","6454.40"
"Thu Nov 14 2024 09:55:00 GMT+0530 (India Standard Time)","6451.00","6492.70","6451.00","6485.05"
"Thu Nov 14 2024 10:00:00 GMT+0530 (India Standard Time)","6488.65","6507.10","6485.00","6503.20"
"Thu Nov 14 2024 10:05:00 GMT+0530 (India Standard Time)","6503.10","6511.00","6492.00","6496.95"
"Thu Nov 14 2024 10:10:00 GMT+0530 (India Standard Time)","6497.00","6497.00","6480.05","6488.70"
"Thu Nov 14 2024 10:15:00 GMT+0530 (India Standard Time)","6488.00","6488.00","6418.00","6418.00"
"Thu Nov 14 2024 10:20:00 GMT+0530 (India Standard Time)","6418.00","6428.10","6402.85","6410.00"
"Thu Nov 14 2024 10:25:00 GMT+0530 (India Standard Time)","6410.00","6419.35","6394.75","6400.00"
"Thu Nov 14 2024 10:30:00 GMT+0530 (India Standard Time)","6404.15","6415.15","6395.05","6403.35"
"Thu Nov 14 2024 10:35:00 GMT+0530 (India Standard Time)","6405.00","6413.55","6400.00","6401.60"
"Thu Nov 14 2024 10:40:00 GMT+0530 (India Standard Time)","6401.60","6408.40","6395.00","6400.00"
"Thu Nov 14 2024 10:45:00 GMT+0530 (India Standard Time)","6400.00","6407.15","6395.10","6400.00"
"Thu Nov 14 2024 10:50:00 GMT+0530 (India Standard Time)","6400.00","6400.00","6390.55","6398.35"
"Thu Nov 14 2024 10:55:00 GMT+0530 (India Standard Time)","6395.50","6400.00","6395.25","6396.20"
"Thu Nov 14 2024 11:00:00 GMT+0530 (India Standard Time)","6399.30","6400.00","6396.20","6399.85"
"Thu Nov 14 2024 11:05:00 GMT+0530 (India Standard Time)","6399.85","6400.00","6395.00","6400.00"
"Thu Nov 14 2024 11:10:00 GMT+0530 (India Standard Time)","6400.00","6405.00","6395.05","6400.00"
"Thu Nov 14 2024 11:15:00 GMT+0530 (India Standard Time)","6400.00","6400.00","6395.50","6399.95"
"Thu Nov 14 2024 11:20:00 GMT+0530 (India Standard Time)","6399.95","6412.00","6398.00","6400.00"
"Thu Nov 14 2024 11:25:00 GMT+0530 (India Standard Time)","6400.00","6407.45","6398.00","6402.75"
"Thu Nov 14 2024 11:30:00 GMT+0530 (India Standard Time)","6406.75","6406.75","6398.05","6400.00"
"Thu Nov 14 2024 11:35:00 GMT+0530 (India Standard Time)","6399.55","6400.00","6396.00","6399.20"
"Thu Nov 14 2024 11:40:00 GMT+0530 (India Standard Time)","6399.20","6400.00","6397.55","6400.00"
"Thu Nov 14 2024 11:45:00 GMT+0530 (India Standard Time)","6399.30","6400.00","6399.30","6400.00"
"Thu Nov 14 2024 11:50:00 GMT+0530 (India Standard Time)","6400.00","6400.00","6397.90","6400.00"
"Thu Nov 14 2024 11:55:00 GMT+0530 (India Standard Time)","6400.00","6404.95","6398.00","6400.00"
"Thu Nov 14 2024 12:00:00 GMT+0530 (India Standard Time)","6400.00","6400.00","6397.05","6400.00"
"Thu Nov 14 2024 12:05:00 GMT+0530 (India Standard Time)","6400.00","6400.00","6397.85","6400.00"
"Thu Nov 14 2024 12:10:00 GMT+0530 (India Standard Time)","6400.00","6404.65","6399.70","6401.55"
"Thu Nov 14 2024 12:15:00 GMT+0530 (India Standard Time)","6401.30","6404.95","6399.00","6400.60"
"Thu Nov 14 2024 12:20:00 GMT+0530 (India Standard Time)","6400.60","6404.00","6398.00","6400.00"
"Thu Nov 14 2024 12:25:00 GMT+0530 (India Standard Time)","6399.95","6400.00","6398.45","6400.00"
"Thu Nov 14 2024 12:30:00 GMT+0530 (India Standard Time)","6400.00","6400.00","6398.65","6399.95"
"Thu Nov 14 2024 12:35:00 GMT+0530 (India Standard Time)","6399.95","6400.00","6396.00","6400.00"
"Thu Nov 14 2024 12:40:00 GMT+0530 (India Standard Time)","6400.00","6400.00","6398.00","6400.00"
"Thu Nov 14 2024 12:45:00 GMT+0530 (India Standard Time)","6400.00","6400.00","6395.00","6398.95"
"Thu Nov 14 2024 12:50:00 GMT+0530 (India Standard Time)","6398.95","6400.00","6395.00","6400.00"
"Thu Nov 14 2024 12:55:00 GMT+0530 (India Standard Time)","6400.00","6400.00","6390.20","6399.85"
"Thu Nov 14 2024 13:00:00 GMT+0530 (India Standard Time)","6399.85","6400.00","6396.15","6400.00"
"Thu Nov 14 2024 13:05:00 GMT+0530 (India Standard Time)","6400.00","6403.00","6398.00","6399.15"
"Thu Nov 14 2024 13:10:00 GMT+0530 (India Standard Time)","6399.15","6402.90","6397.90","6402.90"
"Thu Nov 14 2024 13:15:00 GMT+0530 (India Standard Time)","6403.15","6411.95","6398.20","6400.00"
"Thu Nov 14 2024 13:20:00 GMT+0530 (India Standard Time)","6400.00","6400.00","6396.25","6400.00"
"Thu Nov 14 2024 13:25:00 GMT+0530 (India Standard Time)","6400.00","6410.55","6397.00","6406.35"
"Thu Nov 14 2024 13:30:00 GMT+0530 (India Standard Time)","6402.70","6421.20","6397.00","6406.95"
"Thu Nov 14 2024 13:35:00 GMT+0530 (India Standard Time)","6406.95","6429.90","6406.95","6422.00"
"Thu Nov 14 2024 13:40:00 GMT+0530 (India Standard Time)","6422.00","6423.05","6395.35","6401.65"
"Thu Nov 14 2024 13:45:00 GMT+0530 (India Standard Time)","6401.65","6401.65","6395.00","6397.60"
"Thu Nov 14 2024 13:50:00 GMT+0530 (India Standard Time)","6398.00","6400.00","6396.00","6396.30"
"Thu Nov 14 2024 13:55:00 GMT+0530 (India Standard Time)","6396.30","6404.30","6396.30","6399.95"
"Thu Nov 14 2024 14:00:00 GMT+0530 (India Standard Time)","6398.20","6400.00","6396.60","6399.00"
"Thu Nov 14 2024 14:05:00 GMT+0530 (India Standard Time)","6399.00","6400.00","6397.50","6400.00"
"Thu Nov 14 2024 14:10:00 GMT+0530 (India Standard Time)","6399.05","6400.00","6391.85","6399.00"
"Thu Nov 14 2024 14:15:00 GMT+0530 (India Standard Time)","6395.75","6400.00","6391.05","6400.00"
"Thu Nov 14 2024 14:20:00 GMT+0530 (India Standard Time)","6397.15","6400.00","6392.70","6396.80"
"Thu Nov 14 2024 14:25:00 GMT+0530 (India Standard Time)","6399.00","6399.00","6392.85","6394.95"
"Thu Nov 14 2024 14:30:00 GMT+0530 (India Standard Time)","6394.00","6395.00","6391.10","6395.00"
"Thu Nov 14 2024 14:35:00 GMT+0530 (India Standard Time)","6395.00","6400.00","6394.15","6399.55"
"Thu Nov 14 2024 14:40:00 GMT+0530 (India Standard Time)","6396.35","6399.40","6387.50","6398.80"
"Thu Nov 14 2024 14:45:00 GMT+0530 (India Standard Time)","6398.80","6399.00","6393.10","6398.00"
"Thu Nov 14 2024 14:50:00 GMT+0530 (India Standard Time)","6398.00","6399.00","6397.00","6398.80"
"Thu Nov 14 2024 14:55:00 GMT+0530 (India Standard Time)","6398.80","6400.45","6397.15","6398.00"
"Thu Nov 14 2024 15:00:00 GMT+0530 (India Standard Time)","6398.15","6401.35","6398.00","6400.90"
"Thu Nov 14 2024 15:05:00 GMT+0530 (India Standard Time)","6400.00","6401.00","6338.20","6350.00"
"Thu Nov 14 2024 15:10:00 GMT+0530 (India Standard Time)","6349.95","6389.50","6347.50","6374.35"
"Thu Nov 14 2024 15:15:00 GMT+0530 (India Standard Time)","6374.35","6388.75","6360.00","6382.70"
"Thu Nov 14 2024 15:20:00 GMT+0530 (India Standard Time)","6382.95","6397.65","6374.50","6395.40"
"Thu Nov 14 2024 15:25:00 GMT+0530 (India Standard Time)","6395.40","6404.95","6347.35","6383.00"
"Mon Nov 18 2024 09:15:00 GMT+0530 (India Standard Time)","6405.05","6420.90","6328.10","6355.10"
"Mon Nov 18 2024 09:20:00 GMT+0530 (India Standard Time)","6355.65","6364.85","6343.90","6364.80"
"Mon Nov 18 2024 09:25:00 GMT+0530 (India Standard Time)","6364.80","6369.00","6324.55","6339.95"
"Mon Nov 18 2024 09:30:00 GMT+0530 (India Standard Time)","6340.90","6344.80","6318.00","6322.00"
"Mon Nov 18 2024 09:35:00 GMT+0530 (India Standard Time)","6325.10","6331.50","6296.65","6302.00"
"Mon Nov 18 2024 09:40:00 GMT+0530 (India Standard Time)","6300.00","6319.20","6286.00","6309.90"
"Mon Nov 18 2024 09:45:00 GMT+0530 (India Standard Time)","6309.85","6340.05","6307.70","6334.35"
"Mon Nov 18 2024 09:50:00 GMT+0530 (India Standard Time)","6334.35","6354.95","6334.35","6341.80"
"Mon Nov 18 2024 09:55:00 GMT+0530 (India Standard Time)","6341.80","6359.00","6341.80","6353.60"
"Mon Nov 18 2024 10:00:00 GMT+0530 (India Standard Time)","6357.45","6372.95","6344.80","6365.00"
"Mon Nov 18 2024 10:05:00 GMT+0530 (India Standard Time)","6365.00","6390.00","6363.00","6390.00"
"Mon Nov 18 2024 10:10:00 GMT+0530 (India Standard Time)","6390.55","6398.95","6376.15","6380.80"
"Mon Nov 18 2024 10:15:00 GMT+0530 (India Standard Time)","6380.80","6387.95","6351.90","6360.00"
"Mon Nov 18 2024 10:20:00 GMT+0530 (India Standard Time)","6360.00","6382.45","6358.55","6379.00"
"Mon Nov 18 2024 10:25:00 GMT+0530 (India Standard Time)","6379.00","6381.95","6361.40","6369.75"
"Mon Nov 18 2024 10:30:00 GMT+0530 (India Standard Time)","6360.00","6382.85","6360.00","6378.55"
"Mon Nov 18 2024 10:35:00 GMT+0530 (India Standard Time)","6378.55","6378.55","6360.65","6369.60"
"Mon Nov 18 2024 10:40:00 GMT+0530 (India Standard Time)","6366.40","6376.90","6354.70","6364.90"
"Mon Nov 18 2024 10:45:00 GMT+0530 (India Standard Time)","6364.90","6374.00","6360.90","6373.00"
"Mon Nov 18 2024 10:50:00 GMT+0530 (India Standard Time)","6373.00","6379.90","6370.00","6379.60"
"Mon Nov 18 2024 10:55:00 GMT+0530 (India Standard Time)","6379.45","6396.00","6376.35","6387.75"
"Mon Nov 18 2024 11:00:00 GMT+0530 (India Standard Time)","6390.90","6398.65","6380.40","6398.65"
"Mon Nov 18 2024 11:05:00 GMT+0530 (India Standard Time)","6398.65","6399.65","6386.05","6394.00"
"Mon Nov 18 2024 11:10:00 GMT+0530 (India Standard Time)","6394.00","6408.00","6390.85","6402.00"
"Mon Nov 18 2024 11:15:00 GMT+0530 (India Standard Time)","6402.00","6424.50","6402.00","6422.55"
"Mon Nov 18 2024 11:20:00 GMT+0530 (India Standard Time)","6422.85","6439.00","6419.70","6434.60"
"Mon Nov 18 2024 11:25:00 GMT+0530 (India Standard Time)","6436.75","6438.40","6427.50","6431.00"
"Mon Nov 18 2024 11:30:00 GMT+0530 (India Standard Time)","6427.10","6434.10","6404.00","6415.80"
"Mon Nov 18 2024 11:35:00 GMT+0530 (India Standard Time)","6415.40","6433.00","6412.75","6433.00"
"Mon Nov 18 2024 11:40:00 GMT+0530 (India Standard Time)","6432.75","6438.00","6429.50","6432.85"
"Mon Nov 18 2024 11:45:00 GMT+0530 (India Standard Time)","6432.85","6438.00","6428.80","6429.85"
"Mon Nov 18 2024 11:50:00 GMT+0530 (India Standard Time)","6433.15","6448.00","6422.55","6443.20"
"Mon Nov 18 2024 11:55:00 GMT+0530 (India Standard Time)","6444.95","6457.55","6440.00","6454.00"
"Mon Nov 18 2024 12:00:00 GMT+0530 (India Standard Time)","6454.00","6462.50","6450.00","6459.45"
"Mon Nov 18 2024 12:05:00 GMT+0530 (India Standard Time)","6459.00","6474.55","6450.75","6468.85"
"Mon Nov 18 2024 12:10:00 GMT+0530 (India Standard Time)","6468.85","6471.45","6456.95","6464.00"
"Mon Nov 18 2024 12:15:00 GMT+0530 (India Standard Time)","6464.05","6480.00","6461.90","6475.00"
"Mon Nov 18 2024 12:20:00 GMT+0530 (India Standard Time)","6475.00","6478.00","6463.50","6476.45"
"Mon Nov 18 2024 12:25:00 GMT+0530 (India Standard Time)","6476.45","6488.90","6471.60","6485.75"
"Mon Nov 18 2024 12:30:00 GMT+0530 (India Standard Time)","6487.50","6497.00","6472.70","6478.95"
"Mon Nov 18 2024 12:35:00 GMT+0530 (India Standard Time)","6478.95","6478.95","6456.05","6462.55"
"Mon Nov 18 2024 12:40:00 GMT+0530 (India Standard Time)","6462.55","6475.00","6455.10","6466.00"
"Mon Nov 18 2024 12:45:00 GMT+0530 (India Standard Time)","6469.25","6487.95","6464.30","6483.55"
"Mon Nov 18 2024 12:50:00 GMT+0530 (India Standard Time)","6483.55","6489.95","6471.80","6477.90"
"Mon Nov 18 2024 12:55:00 GMT+0530 (India Standard Time)","6477.90","6477.90","6463.10","6467.20"
"Mon Nov 18 2024 13:00:00 GMT+0530 (India Standard Time)","6467.20","6495.00","6467.20","6487.50"
"Mon Nov 18 2024 13:05:00 GMT+0530 (India Standard Time)","6487.50","6491.90","6484.10","6490.30"
"Mon Nov 18 2024 13:10:00 GMT+0530 (India Standard Time)","6489.00","6490.30","6470.90","6475.95"
"Mon Nov 18 2024 13:15:00 GMT+0530 (India Standard Time)","6477.15","6479.00","6467.55","6467.55"
"Mon Nov 18 2024 13:20:00 GMT+0530 (India Standard Time)","6468.50","6504.00","6464.15","6493.50"
"Mon Nov 18 2024 13:25:00 GMT+0530 (India Standard Time)","6493.50","6535.50","6488.00","6520.00"
"Mon Nov 18 2024 13:30:00 GMT+0530 (India Standard Time)","6516.70","6538.90","6514.40","6523.45"
"Mon Nov 18 2024 13:35:00 GMT+0530 (India Standard Time)","6524.95","6529.80","6510.00","6523.50"
"Mon Nov 18 2024 13:40:00 GMT+0530 (India Standard Time)","6522.25","6530.00","6518.90","6526.00"
"Mon Nov 18 2024 13:45:00 GMT+0530 (India Standard Time)","6527.00","6555.05","6526.00","6554.75"
"Mon Nov 18 2024 13:50:00 GMT+0530 (India Standard Time)","6554.65","6565.00","6550.00","6563.85"
"Mon Nov 18 2024 13:55:00 GMT+0530 (India Standard Time)","6563.85","6563.85","6541.00","6544.35"
"Mon Nov 18 2024 14:00:00 GMT+0530 (India Standard Time)","6547.65","6553.95","6541.00","6545.40"
"Mon Nov 18 2024 14:05:00 GMT+0530 (India Standard Time)","6547.00","6547.00","6531.00","6539.50"
"Mon Nov 18 2024 14:10:00 GMT+0530 (India Standard Time)","6539.50","6539.85","6532.65","6534.60"
"Mon Nov 18 2024 14:15:00 GMT+0530 (India Standard Time)","6534.60","6534.60","6514.85","6518.55"
"Mon Nov 18 2024 14:20:00 GMT+0530 (India Standard Time)","6521.00","6524.55","6505.00","6510.60"
"Mon Nov 18 2024 14:25:00 GMT+0530 (India Standard Time)","6512.90","6531.50","6507.40","6510.00"
"Mon Nov 18 2024 14:30:00 GMT+0530 (India Standard Time)","6510.00","6521.70","6493.35","6500.00"
"Mon Nov 18 2024 14:35:00 GMT+0530 (India Standard Time)","6500.00","6504.50","6464.15","6473.40"
"Mon Nov 18 2024 14:40:00 GMT+0530 (India Standard Time)","6473.40","6495.00","6471.95","6490.10"
"Mon Nov 18 2024 14:45:00 GMT+0530 (India Standard Time)","6494.55","6499.30","6479.05","6486.40"
"Mon Nov 18 2024 14:50:00 GMT+0530 (India Standard Time)","6487.90","6497.90","6476.90","6493.20"
"Mon Nov 18 2024 14:55:00 GMT+0530 (India Standard Time)","6495.00","6519.90","6493.20","6507.20"
"Mon Nov 18 2024 15:00:00 GMT+0530 (India Standard Time)","6509.40","6509.40","6439.10","6439.10"
"Mon Nov 18 2024 15:05:00 GMT+0530 (India Standard Time)","6441.30","6469.25","6441.30","6451.15"
"Mon Nov 18 2024 15:10:00 GMT+0530 (India Standard Time)","6450.65","6458.55","6440.00","6449.70"
"Mon Nov 18 2024 15:15:00 GMT+0530 (India Standard Time)","6450.30","6459.95","6437.70","6458.20"
"Mon Nov 18 2024 15:20:00 GMT+0530 (India Standard Time)","6458.20","6467.15","6441.05","6458.60"
"Mon Nov 18 2024 15:25:00 GMT+0530 (India Standard Time)","6458.60","6464.55","6436.95","6459.95"
"Tue Nov 19 2024 09:15:00 GMT+0530 (India Standard Time)","6492.20","6564.80","6473.85","6542.95"
"Tue Nov 19 2024 09:20:00 GMT+0530 (India Standard Time)","6540.00","6549.00","6521.00","6531.00"
"Tue Nov 19 2024 09:25:00 GMT+0530 (India Standard Time)","6532.50","6545.00","6524.60","6530.00"
"Tue Nov 19 2024 09:30:00 GMT+0530 (India Standard Time)","6530.00","6530.00","6510.00","6528.00"
"Tue Nov 19 2024 09:35:00 GMT+0530 (India Standard Time)","6528.00","6535.00","6526.30","6533.25"
"Tue Nov 19 2024 09:40:00 GMT+0530 (India Standard Time)","6533.25","6540.35","6529.05","6539.25"
"Tue Nov 19 2024 09:45:00 GMT+0530 (India Standard Time)","6537.40","6545.00","6528.00","6528.55"
"Tue Nov 19 2024 09:50:00 GMT+0530 (India Standard Time)","6528.55","6528.55","6505.60","6524.40"
"Tue Nov 19 2024 09:55:00 GMT+0530 (India Standard Time)","6524.40","6527.15","6515.00","6520.00"
"Tue Nov 19 2024 10:00:00 GMT+0530 (India Standard Time)","6520.00","6538.95","6513.30","6536.90"
"Tue Nov 19 2024 10:05:00 GMT+0530 (India Standard Time)","6536.90","6539.10","6524.60","6539.10"
"Tue Nov 19 2024 10:10:00 GMT+0530 (India Standard Time)","6539.10","6545.00","6532.50","6540.00"
"Tue Nov 19 2024 10:15:00 GMT+0530 (India Standard Time)","6540.00","6543.80","6534.10","6540.95"
"Tue Nov 19 2024 10:20:00 GMT+0530 (India Standard Time)","6540.95","6558.00","6535.75","6555.00"
"Tue Nov 19 2024 10:25:00 GMT+0530 (India Standard Time)","6555.00","6573.00","6555.00","6567.95"
"Tue Nov 19 2024 10:30:00 GMT+0530 (India Standard Time)","6565.90","6568.40","6550.00","6555.95"
"Tue Nov 19 2024 10:35:00 GMT+0530 (India Standard Time)","6552.90","6565.00","6551.90","6564.90"
"Tue Nov 19 2024 10:40:00 GMT+0530 (India Standard Time)","6561.00","6564.90","6537.05","6547.80"
"Tue Nov 19 2024 10:45:00 GMT+0530 (India Standard Time)","6542.00","6554.00","6542.00","6546.20"
"Tue Nov 19 2024 10:50:00 GMT+0530 (India Standard Time)","6546.20","6553.85","6540.00","6547.85"
"Tue Nov 19 2024 10:55:00 GMT+0530 (India Standard Time)","6543.60","6552.85","6543.00","6545.00"
"Tue Nov 19 2024 11:00:00 GMT+0530 (India Standard Time)","6545.00","6553.00","6535.00","6550.85"
"Tue Nov 19 2024 11:05:00 GMT+0530 (India Standard Time)","6550.80","6553.50","6548.50","6550.15"
"Tue Nov 19 2024 11:10:00 GMT+0530 (India Standard Time)","6553.50","6568.40","6550.10","6562.20"
"Tue Nov 19 2024 11:15:00 GMT+0530 (India Standard Time)","6562.20","6562.20","6554.60","6557.95"
"Tue Nov 19 2024 11:20:00 GMT+0530 (India Standard Time)","6557.95","6562.00","6555.30","6559.00"
"Tue Nov 19 2024 11:25:00 GMT+0530 (India Standard Time)","6559.00","6573.00","6559.00","6568.50"
"Tue Nov 19 2024 11:30:00 GMT+0530 (India Standard Time)","6568.50","6572.00","6555.00","6569.00"
"Tue Nov 19 2024 11:35:00 GMT+0530 (India Standard Time)","6569.00","6571.15","6562.15","6566.75"
"Tue Nov 19 2024 11:40:00 GMT+0530 (India Standard Time)","6566.75","6567.00","6554.70","6555.75"
"Tue Nov 19 2024 11:45:00 GMT+0530 (India Standard Time)","6555.75","6561.15","6554.80","6555.85"
"Tue Nov 19 2024 11:50:00 GMT+0530 (India Standard Time)","6555.85","6560.90","6552.35","6559.80"
"Tue Nov 19 2024 11:55:00 GMT+0530 (India Standard Time)","6556.25","6557.80","6551.10","6552.50"
"Tue Nov 19 2024 12:00:00 GMT+0530 (India Standard Time)","6552.50","6559.90","6547.55","6559.90"
"Tue Nov 19 2024 12:05:00 GMT+0530 (India Standard Time)","6559.90","6563.40","6555.70","6560.85"
"Tue Nov 19 2024 12:10:00 GMT+0530 (India Standard Time)","6560.85","6572.25","6558.00","6567.30"
"Tue Nov 19 2024 12:15:00 GMT+0530 (India Standard Time)","6567.30","6589.00","6560.00","6588.60"
"Tue Nov 19 2024 12:20:00 GMT+0530 (India Standard Time)","6588.60","6598.00","6572.50","6577.60"
"Tue Nov 19 2024 12:25:00 GMT+0530 (India Standard Time)","6570.05","6580.80","6561.00","6567.10"
"Tue Nov 19 2024 12:30:00 GMT+0530 (India Standard Time)","6567.10","6568.95","6563.00","6563.00"
"Tue Nov 19 2024 12:35:00 GMT+0530 (India Standard Time)","6563.00","6570.00","6562.40","6562.40"
"Tue Nov 19 2024 12:40:00 GMT+0530 (India Standard Time)","6562.00","6574.90","6560.00","6574.90"
"Tue Nov 19 2024 12:45:00 GMT+0530 (India Standard Time)","6574.00","6574.00","6569.00","6571.00"
"Tue Nov 19 2024 12:50:00 GMT+0530 (India Standard Time)","6571.00","6571.00","6569.00","6570.00"
"Tue Nov 19 2024 12:55:00 GMT+0530 (India Standard Time)","6570.00","6577.75","6569.05","6573.45"
"Tue Nov 19 2024 13:00:00 GMT+0530 (India Standard Time)","6573.45","6579.40","6573.45","6575.10"
"Tue Nov 19 2024 13:05:00 GMT+0530 (India Standard Time)","6575.10","6578.75","6570.00","6575.00"
"Tue Nov 19 2024 13:10:00 GMT+0530 (India Standard Time)","6575.00","6579.55","6569.05","6575.00"
"Tue Nov 19 2024 13:15:00 GMT+0530 (India Standard Time)","6574.80","6579.65","6573.50","6578.00"
"Tue Nov 19 2024 13:20:00 GMT+0530 (India Standard Time)","6574.55","6578.75","6569.65","6569.65"
"Tue Nov 19 2024 13:25:00 GMT+0530 (India Standard Time)","6569.65","6574.40","6562.80","6568.00"
"Tue Nov 19 2024 13:30:00 GMT+0530 (India Standard Time)","6568.00","6574.35","6565.00","6569.70"
"Tue Nov 19 2024 13:35:00 GMT+0530 (India Standard Time)","6569.70","6575.00","6565.05","6571.85"
"Tue Nov 19 2024 13:40:00 GMT+0530 (India Standard Time)","6571.85","6574.00","6565.75","6570.95"
"Tue Nov 19 2024 13:45:00 GMT+0530 (India Standard Time)","6570.95","6570.95","6563.90","6567.00"
"Tue Nov 19 2024 13:50:00 GMT+0530 (India Standard Time)","6567.00","6571.90","6564.65","6570.75"
"Tue Nov 19 2024 13:55:00 GMT+0530 (India Standard Time)","6570.75","6572.10","6564.00","6565.40"
"Tue Nov 19 2024 14:00:00 GMT+0530 (India Standard Time)","6565.40","6570.50","6565.00","6565.05"
"Tue Nov 19 2024 14:05:00 GMT+0530 (India Standard Time)","6565.00","6568.15","6560.00","6562.95"
"Tue Nov 19 2024 14:10:00 GMT+0530 (India Standard Time)","6562.95","6565.00","6560.00","6561.60"
"Tue Nov 19 2024 14:15:00 GMT+0530 (India Standard Time)","6560.10","6564.95","6560.00","6560.30"
"Tue Nov 19 2024 14:20:00 GMT+0530 (India Standard Time)","6560.30","6568.95","6560.30","6565.85"
"Tue Nov 19 2024 14:25:00 GMT+0530 (India Standard Time)","6565.85","6567.15","6561.30","6564.40"
"Tue Nov 19 2024 14:30:00 GMT+0530 (India Standard Time)","6564.45","6564.45","6560.00","6562.95"
"Tue Nov 19 2024 14:35:00 GMT+0530 (India Standard Time)","6563.00","6564.95","6560.00","6562.90"
"Tue Nov 19 2024 14:40:00 GMT+0530 (India Standard Time)","6562.90","6572.00","6560.00","6569.65"
"Tue Nov 19 2024 14:45:00 GMT+0530 (India Standard Time)","6569.45","6572.00","6562.00","6562.85"
"Tue Nov 19 2024 14:50:00 GMT+0530 (India Standard Time)","6562.85","6569.55","6557.05","6565.50"
"Tue Nov 19 2024 14:55:00 GMT+0530 (India Standard Time)","6565.35","6565.35","6560.00","6560.15"
"Tue Nov 19 2024 15:00:00 GMT+0530 (India Standard Time)","6564.10","6569.55","6560.00","6569.55"
"Tue Nov 19 2024 15:05:00 GMT+0530 (India Standard Time)","6570.00","6570.00","6561.30","6561.85"
"Tue Nov 19 2024 15:10:00 GMT+0530 (India Standard Time)","6563.90","6563.90","6551.50","6551.50"
"Tue Nov 19 2024 15:15:00 GMT+0530 (India Standard Time)","6554.65","6554.65","6528.10","6532.15"
"Tue Nov 19 2024 15:20:00 GMT+0530 (India Standard Time)","6534.85","6548.60","6526.25","6543.30"
"Tue Nov 19 2024 15:25:00 GMT+0530 (India Standard Time)","6547.65","6565.00","6500.00","6548.00"
"Thu Nov 21 2024 09:15:00 GMT+0530 (India Standard Time)","6555.00","6617.20","6503.75","6610.00"
"Thu Nov 21 2024 09:20:00 GMT+0530 (India Standard Time)","6611.00","6612.95","6586.00","6586.40"
"Thu Nov 21 2024 09:25:00 GMT+0530 (India Standard Time)","6589.90","6598.15","6571.05","6580.05"
"Thu Nov 21 2024 09:30:00 GMT+0530 (India Standard Time)","6584.30","6587.70","6538.20","6538.20"
"Thu Nov 21 2024 09:35:00 GMT+0530 (India Standard Time)","6538.20","6546.75","6501.50","6507.50"
"Thu Nov 21 2024 09:40:00 GMT+0530 (India Standard Time)","6507.50","6545.95","6502.80","6540.00"
"Thu Nov 21 2024 09:45:00 GMT+0530 (India Standard Time)","6540.80","6549.90","6508.10","6513.95"
"Thu Nov 21 2024 09:50:00 GMT+0530 (India Standard Time)","6513.95","6517.50","6492.15","6499.00"
"Thu Nov 21 2024 09:55:00 GMT+0530 (India Standard Time)","6499.90","6509.80","6486.05","6490.35"
"Thu Nov 21 2024 10:00:00 GMT+0530 (India Standard Time)","6490.35","6495.50","6460.10","6481.60"
"Thu Nov 21 2024 10:05:00 GMT+0530 (India Standard Time)","6482.55","6495.05","6474.75","6486.00"
"Thu Nov 21 2024 10:10:00 GMT+0530 (India Standard Time)","6486.20","6489.00","6471.05","6476.55"
"Thu Nov 21 2024 10:15:00 GMT+0530 (India Standard Time)","6476.25","6478.95","6458.00","6471.85"
"Thu Nov 21 2024 10:20:00 GMT+0530 (India Standard Time)","6472.00","6495.00","6461.50","6485.75"
"Thu Nov 21 2024 10:25:00 GMT+0530 (India Standard Time)","6485.75","6495.75","6482.25","6490.45"
"Thu Nov 21 2024 10:30:00 GMT+0530 (India Standard Time)","6495.00","6498.00","6485.25","6487.00"
"Thu Nov 21 2024 10:35:00 GMT+0530 (India Standard Time)","6485.25","6487.00","6470.05","6470.05"
"Thu Nov 21 2024 10:40:00 GMT+0530 (India Standard Time)","6470.05","6482.05","6470.00","6474.45"
"Thu Nov 21 2024 10:45:00 GMT+0530 (India Standard Time)","6477.45","6480.00","6470.00","6477.65"
"Thu Nov 21 2024 10:50:00 GMT+0530 (India Standard Time)","6475.00","6485.00","6472.00","6485.00"
"Thu Nov 21 2024 10:55:00 GMT+0530 (India Standard Time)","6485.00","6485.00","6475.35","6483.00"
"Thu Nov 21 2024 11:00:00 GMT+0530 (India Standard Time)","6483.00","6487.00","6472.30","6485.75"
"Thu Nov 21 2024 11:05:00 GMT+0530 (India Standard Time)","6485.75","6485.85","6476.50","6478.05"
"Thu Nov 21 2024 11:10:00 GMT+0530 (India Standard Time)","6478.05","6484.75","6477.00","6483.20"
"Thu Nov 21 2024 11:15:00 GMT+0530 (India Standard Time)","6483.15","6495.95","6480.60","6494.15"
"Thu Nov 21 2024 11:20:00 GMT+0530 (India Standard Time)","6494.15","6495.00","6484.50","6485.20"
"Thu Nov 21 2024 11:25:00 GMT+0530 (India Standard Time)","6485.20","6493.95","6485.20","6491.70"
"Thu Nov 21 2024 11:30:00 GMT+0530 (India Standard Time)","6491.65","6498.80","6489.00","6497.75"
"Thu Nov 21 2024 11:35:00 GMT+0530 (India Standard Time)","6497.75","6497.75","6486.75","6492.65"
"Thu Nov 21 2024 11:40:00 GMT+0530 (India Standard Time)","6492.65","6494.50","6485.00","6489.65"
"Thu Nov 21 2024 11:45:00 GMT+0530 (India Standard Time)","6489.65","6497.60","6489.10","6495.50"
"Thu Nov 21 2024 11:50:00 GMT+0530 (India Standard Time)","6496.65","6497.00","6481.05","6491.95"
"Thu Nov 21 2024 11:55:00 GMT+0530 (India Standard Time)","6491.95","6495.90","6486.35","6490.95"
"Thu Nov 21 2024 12:00:00 GMT+0530 (India Standard Time)","6490.95","6511.00","6490.00","6496.65"
"Thu Nov 21 2024 12:05:00 GMT+0530 (India Standard Time)","6496.65","6505.00","6492.65","6505.00"
"Thu Nov 21 2024 12:10:00 GMT+0530 (India Standard Time)","6505.00","6507.00","6500.00","6501.25"
"Thu Nov 21 2024 12:15:00 GMT+0530 (India Standard Time)","6501.25","6512.95","6500.50","6508.40"
"Thu Nov 21 2024 12:20:00 GMT+0530 (India Standard Time)","6508.40","6508.40","6501.05","6502.85"
"Thu Nov 21 2024 12:25:00 GMT+0530 (India Standard Time)","6502.85","6511.90","6502.85","6509.00"
"Thu Nov 21 2024 12:30:00 GMT+0530 (India Standard Time)","6510.30","6512.00","6500.00","6509.60"
"Thu Nov 21 2024 12:35:00 GMT+0530 (India Standard Time)","6509.60","6509.60","6503.90","6509.00"
"Thu Nov 21 2024 12:40:00 GMT+0530 (India Standard Time)","6509.00","6509.25","6502.45","6502.45"
"Thu Nov 21 2024 12:45:00 GMT+0530 (India Standard Time)","6502.45","6508.25","6495.90","6503.00"
"Thu Nov 21 2024 12:50:00 GMT+0530 (India Standard Time)","6503.00","6509.90","6500.10","6506.05"
"Thu Nov 21 2024 12:55:00 GMT+0530 (India Standard Time)","6506.05","6506.70","6498.20","6506.30"
"Thu Nov 21 2024 13:00:00 GMT+0530 (India Standard Time)","6506.30","6509.95","6500.55","6508.35"
"Thu Nov 21 2024 13:05:00 GMT+0530 (India Standard Time)","6508.35","6524.85","6505.00","6524.75"
"Thu Nov 21 2024 13:10:00 GMT+0530 (India Standard Time)","6524.75","6533.95","6518.70","6529.00"
"Thu Nov 21 2024 13:15:00 GMT+0530 (India Standard Time)","6529.00","6529.00","6516.05","6523.95"
"Thu Nov 21 2024 13:20:00 GMT+0530 (India Standard Time)","6524.30","6528.00","6519.85","6527.00"
"Thu Nov 21 2024 13:25:00 GMT+0530 (India Standard Time)","6527.00","6529.00","6525.00","6525.70"
"Thu Nov 21 2024 13:30:00 GMT+0530 (India Standard Time)","6528.90","6529.00","6525.00","6528.95"
"Thu Nov 21 2024 13:35:00 GMT+0530 (India Standard Time)","6528.95","6529.30","6521.50","6525.65"
"Thu Nov 21 2024 13:40:00 GMT+0530 (India Standard Time)","6525.65","6525.95","6520.30","6521.25"
"Thu Nov 21 2024 13:45:00 GMT+0530 (India Standard Time)","6521.25","6523.30","6513.05","6521.00"
"Thu Nov 21 2024 13:50:00 GMT+0530 (India Standard Time)","6521.00","6524.00","6521.00","6523.00"
"Thu Nov 21 2024 13:55:00 GMT+0530 (India Standard Time)","6523.00","6523.30","6513.80","6517.10"
"Thu Nov 21 2024 14:00:00 GMT+0530 (India Standard Time)","6517.10","6522.30","6514.30","6517.00"
"Thu Nov 21 2024 14:05:00 GMT+0530 (India Standard Time)","6517.00","6523.50","6513.00","6513.05"
"Thu Nov 21 2024 14:10:00 GMT+0530 (India Standard Time)","6513.05","6517.10","6512.25","6514.65"
"Thu Nov 21 2024 14:15:00 GMT+0530 (India Standard Time)","6514.65","6515.50","6512.25","6514.65"
"Thu Nov 21 2024 14:20:00 GMT+0530 (India Standard Time)","6514.65","6521.60","6512.25","6517.40"
"Thu Nov 21 2024 14:25:00 GMT+0530 (India Standard Time)","6517.40","6521.55","6513.50","6515.10"
"Thu Nov 21 2024 14:30:00 GMT+0530 (India Standard Time)","6515.10","6517.10","6512.25","6515.00"
"Thu Nov 21 2024 14:35:00 GMT+0530 (India Standard Time)","6512.45","6516.95","6512.25","6513.00"
"Thu Nov 21 2024 14:40:00 GMT+0530 (India Standard Time)","6513.00","6522.95","6512.30","6520.00"
"Thu Nov 21 2024 14:45:00 GMT+0530 (India Standard Time)","6518.00","6520.60","6512.25","6514.00"
"Thu Nov 21 2024 14:50:00 GMT+0530 (India Standard Time)","6514.00","6519.90","6511.00","6517.65"
"Thu Nov 21 2024 14:55:00 GMT+0530 (India Standard Time)","6517.65","6519.95","6512.05","6515.10"
"Thu Nov 21 2024 15:00:00 GMT+0530 (India Standard Time)","6516.85","6521.10","6510.00","6513.10"
"Thu Nov 21 2024 15:05:00 GMT+0530 (India Standard Time)","6510.00","6513.10","6500.00","6501.15"
"Thu Nov 21 2024 15:10:00 GMT+0530 (India Standard Time)","6503.45","6503.45","6485.25","6490.15"
"Thu Nov 21 2024 15:15:00 GMT+0530 (India Standard Time)","6490.15","6500.40","6485.00","6490.00"
"Thu Nov 21 2024 15:20:00 GMT+0530 (India Standard Time)","6490.00","6500.05","6483.10","6495.00"
"Thu Nov 21 2024 15:25:00 GMT+0530 (India Standard Time)","6495.00","6495.00","6485.00","6487.00"
"Fri Nov 22 2024 09:15:00 GMT+0530 (India Standard Time)","6500.05","6555.50","6497.60","6526.45"
"Fri Nov 22 2024 09:20:00 GMT+0530 (India Standard Time)","6523.85","6558.45","6507.20","6545.15"
"Fri Nov 22 2024 09:25:00 GMT+0530 (India Standard Time)","6545.15","6550.00","6529.00","6547.45"
"Fri Nov 22 2024 09:30:00 GMT+0530 (India Standard Time)","6547.95","6550.00","6540.10","6546.25"
"Fri Nov 22 2024 09:35:00 GMT+0530 (India Standard Time)","6546.25","6560.00","6544.15","6544.15"
"Fri Nov 22 2024 09:40:00 GMT+0530 (India Standard Time)","6543.45","6552.15","6532.00","6543.00"
"Fri Nov 22 2024 09:45:00 GMT+0530 (India Standard Time)","6537.25","6541.30","6527.05","6530.70"
"Fri Nov 22 2024 09:50:00 GMT+0530 (India Standard Time)","6530.70","6540.00","6528.00","6540.00"
"Fri Nov 22 2024 09:55:00 GMT+0530 (India Standard Time)","6540.00","6554.00","6536.10","6554.00"
"Fri Nov 22 2024 10:00:00 GMT+0530 (India Standard Time)","6554.00","6555.00","6540.05","6550.50"
"Fri Nov 22 2024 10:05:00 GMT+0530 (India Standard Time)","6553.00","6572.40","6553.00","6561.55"
"Fri Nov 22 2024 10:10:00 GMT+0530 (India Standard Time)","6561.55","6565.00","6554.55","6558.50"
"Fri Nov 22 2024 10:15:00 GMT+0530 (India Standard Time)","6558.50","6593.50","6556.10","6587.50"
"Fri Nov 22 2024 10:20:00 GMT+0530 (India Standard Time)","6587.50","6593.50","6575.10","6578.45"
"Fri Nov 22 2024 10:25:00 GMT+0530 (India Standard Time)","6583.40","6598.25","6574.10","6598.25"
"Fri Nov 22 2024 10:30:00 GMT+0530 (India Standard Time)","6598.90","6600.00","6583.45","6587.75"
"Fri Nov 22 2024 10:35:00 GMT+0530 (India Standard Time)","6587.95","6588.00","6574.20","6577.40"
"Fri Nov 22 2024 10:40:00 GMT+0530 (India Standard Time)","6580.65","6587.50","6575.10","6578.00"
"Fri Nov 22 2024 10:45:00 GMT+0530 (India Standard Time)","6578.00","6581.35","6575.10","6575.10"
"Fri Nov 22 2024 10:50:00 GMT+0530 (India Standard Time)","6575.10","6587.00","6575.10","6580.10"
"Fri Nov 22 2024 10:55:00 GMT+0530 (India Standard Time)","6584.90","6586.85","6575.10","6577.05"
"Fri Nov 22 2024 11:00:00 GMT+0530 (India Standard Time)","6581.85","6590.00","6575.85","6589.50"
"Fri Nov 22 2024 11:05:00 GMT+0530 (India Standard Time)","6589.05","6589.30","6583.05","6584.00"
"Fri Nov 22 2024 11:10:00 GMT+0530 (India Standard Time)","6587.75","6587.90","6580.60","6584.55"
"Fri Nov 22 2024 11:15:00 GMT+0530 (India Standard Time)","6584.50","6585.65","6580.60","6581.55"
"Fri Nov 22 2024 11:20:00 GMT+0530 (India Standard Time)","6581.50","6584.60","6575.60","6575.60"
"Fri Nov 22 2024 11:25:00 GMT+0530 (India Standard Time)","6580.00","6580.00","6575.00","6575.10"
"Fri Nov 22 2024 11:30:00 GMT+0530 (India Standard Time)","6579.95","6589.90","6575.40","6586.65"
"Fri Nov 22 2024 11:35:00 GMT+0530 (India Standard Time)","6586.40","6593.00","6581.10","6588.60"
"Fri Nov 22 2024 11:40:00 GMT+0530 (India Standard Time)","6588.60","6588.90","6583.50","6583.55"
"Fri Nov 22 2024 11:45:00 GMT+0530 (India Standard Time)","6586.95","6593.90","6581.40","6584.95"
"Fri Nov 22 2024 11:50:00 GMT+0530 (India Standard Time)","6587.85","6590.85","6584.95","6587.80"
"Fri Nov 22 2024 11:55:00 GMT+0530 (India Standard Time)","6587.80","6606.60","6585.85","6600.10"
"Fri Nov 22 2024 12:00:00 GMT+0530 (India Standard Time)","6600.10","6606.00","6598.65","6600.60"
"Fri Nov 22 2024 12:05:00 GMT+0530 (India Standard Time)","6600.60","6614.00","6594.95","6612.90"
"Fri Nov 22 2024 12:10:00 GMT+0530 (India Standard Time)","6612.90","6617.20","6607.90","6616.95"
"Fri Nov 22 2024 12:15:00 GMT+0530 (India Standard Time)","6617.00","6620.00","6614.70","6615.00"
"Fri Nov 22 2024 12:20:00 GMT+0530 (India Standard Time)","6615.00","6620.00","6615.00","6616.70"
"Fri Nov 22 2024 12:25:00 GMT+0530 (India Standard Time)","6616.80","6618.00","6615.00","6615.00"
"Fri Nov 22 2024 12:30:00 GMT+0530 (India Standard Time)","6615.00","6619.85","6614.10","6615.10"
"Fri Nov 22 2024 12:35:00 GMT+0530 (India Standard Time)","6615.10","6617.00","6615.00","6616.00"
"Fri Nov 22 2024 12:40:00 GMT+0530 (India Standard Time)","6616.00","6619.25","6615.00","6615.00"
"Fri Nov 22 2024 12:45:00 GMT+0530 (India Standard Time)","6617.00","6618.00","6615.00","6615.00"
"Fri Nov 22 2024 12:50:00 GMT+0530 (India Standard Time)","6617.00","6618.85","6584.00","6589.85"
"Fri Nov 22 2024 12:55:00 GMT+0530 (India Standard Time)","6589.85","6589.85","6575.10","6581.20"
"Fri Nov 22 2024 13:00:00 GMT+0530 (India Standard Time)","6587.60","6595.00","6583.10","6585.00"
"Fri Nov 22 2024 13:05:00 GMT+0530 (India Standard Time)","6585.00","6590.00","6577.35","6577.85"
"Fri Nov 22 2024 13:10:00 GMT+0530 (India Standard Time)","6577.85","6583.90","6575.10","6575.40"
"Fri Nov 22 2024 13:15:00 GMT+0530 (India Standard Time)","6575.40","6589.00","6575.40","6584.90"
"Fri Nov 22 2024 13:20:00 GMT+0530 (India Standard Time)","6584.90","6588.15","6580.00","6580.00"
"Fri Nov 22 2024 13:25:00 GMT+0530 (India Standard Time)","6580.00","6585.00","6578.10","6580.35"
"Fri Nov 22 2024 13:30:00 GMT+0530 (India Standard Time)","6584.95","6584.95","6580.00","6580.65"
"Fri Nov 22 2024 13:35:00 GMT+0530 (India Standard Time)","6580.65","6593.00","6580.65","6586.00"
"Fri Nov 22 2024 13:40:00 GMT+0530 (India Standard Time)","6586.85","6591.00","6584.60","6590.00"
"Fri Nov 22 2024 13:45:00 GMT+0530 (India Standard Time)","6587.95","6598.90","6587.25","6590.40"
"Fri Nov 22 2024 13:50:00 GMT+0530 (India Standard Time)","6590.40","6600.00","6584.05","6590.05"
"Fri Nov 22 2024 13:55:00 GMT+0530 (India Standard Time)","6590.05","6599.75","6588.00","6594.25"
"Fri Nov 22 2024 14:00:00 GMT+0530 (India Standard Time)","6593.10","6599.90","6592.05","6592.85"
"Fri Nov 22 2024 14:05:00 GMT+0530 (India Standard Time)","6592.85","6608.65","6592.85","6603.95"
"Fri Nov 22 2024 14:10:00 GMT+0530 (India Standard Time)","6595.30","6600.80","6590.00","6590.00"
"Fri Nov 22 2024 14:15:00 GMT+0530 (India Standard Time)","6588.00","6590.15","6582.40","6585.35"
"Fri Nov 22 2024 14:20:00 GMT+0530 (India Standard Time)","6586.35","6589.80","6578.25","6580.50"
"Fri Nov 22 2024 14:25:00 GMT+0530 (India Standard Time)","6580.50","6588.00","6580.50","6585.55"
"Fri Nov 22 2024 14:30:00 GMT+0530 (India Standard Time)","6585.55","6587.95","6575.10","6583.85"
"Fri Nov 22 2024 14:35:00 GMT+0530 (India Standard Time)","6583.85","6585.60","6577.60","6583.65"
"Fri Nov 22 2024 14:40:00 GMT+0530 (India Standard Time)","6581.10","6590.00","6577.15","6587.80"
"Fri Nov 22 2024 14:45:00 GMT+0530 (India Standard Time)","6587.80","6595.00","6581.75","6594.85"
"Fri Nov 22 2024 14:50:00 GMT+0530 (India Standard Time)","6593.85","6594.75","6585.65","6585.65"
"Fri Nov 22 2024 14:55:00 GMT+0530 (India Standard Time)","6585.65","6595.00","6585.65","6594.45"
"Fri Nov 22 2024 15:00:00 GMT+0530 (India Standard Time)","6592.90","6597.85","6587.85","6590.05"
"Fri Nov 22 2024 15:05:00 GMT+0530 (India Standard Time)","6591.00","6596.00","6580.00","6581.80"
"Fri Nov 22 2024 15:10:00 GMT+0530 (India Standard Time)","6584.90","6588.50","6575.10","6575.60"
"Fri Nov 22 2024 15:15:00 GMT+0530 (India Standard Time)","6577.30","6589.95","6575.60","6584.35"
"Fri Nov 22 2024 15:20:00 GMT+0530 (India Standard Time)","6584.30","6590.00","6580.40","6589.00"
"Fri Nov 22 2024 15:25:00 GMT+0530 (India Standard Time)","6587.80","6590.00","6582.00","6582.00"
"Mon Nov 25 2024 09:15:00 GMT+0530 (India Standard Time)","6690.00","6690.00","6640.00","6662.30"
"Mon Nov 25 2024 09:20:00 GMT+0530 (India Standard Time)","6665.05","6665.05","6635.00","6651.40"
"Mon Nov 25 2024 09:25:00 GMT+0530 (India Standard Time)","6651.40","6670.00","6645.10","6668.00"
"Mon Nov 25 2024 09:30:00 GMT+0530 (India Standard Time)","6667.95","6678.95","6650.00","6650.00"
"Mon Nov 25 2024 09:35:00 GMT+0530 (India Standard Time)","6654.80","6676.70","6645.25","6671.65"
"Mon Nov 25 2024 09:40:00 GMT+0530 (India Standard Time)","6671.10","6681.95","6667.95","6676.00"
"Mon Nov 25 2024 09:45:00 GMT+0530 (India Standard Time)","6672.40","6678.05","6662.80","6674.80"
"Mon Nov 25 2024 09:50:00 GMT+0530 (India Standard Time)","6674.80","6680.00","6662.95","6677.05"
"Mon Nov 25 2024 09:55:00 GMT+0530 (India Standard Time)","6674.95","6680.00","6656.00","6661.20"
"Mon Nov 25 2024 10:00:00 GMT+0530 (India Standard Time)","6663.40","6674.95","6651.00","6667.40"
"Mon Nov 25 2024 10:05:00 GMT+0530 (India Standard Time)","6667.25","6676.65","6667.15","6669.35"
"Mon Nov 25 2024 10:10:00 GMT+0530 (India Standard Time)","6669.30","6680.00","6669.30","6680.00"
"Mon Nov 25 2024 10:15:00 GMT+0530 (India Standard Time)","6677.15","6679.85","6670.00","6675.00"
"Mon Nov 25 2024 10:20:00 GMT+0530 (India Standard Time)","6675.00","6694.95","6670.05","6692.50"
"Mon Nov 25 2024 10:25:00 GMT+0530 (India Standard Time)","6693.95","6708.00","6683.15","6703.85"
"Mon Nov 25 2024 10:30:00 GMT+0530 (India Standard Time)","6708.00","6709.65","6691.75","6695.00"
"Mon Nov 25 2024 10:35:00 GMT+0530 (India Standard Time)","6695.00","6697.20","6675.05","6681.35"
"Mon Nov 25 2024 10:40:00 GMT+0530 (India Standard Time)","6686.20","6687.90","6671.00","6680.00"
"Mon Nov 25 2024 10:45:00 GMT+0530 (India Standard Time)","6680.00","6686.95","6675.30","6680.00"
"Mon Nov 25 2024 10:50:00 GMT+0530 (India Standard Time)","6680.00","6688.00","6671.25","6671.35"
"Mon Nov 25 2024 10:55:00 GMT+0530 (India Standard Time)","6671.35","6679.55","6670.00","6670.15"
"Mon Nov 25 2024 11:00:00 GMT+0530 (India Standard Time)","6674.35","6684.90","6670.30","6673.60"
"Mon Nov 25 2024 11:05:00 GMT+0530 (India Standard Time)","6673.60","6682.40","6673.00","6682.40"
"Mon Nov 25 2024 11:10:00 GMT+0530 (India Standard Time)","6684.75","6684.90","6674.15","6677.20"
"Mon Nov 25 2024 11:15:00 GMT+0530 (India Standard Time)","6677.20","6683.85","6662.00","6665.35"
"Mon Nov 25 2024 11:20:00 GMT+0530 (India Standard Time)","6665.00","6670.00","6662.00","6662.00"
"Mon Nov 25 2024 11:25:00 GMT+0530 (India Standard Time)","6667.30","6667.80","6660.05","6662.40"
"Mon Nov 25 2024 11:30:00 GMT+0530 (India Standard Time)","6661.10","6670.00","6661.10","6665.00"
"Mon Nov 25 2024 11:35:00 GMT+0530 (India Standard Time)","6665.00","6666.80","6652.60","6658.55"
"Mon Nov 25 2024 11:40:00 GMT+0530 (India Standard Time)","6658.55","6667.95","6653.30","6655.70"
"Mon Nov 25 2024 11:45:00 GMT+0530 (India Standard Time)","6655.65","6664.00","6652.65","6656.65"
"Mon Nov 25 2024 11:50:00 GMT+0530 (India Standard Time)","6656.65","6660.60","6651.00","6653.80"
"Mon Nov 25 2024 11:55:00 GMT+0530 (India Standard Time)","6653.80","6660.50","6653.80","6656.10"
"Mon Nov 25 2024 12:00:00 GMT+0530 (India Standard Time)","6656.10","6660.00","6645.00","6645.70"
"Mon Nov 25 2024 12:05:00 GMT+0530 (India Standard Time)","6645.70","6650.95","6645.70","6647.25"
"Mon Nov 25 2024 12:10:00 GMT+0530 (India Standard Time)","6649.85","6650.25","6647.25","6648.05"
"Mon Nov 25 2024 12:15:00 GMT+0530 (India Standard Time)","6650.60","6660.00","6648.20","6655.95"
"Mon Nov 25 2024 12:20:00 GMT+0530 (India Standard Time)","6655.95","6660.00","6650.85","6659.90"
"Mon Nov 25 2024 12:25:00 GMT+0530 (India Standard Time)","6659.90","6660.00","6656.65","6659.95"
"Mon Nov 25 2024 12:30:00 GMT+0530 (India Standard Time)","6659.90","6660.00","6650.00","6650.50"
"Mon Nov 25 2024 12:35:00 GMT+0530 (India Standard Time)","6650.50","6656.35","6650.50","6654.05"
"Mon Nov 25 2024 12:40:00 GMT+0530 (India Standard Time)","6654.05","6656.00","6645.00","6646.70"
"Mon Nov 25 2024 12:45:00 GMT+0530 (India Standard Time)","6646.70","6648.65","6638.70","6639.05"
"Mon Nov 25 2024 12:50:00 GMT+0530 (India Standard Time)","6638.00","6639.00","6616.85","6624.15"
"Mon Nov 25 2024 12:55:00 GMT+0530 (India Standard Time)","6623.65","6626.15","6612.40","6619.50"
"Mon Nov 25 2024 13:00:00 GMT+0530 (India Standard Time)","6619.40","6619.90","6610.15","6614.95"
"Mon Nov 25 2024 13:05:00 GMT+0530 (India Standard Time)","6611.05","6619.65","6611.05","6617.85"
"Mon Nov 25 2024 13:10:00 GMT+0530 (India Standard Time)","6617.85","6631.55","6617.85","6625.55"
"Mon Nov 25 2024 13:15:00 GMT+0530 (India Standard Time)","6622.20","6627.95","6620.45","6622.50"
"Mon Nov 25 2024 13:20:00 GMT+0530 (India Standard Time)","6622.50","6629.25","6622.00","6624.20"
"Mon Nov 25 2024 13:25:00 GMT+0530 (India Standard Time)","6624.20","6635.00","6624.20","6634.60"
"Mon Nov 25 2024 13:30:00 GMT+0530 (India Standard Time)","6634.60","6640.30","6624.55","6630.45"
"Mon Nov 25 2024 13:35:00 GMT+0530 (India Standard Time)","6630.45","6639.00","6625.00","6626.50"
"Mon Nov 25 2024 13:40:00 GMT+0530 (India Standard Time)","6626.50","6638.25","6621.00","6625.05"
"Mon Nov 25 2024 13:45:00 GMT+0530 (India Standard Time)","6625.05","6638.90","6624.10","6630.00"
"Mon Nov 25 2024 13:50:00 GMT+0530 (India Standard Time)","6630.00","6637.70","6626.25","6630.55"
"Mon Nov 25 2024 13:55:00 GMT+0530 (India Standard Time)","6632.25","6638.80","6627.35","6630.90"
"Mon Nov 25 2024 14:00:00 GMT+0530 (India Standard Time)","6634.10","6637.45","6625.80","6636.05"
"Mon Nov 25 2024 14:05:00 GMT+0530 (India Standard Time)","6636.05","6639.90","6634.65","6639.90"
"Mon Nov 25 2024 14:10:00 GMT+0530 (India Standard Time)","6639.90","6639.90","6625.10","6625.15"
"Mon Nov 25 2024 14:15:00 GMT+0530 (India Standard Time)","6625.15","6638.00","6625.10","6631.20"
"Mon Nov 25 2024 14:20:00 GMT+0530 (India Standard Time)","6631.20","6637.40","6628.60","6633.30"
"Mon Nov 25 2024 14:25:00 GMT+0530 (India Standard Time)","6633.30","6638.65","6632.55","6636.00"
"Mon Nov 25 2024 14:30:00 GMT+0530 (India Standard Time)","6636.00","6639.00","6626.50","6632.25"
"Mon Nov 25 2024 14:35:00 GMT+0530 (India Standard Time)","6634.45","6649.00","6632.25","6639.40"
"Mon Nov 25 2024 14:40:00 GMT+0530 (India Standard Time)","6639.40","6648.35","6639.40","6641.00"
"Mon Nov 25 2024 14:45:00 GMT+0530 (India Standard Time)","6640.00","6662.00","6640.00","6655.10"
"Mon Nov 25 2024 14:50:00 GMT+0530 (India Standard Time)","6655.65","6658.95","6645.00","6645.00"
"Mon Nov 25 2024 14:55:00 GMT+0530 (India Standard Time)","6645.00","6651.00","6640.10","6647.15"
"Mon Nov 25 2024 15:00:00 GMT+0530 (India Standard Time)","6643.50","6794.40","6643.50","6794.40"
"Mon Nov 25 2024 15:05:00 GMT+0530 (India Standard Time)","6791.45","6794.45","6725.10","6767.90"
"Mon Nov 25 2024 15:10:00 GMT+0530 (India Standard Time)","6767.90","6793.70","6750.10","6789.00"
"Mon Nov 25 2024 15:15:00 GMT+0530 (India Standard Time)","6790.35","6843.90","6790.35","6818.10"
"Mon Nov 25 2024 15:20:00 GMT+0530 (India Standard Time)","6818.55","6874.50","6813.00","6856.05"
"Mon Nov 25 2024 15:25:00 GMT+0530 (India Standard Time)","6856.55","6875.00","6815.00","6824.50"
"Tue Nov 26 2024 09:15:00 GMT+0530 (India Standard Time)","6848.00","6879.00","6779.85","6814.60"
"Tue Nov 26 2024 09:20:00 GMT+0530 (India Standard Time)","6814.60","6820.00","6804.00","6816.15"
"Tue Nov 26 2024 09:25:00 GMT+0530 (India Standard Time)","6816.50","6837.45","6811.75","6820.65"
"Tue Nov 26 2024 09:30:00 GMT+0530 (India Standard Time)","6824.00","6825.95","6810.60","6811.90"
"Tue Nov 26 2024 09:35:00 GMT+0530 (India Standard Time)","6811.90","6820.00","6807.00","6809.85"
"Tue Nov 26 2024 09:40:00 GMT+0530 (India Standard Time)","6804.00","6813.00","6790.80","6798.80"
"Tue Nov 26 2024 09:45:00 GMT+0530 (India Standard Time)","6804.55","6805.00","6785.00","6790.00"
"Tue Nov 26 2024 09:50:00 GMT+0530 (India Standard Time)","6791.00","6803.00","6785.00","6795.10"
"Tue Nov 26 2024 09:55:00 GMT+0530 (India Standard Time)","6796.30","6799.00","6775.00","6779.00"
"Tue Nov 26 2024 10:00:00 GMT+0530 (India Standard Time)","6775.00","6800.00","6775.00","6795.30"
"Tue Nov 26 2024 10:05:00 GMT+0530 (India Standard Time)","6795.30","6815.00","6795.05","6808.40"
"Tue Nov 26 2024 10:10:00 GMT+0530 (India Standard Time)","6809.00","6809.00","6800.00","6806.90"
"Tue Nov 26 2024 10:15:00 GMT+0530 (India Standard Time)","6806.90","6806.90","6786.15","6791.10"
"Tue Nov 26 2024 10:20:00 GMT+0530 (India Standard Time)","6791.10","6804.25","6786.05","6797.30"
"Tue Nov 26 2024 10:25:00 GMT+0530 (India Standard Time)","6797.30","6806.65","6795.10","6805.50"
"Tue Nov 26 2024 10:30:00 GMT+0530 (India Standard Time)","6805.50","6810.00","6788.00","6794.05"
"Tue Nov 26 2024 10:35:00 GMT+0530 (India Standard Time)","6794.05","6797.40","6788.35","6792.40"
"Tue Nov 26 2024 10:40:00 GMT+0530 (India Standard Time)","6795.00","6795.65","6790.00","6793.00"
"Tue Nov 26 2024 10:45:00 GMT+0530 (India Standard Time)","6793.00","6795.65","6781.00","6787.90"
"Tue Nov 26 2024 10:50:00 GMT+0530 (India Standard Time)","6787.90","6794.90","6780.80","6794.90"
"Tue Nov 26 2024 10:55:00 GMT+0530 (India Standard Time)","6794.75","6794.85","6786.05","6790.00"
"Tue Nov 26 2024 11:00:00 GMT+0530 (India Standard Time)","6790.00","6794.00","6785.00","6788.60"
"Tue Nov 26 2024 11:05:00 GMT+0530 (India Standard Time)","6788.60","6795.00","6788.00","6789.00"
"Tue Nov 26 2024 11:10:00 GMT+0530 (India Standard Time)","6789.00","6792.00","6785.30","6789.90"
"Tue Nov 26 2024 11:15:00 GMT+0530 (India Standard Time)","6789.90","6789.90","6782.05","6782.10"
"Tue Nov 26 2024 11:20:00 GMT+0530 (India Standard Time)","6782.10","6787.85","6780.00","6787.00"
"Tue Nov 26 2024 11:25:00 GMT+0530 (India Standard Time)","6787.00","6789.70","6781.55","6787.05"
"Tue Nov 26 2024 11:30:00 GMT+0530 (India Standard Time)","6787.05","6788.95","6782.40","6786.05"
"Tue Nov 26 2024 11:35:00 GMT+0530 (India Standard Time)","6786.45","6790.00","6785.00","6790.00"
"Tue Nov 26 2024 11:40:00 GMT+0530 (India Standard Time)","6790.50","6790.50","6770.00","6770.00"
"Tue Nov 26 2024 11:45:00 GMT+0530 (India Standard Time)","6770.00","6782.40","6765.00","6775.30"
"Tue Nov 26 2024 11:50:00 GMT+0530 (India Standard Time)","6775.30","6777.00","6770.05","6775.55"
"Tue Nov 26 2024 11:55:00 GMT+0530 (India Standard Time)","6775.55","6775.55","6760.70","6768.45"
"Tue Nov 26 2024 12:00:00 GMT+0530 (India Standard Time)","6768.45","6772.20","6761.10","6762.15"
"Tue Nov 26 2024 12:05:00 GMT+0530 (India Standard Time)","6762.15","6766.55","6760.10","6764.00"
"Tue Nov 26 2024 12:10:00 GMT+0530 (India Standard Time)","6764.00","6765.00","6756.45","6757.15"
"Tue Nov 26 2024 12:15:00 GMT+0530 (India Standard Time)","6757.15","6770.55","6757.15","6768.30"
"Tue Nov 26 2024 12:20:00 GMT+0530 (India Standard Time)","6768.30","6768.30","6758.00","6762.65"
"Tue Nov 26 2024 12:25:00 GMT+0530 (India Standard Time)","6761.00","6768.65","6760.00","6766.70"
"Tue Nov 26 2024 12:30:00 GMT+0530 (India Standard Time)","6766.70","6767.15","6760.00","6765.40"
"Tue Nov 26 2024 12:35:00 GMT+0530 (India Standard Time)","6765.40","6768.10","6761.00","6762.10"
"Tue Nov 26 2024 12:40:00 GMT+0530 (India Standard Time)","6762.10","6765.00","6760.00","6764.75"
"Tue Nov 26 2024 12:45:00 GMT+0530 (India Standard Time)","6764.75","6764.75","6758.85","6763.90"
"Tue Nov 26 2024 12:50:00 GMT+0530 (India Standard Time)","6763.90","6765.95","6758.00","6761.05"
"Tue Nov 26 2024 12:55:00 GMT+0530 (India Standard Time)","6761.05","6764.45","6756.10","6760.95"
"Tue Nov 26 2024 13:00:00 GMT+0530 (India Standard Time)","6760.00","6762.75","6755.15","6762.00"
"Tue Nov 26 2024 13:05:00 GMT+0530 (India Standard Time)","6762.00","6780.00","6753.05","6775.35"
"Tue Nov 26 2024 13:10:00 GMT+0530 (India Standard Time)","6773.60","6795.65","6771.05","6789.55"
"Tue Nov 26 2024 13:15:00 GMT+0530 (India Standard Time)","6790.25","6790.25","6778.35","6778.75"
"Tue Nov 26 2024 13:20:00 GMT+0530 (India Standard Time)","6778.75","6784.90","6775.00","6775.00"
"Tue Nov 26 2024 13:25:00 GMT+0530 (India Standard Time)","6775.00","6776.95","6770.00","6770.05"
"Tue Nov 26 2024 13:30:00 GMT+0530 (India Standard Time)","6770.05","6777.00","6769.00","6771.20"
"Tue Nov 26 2024 13:35:00 GMT+0530 (India Standard Time)","6775.95","6776.95","6763.30","6763.90"
"Tue Nov 26 2024 13:40:00 GMT+0530 (India Standard Time)","6763.90","6772.65","6760.85","6762.90"