"Date","Open","High","Low","Close"
"Fri Oct 31 2025 11:45:00 GMT+0530 (India Standard Time)","5526.00","5526.00","5514.50","5516.00"
"Fri Oct 31 2025 11:50:00 GMT+0530 (India Standard Time)","5517.50","5518.00","5510.00","5515.00"
"Fri Oct 31 2025 11:55:00 GMT+0530 (India Standard Time)","5515.00","5515.00","5511.00","5514.00"
"Fri Oct 31 2025 12:00:00 GMT+0530 (India Standard Time)","5514.00","5515.00","5511.00","5515.00"
"Fri Oct 31 2025 12:05:00 GMT+0530 (India Standard Time)","5515.00","5515.50","5507.00","5508.50"
"Fri Oct 31 2025 12:10:00 GMT+0530 (India Standard Time)","5508.50","5513.00","5506.00","5509.00"
"Fri Oct 31 2025 12:15:00 GMT+0530 (India Standard Time)","5508.50","5510.00","5504.00","5510.00"
"Fri Oct 31 2025 12:20:00 GMT+0530 (India Standard Time)","5510.00","5511.00","5503.50","5506.50"
"Fri Oct 31 2025 12:25:00 GMT+0530 (India Standard Time)","5506.50","5506.50","5503.00","5504.00"
"Fri Oct 31 2025 12:30:00 GMT+0530 (India Standard Time)","5504.00","5506.50","5503.50","5504.00"
"Fri Oct 31 2025 12:35:00 GMT+0530 (India Standard Time)","5503.50","5505.00","5502.00","5503.50"
"Fri Oct 31 2025 12:40:00 GMT+0530 (India Standard Time)","5503.50","5506.00","5503.00","5506.00"
"Fri Oct 31 2025 12:45:00 GMT+0530 (India Standard Time)","5506.00","5507.50","5505.00","5505.50"
"Fri Oct 31 2025 12:50:00 GMT+0530 (India Standard Time)","5505.50","5507.00","5503.50","5506.00"
"Fri Oct 31 2025 12:55:00 GMT+0530 (India Standard Time)","5506.00","5506.00","5501.00","5501.00"
"Fri Oct 31 2025 13:00:00 GMT+0530 (India Standard Time)","5501.00","5501.00","5487.00","5491.50"
"Fri Oct 31 2025 13:05:00 GMT+0530 (India Standard Time)","5491.50","5495.50","5487.00","5490.00"
"Fri Oct 31 2025 13:10:00 GMT+0530 (India Standard Time)","5490.00","5491.00","5485.00","5489.00"
"Fri Oct 31 2025 13:15:00 GMT+0530 (India Standard Time)","5489.00","5490.50","5486.00","5490.50"
"Fri Oct 31 2025 13:20:00 GMT+0530 (India Standard Time)","5490.50","5490.50","5482.00","5485.00"
"Fri Oct 31 2025 13:25:00 GMT+0530 (India Standard Time)","5485.00","5485.00","5477.00","5484.00"
"Fri Oct 31 2025 13:30:00 GMT+0530 (India Standard Time)","5483.00","5484.00","5480.50","5482.00"
"Fri Oct 31 2025 13:35:00 GMT+0530 (India Standard Time)","5480.00","5488.00","5480.00","5486.50"
"Fri Oct 31 2025 13:40:00 GMT+0530 (India Standard Time)","5486.50","5486.50","5483.50","5484.50"
"Fri Oct 31 2025 13:45:00 GMT+0530 (India Standard Time)","5484.50","5485.50","5480.00","5481.50"
"Fri Oct 31 2025 13:50:00 GMT+0530 (India Standard Time)","5481.50","5487.00","5481.50","5485.50"
"Fri Oct 31 2025 13:55:00 GMT+0530 (India Standard Time)","5486.00","5492.50","5486.00","5492.50"
"Fri Oct 31 2025 14:00:00 GMT+0530 (India Standard Time)","5492.50","5493.50","5490.00","5491.50"
"Fri Oct 31 2025 14:05:00 GMT+0530 (India Standard Time)","5492.00","5494.50","5490.50","5493.00"
"Fri Oct 31 2025 14:10:00 GMT+0530 (India Standard Time)","5493.00","5495.00","5490.00","5495.00"
"Fri Oct 31 2025 14:15:00 GMT+0530 (India Standard Time)","5495.00","5497.50","5490.50","5490.50"
"Fri Oct 31 2025 14:20:00 GMT+0530 (India Standard Time)","5490.50","5493.50","5483.00","5488.00"
"Fri Oct 31 2025 14:25:00 GMT+0530 (India Standard Time)","5488.00","5495.50","5485.00","5495.00"
"Fri Oct 31 2025 14:30:00 GMT+0530 (India Standard Time)","5495.00","5495.00","5489.00","5489.00"
"Fri Oct 31 2025 14:35:00 GMT+0530 (India Standard Time)","5489.00","5495.00","5486.00","5495.00"
"Fri Oct 31 2025 14:40:00 GMT+0530 (India Standard Time)","5495.00","5495.00","5487.50","5492.00"
"Fri Oct 31 2025 14:45:00 GMT+0530 (India Standard Time)","5492.00","5492.00","5486.50","5488.50"
"Fri Oct 31 2025 14:50:00 GMT+0530 (India Standard Time)","5487.50","5488.50","5482.00","5482.00"
"Fri Oct 31 2025 14:55:00 GMT+0530 (India Standard Time)","5482.00","5484.00","5475.00","5480.00"
"Fri Oct 31 2025 15:00:00 GMT+0530 (India Standard Time)","5475.00","5476.50","5458.00","5460.50"
"Fri Oct 31 2025 15:05:00 GMT+0530 (India Standard Time)","5460.50","5462.50","5459.00","5461.00"
"Fri Oct 31 2025 15:10:00 GMT+0530 (India Standard Time)","5461.00","5461.50","5455.00","5460.00"
"Fri Oct 31 2025 15:15:00 GMT+0530 (India Standard Time)","5459.50","5468.00","5452.50","5454.50"
"Fri Oct 31 2025 15:20:00 GMT+0530 (India Standard Time)","5454.50","5459.50","5441.00","5446.50"
"Fri Oct 31 2025 15:25:00 GMT+0530 (India Standard Time)","5446.00","5453.00","5412.50","5452.50"
"Mon Nov 03 2025 09:15:00 GMT+0530 (India Standard Time)","5453.00","5455.00","5422.00","5429.00"
"Mon Nov 03 2025 09:20:00 GMT+0530 (India Standard Time)","5429.00","5440.00","5422.00","5425.00"
"Mon Nov 03 2025 09:25:00 GMT+0530 (India Standard Time)","5424.50","5434.50","5423.50","5430.00"
"Mon Nov 03 2025 09:30:00 GMT+0530 (India Standard Time)","5430.00","5442.00","5412.50","5442.00"
"Mon Nov 03 2025 09:35:00 GMT+0530 (India Standard Time)","5444.00","5444.50","5436.00","5439.50"
"Mon Nov 03 2025 09:40:00 GMT+0530 (India Standard Time)","5439.50","5443.50","5435.00","5440.00"
"Mon Nov 03 2025 09:45:00 GMT+0530 (India Standard Time)","5440.00","5440.50","5431.00","5436.50"
"Mon Nov 03 2025 09:50:00 GMT+0530 (India Standard Time)","5436.50","5442.00","5433.00","5442.00"
"Mon Nov 03 2025 09:55:00 GMT+0530 (India Standard Time)","5442.50","5443.00","5428.50","5430.50"
"Mon Nov 03 2025 10:00:00 GMT+0530 (India Standard Time)","5434.00","5436.50","5424.50","5434.00"
"Mon Nov 03 2025 10:05:00 GMT+0530 (India Standard Time)","5431.00","5432.00","5418.00","5421.50"
"Mon Nov 03 2025 10:10:00 GMT+0530 (India Standard Time)","5421.50","5423.00","5415.00","5416.00"
"Mon Nov 03 2025 10:15:00 GMT+0530 (India Standard Time)","5418.00","5430.00","5418.00","5426.00"
"Mon Nov 03 2025 10:20:00 GMT+0530 (India Standard Time)","5426.00","5430.00","5420.00","5424.50"
"Mon Nov 03 2025 10:25:00 GMT+0530 (India Standard Time)","5422.50","5424.50","5420.00","5421.00"
"Mon Nov 03 2025 10:30:00 GMT+0530 (India Standard Time)","5422.50","5424.50","5419.00","5421.50"
"Mon Nov 03 2025 10:35:00 GMT+0530 (India Standard Time)","5421.50","5424.50","5419.00","5424.00"
"Mon Nov 03 2025 10:40:00 GMT+0530 (India Standard Time)","5424.50","5424.50","5419.50","5420.00"
"Mon Nov 03 2025 10:45:00 GMT+0530 (India Standard Time)","5420.00","5421.50","5413.00","5413.00"
"Mon Nov 03 2025 10:50:00 GMT+0530 (India Standard Time)","5411.00","5416.50","5405.00","5409.50"
"Mon Nov 03 2025 10:55:00 GMT+0530 (India Standard Time)","5409.50","5410.50","5395.50","5400.00"
"Mon Nov 03 2025 11:00:00 GMT+0530 (India Standard Time)","5400.00","5408.00","5395.50","5401.50"
"Mon Nov 03 2025 11:05:00 GMT+0530 (India Standard Time)","5401.50","5407.50","5401.50","5407.50"
"Mon Nov 03 2025 11:10:00 GMT+0530 (India Standard Time)","5410.00","5412.50","5407.50","5412.50"
"Mon Nov 03 2025 11:15:00 GMT+0530 (India Standard Time)","5412.50","5412.50","5405.00","5410.00"
"Mon Nov 03 2025 11:20:00 GMT+0530 (India Standard Time)","5410.00","5422.00","5409.00","5420.00"
"Mon Nov 03 2025 11:25:00 GMT+0530 (India Standard Time)","5420.00","5420.00","5413.50","5418.00"
"Mon Nov 03 2025 11:30:00 GMT+0530 (India Standard Time)","5418.00","5418.00","5408.00","5408.50"
"Mon Nov 03 2025 11:35:00 GMT+0530 (India Standard Time)","5408.50","5409.50","5406.00","5409.00"
"Mon Nov 03 2025 11:40:00 GMT+0530 (India Standard Time)","5406.00","5410.00","5403.50","5403.50"
"Mon Nov 03 2025 11:45:00 GMT+0530 (India Standard Time)","5403.50","5408.50","5402.00","5406.50"
"Mon Nov 03 2025 11:50:00 GMT+0530 (India Standard Time)","5406.50","5406.50","5400.00","5401.00"
"Mon Nov 03 2025 11:55:00 GMT+0530 (India Standard Time)","5401.00","5406.00","5401.00","5404.00"
"Mon Nov 03 2025 12:00:00 GMT+0530 (India Standard Time)","5404.00","5406.50","5403.00","5405.50"
"Mon Nov 03 2025 12:05:00 GMT+0530 (India Standard Time)","5405.50","5405.50","5401.50","5405.00"
"Mon Nov 03 2025 12:10:00 GMT+0530 (India Standard Time)","5401.50","5404.50","5398.50","5398.50"
"Mon Nov 03 2025 12:15:00 GMT+0530 (India Standard Time)","5398.50","5404.00","5394.50","5404.00"
"Mon Nov 03 2025 12:20:00 GMT+0530 (India Standard Time)","5404.00","5408.50","5403.00","5406.00"
"Mon Nov 03 2025 12:25:00 GMT+0530 (India Standard Time)","5406.00","5408.00","5404.50","5404.50"
"Mon Nov 03 2025 12:30:00 GMT+0530 (India Standard Time)","5407.50","5407.50","5401.00","5404.50"
"Mon Nov 03 2025 12:35:00 GMT+0530 (India Standard Time)","5404.50","5404.50","5401.00","5403.00"
"Mon Nov 03 2025 12:40:00 GMT+0530 (India Standard Time)","5403.00","5404.00","5401.00","5404.00"
"Mon Nov 03 2025 12:45:00 GMT+0530 (India Standard Time)","5404.00","5405.00","5401.50","5404.00"
"Mon Nov 03 2025 12:50:00 GMT+0530 (India Standard Time)","5404.00","5407.00","5404.00","5406.50"
"Mon Nov 03 2025 12:55:00 GMT+0530 (India Standard Time)","5406.50","5412.00","5402.50","5412.00"
"Mon Nov 03 2025 13:00:00 GMT+0530 (India Standard Time)","5412.00","5412.00","5406.00","5409.00"
"Mon Nov 03 2025 13:05:00 GMT+0530 (India Standard Time)","5409.00","5409.50","5404.50","5408.50"
"Mon Nov 03 2025 13:10:00 GMT+0530 (India Standard Time)","5405.50","5408.50","5405.00","5405.50"
"Mon Nov 03 2025 13:15:00 GMT+0530 (India Standard Time)","5405.50","5408.00","5405.50","5407.50"
"Mon Nov 03 2025 13:20:00 GMT+0530 (India Standard Time)","5407.50","5410.00","5405.00","5405.00"
"Mon Nov 03 2025 13:25:00 GMT+0530 (India Standard Time)","5405.00","5408.00","5405.00","5406.00"
"Mon Nov 03 2025 13:30:00 GMT+0530 (India Standard Time)","5408.00","5410.00","5406.00","5409.50"
"Mon Nov 03 2025 13:35:00 GMT+0530 (India Standard Time)","5409.00","5410.00","5405.50","5407.50"
"Mon Nov 03 2025 13:40:00 GMT+0530 (India Standard Time)","5407.00","5412.00","5407.00","5411.50"
"Mon Nov 03 2025 13:45:00 GMT+0530 (India Standard Time)","5411.50","5411.50","5410.00","5411.00"
"Mon Nov 03 2025 13:50:00 GMT+0530 (India Standard Time)","5411.00","5412.00","5406.00","5409.50"
"Mon Nov 03 2025 13:55:00 GMT+0530 (India Standard Time)","5409.50","5413.00","5409.50","5412.00"
"Mon Nov 03 2025 14:00:00 GMT+0530 (India Standard Time)","5412.00","5420.00","5410.00","5412.00"
"Mon Nov 03 2025 14:05:00 GMT+0530 (India Standard Time)","5412.00","5413.00","5409.00","5412.50"
"Mon Nov 03 2025 14:10:00 GMT+0530 (India Standard Time)","5412.50","5414.50","5409.00","5414.50"
"Mon Nov 03 2025 14:15:00 GMT+0530 (India Standard Time)","5414.50","5418.00","5409.00","5416.00"
"Mon Nov 03 2025 14:20:00 GMT+0530 (India Standard Time)","5417.00","5425.00","5415.00","5425.00"
"Mon Nov 03 2025 14:25:00 GMT+0530 (India Standard Time)","5425.00","5425.00","5418.00","5422.50"
"Mon Nov 03 2025 14:30:00 GMT+0530 (India Standard Time)","5422.50","5424.50","5419.00","5423.50"
"Mon Nov 03 2025 14:35:00 GMT+0530 (India Standard Time)","5424.00","5431.00","5420.00","5422.00"
"Mon Nov 03 2025 14:40:00 GMT+0530 (India Standard Time)","5422.00","5425.50","5420.00","5425.00"
"Mon Nov 03 2025 14:45:00 GMT+0530 (India Standard Time)","5424.00","5430.00","5423.00","5426.50"
"Mon Nov 03 2025 14:50:00 GMT+0530 (India Standard Time)","5426.50","5427.00","5424.00","5426.50"
"Mon Nov 03 2025 14:55:00 GMT+0530 (India Standard Time)","5425.00","5428.00","5421.00","5425.00"
"Mon Nov 03 2025 15:00:00 GMT+0530 (India Standard Time)","5426.00","5428.00","5422.50","5427.00"
"Mon Nov 03 2025 15:05:00 GMT+0530 (India Standard Time)","5427.00","5428.50","5425.00","5428.50"
"Mon Nov 03 2025 15:10:00 GMT+0530 (India Standard Time)","5428.50","5435.00","5427.00","5433.00"
"Mon Nov 03 2025 15:15:00 GMT+0530 (India Standard Time)","5433.00","5435.50","5430.50","5430.50"
"Mon Nov 03 2025 15:20:00 GMT+0530 (India Standard Time)","5433.00","5440.50","5430.00","5440.50"
"Mon Nov 03 2025 15:25:00 GMT+0530 (India Standard Time)","5440.50","5453.00","5440.50","5450.00"
"Tue Nov 04 2025 09:15:00 GMT+0530 (India Standard Time)","5440.00","5464.00","5434.50","5451.50"
"Tue Nov 04 2025 09:20:00 GMT+0530 (India Standard Time)","5451.50","5456.00","5425.50","5448.50"
"Tue Nov 04 2025 09:25:00 GMT+0530 (India Standard Time)","5448.50","5448.50","5421.50","5429.00"
"Tue Nov 04 2025 09:30:00 GMT+0530 (India Standard Time)","5421.50","5433.50","5420.00","5426.50"
"Tue Nov 04 2025 09:35:00 GMT+0530 (India Standard Time)","5425.00","5427.00","5415.00","5427.00"
"Tue Nov 04 2025 09:40:00 GMT+0530 (India Standard Time)","5427.00","5431.00","5425.00","5430.50"
"Tue Nov 04 2025 09:45:00 GMT+0530 (India Standard Time)","5430.00","5433.50","5426.50","5428.50"
"Tue Nov 04 2025 09:50:00 GMT+0530 (India Standard Time)","5429.00","5433.00","5424.50","5430.00"
"Tue Nov 04 2025 09:55:00 GMT+0530 (India Standard Time)","5430.00","5430.00","5422.00","5424.50"
"Tue Nov 04 2025 10:00:00 GMT+0530 (India Standard Time)","5424.50","5424.50","5416.00","5416.00"
"Tue Nov 04 2025 10:05:00 GMT+0530 (India Standard Time)","5416.00","5420.00","5413.00","5416.00"
"Tue Nov 04 2025 10:10:00 GMT+0530 (India Standard Time)","5416.00","5416.50","5411.00","5412.00"
"Tue Nov 04 2025 10:15:00 GMT+0530 (India Standard Time)","5412.00","5413.00","5402.00","5410.00"
"Tue Nov 04 2025 10:20:00 GMT+0530 (India Standard Time)","5410.00","5415.00","5410.00","5414.50"
"Tue Nov 04 2025 10:25:00 GMT+0530 (India Standard Time)","5412.00","5415.00","5412.00","5413.50"
"Tue Nov 04 2025 10:30:00 GMT+0530 (India Standard Time)","5413.50","5413.50","5405.00","5409.50"
"Tue Nov 04 2025 10:35:00 GMT+0530 (India Standard Time)","5409.50","5413.50","5406.00","5407.00"
"Tue Nov 04 2025 10:40:00 GMT+0530 (India Standard Time)","5407.00","5407.50","5405.00","5405.00"
"Tue Nov 04 2025 10:45:00 GMT+0530 (India Standard Time)","5405.00","5405.00","5402.00","5404.00"
"Tue Nov 04 2025 10:50:00 GMT+0530 (India Standard Time)","5404.00","5414.00","5402.00","5407.50"
"Tue Nov 04 2025 10:55:00 GMT+0530 (India Standard Time)","5407.50","5409.50","5403.00","5403.50"
"Tue Nov 04 2025 11:00:00 GMT+0530 (India Standard Time)","5406.50","5407.00","5395.00","5400.00"
"Tue Nov 04 2025 11:05:00 GMT+0530 (India Standard Time)","5398.00","5398.00","5392.50","5394.00"
"Tue Nov 04 2025 11:10:00 GMT+0530 (India Standard Time)","5393.00","5397.00","5390.00","5392.00"
"Tue Nov 04 2025 11:15:00 GMT+0530 (India Standard Time)","5392.00","5392.50","5386.00","5386.00"
"Tue Nov 04 2025 11:20:00 GMT+0530 (India Standard Time)","5387.00","5389.00","5383.00","5385.50"
"Tue Nov 04 2025 11:25:00 GMT+0530 (India Standard Time)","5387.00","5387.00","5382.00","5382.00"
"Tue Nov 04 2025 11:30:00 GMT+0530 (India Standard Time)","5382.00","5385.00","5381.00","5384.50"
"Tue Nov 04 2025 11:35:00 GMT+0530 (India Standard Time)","5384.50","5385.00","5382.50","5383.00"
"Tue Nov 04 2025 11:40:00 GMT+0530 (India Standard Time)","5383.00","5385.50","5380.00","5384.00"
"Tue Nov 04 2025 11:45:00 GMT+0530 (India Standard Time)","5384.00","5384.00","5377.00","5381.50"
"Tue Nov 04 2025 11:50:00 GMT+0530 (India Standard Time)","5381.50","5384.00","5376.50","5379.00"
"Tue Nov 04 2025 11:55:00 GMT+0530 (India Standard Time)","5377.50","5379.00","5376.00","5376.00"
"Tue Nov 04 2025 12:00:00 GMT+0530 (India Standard Time)","5375.00","5377.50","5374.00","5377.00"
"Tue Nov 04 2025 12:05:00 GMT+0530 (India Standard Time)","5377.00","5377.50","5370.00","5373.00"
"Tue Nov 04 2025 12:10:00 GMT+0530 (India Standard Time)","5373.00","5379.50","5370.00","5378.50"
"Tue Nov 04 2025 12:15:00 GMT+0530 (India Standard Time)","5378.50","5379.50","5375.00","5376.50"
"Tue Nov 04 2025 12:20:00 GMT+0530 (India Standard Time)","5376.50","5379.50","5374.50","5376.50"
"Tue Nov 04 2025 12:25:00 GMT+0530 (India Standard Time)","5376.50","5376.50","5371.00","5373.00"
"Tue Nov 04 2025 12:30:00 GMT+0530 (India Standard Time)","5373.00","5377.50","5372.00","5375.50"
"Tue Nov 04 2025 12:35:00 GMT+0530 (India Standard Time)","5375.50","5376.50","5370.50","5373.00"
"Tue Nov 04 2025 12:40:00 GMT+0530 (India Standard Time)","5375.50","5376.00","5372.00","5376.00"
"Tue Nov 04 2025 12:45:00 GMT+0530 (India Standard Time)","5376.00","5378.50","5371.00","5373.00"
"Tue Nov 04 2025 12:50:00 GMT+0530 (India Standard Time)","5373.00","5373.00","5370.00","5370.50"
"Tue Nov 04 2025 12:55:00 GMT+0530 (India Standard Time)","5370.50","5375.00","5370.00","5373.50"
"Tue Nov 04 2025 13:00:00 GMT+0530 (India Standard Time)","5373.50","5373.50","5365.00","5367.00"
"Tue Nov 04 2025 13:05:00 GMT+0530 (India Standard Time)","5367.00","5372.50","5366.00","5372.50"
"Tue Nov 04 2025 13:10:00 GMT+0530 (India Standard Time)","5369.00","5372.00","5369.00","5369.50"
"Tue Nov 04 2025 13:15:00 GMT+0530 (India Standard Time)","5369.50","5370.50","5368.00","5368.00"
"Tue Nov 04 2025 13:20:00 GMT+0530 (India Standard Time)","5368.00","5368.00","5366.00","5368.00"
"Tue Nov 04 2025 13:25:00 GMT+0530 (India Standard Time)","5368.00","5379.00","5367.00","5374.00"
"Tue Nov 04 2025 13:30:00 GMT+0530 (India Standard Time)","5374.00","5374.00","5370.00","5370.00"
"Tue Nov 04 2025 13:35:00 GMT+0530 (India Standard Time)","5370.00","5375.00","5370.00","5373.00"
"Tue Nov 04 2025 13:40:00 GMT+0530 (India Standard Time)","5373.00","5379.00","5372.00","5378.00"
"Tue Nov 04 2025 13:45:00 GMT+0530 (India Standard Time)","5378.00","5379.50","5376.00","5378.00"
"Tue Nov 04 2025 13:50:00 GMT+0530 (India Standard Time)","5377.00","5378.00","5374.00","5378.00"
"Tue Nov 04 2025 13:55:00 GMT+0530 (India Standard Time)","5378.00","5378.00","5375.00","5376.50"
"Tue Nov 04 2025 14:00:00 GMT+0530 (India Standard Time)","5376.50","5376.50","5375.00","5376.00"
"Tue Nov 04 2025 14:05:00 GMT+0530 (India Standard Time)","5376.50","5377.00","5375.00","5376.00"
"Tue Nov 04 2025 14:10:00 GMT+0530 (India Standard Time)","5376.00","5377.00","5374.00","5375.00"
"Tue Nov 04 2025 14:15:00 GMT+0530 (India Standard Time)","5375.00","5377.00","5375.00","5375.50"
"Tue Nov 04 2025 14:20:00 GMT+0530 (India Standard Time)","5375.50","5378.50","5374.50","5378.00"
"Tue Nov 04 2025 14:25:00 GMT+0530 (India Standard Time)","5378.00","5380.50","5378.00","5380.00"
"Tue Nov 04 2025 14:30:00 GMT+0530 (India Standard Time)","5380.00","5382.00","5379.50","5382.00"
"Tue Nov 04 2025 14:35:00 GMT+0530 (India Standard Time)","5382.00","5384.00","5379.50","5380.00"
"Tue Nov 04 2025 14:40:00 GMT+0530 (India Standard Time)","5380.00","5383.00","5380.00","5382.50"
"Tue Nov 04 2025 14:45:00 GMT+0530 (India Standard Time)","5382.50","5382.50","5378.00","5380.50"
"Tue Nov 04 2025 14:50:00 GMT+0530 (India Standard Time)","5380.00","5382.50","5365.50","5367.00"
"Tue Nov 04 2025 14:55:00 GMT+0530 (India Standard Time)","5367.00","5368.00","5360.00","5364.50"
"Tue Nov 04 2025 15:00:00 GMT+0530 (India Standard Time)","5364.00","5371.00","5362.00","5370.00"
"Tue Nov 04 2025 15:05:00 GMT+0530 (India Standard Time)","5371.00","5376.50","5370.50","5375.50"
"Tue Nov 04 2025 15:10:00 GMT+0530 (India Standard Time)","5376.00","5383.50","5374.50","5380.50"
"Tue Nov 04 2025 15:15:00 GMT+0530 (India Standard Time)","5381.00","5387.00","5380.00","5387.00"
"Tue Nov 04 2025 15:20:00 GMT+0530 (India Standard Time)","5386.00","5391.50","5385.50","5389.50"
"Tue Nov 04 2025 15:25:00 GMT+0530 (India Standard Time)","5389.00","5395.00","5366.00","5375.00"
"Thu Nov 06 2025 09:15:00 GMT+0530 (India Standard Time)","5379.50","5379.50","5289.00","5306.00"
"Thu Nov 06 2025 09:20:00 GMT+0530 (India Standard Time)","5306.50","5320.00","5290.00","5312.00"
"Thu Nov 06 2025 09:25:00 GMT+0530 (India Standard Time)","5312.00","5318.00","5301.00","5309.00"
"Thu Nov 06 2025 09:30:00 GMT+0530 (India Standard Time)","5309.00","5311.50","5301.50","5309.50"
"Thu Nov 06 2025 09:35:00 GMT+0530 (India Standard Time)","5309.50","5312.50","5285.50","5290.50"
"Thu Nov 06 2025 09:40:00 GMT+0530 (India Standard Time)","5290.50","5292.50","5282.00","5290.00"
"Thu Nov 06 2025 09:45:00 GMT+0530 (India Standard Time)","5290.00","5292.50","5273.00","5275.00"
"Thu Nov 06 2025 09:50:00 GMT+0530 (India Standard Time)","5278.00","5284.00","5275.00","5280.50"
"Thu Nov 06 2025 09:55:00 GMT+0530 (India Standard Time)","5284.00","5286.00","5275.00","5280.00"
"Thu Nov 06 2025 10:00:00 GMT+0530 (India Standard Time)","5280.00","5292.50","5277.50","5288.00"
"Thu Nov 06 2025 10:05:00 GMT+0530 (India Standard Time)","5288.00","5288.00","5280.00","5280.00"
"Thu Nov 06 2025 10:10:00 GMT+0530 (India Standard Time)","5278.50","5280.00","5272.50","5272.50"
"Thu Nov 06 2025 10:15:00 GMT+0530 (India Standard Time)","5273.50","5275.00","5265.00","5270.00"
"Thu Nov 06 2025 10:20:00 GMT+0530 (India Standard Time)","5269.00","5273.00","5266.00","5273.00"
"Thu Nov 06 2025 10:25:00 GMT+0530 (India Standard Time)","5273.00","5273.00","5255.00","5255.00"
"Thu Nov 06 2025 10:30:00 GMT+0530 (India Standard Time)","5259.50","5264.00","5251.00","5254.00"
"Thu Nov 06 2025 10:35:00 GMT+0530 (India Standard Time)","5255.00","5259.00","5240.50","5247.00"
"Thu Nov 06 2025 10:40:00 GMT+0530 (India Standard Time)","5247.00","5247.00","5240.00","5244.00"
"Thu Nov 06 2025 10:45:00 GMT+0530 (India Standard Time)","5242.50","5251.50","5241.00","5248.50"
"Thu Nov 06 2025 10:50:00 GMT+0530 (India Standard Time)","5248.50","5260.00","5248.00","5260.00"
"Thu Nov 06 2025 10:55:00 GMT+0530 (India Standard Time)","5258.00","5263.00","5253.50","5261.50"
"Thu Nov 06 2025 11:00:00 GMT+0530 (India Standard Time)","5261.50","5262.00","5249.00","5256.00"
"Thu Nov 06 2025 11:05:00 GMT+0530 (India Standard Time)","5255.50","5257.00","5251.50","5254.50"
"Thu Nov 06 2025 11:10:00 GMT+0530 (India Standard Time)","5254.50","5258.00","5251.00","5253.50"
"Thu Nov 06 2025 11:15:00 GMT+0530 (India Standard Time)","5254.50","5254.50","5245.00","5247.00"
"Thu Nov 06 2025 11:20:00 GMT+0530 (India Standard Time)","5250.00","5252.00","5241.00","5243.00"
"Thu Nov 06 2025 11:25:00 GMT+0530 (India Standard Time)","5243.00","5246.50","5240.00","5242.50"
"Thu Nov 06 2025 11:30:00 GMT+0530 (India Standard Time)","5240.00","5243.00","5230.00","5234.00"
"Thu Nov 06 2025 11:35:00 GMT+0530 (India Standard Time)","5237.00","5238.00","5230.00","5232.50"
"Thu Nov 06 2025 11:40:00 GMT+0530 (India Standard Time)","5232.50","5236.00","5222.00","5234.50"
"Thu Nov 06 2025 11:45:00 GMT+0530 (India Standard Time)","5234.50","5240.00","5233.00","5240.00"
"Thu Nov 06 2025 11:50:00 GMT+0530 (India Standard Time)","5236.50","5243.50","5236.00","5243.50"
"Thu Nov 06 2025 11:55:00 GMT+0530 (India Standard Time)","5243.50","5245.00","5239.00","5242.00"
"Thu Nov 06 2025 12:00:00 GMT+0530 (India Standard Time)","5245.00","5247.00","5240.00","5242.00"
"Thu Nov 06 2025 12:05:00 GMT+0530 (India Standard Time)","5242.00","5250.00","5239.50","5243.50"
"Thu Nov 06 2025 12:10:00 GMT+0530 (India Standard Time)","5243.00","5245.00","5240.00","5243.00"
"Thu Nov 06 2025 12:15:00 GMT+0530 (India Standard Time)","5243.00","5247.00","5239.00","5244.00"
"Thu Nov 06 2025 12:20:00 GMT+0530 (India Standard Time)","5244.00","5246.50","5240.00","5245.00"
"Thu Nov 06 2025 12:25:00 GMT+0530 (India Standard Time)","5247.00","5252.50","5245.50","5247.00"
"Thu Nov 06 2025 12:30:00 GMT+0530 (India Standard Time)","5247.00","5250.00","5241.00","5246.50"
"Thu Nov 06 2025 12:35:00 GMT+0530 (India Standard Time)","5249.00","5251.00","5246.50","5250.00"
"Thu Nov 06 2025 12:40:00 GMT+0530 (India Standard Time)","5250.00","5251.00","5242.50","5244.50"
"Thu Nov 06 2025 12:45:00 GMT+0530 (India Standard Time)","5244.50","5252.00","5241.00","5251.00"
"Thu Nov 06 2025 12:50:00 GMT+0530 (India Standard Time)","5251.00","5259.00","5249.00","5255.00"
"Thu Nov 06 2025 12:55:00 GMT+0530 (India Standard Time)","5255.00","5255.00","5244.50","5251.50"
"Thu Nov 06 2025 13:00:00 GMT+0530 (India Standard Time)","5251.50","5259.00","5250.00","5256.50"
"Thu Nov 06 2025 13:05:00 GMT+0530 (India Standard Time)","5256.50","5258.00","5251.50","5255.00"
"Thu Nov 06 2025 13:10:00 GMT+0530 (India Standard Time)","5255.00","5260.00","5252.00","5255.00"
"Thu Nov 06 2025 13:15:00 GMT+0530 (India Standard Time)","5255.00","5262.00","5245.00","5246.50"
"Thu Nov 06 2025 13:20:00 GMT+0530 (India Standard Time)","5246.50","5254.50","5245.50","5252.00"
"Thu Nov 06 2025 13:25:00 GMT+0530 (India Standard Time)","5251.50","5253.00","5246.50","5248.50"
"Thu Nov 06 2025 13:30:00 GMT+0530 (India Standard Time)","5248.50","5251.00","5244.00","5245.50"
"Thu Nov 06 2025 13:35:00 GMT+0530 (India Standard Time)","5245.50","5248.50","5243.00","5245.50"
"Thu Nov 06 2025 13:40:00 GMT+0530 (India Standard Time)","5245.00","5245.50","5240.00","5241.50"
"Thu Nov 06 2025 13:45:00 GMT+0530 (India Standard Time)","5243.00","5243.00","5240.00","5242.00"
"Thu Nov 06 2025 13:50:00 GMT+0530 (India Standard Time)","5242.00","5242.50","5240.00","5240.50"
"Thu Nov 06 2025 13:55:00 GMT+0530 (India Standard Time)","5240.50","5245.00","5240.00","5243.00"
"Thu Nov 06 2025 14:00:00 GMT+0530 (India Standard Time)","5243.00","5244.50","5240.50","5243.50"
"Thu Nov 06 2025 14:05:00 GMT+0530 (India Standard Time)","5243.50","5246.50","5240.00","5246.50"
"Thu Nov 06 2025 14:10:00 GMT+0530 (India Standard Time)","5246.50","5247.00","5242.00","5245.00"
"Thu Nov 06 2025 14:15:00 GMT+0530 (India Standard Time)","5245.00","5247.00","5240.50","5240.50"
"Thu Nov 06 2025 14:20:00 GMT+0530 (India Standard Time)","5243.00","5243.50","5240.00","5240.00"
"Thu Nov 06 2025 14:25:00 GMT+0530 (India Standard Time)","5240.00","5243.50","5240.00","5240.50"
"Thu Nov 06 2025 14:30:00 GMT+0530 (India Standard Time)","5242.00","5246.50","5240.50","5244.50"
"Thu Nov 06 2025 14:35:00 GMT+0530 (India Standard Time)","5245.50","5245.50","5240.00","5241.00"
"Thu Nov 06 2025 14:40:00 GMT+0530 (India Standard Time)","5241.00","5252.00","5240.00","5248.50"
"Thu Nov 06 2025 14:45:00 GMT+0530 (India Standard Time)","5247.00","5251.50","5245.00","5251.00"
"Thu Nov 06 2025 14:50:00 GMT+0530 (India Standard Time)","5251.00","5254.00","5250.00","5250.50"
"Thu Nov 06 2025 14:55:00 GMT+0530 (India Standard Time)","5250.50","5256.50","5247.00","5249.00"
"Thu Nov 06 2025 15:00:00 GMT+0530 (India Standard Time)","5253.50","5253.50","5223.00","5227.50"
"Thu Nov 06 2025 15:05:00 GMT+0530 (India Standard Time)","5225.00","5234.50","5223.50","5232.50"
"Thu Nov 06 2025 15:10:00 GMT+0530 (India Standard Time)","5233.00","5241.00","5232.50","5240.50"
"Thu Nov 06 2025 15:15:00 GMT+0530 (India Standard Time)","5240.00","5263.50","5229.00","5231.00"
"Thu Nov 06 2025 15:20:00 GMT+0530 (India Standard Time)","5231.00","5232.00","5225.00","5225.50"
"Thu Nov 06 2025 15:25:00 GMT+0530 (India Standard Time)","5226.00","5228.50","5221.00","5227.50"
"Fri Nov 07 2025 09:15:00 GMT+0530 (India Standard Time)","5213.00","5213.00","5185.00","5190.00"
"Fri Nov 07 2025 09:20:00 GMT+0530 (India Standard Time)","5190.00","5190.00","5162.00","5162.00"
"Fri Nov 07 2025 09:25:00 GMT+0530 (India Standard Time)","5162.00","5162.00","5140.50","5154.00"
"Fri Nov 07 2025 09:30:00 GMT+0530 (India Standard Time)","5148.50","5153.50","5138.50","5138.50"
"Fri Nov 07 2025 09:35:00 GMT+0530 (India Standard Time)","5142.50","5151.00","5134.50","5146.00"
"Fri Nov 07 2025 09:40:00 GMT+0530 (India Standard Time)","5147.00","5148.50","5142.00","5144.50"
"Fri Nov 07 2025 09:45:00 GMT+0530 (India Standard Time)","5143.50","5156.50","5140.50","5153.00"
"Fri Nov 07 2025 09:50:00 GMT+0530 (India Standard Time)","5153.00","5175.00","5153.00","5165.00"
"Fri Nov 07 2025 09:55:00 GMT+0530 (India Standard Time)","5163.50","5172.50","5161.50","5164.50"
"Fri Nov 07 2025 10:00:00 GMT+0530 (India Standard Time)","5163.00","5163.00","5151.00","5157.00"
"Fri Nov 07 2025 10:05:00 GMT+0530 (India Standard Time)","5157.00","5160.00","5151.50","5154.50"
"Fri Nov 07 2025 10:10:00 GMT+0530 (India Standard Time)","5154.50","5159.00","5150.00","5158.00"
"Fri Nov 07 2025 10:15:00 GMT+0530 (India Standard Time)","5157.50","5157.50","5152.00","5155.00"
"Fri Nov 07 2025 10:20:00 GMT+0530 (India Standard Time)","5155.50","5156.00","5150.00","5155.50"
"Fri Nov 07 2025 10:25:00 GMT+0530 (India Standard Time)","5155.50","5155.50","5141.00","5152.00"
"Fri Nov 07 2025 10:30:00 GMT+0530 (India Standard Time)","5152.00","5158.50","5150.00","5158.50"
"Fri Nov 07 2025 10:35:00 GMT+0530 (India Standard Time)","5158.50","5160.00","5153.00","5157.00"
"Fri Nov 07 2025 10:40:00 GMT+0530 (India Standard Time)","5158.50","5160.00","5152.00","5153.00"
"Fri Nov 07 2025 10:45:00 GMT+0530 (India Standard Time)","5152.00","5158.50","5151.00","5155.00"
"Fri Nov 07 2025 10:50:00 GMT+0530 (India Standard Time)","5155.00","5159.50","5155.00","5155.00"
"Fri Nov 07 2025 10:55:00 GMT+0530 (India Standard Time)","5157.00","5158.50","5144.00","5144.00"
"Fri Nov 07 2025 11:00:00 GMT+0530 (India Standard Time)","5144.00","5149.00","5142.00","5142.00"
"Fri Nov 07 2025 11:05:00 GMT+0530 (India Standard Time)","5142.00","5142.00","5126.50","5135.00"
"Fri Nov 07 2025 11:10:00 GMT+0530 (India Standard Time)","5134.50","5143.00","5134.50","5142.00"
"Fri Nov 07 2025 11:15:00 GMT+0530 (India Standard Time)","5142.00","5144.00","5136.00","5144.00"
"Fri Nov 07 2025 11:20:00 GMT+0530 (India Standard Time)","5143.00","5169.50","5141.50","5164.50"
"Fri Nov 07 2025 11:25:00 GMT+0530 (India Standard Time)","5166.00","5178.00","5166.00","5176.00"
"Fri Nov 07 2025 11:30:00 GMT+0530 (India Standard Time)","5176.00","5180.00","5173.00","5176.00"
"Fri Nov 07 2025 11:35:00 GMT+0530 (India Standard Time)","5177.00","5179.50","5174.00","5177.00"
"Fri Nov 07 2025 11:40:00 GMT+0530 (India Standard Time)","5177.00","5177.00","5169.00","5171.50"
"Fri Nov 07 2025 11:45:00 GMT+0530 (India Standard Time)","5171.50","5176.00","5170.00","5173.00"
"Fri Nov 07 2025 11:50:00 GMT+0530 (India Standard Time)","5173.00","5174.00","5170.50","5172.50"
"Fri Nov 07 2025 11:55:00 GMT+0530 (India Standard Time)","5172.50","5174.00","5163.50","5172.00"
"Fri Nov 07 2025 12:00:00 GMT+0530 (India Standard Time)","5172.00","5175.00","5169.00","5171.00"
"Fri Nov 07 2025 12:05:00 GMT+0530 (India Standard Time)","5171.00","5171.00","5166.50","5166.50"
"Fri Nov 07 2025 12:10:00 GMT+0530 (India Standard Time)","5168.00","5174.00","5166.50","5173.00"
"Fri Nov 07 2025 12:15:00 GMT+0530 (India Standard Time)","5173.00","5176.00","5170.00","5171.00"
"Fri Nov 07 2025 12:20:00 GMT+0530 (India Standard Time)","5171.00","5171.00","5162.00","5162.00"
"Fri Nov 07 2025 12:25:00 GMT+0530 (India Standard Time)","5162.00","5169.00","5162.00","5168.00"
"Fri Nov 07 2025 12:30:00 GMT+0530 (India Standard Time)","5168.00","5168.50","5166.00","5167.00"
"Fri Nov 07 2025 12:35:00 GMT+0530 (India Standard Time)","5167.00","5168.50","5163.00","5164.00"
"Fri Nov 07 2025 12:40:00 GMT+0530 (India Standard Time)","5164.00","5173.50","5163.00","5163.00"
"Fri Nov 07 2025 12:45:00 GMT+0530 (India Standard Time)","5163.00","5166.50","5161.00","5165.00"
"Fri Nov 07 2025 12:50:00 GMT+0530 (India Standard Time)","5165.00","5166.00","5161.00","5163.00"
"Fri Nov 07 2025 12:55:00 GMT+0530 (India Standard Time)","5163.00","5170.00","5161.50","5161.50"
"Fri Nov 07 2025 13:00:00 GMT+0530 (India Standard Time)","5161.50","5166.00","5160.00","5163.00"
"Fri Nov 07 2025 13:05:00 GMT+0530 (India Standard Time)","5163.00","5166.00","5159.00","5164.00"
"Fri Nov 07 2025 13:10:00 GMT+0530 (India Standard Time)","5164.00","5167.00","5162.00","5167.00"
"Fri Nov 07 2025 13:15:00 GMT+0530 (India Standard Time)","5167.00","5167.00","5162.50","5167.00"
"Fri Nov 07 2025 13:20:00 GMT+0530 (India Standard Time)","5167.00","5168.00","5165.50","5166.50"
"Fri Nov 07 2025 13:25:00 GMT+0530 (India Standard Time)","5166.50","5170.50","5165.50","5170.50"
"Fri Nov 07 2025 13:30:00 GMT+0530 (India Standard Time)","5170.50","5173.00","5169.00","5173.00"
"Fri Nov 07 2025 13:35:00 GMT+0530 (India Standard Time)","5173.00","5176.50","5168.00","5176.00"
"Fri Nov 07 2025 13:40:00 GMT+0530 (India Standard Time)","5176.00","5188.50","5172.50","5184.00"
"Fri Nov 07 2025 13:45:00 GMT+0530 (India Standard Time)","5184.00","5195.00","5184.00","5190.00"
"Fri Nov 07 2025 13:50:00 GMT+0530 (India Standard Time)","5190.00","5193.50","5188.50","5193.00"
"Fri Nov 07 2025 13:55:00 GMT+0530 (India Standard Time)","5193.00","5194.00","5183.50","5183.50"
"Fri Nov 07 2025 14:00:00 GMT+0530 (India Standard Time)","5183.50","5185.50","5180.00","5182.50"
"Fri Nov 07 2025 14:05:00 GMT+0530 (India Standard Time)","5182.50","5190.00","5176.50","5189.00"
"Fri Nov 07 2025 14:10:00 GMT+0530 (India Standard Time)","5189.00","5195.50","5187.00","5193.00"
"Fri Nov 07 2025 14:15:00 GMT+0530 (India Standard Time)","5193.00","5195.00","5186.00","5193.00"
"Fri Nov 07 2025 14:20:00 GMT+0530 (India Standard Time)","5193.00","5196.50","5189.50","5195.00"
"Fri Nov 07 2025 14:25:00 GMT+0530 (India Standard Time)","5195.00","5196.50","5194.00","5195.00"
"Fri Nov 07 2025 14:30:00 GMT+0530 (India Standard Time)","5195.00","5196.00","5189.00","5192.00"
"Fri Nov 07 2025 14:35:00 GMT+0530 (India Standard Time)","5192.00","5197.00","5190.50","5197.00"
"Fri Nov 07 2025 14:40:00 GMT+0530 (India Standard Time)","5197.00","5197.50","5194.00","5196.00"
"Fri Nov 07 2025 14:45:00 GMT+0530 (India Standard Time)","5196.00","5196.00","5186.50","5188.50"
"Fri Nov 07 2025 14:50:00 GMT+0530 (India Standard Time)","5187.00","5189.50","5185.00","5189.50"
"Fri Nov 07 2025 14:55:00 GMT+0530 (India Standard Time)","5189.50","5191.50","5187.00","5189.00"
"Fri Nov 07 2025 15:00:00 GMT+0530 (India Standard Time)","5189.00","5193.50","5175.50","5176.00"
"Fri Nov 07 2025 15:05:00 GMT+0530 (India Standard Time)","5178.00","5180.50","5175.00","5180.00"
"Fri Nov 07 2025 15:10:00 GMT+0530 (India Standard Time)","5179.00","5184.00","5176.00","5180.00"
"Fri Nov 07 2025 15:15:00 GMT+0530 (India Standard Time)","5179.50","5185.00","5176.00","5182.00"
"Fri Nov 07 2025 15:20:00 GMT+0530 (India Standard Time)","5181.50","5182.50","5178.50","5178.50"
"Fri Nov 07 2025 15:25:00 GMT+0530 (India Standard Time)","5179.00","5183.00","5173.00","5173.00"
"Mon Nov 10 2025 09:15:00 GMT+0530 (India Standard Time)","5180.00","5185.00","5161.50","5184.00"
"Mon Nov 10 2025 09:20:00 GMT+0530 (India Standard Time)","5180.50","5195.00","5151.00","5167.50"
"Mon Nov 10 2025 09:25:00 GMT+0530 (India Standard Time)","5167.50","5177.00","5153.50","5172.00"
"Mon Nov 10 2025 09:30:00 GMT+0530 (India Standard Time)","5172.00","5177.00","5166.00","5171.00"
"Mon Nov 10 2025 09:35:00 GMT+0530 (India Standard Time)","5177.50","5177.50","5167.00","5174.50"
"Mon Nov 10 2025 09:40:00 GMT+0530 (India Standard Time)","5174.50","5183.00","5168.00","5171.00"
"Mon Nov 10 2025 09:45:00 GMT+0530 (India Standard Time)","5171.00","5180.50","5168.00","5179.50"
"Mon Nov 10 2025 09:50:00 GMT+0530 (India Standard Time)","5178.00","5187.50","5177.50","5184.00"
"Mon Nov 10 2025 09:55:00 GMT+0530 (India Standard Time)","5183.00","5184.00","5177.50","5182.00"
"Mon Nov 10 2025 10:00:00 GMT+0530 (India Standard Time)","5182.00","5185.00","5175.00","5175.00"
"Mon Nov 10 2025 10:05:00 GMT+0530 (India Standard Time)","5174.50","5178.00","5171.50","5175.50"
"Mon Nov 10 2025 10:10:00 GMT+0530 (India Standard Time)","5177.50","5184.00","5172.00","5179.50"
"Mon Nov 10 2025 10:15:00 GMT+0530 (India Standard Time)","5181.00","5197.00","5180.00","5186.00"
"Mon Nov 10 2025 10:20:00 GMT+0530 (India Standard Time)","5186.00","5214.00","5184.50","5208.50"
"Mon Nov 10 2025 10:25:00 GMT+0530 (India Standard Time)","5208.50","5225.00","5202.50","5220.00"
"Mon Nov 10 2025 10:30:00 GMT+0530 (India Standard Time)","5220.00","5225.00","5213.50","5218.00"
"Mon Nov 10 2025 10:35:00 GMT+0530 (India Standard Time)","5218.00","5219.50","5210.00","5214.50"
"Mon Nov 10 2025 10:40:00 GMT+0530 (India Standard Time)","5214.50","5218.00","5208.00","5218.00"
"Mon Nov 10 2025 10:45:00 GMT+0530 (India Standard Time)","5218.00","5218.00","5210.00","5210.00"
"Mon Nov 10 2025 10:50:00 GMT+0530 (India Standard Time)","5210.00","5212.50","5199.00","5207.00"
"Mon Nov 10 2025 10:55:00 GMT+0530 (India Standard Time)","5207.00","5214.50","5204.00","5214.50"
"Mon Nov 10 2025 11:00:00 GMT+0530 (India Standard Time)","5211.50","5216.50","5207.50","5212.50"
"Mon Nov 10 2025 11:05:00 GMT+0530 (India Standard Time)","5212.50","5216.50","5209.50","5210.00"
"Mon Nov 10 2025 11:10:00 GMT+0530 (India Standard Time)","5210.00","5216.00","5210.00","5213.00"
"Mon Nov 10 2025 11:15:00 GMT+0530 (India Standard Time)","5213.50","5215.00","5209.00","5213.00"
"Mon Nov 10 2025 11:20:00 GMT+0530 (India Standard Time)","5213.00","5218.00","5209.50","5214.00"
"Mon Nov 10 2025 11:25:00 GMT+0530 (India Standard Time)","5214.00","5216.00","5212.00","5213.50"
"Mon Nov 10 2025 11:30:00 GMT+0530 (India Standard Time)","5213.50","5215.50","5207.50","5207.50"
"Mon Nov 10 2025 11:35:00 GMT+0530 (India Standard Time)","5210.50","5213.50","5206.00","5206.50"
"Mon Nov 10 2025 11:40:00 GMT+0530 (India Standard Time)","5206.50","5209.50","5202.50","5203.00"
"Mon Nov 10 2025 11:45:00 GMT+0530 (India Standard Time)","5205.50","5209.00","5203.50","5207.00"
"Mon Nov 10 2025 11:50:00 GMT+0530 (India Standard Time)","5207.50","5212.50","5205.50","5210.00"
"Mon Nov 10 2025 11:55:00 GMT+0530 (India Standard Time)","5210.00","5212.00","5207.50","5208.00"
"Mon Nov 10 2025 12:00:00 GMT+0530 (India Standard Time)","5208.00","5212.00","5206.50","5209.50"
"Mon Nov 10 2025 12:05:00 GMT+0530 (India Standard Time)","5206.50","5209.00","5203.00","5203.00"
"Mon Nov 10 2025 12:10:00 GMT+0530 (India Standard Time)","5203.00","5207.00","5202.00","5205.00"
"Mon Nov 10 2025 12:15:00 GMT+0530 (India Standard Time)","5204.00","5209.00","5202.50","5204.50"
"Mon Nov 10 2025 12:20:00 GMT+0530 (India Standard Time)","5204.50","5210.50","5204.50","5208.00"
"Mon Nov 10 2025 12:25:00 GMT+0530 (India Standard Time)","5204.00","5217.00","5204.00","5216.00"
"Mon Nov 10 2025 12:30:00 GMT+0530 (India Standard Time)","5216.00","5221.50","5214.50","5220.50"
"Mon Nov 10 2025 12:35:00 GMT+0530 (India Standard Time)","5220.50","5223.50","5216.00","5220.50"
"Mon Nov 10 2025 12:40:00 GMT+0530 (India Standard Time)","5220.50","5224.00","5216.50","5221.00"
"Mon Nov 10 2025 12:45:00 GMT+0530 (India Standard Time)","5221.00","5249.00","5219.00","5234.50"
"Mon Nov 10 2025 12:50:00 GMT+0530 (India Standard Time)","5234.50","5239.50","5229.00","5238.00"
"Mon Nov 10 2025 12:55:00 GMT+0530 (India Standard Time)","5238.00","5243.00","5233.50","5239.50"
"Mon Nov 10 2025 13:00:00 GMT+0530 (India Standard Time)","5237.50","5239.50","5234.50","5234.50"
"Mon Nov 10 2025 13:05:00 GMT+0530 (India Standard Time)","5234.50","5240.00","5231.50","5234.50"
"Mon Nov 10 2025 13:10:00 GMT+0530 (India Standard Time)","5234.50","5244.00","5232.50","5236.00"
"Mon Nov 10 2025 13:15:00 GMT+0530 (India Standard Time)","5236.00","5242.50","5232.50","5237.00"
"Mon Nov 10 2025 13:20:00 GMT+0530 (India Standard Time)","5237.00","5244.50","5232.50","5243.00"
"Mon Nov 10 2025 13:25:00 GMT+0530 (India Standard Time)","5243.00","5246.50","5241.00","5243.50"
"Mon Nov 10 2025 13:30:00 GMT+0530 (India Standard Time)","5244.00","5245.00","5236.00","5236.50"
"Mon Nov 10 2025 13:35:00 GMT+0530 (India Standard Time)","5236.50","5241.50","5236.00","5241.50"
"Mon Nov 10 2025 13:40:00 GMT+0530 (India Standard Time)","5241.50","5244.00","5235.00","5237.00"
"Mon Nov 10 2025 13:45:00 GMT+0530 (India Standard Time)","5235.50","5244.00","5234.00","5241.00"
"Mon Nov 10 2025 13:50:00 GMT+0530 (India Standard Time)","5241.00","5247.50","5238.50","5243.50"
"Mon Nov 10 2025 13:55:00 GMT+0530 (India Standard Time)","5243.50","5243.50","5230.00","5230.00"
"Mon Nov 10 2025 14:00:00 GMT+0530 (India Standard Time)","5230.00","5239.50","5230.00","5234.50"
"Mon Nov 10 2025 14:05:00 GMT+0530 (India Standard Time)","5234.50","5235.50","5229.00","5232.00"
"Mon Nov 10 2025 14:10:00 GMT+0530 (India Standard Time)","5232.00","5235.00","5229.00","5234.00"
"Mon Nov 10 2025 14:15:00 GMT+0530 (India Standard Time)","5234.00","5235.00","5230.00","5232.50"
"Mon Nov 10 2025 14:20:00 GMT+0530 (India Standard Time)","5232.50","5232.50","5228.50","5229.50"
"Mon Nov 10 2025 14:25:00 GMT+0530 (India Standard Time)","5229.50","5234.50","5229.00","5232.50"
"Mon Nov 10 2025 14:30:00 GMT+0530 (India Standard Time)","5232.50","5238.00","5232.00","5232.50"
"Mon Nov 10 2025 14:35:00 GMT+0530 (India Standard Time)","5232.50","5234.00","5229.50","5232.00"
"Mon Nov 10 2025 14:40:00 GMT+0530 (India Standard Time)","5232.00","5234.00","5230.00","5230.00"
"Mon Nov 10 2025 14:45:00 GMT+0530 (India Standard Time)","5230.00","5234.50","5225.00","5228.00"
"Mon Nov 10 2025 14:50:00 GMT+0530 (India Standard Time)","5228.00","5228.00","5221.50","5228.00"
"Mon Nov 10 2025 14:55:00 GMT+0530 (India Standard Time)","5224.50","5228.00","5222.50","5223.00"
"Mon Nov 10 2025 15:00:00 GMT+0530 (India Standard Time)","5224.00","5224.50","5218.00","5223.50"
"Mon Nov 10 2025 15:05:00 GMT+0530 (India Standard Time)","5223.50","5224.00","5206.50","5206.50"
"Mon Nov 10 2025 15:10:00 GMT+0530 (India Standard Time)","5208.00","5211.00","5200.50","5203.50"
"Mon Nov 10 2025 15:15:00 GMT+0530 (India Standard Time)","5203.50","5208.50","5202.00","5202.00"
"Mon Nov 10 2025 15:20:00 GMT+0530 (India Standard Time)","5203.00","5204.00","5200.00","5201.50"
"Mon Nov 10 2025 15:25:00 GMT+0530 (India Standard Time)","5200.50","5210.00","5200.50","5206.00"
"Tue Nov 11 2025 09:15:00 GMT+0530 (India Standard Time)","5206.50","5224.00","5197.00","5197.00"
"Tue Nov 11 2025 09:20:00 GMT+0530 (India Standard Time)","5198.50","5198.50","5181.00","5188.00"
"Tue Nov 11 2025 09:25:00 GMT+0530 (India Standard Time)","5188.00","5194.00","5182.00","5192.00"
"Tue Nov 11 2025 09:30:00 GMT+0530 (India Standard Time)","5192.00","5192.00","5183.00","5183.50"
"Tue Nov 11 2025 09:35:00 GMT+0530 (India Standard Time)","5183.50","5184.00","5174.00","5180.50"
"Tue Nov 11 2025 09:40:00 GMT+0530 (India Standard Time)","5180.50","5194.00","5180.50","5193.50"
"Tue Nov 11 2025 09:45:00 GMT+0530 (India Standard Time)","5193.50","5215.00","5190.00","5201.00"
"Tue Nov 11 2025 09:50:00 GMT+0530 (India Standard Time)","5201.00","5205.00","5195.00","5202.00"
"Tue Nov 11 2025 09:55:00 GMT+0530 (India Standard Time)","5202.00","5206.50","5200.00","5205.50"
"Tue Nov 11 2025 10:00:00 GMT+0530 (India Standard Time)","5205.50","5207.50","5202.50","5203.00"
"Tue Nov 11 2025 10:05:00 GMT+0530 (India Standard Time)","5203.50","5242.00","5203.50","5235.00"
"Tue Nov 11 2025 10:10:00 GMT+0530 (India Standard Time)","5235.00","5235.50","5212.50","5218.50"
"Tue Nov 11 2025 10:15:00 GMT+0530 (India Standard Time)","5218.50","5218.50","5212.00","5216.00"
"Tue Nov 11 2025 10:20:00 GMT+0530 (India Standard Time)","5216.00","5216.00","5212.00","5212.50"
"Tue Nov 11 2025 10:25:00 GMT+0530 (India Standard Time)","5212.50","5216.50","5212.50","5215.00"
"Tue Nov 11 2025 10:30:00 GMT+0530 (India Standard Time)","5215.00","5215.00","5210.00","5210.00"
"Tue Nov 11 2025 10:35:00 GMT+0530 (India Standard Time)","5210.00","5210.00","5202.50","5205.00"
"Tue Nov 11 2025 10:40:00 GMT+0530 (India Standard Time)","5205.00","5209.00","5205.00","5206.50"
"Tue Nov 11 2025 10:45:00 GMT+0530 (India Standard Time)","5206.50","5211.00","5202.50","5210.50"
"Tue Nov 11 2025 10:50:00 GMT+0530 (India Standard Time)","5210.50","5224.00","5207.50","5223.00"
"Tue Nov 11 2025 10:55:00 GMT+0530 (India Standard Time)","5220.50","5223.00","5219.50","5223.00"
"Tue Nov 11 2025 11:00:00 GMT+0530 (India Standard Time)","5220.50","5222.00","5213.00","5213.50"
"Tue Nov 11 2025 11:05:00 GMT+0530 (India Standard Time)","5213.50","5216.00","5213.50","5214.50"
"Tue Nov 11 2025 11:10:00 GMT+0530 (India Standard Time)","5214.50","5221.50","5213.50","5219.00"
"Tue Nov 11 2025 11:15:00 GMT+0530 (India Standard Time)","5219.00","5227.00","5218.50","5224.00"
"Tue Nov 11 2025 11:20:00 GMT+0530 (India Standard Time)","5222.00","5224.00","5217.50","5219.00"
"Tue Nov 11 2025 11:25:00 GMT+0530 (India Standard Time)","5219.00","5220.00","5213.50","5213.50"
"Tue Nov 11 2025 11:30:00 GMT+0530 (India Standard Time)","5213.50","5215.00","5202.50","5207.00"
"Tue Nov 11 2025 11:35:00 GMT+0530 (India Standard Time)","5207.00","5213.50","5204.50","5211.00"
"Tue Nov 11 2025 11:40:00 GMT+0530 (India Standard Time)","5211.00","5229.00","5211.00","5226.50"
"Tue Nov 11 2025 11:45:00 GMT+0530 (India Standard Time)","5227.00","5232.50","5211.50","5215.50"
"Tue Nov 11 2025 11:50:00 GMT+0530 (India Standard Time)","5215.50","5216.50","5211.00","5215.00"
"Tue Nov 11 2025 11:55:00 GMT+0530 (India Standard Time)","5215.00","5235.50","5215.00","5226.50"
"Tue Nov 11 2025 12:00:00 GMT+0530 (India Standard Time)","5230.00","5233.00","5226.50","5227.00"
"Tue Nov 11 2025 12:05:00 GMT+0530 (India Standard Time)","5227.00","5232.50","5227.00","5231.00"
"Tue Nov 11 2025 12:10:00 GMT+0530 (India Standard Time)","5231.00","5232.00","5229.00","5230.00"
"Tue Nov 11 2025 12:15:00 GMT+0530 (India Standard Time)","5230.00","5231.50","5227.00","5229.50"
"Tue Nov 11 2025 12:20:00 GMT+0530 (India Standard Time)","5229.50","5234.50","5228.00","5231.00"
"Tue Nov 11 2025 12:25:00 GMT+0530 (India Standard Time)","5231.00","5240.00","5227.00","5234.50"
"Tue Nov 11 2025 12:30:00 GMT+0530 (India Standard Time)","5234.50","5239.50","5234.50","5235.50"
"Tue Nov 11 2025 12:35:00 GMT+0530 (India Standard Time)","5235.50","5240.00","5235.50","5237.00"
"Tue Nov 11 2025 12:40:00 GMT+0530 (India Standard Time)","5237.50","5242.00","5235.00","5239.00"
"Tue Nov 11 2025 12:45:00 GMT+0530 (India Standard Time)","5239.00","5250.00","5237.50","5247.00"
"Tue Nov 11 2025 12:50:00 GMT+0530 (India Standard Time)","5250.00","5250.00","5240.00","5241.00"
"Tue Nov 11 2025 12:55:00 GMT+0530 (India Standard Time)","5241.00","5245.00","5233.50","5237.00"
"Tue Nov 11 2025 13:00:00 GMT+0530 (India Standard Time)","5237.00","5240.00","5235.00","5237.50"
"Tue Nov 11 2025 13:05:00 GMT+0530 (India Standard Time)","5237.50","5258.00","5237.50","5253.00"
"Tue Nov 11 2025 13:10:00 GMT+0530 (India Standard Time)","5253.00","5287.50","5251.00","5287.50"
"Tue Nov 11 2025 13:15:00 GMT+0530 (India Standard Time)","5277.00","5280.50","5262.50","5265.00"
"Tue Nov 11 2025 13:20:00 GMT+0530 (India Standard Time)","5268.50","5270.50","5265.00","5266.00"
"Tue Nov 11 2025 13:25:00 GMT+0530 (India Standard Time)","5266.00","5269.00","5265.00","5265.00"
"Tue Nov 11 2025 13:30:00 GMT+0530 (India Standard Time)","5265.00","5274.00","5265.00","5273.00"
"Tue Nov 11 2025 13:35:00 GMT+0530 (India Standard Time)","5273.00","5273.00","5267.50","5272.50"
"Tue Nov 11 2025 13:40:00 GMT+0530 (India Standard Time)","5272.50","5273.00","5267.50","5270.50"
"Tue Nov 11 2025 13:45:00 GMT+0530 (India Standard Time)","5270.50","5277.00","5269.00","5277.00"
"Tue Nov 11 2025 13:50:00 GMT+0530 (India Standard Time)","5277.00","5294.50","5275.00","5292.50"
"Tue Nov 11 2025 13:55:00 GMT+0530 (India Standard Time)","5292.50","5306.50","5286.50","5289.50"
"Tue Nov 11 2025 14:00:00 GMT+0530 (India Standard Time)","5289.50","5296.50","5283.00","5286.50"
"Tue Nov 11 2025 14:05:00 GMT+0530 (India Standard Time)","5284.50","5296.00","5284.50","5295.00"
"Tue Nov 11 2025 14:10:00 GMT+0530 (India Standard Time)","5292.50","5296.00","5282.50","5282.50"
"Tue Nov 11 2025 14:15:00 GMT+0530 (India Standard Time)","5285.50","5292.00","5280.50","5291.00"
"Tue Nov 11 2025 14:20:00 GMT+0530 (India Standard Time)","5289.50","5289.50","5283.00","5288.00"
"Tue Nov 11 2025 14:25:00 GMT+0530 (India Standard Time)","5285.00","5290.00","5282.00","5286.50"
"Tue Nov 11 2025 14:30:00 GMT+0530 (India Standard Time)","5286.50","5290.50","5285.00","5287.50"
"Tue Nov 11 2025 14:35:00 GMT+0530 (India Standard Time)","5285.00","5287.50","5282.50","5282.50"
"Tue Nov 11 2025 14:40:00 GMT+0530 (India Standard Time)","5282.50","5286.50","5282.50","5283.50"
"Tue Nov 11 2025 14:45:00 GMT+0530 (India Standard Time)","5283.50","5290.00","5283.50","5290.00"
"Tue Nov 11 2025 14:50:00 GMT+0530 (India Standard Time)","5287.50","5293.00","5287.50","5292.50"
"Tue Nov 11 2025 14:55:00 GMT+0530 (India Standard Time)","5292.50","5292.50","5283.00","5286.00"
"Tue Nov 11 2025 15:00:00 GMT+0530 (India Standard Time)","5288.50","5289.00","5273.50","5281.50"
"Tue Nov 11 2025 15:05:00 GMT+0530 (India Standard Time)","5281.50","5286.50","5279.00","5281.00"
"Tue Nov 11 2025 15:10:00 GMT+0530 (India Standard Time)","5277.00","5285.00","5275.00","5281.00"
"Tue Nov 11 2025 15:15:00 GMT+0530 (India Standard Time)","5279.50","5287.50","5279.00","5283.00"
"Tue Nov 11 2025 15:20:00 GMT+0530 (India Standard Time)","5284.50","5290.00","5278.00","5284.00"
"Tue Nov 11 2025 15:25:00 GMT+0530 (India Standard Time)","5283.00","5296.50","5283.00","5296.00"
"Wed Nov 12 2025 09:15:00 GMT+0530 (India Standard Time)","5283.50","5320.00","5269.00","5314.50"
"Wed Nov 12 2025 09:20:00 GMT+0530 (India Standard Time)","5313.00","5329.50","5312.50","5324.50"
"Wed Nov 12 2025 09:25:00 GMT+0530 (India Standard Time)","5324.50","5335.00","5321.50","5330.00"
"Wed Nov 12 2025 09:30:00 GMT+0530 (India Standard Time)","5328.00","5333.00","5325.00","5327.00"
"Wed Nov 12 2025 09:35:00 GMT+0530 (India Standard Time)","5327.00","5328.00","5321.00","5323.00"
"Wed Nov 12 2025 09:40:00 GMT+0530 (India Standard Time)","5323.00","5347.00","5322.00","5341.00"
"Wed Nov 12 2025 09:45:00 GMT+0530 (India Standard Time)","5343.00","5371.00","5341.00","5364.00"
"Wed Nov 12 2025 09:50:00 GMT+0530 (India Standard Time)","5363.50","5366.00","5355.50","5364.00"
"Wed Nov 12 2025 09:55:00 GMT+0530 (India Standard Time)","5364.50","5364.50","5355.00","5362.00"
"Wed Nov 12 2025 10:00:00 GMT+0530 (India Standard Time)","5362.00","5374.50","5359.50","5364.50"
"Wed Nov 12 2025 10:05:00 GMT+0530 (India Standard Time)","5366.50","5375.00","5364.00","5370.50"
"Wed Nov 12 2025 10:10:00 GMT+0530 (India Standard Time)","5370.50","5375.00","5361.00","5364.00"
"Wed Nov 12 2025 10:15:00 GMT+0530 (India Standard Time)","5364.00","5419.00","5364.00","5405.00"
"Wed Nov 12 2025 10:20:00 GMT+0530 (India Standard Time)","5400.00","5418.00","5389.00","5418.00"
"Wed Nov 12 2025 10:25:00 GMT+0530 (India Standard Time)","5414.50","5439.50","5409.00","5439.50"
"Wed Nov 12 2025 10:30:00 GMT+0530 (India Standard Time)","5435.00","5435.00","5425.00","5432.50"
"Wed Nov 12 2025 10:35:00 GMT+0530 (India Standard Time)","5428.00","5434.00","5426.00","5428.00"
"Wed Nov 12 2025 10:40:00 GMT+0530 (India Standard Time)","5426.00","5435.00","5423.00","5433.50"
"Wed Nov 12 2025 10:45:00 GMT+0530 (India Standard Time)","5430.00","5448.50","5429.50","5442.50"
"Wed Nov 12 2025 10:50:00 GMT+0530 (India Standard Time)","5442.50","5476.00","5440.00","5474.00"
"Wed Nov 12 2025 10:55:00 GMT+0530 (India Standard Time)","5475.00","5480.00","5466.00","5480.00"
"Wed Nov 12 2025 11:00:00 GMT+0530 (India Standard Time)","5479.00","5479.00","5458.00","5474.50"
"Wed Nov 12 2025 11:05:00 GMT+0530 (India Standard Time)","5474.50","5474.50","5452.50","5455.00"
"Wed Nov 12 2025 11:10:00 GMT+0530 (India Standard Time)","5455.00","5463.00","5446.00","5460.00"
"Wed Nov 12 2025 11:15:00 GMT+0530 (India Standard Time)","5463.00","5467.00","5445.00","5448.00"
"Wed Nov 12 2025 11:20:00 GMT+0530 (India Standard Time)","5448.50","5448.50","5426.50","5427.00"
"Wed Nov 12 2025 11:25:00 GMT+0530 (India Standard Time)","5426.50","5453.50","5426.00","5447.50"
"Wed Nov 12 2025 11:30:00 GMT+0530 (India Standard Time)","5447.50","5455.00","5446.50","5452.50"
"Wed Nov 12 2025 11:35:00 GMT+0530 (India Standard Time)","5452.50","5452.50","5442.00","5442.00"
"Wed Nov 12 2025 11:40:00 GMT+0530 (India Standard Time)","5442.00","5446.00","5440.50","5446.00"
"Wed Nov 12 2025 11:45:00 GMT+0530 (India Standard Time)","5444.00","5450.00","5444.00","5447.50"
"Wed Nov 12 2025 11:50:00 GMT+0530 (India Standard Time)","5447.50","5455.50","5445.00","5452.50"
"Wed Nov 12 2025 11:55:00 GMT+0530 (India Standard Time)","5452.00","5452.00","5436.50","5441.00"
"Wed Nov 12 2025 12:00:00 GMT+0530 (India Standard Time)","5441.00","5446.00","5438.50","5445.00"
"Wed Nov 12 2025 12:05:00 GMT+0530 (India Standard Time)","5445.00","5453.00","5444.50","5452.50"
"Wed Nov 12 2025 12:10:00 GMT+0530 (India Standard Time)","5452.50","5456.50","5449.50","5454.50"
"Wed Nov 12 2025 12:15:00 GMT+0530 (India Standard Time)","5453.00","5454.00","5446.00","5448.00"
"Wed Nov 12 2025 12:20:00 GMT+0530 (India Standard Time)","5448.00","5450.00","5445.50","5450.00"
"Wed Nov 12 2025 12:25:00 GMT+0530 (India Standard Time)","5450.00","5451.50","5447.50","5450.50"
"Wed Nov 12 2025 12:30:00 GMT+0530 (India Standard Time)","5448.00","5453.00","5446.50","5447.00"
"Wed Nov 12 2025 12:35:00 GMT+0530 (India Standard Time)","5447.00","5454.00","5447.00","5451.00"
"Wed Nov 12 2025 12:40:00 GMT+0530 (India Standard Time)","5451.00","5453.50","5444.00","5444.00"
"Wed Nov 12 2025 12:45:00 GMT+0530 (India Standard Time)","5444.00","5446.00","5441.00","5442.00"
"Wed Nov 12 2025 12:50:00 GMT+0530 (India Standard Time)","5442.00","5447.50","5433.00","5433.00"
"Wed Nov 12 2025 12:55:00 GMT+0530 (India Standard Time)","5433.00","5439.50","5431.00","5432.50"
"Wed Nov 12 2025 13:00:00 GMT+0530 (India Standard Time)","5432.50","5436.00","5432.00","5432.50"
"Wed Nov 12 2025 13:05:00 GMT+0530 (India Standard Time)","5432.50","5439.50","5431.00","5435.50"
"Wed Nov 12 2025 13:10:00 GMT+0530 (India Standard Time)","5435.50","5438.50","5434.50","5438.00"
"Wed Nov 12 2025 13:15:00 GMT+0530 (India Standard Time)","5438.00","5439.00","5431.50","5432.50"
"Wed Nov 12 2025 13:20:00 GMT+0530 (India Standard Time)","5432.00","5434.00","5426.50","5432.00"
"Wed Nov 12 2025 13:25:00 GMT+0530 (India Standard Time)","5432.00","5435.00","5428.00","5433.00"
"Wed Nov 12 2025 13:30:00 GMT+0530 (India Standard Time)","5433.00","5435.00","5414.00","5417.00"
"Wed Nov 12 2025 13:35:00 GMT+0530 (India Standard Time)","5417.00","5417.00","5407.50","5411.50"
"Wed Nov 12 2025 13:40:00 GMT+0530 (India Standard Time)","5411.50","5415.00","5409.00","5413.50"
"Wed Nov 12 2025 13:45:00 GMT+0530 (India Standard Time)","5412.00","5416.00","5412.00","5412.00"
"Wed Nov 12 2025 13:50:00 GMT+0530 (India Standard Time)","5415.00","5415.00","5385.00","5391.00"
"Wed Nov 12 2025 13:55:00 GMT+0530 (India Standard Time)","5391.00","5402.50","5391.00","5399.00"
"Wed Nov 12 2025 14:00:00 GMT+0530 (India Standard Time)","5399.00","5404.50","5392.50","5400.50"
"Wed Nov 12 2025 14:05:00 GMT+0530 (India Standard Time)","5400.00","5400.00","5395.00","5397.00"
"Wed Nov 12 2025 14:10:00 GMT+0530 (India Standard Time)","5397.00","5398.00","5391.00","5395.00"
"Wed Nov 12 2025 14:15:00 GMT+0530 (India Standard Time)","5395.00","5399.50","5394.50","5396.50"
"Wed Nov 12 2025 14:20:00 GMT+0530 (India Standard Time)","5400.00","5401.50","5395.50","5401.00"
"Wed Nov 12 2025 14:25:00 GMT+0530 (India Standard Time)","5401.00","5404.00","5396.00","5396.00"
"Wed Nov 12 2025 14:30:00 GMT+0530 (India Standard Time)","5396.00","5406.00","5396.00","5403.00"
"Wed Nov 12 2025 14:35:00 GMT+0530 (India Standard Time)","5403.00","5410.50","5403.00","5408.50"
"Wed Nov 12 2025 14:40:00 GMT+0530 (India Standard Time)","5408.50","5413.00","5408.00","5410.50"
"Wed Nov 12 2025 14:45:00 GMT+0530 (India Standard Time)","5408.00","5415.50","5407.00","5410.50"
"Wed Nov 12 2025 14:50:00 GMT+0530 (India Standard Time)","5413.00","5413.00","5400.50","5405.50"
"Wed Nov 12 2025 14:55:00 GMT+0530 (India Standard Time)","5405.50","5407.50","5402.50","5403.50"
"Wed Nov 12 2025 15:00:00 GMT+0530 (India Standard Time)","5402.00","5402.00","5383.00","5395.50"
"Wed Nov 12 2025 15:05:00 GMT+0530 (India Standard Time)","5394.00","5395.00","5390.50","5395.00"
"Wed Nov 12 2025 15:10:00 GMT+0530 (India Standard Time)","5393.00","5395.00","5385.00","5389.00"
"Wed Nov 12 2025 15:15:00 GMT+0530 (India Standard Time)","5388.50","5395.00","5381.50","5385.50"
"Wed Nov 12 2025 15:20:00 GMT+0530 (India Standard Time)","5385.00","5393.00","5380.00","5386.00"
"Wed Nov 12 2025 15:25:00 GMT+0530 (India Standard Time)","5384.50","5403.50","5382.00","5396.00"
"Thu Nov 13 2025 09:15:00 GMT+0530 (India Standard Time)","5408.50","5422.50","5364.00","5364.00"
"Thu Nov 13 2025 09:20:00 GMT+0530 (India Standard Time)","5364.00","5369.50","5345.00","5353.50"
"Thu Nov 13 2025 09:25:00 GMT+0530 (India Standard Time)","5353.50","5373.00","5353.50","5373.00"
"Thu Nov 13 2025 09:30:00 GMT+0530 (India Standard Time)","5371.00","5372.50","5358.00","5363.00"
"Thu Nov 13 2025 09:35:00 GMT+0530 (India Standard Time)","5363.00","5372.00","5361.50","5366.00"
"Thu Nov 13 2025 09:40:00 GMT+0530 (India Standard Time)","5366.00","5369.50","5361.00","5364.00"
"Thu Nov 13 2025 09:45:00 GMT+0530 (India Standard Time)","5364.00","5380.00","5364.00","5374.50"
"Thu Nov 13 2025 09:50:00 GMT+0530 (India Standard Time)","5374.50","5375.00","5367.00","5367.00"
"Thu Nov 13 2025 09:55:00 GMT+0530 (India Standard Time)","5367.00","5369.50","5364.50","5369.50"
"Thu Nov 13 2025 10:00:00 GMT+0530 (India Standard Time)","5369.50","5370.00","5365.50","5366.00"
"Thu Nov 13 2025 10:05:00 GMT+0530 (India Standard Time)","5365.50","5369.50","5365.00","5369.50"
"Thu Nov 13 2025 10:10:00 GMT+0530 (India Standard Time)","5369.50","5372.00","5366.50","5370.00"
"Thu Nov 13 2025 10:15:00 GMT+0530 (India Standard Time)","5370.00","5379.50","5366.50","5376.50"
"Thu Nov 13 2025 10:20:00 GMT+0530 (India Standard Time)","5379.00","5382.00","5371.00","5382.00"
"Thu Nov 13 2025 10:25:00 GMT+0530 (India Standard Time)","5382.00","5383.50","5375.00","5375.00"
"Thu Nov 13 2025 10:30:00 GMT+0530 (India Standard Time)","5375.50","5383.50","5375.00","5382.50"
"Thu Nov 13 2025 10:35:00 GMT+0530 (India Standard Time)","5382.50","5385.00","5376.50","5383.50"
"Thu Nov 13 2025 10:40:00 GMT+0530 (India Standard Time)","5383.50","5385.00","5378.50","5380.50"
"Thu Nov 13 2025 10:45:00 GMT+0530 (India Standard Time)","5380.50","5381.00","5377.00","5377.00"
"Thu Nov 13 2025 10:50:00 GMT+0530 (India Standard Time)","5377.00","5382.50","5377.00","5382.00"
"Thu Nov 13 2025 10:55:00 GMT+0530 (India Standard Time)","5380.00","5385.00","5380.00","5385.00"
"Thu Nov 13 2025 11:00:00 GMT+0530 (India Standard Time)","5385.00","5385.00","5375.00","5378.50"
"Thu Nov 13 2025 11:05:00 GMT+0530 (India Standard Time)","5378.50","5384.50","5375.00","5376.00"
"Thu Nov 13 2025 11:10:00 GMT+0530 (India Standard Time)","5376.50","5377.00","5368.00","5372.50"
"Thu Nov 13 2025 11:15:00 GMT+0530 (India Standard Time)","5371.00","5373.50","5365.50","5369.50"
"Thu Nov 13 2025 11:20:00 GMT+0530 (India Standard Time)","5369.50","5371.00","5354.00","5357.50"
"Thu Nov 13 2025 11:25:00 GMT+0530 (India Standard Time)","5357.50","5359.00","5356.00","5359.00"
"Thu Nov 13 2025 11:30:00 GMT+0530 (India Standard Time)","5359.00","5361.50","5353.50","5357.00"
"Thu Nov 13 2025 11:35:00 GMT+0530 (India Standard Time)","5357.00","5368.50","5353.00","5365.50"
"Thu Nov 13 2025 11:40:00 GMT+0530 (India Standard Time)","5365.50","5368.00","5358.50","5361.50"
"Thu Nov 13 2025 11:45:00 GMT+0530 (India Standard Time)","5361.50","5366.50","5361.00","5363.50"
"Thu Nov 13 2025 11:50:00 GMT+0530 (India Standard Time)","5363.50","5365.00","5360.00","5363.50"
"Thu Nov 13 2025 11:55:00 GMT+0530 (India Standard Time)","5363.50","5365.00","5360.50","5362.50"
"Thu Nov 13 2025 12:00:00 GMT+0530 (India Standard Time)","5362.50","5366.50","5352.00","5357.00"
"Thu Nov 13 2025 12:05:00 GMT+0530 (India Standard Time)","5357.00","5360.00","5354.50","5357.50"
"Thu Nov 13 2025 12:10:00 GMT+0530 (India Standard Time)","5357.50","5357.50","5351.00","5352.50"
"Thu Nov 13 2025 12:15:00 GMT+0530 (India Standard Time)","5351.00","5354.00","5348.00","5353.50"
"Thu Nov 13 2025 12:20:00 GMT+0530 (India Standard Time)","5353.50","5357.00","5352.00","5356.50"
"Thu Nov 13 2025 12:25:00 GMT+0530 (India Standard Time)","5356.50","5363.50","5356.50","5360.00"
"Thu Nov 13 2025 12:30:00 GMT+0530 (India Standard Time)","5360.00","5360.50","5346.00","5350.00"
"Thu Nov 13 2025 12:35:00 GMT+0530 (India Standard Time)","5350.00","5351.50","5346.00","5350.00"
"Thu Nov 13 2025 12:40:00 GMT+0530 (India Standard Time)","5350.00","5354.00","5349.00","5349.00"
"Thu Nov 13 2025 12:45:00 GMT+0530 (India Standard Time)","5349.00","5353.50","5349.00","5352.00"
"Thu Nov 13 2025 12:50:00 GMT+0530 (India Standard Time)","5352.00","5353.00","5349.00","5350.00"
"Thu Nov 13 2025 12:55:00 GMT+0530 (India Standard Time)","5350.00","5350.00","5347.00","5348.00"
"Thu Nov 13 2025 13:00:00 GMT+0530 (India Standard Time)","5348.00","5356.50","5348.00","5355.00"
"Thu Nov 13 2025 13:05:00 GMT+0530 (India Standard Time)","5355.00","5357.00","5352.00","5352.00"
"Thu Nov 13 2025 13:10:00 GMT+0530 (India Standard Time)","5354.50","5354.50","5350.50","5353.50"
"Thu Nov 13 2025 13:15:00 GMT+0530 (India Standard Time)","5353.00","5354.00","5345.00","5352.00"
"Thu Nov 13 2025 13:20:00 GMT+0530 (India Standard Time)","5352.00","5352.50","5348.00","5350.00"
"Thu Nov 13 2025 13:25:00 GMT+0530 (India Standard Time)","5350.00","5354.50","5350.00","5353.50"
"Thu Nov 13 2025 13:30:00 GMT+0530 (India Standard Time)","5353.50","5357.50","5350.00","5354.00"
"Thu Nov 13 2025 13:35:00 GMT+0530 (India Standard Time)","5354.00","5357.50","5353.00","5353.50"
"Thu Nov 13 2025 13:40:00 GMT+0530 (India Standard Time)","5353.50","5355.00","5348.00","5352.00"
"Thu Nov 13 2025 13:45:00 GMT+0530 (India Standard Time)","5352.00","5352.50","5346.00","5347.00"
"Thu Nov 13 2025 13:50:00 GMT+0530 (India Standard Time)","5346.00","5349.50","5341.00","5342.00"
"Thu Nov 13 2025 13:55:00 GMT+0530 (India Standard Time)","5342.00","5345.50","5335.50","5335.50"
"Thu Nov 13 2025 14:00:00 GMT+0530 (India Standard Time)","5335.50","5339.00","5326.00","5329.50"
"Thu Nov 13 2025 14:05:00 GMT+0530 (India Standard Time)","5329.50","5333.50","5329.50","5330.00"
"Thu Nov 13 2025 14:10:00 GMT+0530 (India Standard Time)","5330.00","5333.50","5325.00","5333.50"
"Thu Nov 13 2025 14:15:00 GMT+0530 (India Standard Time)","5333.50","5337.00","5331.00","5334.00"
"Thu Nov 13 2025 14:20:00 GMT+0530 (India Standard Time)","5334.00","5338.50","5332.00","5335.00"
"Thu Nov 13 2025 14:25:00 GMT+0530 (India Standard Time)","5335.00","5338.00","5333.50","5335.00"
"Thu Nov 13 2025 14:30:00 GMT+0530 (India Standard Time)","5335.00","5337.00","5333.50","5335.00"
"Thu Nov 13 2025 14:35:00 GMT+0530 (India Standard Time)","5335.00","5337.00","5332.00","5334.00"
"Thu Nov 13 2025 14:40:00 GMT+0530 (India Standard Time)","5334.50","5335.00","5325.50","5331.00"
"Thu Nov 13 2025 14:45:00 GMT+0530 (India Standard Time)","5331.00","5331.00","5328.00","5330.50"
"Thu Nov 13 2025 14:50:00 GMT+0530 (India Standard Time)","5330.50","5330.50","5310.50","5314.50"
"Thu Nov 13 2025 14:55:00 GMT+0530 (India Standard Time)","5315.00","5320.50","5314.00","5315.50"
"Thu Nov 13 2025 15:00:00 GMT+0530 (India Standard Time)","5315.50","5315.50","5305.50","5310.50"
"Thu Nov 13 2025 15:05:00 GMT+0530 (India Standard Time)","5312.00","5313.50","5306.50","5306.50"
"Thu Nov 13 2025 15:10:00 GMT+0530 (India Standard Time)","5305.00","5311.50","5304.50","5309.00"
"Thu Nov 13 2025 15:15:00 GMT+0530 (India Standard Time)","5308.50","5312.50","5300.50","5302.50"
"Thu Nov 13 2025 15:20:00 GMT+0530 (India Standard Time)","5303.00","5307.00","5300.00","5307.00"
"Thu Nov 13 2025 15:25:00 GMT+0530 (India Standard Time)","5305.50","5310.50","5305.00","5306.00"
"Fri Nov 14 2025 09:15:00 GMT+0530 (India Standard Time)","5300.00","5306.50","5244.00","5244.00"
"Fri Nov 14 2025 09:20:00 GMT+0530 (India Standard Time)","5245.00","5259.50","5240.00","5244.00"
"Fri Nov 14 2025 09:25:00 GMT+0530 (India Standard Time)","5244.00","5256.50","5241.00","5248.00"
"Fri Nov 14 2025 09:30:00 GMT+0530 (India Standard Time)","5249.50","5255.50","5243.50","5253.00"
"Fri Nov 14 2025 09:35:00 GMT+0530 (India Standard Time)","5253.00","5263.50","5236.00","5236.50"
"Fri Nov 14 2025 09:40:00 GMT+0530 (India Standard Time)","5235.00","5266.00","5234.50","5263.50"
"Fri Nov 14 2025 09:45:00 GMT+0530 (India Standard Time)","5262.00","5268.00","5260.00","5262.00"
"Fri Nov 14 2025 09:50:00 GMT+0530 (India Standard Time)","5262.00","5265.00","5249.00","5259.00"
"Fri Nov 14 2025 09:55:00 GMT+0530 (India Standard Time)","5257.50","5279.50","5256.50","5276.50"
"Fri Nov 14 2025 10:00:00 GMT+0530 (India Standard Time)","5276.50","5276.50","5258.00","5262.50"
"Fri Nov 14 2025 10:05:00 GMT+0530 (India Standard Time)","5262.50","5273.50","5262.00","5268.00"
"Fri Nov 14 2025 10:10:00 GMT+0530 (India Standard Time)","5268.00","5277.00","5266.50","5269.00"
"Fri Nov 14 2025 10:15:00 GMT+0530 (India Standard Time)","5269.00","5271.50","5260.00","5263.50"
"Fri Nov 14 2025 10:20:00 GMT+0530 (India Standard Time)","5263.50","5264.50","5260.00","5262.00"
"Fri Nov 14 2025 10:25:00 GMT+0530 (India Standard Time)","5262.00","5262.00","5252.00","5257.50"
"Fri Nov 14 2025 10:30:00 GMT+0530 (India Standard Time)","5255.00","5258.50","5245.00","5248.00"
"Fri Nov 14 2025 10:35:00 GMT+0530 (India Standard Time)","5248.00","5251.00","5245.00","5247.50"
"Fri Nov 14 2025 10:40:00 GMT+0530 (India Standard Time)","5247.50","5248.00","5242.00","5244.00"
"Fri Nov 14 2025 10:45:00 GMT+0530 (India Standard Time)","5242.50","5270.00","5240.00","5260.00"
"Fri Nov 14 2025 10:50:00 GMT+0530 (India Standard Time)","5261.00","5271.00","5260.00","5271.00"
"Fri Nov 14 2025 10:55:00 GMT+0530 (India Standard Time)","5274.50","5281.50","5268.00","5275.50"
"Fri Nov 14 2025 11:00:00 GMT+0530 (India Standard Time)","5275.50","5286.00","5275.00","5275.00"
"Fri Nov 14 2025 11:05:00 GMT+0530 (India Standard Time)","5275.00","5285.00","5275.00","5280.00"
"Fri Nov 14 2025 11:10:00 GMT+0530 (India Standard Time)","5279.50","5292.00","5279.50","5282.50"
"Fri Nov 14 2025 11:15:00 GMT+0530 (India Standard Time)","5282.50","5290.00","5280.00","5281.50"
"Fri Nov 14 2025 11:20:00 GMT+0530 (India Standard Time)","5281.50","5288.00","5277.00","5285.00"
"Fri Nov 14 2025 11:25:00 GMT+0530 (India Standard Time)","5285.00","5291.00","5284.00","5287.50"
"Fri Nov 14 2025 11:30:00 GMT+0530 (India Standard Time)","5287.50","5292.50","5287.50","5288.00"
"Fri Nov 14 2025 11:35:00 GMT+0530 (India Standard Time)","5288.00","5293.00","5286.00","5286.50"
"Fri Nov 14 2025 11:40:00 GMT+0530 (India Standard Time)","5286.50","5295.50","5280.00","5280.00"
"Fri Nov 14 2025 11:45:00 GMT+0530 (India Standard Time)","5280.00","5286.00","5280.00","5285.00"
"Fri Nov 14 2025 11:50:00 GMT+0530 (India Standard Time)","5285.00","5290.00","5283.00","5290.00"
"Fri Nov 14 2025 11:55:00 GMT+0530 (India Standard Time)","5290.00","5290.00","5270.00","5272.50"
"Fri Nov 14 2025 12:00:00 GMT+0530 (India Standard Time)","5272.50","5275.00","5270.50","5273.00"
"Fri Nov 14 2025 12:05:00 GMT+0530 (India Standard Time)","5273.00","5279.50","5273.00","5276.50"
"Fri Nov 14 2025 12:10:00 GMT+0530 (India Standard Time)","5276.50","5280.00","5275.00","5279.50"
"Fri Nov 14 2025 12:15:00 GMT+0530 (India Standard Time)","5279.50","5280.00","5270.50","5273.00"
"Fri Nov 14 2025 12:20:00 GMT+0530 (India Standard Time)","5273.00","5280.00","5271.50","5275.00"
"Fri Nov 14 2025 12:25:00 GMT+0530 (India Standard Time)","5275.00","5279.00","5274.50","5277.50"
"Fri Nov 14 2025 12:30:00 GMT+0530 (India Standard Time)","5277.50","5279.50","5267.00","5267.00"
"Fri Nov 14 2025 12:35:00 GMT+0530 (India Standard Time)","5267.00","5270.50","5250.00","5250.50"
"Fri Nov 14 2025 12:40:00 GMT+0530 (India Standard Time)","5250.50","5260.00","5250.50","5259.50"
"Fri Nov 14 2025 12:45:00 GMT+0530 (India Standard Time)","5259.50","5260.00","5253.00","5257.00"
"Fri Nov 14 2025 12:50:00 GMT+0530 (India Standard Time)","5257.00","5259.00","5254.00","5257.00"
"Fri Nov 14 2025 12:55:00 GMT+0530 (India Standard Time)","5257.00","5257.00","5245.00","5247.00"
"Fri Nov 14 2025 13:00:00 GMT+0530 (India Standard Time)","5245.00","5247.00","5241.00","5242.00"
"Fri Nov 14 2025 13:05:00 GMT+0530 (India Standard Time)","5243.50","5243.50","5235.50","5238.00"
"Fri Nov 14 2025 13:10:00 GMT+0530 (India Standard Time)","5238.00","5246.00","5238.00","5245.00"
"Fri Nov 14 2025 13:15:00 GMT+0530 (India Standard Time)","5245.00","5250.00","5243.50","5249.00"
"Fri Nov 14 2025 13:20:00 GMT+0530 (India Standard Time)","5249.50","5258.00","5247.00","5250.50"
"Fri Nov 14 2025 13:25:00 GMT+0530 (India Standard Time)","5250.50","5256.50","5248.50","5256.50"
"Fri Nov 14 2025 13:30:00 GMT+0530 (India Standard Time)","5258.50","5258.50","5251.50","5254.00"
"Fri Nov 14 2025 13:35:00 GMT+0530 (India Standard Time)","5254.00","5255.00","5245.50","5249.00"
"Fri Nov 14 2025 13:40:00 GMT+0530 (India Standard Time)","5249.00","5249.50","5243.50","5245.00"
"Fri Nov 14 2025 13:45:00 GMT+0530 (India Standard Time)","5245.00","5247.00","5242.00","5244.50"
"Fri Nov 14 2025 13:50:00 GMT+0530 (India Standard Time)","5244.50","5249.50","5244.50","5247.50"
"Fri Nov 14 2025 13:55:00 GMT+0530 (India Standard Time)","5247.50","5250.00","5245.00","5250.00"
"Fri Nov 14 2025 14:00:00 GMT+0530 (India Standard Time)","5250.00","5252.50","5250.00","5251.50"
"Fri Nov 14 2025 14:05:00 GMT+0530 (India Standard Time)","5251.50","5256.00","5251.50","5255.00"
"Fri Nov 14 2025 14:10:00 GMT+0530 (India Standard Time)","5253.00","5255.00","5252.00","5253.00"
"Fri Nov 14 2025 14:15:00 GMT+0530 (India Standard Time)","5253.00","5255.00","5251.50","5251.50"
"Fri Nov 14 2025 14:20:00 GMT+0530 (India Standard Time)","5252.50","5254.50","5250.00","5252.00"
"Fri Nov 14 2025 14:25:00 GMT+0530 (India Standard Time)","5252.00","5253.50","5245.00","5246.00"
"Fri Nov 14 2025 14:30:00 GMT+0530 (India Standard Time)","5246.00","5249.50","5245.00","5249.50"
"Fri Nov 14 2025 14:35:00 GMT+0530 (India Standard Time)","5249.50","5252.00","5245.00","5249.50"
"Fri Nov 14 2025 14:40:00 GMT+0530 (India Standard Time)","5251.00","5251.50","5246.00","5246.00"
"Fri Nov 14 2025 14:45:00 GMT+0530 (India Standard Time)","5246.00","5250.50","5246.00","5249.00"
"Fri Nov 14 2025 14:50:00 GMT+0530 (India Standard Time)","5249.00","5249.00","5240.00","5240.00"
"Fri Nov 14 2025 14:55:00 GMT+0530 (India Standard Time)","5240.00","5245.00","5240.00","5245.00"
"Fri Nov 14 2025 15:00:00 GMT+0530 (India Standard Time)","5244.50","5268.00","5243.50","5262.50"
"Fri Nov 14 2025 15:05:00 GMT+0530 (India Standard Time)","5261.50","5273.00","5261.50","5271.00"
"Fri Nov 14 2025 15:10:00 GMT+0530 (India Standard Time)","5271.00","5279.00","5268.50","5278.00"
"Fri Nov 14 2025 15:15:00 GMT+0530 (India Standard Time)","5277.50","5279.50","5270.00","5270.50"
"Fri Nov 14 2025 15:20:00 GMT+0530 (India Standard Time)","5272.00","5274.50","5265.00","5266.50"
"Fri Nov 14 2025 15:25:00 GMT+0530 (India Standard Time)","5267.00","5270.00","5255.50","5266.00"
"Mon Nov 17 2025 09:15:00 GMT+0530 (India Standard Time)","5266.50","5311.50","5255.50","5294.00"
"Mon Nov 17 2025 09:20:00 GMT+0530 (India Standard Time)","5295.50","5309.00","5290.50","5296.00"
"Mon Nov 17 2025 09:25:00 GMT+0530 (India Standard Time)","5292.50","5308.00","5292.50","5297.00"
"Mon Nov 17 2025 09:30:00 GMT+0530 (India Standard Time)","5297.00","5303.50","5295.00","5295.00"
"Mon Nov 17 2025 09:35:00 GMT+0530 (India Standard Time)","5295.00","5296.00","5283.00","5288.50"
"Mon Nov 17 2025 09:40:00 GMT+0530 (India Standard Time)","5287.50","5296.00","5282.50","5296.00"
"Mon Nov 17 2025 09:45:00 GMT+0530 (India Standard Time)","5296.00","5300.00","5284.00","5290.00"
"Mon Nov 17 2025 09:50:00 GMT+0530 (India Standard Time)","5290.00","5298.00","5289.50","5294.00"
"Mon Nov 17 2025 09:55:00 GMT+0530 (India Standard Time)","5295.00","5297.50","5290.00","5296.00"
"Mon Nov 17 2025 10:00:00 GMT+0530 (India Standard Time)","5296.50","5297.50","5291.00","5294.00"
"Mon Nov 17 2025 10:05:00 GMT+0530 (India Standard Time)","5294.00","5297.00","5288.00","5291.00"
"Mon Nov 17 2025 10:10:00 GMT+0530 (India Standard Time)","5291.00","5297.50","5288.00","5288.00"
"Mon Nov 17 2025 10:15:00 GMT+0530 (India Standard Time)","5288.00","5290.00","5283.00","5287.00"
"Mon Nov 17 2025 10:20:00 GMT+0530 (India Standard Time)","5287.00","5290.00","5282.00","5282.00"
"Mon Nov 17 2025 10:25:00 GMT+0530 (India Standard Time)","5282.00","5290.00","5275.00","5279.50"
"Mon Nov 17 2025 10:30:00 GMT+0530 (India Standard Time)","5279.50","5284.00","5276.00","5283.50"
"Mon Nov 17 2025 10:35:00 GMT+0530 (India Standard Time)","5284.00","5284.50","5275.00","5275.50"
"Mon Nov 17 2025 10:40:00 GMT+0530 (India Standard Time)","5275.50","5276.50","5267.00","5274.00"
"Mon Nov 17 2025 10:45:00 GMT+0530 (India Standard Time)","5274.00","5276.50","5273.50","5276.50"
"Mon Nov 17 2025 10:50:00 GMT+0530 (India Standard Time)","5276.50","5278.50","5270.00","5272.00"
"Mon Nov 17 2025 10:55:00 GMT+0530 (India Standard Time)","5272.00","5272.00","5268.50","5269.00"
"Mon Nov 17 2025 11:00:00 GMT+0530 (India Standard Time)","5269.00","5271.50","5268.00","5270.00"
"Mon Nov 17 2025 11:05:00 GMT+0530 (India Standard Time)","5269.50","5275.50","5269.50","5274.00"
"Mon Nov 17 2025 11:10:00 GMT+0530 (India Standard Time)","5274.00","5276.00","5274.00","5276.00"
"Mon Nov 17 2025 11:15:00 GMT+0530 (India Standard Time)","5276.00","5276.00","5268.00","5269.50"
"Mon Nov 17 2025 11:20:00 GMT+0530 (India Standard Time)","5269.50","5269.50","5254.00","5260.50"
"Mon Nov 17 2025 11:25:00 GMT+0530 (India Standard Time)","5260.50","5260.50","5229.50","5237.50"
"Mon Nov 17 2025 11:30:00 GMT+0530 (India Standard Time)","5237.50","5243.00","5200.00","5215.00"
"Mon Nov 17 2025 11:35:00 GMT+0530 (India Standard Time)","5215.00","5233.00","5215.00","5233.00"
"Mon Nov 17 2025 11:40:00 GMT+0530 (India Standard Time)","5233.00","5241.00","5230.00","5241.00"
"Mon Nov 17 2025 11:45:00 GMT+0530 (India Standard Time)","5241.00","5241.50","5229.00","5235.00"
"Mon Nov 17 2025 11:50:00 GMT+0530 (India Standard Time)","5235.00","5248.00","5235.00","5245.00"
"Mon Nov 17 2025 11:55:00 GMT+0530 (India Standard Time)","5245.00","5262.00","5245.00","5255.00"
"Mon Nov 17 2025 12:00:00 GMT+0530 (India Standard Time)","5253.50","5254.00","5249.00","5252.00"
"Mon Nov 17 2025 12:05:00 GMT+0530 (India Standard Time)","5252.00","5256.00","5251.50","5256.00"
"Mon Nov 17 2025 12:10:00 GMT+0530 (India Standard Time)","5254.00","5258.00","5254.00","5258.00"
"Mon Nov 17 2025 12:15:00 GMT+0530 (India Standard Time)","5258.00","5259.00","5253.00","5253.00"
"Mon Nov 17 2025 12:20:00 GMT+0530 (India Standard Time)","5253.00","5257.00","5251.00","5254.50"
"Mon Nov 17 2025 12:25:00 GMT+0530 (India Standard Time)","5254.00","5257.00","5252.00","5256.00"
"Mon Nov 17 2025 12:30:00 GMT+0530 (India Standard Time)","5256.00","5258.00","5250.50","5256.00"
"Mon Nov 17 2025 12:35:00 GMT+0530 (India Standard Time)","5256.00","5264.50","5256.00","5261.00"
"Mon Nov 17 2025 12:40:00 GMT+0530 (India Standard Time)","5261.00","5268.00","5261.00","5264.50"
"Mon Nov 17 2025 12:45:00 GMT+0530 (India Standard Time)","5264.50","5267.00","5262.00","5266.00"
"Mon Nov 17 2025 12:50:00 GMT+0530 (India Standard Time)","5266.50","5266.50","5256.50","5259.00"
"Mon Nov 17 2025 12:55:00 GMT+0530 (India Standard Time)","5259.00","5264.00","5259.00","5261.00"
"Mon Nov 17 2025 13:00:00 GMT+0530 (India Standard Time)","5261.00","5264.50","5248.00","5256.50"
"Mon Nov 17 2025 13:05:00 GMT+0530 (India Standard Time)","5256.50","5256.50","5247.50","5250.00"
"Mon Nov 17 2025 13:10:00 GMT+0530 (India Standard Time)","5252.50","5275.00","5250.00","5273.00"
"Mon Nov 17 2025 13:15:00 GMT+0530 (India Standard Time)","5273.00","5274.00","5268.00","5271.50"
"Mon Nov 17 2025 13:20:00 GMT+0530 (India Standard Time)","5271.50","5274.50","5270.00","5271.00"
"Mon Nov 17 2025 13:25:00 GMT+0530 (India Standard Time)","5271.00","5274.00","5270.00","5274.00"
"Mon Nov 17 2025 13:30:00 GMT+0530 (India Standard Time)","5274.00","5275.00","5272.50","5273.50"
"Mon Nov 17 2025 13:35:00 GMT+0530 (India Standard Time)","5273.50","5280.00","5273.50","5277.00"
"Mon Nov 17 2025 13:40:00 GMT+0530 (India Standard Time)","5274.00","5278.50","5274.00","5278.00"
"Mon Nov 17 2025 13:45:00 GMT+0530 (India Standard Time)","5278.00","5278.50","5274.50","5276.50"
"Mon Nov 17 2025 13:50:00 GMT+0530 (India Standard Time)","5276.50","5278.00","5273.50","5273.50"
"Mon Nov 17 2025 13:55:00 GMT+0530 (India Standard Time)","5273.50","5275.50","5270.00","5270.00"
"Mon Nov 17 2025 14:00:00 GMT+0530 (India Standard Time)","5270.00","5277.50","5270.00","5276.00"
"Mon Nov 17 2025 14:05:00 GMT+0530 (India Standard Time)","5275.50","5281.00","5272.00","5281.00"
"Mon Nov 17 2025 14:10:00 GMT+0530 (India Standard Time)","5281.00","5281.50","5280.00","5280.00"
"Mon Nov 17 2025 14:15:00 GMT+0530 (India Standard Time)","5280.00","5286.50","5280.00","5285.00"
"Mon Nov 17 2025 14:20:00 GMT+0530 (India Standard Time)","5285.00","5287.00","5283.50","5283.50"
"Mon Nov 17 2025 14:25:00 GMT+0530 (India Standard Time)","5283.50","5289.00","5283.00","5288.50"
"Mon Nov 17 2025 14:30:00 GMT+0530 (India Standard Time)","5288.50","5291.00","5288.50","5290.00"
"Mon Nov 17 2025 14:35:00 GMT+0530 (India Standard Time)","5290.00","5292.00","5290.00","5292.00"
"Mon Nov 17 2025 14:40:00 GMT+0530 (India Standard Time)","5292.00","5292.50","5290.00","5290.50"
"Mon Nov 17 2025 14:45:00 GMT+0530 (India Standard Time)","5290.00","5290.50","5281.00","5286.00"
"Mon Nov 17 2025 14:50:00 GMT+0530 (India Standard Time)","5286.00","5297.00","5286.00","5290.50"
"Mon Nov 17 2025 14:55:00 GMT+0530 (India Standard Time)","5290.50","5292.50","5289.00","5290.50"
"Mon Nov 17 2025 15:00:00 GMT+0530 (India Standard Time)","5290.50","5295.00","5290.50","5293.00"
"Mon Nov 17 2025 15:05:00 GMT+0530 (India Standard Time)","5293.00","5297.00","5292.00","5296.50"
"Mon Nov 17 2025 15:10:00 GMT+0530 (India Standard Time)","5297.00","5303.50","5296.50","5302.00"
"Mon Nov 17 2025 15:15:00 GMT+0530 (India Standard Time)","5302.00","5308.00","5300.50","5308.00"
"Mon Nov 17 2025 15:20:00 GMT+0530 (India Standard Time)","5308.00","5311.00","5304.50","5305.00"
"Mon Nov 17 2025 15:25:00 GMT+0530 (India Standard Time)","5306.00","5312.00","5289.00","5299.00"
"Tue Nov 18 2025 09:15:00 GMT+0530 (India Standard Time)","5302.00","5302.00","5265.00","5269.50"
"Tue Nov 18 2025 09:20:00 GMT+0530 (India Standard Time)","5271.50","5286.00","5270.50","5286.00"
"Tue Nov 18 2025 09:25:00 GMT+0530 (India Standard Time)","5289.50","5346.00","5288.00","5338.00"
"Tue Nov 18 2025 09:30:00 GMT+0530 (India Standard Time)","5338.00","5349.00","5325.00","5339.50"
"Tue Nov 18 2025 09:35:00 GMT+0530 (India Standard Time)","5342.50","5343.50","5323.00","5323.00"
"Tue Nov 18 2025 09:40:00 GMT+0530 (India Standard Time)","5323.00","5327.00","5302.00","5303.50"
"Tue Nov 18 2025 09:45:00 GMT+0530 (India Standard Time)","5306.50","5308.50","5288.50","5296.50"
"Tue Nov 18 2025 09:50:00 GMT+0530 (India Standard Time)","5295.50","5297.50","5280.50","5283.50"
"Tue Nov 18 2025 09:55:00 GMT+0530 (India Standard Time)","5283.50","5288.50","5280.50","5286.50"
"Tue Nov 18 2025 10:00:00 GMT+0530 (India Standard Time)","5286.50","5290.50","5278.50","5286.00"
"Tue Nov 18 2025 10:05:00 GMT+0530 (India Standard Time)","5286.00","5289.00","5282.00","5283.50"
"Tue Nov 18 2025 10:10:00 GMT+0530 (India Standard Time)","5283.50","5283.50","5279.00","5282.50"
"Tue Nov 18 2025 10:15:00 GMT+0530 (India Standard Time)","5280.50","5280.50","5271.00","5279.50"
"Tue Nov 18 2025 10:20:00 GMT+0530 (India Standard Time)","5279.50","5286.50","5277.50","5285.00"
"Tue Nov 18 2025 10:25:00 GMT+0530 (India Standard Time)","5286.50","5293.50","5276.50","5277.00"
"Tue Nov 18 2025 10:30:00 GMT+0530 (India Standard Time)","5277.00","5277.00","5270.00","5273.00"
"Tue Nov 18 2025 10:35:00 GMT+0530 (India Standard Time)","5275.00","5275.50","5270.00","5273.50"
"Tue Nov 18 2025 10:40:00 GMT+0530 (India Standard Time)","5273.50","5275.00","5272.00","5273.00"
"Tue Nov 18 2025 10:45:00 GMT+0530 (India Standard Time)","5273.00","5273.00","5265.00","5273.00"
"Tue Nov 18 2025 10:50:00 GMT+0530 (India Standard Time)","5273.00","5277.50","5269.00","5271.50"
"Tue Nov 18 2025 10:55:00 GMT+0530 (India Standard Time)","5271.50","5274.50","5267.00","5267.50"
"Tue Nov 18 2025 11:00:00 GMT+0530 (India Standard Time)","5267.50","5287.50","5266.50","5284.00"
"Tue Nov 18 2025 11:05:00 GMT+0530 (India Standard Time)","5284.00","5285.00","5281.00","5284.00"
"Tue Nov 18 2025 11:10:00 GMT+0530 (India Standard Time)","5284.00","5287.50","5280.50","5283.00"
"Tue Nov 18 2025 11:15:00 GMT+0530 (India Standard Time)","5283.00","5287.00","5283.00","5286.50"
"Tue Nov 18 2025 11:20:00 GMT+0530 (India Standard Time)","5286.50","5286.50","5274.50","5279.00"
"Tue Nov 18 2025 11:25:00 GMT+0530 (India Standard Time)","5279.00","5279.00","5271.50","5274.00"
"Tue Nov 18 2025 11:30:00 GMT+0530 (India Standard Time)","5274.00","5286.00","5272.50","5286.00"
"Tue Nov 18 2025 11:35:00 GMT+0530 (India Standard Time)","5286.00","5287.50","5281.50","5285.00"
"Tue Nov 18 2025 11:40:00 GMT+0530 (India Standard Time)","5285.00","5295.50","5284.00","5295.00"
"Tue Nov 18 2025 11:45:00 GMT+0530 (India Standard Time)","5295.00","5301.00","5293.00","5301.00"
"Tue Nov 18 2025 11:50:00 GMT+0530 (India Standard Time)","5301.00","5305.00","5301.00","5302.00"
"Tue Nov 18 2025 11:55:00 GMT+0530 (India Standard Time)","5302.00","5306.50","5301.50","5306.00"
"Tue Nov 18 2025 12:00:00 GMT+0530 (India Standard Time)","5306.00","5310.00","5304.50","5307.50"
"Tue Nov 18 2025 12:05:00 GMT+0530 (India Standard Time)","5307.50","5307.50","5304.00","5307.50"
"Tue Nov 18 2025 12:10:00 GMT+0530 (India Standard Time)","5307.50","5307.50","5304.00","5306.00"
"Tue Nov 18 2025 12:15:00 GMT+0530 (India Standard Time)","5306.00","5306.00","5299.50","5302.50"
"Tue Nov 18 2025 12:20:00 GMT+0530 (India Standard Time)","5302.50","5309.00","5301.50","5308.00"
"Tue Nov 18 2025 12:25:00 GMT+0530 (India Standard Time)","5308.00","5308.00","5278.50","5287.50"
"Tue Nov 18 2025 12:30:00 GMT+0530 (India Standard Time)","5287.50","5287.50","5282.00","5286.00"
"Tue Nov 18 2025 12:35:00 GMT+0530 (India Standard Time)","5286.00","5286.50","5283.00","5284.00"
"Tue Nov 18 2025 12:40:00 GMT+0530 (India Standard Time)","5284.50","5291.50","5283.00","5290.00"
"Tue Nov 18 2025 12:45:00 GMT+0530 (India Standard Time)","5290.00","5290.00","5270.50","5278.50"
"Tue Nov 18 2025 12:50:00 GMT+0530 (India Standard Time)","5278.50","5279.00","5270.50","5276.50"
"Tue Nov 18 2025 12:55:00 GMT+0530 (India Standard Time)","5276.50","5279.00","5275.00","5279.00"
"Tue Nov 18 2025 13:00:00 GMT+0530 (India Standard Time)","5279.00","5282.00","5277.00","5282.00"
"Tue Nov 18 2025 13:05:00 GMT+0530 (India Standard Time)","5282.00","5284.50","5282.00","5282.50"
"Tue Nov 18 2025 13:10:00 GMT+0530 (India Standard Time)","5282.50","5287.50","5282.50","5284.50"
"Tue Nov 18 2025 13:15:00 GMT+0530 (India Standard Time)","5284.50","5289.50","5284.00","5287.50"
"Tue Nov 18 2025 13:20:00 GMT+0530 (India Standard Time)","5287.50","5289.50","5280.00","5280.00"
"Tue Nov 18 2025 13:25:00 GMT+0530 (India Standard Time)","5280.00","5282.00","5275.50","5281.50"
"Tue Nov 18 2025 13:30:00 GMT+0530 (India Standard Time)","5281.50","5281.50","5277.50","5279.50"
"Tue Nov 18 2025 13:35:00 GMT+0530 (India Standard Time)","5279.50","5281.00","5276.00","5280.50"
"Tue Nov 18 2025 13:40:00 GMT+0530 (India Standard Time)","5280.50","5280.50","5278.50","5280.00"
"Tue Nov 18 2025 13:45:00 GMT+0530 (India Standard Time)","5280.00","5281.50","5280.00","5281.50"
"Tue Nov 18 2025 13:50:00 GMT+0530 (India Standard Time)","5281.50","5283.00","5280.00","5280.00"
"Tue Nov 18 2025 13:55:00 GMT+0530 (India Standard Time)","5280.00","5282.50","5272.50","5275.00"
"Tue Nov 18 2025 14:00:00 GMT+0530 (India Standard Time)","5275.00","5276.00","5272.50","5273.50"
"Tue Nov 18 2025 14:05:00 GMT+0530 (India Standard Time)","5273.50","5278.50","5273.50","5276.50"
"Tue Nov 18 2025 14:10:00 GMT+0530 (India Standard Time)","5276.50","5276.50","5274.50","5275.00"
"Tue Nov 18 2025 14:15:00 GMT+0530 (India Standard Time)","5276.00","5279.50","5274.50","5276.00"
"Tue Nov 18 2025 14:20:00 GMT+0530 (India Standard Time)","5276.00","5281.00","5274.50","5281.00"
"Tue Nov 18 2025 14:25:00 GMT+0530 (India Standard Time)","5281.00","5284.00","5280.00","5282.00"
"Tue Nov 18 2025 14:30:00 GMT+0530 (India Standard Time)","5282.00","5282.00","5280.00","5281.50"
"Tue Nov 18 2025 14:35:00 GMT+0530 (India Standard Time)","5282.00","5282.00","5280.00","5280.00"
"Tue Nov 18 2025 14:40:00 GMT+0530 (India Standard Time)","5280.50","5281.00","5276.00","5280.00"
"Tue Nov 18 2025 14:45:00 GMT+0530 (India Standard Time)","5280.00","5283.00","5274.00","5275.50"
"Tue Nov 18 2025 14:50:00 GMT+0530 (India Standard Time)","5275.50","5280.00","5272.00","5276.00"
"Tue Nov 18 2025 14:55:00 GMT+0530 (India Standard Time)","5276.00","5282.00","5275.50","5282.00"
"Tue Nov 18 2025 15:00:00 GMT+0530 (India Standard Time)","5282.00","5282.00","5273.00","5273.00"
"Tue Nov 18 2025 15:05:00 GMT+0530 (India Standard Time)","5273.00","5275.00","5269.00","5273.50"
"Tue Nov 18 2025 15:10:00 GMT+0530 (India Standard Time)","5274.50","5284.50","5272.00","5278.00"
"Tue Nov 18 2025 15:15:00 GMT+0530 (India Standard Time)","5278.00","5280.00","5272.00","5277.50"
"Tue Nov 18 2025 15:20:00 GMT+0530 (India Standard Time)","5278.00","5279.00","5268.50","5274.00"
"Tue Nov 18 2025 15:25:00 GMT+0530 (India Standard Time)","5270.50","5273.00","5260.00","5260.50"
"Wed Nov 19 2025 09:15:00 GMT+0530 (India Standard Time)","5270.00","5280.50","5251.50","5279.00"
"Wed Nov 19 2025 09:20:00 GMT+0530 (India Standard Time)","5279.00","5302.00","5273.50","5302.00"
"Wed Nov 19 2025 09:25:00 GMT+0530 (India Standard Time)","5301.50","5320.00","5292.00","5297.00"
"Wed Nov 19 2025 09:30:00 GMT+0530 (India Standard Time)","5297.50","5309.00","5296.00","5306.00"
"Wed Nov 19 2025 09:35:00 GMT+0530 (India Standard Time)","5306.50","5307.50","5296.00","5296.00"
"Wed Nov 19 2025 09:40:00 GMT+0530 (India Standard Time)","5296.00","5311.00","5296.00","5310.00"
"Wed Nov 19 2025 09:45:00 GMT+0530 (India Standard Time)","5310.00","5320.00","5306.00","5314.00"
"Wed Nov 19 2025 09:50:00 GMT+0530 (India Standard Time)","5314.00","5317.00","5301.50","5308.00"
"Wed Nov 19 2025 09:55:00 GMT+0530 (India Standard Time)","5304.50","5307.50","5287.50","5298.00"
"Wed Nov 19 2025 10:00:00 GMT+0530 (India Standard Time)","5298.00","5305.00","5291.00","5305.00"
"Wed Nov 19 2025 10:05:00 GMT+0530 (India Standard Time)","5305.00","5324.50","5301.50","5317.00"
"Wed Nov 19 2025 10:10:00 GMT+0530 (India Standard Time)","5317.00","5330.00","5312.50","5315.50"
"Wed Nov 19 2025 10:15:00 GMT+0530 (India Standard Time)","5315.50","5323.00","5315.50","5317.50"
"Wed Nov 19 2025 10:20:00 GMT+0530 (India Standard Time)","5317.50","5320.00","5313.00","5318.00"
"Wed Nov 19 2025 10:25:00 GMT+0530 (India Standard Time)","5318.00","5322.50","5310.50","5316.50"
"Wed Nov 19 2025 10:30:00 GMT+0530 (India Standard Time)","5316.50","5322.50","5314.00","5319.00"
"Wed Nov 19 2025 10:35:00 GMT+0530 (India Standard Time)","5320.00","5330.00","5317.00","5326.50"
"Wed Nov 19 2025 10:40:00 GMT+0530 (India Standard Time)","5326.50","5330.00","5320.50","5330.00"
"Wed Nov 19 2025 10:45:00 GMT+0530 (India Standard Time)","5327.00","5335.50","5321.50","5322.00"
"Wed Nov 19 2025 10:50:00 GMT+0530 (India Standard Time)","5322.00","5337.50","5321.50","5337.00"
"Wed Nov 19 2025 10:55:00 GMT+0530 (India Standard Time)","5337.00","5341.50","5329.00","5329.50"
"Wed Nov 19 2025 11:00:00 GMT+0530 (India Standard Time)","5329.50","5333.50","5323.00","5323.00"
"Wed Nov 19 2025 11:05:00 GMT+0530 (India Standard Time)","5323.00","5326.00","5316.50","5317.50"
"Wed Nov 19 2025 11:10:00 GMT+0530 (India Standard Time)","5317.50","5319.00","5311.00","5316.00"
"Wed Nov 19 2025 11:15:00 GMT+0530 (India Standard Time)","5316.00","5326.00","5313.00","5324.00"
"Wed Nov 19 2025 11:20:00 GMT+0530 (India Standard Time)","5324.00","5334.50","5323.50","5334.50"
"Wed Nov 19 2025 11:25:00 GMT+0530 (India Standard Time)","5331.50","5335.50","5331.50","5335.00"
"Wed Nov 19 2025 11:30:00 GMT+0530 (India Standard Time)","5334.50","5337.50","5331.50","5332.50"
"Wed Nov 19 2025 11:35:00 GMT+0530 (India Standard Time)","5334.00","5352.50","5332.00","5351.00"
"Wed Nov 19 2025 11:40:00 GMT+0530 (India Standard Time)","5351.00","5355.00","5346.50","5352.00"
"Wed Nov 19 2025 11:45:00 GMT+0530 (India Standard Time)","5352.00","5356.00","5350.00","5350.00"
"Wed Nov 19 2025 11:50:00 GMT+0530 (India Standard Time)","5350.00","5360.00","5347.50","5360.00"
"Wed Nov 19 2025 11:55:00 GMT+0530 (India Standard Time)","5360.00","5366.00","5356.00","5363.00"
"Wed Nov 19 2025 12:00:00 GMT+0530 (India Standard Time)","5363.00","5364.00","5353.00","5361.50"
"Wed Nov 19 2025 12:05:00 GMT+0530 (India Standard Time)","5361.50","5363.00","5355.00","5357.50"
"Wed Nov 19 2025 12:10:00 GMT+0530 (India Standard Time)","5361.00","5366.00","5353.00","5362.50"
"Wed Nov 19 2025 12:15:00 GMT+0530 (India Standard Time)","5362.50","5368.00","5360.50","5365.00"
"Wed Nov 19 2025 12:20:00 GMT+0530 (India Standard Time)","5367.00","5379.50","5365.00","5377.50"
"Wed Nov 19 2025 12:25:00 GMT+0530 (India Standard Time)","5377.50","5383.00","5375.00","5378.50"
"Wed Nov 19 2025 12:30:00 GMT+0530 (India Standard Time)","5375.50","5381.50","5375.00","5378.50"
"Wed Nov 19 2025 12:35:00 GMT+0530 (India Standard Time)","5378.50","5378.50","5371.00","5372.50"
"Wed Nov 19 2025 12:40:00 GMT+0530 (India Standard Time)","5372.50","5374.50","5367.50","5369.50"
"Wed Nov 19 2025 12:45:00 GMT+0530 (India Standard Time)","5369.50","5374.00","5368.50","5373.50"
"Wed Nov 19 2025 12:50:00 GMT+0530 (India Standard Time)","5373.50","5378.00","5373.50","5377.00"
"Wed Nov 19 2025 12:55:00 GMT+0530 (India Standard Time)","5376.00","5379.00","5372.50","5372.50"
"Wed Nov 19 2025 13:00:00 GMT+0530 (India Standard Time)","5373.00","5379.00","5366.00","5376.00"
"Wed Nov 19 2025 13:05:00 GMT+0530 (India Standard Time)","5376.00","5377.50","5370.50","5371.00"
"Wed Nov 19 2025 13:10:00 GMT+0530 (India Standard Time)","5371.00","5384.00","5371.00","5384.00"
"Wed Nov 19 2025 13:15:00 GMT+0530 (India Standard Time)","5384.00","5385.00","5380.50","5383.00"
"Wed Nov 19 2025 13:20:00 GMT+0530 (India Standard Time)","5383.00","5385.00","5376.50","5381.50"
"Wed Nov 19 2025 13:25:00 GMT+0530 (India Standard Time)","5381.50","5381.50","5374.50","5375.00"
"Wed Nov 19 2025 13:30:00 GMT+0530 (India Standard Time)","5377.50","5382.50","5374.00","5377.00"
"Wed Nov 19 2025 13:35:00 GMT+0530 (India Standard Time)","5377.00","5379.00","5368.50","5368.50"
"Wed Nov 19 2025 13:40:00 GMT+0530 (India Standard Time)","5368.50","5368.50","5356.00","5362.00"
"Wed Nov 19 2025 13:45:00 GMT+0530 (India Standard Time)","5367.50","5367.50","5360.00","5367.50"
"Wed Nov 19 2025 13:50:00 GMT+0530 (India Standard Time)","5367.50","5367.50","5354.00","5355.00"
"Wed Nov 19 2025 13:55:00 GMT+0530 (India Standard Time)","5355.00","5369.00","5355.00","5369.00"
"Wed Nov 19 2025 14:00:00 GMT+0530 (India Standard Time)","5369.00","5370.00","5365.00","5370.00"
"Wed Nov 19 2025 14:05:00 GMT+0530 (India Standard Time)","5370.00","5372.50","5366.50","5371.50"
"Wed Nov 19 2025 14:10:00 GMT+0530 (India Standard Time)","5371.50","5373.00","5370.00","5372.00"
"Wed Nov 19 2025 14:15:00 GMT+0530 (India Standard Time)","5372.00","5385.00","5372.00","5379.00"
"Wed Nov 19 2025 14:20:00 GMT+0530 (India Standard Time)","5379.00","5379.00","5374.50","5376.50"
"Wed Nov 19 2025 14:25:00 GMT+0530 (India Standard Time)","5376.50","5379.00","5365.00","5367.50"
"Wed Nov 19 2025 14:30:00 GMT+0530 (India Standard Time)","5370.00","5376.50","5366.50","5369.00"
"Wed Nov 19 2025 14:35:00 GMT+0530 (India Standard Time)","5369.00","5373.00","5366.00","5368.50"
"Wed Nov 19 2025 14:40:00 GMT+0530 (India Standard Time)","5371.00","5373.50","5368.00","5369.00"
"Wed Nov 19 2025 14:45:00 GMT+0530 (India Standard Time)","5369.00","5370.00","5366.00","5369.50"
"Wed Nov 19 2025 14:50:00 GMT+0530 (India Standard Time)","5369.50","5369.50","5360.00","5360.00"
"Wed Nov 19 2025 14:55:00 GMT+0530 (India Standard Time)","5360.00","5363.50","5346.50","5350.00"
"Wed Nov 19 2025 15:00:00 GMT+0530 (India Standard Time)","5350.00","5352.50","5345.00","5347.00"
"Wed Nov 19 2025 15:05:00 GMT+0530 (India Standard Time)","5345.00","5349.00","5343.00","5345.00"
"Wed Nov 19 2025 15:10:00 GMT+0530 (India Standard Time)","5345.00","5353.50","5336.00","5344.00"
"Wed Nov 19 2025 15:15:00 GMT+0530 (India Standard Time)","5347.50","5355.00","5341.00","5352.00"
"Wed Nov 19 2025 15:20:00 GMT+0530 (India Standard Time)","5352.00","5357.50","5346.50","5350.50"
"Wed Nov 19 2025 15:25:00 GMT+0530 (India Standard Time)","5352.00","5371.00","5350.00","5370.00"
"Thu Nov 20 2025 09:15:00 GMT+0530 (India Standard Time)","5399.00","5399.00","5349.00","5372.00"
"Thu Nov 20 2025 09:20:00 GMT+0530 (India Standard Time)","5372.50","5374.50","5348.00","5355.50"
"Thu Nov 20 2025 09:25:00 GMT+0530 (India Standard Time)","5355.50","5355.50","5343.00","5345.50"
"Thu Nov 20 2025 09:30:00 GMT+0530 (India Standard Time)","5345.50","5346.00","5336.00","5338.00"
"Thu Nov 20 2025 09:35:00 GMT+0530 (India Standard Time)","5339.00","5355.00","5338.50","5355.00"
"Thu Nov 20 2025 09:40:00 GMT+0530 (India Standard Time)","5355.00","5357.50","5342.00","5345.00"
"Thu Nov 20 2025 09:45:00 GMT+0530 (India Standard Time)","5343.00","5352.50","5338.00","5340.50"
"Thu Nov 20 2025 09:50:00 GMT+0530 (India Standard Time)","5340.50","5352.00","5340.50","5349.00"
"Thu Nov 20 2025 09:55:00 GMT+0530 (India Standard Time)","5349.00","5370.00","5348.50","5358.00"
"Thu Nov 20 2025 10:00:00 GMT+0530 (India Standard Time)","5359.00","5364.00","5356.00","5359.00"
"Thu Nov 20 2025 10:05:00 GMT+0530 (India Standard Time)","5359.00","5362.00","5346.50","5347.00"
"Thu Nov 20 2025 10:10:00 GMT+0530 (India Standard Time)","5347.00","5347.00","5340.00","5345.50"
"Thu Nov 20 2025 10:15:00 GMT+0530 (India Standard Time)","5346.50","5353.50","5345.00","5349.00"
"Thu Nov 20 2025 10:20:00 GMT+0530 (India Standard Time)","5349.00","5367.50","5346.50","5362.00"
"Thu Nov 20 2025 10:25:00 GMT+0530 (India Standard Time)","5362.00","5380.00","5362.00","5375.50"
"Thu Nov 20 2025 10:30:00 GMT+0530 (India Standard Time)","5375.50","5395.00","5367.50","5377.50"
"Thu Nov 20 2025 10:35:00 GMT+0530 (India Standard Time)","5378.00","5385.00","5371.50","5377.50"
"Thu Nov 20 2025 10:40:00 GMT+0530 (India Standard Time)","5377.50","5384.00","5371.50","5381.00"
"Thu Nov 20 2025 10:45:00 GMT+0530 (India Standard Time)","5381.00","5382.50","5376.00","5378.00"
"Thu Nov 20 2025 10:50:00 GMT+0530 (India Standard Time)","5378.00","5385.00","5374.50","5381.50"
"Thu Nov 20 2025 10:55:00 GMT+0530 (India Standard Time)","5381.50","5385.00","5377.00","5380.50"
"Thu Nov 20 2025 11:00:00 GMT+0530 (India Standard Time)","5380.50","5383.00","5378.50","5380.00"
"Thu Nov 20 2025 11:05:00 GMT+0530 (India Standard Time)","5380.00","5385.00","5380.00","5382.00"
"Thu Nov 20 2025 11:10:00 GMT+0530 (India Standard Time)","5382.00","5384.00","5374.00","5374.00"
"Thu Nov 20 2025 11:15:00 GMT+0530 (India Standard Time)","5374.00","5374.00","5362.00","5366.00"
"Thu Nov 20 2025 11:20:00 GMT+0530 (India Standard Time)","5365.50","5375.50","5365.50","5370.00"
"Thu Nov 20 2025 11:25:00 GMT+0530 (India Standard Time)","5370.00","5372.00","5366.50","5369.50"
"Thu Nov 20 2025 11:30:00 GMT+0530 (India Standard Time)","5369.50","5369.50","5362.00","5365.00"
"Thu Nov 20 2025 11:35:00 GMT+0530 (India Standard Time)","5365.00","5374.00","5364.00","5372.00"
"Thu Nov 20 2025 11:40:00 GMT+0530 (India Standard Time)","5372.00","5381.00","5370.50","5374.50"
"Thu Nov 20 2025 11:45:00 GMT+0530 (India Standard Time)","5374.50","5378.00","5362.00","5363.50"
"Thu Nov 20 2025 11:50:00 GMT+0530 (India Standard Time)","5364.00","5367.50","5363.50","5367.50"
"Thu Nov 20 2025 11:55:00 GMT+0530 (India Standard Time)","5367.50","5375.00","5367.00","5372.00"
"Thu Nov 20 2025 12:00:00 GMT+0530 (India Standard Time)","5372.00","5372.00","5360.50","5366.00"
"Thu Nov 20 2025 12:05:00 GMT+0530 (India Standard Time)","5366.00","5369.00","5363.50","5365.50"
"Thu Nov 20 2025 12:10:00 GMT+0530 (India Standard Time)","5365.50","5368.00","5365.50","5365.50"
"Thu Nov 20 2025 12:15:00 GMT+0530 (India Standard Time)","5365.50","5365.50","5355.00","5355.00"
"Thu Nov 20 2025 12:20:00 GMT+0530 (India Standard Time)","5355.00","5367.00","5353.00","5366.00"
"Thu Nov 20 2025 12:25:00 GMT+0530 (India Standard Time)","5367.50","5369.00","5357.50","5358.50"
"Thu Nov 20 2025 12:30:00 GMT+0530 (India Standard Time)","5358.50","5360.00","5354.00","5359.00"
"Thu Nov 20 2025 12:35:00 GMT+0530 (India Standard Time)","5359.00","5359.50","5352.00","5357.50"
"Thu Nov 20 2025 12:40:00 GMT+0530 (India Standard Time)","5357.50","5370.00","5355.50","5362.00"
"Thu Nov 20 2025 12:45:00 GMT+0530 (India Standard Time)","5362.00","5363.50","5359.50","5362.50"
"Thu Nov 20 2025 12:50:00 GMT+0530 (India Standard Time)","5362.50","5368.00","5361.00","5365.00"
"Thu Nov 20 2025 12:55:00 GMT+0530 (India Standard Time)","5365.00","5367.00","5360.00","5366.00"
"Thu Nov 20 2025 13:00:00 GMT+0530 (India Standard Time)","5366.00","5369.00","5366.00","5369.00"
"Thu Nov 20 2025 13:05:00 GMT+0530 (India Standard Time)","5369.00","5369.00","5366.00","5367.50"
"Thu Nov 20 2025 13:10:00 GMT+0530 (India Standard Time)","5367.50","5376.00","5366.00","5373.50"
"Thu Nov 20 2025 13:15:00 GMT+0530 (India Standard Time)","5373.50","5382.00","5366.00","5375.50"
"Thu Nov 20 2025 13:20:00 GMT+0530 (India Standard Time)","5375.50","5377.00","5370.50","5370.50"
"Thu Nov 20 2025 13:25:00 GMT+0530 (India Standard Time)","5370.50","5383.00","5370.50","5380.00"
"Thu Nov 20 2025 13:30:00 GMT+0530 (India Standard Time)","5380.00","5382.50","5377.00","5380.00"
"Thu Nov 20 2025 13:35:00 GMT+0530 (India Standard Time)","5380.00","5382.00","5377.50","5377.50"
"Thu Nov 20 2025 13:40:00 GMT+0530 (India Standard Time)","5377.50","5382.00","5374.00","5379.00"
"Thu Nov 20 2025 13:45:00 GMT+0530 (India Standard Time)","5380.50","5381.00","5375.50","5376.50"
"Thu Nov 20 2025 13:50:00 GMT+0530 (India Standard Time)","5376.50","5382.50","5373.00","5380.00"
"Thu Nov 20 2025 13:55:00 GMT+0530 (India Standard Time)","5380.00","5380.00","5376.50","5378.50"
"Thu Nov 20 2025 14:00:00 GMT+0530 (India Standard Time)","5378.50","5378.50","5373.00","5373.00"
"Thu Nov 20 2025 14:05:00 GMT+0530 (India Standard Time)","5373.00","5380.50","5370.50","5376.50"
"Thu Nov 20 2025 14:10:00 GMT+0530 (India Standard Time)","5376.00","5377.50","5371.00","5371.00"
"Thu Nov 20 2025 14:15:00 GMT+0530 (India Standard Time)","5370.00","5376.50","5366.00","5368.00"
"Thu Nov 20 2025 14:20:00 GMT+0530 (India Standard Time)","5367.00","5370.00","5366.00","5367.00"
"Thu Nov 20 2025 14:25:00 GMT+0530 (India Standard Time)","5367.00","5372.00","5366.00","5366.50"
"Thu Nov 20 2025 14:30:00 GMT+0530 (India Standard Time)","5366.50","5368.00","5366.00","5366.00"
"Thu Nov 20 2025 14:35:00 GMT+0530 (India Standard Time)","5366.00","5366.50","5366.00","5366.50"
"Thu Nov 20 2025 14:40:00 GMT+0530 (India Standard Time)","5366.00","5368.50","5366.00","5366.00"
"Thu Nov 20 2025 14:45:00 GMT+0530 (India Standard Time)","5366.00","5367.00","5352.50","5365.00"
"Thu Nov 20 2025 14:50:00 GMT+0530 (India Standard Time)","5365.00","5367.00","5362.00","5363.00"
"Thu Nov 20 2025 14:55:00 GMT+0530 (India Standard Time)","5363.00","5366.50","5360.50","5360.50"
"Thu Nov 20 2025 15:00:00 GMT+0530 (India Standard Time)","5360.50","5363.50","5345.00","5347.50"
"Thu Nov 20 2025 15:05:00 GMT+0530 (India Standard Time)","5347.50","5369.50","5342.50","5367.00"
"Thu Nov 20 2025 15:10:00 GMT+0530 (India Standard Time)","5367.50","5378.00","5366.50","5374.50"
"Thu Nov 20 2025 15:15:00 GMT+0530 (India Standard Time)","5375.00","5380.50","5373.50","5375.50"
"Thu Nov 20 2025 15:20:00 GMT+0530 (India Standard Time)","5377.00","5377.00","5373.00","5376.00"
"Thu Nov 20 2025 15:25:00 GMT+0530 (India Standard Time)","5376.00","5377.00","5370.00","5375.00"
"Fri Nov 21 2025 09:15:00 GMT+0530 (India Standard Time)","5324.00","5333.50","5300.00","5321.50"
"Fri Nov 21 2025 09:20:00 GMT+0530 (India Standard Time)","5321.50","5366.50","5314.50","5364.50"
"Fri Nov 21 2025 09:25:00 GMT+0530 (India Standard Time)","5364.50","5366.00","5330.00","5339.00"
"Fri Nov 21 2025 09:30:00 GMT+0530 (India Standard Time)","5339.00","5339.00","5321.50","5327.00"
"Fri Nov 21 2025 09:35:00 GMT+0530 (India Standard Time)","5327.00","5332.50","5321.00","5332.50"
"Fri Nov 21 2025 09:40:00 GMT+0530 (India Standard Time)","5332.50","5335.50","5322.00","5329.50"
"Fri Nov 21 2025 09:45:00 GMT+0530 (India Standard Time)","5329.50","5330.00","5323.00","5328.00"
"Fri Nov 21 2025 09:50:00 GMT+0530 (India Standard Time)","5328.00","5331.00","5320.50","5321.50"
"Fri Nov 21 2025 09:55:00 GMT+0530 (India Standard Time)","5321.50","5326.50","5308.00","5320.00"
"Fri Nov 21 2025 10:00:00 GMT+0530 (India Standard Time)","5319.00","5319.50","5310.50","5319.50"
"Fri Nov 21 2025 10:05:00 GMT+0530 (India Standard Time)","5319.00","5322.50","5313.50","5320.00"
"Fri Nov 21 2025 10:10:00 GMT+0530 (India Standard Time)","5319.00","5322.00","5310.50","5314.50"
"Fri Nov 21 2025 10:15:00 GMT+0530 (India Standard Time)","5314.50","5322.50","5311.00","5315.00"
"Fri Nov 21 2025 10:20:00 GMT+0530 (India Standard Time)","5315.00","5315.00","5306.50","5307.00"
"Fri Nov 21 2025 10:25:00 GMT+0530 (India Standard Time)","5307.00","5307.50","5305.00","5306.00"
"Fri Nov 21 2025 10:30:00 GMT+0530 (India Standard Time)","5306.00","5306.00","5303.50","5305.00"
"Fri Nov 21 2025 10:35:00 GMT+0530 (India Standard Time)","5305.00","5320.50","5304.00","5320.00"
"Fri Nov 21 2025 10:40:00 GMT+0530 (India Standard Time)","5320.00","5325.00","5318.00","5320.00"
"Fri Nov 21 2025 10:45:00 GMT+0530 (India Standard Time)","5320.00","5321.00","5311.00","5316.50"
"Fri Nov 21 2025 10:50:00 GMT+0530 (India Standard Time)","5316.50","5323.00","5316.50","5323.00"
"Fri Nov 21 2025 10:55:00 GMT+0530 (India Standard Time)","5323.00","5324.50","5316.50","5324.00"
"Fri Nov 21 2025 11:00:00 GMT+0530 (India Standard Time)","5324.00","5325.00","5318.50","5319.00"
"Fri Nov 21 2025 11:05:00 GMT+0530 (India Standard Time)","5319.00","5321.00","5312.50","5318.00"
"Fri Nov 21 2025 11:10:00 GMT+0530 (India Standard Time)","5318.00","5336.00","5318.00","5334.50"
"Fri Nov 21 2025 11:15:00 GMT+0530 (India Standard Time)","5334.50","5340.00","5332.50","5337.00"
"Fri Nov 21 2025 11:20:00 GMT+0530 (India Standard Time)","5337.00","5337.00","5330.00","5332.50"
"Fri Nov 21 2025 11:25:00 GMT+0530 (India Standard Time)","5332.50","5346.50","5326.00","5346.50"
"Fri Nov 21 2025 11:30:00 GMT+0530 (India Standard Time)","5346.50","5349.50","5337.50","5349.50"
"Fri Nov 21 2025 11:35:00 GMT+0530 (India Standard Time)","5349.50","5349.50","5342.50","5342.50"
"Fri Nov 21 2025 11:40:00 GMT+0530 (India Standard Time)","5343.50","5343.50","5329.00","5333.50"
"Fri Nov 21 2025 11:45:00 GMT+0530 (India Standard Time)","5333.50","5340.00","5331.50","5334.00"
"Fri Nov 21 2025 11:50:00 GMT+0530 (India Standard Time)","5334.00","5345.00","5334.00","5343.00"
"Fri Nov 21 2025 11:55:00 GMT+0530 (India Standard Time)","5343.00","5343.00","5335.00","5338.50"
"Fri Nov 21 2025 12:00:00 GMT+0530 (India Standard Time)","5338.50","5342.50","5333.00","5335.00"
"Fri Nov 21 2025 12:05:00 GMT+0530 (India Standard Time)","5335.00","5339.00","5332.50","5335.00"
"Fri Nov 21 2025 12:10:00 GMT+0530 (India Standard Time)","5331.50","5340.00","5331.50","5339.00"
"Fri Nov 21 2025 12:15:00 GMT+0530 (India Standard Time)","5341.50","5347.50","5340.50","5347.50"
"Fri Nov 21 2025 12:20:00 GMT+0530 (India Standard Time)","5347.50","5354.00","5343.50","5350.50"
"Fri Nov 21 2025 12:25:00 GMT+0530 (India Standard Time)","5350.50","5362.00","5348.00","5354.50"
"Fri Nov 21 2025 12:30:00 GMT+0530 (India Standard Time)","5360.00","5362.00","5340.50","5340.50"
"Fri Nov 21 2025 12:35:00 GMT+0530 (India Standard Time)","5340.50","5351.00","5340.50","5347.00"
"Fri Nov 21 2025 12:40:00 GMT+0530 (India Standard Time)","5347.00","5350.00","5345.00","5345.00"
"Fri Nov 21 2025 12:45:00 GMT+0530 (India Standard Time)","5345.00","5345.00","5338.00","5339.50"
"Fri Nov 21 2025 12:50:00 GMT+0530 (India Standard Time)","5339.50","5343.00","5336.50","5336.50"
"Fri Nov 21 2025 12:55:00 GMT+0530 (India Standard Time)","5334.00","5337.50","5325.50","5325.50"
"Fri Nov 21 2025 13:00:00 GMT+0530 (India Standard Time)","5325.50","5331.50","5322.50","5324.50"
"Fri Nov 21 2025 13:05:00 GMT+0530 (India Standard Time)","5324.50","5325.00","5322.50","5325.00"
"Fri Nov 21 2025 13:10:00 GMT+0530 (India Standard Time)","5323.50","5325.00","5323.00","5323.50"
"Fri Nov 21 2025 13:15:00 GMT+0530 (India Standard Time)","5323.50","5327.00","5323.50","5326.50"
"Fri Nov 21 2025 13:20:00 GMT+0530 (India Standard Time)","5326.50","5329.00","5323.00","5326.50"
"Fri Nov 21 2025 13:25:00 GMT+0530 (India Standard Time)","5326.50","5326.50","5320.00","5323.50"
"Fri Nov 21 2025 13:30:00 GMT+0530 (India Standard Time)","5323.50","5324.00","5315.50","5315.50"
"Fri Nov 21 2025 13:35:00 GMT+0530 (India Standard Time)","5315.50","5318.50","5315.50","5317.50"
"Fri Nov 21 2025 13:40:00 GMT+0530 (India Standard Time)","5317.50","5319.50","5310.50","5312.00"
"Fri Nov 21 2025 13:45:00 GMT+0530 (India Standard Time)","5311.00","5313.50","5310.50","5312.50"
"Fri Nov 21 2025 13:50:00 GMT+0530 (India Standard Time)","5312.50","5316.00","5311.00","5314.50"
"Fri Nov 21 2025 13:55:00 GMT+0530 (India Standard Time)","5314.50","5315.50","5313.50","5315.50"
"Fri Nov 21 2025 14:00:00 GMT+0530 (India Standard Time)","5315.50","5318.00","5307.00","5310.50"
"Fri Nov 21 2025 14:05:00 GMT+0530 (India Standard Time)","5310.50","5335.00","5305.50","5332.50"
"Fri Nov 21 2025 14:10:00 GMT+0530 (India Standard Time)","5331.50","5333.00","5326.00","5332.00"
"Fri Nov 21 2025 14:15:00 GMT+0530 (India Standard Time)","5332.00","5336.00","5328.50","5328.50"
"Fri Nov 21 2025 14:20:00 GMT+0530 (India Standard Time)","5329.00","5334.50","5329.00","5334.50"
"Fri Nov 21 2025 14:25:00 GMT+0530 (India Standard Time)","5334.50","5336.00","5326.00","5329.50"
"Fri Nov 21 2025 14:30:00 GMT+0530 (India Standard Time)","5329.50","5330.00","5325.50","5329.50"
"Fri Nov 21 2025 14:35:00 GMT+0530 (India Standard Time)","5329.50","5329.50","5325.50","5327.50"
"Fri Nov 21 2025 14:40:00 GMT+0530 (India Standard Time)","5327.50","5329.50","5323.00","5327.50"
"Fri Nov 21 2025 14:45:00 GMT+0530 (India Standard Time)","5327.50","5333.50","5325.50","5329.00"
"Fri Nov 21 2025 14:50:00 GMT+0530 (India Standard Time)","5329.00","5329.00","5321.50","5322.00"
"Fri Nov 21 2025 14:55:00 GMT+0530 (India Standard Time)","5322.00","5327.50","5319.50","5320.00"
"Fri Nov 21 2025 15:00:00 GMT+0530 (India Standard Time)","5320.00","5325.00","5319.50","5320.00"
"Fri Nov 21 2025 15:05:00 GMT+0530 (India Standard Time)","5320.50","5322.50","5320.00","5320.00"
"Fri Nov 21 2025 15:10:00 GMT+0530 (India Standard Time)","5321.50","5323.00","5319.50","5320.00"
"Fri Nov 21 2025 15:15:00 GMT+0530 (India Standard Time)","5323.00","5328.00","5319.00","5321.00"
"Fri Nov 21 2025 15:20:00 GMT+0530 (India Standard Time)","5322.50","5322.50","5307.50","5316.50"
"Fri Nov 21 2025 15:25:00 GMT+0530 (India Standard Time)","5320.00","5335.00","5320.00","5335.00"
"Mon Nov 24 2025 09:15:00 GMT+0530 (India Standard Time)","5326.00","5360.00","5305.50","5350.00"
"Mon Nov 24 2025 09:20:00 GMT+0530 (India Standard Time)","5350.00","5390.00","5346.00","5385.00"
"Mon Nov 24 2025 09:25:00 GMT+0530 (India Standard Time)","5385.00","5398.00","5372.50","5398.00"
"Mon Nov 24 2025 09:30:00 GMT+0530 (India Standard Time)","5398.00","5398.00","5376.00","5391.50"
"Mon Nov 24 2025 09:35:00 GMT+0530 (India Standard Time)","5391.50","5405.00","5386.00","5401.50"
"Mon Nov 24 2025 09:40:00 GMT+0530 (India Standard Time)","5401.50","5405.00","5386.00","5390.50"
"Mon Nov 24 2025 09:45:00 GMT+0530 (India Standard Time)","5392.50","5392.50","5376.00","5381.50"
"Mon Nov 24 2025 09:50:00 GMT+0530 (India Standard Time)","5381.50","5389.50","5368.00","5373.00"
"Mon Nov 24 2025 09:55:00 GMT+0530 (India Standard Time)","5373.00","5373.00","5364.00","5367.00"
"Mon Nov 24 2025 10:00:00 GMT+0530 (India Standard Time)","5367.00","5389.00","5367.00","5379.50"
"Mon Nov 24 2025 10:05:00 GMT+0530 (India Standard Time)","5380.00","5388.00","5379.50","5383.00"
"Mon Nov 24 2025 10:10:00 GMT+0530 (India Standard Time)","5383.00","5384.50","5374.50","5384.00"
"Mon Nov 24 2025 10:15:00 GMT+0530 (India Standard Time)","5384.00","5386.00","5371.50","5372.00"
"Mon Nov 24 2025 10:20:00 GMT+0530 (India Standard Time)","5372.00","5379.00","5371.00","5377.00"
"Mon Nov 24 2025 10:25:00 GMT+0530 (India Standard Time)","5377.00","5377.00","5331.50","5331.50"
"Mon Nov 24 2025 10:30:00 GMT+0530 (India Standard Time)","5329.00","5344.00","5325.00","5336.50"
"Mon Nov 24 2025 10:35:00 GMT+0530 (India Standard Time)","5336.50","5345.50","5335.00","5340.00"
"Mon Nov 24 2025 10:40:00 GMT+0530 (India Standard Time)","5340.00","5347.50","5337.00","5341.50"
"Mon Nov 24 2025 10:45:00 GMT+0530 (India Standard Time)","5341.50","5341.50","5333.50","5334.00"
"Mon Nov 24 2025 10:50:00 GMT+0530 (India Standard Time)","5334.00","5337.50","5328.00","5329.50"
"Mon Nov 24 2025 10:55:00 GMT+0530 (India Standard Time)","5329.50","5329.50","5319.00","5328.50"
"Mon Nov 24 2025 11:00:00 GMT+0530 (India Standard Time)","5328.50","5334.00","5322.00","5333.50"
"Mon Nov 24 2025 11:05:00 GMT+0530 (India Standard Time)","5333.50","5351.50","5330.00","5348.50"
"Mon Nov 24 2025 11:10:00 GMT+0530 (India Standard Time)","5352.00","5363.50","5350.00","5359.50"
"Mon Nov 24 2025 11:15:00 GMT+0530 (India Standard Time)","5359.50","5361.50","5348.00","5352.00"
"Mon Nov 24 2025 11:20:00 GMT+0530 (India Standard Time)","5352.00","5360.00","5349.00","5354.00"
"Mon Nov 24 2025 11:25:00 GMT+0530 (India Standard Time)","5354.00","5365.50","5354.00","5360.00"
"Mon Nov 24 2025 11:30:00 GMT+0530 (India Standard Time)","5359.50","5370.00","5350.50","5360.00"
"Mon Nov 24 2025 11:35:00 GMT+0530 (India Standard Time)","5360.00","5368.00","5353.00","5356.00"
"Mon Nov 24 2025 11:40:00 GMT+0530 (India Standard Time)","5356.00","5361.50","5353.00","5356.00"
"Mon Nov 24 2025 11:45:00 GMT+0530 (India Standard Time)","5356.50","5357.00","5332.00","5334.50"
"Mon Nov 24 2025 11:50:00 GMT+0530 (India Standard Time)","5334.50","5344.50","5330.00","5333.50"
"Mon Nov 24 2025 11:55:00 GMT+0530 (India Standard Time)","5333.00","5336.00","5327.00","5329.00"
"Mon Nov 24 2025 12:00:00 GMT+0530 (India Standard Time)","5329.00","5346.50","5325.50","5341.50"
"Mon Nov 24 2025 12:05:00 GMT+0530 (India Standard Time)","5341.50","5346.00","5336.00","5343.00"
"Mon Nov 24 2025 12:10:00 GMT+0530 (India Standard Time)","5343.00","5349.50","5335.50","5335.50"
"Mon Nov 24 2025 12:15:00 GMT+0530 (India Standard Time)","5335.50","5338.00","5330.00","5335.50"
"Mon Nov 24 2025 12:20:00 GMT+0530 (India Standard Time)","5335.50","5338.50","5330.00","5331.50"
"Mon Nov 24 2025 12:25:00 GMT+0530 (India Standard Time)","5332.00","5344.50","5332.00","5335.00"
"Mon Nov 24 2025 12:30:00 GMT+0530 (India Standard Time)","5335.00","5347.50","5335.00","5343.50"
"Mon Nov 24 2025 12:35:00 GMT+0530 (India Standard Time)","5343.50","5354.50","5343.50","5346.50"
"Mon Nov 24 2025 12:40:00 GMT+0530 (India Standard Time)","5346.50","5353.50","5346.50","5351.00"
"Mon Nov 24 2025 12:45:00 GMT+0530 (India Standard Time)","5353.50","5362.50","5353.50","5360.00"
"Mon Nov 24 2025 12:50:00 GMT+0530 (India Standard Time)","5360.00","5362.50","5350.00","5353.50"
"Mon Nov 24 2025 12:55:00 GMT+0530 (India Standard Time)","5353.50","5353.50","5340.00","5346.00"
"Mon Nov 24 2025 13:00:00 GMT+0530 (India Standard Time)","5348.00","5349.50","5345.00","5347.50"
"Mon Nov 24 2025 13:05:00 GMT+0530 (India Standard Time)","5347.50","5358.50","5345.50","5354.50"
"Mon Nov 24 2025 13:10:00 GMT+0530 (India Standard Time)","5354.50","5360.50","5346.50","5355.50"
"Mon Nov 24 2025 13:15:00 GMT+0530 (India Standard Time)","5356.00","5362.00","5351.50","5360.00"
"Mon Nov 24 2025 13:20:00 GMT+0530 (India Standard Time)","5360.00","5367.00","5360.00","5366.50"
"Mon Nov 24 2025 13:25:00 GMT+0530 (India Standard Time)","5365.00","5372.00","5361.50","5367.50"
"Mon Nov 24 2025 13:30:00 GMT+0530 (India Standard Time)","5369.00","5369.00","5364.50","5366.50"
"Mon Nov 24 2025 13:35:00 GMT+0530 (India Standard Time)","5366.50","5366.50","5354.00","5360.00"
"Mon Nov 24 2025 13:40:00 GMT+0530 (India Standard Time)","5360.00","5366.00","5345.50","5350.50"
"Mon Nov 24 2025 13:45:00 GMT+0530 (India Standard Time)","5350.50","5352.50","5335.50","5339.50"
"Mon Nov 24 2025 13:50:00 GMT+0530 (India Standard Time)","5337.00","5343.00","5333.00","5337.00"
"Mon Nov 24 2025 13:55:00 GMT+0530 (India Standard Time)","5337.00","5338.50","5329.00","5329.00"
"Mon Nov 24 2025 14:00:00 GMT+0530 (India Standard Time)","5328.50","5328.50","5310.00","5310.00"
"Mon Nov 24 2025 14:05:00 GMT+0530 (India Standard Time)","5310.00","5318.00","5306.00","5310.50"
"Mon Nov 24 2025 14:10:00 GMT+0530 (India Standard Time)","5310.50","5325.00","5309.50","5324.50"
"Mon Nov 24 2025 14:15:00 GMT+0530 (India Standard Time)","5321.50","5328.00","5314.50","5319.00"
"Mon Nov 24 2025 14:20:00 GMT+0530 (India Standard Time)","5319.00","5328.00","5319.00","5327.00"
"Mon Nov 24 2025 14:25:00 GMT+0530 (India Standard Time)","5327.00","5336.50","5325.00","5330.50"
"Mon Nov 24 2025 14:30:00 GMT+0530 (India Standard Time)","5330.50","5335.00","5329.50","5329.50"
"Mon Nov 24 2025 14:35:00 GMT+0530 (India Standard Time)","5329.00","5330.50","5324.00","5326.00"
"Mon Nov 24 2025 14:40:00 GMT+0530 (India Standard Time)","5326.00","5326.50","5314.50","5325.50"
"Mon Nov 24 2025 14:45:00 GMT+0530 (India Standard Time)","5325.00","5335.00","5324.50","5325.50"
"Mon Nov 24 2025 14:50:00 GMT+0530 (India Standard Time)","5326.00","5328.00","5310.00","5310.00"
"Mon Nov 24 2025 14:55:00 GMT+0530 (India Standard Time)","5310.00","5312.00","5305.00","5311.00"
"Mon Nov 24 2025 15:00:00 GMT+0530 (India Standard Time)","5309.00","5335.50","5279.00","5279.00"
"Mon Nov 24 2025 15:05:00 GMT+0530 (India Standard Time)","5280.00","5303.00","5257.50","5258.00"
"Mon Nov 24 2025 15:10:00 GMT+0530 (India Standard Time)","5257.50","5286.00","5236.00","5264.00"
"Mon Nov 24 2025 15:15:00 GMT+0530 (India Standard Time)","5264.50","5264.50","5184.00","5195.00"
"Mon Nov 24 2025 15:20:00 GMT+0530 (India Standard Time)","5192.50","5203.00","5143.00","5150.00"
"Mon Nov 24 2025 15:25:00 GMT+0530 (India Standard Time)","5149.50","5174.00","5129.00","5162.00"
"Tue Nov 25 2025 09:15:00 GMT+0530 (India Standard Time)","5165.00","5204.00","5150.00","5194.00"
"Tue Nov 25 2025 09:20:00 GMT+0530 (India Standard Time)","5192.00","5195.00","5171.00","5187.50"
"Tue Nov 25 2025 09:25:00 GMT+0530 (India Standard Time)","5187.50","5213.00","5187.50","5203.00"
"Tue Nov 25 2025 09:30:00 GMT+0530 (India Standard Time)","5201.00","5202.00","5181.50","5190.00"
"Tue Nov 25 2025 09:35:00 GMT+0530 (India Standard Time)","5190.00","5190.50","5180.50","5190.50"
"Tue Nov 25 2025 09:40:00 GMT+0530 (India Standard Time)","5188.00","5196.00","5184.00","5185.00"
"Tue Nov 25 2025 09:45:00 GMT+0530 (India Standard Time)","5185.00","5190.00","5182.00","5189.50"
"Tue Nov 25 2025 09:50:00 GMT+0530 (India Standard Time)","5189.50","5193.00","5184.00","5193.00"
"Tue Nov 25 2025 09:55:00 GMT+0530 (India Standard Time)","5190.00","5195.00","5185.50","5189.00"
"Tue Nov 25 2025 10:00:00 GMT+0530 (India Standard Time)","5189.00","5203.00","5186.00","5203.00"
"Tue Nov 25 2025 10:05:00 GMT+0530 (India Standard Time)","5203.00","5209.50","5176.50","5176.50"
"Tue Nov 25 2025 10:10:00 GMT+0530 (India Standard Time)","5178.00","5194.00","5178.00","5189.50"
"Tue Nov 25 2025 10:15:00 GMT+0530 (India Standard Time)","5191.00","5191.50","5182.50","5185.50"
"Tue Nov 25 2025 10:20:00 GMT+0530 (India Standard Time)","5185.50","5192.50","5183.50","5190.00"
"Tue Nov 25 2025 10:25:00 GMT+0530 (India Standard Time)","5189.50","5191.00","5173.50","5181.00"
"Tue Nov 25 2025 10:30:00 GMT+0530 (India Standard Time)","5181.00","5189.50","5178.00","5179.50"
"Tue Nov 25 2025 10:35:00 GMT+0530 (India Standard Time)","5179.50","5188.50","5179.50","5185.50"
"Tue Nov 25 2025 10:40:00 GMT+0530 (India Standard Time)","5185.50","5203.00","5184.00","5201.50"
"Tue Nov 25 2025 10:45:00 GMT+0530 (India Standard Time)","5201.50","5201.50","5194.00","5201.00"
"Tue Nov 25 2025 10:50:00 GMT+0530 (India Standard Time)","5201.00","5201.00","5183.00","5183.00"
"Tue Nov 25 2025 10:55:00 GMT+0530 (India Standard Time)","5182.50","5183.00","5165.00","5167.00"
"Tue Nov 25 2025 11:00:00 GMT+0530 (India Standard Time)","5167.00","5172.50","5165.50","5167.00"
"Tue Nov 25 2025 11:05:00 GMT+0530 (India Standard Time)","5169.00","5174.00","5167.00","5172.00"
"Tue Nov 25 2025 11:10:00 GMT+0530 (India Standard Time)","5172.00","5185.00","5172.00","5184.50"
"Tue Nov 25 2025 11:15:00 GMT+0530 (India Standard Time)","5184.50","5190.00","5183.00","5184.50"
"Tue Nov 25 2025 11:20:00 GMT+0530 (India Standard Time)","5184.50","5190.50","5183.00","5186.00"
"Tue Nov 25 2025 11:25:00 GMT+0530 (India Standard Time)","5186.00","5199.00","5185.00","5193.50"
"Tue Nov 25 2025 11:30:00 GMT+0530 (India Standard Time)","5193.50","5197.00","5193.00","5193.50"
"Tue Nov 25 2025 11:35:00 GMT+0530 (India Standard Time)","5193.00","5195.50","5192.00","5192.00"
"Tue Nov 25 2025 11:40:00 GMT+0530 (India Standard Time)","5193.50","5194.50","5190.00","5190.00"
"Tue Nov 25 2025 11:45:00 GMT+0530 (India Standard Time)","5190.00","5193.50","5190.00","5191.00"
"Tue Nov 25 2025 11:50:00 GMT+0530 (India Standard Time)","5191.00","5194.00","5190.50","5190.50"
"Tue Nov 25 2025 11:55:00 GMT+0530 (India Standard Time)","5190.50","5196.50","5190.00","5194.50"
"Tue Nov 25 2025 12:00:00 GMT+0530 (India Standard Time)","5192.00","5194.50","5191.00","5191.00"
"Tue Nov 25 2025 12:05:00 GMT+0530 (India Standard Time)","5190.00","5199.00","5190.00","5196.50"
"Tue Nov 25 2025 12:10:00 GMT+0530 (India Standard Time)","5196.50","5207.00","5195.00","5203.50"
"Tue Nov 25 2025 12:15:00 GMT+0530 (India Standard Time)","5203.50","5212.50","5203.50","5204.50"
"Tue Nov 25 2025 12:20:00 GMT+0530 (India Standard Time)","5204.50","5204.50","5197.50","5197.50"
"Tue Nov 25 2025 12:25:00 GMT+0530 (India Standard Time)","5197.50","5200.00","5190.00","5191.00"
"Tue Nov 25 2025 12:30:00 GMT+0530 (India Standard Time)","5191.00","5198.50","5191.00","5196.00"
"Tue Nov 25 2025 12:35:00 GMT+0530 (India Standard Time)","5196.00","5201.00","5196.00","5200.00"
"Tue Nov 25 2025 12:40:00 GMT+0530 (India Standard Time)","5200.00","5202.00","5196.00","5202.00"
"Tue Nov 25 2025 12:45:00 GMT+0530 (India Standard Time)","5202.00","5205.50","5200.00","5201.50"
"Tue Nov 25 2025 12:50:00 GMT+0530 (India Standard Time)","5201.50","5201.50","5195.00","5196.50"
"Tue Nov 25 2025 12:55:00 GMT+0530 (India Standard Time)","5195.00","5197.00","5181.50","5181.50"
"Tue Nov 25 2025 13:00:00 GMT+0530 (India Standard Time)","5183.00","5183.00","5165.50","5166.00"
"Tue Nov 25 2025 13:05:00 GMT+0530 (India Standard Time)","5166.00","5182.00","5166.00","5177.00"
"Tue Nov 25 2025 13:10:00 GMT+0530 (India Standard Time)","5177.00","5178.00","5170.00","5171.00"
"Tue Nov 25 2025 13:15:00 GMT+0530 (India Standard Time)","5171.00","5174.50","5170.00","5171.00"
"Tue Nov 25 2025 13:20:00 GMT+0530 (India Standard Time)","5173.00","5178.50","5168.50","5178.50"
"Tue Nov 25 2025 13:25:00 GMT+0530 (India Standard Time)","5178.50","5180.00","5174.50","5176.50"
"Tue Nov 25 2025 13:30:00 GMT+0530 (India Standard Time)","5177.50","5178.00","5172.00","5172.50"
"Tue Nov 25 2025 13:35:00 GMT+0530 (India Standard Time)","5172.50","5182.00","5172.50","5176.00"
"Tue Nov 25 2025 13:40:00 GMT+0530 (India Standard Time)","5176.00","5178.50","5173.50","5175.50"
"Tue Nov 25 2025 13:45:00 GMT+0530 (India Standard Time)","5175.50","5178.50","5175.00","5176.50"
"Tue Nov 25 2025 13:50:00 GMT+0530 (India Standard Time)","5176.50","5178.00","5172.50","5172.50"
"Tue Nov 25 2025 13:55:00 GMT+0530 (India Standard Time)","5172.50","5176.00","5171.00","5171.50"
"Tue Nov 25 2025 14:00:00 GMT+0530 (India Standard Time)","5171.50","5176.50","5169.50","5172.50"
"Tue Nov 25 2025 14:05:00 GMT+0530 (India Standard Time)","5172.50","5179.50","5172.50","5174.00"
"Tue Nov 25 2025 14:10:00 GMT+0530 (India Standard Time)","5174.00","5177.00","5165.00","5167.00"
"Tue Nov 25 2025 14:15:00 GMT+0530 (India Standard Time)","5167.00","5176.00","5162.50","5170.00"
"Tue Nov 25 2025 14:20:00 GMT+0530 (India Standard Time)","5169.50","5170.50","5163.00","5166.00"
"Tue Nov 25 2025 14:25:00 GMT+0530 (India Standard Time)","5166.50","5168.50","5162.00","5162.50"
"Tue Nov 25 2025 14:30:00 GMT+0530 (India Standard Time)","5162.50","5165.50","5160.00","5162.50"
"Tue Nov 25 2025 14:35:00 GMT+0530 (India Standard Time)","5162.50","5165.00","5160.00","5164.00"
"Tue Nov 25 2025 14:40:00 GMT+0530 (India Standard Time)","5164.00","5173.50","5161.00","5170.50"
"Tue Nov 25 2025 14:45:00 GMT+0530 (India Standard Time)","5170.50","5170.50","5164.50","5166.00"
"Tue Nov 25 2025 14:50:00 GMT+0530 (India Standard Time)","5166.00","5170.50","5165.00","5165.00"
"Tue Nov 25 2025 14:55:00 GMT+0530 (India Standard Time)","5166.50","5168.00","5162.50","5162.50"
"Tue Nov 25 2025 15:00:00 GMT+0530 (India Standard Time)","5162.50","5167.50","5152.50","5158.00"
"Tue Nov 25 2025 15:05:00 GMT+0530 (India Standard Time)","5158.00","5168.50","5158.00","5162.50"
"Tue Nov 25 2025 15:10:00 GMT+0530 (India Standard Time)","5162.00","5165.00","5161.00","5164.00"
"Tue Nov 25 2025 15:15:00 GMT+0530 (India Standard Time)","5164.00","5170.00","5164.00","5170.00"
"Tue Nov 25 2025 15:20:00 GMT+0530 (India Standard Time)","5169.00","5174.00","5166.00","5169.00"
"Tue Nov 25 2025 15:25:00 GMT+0530 (India Standard Time)","5168.50","5168.50","5157.50","5164.00"
"Wed Nov 26 2025 09:15:00 GMT+0530 (India Standard Time)","5174.50","5184.00","5125.00","5180.00"
"Wed Nov 26 2025 09:20:00 GMT+0530 (India Standard Time)","5182.00","5191.50","5181.50","5182.00"
"Wed Nov 26 2025 09:25:00 GMT+0530 (India Standard Time)","5184.00","5198.00","5179.50","5198.00"
"Wed Nov 26 2025 09:30:00 GMT+0530 (India Standard Time)","5200.00","5203.00","5193.50","5195.50"
"Wed Nov 26 2025 09:35:00 GMT+0530 (India Standard Time)","5195.50","5195.50","5175.00","5184.50"
"Wed Nov 26 2025 09:40:00 GMT+0530 (India Standard Time)","5184.50","5190.00","5180.00","5188.00"
"Wed Nov 26 2025 09:45:00 GMT+0530 (India Standard Time)","5188.00","5193.00","5183.00","5193.00"
"Wed Nov 26 2025 09:50:00 GMT+0530 (India Standard Time)","5194.00","5206.50","5194.00","5198.00"
"Wed Nov 26 2025 09:55:00 GMT+0530 (India Standard Time)","5198.00","5200.00","5190.00","5192.50"
"Wed Nov 26 2025 10:00:00 GMT+0530 (India Standard Time)","5192.50","5207.50","5192.50","5204.00"
"Wed Nov 26 2025 10:05:00 GMT+0530 (India Standard Time)","5203.50","5214.00","5201.50","5214.00"
"Wed Nov 26 2025 10:10:00 GMT+0530 (India Standard Time)","5211.00","5224.00","5206.00","5213.00"
"Wed Nov 26 2025 10:15:00 GMT+0530 (India Standard Time)","5213.50","5223.00","5213.50","5223.00"
"Wed Nov 26 2025 10:20:00 GMT+0530 (India Standard Time)","5225.00","5225.00","5209.50","5216.50"
"Wed Nov 26 2025 10:25:00 GMT+0530 (India Standard Time)","5212.00","5214.50","5210.00","5211.50"
"Wed Nov 26 2025 10:30:00 GMT+0530 (India Standard Time)","5211.50","5219.00","5211.50","5214.50"
"Wed Nov 26 2025 10:35:00 GMT+0530 (India Standard Time)","5214.50","5218.50","5209.50","5209.50"
"Wed Nov 26 2025 10:40:00 GMT+0530 (India Standard Time)","5210.50","5214.50","5203.50","5203.50"
"Wed Nov 26 2025 10:45:00 GMT+0530 (India Standard Time)","5203.50","5210.00","5203.50","5207.00"
"Wed Nov 26 2025 10:50:00 GMT+0530 (India Standard Time)","5207.00","5207.00","5201.00","5203.50"
"Wed Nov 26 2025 10:55:00 GMT+0530 (India Standard Time)","5203.50","5205.00","5194.50","5205.00"
"Wed Nov 26 2025 11:00:00 GMT+0530 (India Standard Time)","5205.00","5210.50","5204.00","5206.50"
"Wed Nov 26 2025 11:05:00 GMT+0530 (India Standard Time)","5206.50","5208.00","5202.00","5202.00"
"Wed Nov 26 2025 11:10:00 GMT+0530 (India Standard Time)","5202.00","5204.50","5201.50","5202.50"
"Wed Nov 26 2025 11:15:00 GMT+0530 (India Standard Time)","5202.50","5222.50","5202.50","5221.50"
"Wed Nov 26 2025 11:20:00 GMT+0530 (India Standard Time)","5221.50","5225.00","5216.00","5220.00"
"Wed Nov 26 2025 11:25:00 GMT+0530 (India Standard Time)","5220.00","5220.00","5215.50","5216.50"
"Wed Nov 26 2025 11:30:00 GMT+0530 (India Standard Time)","5217.50","5219.00","5212.00","5213.50"
"Wed Nov 26 2025 11:35:00 GMT+0530 (India Standard Time)","5213.50","5214.00","5210.50","5210.50"
"Wed Nov 26 2025 11:40:00 GMT+0530 (India Standard Time)","5210.50","5212.00","5208.50","5208.50"
"Wed Nov 26 2025 11:45:00 GMT+0530 (India Standard Time)","5208.50","5211.50","5208.50","5211.00"
"Wed Nov 26 2025 11:50:00 GMT+0530 (India Standard Time)","5211.00","5212.00","5208.50","5211.00"
"Wed Nov 26 2025 11:55:00 GMT+0530 (India Standard Time)","5211.00","5213.00","5209.00","5212.00"
"Wed Nov 26 2025 12:00:00 GMT+0530 (India Standard Time)","5212.00","5215.00","5211.50","5213.00"
"Wed Nov 26 2025 12:05:00 GMT+0530 (India Standard Time)","5213.00","5214.00","5210.50","5212.00"
"Wed Nov 26 2025 12:10:00 GMT+0530 (India Standard Time)","5212.00","5219.00","5211.50","5215.50"
"Wed Nov 26 2025 12:15:00 GMT+0530 (India Standard Time)","5215.50","5219.00","5214.00","5219.00"
"Wed Nov 26 2025 12:20:00 GMT+0530 (India Standard Time)","5219.00","5219.00","5216.50","5217.00"
"Wed Nov 26 2025 12:25:00 GMT+0530 (India Standard Time)","5217.00","5218.50","5212.00","5212.00"
"Wed Nov 26 2025 12:30:00 GMT+0530 (India Standard Time)","5212.00","5214.00","5207.50","5211.00"
"Wed Nov 26 2025 12:35:00 GMT+0530 (India Standard Time)","5211.00","5217.00","5211.00","5216.00"
"Wed Nov 26 2025 12:40:00 GMT+0530 (India Standard Time)","5216.00","5219.50","5216.00","5217.50"
"Wed Nov 26 2025 12:45:00 GMT+0530 (India Standard Time)","5217.50","5220.00","5217.00","5217.50"
"Wed Nov 26 2025 12:50:00 GMT+0530 (India Standard Time)","5217.50","5220.00","5217.50","5220.00"
"Wed Nov 26 2025 12:55:00 GMT+0530 (India Standard Time)","5220.00","5223.50","5218.00","5221.50"
"Wed Nov 26 2025 13:00:00 GMT+0530 (India Standard Time)","5221.50","5223.50","5221.00","5223.00"
"Wed Nov 26 2025 13:05:00 GMT+0530 (India Standard Time)","5223.00","5226.00","5222.00","5223.00"
"Wed Nov 26 2025 13:10:00 GMT+0530 (India Standard Time)","5223.00","5234.00","5222.50","5231.00"
"Wed Nov 26 2025 13:15:00 GMT+0530 (India Standard Time)","5231.00","5240.00","5231.00","5236.50"
"Wed Nov 26 2025 13:20:00 GMT+0530 (India Standard Time)","5236.50","5244.00","5232.00","5244.00"
"Wed Nov 26 2025 13:25:00 GMT+0530 (India Standard Time)","5244.00","5244.00","5226.00","5226.00"
"Wed Nov 26 2025 13:30:00 GMT+0530 (India Standard Time)","5226.00","5231.50","5220.50","5225.50"
"Wed Nov 26 2025 13:35:00 GMT+0530 (India Standard Time)","5225.50","5231.50","5225.50","5230.00"
"Wed Nov 26 2025 13:40:00 GMT+0530 (India Standard Time)","5230.00","5230.00","5227.50","5230.00"
"Wed Nov 26 2025 13:45:00 GMT+0530 (India Standard Time)","5230.00","5230.00","5227.50","5228.00"
"Wed Nov 26 2025 13:50:00 GMT+0530 (India Standard Time)","5228.00","5234.00","5228.00","5231.50"
"Wed Nov 26 2025 13:55:00 GMT+0530 (India Standard Time)","5231.50","5240.00","5230.00","5240.00"
"Wed Nov 26 2025 14:00:00 GMT+0530 (India Standard Time)","5238.00","5240.00","5235.00","5235.50"
"Wed Nov 26 2025 14:05:00 GMT+0530 (India Standard Time)","5235.50","5236.00","5233.50","5234.00"
"Wed Nov 26 2025 14:10:00 GMT+0530 (India Standard Time)","5239.50","5240.00","5236.00","5237.00"
"Wed Nov 26 2025 14:15:00 GMT+0530 (India Standard Time)","5237.00","5239.50","5234.50","5235.50"
"Wed Nov 26 2025 14:20:00 GMT+0530 (India Standard Time)","5235.00","5238.50","5234.50","5237.50"
"Wed Nov 26 2025 14:25:00 GMT+0530 (India Standard Time)","5236.50","5237.50","5234.50","5235.00"
"Wed Nov 26 2025 14:30:00 GMT+0530 (India Standard Time)","5235.00","5237.50","5233.00","5235.50"
"Wed Nov 26 2025 14:35:00 GMT+0530 (India Standard Time)","5235.50","5237.50","5235.50","5237.50"
"Wed Nov 26 2025 14:40:00 GMT+0530 (India Standard Time)","5236.50","5239.50","5236.00","5239.00"
"Wed Nov 26 2025 14:45:00 GMT+0530 (India Standard Time)","5237.00","5239.00","5229.50","5229.50"
"Wed Nov 26 2025 14:50:00 GMT+0530 (India Standard Time)","5229.50","5231.50","5224.50","5229.00"
"Wed Nov 26 2025 14:55:00 GMT+0530 (India Standard Time)","5229.00","5232.50","5224.00","5230.00"
"Wed Nov 26 2025 15:00:00 GMT+0530 (India Standard Time)","5229.00","5231.00","5225.50","5227.00"
"Wed Nov 26 2025 15:05:00 GMT+0530 (India Standard Time)","5228.50","5231.00","5225.00","5230.50"
"Wed Nov 26 2025 15:10:00 GMT+0530 (India Standard Time)","5231.00","5232.00","5226.00","5228.50"
"Wed Nov 26 2025 15:15:00 GMT+0530 (India Standard Time)","5227.00","5227.50","5222.00","5222.00"
"Wed Nov 26 2025 15:20:00 GMT+0530 (India Standard Time)","5222.50","5237.50","5221.00","5234.50"
"Wed Nov 26 2025 15:25:00 GMT+0530 (India Standard Time)","5234.50","5236.00","5228.00","5231.00"
"Thu Nov 27 2025 09:15:00 GMT+0530 (India Standard Time)","5231.50","5258.00","5231.50","5250.00"
"Thu Nov 27 2025 09:20:00 GMT+0530 (India Standard Time)","5250.00","5259.00","5249.50","5256.00"
"Thu Nov 27 2025 09:25:00 GMT+0530 (India Standard Time)","5256.00","5256.00","5240.50","5244.50"
"Thu Nov 27 2025 09:30:00 GMT+0530 (India Standard Time)","5243.00","5248.50","5241.00","5245.00"
"Thu Nov 27 2025 09:35:00 GMT+0530 (India Standard Time)","5245.00","5252.00","5239.50","5239.50"
"Thu Nov 27 2025 09:40:00 GMT+0530 (India Standard Time)","5239.50","5241.50","5232.50","5235.50"
"Thu Nov 27 2025 09:45:00 GMT+0530 (India Standard Time)","5235.50","5244.00","5232.00","5244.00"
"Thu Nov 27 2025 09:50:00 GMT+0530 (India Standard Time)","5239.50","5244.00","5235.00","5244.00"
"Thu Nov 27 2025 09:55:00 GMT+0530 (India Standard Time)","5244.00","5255.50","5239.50","5255.50"
"Thu Nov 27 2025 10:00:00 GMT+0530 (India Standard Time)","5256.00","5261.50","5253.00","5257.50"
"Thu Nov 27 2025 10:05:00 GMT+0530 (India Standard Time)","5257.50","5258.00","5247.00","5249.50"
"Thu Nov 27 2025 10:10:00 GMT+0530 (India Standard Time)","5248.50","5248.50","5232.00","5236.00"
"Thu Nov 27 2025 10:15:00 GMT+0530 (India Standard Time)","5240.00","5240.00","5232.50","5236.00"
"Thu Nov 27 2025 10:20:00 GMT+0530 (India Standard Time)","5236.00","5236.50","5232.00","5233.00"
"Thu Nov 27 2025 10:25:00 GMT+0530 (India Standard Time)","5232.50","5234.00","5222.50","5224.00"
"Thu Nov 27 2025 10:30:00 GMT+0530 (India Standard Time)","5224.00","5228.00","5222.00","5227.50"
"Thu Nov 27 2025 10:35:00 GMT+0530 (India Standard Time)","5227.50","5230.00","5225.50","5226.00"
"Thu Nov 27 2025 10:40:00 GMT+0530 (India Standard Time)","5224.00","5231.00","5223.50","5228.00"
"Thu Nov 27 2025 10:45:00 GMT+0530 (India Standard Time)","5228.00","5233.00","5227.00","5230.00"
"Thu Nov 27 2025 10:50:00 GMT+0530 (India Standard Time)","5230.00","5233.50","5222.00","5222.00"
"Thu Nov 27 2025 10:55:00 GMT+0530 (India Standard Time)","5221.50","5227.00","5220.00","5223.50"
"Thu Nov 27 2025 11:00:00 GMT+0530 (India Standard Time)","5223.50","5228.50","5223.00","5225.00"
"Thu Nov 27 2025 11:05:00 GMT+0530 (India Standard Time)","5225.00","5228.00","5218.50","5222.00"
"Thu Nov 27 2025 11:10:00 GMT+0530 (India Standard Time)","5222.00","5222.00","5216.00","5217.00"
"Thu Nov 27 2025 11:15:00 GMT+0530 (India Standard Time)","5217.00","5221.00","5215.00","5216.50"
"Thu Nov 27 2025 11:20:00 GMT+0530 (India Standard Time)","5216.50","5217.50","5209.00","5217.50"
"Thu Nov 27 2025 11:25:00 GMT+0530 (India Standard Time)","5217.00","5217.00","5206.00","5206.00"
"Thu Nov 27 2025 11:30:00 GMT+0530 (India Standard Time)","5206.00","5208.00","5192.00","5195.00"
"Thu Nov 27 2025 11:35:00 GMT+0530 (India Standard Time)","5195.00","5198.00","5190.50","5193.50"
"Thu Nov 27 2025 11:40:00 GMT+0530 (India Standard Time)","5193.50","5195.00","5191.50","5193.00"
"Thu Nov 27 2025 11:45:00 GMT+0530 (India Standard Time)","5194.50","5194.50","5187.50","5188.00"
"Thu Nov 27 2025 11:50:00 GMT+0530 (India Standard Time)","5188.00","5190.00","5186.00","5187.00"
"Thu Nov 27 2025 11:55:00 GMT+0530 (India Standard Time)","5186.00","5190.00","5186.00","5188.50"
"Thu Nov 27 2025 12:00:00 GMT+0530 (India Standard Time)","5188.50","5192.00","5185.00","5186.50"
"Thu Nov 27 2025 12:05:00 GMT+0530 (India Standard Time)","5186.50","5186.50","5183.00","5184.50"
"Thu Nov 27 2025 12:10:00 GMT+0530 (India Standard Time)","5184.50","5195.00","5184.00","5193.00"
"Thu Nov 27 2025 12:15:00 GMT+0530 (India Standard Time)","5193.00","5195.00","5192.00","5194.50"
"Thu Nov 27 2025 12:20:00 GMT+0530 (India Standard Time)","5194.50","5195.00","5188.50","5189.50"
"Thu Nov 27 2025 12:25:00 GMT+0530 (India Standard Time)","5189.50","5191.50","5188.00","5191.50"
"Thu Nov 27 2025 12:30:00 GMT+0530 (India Standard Time)","5191.50","5192.50","5189.00","5189.00"
"Thu Nov 27 2025 12:35:00 GMT+0530 (India Standard Time)","5189.00","5190.00","5184.50","5188.00"
"Thu Nov 27 2025 12:40:00 GMT+0530 (India Standard Time)","5188.00","5189.00","5185.50","5188.00"
"Thu Nov 27 2025 12:45:00 GMT+0530 (India Standard Time)","5188.00","5197.50","5187.00","5193.00"
"Thu Nov 27 2025 12:50:00 GMT+0530 (India Standard Time)","5193.00","5196.00","5192.00","5195.50"
"Thu Nov 27 2025 12:55:00 GMT+0530 (India Standard Time)","5195.50","5197.00","5190.50","5192.00"
"Thu Nov 27 2025 13:00:00 GMT+0530 (India Standard Time)","5192.00","5193.50","5175.50","5177.00"
"Thu Nov 27 2025 13:05:00 GMT+0530 (India Standard Time)","5175.50","5179.00","5172.00","5178.00"
"Thu Nov 27 2025 13:10:00 GMT+0530 (India Standard Time)","5178.00","5178.00","5165.00","5166.00"
"Thu Nov 27 2025 13:15:00 GMT+0530 (India Standard Time)","5166.00","5173.00","5166.00","5170.00"
"Thu Nov 27 2025 13:20:00 GMT+0530 (India Standard Time)","5170.00","5176.00","5168.00","5172.00"
"Thu Nov 27 2025 13:25:00 GMT+0530 (India Standard Time)","5172.00","5174.00","5168.50","5174.00"
"Thu Nov 27 2025 13:30:00 GMT+0530 (India Standard Time)","5174.00","5184.00","5170.00","5184.00"
"Thu Nov 27 2025 13:35:00 GMT+0530 (India Standard Time)","5181.00","5184.50","5172.00","5175.00"
"Thu Nov 27 2025 13:40:00 GMT+0530 (India Standard Time)","5175.00","5178.00","5174.50","5177.00"
"Thu Nov 27 2025 13:45:00 GMT+0530 (India Standard Time)","5177.00","5179.00","5167.00","5175.00"
"Thu Nov 27 2025 13:50:00 GMT+0530 (India Standard Time)","5175.00","5177.50","5172.00","5177.50"
"Thu Nov 27 2025 13:55:00 GMT+0530 (India Standard Time)","5177.50","5184.00","5176.00","5183.50"
"Thu Nov 27 2025 14:00:00 GMT+0530 (India Standard Time)","5183.50","5185.00","5182.50","5184.00"
"Thu Nov 27 2025 14:05:00 GMT+0530 (India Standard Time)","5184.00","5185.00","5183.00","5183.50"
"Thu Nov 27 2025 14:10:00 GMT+0530 (India Standard Time)","5183.50","5189.00","5183.50","5186.00"
"Thu Nov 27 2025 14:15:00 GMT+0530 (India Standard Time)","5186.00","5189.50","5184.50","5188.50"
"Thu Nov 27 2025 14:20:00 GMT+0530 (India Standard Time)","5188.50","5188.50","5184.00","5188.50"
"Thu Nov 27 2025 14:25:00 GMT+0530 (India Standard Time)","5188.50","5192.50","5185.50","5192.00"
"Thu Nov 27 2025 14:30:00 GMT+0530 (India Standard Time)","5192.00","5192.00","5182.00","5188.00"
"Thu Nov 27 2025 14:35:00 GMT+0530 (India Standard Time)","5188.00","5191.50","5188.00","5190.00"
"Thu Nov 27 2025 14:40:00 GMT+0530 (India Standard Time)","5190.00","5193.50","5187.50","5191.50"
"Thu Nov 27 2025 14:45:00 GMT+0530 (India Standard Time)","5191.50","5193.50","5187.50","5189.50"
"Thu Nov 27 2025 14:50:00 GMT+0530 (India Standard Time)","5189.50","5189.50","5185.00","5185.50"
"Thu Nov 27 2025 14:55:00 GMT+0530 (India Standard Time)","5186.50","5186.50","5184.00","5186.50"
"Thu Nov 27 2025 15:00:00 GMT+0530 (India Standard Time)","5186.50","5199.50","5185.50","5198.00"
"Thu Nov 27 2025 15:05:00 GMT+0530 (India Standard Time)","5196.00","5201.50","5195.50","5198.50"
"Thu Nov 27 2025 15:10:00 GMT+0530 (India Standard Time)","5199.50","5202.50","5197.00","5201.00"
"Thu Nov 27 2025 15:15:00 GMT+0530 (India Standard Time)","5202.00","5202.00","5193.00","5197.50"
"Thu Nov 27 2025 15:20:00 GMT+0530 (India Standard Time)","5198.00","5199.00","5194.00","5196.00"
"Thu Nov 27 2025 15:25:00 GMT+0530 (India Standard Time)","5196.50","5199.50","5190.50","5190.50"
"Fri Nov 28 2025 09:15:00 GMT+0530 (India Standard Time)","5205.50","5206.00","5186.00","5198.50"
"Fri Nov 28 2025 09:20:00 GMT+0530 (India Standard Time)","5198.50","5204.50","5187.50","5188.00"
"Fri Nov 28 2025 09:25:00 GMT+0530 (India Standard Time)","5188.00","5189.00","5178.00","5178.50"
"Fri Nov 28 2025 09:30:00 GMT+0530 (India Standard Time)","5178.50","5189.00","5174.00","5186.50"
"Fri Nov 28 2025 09:35:00 GMT+0530 (India Standard Time)","5186.50","5186.50","5165.50","5169.00"
"Fri Nov 28 2025 09:40:00 GMT+0530 (India Standard Time)","5169.00","5183.00","5167.00","5178.00"
"Fri Nov 28 2025 09:45:00 GMT+0530 (India Standard Time)","5178.00","5193.50","5175.00","5190.00"
"Fri Nov 28 2025 09:50:00 GMT+0530 (India Standard Time)","5190.00","5199.00","5189.00","5199.00"
"Fri Nov 28 2025 09:55:00 GMT+0530 (India Standard Time)","5199.00","5199.00","5193.50","5195.00"
"Fri Nov 28 2025 10:00:00 GMT+0530 (India Standard Time)","5195.00","5198.50","5190.50","5190.50"
"Fri Nov 28 2025 10:05:00 GMT+0530 (India Standard Time)","5190.50","5200.00","5190.50","5199.50"
"Fri Nov 28 2025 10:10:00 GMT+0530 (India Standard Time)","5197.00","5201.00","5195.00","5195.00"
"Fri Nov 28 2025 10:15:00 GMT+0530 (India Standard Time)","5195.00","5198.00","5190.50","5196.00"
"Fri Nov 28 2025 10:20:00 GMT+0530 (India Standard Time)","5196.00","5196.00","5184.00","5184.00"
"Fri Nov 28 2025 10:25:00 GMT+0530 (India Standard Time)","5184.00","5190.50","5183.00","5188.50"
"Fri Nov 28 2025 10:30:00 GMT+0530 (India Standard Time)","5186.50","5191.00","5182.50","5186.00"
"Fri Nov 28 2025 10:35:00 GMT+0530 (India Standard Time)","5186.00","5192.00","5185.00","5192.00"
"Fri Nov 28 2025 10:40:00 GMT+0530 (India Standard Time)","5192.00","5192.00","5189.00","5191.50"
"Fri Nov 28 2025 10:45:00 GMT+0530 (India Standard Time)","5191.50","5191.50","5181.00","5181.00"
"Fri Nov 28 2025 10:50:00 GMT+0530 (India Standard Time)","5181.50","5185.00","5176.00","5184.00"
"Fri Nov 28 2025 10:55:00 GMT+0530 (India Standard Time)","5184.00","5186.50","5180.00","5182.50"
"Fri Nov 28 2025 11:00:00 GMT+0530 (India Standard Time)","5182.50","5188.00","5180.00","5183.50"
"Fri Nov 28 2025 11:05:00 GMT+0530 (India Standard Time)","5183.50","5183.50","5180.00","5181.00"
"Fri Nov 28 2025 11:10:00 GMT+0530 (India Standard Time)","5181.00","5186.00","5180.00","5185.00"
"Fri Nov 28 2025 11:15:00 GMT+0530 (India Standard Time)","5185.00","5191.50","5184.50","5190.50"
"Fri Nov 28 2025 11:20:00 GMT+0530 (India Standard Time)","5190.50","5195.00","5185.00","5185.50"
"Fri Nov 28 2025 11:25:00 GMT+0530 (India Standard Time)","5185.50","5187.50","5184.00","5187.50"
"Fri Nov 28 2025 11:30:00 GMT+0530 (India Standard Time)","5187.50","5193.00","5186.00","5188.50"
"Fri Nov 28 2025 11:35:00 GMT+0530 (India Standard Time)","5188.50","5190.00","5187.00","5189.50"
"Fri Nov 28 2025 11:40:00 GMT+0530 (India Standard Time)","5189.50","5195.00","5189.50","5195.00"
"Fri Nov 28 2025 11:45:00 GMT+0530 (India Standard Time)","5195.00","5197.00","5194.50","5196.00"
"Fri Nov 28 2025 11:50:00 GMT+0530 (India Standard Time)","5196.00","5196.00","5184.50","5187.00"
"Fri Nov 28 2025 11:55:00 GMT+0530 (India Standard Time)","5187.00","5187.50","5180.00","5181.50"
"Fri Nov 28 2025 12:00:00 GMT+0530 (India Standard Time)","5181.50","5186.50","5180.50","5182.00"
"Fri Nov 28 2025 12:05:00 GMT+0530 (India Standard Time)","5182.00","5182.00","5173.00","5173.00"
"Fri Nov 28 2025 12:10:00 GMT+0530 (India Standard Time)","5173.00","5180.50","5173.00","5179.50"
"Fri Nov 28 2025 12:15:00 GMT+0530 (India Standard Time)","5179.50","5180.00","5176.00","5178.50"
"Fri Nov 28 2025 12:20:00 GMT+0530 (India Standard Time)","5178.50","5179.00","5174.00","5174.00"
"Fri Nov 28 2025 12:25:00 GMT+0530 (India Standard Time)","5174.00","5174.00","5170.00","5172.00"
"Fri Nov 28 2025 12:30:00 GMT+0530 (India Standard Time)","5173.50","5173.50","5168.00","5171.50"
"Fri Nov 28 2025 12:35:00 GMT+0530 (India Standard Time)","5172.00","5172.50","5170.00","5172.00"
"Fri Nov 28 2025 12:40:00 GMT+0530 (India Standard Time)","5172.00","5172.00","5169.00","5171.50"
"Fri Nov 28 2025 12:45:00 GMT+0530 (India Standard Time)","5171.50","5171.50","5150.00","5155.50"
"Fri Nov 28 2025 12:50:00 GMT+0530 (India Standard Time)","5155.50","5164.50","5155.00","5164.50"
"Fri Nov 28 2025 12:55:00 GMT+0530 (India Standard Time)","5164.50","5165.00","5161.50","5164.00"
"Fri Nov 28 2025 13:00:00 GMT+0530 (India Standard Time)","5164.00","5165.50","5161.50","5165.00"
"Fri Nov 28 2025 13:05:00 GMT+0530 (India Standard Time)","5165.00","5167.50","5163.50","5165.50"
"Fri Nov 28 2025 13:10:00 GMT+0530 (India Standard Time)","5166.50","5166.50","5161.50","5163.50"
"Fri Nov 28 2025 13:15:00 GMT+0530 (India Standard Time)","5163.50","5164.00","5162.00","5162.00"
"Fri Nov 28 2025 13:20:00 GMT+0530 (India Standard Time)","5162.00","5163.50","5161.00","5162.00"
"Fri Nov 28 2025 13:25:00 GMT+0530 (India Standard Time)","5162.00","5166.00","5161.50","5165.50"
"Fri Nov 28 2025 13:30:00 GMT+0530 (India Standard Time)","5165.50","5170.50","5165.50","5170.00"
"Fri Nov 28 2025 13:35:00 GMT+0530 (India Standard Time)","5170.00","5173.00","5170.00","5172.00"
"Fri Nov 28 2025 13:40:00 GMT+0530 (India Standard Time)","5172.00","5172.00","5167.50","5167.50"
"Fri Nov 28 2025 13:45:00 GMT+0530 (India Standard Time)","5168.00","5170.00","5165.50","5168.50"
"Fri Nov 28 2025 13:50:00 GMT+0530 (India Standard Time)","5168.50","5168.50","5165.00","5166.00"
"Fri Nov 28 2025 13:55:00 GMT+0530 (India Standard Time)","5165.50","5167.00","5165.00","5165.00"
"Fri Nov 28 2025 14:00:00 GMT+0530 (India Standard Time)","5165.00","5169.00","5165.00","5169.00"
"Fri Nov 28 2025 14:05:00 GMT+0530 (India Standard Time)","5169.00","5169.00","5165.00","5165.50"
"Fri Nov 28 2025 14:10:00 GMT+0530 (India Standard Time)","5165.50","5167.00","5164.50","5166.50"
"Fri Nov 28 2025 14:15:00 GMT+0530 (India Standard Time)","5166.50","5166.50","5164.00","5165.50"
"Fri Nov 28 2025 14:20:00 GMT+0530 (India Standard Time)","5165.50","5166.50","5162.00","5166.50"
"Fri Nov 28 2025 14:25:00 GMT+0530 (India Standard Time)","5166.50","5168.00","5165.00","5167.00"
"Fri Nov 28 2025 14:30:00 GMT+0530 (India Standard Time)","5167.00","5168.50","5165.00","5168.00"
"Fri Nov 28 2025 14:35:00 GMT+0530 (India Standard Time)","5168.00","5171.00","5168.00","5171.00"
"Fri Nov 28 2025 14:40:00 GMT+0530 (India Standard Time)","5170.50","5172.00","5170.50","5171.50"
"Fri Nov 28 2025 14:45:00 GMT+0530 (India Standard Time)","5172.00","5172.00","5165.00","5166.00"
"Fri Nov 28 2025 14:50:00 GMT+0530 (India Standard Time)","5166.00","5166.50","5160.00","5160.00"
"Fri Nov 28 2025 14:55:00 GMT+0530 (India Standard Time)","5160.00","5161.00","5159.50","5161.00"
"Fri Nov 28 2025 15:00:00 GMT+0530 (India Standard Time)","5161.00","5164.50","5160.50","5164.00"
"Fri Nov 28 2025 15:05:00 GMT+0530 (India Standard Time)","5164.00","5164.50","5163.00","5164.50"
"Fri Nov 28 2025 15:10:00 GMT+0530 (India Standard Time)","5164.50","5165.00","5159.00","5161.00"
"Fri Nov 28 2025 15:15:00 GMT+0530 (India Standard Time)","5161.00","5161.50","5156.50","5157.00"
"Fri Nov 28 2025 15:20:00 GMT+0530 (India Standard Time)","5157.00","5159.50","5152.00","5153.00"
"Fri Nov 28 2025 15:25:00 GMT+0530 (India Standard Time)","5154.00","5156.00","5150.00","5156.00"
"Mon Dec 01 2025 09:15:00 GMT+0530 (India Standard Time)","5183.50","5194.00","5155.00","5179.50"
"Mon Dec 01 2025 09:20:00 GMT+0530 (India Standard Time)","5180.00","5181.00","5173.00","5175.00"
"Mon Dec 01 2025 09:25:00 GMT+0530 (India Standard Time)","5175.00","5175.00","5160.00","5162.50"
"Mon Dec 01 2025 09:30:00 GMT+0530 (India Standard Time)","5164.00","5173.00","5161.50","5163.50"
"Mon Dec 01 2025 09:35:00 GMT+0530 (India Standard Time)","5163.50","5172.00","5161.00","5166.00"
"Mon Dec 01 2025 09:40:00 GMT+0530 (India Standard Time)","5169.00","5169.00","5162.00","5168.00"
"Mon Dec 01 2025 09:45:00 GMT+0530 (India Standard Time)","5170.00","5171.00","5160.50","5171.00"