"Date","Open","High","Low","Close"
"Thu Feb 06 2025 09:30:00 GMT+0530 (India Standard Time)","6428.80","6433.95","6407.60","6407.60"
"Thu Feb 06 2025 09:35:00 GMT+0530 (India Standard Time)","6407.60","6416.40","6407.00","6415.55"
"Thu Feb 06 2025 09:40:00 GMT+0530 (India Standard Time)","6415.55","6434.00","6411.20","6428.05"
"Thu Feb 06 2025 09:45:00 GMT+0530 (India Standard Time)","6428.05","6435.95","6425.55","6434.60"
"Thu Feb 06 2025 09:50:00 GMT+0530 (India Standard Time)","6434.60","6434.60","6427.10","6429.90"
"Thu Feb 06 2025 09:55:00 GMT+0530 (India Standard Time)","6429.90","6432.00","6416.40","6429.25"
"Thu Feb 06 2025 10:00:00 GMT+0530 (India Standard Time)","6429.25","6430.05","6425.15","6425.35"
"Thu Feb 06 2025 10:05:00 GMT+0530 (India Standard Time)","6428.00","6434.00","6424.00","6424.00"
"Thu Feb 06 2025 10:10:00 GMT+0530 (India Standard Time)","6427.05","6439.95","6422.00","6439.95"
"Thu Feb 06 2025 10:15:00 GMT+0530 (India Standard Time)","6439.95","6449.90","6436.40","6445.10"
"Thu Feb 06 2025 10:20:00 GMT+0530 (India Standard Time)","6445.10","6466.00","6445.10","6465.80"
"Thu Feb 06 2025 10:25:00 GMT+0530 (India Standard Time)","6465.80","6478.15","6451.00","6462.95"
"Thu Feb 06 2025 10:30:00 GMT+0530 (India Standard Time)","6459.10","6466.95","6452.90","6464.00"
"Thu Feb 06 2025 10:35:00 GMT+0530 (India Standard Time)","6465.55","6467.00","6456.00","6456.00"
"Thu Feb 06 2025 10:40:00 GMT+0530 (India Standard Time)","6456.00","6456.00","6448.30","6453.85"
"Thu Feb 06 2025 10:45:00 GMT+0530 (India Standard Time)","6453.85","6463.20","6449.00","6450.00"
"Thu Feb 06 2025 10:50:00 GMT+0530 (India Standard Time)","6450.00","6455.00","6449.10","6452.15"
"Thu Feb 06 2025 10:55:00 GMT+0530 (India Standard Time)","6452.15","6465.65","6449.10","6458.10"
"Thu Feb 06 2025 11:00:00 GMT+0530 (India Standard Time)","6458.10","6465.15","6450.55","6457.25"
"Thu Feb 06 2025 11:05:00 GMT+0530 (India Standard Time)","6454.05","6455.60","6443.75","6445.35"
"Thu Feb 06 2025 11:10:00 GMT+0530 (India Standard Time)","6445.35","6448.00","6420.75","6430.20"
"Thu Feb 06 2025 11:15:00 GMT+0530 (India Standard Time)","6430.20","6434.00","6425.25","6428.40"
"Thu Feb 06 2025 11:20:00 GMT+0530 (India Standard Time)","6428.40","6431.95","6422.80","6425.00"
"Thu Feb 06 2025 11:25:00 GMT+0530 (India Standard Time)","6425.00","6427.50","6423.15","6423.20"
"Thu Feb 06 2025 11:30:00 GMT+0530 (India Standard Time)","6423.20","6426.60","6420.00","6424.55"
"Thu Feb 06 2025 11:35:00 GMT+0530 (India Standard Time)","6424.55","6430.60","6424.00","6424.00"
"Thu Feb 06 2025 11:40:00 GMT+0530 (India Standard Time)","6424.00","6427.10","6422.55","6427.10"
"Thu Feb 06 2025 11:45:00 GMT+0530 (India Standard Time)","6427.10","6428.05","6423.80","6425.45"
"Thu Feb 06 2025 11:50:00 GMT+0530 (India Standard Time)","6425.45","6425.45","6411.00","6413.15"
"Thu Feb 06 2025 11:55:00 GMT+0530 (India Standard Time)","6413.15","6420.80","6411.05","6420.65"
"Thu Feb 06 2025 12:00:00 GMT+0530 (India Standard Time)","6417.70","6419.60","6387.50","6392.55"
"Thu Feb 06 2025 12:05:00 GMT+0530 (India Standard Time)","6392.55","6402.75","6392.55","6395.45"
"Thu Feb 06 2025 12:10:00 GMT+0530 (India Standard Time)","6394.00","6408.90","6394.00","6405.80"
"Thu Feb 06 2025 12:15:00 GMT+0530 (India Standard Time)","6405.80","6405.80","6392.40","6394.10"
"Thu Feb 06 2025 12:20:00 GMT+0530 (India Standard Time)","6392.40","6396.35","6391.30","6392.45"
"Thu Feb 06 2025 12:25:00 GMT+0530 (India Standard Time)","6392.45","6400.90","6388.20","6388.95"
"Thu Feb 06 2025 12:30:00 GMT+0530 (India Standard Time)","6388.95","6395.75","6385.20","6392.00"
"Thu Feb 06 2025 12:35:00 GMT+0530 (India Standard Time)","6392.00","6393.25","6387.00","6393.00"
"Thu Feb 06 2025 12:40:00 GMT+0530 (India Standard Time)","6393.00","6393.60","6381.20","6383.80"
"Thu Feb 06 2025 12:45:00 GMT+0530 (India Standard Time)","6383.80","6384.55","6380.00","6382.60"
"Thu Feb 06 2025 12:50:00 GMT+0530 (India Standard Time)","6383.50","6384.40","6380.00","6382.25"
"Thu Feb 06 2025 12:55:00 GMT+0530 (India Standard Time)","6382.25","6386.60","6380.10","6382.20"
"Thu Feb 06 2025 13:00:00 GMT+0530 (India Standard Time)","6382.20","6385.20","6372.05","6373.75"
"Thu Feb 06 2025 13:05:00 GMT+0530 (India Standard Time)","6377.10","6383.00","6373.75","6382.05"
"Thu Feb 06 2025 13:10:00 GMT+0530 (India Standard Time)","6382.05","6385.30","6378.55","6385.30"
"Thu Feb 06 2025 13:15:00 GMT+0530 (India Standard Time)","6385.30","6387.60","6378.70","6384.55"
"Thu Feb 06 2025 13:20:00 GMT+0530 (India Standard Time)","6384.55","6390.55","6382.10","6390.55"
"Thu Feb 06 2025 13:25:00 GMT+0530 (India Standard Time)","6390.55","6403.65","6390.00","6399.00"
"Thu Feb 06 2025 13:30:00 GMT+0530 (India Standard Time)","6399.00","6401.30","6392.30","6397.70"
"Thu Feb 06 2025 13:35:00 GMT+0530 (India Standard Time)","6397.70","6397.70","6390.00","6393.20"
"Thu Feb 06 2025 13:40:00 GMT+0530 (India Standard Time)","6393.20","6401.00","6393.20","6399.00"
"Thu Feb 06 2025 13:45:00 GMT+0530 (India Standard Time)","6399.00","6399.00","6386.05","6387.50"
"Thu Feb 06 2025 13:50:00 GMT+0530 (India Standard Time)","6387.50","6389.55","6383.60","6384.90"
"Thu Feb 06 2025 13:55:00 GMT+0530 (India Standard Time)","6384.90","6399.80","6382.35","6397.85"
"Thu Feb 06 2025 14:00:00 GMT+0530 (India Standard Time)","6397.85","6401.95","6395.55","6398.05"
"Thu Feb 06 2025 14:05:00 GMT+0530 (India Standard Time)","6398.05","6398.05","6389.60","6395.60"
"Thu Feb 06 2025 14:10:00 GMT+0530 (India Standard Time)","6395.60","6395.60","6388.70","6390.00"
"Thu Feb 06 2025 14:15:00 GMT+0530 (India Standard Time)","6390.00","6398.70","6389.50","6391.10"
"Thu Feb 06 2025 14:20:00 GMT+0530 (India Standard Time)","6391.10","6404.40","6391.10","6400.10"
"Thu Feb 06 2025 14:25:00 GMT+0530 (India Standard Time)","6400.10","6403.95","6399.95","6400.95"
"Thu Feb 06 2025 14:30:00 GMT+0530 (India Standard Time)","6400.95","6400.95","6390.70","6390.70"
"Thu Feb 06 2025 14:35:00 GMT+0530 (India Standard Time)","6390.15","6402.85","6390.15","6402.80"
"Thu Feb 06 2025 14:40:00 GMT+0530 (India Standard Time)","6402.80","6405.00","6399.00","6400.75"
"Thu Feb 06 2025 14:45:00 GMT+0530 (India Standard Time)","6400.75","6425.00","6399.40","6416.90"
"Thu Feb 06 2025 14:50:00 GMT+0530 (India Standard Time)","6416.90","6423.10","6415.00","6417.85"
"Thu Feb 06 2025 14:55:00 GMT+0530 (India Standard Time)","6417.85","6418.20","6409.45","6410.00"
"Thu Feb 06 2025 15:00:00 GMT+0530 (India Standard Time)","6410.00","6423.20","6410.00","6423.20"
"Thu Feb 06 2025 15:05:00 GMT+0530 (India Standard Time)","6423.20","6430.60","6420.65","6429.95"
"Thu Feb 06 2025 15:10:00 GMT+0530 (India Standard Time)","6432.90","6433.60","6415.00","6419.50"
"Thu Feb 06 2025 15:15:00 GMT+0530 (India Standard Time)","6420.00","6423.00","6416.80","6421.00"
"Thu Feb 06 2025 15:20:00 GMT+0530 (India Standard Time)","6421.00","6421.00","6416.55","6421.00"
"Thu Feb 06 2025 15:25:00 GMT+0530 (India Standard Time)","6420.60","6421.00","6416.00","6421.00"
"Fri Feb 07 2025 09:15:00 GMT+0530 (India Standard Time)","6421.90","6424.70","6365.25","6366.25"
"Fri Feb 07 2025 09:20:00 GMT+0530 (India Standard Time)","6366.25","6388.40","6365.50","6376.70"
"Fri Feb 07 2025 09:25:00 GMT+0530 (India Standard Time)","6376.70","6398.90","6376.70","6390.00"
"Fri Feb 07 2025 09:30:00 GMT+0530 (India Standard Time)","6389.65","6400.00","6384.05","6398.35"
"Fri Feb 07 2025 09:35:00 GMT+0530 (India Standard Time)","6393.50","6396.85","6385.00","6387.95"
"Fri Feb 07 2025 09:40:00 GMT+0530 (India Standard Time)","6387.80","6389.20","6376.20","6383.70"
"Fri Feb 07 2025 09:45:00 GMT+0530 (India Standard Time)","6383.70","6387.85","6372.00","6372.00"
"Fri Feb 07 2025 09:50:00 GMT+0530 (India Standard Time)","6372.00","6390.00","6367.05","6386.80"
"Fri Feb 07 2025 09:55:00 GMT+0530 (India Standard Time)","6386.80","6387.45","6363.00","6363.00"
"Fri Feb 07 2025 10:00:00 GMT+0530 (India Standard Time)","6363.00","6369.95","6356.00","6359.90"
"Fri Feb 07 2025 10:05:00 GMT+0530 (India Standard Time)","6363.00","6386.65","6362.00","6379.95"
"Fri Feb 07 2025 10:10:00 GMT+0530 (India Standard Time)","6379.95","6386.95","6370.00","6376.20"
"Fri Feb 07 2025 10:15:00 GMT+0530 (India Standard Time)","6379.75","6384.10","6335.45","6363.80"
"Fri Feb 07 2025 10:20:00 GMT+0530 (India Standard Time)","6366.45","6370.85","6350.30","6356.00"
"Fri Feb 07 2025 10:25:00 GMT+0530 (India Standard Time)","6356.00","6356.00","6332.20","6345.90"
"Fri Feb 07 2025 10:30:00 GMT+0530 (India Standard Time)","6345.90","6345.90","6332.05","6335.00"
"Fri Feb 07 2025 10:35:00 GMT+0530 (India Standard Time)","6335.00","6370.00","6333.20","6364.85"
"Fri Feb 07 2025 10:40:00 GMT+0530 (India Standard Time)","6364.85","6382.70","6360.00","6376.90"
"Fri Feb 07 2025 10:45:00 GMT+0530 (India Standard Time)","6376.90","6376.90","6360.80","6365.95"
"Fri Feb 07 2025 10:50:00 GMT+0530 (India Standard Time)","6365.95","6368.75","6360.05","6365.95"
"Fri Feb 07 2025 10:55:00 GMT+0530 (India Standard Time)","6365.95","6384.80","6361.10","6379.95"
"Fri Feb 07 2025 11:00:00 GMT+0530 (India Standard Time)","6379.95","6386.65","6375.85","6383.25"
"Fri Feb 07 2025 11:05:00 GMT+0530 (India Standard Time)","6383.25","6383.25","6370.15","6378.55"
"Fri Feb 07 2025 11:10:00 GMT+0530 (India Standard Time)","6378.55","6384.90","6375.05","6380.65"
"Fri Feb 07 2025 11:15:00 GMT+0530 (India Standard Time)","6380.65","6407.95","6380.65","6407.95"
"Fri Feb 07 2025 11:20:00 GMT+0530 (India Standard Time)","6407.95","6408.65","6401.80","6408.65"
"Fri Feb 07 2025 11:25:00 GMT+0530 (India Standard Time)","6408.65","6410.00","6405.25","6408.95"
"Fri Feb 07 2025 11:30:00 GMT+0530 (India Standard Time)","6408.95","6415.00","6400.00","6400.00"
"Fri Feb 07 2025 11:35:00 GMT+0530 (India Standard Time)","6400.00","6406.25","6400.00","6400.00"
"Fri Feb 07 2025 11:40:00 GMT+0530 (India Standard Time)","6400.00","6409.00","6400.00","6408.65"
"Fri Feb 07 2025 11:45:00 GMT+0530 (India Standard Time)","6408.65","6414.95","6400.20","6400.20"
"Fri Feb 07 2025 11:50:00 GMT+0530 (India Standard Time)","6400.20","6405.30","6400.00","6400.15"
"Fri Feb 07 2025 11:55:00 GMT+0530 (India Standard Time)","6400.10","6405.25","6400.10","6404.05"
"Fri Feb 07 2025 12:00:00 GMT+0530 (India Standard Time)","6404.05","6405.70","6400.00","6403.00"
"Fri Feb 07 2025 12:05:00 GMT+0530 (India Standard Time)","6403.00","6404.00","6400.00","6403.00"
"Fri Feb 07 2025 12:10:00 GMT+0530 (India Standard Time)","6403.00","6403.00","6375.00","6377.20"
"Fri Feb 07 2025 12:15:00 GMT+0530 (India Standard Time)","6377.20","6383.10","6372.00","6383.10"
"Fri Feb 07 2025 12:20:00 GMT+0530 (India Standard Time)","6383.10","6389.95","6376.25","6385.50"
"Fri Feb 07 2025 12:25:00 GMT+0530 (India Standard Time)","6385.50","6388.40","6380.00","6387.05"
"Fri Feb 07 2025 12:30:00 GMT+0530 (India Standard Time)","6387.05","6399.45","6386.00","6396.80"
"Fri Feb 07 2025 12:35:00 GMT+0530 (India Standard Time)","6396.80","6399.60","6393.05","6395.40"
"Fri Feb 07 2025 12:40:00 GMT+0530 (India Standard Time)","6395.40","6398.55","6390.00","6394.60"
"Fri Feb 07 2025 12:45:00 GMT+0530 (India Standard Time)","6396.30","6403.75","6395.50","6400.55"
"Fri Feb 07 2025 12:50:00 GMT+0530 (India Standard Time)","6400.00","6404.00","6395.70","6399.20"
"Fri Feb 07 2025 12:55:00 GMT+0530 (India Standard Time)","6400.85","6401.75","6397.45","6399.00"
"Fri Feb 07 2025 13:00:00 GMT+0530 (India Standard Time)","6401.25","6410.00","6399.00","6403.60"
"Fri Feb 07 2025 13:05:00 GMT+0530 (India Standard Time)","6403.60","6406.00","6400.00","6400.00"
"Fri Feb 07 2025 13:10:00 GMT+0530 (India Standard Time)","6400.90","6402.10","6395.00","6395.30"
"Fri Feb 07 2025 13:15:00 GMT+0530 (India Standard Time)","6395.30","6403.85","6395.25","6403.00"
"Fri Feb 07 2025 13:20:00 GMT+0530 (India Standard Time)","6403.00","6409.00","6400.00","6400.45"
"Fri Feb 07 2025 13:25:00 GMT+0530 (India Standard Time)","6400.45","6404.70","6400.45","6400.75"
"Fri Feb 07 2025 13:30:00 GMT+0530 (India Standard Time)","6400.75","6404.65","6400.00","6404.65"
"Fri Feb 07 2025 13:35:00 GMT+0530 (India Standard Time)","6404.65","6410.95","6404.20","6404.20"
"Fri Feb 07 2025 13:40:00 GMT+0530 (India Standard Time)","6404.20","6409.55","6401.55","6405.65"
"Fri Feb 07 2025 13:45:00 GMT+0530 (India Standard Time)","6405.65","6406.90","6400.00","6400.00"
"Fri Feb 07 2025 13:50:00 GMT+0530 (India Standard Time)","6400.00","6401.00","6395.00","6400.00"
"Fri Feb 07 2025 13:55:00 GMT+0530 (India Standard Time)","6395.65","6404.20","6395.65","6402.60"
"Fri Feb 07 2025 14:00:00 GMT+0530 (India Standard Time)","6402.60","6402.75","6400.00","6400.00"
"Fri Feb 07 2025 14:05:00 GMT+0530 (India Standard Time)","6400.00","6401.95","6396.70","6397.00"
"Fri Feb 07 2025 14:10:00 GMT+0530 (India Standard Time)","6397.00","6401.95","6397.00","6401.45"
"Fri Feb 07 2025 14:15:00 GMT+0530 (India Standard Time)","6401.45","6401.95","6397.20","6401.95"
"Fri Feb 07 2025 14:20:00 GMT+0530 (India Standard Time)","6401.95","6402.60","6400.00","6402.60"
"Fri Feb 07 2025 14:25:00 GMT+0530 (India Standard Time)","6402.60","6402.60","6388.80","6392.00"
"Fri Feb 07 2025 14:30:00 GMT+0530 (India Standard Time)","6392.65","6406.50","6392.65","6401.60"
"Fri Feb 07 2025 14:35:00 GMT+0530 (India Standard Time)","6401.60","6410.00","6401.60","6406.45"
"Fri Feb 07 2025 14:40:00 GMT+0530 (India Standard Time)","6406.45","6414.00","6402.40","6402.50"
"Fri Feb 07 2025 14:45:00 GMT+0530 (India Standard Time)","6402.50","6410.00","6400.10","6405.00"
"Fri Feb 07 2025 14:50:00 GMT+0530 (India Standard Time)","6405.00","6419.70","6401.40","6412.65"
"Fri Feb 07 2025 14:55:00 GMT+0530 (India Standard Time)","6412.20","6415.00","6407.60","6414.20"
"Fri Feb 07 2025 15:00:00 GMT+0530 (India Standard Time)","6414.40","6429.90","6409.80","6424.65"
"Fri Feb 07 2025 15:05:00 GMT+0530 (India Standard Time)","6425.20","6439.95","6417.30","6439.95"
"Fri Feb 07 2025 15:10:00 GMT+0530 (India Standard Time)","6442.30","6446.95","6432.60","6436.95"
"Fri Feb 07 2025 15:15:00 GMT+0530 (India Standard Time)","6438.60","6455.25","6431.90","6439.65"
"Fri Feb 07 2025 15:20:00 GMT+0530 (India Standard Time)","6439.65","6446.85","6424.40","6429.00"
"Fri Feb 07 2025 15:25:00 GMT+0530 (India Standard Time)","6427.10","6429.50","6410.05","6415.00"
"Mon Feb 10 2025 09:15:00 GMT+0530 (India Standard Time)","6415.00","6425.00","6400.00","6419.00"
"Mon Feb 10 2025 09:20:00 GMT+0530 (India Standard Time)","6418.30","6418.30","6402.00","6409.20"
"Mon Feb 10 2025 09:25:00 GMT+0530 (India Standard Time)","6408.00","6416.00","6403.65","6413.45"
"Mon Feb 10 2025 09:30:00 GMT+0530 (India Standard Time)","6413.45","6415.00","6375.80","6391.55"
"Mon Feb 10 2025 09:35:00 GMT+0530 (India Standard Time)","6388.55","6388.55","6370.00","6372.80"
"Mon Feb 10 2025 09:40:00 GMT+0530 (India Standard Time)","6372.80","6372.80","6364.10","6365.60"
"Mon Feb 10 2025 09:45:00 GMT+0530 (India Standard Time)","6365.60","6367.00","6356.85","6365.90"
"Mon Feb 10 2025 09:50:00 GMT+0530 (India Standard Time)","6365.90","6373.30","6364.20","6371.25"
"Mon Feb 10 2025 09:55:00 GMT+0530 (India Standard Time)","6371.25","6372.15","6358.00","6358.00"
"Mon Feb 10 2025 10:00:00 GMT+0530 (India Standard Time)","6358.00","6366.25","6355.25","6358.80"
"Mon Feb 10 2025 10:05:00 GMT+0530 (India Standard Time)","6358.80","6359.15","6347.00","6352.00"
"Mon Feb 10 2025 10:10:00 GMT+0530 (India Standard Time)","6352.00","6359.75","6352.00","6356.60"
"Mon Feb 10 2025 10:15:00 GMT+0530 (India Standard Time)","6356.60","6356.60","6350.00","6352.85"
"Mon Feb 10 2025 10:20:00 GMT+0530 (India Standard Time)","6352.85","6359.65","6351.05","6358.50"
"Mon Feb 10 2025 10:25:00 GMT+0530 (India Standard Time)","6358.50","6371.80","6357.95","6368.50"
"Mon Feb 10 2025 10:30:00 GMT+0530 (India Standard Time)","6370.50","6399.60","6365.00","6399.60"
"Mon Feb 10 2025 10:35:00 GMT+0530 (India Standard Time)","6399.60","6418.00","6390.40","6418.00"
"Mon Feb 10 2025 10:40:00 GMT+0530 (India Standard Time)","6418.00","6419.50","6399.00","6399.00"
"Mon Feb 10 2025 10:45:00 GMT+0530 (India Standard Time)","6399.00","6400.00","6380.00","6380.00"
"Mon Feb 10 2025 10:50:00 GMT+0530 (India Standard Time)","6380.00","6381.40","6375.50","6377.05"
"Mon Feb 10 2025 10:55:00 GMT+0530 (India Standard Time)","6377.05","6394.95","6377.05","6394.00"
"Mon Feb 10 2025 11:00:00 GMT+0530 (India Standard Time)","6394.95","6394.95","6380.00","6382.65"
"Mon Feb 10 2025 11:05:00 GMT+0530 (India Standard Time)","6383.65","6388.60","6380.05","6381.00"
"Mon Feb 10 2025 11:10:00 GMT+0530 (India Standard Time)","6381.00","6407.00","6378.45","6403.65"
"Mon Feb 10 2025 11:15:00 GMT+0530 (India Standard Time)","6403.65","6406.95","6380.00","6380.00"
"Mon Feb 10 2025 11:20:00 GMT+0530 (India Standard Time)","6380.00","6385.15","6377.15","6381.75"
"Mon Feb 10 2025 11:25:00 GMT+0530 (India Standard Time)","6381.75","6393.20","6380.00","6390.00"
"Mon Feb 10 2025 11:30:00 GMT+0530 (India Standard Time)","6390.00","6398.00","6383.45","6394.25"
"Mon Feb 10 2025 11:35:00 GMT+0530 (India Standard Time)","6394.25","6400.90","6393.85","6395.85"
"Mon Feb 10 2025 11:40:00 GMT+0530 (India Standard Time)","6395.85","6395.85","6384.00","6387.00"
"Mon Feb 10 2025 11:45:00 GMT+0530 (India Standard Time)","6387.00","6387.20","6370.10","6370.10"
"Mon Feb 10 2025 11:50:00 GMT+0530 (India Standard Time)","6370.10","6379.00","6367.05","6372.95"
"Mon Feb 10 2025 11:55:00 GMT+0530 (India Standard Time)","6372.95","6372.95","6350.00","6350.00"
"Mon Feb 10 2025 12:00:00 GMT+0530 (India Standard Time)","6350.00","6351.75","6340.40","6346.15"
"Mon Feb 10 2025 12:05:00 GMT+0530 (India Standard Time)","6343.25","6346.25","6338.45","6338.45"
"Mon Feb 10 2025 12:10:00 GMT+0530 (India Standard Time)","6338.45","6343.75","6335.25","6340.00"
"Mon Feb 10 2025 12:15:00 GMT+0530 (India Standard Time)","6340.00","6345.75","6340.00","6342.25"
"Mon Feb 10 2025 12:20:00 GMT+0530 (India Standard Time)","6342.25","6363.95","6341.00","6352.50"
"Mon Feb 10 2025 12:25:00 GMT+0530 (India Standard Time)","6352.50","6359.15","6348.95","6356.45"
"Mon Feb 10 2025 12:30:00 GMT+0530 (India Standard Time)","6356.45","6356.45","6347.50","6350.50"
"Mon Feb 10 2025 12:35:00 GMT+0530 (India Standard Time)","6350.50","6358.10","6350.45","6357.00"
"Mon Feb 10 2025 12:40:00 GMT+0530 (India Standard Time)","6357.00","6358.90","6351.00","6355.00"
"Mon Feb 10 2025 12:45:00 GMT+0530 (India Standard Time)","6355.00","6362.05","6353.55","6360.00"
"Mon Feb 10 2025 12:50:00 GMT+0530 (India Standard Time)","6360.00","6362.05","6347.05","6347.05"
"Mon Feb 10 2025 12:55:00 GMT+0530 (India Standard Time)","6347.05","6351.00","6347.00","6350.00"
"Mon Feb 10 2025 13:00:00 GMT+0530 (India Standard Time)","6350.00","6350.50","6347.10","6347.10"
"Mon Feb 10 2025 13:05:00 GMT+0530 (India Standard Time)","6347.10","6347.15","6347.00","6347.05"
"Mon Feb 10 2025 13:10:00 GMT+0530 (India Standard Time)","6347.05","6350.05","6347.00","6347.65"
"Mon Feb 10 2025 13:15:00 GMT+0530 (India Standard Time)","6347.65","6350.35","6347.05","6349.90"
"Mon Feb 10 2025 13:20:00 GMT+0530 (India Standard Time)","6349.90","6350.35","6348.00","6349.25"
"Mon Feb 10 2025 13:25:00 GMT+0530 (India Standard Time)","6349.25","6354.40","6348.00","6354.25"
"Mon Feb 10 2025 13:30:00 GMT+0530 (India Standard Time)","6351.30","6354.35","6351.00","6354.20"
"Mon Feb 10 2025 13:35:00 GMT+0530 (India Standard Time)","6352.95","6355.00","6351.65","6354.60"
"Mon Feb 10 2025 13:40:00 GMT+0530 (India Standard Time)","6354.60","6363.60","6351.60","6363.60"
"Mon Feb 10 2025 13:45:00 GMT+0530 (India Standard Time)","6363.60","6365.00","6362.00","6364.65"
"Mon Feb 10 2025 13:50:00 GMT+0530 (India Standard Time)","6364.65","6375.00","6362.00","6375.00"
"Mon Feb 10 2025 13:55:00 GMT+0530 (India Standard Time)","6378.50","6379.00","6365.00","6367.20"
"Mon Feb 10 2025 14:00:00 GMT+0530 (India Standard Time)","6367.20","6367.20","6351.00","6351.30"
"Mon Feb 10 2025 14:05:00 GMT+0530 (India Standard Time)","6351.30","6356.00","6351.00","6352.00"
"Mon Feb 10 2025 14:10:00 GMT+0530 (India Standard Time)","6352.00","6362.80","6352.00","6353.00"
"Mon Feb 10 2025 14:15:00 GMT+0530 (India Standard Time)","6353.00","6357.85","6353.00","6357.30"
"Mon Feb 10 2025 14:20:00 GMT+0530 (India Standard Time)","6357.30","6357.30","6351.10","6354.25"
"Mon Feb 10 2025 14:25:00 GMT+0530 (India Standard Time)","6354.25","6354.25","6350.50","6352.45"
"Mon Feb 10 2025 14:30:00 GMT+0530 (India Standard Time)","6352.45","6376.75","6350.60","6365.00"
"Mon Feb 10 2025 14:35:00 GMT+0530 (India Standard Time)","6365.00","6375.00","6365.00","6371.80"
"Mon Feb 10 2025 14:40:00 GMT+0530 (India Standard Time)","6371.80","6386.50","6371.80","6384.00"
"Mon Feb 10 2025 14:45:00 GMT+0530 (India Standard Time)","6384.00","6385.00","6376.90","6378.10"
"Mon Feb 10 2025 14:50:00 GMT+0530 (India Standard Time)","6377.35","6389.00","6376.50","6388.00"
"Mon Feb 10 2025 14:55:00 GMT+0530 (India Standard Time)","6384.20","6389.75","6382.50","6387.25"
"Mon Feb 10 2025 15:00:00 GMT+0530 (India Standard Time)","6389.00","6389.00","6375.50","6381.00"
"Mon Feb 10 2025 15:05:00 GMT+0530 (India Standard Time)","6381.00","6381.40","6368.15","6370.80"
"Mon Feb 10 2025 15:10:00 GMT+0530 (India Standard Time)","6371.30","6380.00","6370.00","6372.00"
"Mon Feb 10 2025 15:15:00 GMT+0530 (India Standard Time)","6372.20","6381.95","6372.00","6376.60"
"Mon Feb 10 2025 15:20:00 GMT+0530 (India Standard Time)","6376.60","6383.00","6372.90","6380.65"
"Mon Feb 10 2025 15:25:00 GMT+0530 (India Standard Time)","6378.00","6383.00","6375.10","6375.50"
"Tue Feb 11 2025 09:15:00 GMT+0530 (India Standard Time)","6399.95","6399.95","6345.00","6347.00"
"Tue Feb 11 2025 09:20:00 GMT+0530 (India Standard Time)","6341.10","6344.60","6322.20","6326.30"
"Tue Feb 11 2025 09:25:00 GMT+0530 (India Standard Time)","6326.30","6329.75","6310.55","6317.10"
"Tue Feb 11 2025 09:30:00 GMT+0530 (India Standard Time)","6317.10","6320.65","6295.15","6300.00"
"Tue Feb 11 2025 09:35:00 GMT+0530 (India Standard Time)","6300.00","6341.45","6300.00","6335.10"
"Tue Feb 11 2025 09:40:00 GMT+0530 (India Standard Time)","6330.60","6337.25","6310.75","6329.40"
"Tue Feb 11 2025 09:45:00 GMT+0530 (India Standard Time)","6329.40","6333.40","6310.00","6310.00"
"Tue Feb 11 2025 09:50:00 GMT+0530 (India Standard Time)","6310.00","6320.75","6305.50","6309.20"
"Tue Feb 11 2025 09:55:00 GMT+0530 (India Standard Time)","6309.20","6312.55","6301.80","6305.00"
"Tue Feb 11 2025 10:00:00 GMT+0530 (India Standard Time)","6305.00","6311.75","6277.00","6280.85"
"Tue Feb 11 2025 10:05:00 GMT+0530 (India Standard Time)","6279.85","6292.30","6275.00","6282.50"
"Tue Feb 11 2025 10:10:00 GMT+0530 (India Standard Time)","6282.50","6285.20","6275.00","6281.55"
"Tue Feb 11 2025 10:15:00 GMT+0530 (India Standard Time)","6280.15","6287.95","6275.65","6280.70"
"Tue Feb 11 2025 10:20:00 GMT+0530 (India Standard Time)","6280.70","6288.05","6275.55","6284.00"
"Tue Feb 11 2025 10:25:00 GMT+0530 (India Standard Time)","6284.00","6304.10","6281.15","6304.10"
"Tue Feb 11 2025 10:30:00 GMT+0530 (India Standard Time)","6304.45","6305.95","6290.00","6291.50"
"Tue Feb 11 2025 10:35:00 GMT+0530 (India Standard Time)","6291.50","6296.60","6287.00","6294.95"
"Tue Feb 11 2025 10:40:00 GMT+0530 (India Standard Time)","6294.95","6303.00","6292.60","6299.95"
"Tue Feb 11 2025 10:45:00 GMT+0530 (India Standard Time)","6299.95","6299.95","6264.20","6275.05"
"Tue Feb 11 2025 10:50:00 GMT+0530 (India Standard Time)","6275.05","6285.00","6270.00","6275.15"
"Tue Feb 11 2025 10:55:00 GMT+0530 (India Standard Time)","6275.15","6279.10","6265.00","6265.00"
"Tue Feb 11 2025 11:00:00 GMT+0530 (India Standard Time)","6265.00","6267.70","6238.00","6241.05"
"Tue Feb 11 2025 11:05:00 GMT+0530 (India Standard Time)","6241.05","6261.50","6241.05","6256.05"
"Tue Feb 11 2025 11:10:00 GMT+0530 (India Standard Time)","6256.05","6265.15","6254.10","6262.90"
"Tue Feb 11 2025 11:15:00 GMT+0530 (India Standard Time)","6262.90","6283.55","6262.90","6277.95"
"Tue Feb 11 2025 11:20:00 GMT+0530 (India Standard Time)","6277.95","6281.00","6267.20","6267.20"
"Tue Feb 11 2025 11:25:00 GMT+0530 (India Standard Time)","6267.20","6269.85","6259.00","6266.00"
"Tue Feb 11 2025 11:30:00 GMT+0530 (India Standard Time)","6266.00","6266.00","6243.90","6245.45"
"Tue Feb 11 2025 11:35:00 GMT+0530 (India Standard Time)","6245.45","6260.75","6238.00","6249.00"
"Tue Feb 11 2025 11:40:00 GMT+0530 (India Standard Time)","6249.00","6264.85","6244.40","6254.70"
"Tue Feb 11 2025 11:45:00 GMT+0530 (India Standard Time)","6254.70","6261.70","6250.50","6254.95"
"Tue Feb 11 2025 11:50:00 GMT+0530 (India Standard Time)","6254.95","6259.00","6250.00","6251.60"
"Tue Feb 11 2025 11:55:00 GMT+0530 (India Standard Time)","6251.60","6251.60","6231.30","6231.80"
"Tue Feb 11 2025 12:00:00 GMT+0530 (India Standard Time)","6231.80","6240.00","6230.50","6240.00"
"Tue Feb 11 2025 12:05:00 GMT+0530 (India Standard Time)","6240.00","6242.00","6224.00","6224.00"
"Tue Feb 11 2025 12:10:00 GMT+0530 (India Standard Time)","6224.00","6250.00","6216.40","6235.30"
"Tue Feb 11 2025 12:15:00 GMT+0530 (India Standard Time)","6235.30","6239.10","6224.10","6227.20"
"Tue Feb 11 2025 12:20:00 GMT+0530 (India Standard Time)","6227.20","6232.90","6220.10","6221.80"
"Tue Feb 11 2025 12:25:00 GMT+0530 (India Standard Time)","6220.15","6236.00","6216.45","6235.00"
"Tue Feb 11 2025 12:30:00 GMT+0530 (India Standard Time)","6235.00","6242.15","6232.50","6239.60"
"Tue Feb 11 2025 12:35:00 GMT+0530 (India Standard Time)","6239.60","6249.90","6232.90","6235.45"
"Tue Feb 11 2025 12:40:00 GMT+0530 (India Standard Time)","6235.45","6240.00","6235.25","6238.20"
"Tue Feb 11 2025 12:45:00 GMT+0530 (India Standard Time)","6238.20","6238.20","6211.05","6213.30"
"Tue Feb 11 2025 12:50:00 GMT+0530 (India Standard Time)","6213.30","6215.90","6205.05","6213.75"
"Tue Feb 11 2025 12:55:00 GMT+0530 (India Standard Time)","6213.75","6220.10","6210.55","6214.80"
"Tue Feb 11 2025 13:00:00 GMT+0530 (India Standard Time)","6211.50","6213.80","6189.10","6189.10"
"Tue Feb 11 2025 13:05:00 GMT+0530 (India Standard Time)","6189.10","6199.45","6188.35","6191.15"
"Tue Feb 11 2025 13:10:00 GMT+0530 (India Standard Time)","6191.15","6193.85","6165.05","6165.05"
"Tue Feb 11 2025 13:15:00 GMT+0530 (India Standard Time)","6165.05","6193.95","6162.05","6185.30"
"Tue Feb 11 2025 13:20:00 GMT+0530 (India Standard Time)","6184.60","6192.35","6177.65","6178.25"
"Tue Feb 11 2025 13:25:00 GMT+0530 (India Standard Time)","6175.80","6180.00","6170.15","6172.90"
"Tue Feb 11 2025 13:30:00 GMT+0530 (India Standard Time)","6172.90","6178.10","6166.00","6168.55"
"Tue Feb 11 2025 13:35:00 GMT+0530 (India Standard Time)","6168.45","6180.00","6165.00","6177.55"
"Tue Feb 11 2025 13:40:00 GMT+0530 (India Standard Time)","6177.55","6187.80","6168.00","6178.45"
"Tue Feb 11 2025 13:45:00 GMT+0530 (India Standard Time)","6178.45","6184.75","6167.50","6175.60"
"Tue Feb 11 2025 13:50:00 GMT+0530 (India Standard Time)","6175.60","6177.90","6155.05","6165.00"
"Tue Feb 11 2025 13:55:00 GMT+0530 (India Standard Time)","6165.00","6169.60","6151.20","6168.30"
"Tue Feb 11 2025 14:00:00 GMT+0530 (India Standard Time)","6168.30","6168.30","6151.00","6154.70"
"Tue Feb 11 2025 14:05:00 GMT+0530 (India Standard Time)","6154.70","6157.40","6146.00","6157.40"
"Tue Feb 11 2025 14:10:00 GMT+0530 (India Standard Time)","6157.40","6167.00","6151.75","6166.30"
"Tue Feb 11 2025 14:15:00 GMT+0530 (India Standard Time)","6166.30","6169.75","6146.00","6154.90"
"Tue Feb 11 2025 14:20:00 GMT+0530 (India Standard Time)","6154.90","6155.90","6144.25","6152.10"
"Tue Feb 11 2025 14:25:00 GMT+0530 (India Standard Time)","6152.10","6155.40","6130.00","6130.00"
"Tue Feb 11 2025 14:30:00 GMT+0530 (India Standard Time)","6130.00","6139.90","6117.80","6139.90"
"Tue Feb 11 2025 14:35:00 GMT+0530 (India Standard Time)","6139.90","6140.00","6110.75","6112.75"
"Tue Feb 11 2025 14:40:00 GMT+0530 (India Standard Time)","6116.00","6125.95","6109.80","6124.45"
"Tue Feb 11 2025 14:45:00 GMT+0530 (India Standard Time)","6124.45","6149.15","6123.00","6142.05"
"Tue Feb 11 2025 14:50:00 GMT+0530 (India Standard Time)","6142.05","6159.95","6142.05","6159.00"
"Tue Feb 11 2025 14:55:00 GMT+0530 (India Standard Time)","6159.00","6160.00","6130.55","6144.45"
"Tue Feb 11 2025 15:00:00 GMT+0530 (India Standard Time)","6145.00","6149.45","6136.35","6138.70"
"Tue Feb 11 2025 15:05:00 GMT+0530 (India Standard Time)","6136.60","6139.40","6125.00","6129.75"
"Tue Feb 11 2025 15:10:00 GMT+0530 (India Standard Time)","6129.90","6133.95","6110.05","6113.05"
"Tue Feb 11 2025 15:15:00 GMT+0530 (India Standard Time)","6109.20","6117.90","6108.00","6112.35"
"Tue Feb 11 2025 15:20:00 GMT+0530 (India Standard Time)","6112.60","6115.00","6100.00","6114.05"
"Tue Feb 11 2025 15:25:00 GMT+0530 (India Standard Time)","6111.60","6116.00","6107.40","6115.00"
"Wed Feb 12 2025 09:15:00 GMT+0530 (India Standard Time)","6110.00","6167.15","6088.50","6110.85"
"Wed Feb 12 2025 09:20:00 GMT+0530 (India Standard Time)","6105.95","6153.75","6092.30","6095.00"
"Wed Feb 12 2025 09:25:00 GMT+0530 (India Standard Time)","6095.00","6104.95","6071.20","6085.05"
"Wed Feb 12 2025 09:30:00 GMT+0530 (India Standard Time)","6087.75","6094.25","6062.60","6092.00"
"Wed Feb 12 2025 09:35:00 GMT+0530 (India Standard Time)","6090.00","6097.90","6076.10","6080.20"
"Wed Feb 12 2025 09:40:00 GMT+0530 (India Standard Time)","6080.20","6102.80","6062.15","6087.65"
"Wed Feb 12 2025 09:45:00 GMT+0530 (India Standard Time)","6087.65","6093.95","6055.20","6062.95"
"Wed Feb 12 2025 09:50:00 GMT+0530 (India Standard Time)","6062.95","6089.70","6062.95","6082.00"
"Wed Feb 12 2025 09:55:00 GMT+0530 (India Standard Time)","6082.00","6096.95","6071.40","6073.05"
"Wed Feb 12 2025 10:00:00 GMT+0530 (India Standard Time)","6073.05","6091.75","6060.95","6081.30"
"Wed Feb 12 2025 10:05:00 GMT+0530 (India Standard Time)","6081.30","6098.00","6070.80","6088.60"
"Wed Feb 12 2025 10:10:00 GMT+0530 (India Standard Time)","6086.00","6097.50","6053.05","6053.05"
"Wed Feb 12 2025 10:15:00 GMT+0530 (India Standard Time)","6053.95","6084.30","6032.50","6074.85"
"Wed Feb 12 2025 10:20:00 GMT+0530 (India Standard Time)","6074.85","6075.00","6060.65","6074.10"
"Wed Feb 12 2025 10:25:00 GMT+0530 (India Standard Time)","6074.10","6101.35","6069.00","6087.90"
"Wed Feb 12 2025 10:30:00 GMT+0530 (India Standard Time)","6087.90","6115.00","6072.85","6115.00"
"Wed Feb 12 2025 10:35:00 GMT+0530 (India Standard Time)","6112.85","6138.05","6112.85","6131.70"
"Wed Feb 12 2025 10:40:00 GMT+0530 (India Standard Time)","6131.70","6134.00","6111.75","6120.00"
"Wed Feb 12 2025 10:45:00 GMT+0530 (India Standard Time)","6120.00","6149.20","6118.00","6136.90"
"Wed Feb 12 2025 10:50:00 GMT+0530 (India Standard Time)","6145.75","6150.00","6138.05","6139.80"
"Wed Feb 12 2025 10:55:00 GMT+0530 (India Standard Time)","6139.80","6143.70","6135.35","6136.90"
"Wed Feb 12 2025 11:00:00 GMT+0530 (India Standard Time)","6136.90","6140.35","6101.00","6111.45"
"Wed Feb 12 2025 11:05:00 GMT+0530 (India Standard Time)","6112.80","6144.95","6095.60","6139.45"
"Wed Feb 12 2025 11:10:00 GMT+0530 (India Standard Time)","6139.45","6156.75","6136.85","6152.75"
"Wed Feb 12 2025 11:15:00 GMT+0530 (India Standard Time)","6152.50","6162.00","6147.55","6157.85"
"Wed Feb 12 2025 11:20:00 GMT+0530 (India Standard Time)","6157.85","6163.60","6149.10","6163.60"
"Wed Feb 12 2025 11:25:00 GMT+0530 (India Standard Time)","6163.60","6165.00","6137.70","6143.70"
"Wed Feb 12 2025 11:30:00 GMT+0530 (India Standard Time)","6143.70","6148.00","6137.70","6140.60"
"Wed Feb 12 2025 11:35:00 GMT+0530 (India Standard Time)","6140.60","6140.60","6111.70","6123.35"
"Wed Feb 12 2025 11:40:00 GMT+0530 (India Standard Time)","6123.35","6155.95","6123.35","6153.00"
"Wed Feb 12 2025 11:45:00 GMT+0530 (India Standard Time)","6153.00","6168.70","6150.25","6158.65"
"Wed Feb 12 2025 11:50:00 GMT+0530 (India Standard Time)","6158.65","6158.65","6135.00","6154.00"
"Wed Feb 12 2025 11:55:00 GMT+0530 (India Standard Time)","6154.00","6170.00","6152.00","6162.15"
"Wed Feb 12 2025 12:00:00 GMT+0530 (India Standard Time)","6162.15","6169.80","6160.70","6166.15"
"Wed Feb 12 2025 12:05:00 GMT+0530 (India Standard Time)","6166.15","6169.75","6146.20","6153.95"
"Wed Feb 12 2025 12:10:00 GMT+0530 (India Standard Time)","6153.95","6158.30","6130.00","6138.45"
"Wed Feb 12 2025 12:15:00 GMT+0530 (India Standard Time)","6137.00","6148.00","6130.00","6141.35"
"Wed Feb 12 2025 12:20:00 GMT+0530 (India Standard Time)","6141.35","6151.60","6133.65","6133.65"
"Wed Feb 12 2025 12:25:00 GMT+0530 (India Standard Time)","6133.65","6150.25","6125.65","6129.90"
"Wed Feb 12 2025 12:30:00 GMT+0530 (India Standard Time)","6129.90","6161.10","6129.90","6161.10"
"Wed Feb 12 2025 12:35:00 GMT+0530 (India Standard Time)","6158.85","6158.85","6136.85","6136.85"
"Wed Feb 12 2025 12:40:00 GMT+0530 (India Standard Time)","6136.85","6154.00","6130.00","6141.85"
"Wed Feb 12 2025 12:45:00 GMT+0530 (India Standard Time)","6143.90","6170.00","6142.10","6161.35"
"Wed Feb 12 2025 12:50:00 GMT+0530 (India Standard Time)","6161.35","6166.90","6140.15","6144.60"
"Wed Feb 12 2025 12:55:00 GMT+0530 (India Standard Time)","6144.60","6149.25","6131.15","6134.60"
"Wed Feb 12 2025 13:00:00 GMT+0530 (India Standard Time)","6131.05","6147.95","6127.55","6135.00"
"Wed Feb 12 2025 13:05:00 GMT+0530 (India Standard Time)","6135.00","6149.80","6131.40","6141.30"
"Wed Feb 12 2025 13:10:00 GMT+0530 (India Standard Time)","6141.30","6161.35","6141.30","6156.75"
"Wed Feb 12 2025 13:15:00 GMT+0530 (India Standard Time)","6156.75","6159.45","6142.10","6155.55"
"Wed Feb 12 2025 13:20:00 GMT+0530 (India Standard Time)","6155.55","6156.00","6141.85","6152.70"
"Wed Feb 12 2025 13:25:00 GMT+0530 (India Standard Time)","6152.70","6166.55","6150.00","6154.70"
"Wed Feb 12 2025 13:30:00 GMT+0530 (India Standard Time)","6154.40","6160.85","6151.45","6155.80"
"Wed Feb 12 2025 13:35:00 GMT+0530 (India Standard Time)","6155.80","6158.10","6151.10","6152.20"
"Wed Feb 12 2025 13:40:00 GMT+0530 (India Standard Time)","6152.20","6152.60","6132.50","6148.05"
"Wed Feb 12 2025 13:45:00 GMT+0530 (India Standard Time)","6148.05","6148.90","6130.20","6130.20"
"Wed Feb 12 2025 13:50:00 GMT+0530 (India Standard Time)","6130.20","6137.85","6130.10","6134.00"
"Wed Feb 12 2025 13:55:00 GMT+0530 (India Standard Time)","6134.00","6138.95","6125.00","6128.55"
"Wed Feb 12 2025 14:00:00 GMT+0530 (India Standard Time)","6128.55","6136.10","6124.30","6136.10"
"Wed Feb 12 2025 14:05:00 GMT+0530 (India Standard Time)","6136.10","6146.05","6122.60","6127.75"
"Wed Feb 12 2025 14:10:00 GMT+0530 (India Standard Time)","6127.75","6136.10","6125.10","6136.00"
"Wed Feb 12 2025 14:15:00 GMT+0530 (India Standard Time)","6140.20","6140.20","6131.10","6134.10"
"Wed Feb 12 2025 14:20:00 GMT+0530 (India Standard Time)","6134.10","6136.70","6120.10","6126.70"
"Wed Feb 12 2025 14:25:00 GMT+0530 (India Standard Time)","6126.70","6131.45","6120.15","6130.05"
"Wed Feb 12 2025 14:30:00 GMT+0530 (India Standard Time)","6130.05","6131.05","6116.00","6123.90"
"Wed Feb 12 2025 14:35:00 GMT+0530 (India Standard Time)","6123.90","6125.00","6110.00","6120.30"
"Wed Feb 12 2025 14:40:00 GMT+0530 (India Standard Time)","6120.30","6142.30","6117.45","6130.85"
"Wed Feb 12 2025 14:45:00 GMT+0530 (India Standard Time)","6130.85","6137.45","6127.45","6128.50"
"Wed Feb 12 2025 14:50:00 GMT+0530 (India Standard Time)","6128.50","6138.00","6128.50","6132.90"
"Wed Feb 12 2025 14:55:00 GMT+0530 (India Standard Time)","6132.70","6137.55","6130.00","6134.20"
"Wed Feb 12 2025 15:00:00 GMT+0530 (India Standard Time)","6134.20","6148.00","6132.00","6148.00"
"Wed Feb 12 2025 15:05:00 GMT+0530 (India Standard Time)","6148.00","6165.00","6148.00","6153.95"
"Wed Feb 12 2025 15:10:00 GMT+0530 (India Standard Time)","6153.95","6165.00","6152.10","6153.85"
"Wed Feb 12 2025 15:15:00 GMT+0530 (India Standard Time)","6155.65","6160.70","6151.05","6156.00"
"Wed Feb 12 2025 15:20:00 GMT+0530 (India Standard Time)","6156.00","6162.70","6142.80","6147.90"
"Wed Feb 12 2025 15:25:00 GMT+0530 (India Standard Time)","6147.25","6164.50","6140.00","6164.50"
"Thu Feb 13 2025 09:15:00 GMT+0530 (India Standard Time)","6199.95","6199.95","6142.30","6147.65"
"Thu Feb 13 2025 09:20:00 GMT+0530 (India Standard Time)","6147.65","6152.90","6111.15","6115.60"
"Thu Feb 13 2025 09:25:00 GMT+0530 (India Standard Time)","6115.60","6123.55","6082.00","6093.40"
"Thu Feb 13 2025 09:30:00 GMT+0530 (India Standard Time)","6093.40","6121.00","6090.05","6119.55"
"Thu Feb 13 2025 09:35:00 GMT+0530 (India Standard Time)","6123.25","6129.30","6109.00","6110.00"
"Thu Feb 13 2025 09:40:00 GMT+0530 (India Standard Time)","6110.00","6135.00","6109.80","6135.00"
"Thu Feb 13 2025 09:45:00 GMT+0530 (India Standard Time)","6137.00","6164.75","6136.85","6160.95"
"Thu Feb 13 2025 09:50:00 GMT+0530 (India Standard Time)","6160.95","6184.00","6154.70","6180.00"
"Thu Feb 13 2025 09:55:00 GMT+0530 (India Standard Time)","6180.00","6181.30","6169.00","6171.15"
"Thu Feb 13 2025 10:00:00 GMT+0530 (India Standard Time)","6171.15","6175.70","6164.95","6170.55"
"Thu Feb 13 2025 10:05:00 GMT+0530 (India Standard Time)","6170.55","6177.00","6160.10","6161.20"
"Thu Feb 13 2025 10:10:00 GMT+0530 (India Standard Time)","6161.20","6168.55","6157.15","6163.10"
"Thu Feb 13 2025 10:15:00 GMT+0530 (India Standard Time)","6163.10","6168.10","6158.50","6158.50"
"Thu Feb 13 2025 10:20:00 GMT+0530 (India Standard Time)","6158.50","6158.80","6135.75","6141.20"
"Thu Feb 13 2025 10:25:00 GMT+0530 (India Standard Time)","6141.00","6146.45","6139.65","6144.00"
"Thu Feb 13 2025 10:30:00 GMT+0530 (India Standard Time)","6144.00","6155.95","6139.15","6153.80"
"Thu Feb 13 2025 10:35:00 GMT+0530 (India Standard Time)","6153.80","6164.50","6153.80","6161.25"
"Thu Feb 13 2025 10:40:00 GMT+0530 (India Standard Time)","6161.25","6175.00","6161.25","6175.00"
"Thu Feb 13 2025 10:45:00 GMT+0530 (India Standard Time)","6175.00","6177.20","6172.50","6174.50"
"Thu Feb 13 2025 10:50:00 GMT+0530 (India Standard Time)","6174.50","6174.50","6157.40","6157.95"
"Thu Feb 13 2025 10:55:00 GMT+0530 (India Standard Time)","6157.95","6158.80","6151.20","6153.75"
"Thu Feb 13 2025 11:00:00 GMT+0530 (India Standard Time)","6153.75","6161.20","6150.80","6153.60"
"Thu Feb 13 2025 11:05:00 GMT+0530 (India Standard Time)","6154.70","6169.00","6129.30","6141.35"
"Thu Feb 13 2025 11:10:00 GMT+0530 (India Standard Time)","6141.35","6156.95","6139.45","6144.95"
"Thu Feb 13 2025 11:15:00 GMT+0530 (India Standard Time)","6144.95","6145.00","6138.85","6144.00"
"Thu Feb 13 2025 11:20:00 GMT+0530 (India Standard Time)","6144.00","6145.00","6130.05","6145.00"
"Thu Feb 13 2025 11:25:00 GMT+0530 (India Standard Time)","6143.80","6145.00","6140.00","6140.80"
"Thu Feb 13 2025 11:30:00 GMT+0530 (India Standard Time)","6140.80","6145.45","6140.20","6145.45"
"Thu Feb 13 2025 11:35:00 GMT+0530 (India Standard Time)","6143.35","6146.80","6140.00","6146.80"
"Thu Feb 13 2025 11:40:00 GMT+0530 (India Standard Time)","6146.80","6146.80","6140.50","6146.60"
"Thu Feb 13 2025 11:45:00 GMT+0530 (India Standard Time)","6146.60","6156.00","6145.10","6152.05"
"Thu Feb 13 2025 11:50:00 GMT+0530 (India Standard Time)","6152.05","6174.15","6151.75","6162.60"
"Thu Feb 13 2025 11:55:00 GMT+0530 (India Standard Time)","6165.20","6165.85","6161.65","6163.25"
"Thu Feb 13 2025 12:00:00 GMT+0530 (India Standard Time)","6163.25","6163.25","6158.20","6159.50"
"Thu Feb 13 2025 12:05:00 GMT+0530 (India Standard Time)","6161.50","6161.50","6151.90","6151.90"
"Thu Feb 13 2025 12:10:00 GMT+0530 (India Standard Time)","6151.90","6151.90","6140.00","6140.10"
"Thu Feb 13 2025 12:15:00 GMT+0530 (India Standard Time)","6140.00","6143.25","6140.00","6143.25"
"Thu Feb 13 2025 12:20:00 GMT+0530 (India Standard Time)","6143.25","6143.25","6131.05","6135.00"
"Thu Feb 13 2025 12:25:00 GMT+0530 (India Standard Time)","6135.00","6154.90","6135.00","6154.90"
"Thu Feb 13 2025 12:30:00 GMT+0530 (India Standard Time)","6154.45","6156.85","6149.65","6152.10"
"Thu Feb 13 2025 12:35:00 GMT+0530 (India Standard Time)","6152.10","6152.10","6150.00","6150.30"
"Thu Feb 13 2025 12:40:00 GMT+0530 (India Standard Time)","6150.30","6151.85","6149.50","6151.45"
"Thu Feb 13 2025 12:45:00 GMT+0530 (India Standard Time)","6151.45","6153.70","6150.05","6153.70"
"Thu Feb 13 2025 12:50:00 GMT+0530 (India Standard Time)","6153.70","6153.70","6149.55","6152.40"
"Thu Feb 13 2025 12:55:00 GMT+0530 (India Standard Time)","6152.40","6153.00","6150.00","6152.90"
"Thu Feb 13 2025 13:00:00 GMT+0530 (India Standard Time)","6152.90","6153.00","6149.05","6150.00"
"Thu Feb 13 2025 13:05:00 GMT+0530 (India Standard Time)","6150.00","6150.10","6149.05","6150.00"
"Thu Feb 13 2025 13:10:00 GMT+0530 (India Standard Time)","6150.00","6150.45","6149.35","6149.35"
"Thu Feb 13 2025 13:15:00 GMT+0530 (India Standard Time)","6147.65","6156.40","6147.65","6150.75"
"Thu Feb 13 2025 13:20:00 GMT+0530 (India Standard Time)","6150.75","6156.40","6150.00","6151.00"
"Thu Feb 13 2025 13:25:00 GMT+0530 (India Standard Time)","6151.00","6154.45","6151.00","6152.00"
"Thu Feb 13 2025 13:30:00 GMT+0530 (India Standard Time)","6152.00","6152.00","6149.20","6150.00"
"Thu Feb 13 2025 13:35:00 GMT+0530 (India Standard Time)","6150.00","6150.50","6142.10","6150.00"
"Thu Feb 13 2025 13:40:00 GMT+0530 (India Standard Time)","6150.00","6150.00","6137.00","6145.15"
"Thu Feb 13 2025 13:45:00 GMT+0530 (India Standard Time)","6145.15","6145.55","6130.00","6130.00"
"Thu Feb 13 2025 13:50:00 GMT+0530 (India Standard Time)","6130.00","6133.55","6107.00","6107.85"
"Thu Feb 13 2025 13:55:00 GMT+0530 (India Standard Time)","6107.85","6121.80","6106.10","6114.20"
"Thu Feb 13 2025 14:00:00 GMT+0530 (India Standard Time)","6114.20","6121.80","6110.20","6120.55"
"Thu Feb 13 2025 14:05:00 GMT+0530 (India Standard Time)","6120.55","6125.20","6104.75","6105.30"
"Thu Feb 13 2025 14:10:00 GMT+0530 (India Standard Time)","6103.30","6145.65","6103.00","6140.00"
"Thu Feb 13 2025 14:15:00 GMT+0530 (India Standard Time)","6145.00","6149.75","6140.00","6147.90"
"Thu Feb 13 2025 14:20:00 GMT+0530 (India Standard Time)","6147.90","6147.90","6122.00","6127.00"
"Thu Feb 13 2025 14:25:00 GMT+0530 (India Standard Time)","6127.00","6127.00","6118.25","6120.05"
"Thu Feb 13 2025 14:30:00 GMT+0530 (India Standard Time)","6120.05","6124.20","6111.40","6116.30"
"Thu Feb 13 2025 14:35:00 GMT+0530 (India Standard Time)","6116.30","6118.10","6108.00","6115.55"
"Thu Feb 13 2025 14:40:00 GMT+0530 (India Standard Time)","6115.55","6119.45","6106.70","6110.25"
"Thu Feb 13 2025 14:45:00 GMT+0530 (India Standard Time)","6110.25","6125.00","6106.30","6125.00"
"Thu Feb 13 2025 14:50:00 GMT+0530 (India Standard Time)","6125.00","6148.15","6119.50","6145.80"
"Thu Feb 13 2025 14:55:00 GMT+0530 (India Standard Time)","6149.80","6151.65","6140.00","6144.45"
"Thu Feb 13 2025 15:00:00 GMT+0530 (India Standard Time)","6143.50","6156.50","6140.00","6142.80"
"Thu Feb 13 2025 15:05:00 GMT+0530 (India Standard Time)","6142.80","6154.20","6140.00","6154.20"
"Thu Feb 13 2025 15:10:00 GMT+0530 (India Standard Time)","6162.10","6162.10","6140.00","6140.05"
"Thu Feb 13 2025 15:15:00 GMT+0530 (India Standard Time)","6140.05","6144.75","6110.65","6112.35"
"Thu Feb 13 2025 15:20:00 GMT+0530 (India Standard Time)","6112.35","6141.95","6100.00","6125.50"
"Thu Feb 13 2025 15:25:00 GMT+0530 (India Standard Time)","6125.50","6146.60","6125.50","6140.00"
"Fri Feb 14 2025 09:15:00 GMT+0530 (India Standard Time)","6145.05","6186.00","6122.50","6126.85"
"Fri Feb 14 2025 09:20:00 GMT+0530 (India Standard Time)","6126.85","6149.00","6126.35","6144.20"
"Fri Feb 14 2025 09:25:00 GMT+0530 (India Standard Time)","6139.20","6139.20","6105.00","6107.95"
"Fri Feb 14 2025 09:30:00 GMT+0530 (India Standard Time)","6107.95","6118.00","6105.00","6112.75"
"Fri Feb 14 2025 09:35:00 GMT+0530 (India Standard Time)","6112.45","6138.00","6106.00","6136.75"
"Fri Feb 14 2025 09:40:00 GMT+0530 (India Standard Time)","6132.00","6137.95","6118.00","6118.35"
"Fri Feb 14 2025 09:45:00 GMT+0530 (India Standard Time)","6121.30","6128.85","6111.60","6126.30"
"Fri Feb 14 2025 09:50:00 GMT+0530 (India Standard Time)","6126.30","6136.00","6111.20","6114.40"
"Fri Feb 14 2025 09:55:00 GMT+0530 (India Standard Time)","6114.40","6135.00","6111.00","6127.55"
"Fri Feb 14 2025 10:00:00 GMT+0530 (India Standard Time)","6127.55","6131.70","6113.55","6119.40"
"Fri Feb 14 2025 10:05:00 GMT+0530 (India Standard Time)","6119.40","6136.00","6119.40","6125.65"
"Fri Feb 14 2025 10:10:00 GMT+0530 (India Standard Time)","6125.65","6129.15","6106.00","6111.35"
"Fri Feb 14 2025 10:15:00 GMT+0530 (India Standard Time)","6111.00","6113.50","6108.05","6109.50"
"Fri Feb 14 2025 10:20:00 GMT+0530 (India Standard Time)","6109.50","6130.10","6109.25","6121.60"
"Fri Feb 14 2025 10:25:00 GMT+0530 (India Standard Time)","6121.60","6129.00","6102.00","6104.15"
"Fri Feb 14 2025 10:30:00 GMT+0530 (India Standard Time)","6104.15","6110.00","6101.05","6110.00"
"Fri Feb 14 2025 10:35:00 GMT+0530 (India Standard Time)","6110.00","6110.00","6091.85","6109.90"
"Fri Feb 14 2025 10:40:00 GMT+0530 (India Standard Time)","6109.90","6113.90","6104.75","6109.45"
"Fri Feb 14 2025 10:45:00 GMT+0530 (India Standard Time)","6109.45","6114.00","6107.00","6110.00"
"Fri Feb 14 2025 10:50:00 GMT+0530 (India Standard Time)","6112.00","6117.00","6108.50","6109.45"
"Fri Feb 14 2025 10:55:00 GMT+0530 (India Standard Time)","6109.45","6114.55","6108.05","6109.75"
"Fri Feb 14 2025 11:00:00 GMT+0530 (India Standard Time)","6110.85","6113.60","6108.00","6109.00"
"Fri Feb 14 2025 11:05:00 GMT+0530 (India Standard Time)","6109.00","6112.15","6081.20","6081.25"
"Fri Feb 14 2025 11:10:00 GMT+0530 (India Standard Time)","6081.25","6116.20","6081.05","6107.55"
"Fri Feb 14 2025 11:15:00 GMT+0530 (India Standard Time)","6107.55","6120.00","6104.80","6115.85"
"Fri Feb 14 2025 11:20:00 GMT+0530 (India Standard Time)","6115.85","6120.00","6105.05","6108.10"
"Fri Feb 14 2025 11:25:00 GMT+0530 (India Standard Time)","6108.10","6117.10","6105.00","6106.65"
"Fri Feb 14 2025 11:30:00 GMT+0530 (India Standard Time)","6106.65","6115.40","6105.00","6109.20"
"Fri Feb 14 2025 11:35:00 GMT+0530 (India Standard Time)","6109.20","6110.00","6104.90","6104.90"
"Fri Feb 14 2025 11:40:00 GMT+0530 (India Standard Time)","6105.00","6110.95","6104.70","6110.00"
"Fri Feb 14 2025 11:45:00 GMT+0530 (India Standard Time)","6110.00","6110.00","6105.05","6106.90"
"Fri Feb 14 2025 11:50:00 GMT+0530 (India Standard Time)","6106.90","6124.00","6105.20","6119.85"
"Fri Feb 14 2025 11:55:00 GMT+0530 (India Standard Time)","6122.00","6134.25","6116.95","6125.60"
"Fri Feb 14 2025 12:00:00 GMT+0530 (India Standard Time)","6125.60","6128.00","6114.00","6114.00"
"Fri Feb 14 2025 12:05:00 GMT+0530 (India Standard Time)","6114.00","6114.65","6105.00","6106.25"
"Fri Feb 14 2025 12:10:00 GMT+0530 (India Standard Time)","6106.25","6123.80","6106.25","6120.05"
"Fri Feb 14 2025 12:15:00 GMT+0530 (India Standard Time)","6120.00","6120.00","6108.80","6111.75"
"Fri Feb 14 2025 12:20:00 GMT+0530 (India Standard Time)","6111.75","6124.00","6110.25","6116.95"
"Fri Feb 14 2025 12:25:00 GMT+0530 (India Standard Time)","6116.95","6131.35","6115.95","6124.00"
"Fri Feb 14 2025 12:30:00 GMT+0530 (India Standard Time)","6124.00","6127.75","6121.00","6122.00"
"Fri Feb 14 2025 12:35:00 GMT+0530 (India Standard Time)","6123.00","6134.90","6120.20","6134.00"
"Fri Feb 14 2025 12:40:00 GMT+0530 (India Standard Time)","6130.65","6133.60","6120.25","6121.05"
"Fri Feb 14 2025 12:45:00 GMT+0530 (India Standard Time)","6118.20","6125.90","6116.20","6124.60"
"Fri Feb 14 2025 12:50:00 GMT+0530 (India Standard Time)","6124.60","6134.00","6124.25","6126.20"
"Fri Feb 14 2025 12:55:00 GMT+0530 (India Standard Time)","6126.20","6130.80","6124.55","6125.00"
"Fri Feb 14 2025 13:00:00 GMT+0530 (India Standard Time)","6125.00","6131.00","6123.55","6125.00"
"Fri Feb 14 2025 13:05:00 GMT+0530 (India Standard Time)","6125.00","6133.95","6123.75","6125.00"
"Fri Feb 14 2025 13:10:00 GMT+0530 (India Standard Time)","6125.00","6133.95","6125.00","6128.00"
"Fri Feb 14 2025 13:15:00 GMT+0530 (India Standard Time)","6128.00","6158.60","6126.60","6152.80"
"Fri Feb 14 2025 13:20:00 GMT+0530 (India Standard Time)","6150.00","6175.00","6150.00","6160.80"
"Fri Feb 14 2025 13:25:00 GMT+0530 (India Standard Time)","6160.80","6173.75","6156.05","6159.60"
"Fri Feb 14 2025 13:30:00 GMT+0530 (India Standard Time)","6159.60","6163.40","6142.95","6149.50"
"Fri Feb 14 2025 13:35:00 GMT+0530 (India Standard Time)","6149.50","6159.55","6139.00","6143.45"
"Fri Feb 14 2025 13:40:00 GMT+0530 (India Standard Time)","6143.45","6148.60","6139.00","6142.55"
"Fri Feb 14 2025 13:45:00 GMT+0530 (India Standard Time)","6141.35","6145.35","6130.00","6130.00"
"Fri Feb 14 2025 13:50:00 GMT+0530 (India Standard Time)","6130.00","6141.65","6126.35","6126.35"
"Fri Feb 14 2025 13:55:00 GMT+0530 (India Standard Time)","6126.35","6134.35","6110.10","6117.65"
"Fri Feb 14 2025 14:00:00 GMT+0530 (India Standard Time)","6115.90","6123.45","6115.30","6115.30"
"Fri Feb 14 2025 14:05:00 GMT+0530 (India Standard Time)","6115.30","6142.45","6115.25","6142.45"
"Fri Feb 14 2025 14:10:00 GMT+0530 (India Standard Time)","6142.10","6143.95","6129.90","6141.25"
"Fri Feb 14 2025 14:15:00 GMT+0530 (India Standard Time)","6141.25","6174.40","6139.00","6174.00"
"Fri Feb 14 2025 14:20:00 GMT+0530 (India Standard Time)","6174.00","6186.00","6169.55","6178.05"
"Fri Feb 14 2025 14:25:00 GMT+0530 (India Standard Time)","6178.75","6178.75","6160.00","6166.75"
"Fri Feb 14 2025 14:30:00 GMT+0530 (India Standard Time)","6166.75","6175.00","6154.55","6175.00"
"Fri Feb 14 2025 14:35:00 GMT+0530 (India Standard Time)","6175.00","6194.70","6168.90","6194.70"
"Fri Feb 14 2025 14:40:00 GMT+0530 (India Standard Time)","6191.00","6225.00","6185.00","6220.00"
"Fri Feb 14 2025 14:45:00 GMT+0530 (India Standard Time)","6220.00","6220.00","6194.75","6194.75"
"Fri Feb 14 2025 14:50:00 GMT+0530 (India Standard Time)","6194.75","6204.90","6193.95","6200.00"
"Fri Feb 14 2025 14:55:00 GMT+0530 (India Standard Time)","6200.00","6200.00","6179.40","6193.95"
"Fri Feb 14 2025 15:00:00 GMT+0530 (India Standard Time)","6194.00","6206.30","6182.00","6182.30"
"Fri Feb 14 2025 15:05:00 GMT+0530 (India Standard Time)","6182.65","6187.70","6176.05","6178.70"
"Fri Feb 14 2025 15:10:00 GMT+0530 (India Standard Time)","6180.60","6188.00","6178.20","6185.00"
"Fri Feb 14 2025 15:15:00 GMT+0530 (India Standard Time)","6185.00","6187.75","6176.05","6182.75"
"Fri Feb 14 2025 15:20:00 GMT+0530 (India Standard Time)","6179.55","6180.95","6168.20","6169.20"
"Fri Feb 14 2025 15:25:00 GMT+0530 (India Standard Time)","6167.90","6172.00","6135.05","6138.80"
"Mon Feb 17 2025 09:15:00 GMT+0530 (India Standard Time)","6156.00","6156.00","6042.85","6134.10"
"Mon Feb 17 2025 09:20:00 GMT+0530 (India Standard Time)","6132.20","6173.10","6125.55","6164.00"
"Mon Feb 17 2025 09:25:00 GMT+0530 (India Standard Time)","6168.00","6176.35","6125.05","6130.00"
"Mon Feb 17 2025 09:30:00 GMT+0530 (India Standard Time)","6133.00","6133.00","6074.05","6093.90"
"Mon Feb 17 2025 09:35:00 GMT+0530 (India Standard Time)","6093.90","6112.50","6084.95","6086.50"
"Mon Feb 17 2025 09:40:00 GMT+0530 (India Standard Time)","6086.50","6130.40","6082.85","6116.50"
"Mon Feb 17 2025 09:45:00 GMT+0530 (India Standard Time)","6116.50","6130.60","6107.00","6112.50"
"Mon Feb 17 2025 09:50:00 GMT+0530 (India Standard Time)","6116.45","6118.90","6065.30","6075.30"
"Mon Feb 17 2025 09:55:00 GMT+0530 (India Standard Time)","6075.30","6116.00","6070.00","6116.00"
"Mon Feb 17 2025 10:00:00 GMT+0530 (India Standard Time)","6116.00","6116.85","6095.00","6097.00"
"Mon Feb 17 2025 10:05:00 GMT+0530 (India Standard Time)","6097.00","6139.00","6096.00","6139.00"
"Mon Feb 17 2025 10:10:00 GMT+0530 (India Standard Time)","6128.60","6130.55","6098.55","6101.25"
"Mon Feb 17 2025 10:15:00 GMT+0530 (India Standard Time)","6101.25","6111.30","6094.55","6109.30"
"Mon Feb 17 2025 10:20:00 GMT+0530 (India Standard Time)","6109.30","6124.75","6101.60","6115.55"
"Mon Feb 17 2025 10:25:00 GMT+0530 (India Standard Time)","6115.55","6117.95","6100.00","6115.75"
"Mon Feb 17 2025 10:30:00 GMT+0530 (India Standard Time)","6115.75","6127.05","6103.40","6108.00"
"Mon Feb 17 2025 10:35:00 GMT+0530 (India Standard Time)","6108.00","6147.90","6108.00","6134.65"
"Mon Feb 17 2025 10:40:00 GMT+0530 (India Standard Time)","6134.65","6143.90","6130.00","6142.00"
"Mon Feb 17 2025 10:45:00 GMT+0530 (India Standard Time)","6142.00","6147.20","6135.45","6137.70"
"Mon Feb 17 2025 10:50:00 GMT+0530 (India Standard Time)","6137.70","6147.20","6135.75","6143.35"
"Mon Feb 17 2025 10:55:00 GMT+0530 (India Standard Time)","6143.35","6143.35","6113.30","6118.95"
"Mon Feb 17 2025 11:00:00 GMT+0530 (India Standard Time)","6118.95","6132.95","6103.60","6109.20"
"Mon Feb 17 2025 11:05:00 GMT+0530 (India Standard Time)","6109.20","6110.80","6095.00","6096.75"
"Mon Feb 17 2025 11:10:00 GMT+0530 (India Standard Time)","6096.75","6101.55","6076.35","6076.35"
"Mon Feb 17 2025 11:15:00 GMT+0530 (India Standard Time)","6076.35","6085.20","6075.15","6077.10"
"Mon Feb 17 2025 11:20:00 GMT+0530 (India Standard Time)","6080.10","6087.00","6074.00","6085.35"
"Mon Feb 17 2025 11:25:00 GMT+0530 (India Standard Time)","6085.35","6092.45","6077.80","6086.65"
"Mon Feb 17 2025 11:30:00 GMT+0530 (India Standard Time)","6086.65","6096.70","6075.10","6090.40"
"Mon Feb 17 2025 11:35:00 GMT+0530 (India Standard Time)","6088.05","6103.95","6083.45","6098.15"
"Mon Feb 17 2025 11:40:00 GMT+0530 (India Standard Time)","6098.15","6110.80","6098.15","6110.80"
"Mon Feb 17 2025 11:45:00 GMT+0530 (India Standard Time)","6110.80","6123.90","6107.55","6119.95"
"Mon Feb 17 2025 11:50:00 GMT+0530 (India Standard Time)","6119.95","6119.95","6110.60","6116.75"
"Mon Feb 17 2025 11:55:00 GMT+0530 (India Standard Time)","6116.75","6130.00","6113.20","6130.00"
"Mon Feb 17 2025 12:00:00 GMT+0530 (India Standard Time)","6130.00","6145.25","6120.00","6122.35"
"Mon Feb 17 2025 12:05:00 GMT+0530 (India Standard Time)","6122.35","6122.80","6115.10","6115.10"
"Mon Feb 17 2025 12:10:00 GMT+0530 (India Standard Time)","6115.10","6120.00","6115.10","6115.15"
"Mon Feb 17 2025 12:15:00 GMT+0530 (India Standard Time)","6115.15","6126.25","6109.30","6116.90"
"Mon Feb 17 2025 12:20:00 GMT+0530 (India Standard Time)","6116.90","6119.60","6111.65","6116.60"
"Mon Feb 17 2025 12:25:00 GMT+0530 (India Standard Time)","6116.60","6128.55","6114.55","6128.45"
"Mon Feb 17 2025 12:30:00 GMT+0530 (India Standard Time)","6122.25","6129.00","6119.45","6123.15"
"Mon Feb 17 2025 12:35:00 GMT+0530 (India Standard Time)","6123.15","6127.40","6118.85","6118.85"
"Mon Feb 17 2025 12:40:00 GMT+0530 (India Standard Time)","6118.85","6134.70","6116.20","6117.60"
"Mon Feb 17 2025 12:45:00 GMT+0530 (India Standard Time)","6117.60","6128.00","6115.00","6117.40"
"Mon Feb 17 2025 12:50:00 GMT+0530 (India Standard Time)","6117.40","6129.95","6117.00","6126.00"
"Mon Feb 17 2025 12:55:00 GMT+0530 (India Standard Time)","6126.00","6131.80","6120.85","6129.55"
"Mon Feb 17 2025 13:00:00 GMT+0530 (India Standard Time)","6129.55","6134.10","6117.45","6117.45"
"Mon Feb 17 2025 13:05:00 GMT+0530 (India Standard Time)","6117.45","6124.85","6116.50","6120.75"
"Mon Feb 17 2025 13:10:00 GMT+0530 (India Standard Time)","6120.75","6128.45","6113.50","6113.50"
"Mon Feb 17 2025 13:15:00 GMT+0530 (India Standard Time)","6113.50","6128.20","6112.25","6116.35"
"Mon Feb 17 2025 13:20:00 GMT+0530 (India Standard Time)","6116.35","6129.25","6116.35","6129.25"
"Mon Feb 17 2025 13:25:00 GMT+0530 (India Standard Time)","6129.25","6129.25","6119.20","6124.85"
"Mon Feb 17 2025 13:30:00 GMT+0530 (India Standard Time)","6123.75","6130.15","6117.60","6130.15"
"Mon Feb 17 2025 13:35:00 GMT+0530 (India Standard Time)","6131.10","6136.00","6119.20","6135.00"
"Mon Feb 17 2025 13:40:00 GMT+0530 (India Standard Time)","6135.00","6156.80","6134.70","6154.35"
"Mon Feb 17 2025 13:45:00 GMT+0530 (India Standard Time)","6154.35","6154.35","6132.00","6141.10"
"Mon Feb 17 2025 13:50:00 GMT+0530 (India Standard Time)","6141.10","6145.50","6121.55","6121.60"
"Mon Feb 17 2025 13:55:00 GMT+0530 (India Standard Time)","6121.60","6125.55","6114.00","6121.55"
"Mon Feb 17 2025 14:00:00 GMT+0530 (India Standard Time)","6121.55","6133.90","6118.50","6122.55"
"Mon Feb 17 2025 14:05:00 GMT+0530 (India Standard Time)","6122.55","6135.00","6116.65","6117.90"
"Mon Feb 17 2025 14:10:00 GMT+0530 (India Standard Time)","6117.90","6124.00","6115.00","6119.55"
"Mon Feb 17 2025 14:15:00 GMT+0530 (India Standard Time)","6119.55","6135.00","6119.50","6135.00"
"Mon Feb 17 2025 14:20:00 GMT+0530 (India Standard Time)","6135.00","6136.60","6121.10","6123.85"
"Mon Feb 17 2025 14:25:00 GMT+0530 (India Standard Time)","6123.85","6132.70","6123.85","6130.65"
"Mon Feb 17 2025 14:30:00 GMT+0530 (India Standard Time)","6130.45","6130.45","6115.00","6118.50"
"Mon Feb 17 2025 14:35:00 GMT+0530 (India Standard Time)","6118.50","6125.90","6115.00","6124.60"
"Mon Feb 17 2025 14:40:00 GMT+0530 (India Standard Time)","6124.05","6132.90","6123.15","6127.90"
"Mon Feb 17 2025 14:45:00 GMT+0530 (India Standard Time)","6127.90","6129.85","6124.85","6128.95"
"Mon Feb 17 2025 14:50:00 GMT+0530 (India Standard Time)","6128.75","6130.00","6120.70","6128.60"
"Mon Feb 17 2025 14:55:00 GMT+0530 (India Standard Time)","6128.60","6142.00","6121.65","6139.00"
"Mon Feb 17 2025 15:00:00 GMT+0530 (India Standard Time)","6139.00","6155.00","6139.00","6153.90"
"Mon Feb 17 2025 15:05:00 GMT+0530 (India Standard Time)","6153.90","6155.00","6145.00","6149.65"
"Mon Feb 17 2025 15:10:00 GMT+0530 (India Standard Time)","6153.55","6154.00","6145.85","6154.00"
"Mon Feb 17 2025 15:15:00 GMT+0530 (India Standard Time)","6154.00","6154.45","6140.10","6143.15"
"Mon Feb 17 2025 15:20:00 GMT+0530 (India Standard Time)","6143.15","6150.00","6139.50","6144.85"
"Mon Feb 17 2025 15:25:00 GMT+0530 (India Standard Time)","6144.85","6148.85","6132.85","6139.95"
"Tue Feb 18 2025 09:15:00 GMT+0530 (India Standard Time)","6146.85","6175.65","6146.10","6151.45"
"Tue Feb 18 2025 09:20:00 GMT+0530 (India Standard Time)","6151.45","6153.95","6115.65","6127.70"
"Tue Feb 18 2025 09:25:00 GMT+0530 (India Standard Time)","6127.70","6130.00","6111.10","6116.25"
"Tue Feb 18 2025 09:30:00 GMT+0530 (India Standard Time)","6118.05","6118.05","6100.85","6108.35"
"Tue Feb 18 2025 09:35:00 GMT+0530 (India Standard Time)","6105.50","6125.55","6101.00","6114.10"
"Tue Feb 18 2025 09:40:00 GMT+0530 (India Standard Time)","6113.55","6129.00","6111.25","6122.05"
"Tue Feb 18 2025 09:45:00 GMT+0530 (India Standard Time)","6121.00","6141.70","6116.30","6133.60"
"Tue Feb 18 2025 09:50:00 GMT+0530 (India Standard Time)","6133.60","6160.00","6133.60","6140.40"
"Tue Feb 18 2025 09:55:00 GMT+0530 (India Standard Time)","6140.40","6157.40","6136.45","6141.50"
"Tue Feb 18 2025 10:00:00 GMT+0530 (India Standard Time)","6140.00","6169.25","6140.00","6162.25"
"Tue Feb 18 2025 10:05:00 GMT+0530 (India Standard Time)","6162.25","6168.00","6130.70","6130.70"
"Tue Feb 18 2025 10:10:00 GMT+0530 (India Standard Time)","6130.70","6154.20","6125.00","6128.15"
"Tue Feb 18 2025 10:15:00 GMT+0530 (India Standard Time)","6127.75","6138.85","6120.15","6125.65"
"Tue Feb 18 2025 10:20:00 GMT+0530 (India Standard Time)","6120.15","6129.20","6116.00","6122.50"
"Tue Feb 18 2025 10:25:00 GMT+0530 (India Standard Time)","6122.50","6125.45","6103.20","6108.00"
"Tue Feb 18 2025 10:30:00 GMT+0530 (India Standard Time)","6108.00","6113.15","6105.75","6109.95"
"Tue Feb 18 2025 10:35:00 GMT+0530 (India Standard Time)","6108.00","6113.65","6102.05","6112.20"
"Tue Feb 18 2025 10:40:00 GMT+0530 (India Standard Time)","6112.20","6115.95","6109.00","6110.10"
"Tue Feb 18 2025 10:45:00 GMT+0530 (India Standard Time)","6110.10","6111.95","6101.00","6101.00"
"Tue Feb 18 2025 10:50:00 GMT+0530 (India Standard Time)","6101.00","6111.35","6100.05","6107.75"
"Tue Feb 18 2025 10:55:00 GMT+0530 (India Standard Time)","6107.75","6118.95","6107.75","6116.30"
"Tue Feb 18 2025 11:00:00 GMT+0530 (India Standard Time)","6116.30","6119.10","6113.90","6116.70"
"Tue Feb 18 2025 11:05:00 GMT+0530 (India Standard Time)","6116.70","6116.70","6105.00","6109.55"
"Tue Feb 18 2025 11:10:00 GMT+0530 (India Standard Time)","6109.55","6110.05","6092.00","6103.25"
"Tue Feb 18 2025 11:15:00 GMT+0530 (India Standard Time)","6103.25","6104.10","6093.20","6098.55"
"Tue Feb 18 2025 11:20:00 GMT+0530 (India Standard Time)","6098.55","6103.85","6092.05","6092.05"
"Tue Feb 18 2025 11:25:00 GMT+0530 (India Standard Time)","6092.05","6095.50","6072.75","6088.95"
"Tue Feb 18 2025 11:30:00 GMT+0530 (India Standard Time)","6088.95","6088.95","6075.00","6080.10"
"Tue Feb 18 2025 11:35:00 GMT+0530 (India Standard Time)","6080.10","6080.70","6053.75","6053.75"
"Tue Feb 18 2025 11:40:00 GMT+0530 (India Standard Time)","6053.75","6088.45","6053.75","6081.70"
"Tue Feb 18 2025 11:45:00 GMT+0530 (India Standard Time)","6081.70","6097.95","6080.00","6095.10"
"Tue Feb 18 2025 11:50:00 GMT+0530 (India Standard Time)","6095.10","6095.10","6088.25","6088.25"
"Tue Feb 18 2025 11:55:00 GMT+0530 (India Standard Time)","6088.25","6088.25","6066.00","6071.65"
"Tue Feb 18 2025 12:00:00 GMT+0530 (India Standard Time)","6071.65","6072.85","6057.10","6060.95"
"Tue Feb 18 2025 12:05:00 GMT+0530 (India Standard Time)","6060.95","6073.95","6058.95","6065.00"
"Tue Feb 18 2025 12:10:00 GMT+0530 (India Standard Time)","6065.00","6084.45","6060.00","6074.85"
"Tue Feb 18 2025 12:15:00 GMT+0530 (India Standard Time)","6074.85","6094.15","6070.60","6094.15"
"Tue Feb 18 2025 12:20:00 GMT+0530 (India Standard Time)","6090.75","6093.85","6082.15","6083.65"
"Tue Feb 18 2025 12:25:00 GMT+0530 (India Standard Time)","6083.65","6099.00","6079.10","6094.30"
"Tue Feb 18 2025 12:30:00 GMT+0530 (India Standard Time)","6095.40","6103.50","6093.30","6097.20"
"Tue Feb 18 2025 12:35:00 GMT+0530 (India Standard Time)","6097.20","6099.95","6082.20","6084.90"
"Tue Feb 18 2025 12:40:00 GMT+0530 (India Standard Time)","6084.90","6090.95","6082.45","6083.70"
"Tue Feb 18 2025 12:45:00 GMT+0530 (India Standard Time)","6083.70","6086.75","6076.00","6076.00"
"Tue Feb 18 2025 12:50:00 GMT+0530 (India Standard Time)","6076.00","6077.40","6058.15","6069.15"
"Tue Feb 18 2025 12:55:00 GMT+0530 (India Standard Time)","6069.15","6069.15","6058.75","6067.55"
"Tue Feb 18 2025 13:00:00 GMT+0530 (India Standard Time)","6067.55","6069.70","6061.05","6062.80"
"Tue Feb 18 2025 13:05:00 GMT+0530 (India Standard Time)","6066.85","6075.00","6061.00","6068.90"
"Tue Feb 18 2025 13:10:00 GMT+0530 (India Standard Time)","6068.90","6068.90","6058.80","6064.35"
"Tue Feb 18 2025 13:15:00 GMT+0530 (India Standard Time)","6064.35","6069.95","6062.50","6064.60"
"Tue Feb 18 2025 13:20:00 GMT+0530 (India Standard Time)","6064.60","6068.95","6060.90","6067.90"
"Tue Feb 18 2025 13:25:00 GMT+0530 (India Standard Time)","6067.90","6067.90","6056.35","6059.50"
"Tue Feb 18 2025 13:30:00 GMT+0530 (India Standard Time)","6059.50","6065.25","6045.05","6061.80"
"Tue Feb 18 2025 13:35:00 GMT+0530 (India Standard Time)","6061.80","6064.05","6053.55","6057.00"
"Tue Feb 18 2025 13:40:00 GMT+0530 (India Standard Time)","6057.00","6080.00","6057.00","6071.30"
"Tue Feb 18 2025 13:45:00 GMT+0530 (India Standard Time)","6071.30","6074.75","6060.50","6063.05"
"Tue Feb 18 2025 13:50:00 GMT+0530 (India Standard Time)","6064.00","6076.50","6064.00","6073.50"
"Tue Feb 18 2025 13:55:00 GMT+0530 (India Standard Time)","6073.50","6084.95","6069.50","6073.70"
"Tue Feb 18 2025 14:00:00 GMT+0530 (India Standard Time)","6073.70","6077.50","6070.00","6070.00"
"Tue Feb 18 2025 14:05:00 GMT+0530 (India Standard Time)","6070.00","6074.90","6061.05","6072.50"
"Tue Feb 18 2025 14:10:00 GMT+0530 (India Standard Time)","6072.50","6075.75","6064.80","6064.80"
"Tue Feb 18 2025 14:15:00 GMT+0530 (India Standard Time)","6064.80","6068.25","6062.80","6067.60"
"Tue Feb 18 2025 14:20:00 GMT+0530 (India Standard Time)","6067.60","6069.85","6062.90","6069.85"
"Tue Feb 18 2025 14:25:00 GMT+0530 (India Standard Time)","6069.85","6089.15","6065.95","6089.15"
"Tue Feb 18 2025 14:30:00 GMT+0530 (India Standard Time)","6089.15","6089.15","6064.40","6070.80"
"Tue Feb 18 2025 14:35:00 GMT+0530 (India Standard Time)","6070.80","6087.20","6064.35","6086.90"
"Tue Feb 18 2025 14:40:00 GMT+0530 (India Standard Time)","6086.90","6098.25","6083.65","6095.00"
"Tue Feb 18 2025 14:45:00 GMT+0530 (India Standard Time)","6095.00","6107.00","6092.25","6100.30"
"Tue Feb 18 2025 14:50:00 GMT+0530 (India Standard Time)","6100.30","6105.00","6092.65","6098.20"
"Tue Feb 18 2025 14:55:00 GMT+0530 (India Standard Time)","6098.20","6098.85","6085.05","6093.30"
"Tue Feb 18 2025 15:00:00 GMT+0530 (India Standard Time)","6095.85","6109.00","6090.00","6100.65"
"Tue Feb 18 2025 15:05:00 GMT+0530 (India Standard Time)","6100.65","6109.00","6090.95","6103.95"
"Tue Feb 18 2025 15:10:00 GMT+0530 (India Standard Time)","6107.65","6107.65","6098.25","6099.90"
"Tue Feb 18 2025 15:15:00 GMT+0530 (India Standard Time)","6099.90","6103.85","6090.15","6102.95"
"Tue Feb 18 2025 15:20:00 GMT+0530 (India Standard Time)","6102.05","6102.05","6091.00","6097.50"
"Tue Feb 18 2025 15:25:00 GMT+0530 (India Standard Time)","6098.10","6098.55","6080.00","6090.00"
"Wed Feb 19 2025 09:15:00 GMT+0530 (India Standard Time)","6120.00","6120.00","6000.00","6041.95"
"Wed Feb 19 2025 09:20:00 GMT+0530 (India Standard Time)","6041.95","6090.00","6025.05","6061.65"
"Wed Feb 19 2025 09:25:00 GMT+0530 (India Standard Time)","6061.65","6065.00","5986.50","6005.70"
"Wed Feb 19 2025 09:30:00 GMT+0530 (India Standard Time)","6006.25","6052.70","6003.55","6046.25"
"Wed Feb 19 2025 09:35:00 GMT+0530 (India Standard Time)","6044.60","6085.00","6040.10","6083.95"
"Wed Feb 19 2025 09:40:00 GMT+0530 (India Standard Time)","6083.95","6099.25","6050.30","6076.00"
"Wed Feb 19 2025 09:45:00 GMT+0530 (India Standard Time)","6076.00","6100.00","6072.80","6095.05"
"Wed Feb 19 2025 09:50:00 GMT+0530 (India Standard Time)","6095.05","6111.50","6086.40","6110.00"
"Wed Feb 19 2025 09:55:00 GMT+0530 (India Standard Time)","6110.00","6130.80","6107.15","6125.60"
"Wed Feb 19 2025 10:00:00 GMT+0530 (India Standard Time)","6125.60","6130.70","6112.85","6112.85"
"Wed Feb 19 2025 10:05:00 GMT+0530 (India Standard Time)","6112.85","6122.00","6090.00","6103.55"
"Wed Feb 19 2025 10:10:00 GMT+0530 (India Standard Time)","6099.05","6101.35","6070.55","6096.25"
"Wed Feb 19 2025 10:15:00 GMT+0530 (India Standard Time)","6096.25","6119.80","6094.20","6109.95"
"Wed Feb 19 2025 10:20:00 GMT+0530 (India Standard Time)","6109.95","6110.60","6097.05","6101.70"
"Wed Feb 19 2025 10:25:00 GMT+0530 (India Standard Time)","6101.70","6110.85","6093.25","6110.85"
"Wed Feb 19 2025 10:30:00 GMT+0530 (India Standard Time)","6112.10","6114.15","6084.10","6084.45"
"Wed Feb 19 2025 10:35:00 GMT+0530 (India Standard Time)","6084.45","6100.45","6084.45","6095.00"
"Wed Feb 19 2025 10:40:00 GMT+0530 (India Standard Time)","6095.00","6098.60","6087.00","6095.40"
"Wed Feb 19 2025 10:45:00 GMT+0530 (India Standard Time)","6095.40","6097.45","6072.10","6079.00"
"Wed Feb 19 2025 10:50:00 GMT+0530 (India Standard Time)","6079.00","6079.05","6050.75","6052.95"
"Wed Feb 19 2025 10:55:00 GMT+0530 (India Standard Time)","6053.00","6056.05","6035.60","6035.75"
"Wed Feb 19 2025 11:00:00 GMT+0530 (India Standard Time)","6035.75","6045.00","6030.00","6045.00"
"Wed Feb 19 2025 11:05:00 GMT+0530 (India Standard Time)","6045.00","6064.00","6044.00","6050.00"
"Wed Feb 19 2025 11:10:00 GMT+0530 (India Standard Time)","6049.05","6060.00","6045.00","6060.00"
"Wed Feb 19 2025 11:15:00 GMT+0530 (India Standard Time)","6058.00","6072.35","6040.40","6045.00"
"Wed Feb 19 2025 11:20:00 GMT+0530 (India Standard Time)","6045.00","6046.45","6041.15","6044.00"
"Wed Feb 19 2025 11:25:00 GMT+0530 (India Standard Time)","6044.00","6046.50","6033.60","6046.50"
"Wed Feb 19 2025 11:30:00 GMT+0530 (India Standard Time)","6046.50","6070.00","6045.00","6066.10"
"Wed Feb 19 2025 11:35:00 GMT+0530 (India Standard Time)","6066.10","6066.10","6051.00","6058.45"
"Wed Feb 19 2025 11:40:00 GMT+0530 (India Standard Time)","6058.45","6069.90","6054.45","6062.00"
"Wed Feb 19 2025 11:45:00 GMT+0530 (India Standard Time)","6062.00","6064.25","6057.40","6061.00"
"Wed Feb 19 2025 11:50:00 GMT+0530 (India Standard Time)","6059.60","6074.00","6059.05","6071.60"
"Wed Feb 19 2025 11:55:00 GMT+0530 (India Standard Time)","6071.60","6074.95","6061.85","6072.15"
"Wed Feb 19 2025 12:00:00 GMT+0530 (India Standard Time)","6072.15","6078.35","6067.20","6071.85"
"Wed Feb 19 2025 12:05:00 GMT+0530 (India Standard Time)","6071.85","6080.00","6068.30","6075.40"
"Wed Feb 19 2025 12:10:00 GMT+0530 (India Standard Time)","6075.40","6080.00","6066.60","6066.60"
"Wed Feb 19 2025 12:15:00 GMT+0530 (India Standard Time)","6066.55","6074.75","6065.55","6067.45"
"Wed Feb 19 2025 12:20:00 GMT+0530 (India Standard Time)","6067.45","6067.70","6058.00","6058.00"
"Wed Feb 19 2025 12:25:00 GMT+0530 (India Standard Time)","6058.00","6058.55","6048.00","6053.35"
"Wed Feb 19 2025 12:30:00 GMT+0530 (India Standard Time)","6053.35","6057.25","6046.50","6047.25"
"Wed Feb 19 2025 12:35:00 GMT+0530 (India Standard Time)","6047.25","6055.00","6046.70","6050.85"
"Wed Feb 19 2025 12:40:00 GMT+0530 (India Standard Time)","6050.85","6050.85","6038.55","6038.55"
"Wed Feb 19 2025 12:45:00 GMT+0530 (India Standard Time)","6035.20","6035.60","6020.00","6023.50"
"Wed Feb 19 2025 12:50:00 GMT+0530 (India Standard Time)","6023.50","6023.50","6015.00","6022.00"
"Wed Feb 19 2025 12:55:00 GMT+0530 (India Standard Time)","6022.00","6025.75","6016.15","6023.00"
"Wed Feb 19 2025 13:00:00 GMT+0530 (India Standard Time)","6023.00","6026.70","6008.00","6008.30"
"Wed Feb 19 2025 13:05:00 GMT+0530 (India Standard Time)","6008.30","6010.80","6000.00","6004.25"
"Wed Feb 19 2025 13:10:00 GMT+0530 (India Standard Time)","6004.25","6007.10","5996.60","5999.00"
"Wed Feb 19 2025 13:15:00 GMT+0530 (India Standard Time)","5999.00","6001.55","5989.20","5989.20"
"Wed Feb 19 2025 13:20:00 GMT+0530 (India Standard Time)","5988.65","5989.60","5980.10","5981.00"
"Wed Feb 19 2025 13:25:00 GMT+0530 (India Standard Time)","5981.00","5984.10","5967.15","5979.05"
"Wed Feb 19 2025 13:30:00 GMT+0530 (India Standard Time)","5979.05","5980.00","5970.55","5973.65"
"Wed Feb 19 2025 13:35:00 GMT+0530 (India Standard Time)","5973.65","5986.45","5970.50","5980.45"
"Wed Feb 19 2025 13:40:00 GMT+0530 (India Standard Time)","5980.40","5985.20","5976.00","5981.95"
"Wed Feb 19 2025 13:45:00 GMT+0530 (India Standard Time)","5981.95","5987.95","5981.00","5985.00"
"Wed Feb 19 2025 13:50:00 GMT+0530 (India Standard Time)","5985.00","5988.80","5975.00","5976.80"
"Wed Feb 19 2025 13:55:00 GMT+0530 (India Standard Time)","5976.80","5982.65","5975.00","5979.00"
"Wed Feb 19 2025 14:00:00 GMT+0530 (India Standard Time)","5979.00","5984.80","5975.00","5983.00"
"Wed Feb 19 2025 14:05:00 GMT+0530 (India Standard Time)","5983.00","5984.75","5980.00","5983.45"
"Wed Feb 19 2025 14:10:00 GMT+0530 (India Standard Time)","5983.45","6005.45","5980.15","5998.55"
"Wed Feb 19 2025 14:15:00 GMT+0530 (India Standard Time)","5998.55","5998.55","5977.70","5980.05"
"Wed Feb 19 2025 14:20:00 GMT+0530 (India Standard Time)","5980.05","5993.20","5980.05","5981.20"
"Wed Feb 19 2025 14:25:00 GMT+0530 (India Standard Time)","5981.20","5990.60","5978.00","5979.50"
"Wed Feb 19 2025 14:30:00 GMT+0530 (India Standard Time)","5979.50","5983.15","5975.20","5982.50"
"Wed Feb 19 2025 14:35:00 GMT+0530 (India Standard Time)","5982.50","5987.95","5981.20","5987.60"
"Wed Feb 19 2025 14:40:00 GMT+0530 (India Standard Time)","5987.60","5999.00","5982.60","5990.05"
"Wed Feb 19 2025 14:45:00 GMT+0530 (India Standard Time)","5990.05","6008.70","5990.05","6008.70"
"Wed Feb 19 2025 14:50:00 GMT+0530 (India Standard Time)","6008.70","6013.00","6005.05","6012.85"
"Wed Feb 19 2025 14:55:00 GMT+0530 (India Standard Time)","6013.70","6017.00","6009.60","6012.50"
"Wed Feb 19 2025 15:00:00 GMT+0530 (India Standard Time)","6014.80","6021.70","6011.65","6017.40"
"Wed Feb 19 2025 15:05:00 GMT+0530 (India Standard Time)","6019.00","6021.10","6016.05","6021.00"
"Wed Feb 19 2025 15:10:00 GMT+0530 (India Standard Time)","6021.10","6021.10","6016.10","6018.60"
"Wed Feb 19 2025 15:15:00 GMT+0530 (India Standard Time)","6018.35","6018.80","6012.05","6015.60"
"Wed Feb 19 2025 15:20:00 GMT+0530 (India Standard Time)","6018.35","6020.00","6013.30","6018.15"
"Wed Feb 19 2025 15:25:00 GMT+0530 (India Standard Time)","6017.85","6029.95","6015.05","6021.15"
"Thu Feb 20 2025 09:15:00 GMT+0530 (India Standard Time)","6024.00","6069.50","6016.05","6031.70"
"Thu Feb 20 2025 09:20:00 GMT+0530 (India Standard Time)","6031.70","6031.70","5990.00","5994.95"
"Thu Feb 20 2025 09:25:00 GMT+0530 (India Standard Time)","5994.95","5999.55","5981.05","5988.00"
"Thu Feb 20 2025 09:30:00 GMT+0530 (India Standard Time)","5988.00","6032.50","5980.60","6029.00"
"Thu Feb 20 2025 09:35:00 GMT+0530 (India Standard Time)","6029.00","6066.05","6029.00","6055.30"
"Thu Feb 20 2025 09:40:00 GMT+0530 (India Standard Time)","6055.30","6074.20","6051.70","6065.60"
"Thu Feb 20 2025 09:45:00 GMT+0530 (India Standard Time)","6054.05","6056.20","6024.15","6033.30"
"Thu Feb 20 2025 09:50:00 GMT+0530 (India Standard Time)","6033.30","6055.05","6028.15","6046.70"
"Thu Feb 20 2025 09:55:00 GMT+0530 (India Standard Time)","6045.10","6054.00","6031.35","6042.35"
"Thu Feb 20 2025 10:00:00 GMT+0530 (India Standard Time)","6042.35","6053.00","6038.50","6042.70"
"Thu Feb 20 2025 10:05:00 GMT+0530 (India Standard Time)","6042.70","6059.30","6040.00","6059.30"
"Thu Feb 20 2025 10:10:00 GMT+0530 (India Standard Time)","6061.75","6062.20","6034.10","6044.65"
"Thu Feb 20 2025 10:15:00 GMT+0530 (India Standard Time)","6044.65","6047.65","6040.10","6041.80"
"Thu Feb 20 2025 10:20:00 GMT+0530 (India Standard Time)","6041.80","6045.00","6027.65","6035.15"
"Thu Feb 20 2025 10:25:00 GMT+0530 (India Standard Time)","6035.15","6040.00","6026.10","6034.60"
"Thu Feb 20 2025 10:30:00 GMT+0530 (India Standard Time)","6034.60","6042.50","6030.30","6042.25"
"Thu Feb 20 2025 10:35:00 GMT+0530 (India Standard Time)","6042.25","6044.70","6034.65","6039.60"
"Thu Feb 20 2025 10:40:00 GMT+0530 (India Standard Time)","6039.60","6042.70","6030.00","6039.00"
"Thu Feb 20 2025 10:45:00 GMT+0530 (India Standard Time)","6040.00","6047.50","6039.05","6040.00"
"Thu Feb 20 2025 10:50:00 GMT+0530 (India Standard Time)","6040.00","6041.10","6025.00","6034.65"
"Thu Feb 20 2025 10:55:00 GMT+0530 (India Standard Time)","6034.65","6044.40","6034.65","6044.00"
"Thu Feb 20 2025 11:00:00 GMT+0530 (India Standard Time)","6044.00","6056.70","6044.00","6053.75"
"Thu Feb 20 2025 11:05:00 GMT+0530 (India Standard Time)","6054.05","6064.50","6054.05","6063.00"
"Thu Feb 20 2025 11:10:00 GMT+0530 (India Standard Time)","6063.00","6073.70","6060.75","6071.25"
"Thu Feb 20 2025 11:15:00 GMT+0530 (India Standard Time)","6071.25","6080.00","6071.25","6074.70"
"Thu Feb 20 2025 11:20:00 GMT+0530 (India Standard Time)","6074.70","6075.00","6050.50","6051.60"
"Thu Feb 20 2025 11:25:00 GMT+0530 (India Standard Time)","6051.60","6054.95","6046.30","6051.95"
"Thu Feb 20 2025 11:30:00 GMT+0530 (India Standard Time)","6051.95","6056.70","6045.40","6047.90"
"Thu Feb 20 2025 11:35:00 GMT+0530 (India Standard Time)","6047.90","6058.65","6045.40","6058.65"
"Thu Feb 20 2025 11:40:00 GMT+0530 (India Standard Time)","6058.65","6070.70","6058.65","6070.00"
"Thu Feb 20 2025 11:45:00 GMT+0530 (India Standard Time)","6070.00","6070.00","6056.60","6056.60"
"Thu Feb 20 2025 11:50:00 GMT+0530 (India Standard Time)","6056.60","6063.25","6054.60","6060.55"
"Thu Feb 20 2025 11:55:00 GMT+0530 (India Standard Time)","6060.55","6070.80","6060.55","6068.40"
"Thu Feb 20 2025 12:00:00 GMT+0530 (India Standard Time)","6071.30","6075.00","6066.50","6066.50"
"Thu Feb 20 2025 12:05:00 GMT+0530 (India Standard Time)","6066.50","6072.70","6066.50","6071.00"
"Thu Feb 20 2025 12:10:00 GMT+0530 (India Standard Time)","6071.00","6071.30","6060.05","6070.30"
"Thu Feb 20 2025 12:15:00 GMT+0530 (India Standard Time)","6070.30","6073.90","6070.00","6072.00"
"Thu Feb 20 2025 12:20:00 GMT+0530 (India Standard Time)","6072.00","6076.30","6072.00","6074.05"
"Thu Feb 20 2025 12:25:00 GMT+0530 (India Standard Time)","6074.05","6074.05","6062.75","6066.55"
"Thu Feb 20 2025 12:30:00 GMT+0530 (India Standard Time)","6066.55","6066.55","6050.00","6050.00"
"Thu Feb 20 2025 12:35:00 GMT+0530 (India Standard Time)","6050.00","6057.80","6050.00","6055.75"
"Thu Feb 20 2025 12:40:00 GMT+0530 (India Standard Time)","6055.75","6059.85","6043.20","6043.30"
"Thu Feb 20 2025 12:45:00 GMT+0530 (India Standard Time)","6043.30","6050.60","6043.30","6044.00"
"Thu Feb 20 2025 12:50:00 GMT+0530 (India Standard Time)","6044.00","6048.00","6043.30","6045.55"
"Thu Feb 20 2025 12:55:00 GMT+0530 (India Standard Time)","6045.55","6052.15","6045.05","6045.05"
"Thu Feb 20 2025 13:00:00 GMT+0530 (India Standard Time)","6045.05","6047.45","6025.90","6033.35"
"Thu Feb 20 2025 13:05:00 GMT+0530 (India Standard Time)","6033.35","6039.45","6027.00","6028.55"
"Thu Feb 20 2025 13:10:00 GMT+0530 (India Standard Time)","6028.55","6037.50","6028.55","6032.50"
"Thu Feb 20 2025 13:15:00 GMT+0530 (India Standard Time)","6032.50","6035.40","6030.25","6035.40"
"Thu Feb 20 2025 13:20:00 GMT+0530 (India Standard Time)","6035.40","6035.40","6020.00","6020.00"
"Thu Feb 20 2025 13:25:00 GMT+0530 (India Standard Time)","6020.00","6023.60","6012.90","6020.00"
"Thu Feb 20 2025 13:30:00 GMT+0530 (India Standard Time)","6019.95","6036.25","6019.20","6027.85"
"Thu Feb 20 2025 13:35:00 GMT+0530 (India Standard Time)","6027.85","6033.95","6023.00","6028.65"
"Thu Feb 20 2025 13:40:00 GMT+0530 (India Standard Time)","6028.65","6040.00","6026.40","6040.00"
"Thu Feb 20 2025 13:45:00 GMT+0530 (India Standard Time)","6040.00","6040.00","6028.95","6039.00"
"Thu Feb 20 2025 13:50:00 GMT+0530 (India Standard Time)","6039.00","6050.00","6034.65","6048.90"
"Thu Feb 20 2025 13:55:00 GMT+0530 (India Standard Time)","6048.90","6049.55","6037.55","6047.25"
"Thu Feb 20 2025 14:00:00 GMT+0530 (India Standard Time)","6043.90","6055.00","6043.10","6050.85"
"Thu Feb 20 2025 14:05:00 GMT+0530 (India Standard Time)","6050.85","6054.50","6040.35","6048.75"
"Thu Feb 20 2025 14:10:00 GMT+0530 (India Standard Time)","6048.95","6055.10","6044.40","6055.10"
"Thu Feb 20 2025 14:15:00 GMT+0530 (India Standard Time)","6055.10","6058.90","6049.05","6055.85"
"Thu Feb 20 2025 14:20:00 GMT+0530 (India Standard Time)","6055.85","6055.85","6045.00","6049.70"
"Thu Feb 20 2025 14:25:00 GMT+0530 (India Standard Time)","6049.70","6049.90","6043.35","6045.20"
"Thu Feb 20 2025 14:30:00 GMT+0530 (India Standard Time)","6045.20","6048.70","6044.05","6045.65"
"Thu Feb 20 2025 14:35:00 GMT+0530 (India Standard Time)","6045.65","6049.85","6041.60","6042.95"
"Thu Feb 20 2025 14:40:00 GMT+0530 (India Standard Time)","6042.95","6045.25","6032.00","6037.40"
"Thu Feb 20 2025 14:45:00 GMT+0530 (India Standard Time)","6037.40","6046.50","6030.95","6044.40"
"Thu Feb 20 2025 14:50:00 GMT+0530 (India Standard Time)","6044.40","6049.05","6034.00","6040.05"
"Thu Feb 20 2025 14:55:00 GMT+0530 (India Standard Time)","6040.10","6045.75","6040.00","6040.00"
"Thu Feb 20 2025 15:00:00 GMT+0530 (India Standard Time)","6040.00","6042.00","6032.00","6033.05"
"Thu Feb 20 2025 15:05:00 GMT+0530 (India Standard Time)","6033.05","6039.75","6021.75","6023.95"
"Thu Feb 20 2025 15:10:00 GMT+0530 (India Standard Time)","6026.00","6026.00","6016.60","6024.25"
"Thu Feb 20 2025 15:15:00 GMT+0530 (India Standard Time)","6025.00","6025.45","6019.80","6025.10"
"Thu Feb 20 2025 15:20:00 GMT+0530 (India Standard Time)","6025.10","6025.10","6015.05","6019.55"
"Thu Feb 20 2025 15:25:00 GMT+0530 (India Standard Time)","6019.55","6028.00","6015.00","6022.90"
"Fri Feb 21 2025 09:15:00 GMT+0530 (India Standard Time)","6024.80","6065.00","6023.65","6036.80"
"Fri Feb 21 2025 09:20:00 GMT+0530 (India Standard Time)","6036.80","6073.95","6028.20","6069.75"
"Fri Feb 21 2025 09:25:00 GMT+0530 (India Standard Time)","6069.75","6069.75","6033.00","6059.90"
"Fri Feb 21 2025 09:30:00 GMT+0530 (India Standard Time)","6059.90","6080.25","6055.00","6062.10"
"Fri Feb 21 2025 09:35:00 GMT+0530 (India Standard Time)","6067.05","6070.00","6057.40","6057.80"
"Fri Feb 21 2025 09:40:00 GMT+0530 (India Standard Time)","6057.80","6058.40","6020.00","6025.00"
"Fri Feb 21 2025 09:45:00 GMT+0530 (India Standard Time)","6024.95","6052.50","6023.90","6037.70"
"Fri Feb 21 2025 09:50:00 GMT+0530 (India Standard Time)","6037.25","6037.25","6015.00","6020.00"
"Fri Feb 21 2025 09:55:00 GMT+0530 (India Standard Time)","6020.00","6030.30","6015.00","6015.00"
"Fri Feb 21 2025 10:00:00 GMT+0530 (India Standard Time)","6016.20","6022.65","6003.00","6004.00"
"Fri Feb 21 2025 10:05:00 GMT+0530 (India Standard Time)","6004.00","6006.60","5990.05","5992.80"
"Fri Feb 21 2025 10:10:00 GMT+0530 (India Standard Time)","5992.80","5995.00","5977.00","5978.80"
"Fri Feb 21 2025 10:15:00 GMT+0530 (India Standard Time)","5978.80","5994.90","5970.30","5988.70"
"Fri Feb 21 2025 10:20:00 GMT+0530 (India Standard Time)","5988.70","5995.00","5986.70","5986.70"
"Fri Feb 21 2025 10:25:00 GMT+0530 (India Standard Time)","5986.70","5989.95","5977.35","5981.55"
"Fri Feb 21 2025 10:30:00 GMT+0530 (India Standard Time)","5982.10","6003.45","5981.05","5993.10"
"Fri Feb 21 2025 10:35:00 GMT+0530 (India Standard Time)","5992.50","6000.00","5979.30","5986.60"
"Fri Feb 21 2025 10:40:00 GMT+0530 (India Standard Time)","5989.00","6005.00","5981.40","6004.00"
"Fri Feb 21 2025 10:45:00 GMT+0530 (India Standard Time)","6004.00","6006.80","5991.60","5998.00"
"Fri Feb 21 2025 10:50:00 GMT+0530 (India Standard Time)","5998.00","6002.85","5992.00","5999.50"
"Fri Feb 21 2025 10:55:00 GMT+0530 (India Standard Time)","6002.00","6005.00","5990.65","5999.20"
"Fri Feb 21 2025 11:00:00 GMT+0530 (India Standard Time)","5999.20","6005.15","5978.90","5981.10"
"Fri Feb 21 2025 11:05:00 GMT+0530 (India Standard Time)","5981.10","5981.10","5966.00","5966.00"
"Fri Feb 21 2025 11:10:00 GMT+0530 (India Standard Time)","5966.00","5984.95","5966.00","5979.60"
"Fri Feb 21 2025 11:15:00 GMT+0530 (India Standard Time)","5979.60","5981.00","5972.00","5972.00"
"Fri Feb 21 2025 11:20:00 GMT+0530 (India Standard Time)","5972.00","5980.95","5972.00","5976.70"
"Fri Feb 21 2025 11:25:00 GMT+0530 (India Standard Time)","5976.70","5995.50","5975.05","5994.00"
"Fri Feb 21 2025 11:30:00 GMT+0530 (India Standard Time)","5994.00","6006.75","5990.90","6001.95"
"Fri Feb 21 2025 11:35:00 GMT+0530 (India Standard Time)","6001.95","6022.00","6000.50","6015.00"
"Fri Feb 21 2025 11:40:00 GMT+0530 (India Standard Time)","6015.00","6020.95","6004.00","6004.00"
"Fri Feb 21 2025 11:45:00 GMT+0530 (India Standard Time)","6004.00","6013.85","5999.90","6005.15"
"Fri Feb 21 2025 11:50:00 GMT+0530 (India Standard Time)","6005.15","6011.25","5999.90","6010.00"
"Fri Feb 21 2025 11:55:00 GMT+0530 (India Standard Time)","6010.00","6013.00","5999.00","6007.55"
"Fri Feb 21 2025 12:00:00 GMT+0530 (India Standard Time)","6007.55","6012.20","6003.10","6009.40"
"Fri Feb 21 2025 12:05:00 GMT+0530 (India Standard Time)","6009.40","6010.00","5998.00","5998.55"
"Fri Feb 21 2025 12:10:00 GMT+0530 (India Standard Time)","5998.55","6003.50","5989.00","6003.00"
"Fri Feb 21 2025 12:15:00 GMT+0530 (India Standard Time)","6002.35","6013.00","5997.00","6010.00"
"Fri Feb 21 2025 12:20:00 GMT+0530 (India Standard Time)","6010.00","6017.50","6003.55","6005.60"
"Fri Feb 21 2025 12:25:00 GMT+0530 (India Standard Time)","6005.60","6015.00","6002.75","6009.35"
"Fri Feb 21 2025 12:30:00 GMT+0530 (India Standard Time)","6009.35","6015.00","5997.90","6010.25"
"Fri Feb 21 2025 12:35:00 GMT+0530 (India Standard Time)","6010.25","6010.25","6000.00","6003.90"
"Fri Feb 21 2025 12:40:00 GMT+0530 (India Standard Time)","6003.90","6005.80","5991.70","5998.90"
"Fri Feb 21 2025 12:45:00 GMT+0530 (India Standard Time)","5998.90","6006.75","5992.35","6006.75"
"Fri Feb 21 2025 12:50:00 GMT+0530 (India Standard Time)","6006.75","6010.05","5997.90","6001.40"
"Fri Feb 21 2025 12:55:00 GMT+0530 (India Standard Time)","6001.40","6010.00","6001.40","6004.60"
"Fri Feb 21 2025 13:00:00 GMT+0530 (India Standard Time)","6004.60","6007.00","5990.60","6002.75"
"Fri Feb 21 2025 13:05:00 GMT+0530 (India Standard Time)","6002.75","6005.00","5996.95","6001.75"
"Fri Feb 21 2025 13:10:00 GMT+0530 (India Standard Time)","6001.75","6003.10","5990.85","5996.85"
"Fri Feb 21 2025 13:15:00 GMT+0530 (India Standard Time)","5996.85","5999.80","5993.45","5998.00"
"Fri Feb 21 2025 13:20:00 GMT+0530 (India Standard Time)","5999.80","5999.80","5994.00","5995.05"
"Fri Feb 21 2025 13:25:00 GMT+0530 (India Standard Time)","5995.20","5995.20","5982.00","5984.25"
"Fri Feb 21 2025 13:30:00 GMT+0530 (India Standard Time)","5984.50","5989.50","5980.50","5986.00"
"Fri Feb 21 2025 13:35:00 GMT+0530 (India Standard Time)","5986.00","5986.00","5962.00","5962.75"
"Fri Feb 21 2025 13:40:00 GMT+0530 (India Standard Time)","5962.75","5964.90","5950.05","5959.30"
"Fri Feb 21 2025 13:45:00 GMT+0530 (India Standard Time)","5960.60","5960.60","5931.05","5936.05"
"Fri Feb 21 2025 13:50:00 GMT+0530 (India Standard Time)","5942.35","5962.45","5939.30","5962.45"
"Fri Feb 21 2025 13:55:00 GMT+0530 (India Standard Time)","5962.45","5970.90","5957.80","5969.65"
"Fri Feb 21 2025 14:00:00 GMT+0530 (India Standard Time)","5969.65","5971.00","5960.00","5963.85"
"Fri Feb 21 2025 14:05:00 GMT+0530 (India Standard Time)","5963.85","5978.00","5963.85","5978.00"
"Fri Feb 21 2025 14:10:00 GMT+0530 (India Standard Time)","5978.00","5982.80","5973.50","5978.95"
"Fri Feb 21 2025 14:15:00 GMT+0530 (India Standard Time)","5978.95","5984.00","5971.90","5975.00"
"Fri Feb 21 2025 14:20:00 GMT+0530 (India Standard Time)","5975.00","5976.70","5970.00","5971.75"
"Fri Feb 21 2025 14:25:00 GMT+0530 (India Standard Time)","5971.75","5971.95","5962.95","5962.95"
"Fri Feb 21 2025 14:30:00 GMT+0530 (India Standard Time)","5965.30","5968.95","5962.00","5962.15"
"Fri Feb 21 2025 14:35:00 GMT+0530 (India Standard Time)","5962.15","5965.05","5955.45","5964.75"
"Fri Feb 21 2025 14:40:00 GMT+0530 (India Standard Time)","5964.75","5969.60","5960.15","5962.00"
"Fri Feb 21 2025 14:45:00 GMT+0530 (India Standard Time)","5962.00","5978.50","5962.00","5976.80"
"Fri Feb 21 2025 14:50:00 GMT+0530 (India Standard Time)","5976.80","5977.75","5970.00","5973.55"
"Fri Feb 21 2025 14:55:00 GMT+0530 (India Standard Time)","5973.55","5974.60","5970.60","5970.65"
"Fri Feb 21 2025 15:00:00 GMT+0530 (India Standard Time)","5970.65","5974.00","5960.00","5960.05"
"Fri Feb 21 2025 15:05:00 GMT+0530 (India Standard Time)","5960.05","5964.60","5959.95","5961.15"
"Fri Feb 21 2025 15:10:00 GMT+0530 (India Standard Time)","5961.15","5961.40","5960.95","5960.95"
"Fri Feb 21 2025 15:15:00 GMT+0530 (India Standard Time)","5960.00","5961.00","5953.00","5961.00"
"Fri Feb 21 2025 15:20:00 GMT+0530 (India Standard Time)","5961.00","5968.35","5955.00","5968.35"
"Fri Feb 21 2025 15:25:00 GMT+0530 (India Standard Time)","5966.55","5975.00","5964.05","5972.00"
"Mon Feb 24 2025 09:15:00 GMT+0530 (India Standard Time)","5960.45","5960.45","5860.45","5894.25"
"Mon Feb 24 2025 09:20:00 GMT+0530 (India Standard Time)","5895.40","5895.40","5843.85","5848.45"
"Mon Feb 24 2025 09:25:00 GMT+0530 (India Standard Time)","5850.00","5854.80","5818.85","5834.60"
"Mon Feb 24 2025 09:30:00 GMT+0530 (India Standard Time)","5831.15","5846.90","5814.00","5824.75"
"Mon Feb 24 2025 09:35:00 GMT+0530 (India Standard Time)","5824.75","5828.30","5800.00","5810.55"
"Mon Feb 24 2025 09:40:00 GMT+0530 (India Standard Time)","5809.70","5830.00","5804.80","5821.75"
"Mon Feb 24 2025 09:45:00 GMT+0530 (India Standard Time)","5819.90","5835.00","5811.25","5830.95"
"Mon Feb 24 2025 09:50:00 GMT+0530 (India Standard Time)","5826.75","5848.70","5820.00","5827.90"
"Mon Feb 24 2025 09:55:00 GMT+0530 (India Standard Time)","5827.90","5834.00","5813.00","5814.00"
"Mon Feb 24 2025 10:00:00 GMT+0530 (India Standard Time)","5814.00","5819.95","5795.00","5811.05"
"Mon Feb 24 2025 10:05:00 GMT+0530 (India Standard Time)","5808.15","5811.10","5791.00","5799.85"
"Mon Feb 24 2025 10:10:00 GMT+0530 (India Standard Time)","5797.15","5824.60","5797.05","5805.00"
"Mon Feb 24 2025 10:15:00 GMT+0530 (India Standard Time)","5810.00","5822.80","5798.00","5819.40"
"Mon Feb 24 2025 10:20:00 GMT+0530 (India Standard Time)","5819.40","5821.95","5804.00","5807.40"
"Mon Feb 24 2025 10:25:00 GMT+0530 (India Standard Time)","5807.40","5808.00","5800.00","5806.75"
"Mon Feb 24 2025 10:30:00 GMT+0530 (India Standard Time)","5806.75","5809.95","5793.85","5805.45"
"Mon Feb 24 2025 10:35:00 GMT+0530 (India Standard Time)","5805.45","5810.10","5798.45","5800.35"
"Mon Feb 24 2025 10:40:00 GMT+0530 (India Standard Time)","5799.00","5809.35","5782.00","5782.00"
"Mon Feb 24 2025 10:45:00 GMT+0530 (India Standard Time)","5785.15","5795.00","5783.00","5789.15"
"Mon Feb 24 2025 10:50:00 GMT+0530 (India Standard Time)","5789.15","5841.80","5785.00","5829.25"
"Mon Feb 24 2025 10:55:00 GMT+0530 (India Standard Time)","5825.45","5832.00","5819.45","5819.45"
"Mon Feb 24 2025 11:00:00 GMT+0530 (India Standard Time)","5821.65","5827.80","5816.35","5823.80"
"Mon Feb 24 2025 11:05:00 GMT+0530 (India Standard Time)","5823.80","5875.00","5820.00","5866.00"
"Mon Feb 24 2025 11:10:00 GMT+0530 (India Standard Time)","5866.00","5870.00","5845.00","5845.00"
"Mon Feb 24 2025 11:15:00 GMT+0530 (India Standard Time)","5845.00","5874.85","5842.30","5873.70"
"Mon Feb 24 2025 11:20:00 GMT+0530 (India Standard Time)","5873.70","5873.70","5860.25","5862.65"
"Mon Feb 24 2025 11:25:00 GMT+0530 (India Standard Time)","5862.30","5865.55","5848.75","5855.00"
"Mon Feb 24 2025 11:30:00 GMT+0530 (India Standard Time)","5855.00","5858.80","5848.45","5851.00"
"Mon Feb 24 2025 11:35:00 GMT+0530 (India Standard Time)","5851.00","5856.15","5847.00","5851.20"
"Mon Feb 24 2025 11:40:00 GMT+0530 (India Standard Time)","5851.20","5872.50","5850.75","5870.00"
"Mon Feb 24 2025 11:45:00 GMT+0530 (India Standard Time)","5867.65","5872.00","5859.00","5859.00"
"Mon Feb 24 2025 11:50:00 GMT+0530 (India Standard Time)","5859.00","5864.95","5854.30","5854.80"
"Mon Feb 24 2025 11:55:00 GMT+0530 (India Standard Time)","5854.80","5859.45","5848.45","5849.30"
"Mon Feb 24 2025 12:00:00 GMT+0530 (India Standard Time)","5849.30","5854.45","5840.00","5840.00"
"Mon Feb 24 2025 12:05:00 GMT+0530 (India Standard Time)","5840.00","5845.00","5827.30","5845.00"
"Mon Feb 24 2025 12:10:00 GMT+0530 (India Standard Time)","5845.00","5849.80","5835.45","5840.60"
"Mon Feb 24 2025 12:15:00 GMT+0530 (India Standard Time)","5840.60","5848.00","5835.55","5844.80"
"Mon Feb 24 2025 12:20:00 GMT+0530 (India Standard Time)","5844.60","5844.60","5833.35","5833.35"
"Mon Feb 24 2025 12:25:00 GMT+0530 (India Standard Time)","5833.35","5844.95","5832.75","5839.50"
"Mon Feb 24 2025 12:30:00 GMT+0530 (India Standard Time)","5839.50","5850.00","5838.10","5850.00"
"Mon Feb 24 2025 12:35:00 GMT+0530 (India Standard Time)","5850.00","5869.00","5847.35","5866.00"
"Mon Feb 24 2025 12:40:00 GMT+0530 (India Standard Time)","5866.00","5867.95","5854.05","5854.05"
"Mon Feb 24 2025 12:45:00 GMT+0530 (India Standard Time)","5854.05","5863.25","5850.00","5860.00"
"Mon Feb 24 2025 12:50:00 GMT+0530 (India Standard Time)","5860.00","5871.00","5858.40","5871.00"
"Mon Feb 24 2025 12:55:00 GMT+0530 (India Standard Time)","5871.00","5874.95","5860.15","5864.40"
"Mon Feb 24 2025 13:00:00 GMT+0530 (India Standard Time)","5864.40","5868.90","5854.15","5865.00"
"Mon Feb 24 2025 13:05:00 GMT+0530 (India Standard Time)","5865.00","5865.00","5860.95","5861.00"
"Mon Feb 24 2025 13:10:00 GMT+0530 (India Standard Time)","5861.00","5863.40","5845.00","5850.45"
"Mon Feb 24 2025 13:15:00 GMT+0530 (India Standard Time)","5847.80","5847.90","5840.90","5842.00"
"Mon Feb 24 2025 13:20:00 GMT+0530 (India Standard Time)","5842.00","5843.20","5827.00","5827.50"
"Mon Feb 24 2025 13:25:00 GMT+0530 (India Standard Time)","5825.20","5839.15","5823.10","5834.35"
"Mon Feb 24 2025 13:30:00 GMT+0530 (India Standard Time)","5834.35","5839.00","5834.30","5838.50"
"Mon Feb 24 2025 13:35:00 GMT+0530 (India Standard Time)","5838.50","5838.50","5828.00","5831.95"
"Mon Feb 24 2025 13:40:00 GMT+0530 (India Standard Time)","5831.95","5845.80","5828.10","5836.05"
"Mon Feb 24 2025 13:45:00 GMT+0530 (India Standard Time)","5836.05","5839.70","5831.30","5835.20"
"Mon Feb 24 2025 13:50:00 GMT+0530 (India Standard Time)","5835.20","5848.00","5835.20","5846.40"
"Mon Feb 24 2025 13:55:00 GMT+0530 (India Standard Time)","5846.40","5846.55","5839.00","5841.70"
"Mon Feb 24 2025 14:00:00 GMT+0530 (India Standard Time)","5841.70","5845.00","5839.75","5843.75"
"Mon Feb 24 2025 14:05:00 GMT+0530 (India Standard Time)","5843.75","5843.75","5829.85","5830.00"
"Mon Feb 24 2025 14:10:00 GMT+0530 (India Standard Time)","5832.00","5838.60","5829.75","5835.15"
"Mon Feb 24 2025 14:15:00 GMT+0530 (India Standard Time)","5835.15","5838.95","5830.15","5835.60"
"Mon Feb 24 2025 14:20:00 GMT+0530 (India Standard Time)","5835.60","5835.70","5828.00","5829.65"
"Mon Feb 24 2025 14:25:00 GMT+0530 (India Standard Time)","5829.65","5832.00","5825.00","5828.75"
"Mon Feb 24 2025 14:30:00 GMT+0530 (India Standard Time)","5825.05","5838.30","5825.05","5835.75"
"Mon Feb 24 2025 14:35:00 GMT+0530 (India Standard Time)","5835.75","5853.00","5834.00","5848.00"
"Mon Feb 24 2025 14:40:00 GMT+0530 (India Standard Time)","5848.00","5849.90","5841.45","5843.90"
"Mon Feb 24 2025 14:45:00 GMT+0530 (India Standard Time)","5843.90","5855.00","5841.05","5849.55"
"Mon Feb 24 2025 14:50:00 GMT+0530 (India Standard Time)","5849.55","5868.80","5849.55","5868.80"
"Mon Feb 24 2025 14:55:00 GMT+0530 (India Standard Time)","5865.00","5867.00","5855.35","5859.60"
"Mon Feb 24 2025 15:00:00 GMT+0530 (India Standard Time)","5858.60","5867.45","5850.10","5853.40"
"Mon Feb 24 2025 15:05:00 GMT+0530 (India Standard Time)","5853.40","5857.30","5848.80","5857.30"
"Mon Feb 24 2025 15:10:00 GMT+0530 (India Standard Time)","5859.60","5859.60","5847.25","5856.50"
"Mon Feb 24 2025 15:15:00 GMT+0530 (India Standard Time)","5855.45","5855.45","5847.00","5849.30"
"Mon Feb 24 2025 15:20:00 GMT+0530 (India Standard Time)","5849.30","5850.20","5847.00","5849.30"
"Mon Feb 24 2025 15:25:00 GMT+0530 (India Standard Time)","5849.25","5854.90","5847.00","5848.00"
"Tue Feb 25 2025 09:15:00 GMT+0530 (India Standard Time)","5851.80","5877.70","5806.20","5813.35"
"Tue Feb 25 2025 09:20:00 GMT+0530 (India Standard Time)","5813.15","5813.15","5792.55","5803.40"
"Tue Feb 25 2025 09:25:00 GMT+0530 (India Standard Time)","5800.75","5823.75","5785.00","5815.40"
"Tue Feb 25 2025 09:30:00 GMT+0530 (India Standard Time)","5815.40","5821.95","5808.00","5819.45"
"Tue Feb 25 2025 09:35:00 GMT+0530 (India Standard Time)","5819.45","5830.00","5813.80","5823.95"
"Tue Feb 25 2025 09:40:00 GMT+0530 (India Standard Time)","5823.95","5827.50","5802.00","5806.75"
"Tue Feb 25 2025 09:45:00 GMT+0530 (India Standard Time)","5806.75","5827.00","5806.75","5822.60"
"Tue Feb 25 2025 09:50:00 GMT+0530 (India Standard Time)","5822.60","5823.00","5814.05","5815.00"
"Tue Feb 25 2025 09:55:00 GMT+0530 (India Standard Time)","5815.00","5828.20","5812.45","5825.80"
"Tue Feb 25 2025 10:00:00 GMT+0530 (India Standard Time)","5825.90","5828.00","5811.05","5815.00"
"Tue Feb 25 2025 10:05:00 GMT+0530 (India Standard Time)","5815.45","5821.95","5815.00","5815.00"
"Tue Feb 25 2025 10:10:00 GMT+0530 (India Standard Time)","5815.00","5821.55","5805.70","5817.20"
"Tue Feb 25 2025 10:15:00 GMT+0530 (India Standard Time)","5817.20","5827.00","5809.40","5824.45"
"Tue Feb 25 2025 10:20:00 GMT+0530 (India Standard Time)","5824.35","5835.80","5823.30","5829.90"
"Tue Feb 25 2025 10:25:00 GMT+0530 (India Standard Time)","5829.90","5834.15","5825.00","5827.60"
"Tue Feb 25 2025 10:30:00 GMT+0530 (India Standard Time)","5826.30","5835.85","5820.05","5834.10"
"Tue Feb 25 2025 10:35:00 GMT+0530 (India Standard Time)","5834.10","5836.95","5827.50","5828.05"
"Tue Feb 25 2025 10:40:00 GMT+0530 (India Standard Time)","5831.40","5832.15","5816.60","5819.00"
"Tue Feb 25 2025 10:45:00 GMT+0530 (India Standard Time)","5819.00","5819.00","5785.00","5785.00"
"Tue Feb 25 2025 10:50:00 GMT+0530 (India Standard Time)","5785.00","5798.35","5785.00","5795.20"
"Tue Feb 25 2025 10:55:00 GMT+0530 (India Standard Time)","5795.20","5798.50","5792.00","5794.20"
"Tue Feb 25 2025 11:00:00 GMT+0530 (India Standard Time)","5794.20","5794.20","5770.45","5782.35"
"Tue Feb 25 2025 11:05:00 GMT+0530 (India Standard Time)","5782.35","5788.35","5779.75","5780.20"
"Tue Feb 25 2025 11:10:00 GMT+0530 (India Standard Time)","5780.15","5783.95","5778.80","5783.10"
"Tue Feb 25 2025 11:15:00 GMT+0530 (India Standard Time)","5783.10","5785.00","5778.00","5783.65"
"Tue Feb 25 2025 11:20:00 GMT+0530 (India Standard Time)","5783.65","5786.45","5779.60","5781.95"
"Tue Feb 25 2025 11:25:00 GMT+0530 (India Standard Time)","5781.95","5783.35","5771.55","5773.00"
"Tue Feb 25 2025 11:30:00 GMT+0530 (India Standard Time)","5773.00","5774.25","5765.10","5766.70"
"Tue Feb 25 2025 11:35:00 GMT+0530 (India Standard Time)","5766.70","5773.50","5761.50","5763.80"
"Tue Feb 25 2025 11:40:00 GMT+0530 (India Standard Time)","5763.80","5771.70","5759.90","5766.80"
"Tue Feb 25 2025 11:45:00 GMT+0530 (India Standard Time)","5766.80","5774.00","5760.30","5760.35"
"Tue Feb 25 2025 11:50:00 GMT+0530 (India Standard Time)","5760.35","5763.05","5752.60","5754.55"
"Tue Feb 25 2025 11:55:00 GMT+0530 (India Standard Time)","5754.45","5758.85","5751.00","5754.20"
"Tue Feb 25 2025 12:00:00 GMT+0530 (India Standard Time)","5754.20","5754.20","5742.20","5743.75"
"Tue Feb 25 2025 12:05:00 GMT+0530 (India Standard Time)","5741.95","5748.80","5732.00","5745.65"
"Tue Feb 25 2025 12:10:00 GMT+0530 (India Standard Time)","5745.65","5748.65","5738.00","5740.00"
"Tue Feb 25 2025 12:15:00 GMT+0530 (India Standard Time)","5739.20","5745.60","5739.20","5744.00"
"Tue Feb 25 2025 12:20:00 GMT+0530 (India Standard Time)","5745.45","5746.10","5738.00","5744.70"
"Tue Feb 25 2025 12:25:00 GMT+0530 (India Standard Time)","5744.70","5748.00","5741.50","5746.40"
"Tue Feb 25 2025 12:30:00 GMT+0530 (India Standard Time)","5745.00","5746.00","5735.00","5735.05"
"Tue Feb 25 2025 12:35:00 GMT+0530 (India Standard Time)","5735.05","5735.70","5732.00","5732.30"
"Tue Feb 25 2025 12:40:00 GMT+0530 (India Standard Time)","5732.05","5736.40","5732.00","5734.00"
"Tue Feb 25 2025 12:45:00 GMT+0530 (India Standard Time)","5734.00","5736.00","5732.00","5735.00"
"Tue Feb 25 2025 12:50:00 GMT+0530 (India Standard Time)","5735.00","5735.70","5730.00","5735.70"
"Tue Feb 25 2025 12:55:00 GMT+0530 (India Standard Time)","5735.70","5736.10","5733.20","5735.40"
"Tue Feb 25 2025 13:00:00 GMT+0530 (India Standard Time)","5735.40","5743.55","5735.40","5740.00"
"Tue Feb 25 2025 13:05:00 GMT+0530 (India Standard Time)","5740.00","5740.75","5734.30","5737.50"
"Tue Feb 25 2025 13:10:00 GMT+0530 (India Standard Time)","5737.50","5745.80","5734.85","5741.00"
"Tue Feb 25 2025 13:15:00 GMT+0530 (India Standard Time)","5742.35","5742.45","5730.00","5731.00"
"Tue Feb 25 2025 13:20:00 GMT+0530 (India Standard Time)","5730.05","5731.00","5710.00","5716.00"
"Tue Feb 25 2025 13:25:00 GMT+0530 (India Standard Time)","5714.20","5717.50","5710.00","5711.80"
"Tue Feb 25 2025 13:30:00 GMT+0530 (India Standard Time)","5710.05","5720.00","5710.05","5717.80"
"Tue Feb 25 2025 13:35:00 GMT+0530 (India Standard Time)","5715.15","5718.00","5708.35","5712.40"
"Tue Feb 25 2025 13:40:00 GMT+0530 (India Standard Time)","5712.40","5718.90","5709.85","5713.00"
"Tue Feb 25 2025 13:45:00 GMT+0530 (India Standard Time)","5713.00","5714.70","5709.00","5712.60"
"Tue Feb 25 2025 13:50:00 GMT+0530 (India Standard Time)","5712.50","5717.00","5710.00","5715.60"
"Tue Feb 25 2025 13:55:00 GMT+0530 (India Standard Time)","5715.60","5716.30","5710.00","5710.05"
"Tue Feb 25 2025 14:00:00 GMT+0530 (India Standard Time)","5710.05","5713.75","5705.00","5709.55"
"Tue Feb 25 2025 14:05:00 GMT+0530 (India Standard Time)","5711.55","5711.55","5702.00","5702.10"
"Tue Feb 25 2025 14:10:00 GMT+0530 (India Standard Time)","5703.75","5714.05","5702.05","5713.70"
"Tue Feb 25 2025 14:15:00 GMT+0530 (India Standard Time)","5713.70","5714.95","5710.00","5711.90"
"Tue Feb 25 2025 14:20:00 GMT+0530 (India Standard Time)","5711.90","5714.00","5710.00","5710.80"
"Tue Feb 25 2025 14:25:00 GMT+0530 (India Standard Time)","5710.80","5714.00","5710.00","5713.00"
"Tue Feb 25 2025 14:30:00 GMT+0530 (India Standard Time)","5713.00","5714.30","5710.00","5710.00"
"Tue Feb 25 2025 14:35:00 GMT+0530 (India Standard Time)","5710.00","5712.70","5710.00","5711.00"
"Tue Feb 25 2025 14:40:00 GMT+0530 (India Standard Time)","5711.00","5714.90","5711.00","5712.95"
"Tue Feb 25 2025 14:45:00 GMT+0530 (India Standard Time)","5712.95","5714.10","5705.65","5709.45"
"Tue Feb 25 2025 14:50:00 GMT+0530 (India Standard Time)","5709.45","5712.15","5705.00","5711.00"
"Tue Feb 25 2025 14:55:00 GMT+0530 (India Standard Time)","5711.00","5711.00","5706.00","5709.60"
"Tue Feb 25 2025 15:00:00 GMT+0530 (India Standard Time)","5709.00","5709.45","5702.10","5703.80"
"Tue Feb 25 2025 15:05:00 GMT+0530 (India Standard Time)","5702.20","5709.35","5701.00","5709.35"
"Tue Feb 25 2025 15:10:00 GMT+0530 (India Standard Time)","5710.00","5711.05","5702.00","5704.00"
"Tue Feb 25 2025 15:15:00 GMT+0530 (India Standard Time)","5702.20","5704.00","5691.00","5691.70"
"Tue Feb 25 2025 15:20:00 GMT+0530 (India Standard Time)","5691.70","5693.95","5678.00","5687.10"
"Tue Feb 25 2025 15:25:00 GMT+0530 (India Standard Time)","5687.75","5689.00","5675.00","5681.95"
"Thu Feb 27 2025 09:15:00 GMT+0530 (India Standard Time)","5695.65","5721.55","5665.85","5669.15"
"Thu Feb 27 2025 09:20:00 GMT+0530 (India Standard Time)","5671.70","5690.30","5656.00","5661.20"
"Thu Feb 27 2025 09:25:00 GMT+0530 (India Standard Time)","5663.75","5675.00","5643.55","5648.00"
"Thu Feb 27 2025 09:30:00 GMT+0530 (India Standard Time)","5648.00","5675.00","5648.00","5666.60"
"Thu Feb 27 2025 09:35:00 GMT+0530 (India Standard Time)","5671.25","5671.25","5626.15","5632.80"
"Thu Feb 27 2025 09:40:00 GMT+0530 (India Standard Time)","5632.35","5633.05","5623.40","5628.05"
"Thu Feb 27 2025 09:45:00 GMT+0530 (India Standard Time)","5628.05","5646.95","5624.80","5642.00"
"Thu Feb 27 2025 09:50:00 GMT+0530 (India Standard Time)","5642.00","5642.00","5625.60","5628.20"
"Thu Feb 27 2025 09:55:00 GMT+0530 (India Standard Time)","5628.20","5653.00","5617.00","5641.30"
"Thu Feb 27 2025 10:00:00 GMT+0530 (India Standard Time)","5641.30","5647.85","5638.75","5640.00"
"Thu Feb 27 2025 10:05:00 GMT+0530 (India Standard Time)","5640.00","5647.00","5630.00","5647.00"
"Thu Feb 27 2025 10:10:00 GMT+0530 (India Standard Time)","5647.00","5649.10","5632.80","5639.90"
"Thu Feb 27 2025 10:15:00 GMT+0530 (India Standard Time)","5639.40","5643.90","5634.00","5643.90"
"Thu Feb 27 2025 10:20:00 GMT+0530 (India Standard Time)","5645.00","5649.10","5631.20","5643.00"
"Thu Feb 27 2025 10:25:00 GMT+0530 (India Standard Time)","5643.00","5657.25","5635.20","5657.25"
"Thu Feb 27 2025 10:30:00 GMT+0530 (India Standard Time)","5657.25","5669.70","5654.25","5667.90"
"Thu Feb 27 2025 10:35:00 GMT+0530 (India Standard Time)","5667.90","5675.90","5663.00","5663.25"
"Thu Feb 27 2025 10:40:00 GMT+0530 (India Standard Time)","5663.25","5666.50","5651.45","5662.80"
"Thu Feb 27 2025 10:45:00 GMT+0530 (India Standard Time)","5662.80","5662.80","5651.15","5657.85"
"Thu Feb 27 2025 10:50:00 GMT+0530 (India Standard Time)","5657.85","5664.95","5651.05","5652.65"
"Thu Feb 27 2025 10:55:00 GMT+0530 (India Standard Time)","5652.65","5658.60","5650.55","5654.55"
"Thu Feb 27 2025 11:00:00 GMT+0530 (India Standard Time)","5654.55","5657.60","5650.05","5651.55"
"Thu Feb 27 2025 11:05:00 GMT+0530 (India Standard Time)","5651.55","5657.00","5650.30","5657.00"
"Thu Feb 27 2025 11:10:00 GMT+0530 (India Standard Time)","5657.00","5668.00","5657.00","5667.95"
"Thu Feb 27 2025 11:15:00 GMT+0530 (India Standard Time)","5667.95","5668.00","5655.00","5657.30"
"Thu Feb 27 2025 11:20:00 GMT+0530 (India Standard Time)","5657.25","5666.45","5654.60","5654.60"
"Thu Feb 27 2025 11:25:00 GMT+0530 (India Standard Time)","5654.60","5654.80","5646.50","5646.90"
"Thu Feb 27 2025 11:30:00 GMT+0530 (India Standard Time)","5646.90","5649.90","5636.90","5639.70"
"Thu Feb 27 2025 11:35:00 GMT+0530 (India Standard Time)","5639.70","5639.70","5625.10","5625.10"
"Thu Feb 27 2025 11:40:00 GMT+0530 (India Standard Time)","5627.70","5650.00","5625.00","5643.90"
"Thu Feb 27 2025 11:45:00 GMT+0530 (India Standard Time)","5643.90","5649.90","5642.25","5646.80"
"Thu Feb 27 2025 11:50:00 GMT+0530 (India Standard Time)","5646.80","5648.65","5640.00","5641.00"
"Thu Feb 27 2025 11:55:00 GMT+0530 (India Standard Time)","5641.00","5641.00","5637.00","5638.00"
"Thu Feb 27 2025 12:00:00 GMT+0530 (India Standard Time)","5638.00","5638.55","5627.05","5627.30"
"Thu Feb 27 2025 12:05:00 GMT+0530 (India Standard Time)","5627.30","5634.80","5627.05","5629.45"
"Thu Feb 27 2025 12:10:00 GMT+0530 (India Standard Time)","5629.45","5629.45","5621.00","5621.00"
"Thu Feb 27 2025 12:15:00 GMT+0530 (India Standard Time)","5621.00","5625.00","5618.00","5620.75"
"Thu Feb 27 2025 12:20:00 GMT+0530 (India Standard Time)","5620.00","5620.00","5601.00","5602.00"
"Thu Feb 27 2025 12:25:00 GMT+0530 (India Standard Time)","5602.00","5614.50","5578.55","5580.80"
"Thu Feb 27 2025 12:30:00 GMT+0530 (India Standard Time)","5580.80","5584.00","5574.00","5583.95"
"Thu Feb 27 2025 12:35:00 GMT+0530 (India Standard Time)","5583.00","5595.50","5579.00","5590.00"
"Thu Feb 27 2025 12:40:00 GMT+0530 (India Standard Time)","5590.00","5603.40","5588.00","5599.80"
"Thu Feb 27 2025 12:45:00 GMT+0530 (India Standard Time)","5599.80","5599.90","5584.70","5584.70"
"Thu Feb 27 2025 12:50:00 GMT+0530 (India Standard Time)","5584.70","5588.30","5583.00","5588.00"
"Thu Feb 27 2025 12:55:00 GMT+0530 (India Standard Time)","5588.00","5599.00","5585.00","5590.85"
"Thu Feb 27 2025 13:00:00 GMT+0530 (India Standard Time)","5590.85","5594.80","5585.00","5585.00"
"Thu Feb 27 2025 13:05:00 GMT+0530 (India Standard Time)","5585.00","5587.95","5578.70","5582.00"
"Thu Feb 27 2025 13:10:00 GMT+0530 (India Standard Time)","5582.00","5585.00","5582.00","5583.15"
"Thu Feb 27 2025 13:15:00 GMT+0530 (India Standard Time)","5581.20","5584.90","5580.20","5580.20"
"Thu Feb 27 2025 13:20:00 GMT+0530 (India Standard Time)","5580.20","5584.75","5579.75","5582.95"
"Thu Feb 27 2025 13:25:00 GMT+0530 (India Standard Time)","5582.95","5589.00","5572.05","5588.25"
"Thu Feb 27 2025 13:30:00 GMT+0530 (India Standard Time)","5588.25","5590.10","5585.00","5589.10"
"Thu Feb 27 2025 13:35:00 GMT+0530 (India Standard Time)","5589.10","5589.90","5570.05","5573.30"
"Thu Feb 27 2025 13:40:00 GMT+0530 (India Standard Time)","5573.30","5583.10","5573.30","5579.00"
"Thu Feb 27 2025 13:45:00 GMT+0530 (India Standard Time)","5579.00","5583.25","5574.10","5576.90"
"Thu Feb 27 2025 13:50:00 GMT+0530 (India Standard Time)","5577.10","5579.95","5572.00","5574.10"
"Thu Feb 27 2025 13:55:00 GMT+0530 (India Standard Time)","5574.10","5574.10","5561.25","5565.00"
"Thu Feb 27 2025 14:00:00 GMT+0530 (India Standard Time)","5565.00","5566.00","5555.00","5559.00"
"Thu Feb 27 2025 14:05:00 GMT+0530 (India Standard Time)","5559.00","5562.10","5552.55","5559.90"
"Thu Feb 27 2025 14:10:00 GMT+0530 (India Standard Time)","5559.90","5562.10","5554.50","5556.10"
"Thu Feb 27 2025 14:15:00 GMT+0530 (India Standard Time)","5556.10","5562.00","5555.50","5560.35"
"Thu Feb 27 2025 14:20:00 GMT+0530 (India Standard Time)","5561.85","5563.50","5551.00","5552.00"
"Thu Feb 27 2025 14:25:00 GMT+0530 (India Standard Time)","5552.00","5555.10","5551.05","5554.90"
"Thu Feb 27 2025 14:30:00 GMT+0530 (India Standard Time)","5554.90","5554.90","5546.05","5550.05"
"Thu Feb 27 2025 14:35:00 GMT+0530 (India Standard Time)","5549.65","5550.00","5530.05","5530.50"
"Thu Feb 27 2025 14:40:00 GMT+0530 (India Standard Time)","5530.00","5535.00","5528.60","5530.70"
"Thu Feb 27 2025 14:45:00 GMT+0530 (India Standard Time)","5529.00","5530.45","5513.45","5514.95"
"Thu Feb 27 2025 14:50:00 GMT+0530 (India Standard Time)","5515.00","5531.85","5514.00","5526.55"
"Thu Feb 27 2025 14:55:00 GMT+0530 (India Standard Time)","5528.70","5536.80","5524.65","5532.50"
"Thu Feb 27 2025 15:00:00 GMT+0530 (India Standard Time)","5533.85","5584.45","5533.85","5584.45"
"Thu Feb 27 2025 15:05:00 GMT+0530 (India Standard Time)","5584.25","5600.00","5582.70","5588.55"
"Thu Feb 27 2025 15:10:00 GMT+0530 (India Standard Time)","5595.40","5595.40","5575.00","5576.75"
"Thu Feb 27 2025 15:15:00 GMT+0530 (India Standard Time)","5576.95","5576.95","5544.00","5554.25"
"Thu Feb 27 2025 15:20:00 GMT+0530 (India Standard Time)","5553.00","5553.95","5541.05","5546.60"
"Thu Feb 27 2025 15:25:00 GMT+0530 (India Standard Time)","5546.60","5551.70","5541.15","5547.00"
"Fri Feb 28 2025 09:15:00 GMT+0530 (India Standard Time)","5514.10","5563.00","5481.00","5481.00"
"Fri Feb 28 2025 09:20:00 GMT+0530 (India Standard Time)","5484.40","5549.95","5478.60","5518.10"
"Fri Feb 28 2025 09:25:00 GMT+0530 (India Standard Time)","5515.00","5515.00","5471.00","5473.55"
"Fri Feb 28 2025 09:30:00 GMT+0530 (India Standard Time)","5469.75","5471.95","5415.05","5419.60"
"Fri Feb 28 2025 09:35:00 GMT+0530 (India Standard Time)","5419.60","5459.55","5419.60","5432.90"
"Fri Feb 28 2025 09:40:00 GMT+0530 (India Standard Time)","5429.00","5460.50","5429.00","5437.00"
"Fri Feb 28 2025 09:45:00 GMT+0530 (India Standard Time)","5436.70","5457.95","5416.00","5423.20"
"Fri Feb 28 2025 09:50:00 GMT+0530 (India Standard Time)","5423.20","5430.00","5418.00","5422.20"
"Fri Feb 28 2025 09:55:00 GMT+0530 (India Standard Time)","5422.20","5423.50","5392.80","5406.30"
"Fri Feb 28 2025 10:00:00 GMT+0530 (India Standard Time)","5406.30","5418.10","5386.15","5393.65"
"Fri Feb 28 2025 10:05:00 GMT+0530 (India Standard Time)","5393.80","5395.20","5378.30","5381.90"
"Fri Feb 28 2025 10:10:00 GMT+0530 (India Standard Time)","5382.70","5390.10","5376.95","5390.10"
"Fri Feb 28 2025 10:15:00 GMT+0530 (India Standard Time)","5390.10","5413.30","5390.10","5406.60"
"Fri Feb 28 2025 10:20:00 GMT+0530 (India Standard Time)","5406.60","5409.30","5380.05","5405.00"
"Fri Feb 28 2025 10:25:00 GMT+0530 (India Standard Time)","5405.00","5405.00","5384.20","5389.50"
"Fri Feb 28 2025 10:30:00 GMT+0530 (India Standard Time)","5389.50","5399.40","5387.00","5396.25"
"Fri Feb 28 2025 10:35:00 GMT+0530 (India Standard Time)","5396.25","5407.45","5391.00","5405.10"
"Fri Feb 28 2025 10:40:00 GMT+0530 (India Standard Time)","5405.10","5428.80","5405.10","5414.90"
"Fri Feb 28 2025 10:45:00 GMT+0530 (India Standard Time)","5414.90","5422.85","5400.00","5405.90"
"Fri Feb 28 2025 10:50:00 GMT+0530 (India Standard Time)","5405.90","5405.90","5391.25","5397.40"
"Fri Feb 28 2025 10:55:00 GMT+0530 (India Standard Time)","5397.00","5404.95","5365.85","5372.35"
"Fri Feb 28 2025 11:00:00 GMT+0530 (India Standard Time)","5371.10","5374.95","5348.75","5355.15"
"Fri Feb 28 2025 11:05:00 GMT+0530 (India Standard Time)","5351.55","5366.95","5331.00","5343.90"
"Fri Feb 28 2025 11:10:00 GMT+0530 (India Standard Time)","5343.90","5349.90","5325.55","5332.55"
"Fri Feb 28 2025 11:15:00 GMT+0530 (India Standard Time)","5332.55","5344.65","5325.55","5338.85"
"Fri Feb 28 2025 11:20:00 GMT+0530 (India Standard Time)","5338.85","5340.00","5330.25","5337.80"
"Fri Feb 28 2025 11:25:00 GMT+0530 (India Standard Time)","5337.80","5366.00","5334.75","5366.00"
"Fri Feb 28 2025 11:30:00 GMT+0530 (India Standard Time)","5366.00","5394.60","5365.65","5372.90"
"Fri Feb 28 2025 11:35:00 GMT+0530 (India Standard Time)","5372.90","5383.95","5365.05","5375.40"
"Fri Feb 28 2025 11:40:00 GMT+0530 (India Standard Time)","5375.40","5375.80","5351.75","5360.00"
"Fri Feb 28 2025 11:45:00 GMT+0530 (India Standard Time)","5360.60","5360.60","5346.75","5352.25"
"Fri Feb 28 2025 11:50:00 GMT+0530 (India Standard Time)","5352.25","5359.80","5352.25","5357.40"
"Fri Feb 28 2025 11:55:00 GMT+0530 (India Standard Time)","5357.75","5375.95","5356.00","5366.35"
"Fri Feb 28 2025 12:00:00 GMT+0530 (India Standard Time)","5366.35","5366.35","5347.00","5354.95"
"Fri Feb 28 2025 12:05:00 GMT+0530 (India Standard Time)","5354.95","5363.90","5347.30","5353.95"
"Fri Feb 28 2025 12:10:00 GMT+0530 (India Standard Time)","5353.95","5369.30","5350.90","5369.00"
"Fri Feb 28 2025 12:15:00 GMT+0530 (India Standard Time)","5369.00","5376.00","5366.00","5371.00"
"Fri Feb 28 2025 12:20:00 GMT+0530 (India Standard Time)","5371.00","5374.90","5355.95","5362.30"
"Fri Feb 28 2025 12:25:00 GMT+0530 (India Standard Time)","5362.30","5369.50","5352.30","5367.70"
"Fri Feb 28 2025 12:30:00 GMT+0530 (India Standard Time)","5367.70","5369.20","5350.45","5354.20"
"Fri Feb 28 2025 12:35:00 GMT+0530 (India Standard Time)","5354.20","5355.65","5330.15","5334.40"
"Fri Feb 28 2025 12:40:00 GMT+0530 (India Standard Time)","5334.40","5335.50","5327.00","5329.50"
"Fri Feb 28 2025 12:45:00 GMT+0530 (India Standard Time)","5329.50","5332.00","5321.00","5328.30"
"Fri Feb 28 2025 12:50:00 GMT+0530 (India Standard Time)","5328.30","5329.85","5311.80","5317.70"
"Fri Feb 28 2025 12:55:00 GMT+0530 (India Standard Time)","5317.45","5318.75","5302.55","5311.50"
"Fri Feb 28 2025 13:00:00 GMT+0530 (India Standard Time)","5311.50","5348.00","5308.00","5344.60"
"Fri Feb 28 2025 13:05:00 GMT+0530 (India Standard Time)","5343.00","5350.00","5337.05","5349.85"
"Fri Feb 28 2025 13:10:00 GMT+0530 (India Standard Time)","5349.80","5368.75","5346.65","5360.00"
"Fri Feb 28 2025 13:15:00 GMT+0530 (India Standard Time)","5360.00","5377.85","5355.55","5365.95"
"Fri Feb 28 2025 13:20:00 GMT+0530 (India Standard Time)","5365.95","5370.00","5360.00","5365.15"
"Fri Feb 28 2025 13:25:00 GMT+0530 (India Standard Time)","5365.00","5374.40","5362.40","5367.70"
"Fri Feb 28 2025 13:30:00 GMT+0530 (India Standard Time)","5367.70","5374.80","5366.10","5371.75"
"Fri Feb 28 2025 13:35:00 GMT+0530 (India Standard Time)","5371.65","5372.70","5352.05","5372.30"
"Fri Feb 28 2025 13:40:00 GMT+0530 (India Standard Time)","5372.30","5384.75","5371.00","5382.40"
"Fri Feb 28 2025 13:45:00 GMT+0530 (India Standard Time)","5382.95","5392.75","5380.00","5392.60"
"Fri Feb 28 2025 13:50:00 GMT+0530 (India Standard Time)","5392.60","5397.00","5369.80","5376.30"
"Fri Feb 28 2025 13:55:00 GMT+0530 (India Standard Time)","5376.30","5391.00","5373.95","5384.00"
"Fri Feb 28 2025 14:00:00 GMT+0530 (India Standard Time)","5384.00","5384.00","5365.85","5374.70"
"Fri Feb 28 2025 14:05:00 GMT+0530 (India Standard Time)","5374.70","5385.60","5374.00","5381.75"
"Fri Feb 28 2025 14:10:00 GMT+0530 (India Standard Time)","5384.35","5387.35","5372.10","5377.60"
"Fri Feb 28 2025 14:15:00 GMT+0530 (India Standard Time)","5377.60","5386.25","5361.70","5365.05"
"Fri Feb 28 2025 14:20:00 GMT+0530 (India Standard Time)","5365.30","5378.70","5363.45","5376.70"
"Fri Feb 28 2025 14:25:00 GMT+0530 (India Standard Time)","5376.10","5380.00","5370.00","5374.40"
"Fri Feb 28 2025 14:30:00 GMT+0530 (India Standard Time)","5375.00","5379.00","5369.50","5370.90"
"Fri Feb 28 2025 14:35:00 GMT+0530 (India Standard Time)","5372.20","5374.80","5364.85","5370.95"
"Fri Feb 28 2025 14:40:00 GMT+0530 (India Standard Time)","5370.95","5393.80","5369.75","5393.80"
"Fri Feb 28 2025 14:45:00 GMT+0530 (India Standard Time)","5391.55","5404.85","5389.95","5390.00"
"Fri Feb 28 2025 14:50:00 GMT+0530 (India Standard Time)","5390.00","5396.35","5385.00","5390.95"
"Fri Feb 28 2025 14:55:00 GMT+0530 (India Standard Time)","5391.60","5395.00","5382.05","5393.60"
"Fri Feb 28 2025 15:00:00 GMT+0530 (India Standard Time)","5393.65","5417.55","5368.00","5410.00"
"Fri Feb 28 2025 15:05:00 GMT+0530 (India Standard Time)","5410.00","5421.85","5403.70","5414.85"
"Fri Feb 28 2025 15:10:00 GMT+0530 (India Standard Time)","5414.85","5420.00","5407.25","5418.25"
"Fri Feb 28 2025 15:15:00 GMT+0530 (India Standard Time)","5416.55","5421.85","5412.15","5417.00"
"Fri Feb 28 2025 15:20:00 GMT+0530 (India Standard Time)","5416.90","5424.00","5401.95","5404.95"
"Fri Feb 28 2025 15:25:00 GMT+0530 (India Standard Time)","5404.95","5420.00","5400.00","5412.00"
"Mon Mar 03 2025 09:15:00 GMT+0530 (India Standard Time)","5416.05","5477.00","5416.05","5434.15"
"Mon Mar 03 2025 09:20:00 GMT+0530 (India Standard Time)","5430.75","5448.50","5412.00","5424.05"
"Mon Mar 03 2025 09:25:00 GMT+0530 (India Standard Time)","5424.05","5445.00","5416.00","5421.95"
"Mon Mar 03 2025 09:30:00 GMT+0530 (India Standard Time)","5420.00","5428.90","5411.10","5417.80"
"Mon Mar 03 2025 09:35:00 GMT+0530 (India Standard Time)","5417.80","5443.30","5406.10","5434.45"
"Mon Mar 03 2025 09:40:00 GMT+0530 (India Standard Time)","5434.15","5463.00","5413.40","5420.00"
"Mon Mar 03 2025 09:45:00 GMT+0530 (India Standard Time)","5420.00","5440.00","5417.00","5440.00"
"Mon Mar 03 2025 09:50:00 GMT+0530 (India Standard Time)","5440.00","5449.00","5428.00","5431.10"
"Mon Mar 03 2025 09:55:00 GMT+0530 (India Standard Time)","5431.10","5437.15","5420.15","5424.50"
"Mon Mar 03 2025 10:00:00 GMT+0530 (India Standard Time)","5424.50","5427.00","5410.00","5410.00"
"Mon Mar 03 2025 10:05:00 GMT+0530 (India Standard Time)","5410.00","5410.00","5383.05","5384.60"
"Mon Mar 03 2025 10:10:00 GMT+0530 (India Standard Time)","5384.60","5384.75","5362.85","5366.90"
"Mon Mar 03 2025 10:15:00 GMT+0530 (India Standard Time)","5370.80","5386.60","5365.00","5386.60"
"Mon Mar 03 2025 10:20:00 GMT+0530 (India Standard Time)","5386.60","5394.15","5373.15","5386.00"
"Mon Mar 03 2025 10:25:00 GMT+0530 (India Standard Time)","5391.35","5448.80","5383.70","5446.25"
"Mon Mar 03 2025 10:30:00 GMT+0530 (India Standard Time)","5446.25","5447.75","5400.00","5413.30"
"Mon Mar 03 2025 10:35:00 GMT+0530 (India Standard Time)","5413.30","5424.75","5400.45","5418.15"
"Mon Mar 03 2025 10:40:00 GMT+0530 (India Standard Time)","5417.15","5419.90","5398.00","5408.95"
"Mon Mar 03 2025 10:45:00 GMT+0530 (India Standard Time)","5408.75","5433.70","5397.05","5414.65"
"Mon Mar 03 2025 10:50:00 GMT+0530 (India Standard Time)","5414.65","5437.20","5397.45","5413.95"
"Mon Mar 03 2025 10:55:00 GMT+0530 (India Standard Time)","5413.95","5428.15","5410.40","5418.80"
"Mon Mar 03 2025 11:00:00 GMT+0530 (India Standard Time)","5418.80","5427.95","5400.00","5405.20"
"Mon Mar 03 2025 11:05:00 GMT+0530 (India Standard Time)","5405.20","5412.00","5396.75","5406.00"
"Mon Mar 03 2025 11:10:00 GMT+0530 (India Standard Time)","5406.00","5411.00","5380.40","5394.85"
"Mon Mar 03 2025 11:15:00 GMT+0530 (India Standard Time)","5394.85","5398.10","5387.05","5390.00"
"Mon Mar 03 2025 11:20:00 GMT+0530 (India Standard Time)","5390.00","5405.10","5381.45","5400.85"
"Mon Mar 03 2025 11:25:00 GMT+0530 (India Standard Time)","5400.85","5407.70","5379.35","5383.65"
"Mon Mar 03 2025 11:30:00 GMT+0530 (India Standard Time)","5383.65","5399.00","5380.45","5393.25"
"Mon Mar 03 2025 11:35:00 GMT+0530 (India Standard Time)","5393.25","5393.25","5370.10","5378.00"
"Mon Mar 03 2025 11:40:00 GMT+0530 (India Standard Time)","5378.00","5389.60","5373.00","5375.10"
"Mon Mar 03 2025 11:45:00 GMT+0530 (India Standard Time)","5375.10","5389.05","5372.00","5379.30"
"Mon Mar 03 2025 11:50:00 GMT+0530 (India Standard Time)","5379.30","5379.85","5366.85","5371.35"
"Mon Mar 03 2025 11:55:00 GMT+0530 (India Standard Time)","5371.35","5378.45","5369.20","5373.50"
"Mon Mar 03 2025 12:00:00 GMT+0530 (India Standard Time)","5373.50","5374.25","5363.05","5368.45"
"Mon Mar 03 2025 12:05:00 GMT+0530 (India Standard Time)","5368.45","5389.50","5366.15","5384.70"
"Mon Mar 03 2025 12:10:00 GMT+0530 (India Standard Time)","5384.70","5403.30","5379.15","5402.00"
"Mon Mar 03 2025 12:15:00 GMT+0530 (India Standard Time)","5402.30","5405.00","5389.60","5394.45"
"Mon Mar 03 2025 12:20:00 GMT+0530 (India Standard Time)","5394.45","5421.10","5388.95","5414.80"
"Mon Mar 03 2025 12:25:00 GMT+0530 (India Standard Time)","5414.80","5419.80","5404.00","5407.20"
"Mon Mar 03 2025 12:30:00 GMT+0530 (India Standard Time)","5407.20","5428.45","5405.45","5428.45"
"Mon Mar 03 2025 12:35:00 GMT+0530 (India Standard Time)","5428.45","5435.00","5412.00","5417.95"
"Mon Mar 03 2025 12:40:00 GMT+0530 (India Standard Time)","5417.95","5428.85","5412.05","5423.45"
"Mon Mar 03 2025 12:45:00 GMT+0530 (India Standard Time)","5423.45","5445.00","5423.00","5445.00"
"Mon Mar 03 2025 12:50:00 GMT+0530 (India Standard Time)","5445.00","5445.00","5424.05","5430.00"
"Mon Mar 03 2025 12:55:00 GMT+0530 (India Standard Time)","5430.00","5430.00","5420.00","5422.95"
"Mon Mar 03 2025 13:00:00 GMT+0530 (India Standard Time)","5422.60","5425.60","5415.00","5424.75"
"Mon Mar 03 2025 13:05:00 GMT+0530 (India Standard Time)","5424.75","5440.50","5423.30","5438.00"
"Mon Mar 03 2025 13:10:00 GMT+0530 (India Standard Time)","5440.00","5458.90","5437.70","5458.90"
"Mon Mar 03 2025 13:15:00 GMT+0530 (India Standard Time)","5458.90","5468.80","5448.95","5455.10"
"Mon Mar 03 2025 13:20:00 GMT+0530 (India Standard Time)","5455.10","5457.65","5446.55","5448.10"
"Mon Mar 03 2025 13:25:00 GMT+0530 (India Standard Time)","5448.10","5452.30","5437.20","5440.10"
"Mon Mar 03 2025 13:30:00 GMT+0530 (India Standard Time)","5440.10","5443.00","5430.00","5440.00"
"Mon Mar 03 2025 13:35:00 GMT+0530 (India Standard Time)","5440.00","5453.90","5437.20","5453.25"
"Mon Mar 03 2025 13:40:00 GMT+0530 (India Standard Time)","5453.25","5454.95","5445.40","5454.85"
"Mon Mar 03 2025 13:45:00 GMT+0530 (India Standard Time)","5454.85","5464.95","5452.10","5462.60"
"Mon Mar 03 2025 13:50:00 GMT+0530 (India Standard Time)","5462.60","5464.65","5450.65","5451.85"
"Mon Mar 03 2025 13:55:00 GMT+0530 (India Standard Time)","5451.85","5456.05","5437.80","5438.50"
"Mon Mar 03 2025 14:00:00 GMT+0530 (India Standard Time)","5438.50","5454.80","5430.50","5454.80"
"Mon Mar 03 2025 14:05:00 GMT+0530 (India Standard Time)","5454.80","5454.80","5439.10","5439.90"
"Mon Mar 03 2025 14:10:00 GMT+0530 (India Standard Time)","5439.25","5459.45","5439.25","5457.05"
"Mon Mar 03 2025 14:15:00 GMT+0530 (India Standard Time)","5457.05","5459.95","5446.25","5452.65"
"Mon Mar 03 2025 14:20:00 GMT+0530 (India Standard Time)","5449.20","5460.00","5449.20","5456.25"
"Mon Mar 03 2025 14:25:00 GMT+0530 (India Standard Time)","5456.25","5472.45","5453.95","5466.90"
"Mon Mar 03 2025 14:30:00 GMT+0530 (India Standard Time)","5466.90","5471.95","5465.00","5467.00"
"Mon Mar 03 2025 14:35:00 GMT+0530 (India Standard Time)","5467.00","5470.00","5465.00","5468.90"
"Mon Mar 03 2025 14:40:00 GMT+0530 (India Standard Time)","5468.90","5475.00","5465.35","5471.55"
"Mon Mar 03 2025 14:45:00 GMT+0530 (India Standard Time)","5471.55","5475.00","5465.00","5465.00"
"Mon Mar 03 2025 14:50:00 GMT+0530 (India Standard Time)","5465.00","5472.00","5465.00","5471.00"
"Mon Mar 03 2025 14:55:00 GMT+0530 (India Standard Time)","5471.00","5475.00","5466.95","5473.00"
"Mon Mar 03 2025 15:00:00 GMT+0530 (India Standard Time)","5473.00","5473.00","5465.00","5471.45"
"Mon Mar 03 2025 15:05:00 GMT+0530 (India Standard Time)","5467.70","5470.00","5457.25","5459.60"
"Mon Mar 03 2025 15:10:00 GMT+0530 (India Standard Time)","5459.60","5463.00","5451.45","5451.45"
"Mon Mar 03 2025 15:15:00 GMT+0530 (India Standard Time)","5455.15","5455.15","5441.05","5451.50"
"Mon Mar 03 2025 15:20:00 GMT+0530 (India Standard Time)","5452.40","5458.90","5446.30","5455.50"
"Mon Mar 03 2025 15:25:00 GMT+0530 (India Standard Time)","5455.50","5458.00","5444.20","5450.00"
"Tue Mar 04 2025 09:15:00 GMT+0530 (India Standard Time)","5443.00","5443.00","5352.00","5358.30"
"Tue Mar 04 2025 09:20:00 GMT+0530 (India Standard Time)","5358.30","5407.00","5350.00","5392.85"
"Tue Mar 04 2025 09:25:00 GMT+0530 (India Standard Time)","5392.85","5395.05","5366.60","5381.85"
"Tue Mar 04 2025 09:30:00 GMT+0530 (India Standard Time)","5381.85","5421.00","5380.00","5412.25"
"Tue Mar 04 2025 09:35:00 GMT+0530 (India Standard Time)","5412.30","5429.95","5392.15","5426.40"
"Tue Mar 04 2025 09:40:00 GMT+0530 (India Standard Time)","5426.40","5430.00","5414.00","5427.55"
"Tue Mar 04 2025 09:45:00 GMT+0530 (India Standard Time)","5427.50","5437.00","5418.00","5435.00"
"Tue Mar 04 2025 09:50:00 GMT+0530 (India Standard Time)","5433.95","5447.00","5433.95","5447.00"
"Tue Mar 04 2025 09:55:00 GMT+0530 (India Standard Time)","5447.00","5454.50","5439.45","5450.30"
"Tue Mar 04 2025 10:00:00 GMT+0530 (India Standard Time)","5450.30","5466.75","5443.30","5464.85"
"Tue Mar 04 2025 10:05:00 GMT+0530 (India Standard Time)","5464.75","5465.00","5443.70","5447.05"
"Tue Mar 04 2025 10:10:00 GMT+0530 (India Standard Time)","5447.05","5462.00","5443.05","5459.20"
"Tue Mar 04 2025 10:15:00 GMT+0530 (India Standard Time)","5459.20","5481.00","5457.10","5472.70"
"Tue Mar 04 2025 10:20:00 GMT+0530 (India Standard Time)","5472.80","5472.80","5453.65","5463.55"
"Tue Mar 04 2025 10:25:00 GMT+0530 (India Standard Time)","5463.55","5463.55","5443.00","5445.00"
"Tue Mar 04 2025 10:30:00 GMT+0530 (India Standard Time)","5445.00","5455.00","5434.00","5454.50"
"Tue Mar 04 2025 10:35:00 GMT+0530 (India Standard Time)","5454.50","5464.00","5445.50","5451.65"
"Tue Mar 04 2025 10:40:00 GMT+0530 (India Standard Time)","5451.65","5464.00","5449.60","5458.55"
"Tue Mar 04 2025 10:45:00 GMT+0530 (India Standard Time)","5458.55","5473.95","5454.00","5471.70"
"Tue Mar 04 2025 10:50:00 GMT+0530 (India Standard Time)","5471.70","5471.70","5456.25","5459.10"
"Tue Mar 04 2025 10:55:00 GMT+0530 (India Standard Time)","5459.10","5460.00","5451.40","5454.45"
"Tue Mar 04 2025 11:00:00 GMT+0530 (India Standard Time)","5454.45","5467.85","5452.15","5463.00"
"Tue Mar 04 2025 11:05:00 GMT+0530 (India Standard Time)","5463.00","5472.45","5460.35","5465.20"
"Tue Mar 04 2025 11:10:00 GMT+0530 (India Standard Time)","5465.25","5465.25","5440.30","5442.00"
"Tue Mar 04 2025 11:15:00 GMT+0530 (India Standard Time)","5443.65","5449.60","5440.00","5446.45"
"Tue Mar 04 2025 11:20:00 GMT+0530 (India Standard Time)","5446.45","5452.30","5440.30","5451.85"
"Tue Mar 04 2025 11:25:00 GMT+0530 (India Standard Time)","5451.85","5451.95","5440.10","5447.15"
"Tue Mar 04 2025 11:30:00 GMT+0530 (India Standard Time)","5446.95","5450.00","5439.45","5445.00"
"Tue Mar 04 2025 11:35:00 GMT+0530 (India Standard Time)","5445.00","5469.75","5443.00","5459.00"
"Tue Mar 04 2025 11:40:00 GMT+0530 (India Standard Time)","5459.00","5459.00","5449.80","5453.05"
"Tue Mar 04 2025 11:45:00 GMT+0530 (India Standard Time)","5453.05","5453.05","5421.15","5440.20"
"Tue Mar 04 2025 11:50:00 GMT+0530 (India Standard Time)","5440.20","5445.30","5436.25","5440.00"
"Tue Mar 04 2025 11:55:00 GMT+0530 (India Standard Time)","5440.00","5440.00","5428.95","5437.85"
"Tue Mar 04 2025 12:00:00 GMT+0530 (India Standard Time)","5437.85","5438.35","5416.50","5421.95"
"Tue Mar 04 2025 12:05:00 GMT+0530 (India Standard Time)","5421.95","5422.00","5410.05","5420.40"
"Tue Mar 04 2025 12:10:00 GMT+0530 (India Standard Time)","5420.40","5421.00","5410.55","5412.70"
"Tue Mar 04 2025 12:15:00 GMT+0530 (India Standard Time)","5412.70","5412.70","5403.15","5408.00"
"Tue Mar 04 2025 12:20:00 GMT+0530 (India Standard Time)","5408.00","5415.00","5406.00","5409.50"
"Tue Mar 04 2025 12:25:00 GMT+0530 (India Standard Time)","5409.50","5414.80","5406.00","5412.95"
"Tue Mar 04 2025 12:30:00 GMT+0530 (India Standard Time)","5412.95","5421.95","5407.20","5409.40"
"Tue Mar 04 2025 12:35:00 GMT+0530 (India Standard Time)","5409.40","5415.10","5406.05","5406.10"
"Tue Mar 04 2025 12:40:00 GMT+0530 (India Standard Time)","5406.10","5408.75","5391.70","5393.90"
"Tue Mar 04 2025 12:45:00 GMT+0530 (India Standard Time)","5393.90","5401.25","5391.30","5394.80"
"Tue Mar 04 2025 12:50:00 GMT+0530 (India Standard Time)","5392.25","5394.65","5388.00","5390.95"
"Tue Mar 04 2025 12:55:00 GMT+0530 (India Standard Time)","5389.30","5393.65","5388.00","5390.45"
"Tue Mar 04 2025 13:00:00 GMT+0530 (India Standard Time)","5390.45","5397.85","5385.00","5394.05"
"Tue Mar 04 2025 13:05:00 GMT+0530 (India Standard Time)","5394.05","5399.25","5391.25","5396.20"
"Tue Mar 04 2025 13:10:00 GMT+0530 (India Standard Time)","5396.20","5396.20","5381.00","5388.65"
"Tue Mar 04 2025 13:15:00 GMT+0530 (India Standard Time)","5388.65","5398.15","5385.65","5397.90"
"Tue Mar 04 2025 13:20:00 GMT+0530 (India Standard Time)","5397.90","5398.00","5388.55","5393.35"
"Tue Mar 04 2025 13:25:00 GMT+0530 (India Standard Time)","5393.35","5395.40","5387.00","5388.25"
"Tue Mar 04 2025 13:30:00 GMT+0530 (India Standard Time)","5388.25","5394.05","5386.00","5387.85"
"Tue Mar 04 2025 13:35:00 GMT+0530 (India Standard Time)","5387.85","5393.60","5386.05","5388.90"
"Tue Mar 04 2025 13:40:00 GMT+0530 (India Standard Time)","5388.90","5390.55","5380.00","5387.80"
"Tue Mar 04 2025 13:45:00 GMT+0530 (India Standard Time)","5387.80","5399.00","5386.00","5397.70"
"Tue Mar 04 2025 13:50:00 GMT+0530 (India Standard Time)","5397.70","5408.00","5392.55","5406.05"
"Tue Mar 04 2025 13:55:00 GMT+0530 (India Standard Time)","5406.05","5409.00","5400.15","5406.40"
"Tue Mar 04 2025 14:00:00 GMT+0530 (India Standard Time)","5406.40","5409.00","5400.15","5402.95"
"Tue Mar 04 2025 14:05:00 GMT+0530 (India Standard Time)","5402.95","5412.00","5395.15","5412.00"
"Tue Mar 04 2025 14:10:00 GMT+0530 (India Standard Time)","5412.00","5419.50","5408.05","5418.50"
"Tue Mar 04 2025 14:15:00 GMT+0530 (India Standard Time)","5418.20","5423.00","5415.00","5423.00"
"Tue Mar 04 2025 14:20:00 GMT+0530 (India Standard Time)","5423.00","5423.00","5412.80","5419.40"
"Tue Mar 04 2025 14:25:00 GMT+0530 (India Standard Time)","5419.40","5429.00","5415.75","5429.00"
"Tue Mar 04 2025 14:30:00 GMT+0530 (India Standard Time)","5427.85","5434.85","5422.20","5431.95"
"Tue Mar 04 2025 14:35:00 GMT+0530 (India Standard Time)","5431.95","5435.00","5430.00","5433.75"
"Tue Mar 04 2025 14:40:00 GMT+0530 (India Standard Time)","5433.75","5433.90","5427.00","5428.65"
"Tue Mar 04 2025 14:45:00 GMT+0530 (India Standard Time)","5431.90","5440.00","5430.30","5435.60"
"Tue Mar 04 2025 14:50:00 GMT+0530 (India Standard Time)","5435.60","5442.00","5434.50","5438.00"
"Tue Mar 04 2025 14:55:00 GMT+0530 (India Standard Time)","5438.00","5439.85","5434.95","5439.50"
"Tue Mar 04 2025 15:00:00 GMT+0530 (India Standard Time)","5439.50","5439.50","5400.95","5404.05"
"Tue Mar 04 2025 15:05:00 GMT+0530 (India Standard Time)","5404.95","5410.15","5400.30","5406.00"
"Tue Mar 04 2025 15:10:00 GMT+0530 (India Standard Time)","5406.00","5406.00","5390.05","5391.95"
"Tue Mar 04 2025 15:15:00 GMT+0530 (India Standard Time)","5391.45","5393.90","5375.00","5380.10"
"Tue Mar 04 2025 15:20:00 GMT+0530 (India Standard Time)","5380.10","5387.30","5375.25","5382.00"
"Tue Mar 04 2025 15:25:00 GMT+0530 (India Standard Time)","5382.00","5388.95","5372.15","5388.00"
"Wed Mar 05 2025 09:15:00 GMT+0530 (India Standard Time)","5410.00","5468.00","5400.15","5462.30"
"Wed Mar 05 2025 09:20:00 GMT+0530 (India Standard Time)","5470.85","5529.05","5465.00","5525.00"
"Wed Mar 05 2025 09:25:00 GMT+0530 (India Standard Time)","5521.45","5528.20","5491.55","5520.15"
"Wed Mar 05 2025 09:30:00 GMT+0530 (India Standard Time)","5522.90","5537.00","5503.30","5509.00"
"Wed Mar 05 2025 09:35:00 GMT+0530 (India Standard Time)","5509.00","5529.15","5507.00","5521.80"
"Wed Mar 05 2025 09:40:00 GMT+0530 (India Standard Time)","5521.80","5543.70","5518.70","5533.35"
"Wed Mar 05 2025 09:45:00 GMT+0530 (India Standard Time)","5532.65","5538.70","5521.85","5530.30"
"Wed Mar 05 2025 09:50:00 GMT+0530 (India Standard Time)","5530.30","5536.80","5517.05","5523.25"
"Wed Mar 05 2025 09:55:00 GMT+0530 (India Standard Time)","5523.25","5529.80","5519.60","5519.85"
"Wed Mar 05 2025 10:00:00 GMT+0530 (India Standard Time)","5519.85","5527.80","5500.65","5527.80"
"Wed Mar 05 2025 10:05:00 GMT+0530 (India Standard Time)","5527.60","5540.05","5526.05","5540.05"
"Wed Mar 05 2025 10:10:00 GMT+0530 (India Standard Time)","5540.05","5554.00","5517.05","5528.95"
"Wed Mar 05 2025 10:15:00 GMT+0530 (India Standard Time)","5530.05","5534.90","5505.40","5521.45"
"Wed Mar 05 2025 10:20:00 GMT+0530 (India Standard Time)","5519.85","5524.00","5515.00","5523.45"
"Wed Mar 05 2025 10:25:00 GMT+0530 (India Standard Time)","5523.40","5529.75","5514.00","5516.25"
"Wed Mar 05 2025 10:30:00 GMT+0530 (India Standard Time)","5516.80","5521.65","5505.00","5516.75"
"Wed Mar 05 2025 10:35:00 GMT+0530 (India Standard Time)","5518.85","5528.95","5510.95","5522.10"
"Wed Mar 05 2025 10:40:00 GMT+0530 (India Standard Time)","5522.10","5522.15","5505.75","5517.20"
"Wed Mar 05 2025 10:45:00 GMT+0530 (India Standard Time)","5517.20","5524.45","5510.30","5515.10"
"Wed Mar 05 2025 10:50:00 GMT+0530 (India Standard Time)","5515.10","5521.45","5512.00","5521.30"
"Wed Mar 05 2025 10:55:00 GMT+0530 (India Standard Time)","5521.30","5534.15","5521.30","5529.70"
"Wed Mar 05 2025 11:00:00 GMT+0530 (India Standard Time)","5529.70","5540.00","5529.35","5538.50"
"Wed Mar 05 2025 11:05:00 GMT+0530 (India Standard Time)","5538.50","5538.90","5530.00","5534.70"
"Wed Mar 05 2025 11:10:00 GMT+0530 (India Standard Time)","5537.15","5537.75","5526.00","5531.20"
"Wed Mar 05 2025 11:15:00 GMT+0530 (India Standard Time)","5531.20","5536.00","5521.10","5531.60"
"Wed Mar 05 2025 11:20:00 GMT+0530 (India Standard Time)","5533.15","5535.50","5523.35","5526.00"
"Wed Mar 05 2025 11:25:00 GMT+0530 (India Standard Time)","5526.00","5534.30","5525.50","5534.30"
"Wed Mar 05 2025 11:30:00 GMT+0530 (India Standard Time)","5534.30","5536.00","5524.65","5524.65"
"Wed Mar 05 2025 11:35:00 GMT+0530 (India Standard Time)","5524.80","5543.35","5524.80","5543.35"
"Wed Mar 05 2025 11:40:00 GMT+0530 (India Standard Time)","5543.35","5547.00","5538.00","5542.95"
"Wed Mar 05 2025 11:45:00 GMT+0530 (India Standard Time)","5542.95","5545.00","5538.00","5542.00"
"Wed Mar 05 2025 11:50:00 GMT+0530 (India Standard Time)","5542.00","5548.00","5538.90","5540.00"
"Wed Mar 05 2025 11:55:00 GMT+0530 (India Standard Time)","5540.00","5545.85","5521.05","5523.60"
"Wed Mar 05 2025 12:00:00 GMT+0530 (India Standard Time)","5524.85","5528.65","5520.00","5526.85"
"Wed Mar 05 2025 12:05:00 GMT+0530 (India Standard Time)","5526.85","5534.35","5525.00","5534.35"
"Wed Mar 05 2025 12:10:00 GMT+0530 (India Standard Time)","5534.35","5538.00","5530.45","5535.40"
"Wed Mar 05 2025 12:15:00 GMT+0530 (India Standard Time)","5535.40","5536.85","5530.45","5533.00"
"Wed Mar 05 2025 12:20:00 GMT+0530 (India Standard Time)","5533.00","5533.00","5525.00","5530.40"
"Wed Mar 05 2025 12:25:00 GMT+0530 (India Standard Time)","5530.40","5540.20","5527.55","5537.55"
"Wed Mar 05 2025 12:30:00 GMT+0530 (India Standard Time)","5537.55","5547.00","5532.45","5547.00"
"Wed Mar 05 2025 12:35:00 GMT+0530 (India Standard Time)","5548.00","5550.00","5541.85","5545.00"
"Wed Mar 05 2025 12:40:00 GMT+0530 (India Standard Time)","5545.00","5546.45","5538.90","5538.90"
"Wed Mar 05 2025 12:45:00 GMT+0530 (India Standard Time)","5539.80","5543.95","5535.00","5537.65"
"Wed Mar 05 2025 12:50:00 GMT+0530 (India Standard Time)","5537.00","5550.00","5535.00","5549.00"
"Wed Mar 05 2025 12:55:00 GMT+0530 (India Standard Time)","5549.00","5550.00","5527.00","5544.65"
"Wed Mar 05 2025 13:00:00 GMT+0530 (India Standard Time)","5545.90","5548.30","5537.50","5540.00"
"Wed Mar 05 2025 13:05:00 GMT+0530 (India Standard Time)","5540.00","5540.00","5528.75","5533.20"
"Wed Mar 05 2025 13:10:00 GMT+0530 (India Standard Time)","5533.20","5535.00","5530.55","5534.00"
"Wed Mar 05 2025 13:15:00 GMT+0530 (India Standard Time)","5534.00","5538.65","5530.05","5535.90"
"Wed Mar 05 2025 13:20:00 GMT+0530 (India Standard Time)","5534.40","5545.00","5531.15","5545.00"
"Wed Mar 05 2025 13:25:00 GMT+0530 (India Standard Time)","5545.00","5547.65","5540.00","5540.00"
"Wed Mar 05 2025 13:30:00 GMT+0530 (India Standard Time)","5541.00","5545.00","5528.55","5545.00"
"Wed Mar 05 2025 13:35:00 GMT+0530 (India Standard Time)","5545.00","5548.50","5539.00","5542.20"
"Wed Mar 05 2025 13:40:00 GMT+0530 (India Standard Time)","5542.20","5543.00","5530.00","5532.60"
"Wed Mar 05 2025 13:45:00 GMT+0530 (India Standard Time)","5538.55","5541.45","5531.20","5534.90"
"Wed Mar 05 2025 13:50:00 GMT+0530 (India Standard Time)","5534.95","5545.00","5534.10","5544.85"
"Wed Mar 05 2025 13:55:00 GMT+0530 (India Standard Time)","5543.35","5545.00","5538.70","5542.90"
"Wed Mar 05 2025 14:00:00 GMT+0530 (India Standard Time)","5542.95","5542.95","5532.60","5536.65"
"Wed Mar 05 2025 14:05:00 GMT+0530 (India Standard Time)","5535.70","5542.00","5533.30","5542.00"
"Wed Mar 05 2025 14:10:00 GMT+0530 (India Standard Time)","5542.00","5544.00","5532.75","5538.60"
"Wed Mar 05 2025 14:15:00 GMT+0530 (India Standard Time)","5538.60","5542.90","5524.60","5527.75"
"Wed Mar 05 2025 14:20:00 GMT+0530 (India Standard Time)","5526.65","5528.00","5522.65","5527.85"
"Wed Mar 05 2025 14:25:00 GMT+0530 (India Standard Time)","5527.85","5535.00","5527.70","5531.95"
"Wed Mar 05 2025 14:30:00 GMT+0530 (India Standard Time)","5531.95","5532.95","5527.25","5531.70"
"Wed Mar 05 2025 14:35:00 GMT+0530 (India Standard Time)","5531.70","5544.00","5527.30","5542.00"
"Wed Mar 05 2025 14:40:00 GMT+0530 (India Standard Time)","5541.90","5549.70","5538.10","5548.90"
"Wed Mar 05 2025 14:45:00 GMT+0530 (India Standard Time)","5548.90","5563.00","5547.75","5563.00"
"Wed Mar 05 2025 14:50:00 GMT+0530 (India Standard Time)","5563.00","5564.00","5555.15","5560.00"
"Wed Mar 05 2025 14:55:00 GMT+0530 (India Standard Time)","5560.00","5566.00","5558.15","5566.00"
"Wed Mar 05 2025 15:00:00 GMT+0530 (India Standard Time)","5566.00","5566.00","5542.90","5552.85"
"Wed Mar 05 2025 15:05:00 GMT+0530 (India Standard Time)","5552.65","5557.40","5545.00","5557.40"
"Wed Mar 05 2025 15:10:00 GMT+0530 (India Standard Time)","5557.40","5557.45","5547.25","5554.75"
"Wed Mar 05 2025 15:15:00 GMT+0530 (India Standard Time)","5552.60","5556.85","5550.00","5556.35"
"Wed Mar 05 2025 15:20:00 GMT+0530 (India Standard Time)","5556.35","5561.95","5551.75","5554.60"
"Wed Mar 05 2025 15:25:00 GMT+0530 (India Standard Time)","5554.95","5569.00","5549.30","5559.50"
"Thu Mar 06 2025 09:15:00 GMT+0530 (India Standard Time)","5647.00","5694.35","5609.05","5635.00"
"Thu Mar 06 2025 09:20:00 GMT+0530 (India Standard Time)","5634.90","5639.25","5611.00","5620.00"
"Thu Mar 06 2025 09:25:00 GMT+0530 (India Standard Time)","5620.00","5640.00","5619.95","5626.70"
"Thu Mar 06 2025 09:30:00 GMT+0530 (India Standard Time)","5626.70","5633.75","5603.00","5613.00"
"Thu Mar 06 2025 09:35:00 GMT+0530 (India Standard Time)","5614.25","5650.00","5614.25","5640.20"
"Thu Mar 06 2025 09:40:00 GMT+0530 (India Standard Time)","5640.70","5657.35","5637.25","5651.90"
"Thu Mar 06 2025 09:45:00 GMT+0530 (India Standard Time)","5651.90","5657.35","5638.75","5643.60"
"Thu Mar 06 2025 09:50:00 GMT+0530 (India Standard Time)","5643.60","5650.00","5633.15","5650.00"
"Thu Mar 06 2025 09:55:00 GMT+0530 (India Standard Time)","5649.00","5654.55","5640.00","5647.50"
"Thu Mar 06 2025 10:00:00 GMT+0530 (India Standard Time)","5647.50","5650.00","5636.90","5646.00"
"Thu Mar 06 2025 10:05:00 GMT+0530 (India Standard Time)","5646.00","5665.00","5646.00","5656.80"
"Thu Mar 06 2025 10:10:00 GMT+0530 (India Standard Time)","5656.80","5664.00","5656.80","5661.95"
"Thu Mar 06 2025 10:15:00 GMT+0530 (India Standard Time)","5661.95","5668.55","5661.00","5666.00"
"Thu Mar 06 2025 10:20:00 GMT+0530 (India Standard Time)","5666.00","5669.00","5653.80","5653.80"
"Thu Mar 06 2025 10:25:00 GMT+0530 (India Standard Time)","5653.80","5656.05","5634.55","5639.80"
"Thu Mar 06 2025 10:30:00 GMT+0530 (India Standard Time)","5639.80","5650.00","5633.55","5648.00"
"Thu Mar 06 2025 10:35:00 GMT+0530 (India Standard Time)","5648.00","5657.65","5642.10","5655.85"
"Thu Mar 06 2025 10:40:00 GMT+0530 (India Standard Time)","5655.85","5656.00","5644.55","5650.25"
"Thu Mar 06 2025 10:45:00 GMT+0530 (India Standard Time)","5650.25","5654.25","5642.70","5654.25"
"Thu Mar 06 2025 10:50:00 GMT+0530 (India Standard Time)","5654.25","5654.25","5645.90","5650.50"
"Thu Mar 06 2025 10:55:00 GMT+0530 (India Standard Time)","5650.50","5652.00","5645.15","5652.00"
"Thu Mar 06 2025 11:00:00 GMT+0530 (India Standard Time)","5652.00","5653.00","5646.45","5652.45"
"Thu Mar 06 2025 11:05:00 GMT+0530 (India Standard Time)","5652.45","5668.50","5648.20","5651.50"
"Thu Mar 06 2025 11:10:00 GMT+0530 (India Standard Time)","5651.50","5656.45","5648.15","5656.45"
"Thu Mar 06 2025 11:15:00 GMT+0530 (India Standard Time)","5656.45","5658.00","5648.80","5651.05"
"Thu Mar 06 2025 11:20:00 GMT+0530 (India Standard Time)","5651.05","5654.55","5640.95","5641.00"
"Thu Mar 06 2025 11:25:00 GMT+0530 (India Standard Time)","5640.90","5642.00","5611.15","5620.00"
"Thu Mar 06 2025 11:30:00 GMT+0530 (India Standard Time)","5620.00","5630.00","5613.10","5627.85"
"Thu Mar 06 2025 11:35:00 GMT+0530 (India Standard Time)","5627.85","5631.65","5626.10","5629.65"
"Thu Mar 06 2025 11:40:00 GMT+0530 (India Standard Time)","5629.65","5630.00","5625.00","5629.95"
"Thu Mar 06 2025 11:45:00 GMT+0530 (India Standard Time)","5629.95","5642.80","5629.95","5635.55"
"Thu Mar 06 2025 11:50:00 GMT+0530 (India Standard Time)","5635.55","5641.00","5629.90","5635.20"
"Thu Mar 06 2025 11:55:00 GMT+0530 (India Standard Time)","5635.20","5638.00","5628.70","5635.80"
"Thu Mar 06 2025 12:00:00 GMT+0530 (India Standard Time)","5635.80","5640.25","5628.70","5638.10"
"Thu Mar 06 2025 12:05:00 GMT+0530 (India Standard Time)","5638.10","5638.60","5629.10","5632.05"
"Thu Mar 06 2025 12:10:00 GMT+0530 (India Standard Time)","5632.05","5633.00","5628.70","5632.00"
"Thu Mar 06 2025 12:15:00 GMT+0530 (India Standard Time)","5632.00","5634.00","5630.20","5633.75"
"Thu Mar 06 2025 12:20:00 GMT+0530 (India Standard Time)","5633.95","5635.00","5630.65","5634.00"
"Thu Mar 06 2025 12:25:00 GMT+0530 (India Standard Time)","5634.00","5645.00","5629.30","5640.20"
"Thu Mar 06 2025 12:30:00 GMT+0530 (India Standard Time)","5640.20","5652.80","5640.20","5648.65"
"Thu Mar 06 2025 12:35:00 GMT+0530 (India Standard Time)","5648.95","5650.85","5640.00","5640.00"
"Thu Mar 06 2025 12:40:00 GMT+0530 (India Standard Time)","5640.00","5647.85","5634.70","5639.85"
"Thu Mar 06 2025 12:45:00 GMT+0530 (India Standard Time)","5642.40","5645.80","5634.65","5644.60"
"Thu Mar 06 2025 12:50:00 GMT+0530 (India Standard Time)","5644.60","5648.00","5639.40","5642.70"
"Thu Mar 06 2025 12:55:00 GMT+0530 (India Standard Time)","5642.70","5643.00","5635.00","5635.30"
"Thu Mar 06 2025 13:00:00 GMT+0530 (India Standard Time)","5636.20","5636.20","5630.00","5634.00"
"Thu Mar 06 2025 13:05:00 GMT+0530 (India Standard Time)","5634.00","5640.95","5631.00","5638.15"
"Thu Mar 06 2025 13:10:00 GMT+0530 (India Standard Time)","5638.15","5638.50","5629.00","5633.00"
"Thu Mar 06 2025 13:15:00 GMT+0530 (India Standard Time)","5633.00","5635.35","5625.00","5628.30"
"Thu Mar 06 2025 13:20:00 GMT+0530 (India Standard Time)","5628.30","5633.25","5628.00","5632.30"
"Thu Mar 06 2025 13:25:00 GMT+0530 (India Standard Time)","5634.25","5635.35","5629.30","5632.95"
"Thu Mar 06 2025 13:30:00 GMT+0530 (India Standard Time)","5632.95","5641.00","5629.10","5641.00"
"Thu Mar 06 2025 13:35:00 GMT+0530 (India Standard Time)","5641.00","5644.50","5639.80","5640.65"
"Thu Mar 06 2025 13:40:00 GMT+0530 (India Standard Time)","5640.65","5641.00","5634.15","5639.30"
"Thu Mar 06 2025 13:45:00 GMT+0530 (India Standard Time)","5639.30","5643.65","5630.55","5634.15"