"Date","Open","High","Low","Close"
"Mon Feb 17 2025 14:30:00 GMT+0530 (India Standard Time)","6130.45","6130.45","6115.00","6118.50"
"Mon Feb 17 2025 14:35:00 GMT+0530 (India Standard Time)","6118.50","6125.90","6115.00","6124.60"
"Mon Feb 17 2025 14:40:00 GMT+0530 (India Standard Time)","6124.05","6132.90","6123.15","6127.90"
"Mon Feb 17 2025 14:45:00 GMT+0530 (India Standard Time)","6127.90","6129.85","6124.85","6128.95"
"Mon Feb 17 2025 14:50:00 GMT+0530 (India Standard Time)","6128.75","6130.00","6120.70","6128.60"
"Mon Feb 17 2025 14:55:00 GMT+0530 (India Standard Time)","6128.60","6142.00","6121.65","6139.00"
"Mon Feb 17 2025 15:00:00 GMT+0530 (India Standard Time)","6139.00","6155.00","6139.00","6153.90"
"Mon Feb 17 2025 15:05:00 GMT+0530 (India Standard Time)","6153.90","6155.00","6145.00","6149.65"
"Mon Feb 17 2025 15:10:00 GMT+0530 (India Standard Time)","6153.55","6154.00","6145.85","6154.00"
"Mon Feb 17 2025 15:15:00 GMT+0530 (India Standard Time)","6154.00","6154.45","6140.10","6143.15"
"Mon Feb 17 2025 15:20:00 GMT+0530 (India Standard Time)","6143.15","6150.00","6139.50","6144.85"
"Mon Feb 17 2025 15:25:00 GMT+0530 (India Standard Time)","6144.85","6148.85","6132.85","6139.95"
"Tue Feb 18 2025 09:15:00 GMT+0530 (India Standard Time)","6146.85","6175.65","6146.10","6151.45"
"Tue Feb 18 2025 09:20:00 GMT+0530 (India Standard Time)","6151.45","6153.95","6115.65","6127.70"
"Tue Feb 18 2025 09:25:00 GMT+0530 (India Standard Time)","6127.70","6130.00","6111.10","6116.25"
"Tue Feb 18 2025 09:30:00 GMT+0530 (India Standard Time)","6118.05","6118.05","6100.85","6108.35"
"Tue Feb 18 2025 09:35:00 GMT+0530 (India Standard Time)","6105.50","6125.55","6101.00","6114.10"
"Tue Feb 18 2025 09:40:00 GMT+0530 (India Standard Time)","6113.55","6129.00","6111.25","6122.05"
"Tue Feb 18 2025 09:45:00 GMT+0530 (India Standard Time)","6121.00","6141.70","6116.30","6133.60"
"Tue Feb 18 2025 09:50:00 GMT+0530 (India Standard Time)","6133.60","6160.00","6133.60","6140.40"
"Tue Feb 18 2025 09:55:00 GMT+0530 (India Standard Time)","6140.40","6157.40","6136.45","6141.50"
"Tue Feb 18 2025 10:00:00 GMT+0530 (India Standard Time)","6140.00","6169.25","6140.00","6162.25"
"Tue Feb 18 2025 10:05:00 GMT+0530 (India Standard Time)","6162.25","6168.00","6130.70","6130.70"
"Tue Feb 18 2025 10:10:00 GMT+0530 (India Standard Time)","6130.70","6154.20","6125.00","6128.15"
"Tue Feb 18 2025 10:15:00 GMT+0530 (India Standard Time)","6127.75","6138.85","6120.15","6125.65"
"Tue Feb 18 2025 10:20:00 GMT+0530 (India Standard Time)","6120.15","6129.20","6116.00","6122.50"
"Tue Feb 18 2025 10:25:00 GMT+0530 (India Standard Time)","6122.50","6125.45","6103.20","6108.00"
"Tue Feb 18 2025 10:30:00 GMT+0530 (India Standard Time)","6108.00","6113.15","6105.75","6109.95"
"Tue Feb 18 2025 10:35:00 GMT+0530 (India Standard Time)","6108.00","6113.65","6102.05","6112.20"
"Tue Feb 18 2025 10:40:00 GMT+0530 (India Standard Time)","6112.20","6115.95","6109.00","6110.10"
"Tue Feb 18 2025 10:45:00 GMT+0530 (India Standard Time)","6110.10","6111.95","6101.00","6101.00"
"Tue Feb 18 2025 10:50:00 GMT+0530 (India Standard Time)","6101.00","6111.35","6100.05","6107.75"
"Tue Feb 18 2025 10:55:00 GMT+0530 (India Standard Time)","6107.75","6118.95","6107.75","6116.30"
"Tue Feb 18 2025 11:00:00 GMT+0530 (India Standard Time)","6116.30","6119.10","6113.90","6116.70"
"Tue Feb 18 2025 11:05:00 GMT+0530 (India Standard Time)","6116.70","6116.70","6105.00","6109.55"
"Tue Feb 18 2025 11:10:00 GMT+0530 (India Standard Time)","6109.55","6110.05","6092.00","6103.25"
"Tue Feb 18 2025 11:15:00 GMT+0530 (India Standard Time)","6103.25","6104.10","6093.20","6098.55"
"Tue Feb 18 2025 11:20:00 GMT+0530 (India Standard Time)","6098.55","6103.85","6092.05","6092.05"
"Tue Feb 18 2025 11:25:00 GMT+0530 (India Standard Time)","6092.05","6095.50","6072.75","6088.95"
"Tue Feb 18 2025 11:30:00 GMT+0530 (India Standard Time)","6088.95","6088.95","6075.00","6080.10"
"Tue Feb 18 2025 11:35:00 GMT+0530 (India Standard Time)","6080.10","6080.70","6053.75","6053.75"
"Tue Feb 18 2025 11:40:00 GMT+0530 (India Standard Time)","6053.75","6088.45","6053.75","6081.70"
"Tue Feb 18 2025 11:45:00 GMT+0530 (India Standard Time)","6081.70","6097.95","6080.00","6095.10"
"Tue Feb 18 2025 11:50:00 GMT+0530 (India Standard Time)","6095.10","6095.10","6088.25","6088.25"
"Tue Feb 18 2025 11:55:00 GMT+0530 (India Standard Time)","6088.25","6088.25","6066.00","6071.65"
"Tue Feb 18 2025 12:00:00 GMT+0530 (India Standard Time)","6071.65","6072.85","6057.10","6060.95"
"Tue Feb 18 2025 12:05:00 GMT+0530 (India Standard Time)","6060.95","6073.95","6058.95","6065.00"
"Tue Feb 18 2025 12:10:00 GMT+0530 (India Standard Time)","6065.00","6084.45","6060.00","6074.85"
"Tue Feb 18 2025 12:15:00 GMT+0530 (India Standard Time)","6074.85","6094.15","6070.60","6094.15"
"Tue Feb 18 2025 12:20:00 GMT+0530 (India Standard Time)","6090.75","6093.85","6082.15","6083.65"
"Tue Feb 18 2025 12:25:00 GMT+0530 (India Standard Time)","6083.65","6099.00","6079.10","6094.30"
"Tue Feb 18 2025 12:30:00 GMT+0530 (India Standard Time)","6095.40","6103.50","6093.30","6097.20"
"Tue Feb 18 2025 12:35:00 GMT+0530 (India Standard Time)","6097.20","6099.95","6082.20","6084.90"
"Tue Feb 18 2025 12:40:00 GMT+0530 (India Standard Time)","6084.90","6090.95","6082.45","6083.70"
"Tue Feb 18 2025 12:45:00 GMT+0530 (India Standard Time)","6083.70","6086.75","6076.00","6076.00"
"Tue Feb 18 2025 12:50:00 GMT+0530 (India Standard Time)","6076.00","6077.40","6058.15","6069.15"
"Tue Feb 18 2025 12:55:00 GMT+0530 (India Standard Time)","6069.15","6069.15","6058.75","6067.55"
"Tue Feb 18 2025 13:00:00 GMT+0530 (India Standard Time)","6067.55","6069.70","6061.05","6062.80"
"Tue Feb 18 2025 13:05:00 GMT+0530 (India Standard Time)","6066.85","6075.00","6061.00","6068.90"
"Tue Feb 18 2025 13:10:00 GMT+0530 (India Standard Time)","6068.90","6068.90","6058.80","6064.35"
"Tue Feb 18 2025 13:15:00 GMT+0530 (India Standard Time)","6064.35","6069.95","6062.50","6064.60"
"Tue Feb 18 2025 13:20:00 GMT+0530 (India Standard Time)","6064.60","6068.95","6060.90","6067.90"
"Tue Feb 18 2025 13:25:00 GMT+0530 (India Standard Time)","6067.90","6067.90","6056.35","6059.50"
"Tue Feb 18 2025 13:30:00 GMT+0530 (India Standard Time)","6059.50","6065.25","6045.05","6061.80"
"Tue Feb 18 2025 13:35:00 GMT+0530 (India Standard Time)","6061.80","6064.05","6053.55","6057.00"
"Tue Feb 18 2025 13:40:00 GMT+0530 (India Standard Time)","6057.00","6080.00","6057.00","6071.30"
"Tue Feb 18 2025 13:45:00 GMT+0530 (India Standard Time)","6071.30","6074.75","6060.50","6063.05"
"Tue Feb 18 2025 13:50:00 GMT+0530 (India Standard Time)","6064.00","6076.50","6064.00","6073.50"
"Tue Feb 18 2025 13:55:00 GMT+0530 (India Standard Time)","6073.50","6084.95","6069.50","6073.70"
"Tue Feb 18 2025 14:00:00 GMT+0530 (India Standard Time)","6073.70","6077.50","6070.00","6070.00"
"Tue Feb 18 2025 14:05:00 GMT+0530 (India Standard Time)","6070.00","6074.90","6061.05","6072.50"
"Tue Feb 18 2025 14:10:00 GMT+0530 (India Standard Time)","6072.50","6075.75","6064.80","6064.80"
"Tue Feb 18 2025 14:15:00 GMT+0530 (India Standard Time)","6064.80","6068.25","6062.80","6067.60"
"Tue Feb 18 2025 14:20:00 GMT+0530 (India Standard Time)","6067.60","6069.85","6062.90","6069.85"
"Tue Feb 18 2025 14:25:00 GMT+0530 (India Standard Time)","6069.85","6089.15","6065.95","6089.15"
"Tue Feb 18 2025 14:30:00 GMT+0530 (India Standard Time)","6089.15","6089.15","6064.40","6070.80"
"Tue Feb 18 2025 14:35:00 GMT+0530 (India Standard Time)","6070.80","6087.20","6064.35","6086.90"
"Tue Feb 18 2025 14:40:00 GMT+0530 (India Standard Time)","6086.90","6098.25","6083.65","6095.00"
"Tue Feb 18 2025 14:45:00 GMT+0530 (India Standard Time)","6095.00","6107.00","6092.25","6100.30"
"Tue Feb 18 2025 14:50:00 GMT+0530 (India Standard Time)","6100.30","6105.00","6092.65","6098.20"
"Tue Feb 18 2025 14:55:00 GMT+0530 (India Standard Time)","6098.20","6098.85","6085.05","6093.30"
"Tue Feb 18 2025 15:00:00 GMT+0530 (India Standard Time)","6095.85","6109.00","6090.00","6100.65"
"Tue Feb 18 2025 15:05:00 GMT+0530 (India Standard Time)","6100.65","6109.00","6090.95","6103.95"
"Tue Feb 18 2025 15:10:00 GMT+0530 (India Standard Time)","6107.65","6107.65","6098.25","6099.90"
"Tue Feb 18 2025 15:15:00 GMT+0530 (India Standard Time)","6099.90","6103.85","6090.15","6102.95"
"Tue Feb 18 2025 15:20:00 GMT+0530 (India Standard Time)","6102.05","6102.05","6091.00","6097.50"
"Tue Feb 18 2025 15:25:00 GMT+0530 (India Standard Time)","6098.10","6098.55","6080.00","6090.00"
"Wed Feb 19 2025 09:15:00 GMT+0530 (India Standard Time)","6120.00","6120.00","6000.00","6041.95"
"Wed Feb 19 2025 09:20:00 GMT+0530 (India Standard Time)","6041.95","6090.00","6025.05","6061.65"
"Wed Feb 19 2025 09:25:00 GMT+0530 (India Standard Time)","6061.65","6065.00","5986.50","6005.70"
"Wed Feb 19 2025 09:30:00 GMT+0530 (India Standard Time)","6006.25","6052.70","6003.55","6046.25"
"Wed Feb 19 2025 09:35:00 GMT+0530 (India Standard Time)","6044.60","6085.00","6040.10","6083.95"
"Wed Feb 19 2025 09:40:00 GMT+0530 (India Standard Time)","6083.95","6099.25","6050.30","6076.00"
"Wed Feb 19 2025 09:45:00 GMT+0530 (India Standard Time)","6076.00","6100.00","6072.80","6095.05"
"Wed Feb 19 2025 09:50:00 GMT+0530 (India Standard Time)","6095.05","6111.50","6086.40","6110.00"
"Wed Feb 19 2025 09:55:00 GMT+0530 (India Standard Time)","6110.00","6130.80","6107.15","6125.60"
"Wed Feb 19 2025 10:00:00 GMT+0530 (India Standard Time)","6125.60","6130.70","6112.85","6112.85"
"Wed Feb 19 2025 10:05:00 GMT+0530 (India Standard Time)","6112.85","6122.00","6090.00","6103.55"
"Wed Feb 19 2025 10:10:00 GMT+0530 (India Standard Time)","6099.05","6101.35","6070.55","6096.25"
"Wed Feb 19 2025 10:15:00 GMT+0530 (India Standard Time)","6096.25","6119.80","6094.20","6109.95"
"Wed Feb 19 2025 10:20:00 GMT+0530 (India Standard Time)","6109.95","6110.60","6097.05","6101.70"
"Wed Feb 19 2025 10:25:00 GMT+0530 (India Standard Time)","6101.70","6110.85","6093.25","6110.85"
"Wed Feb 19 2025 10:30:00 GMT+0530 (India Standard Time)","6112.10","6114.15","6084.10","6084.45"
"Wed Feb 19 2025 10:35:00 GMT+0530 (India Standard Time)","6084.45","6100.45","6084.45","6095.00"
"Wed Feb 19 2025 10:40:00 GMT+0530 (India Standard Time)","6095.00","6098.60","6087.00","6095.40"
"Wed Feb 19 2025 10:45:00 GMT+0530 (India Standard Time)","6095.40","6097.45","6072.10","6079.00"
"Wed Feb 19 2025 10:50:00 GMT+0530 (India Standard Time)","6079.00","6079.05","6050.75","6052.95"
"Wed Feb 19 2025 10:55:00 GMT+0530 (India Standard Time)","6053.00","6056.05","6035.60","6035.75"
"Wed Feb 19 2025 11:00:00 GMT+0530 (India Standard Time)","6035.75","6045.00","6030.00","6045.00"
"Wed Feb 19 2025 11:05:00 GMT+0530 (India Standard Time)","6045.00","6064.00","6044.00","6050.00"
"Wed Feb 19 2025 11:10:00 GMT+0530 (India Standard Time)","6049.05","6060.00","6045.00","6060.00"
"Wed Feb 19 2025 11:15:00 GMT+0530 (India Standard Time)","6058.00","6072.35","6040.40","6045.00"
"Wed Feb 19 2025 11:20:00 GMT+0530 (India Standard Time)","6045.00","6046.45","6041.15","6044.00"
"Wed Feb 19 2025 11:25:00 GMT+0530 (India Standard Time)","6044.00","6046.50","6033.60","6046.50"
"Wed Feb 19 2025 11:30:00 GMT+0530 (India Standard Time)","6046.50","6070.00","6045.00","6066.10"
"Wed Feb 19 2025 11:35:00 GMT+0530 (India Standard Time)","6066.10","6066.10","6051.00","6058.45"
"Wed Feb 19 2025 11:40:00 GMT+0530 (India Standard Time)","6058.45","6069.90","6054.45","6062.00"
"Wed Feb 19 2025 11:45:00 GMT+0530 (India Standard Time)","6062.00","6064.25","6057.40","6061.00"
"Wed Feb 19 2025 11:50:00 GMT+0530 (India Standard Time)","6059.60","6074.00","6059.05","6071.60"
"Wed Feb 19 2025 11:55:00 GMT+0530 (India Standard Time)","6071.60","6074.95","6061.85","6072.15"
"Wed Feb 19 2025 12:00:00 GMT+0530 (India Standard Time)","6072.15","6078.35","6067.20","6071.85"
"Wed Feb 19 2025 12:05:00 GMT+0530 (India Standard Time)","6071.85","6080.00","6068.30","6075.40"
"Wed Feb 19 2025 12:10:00 GMT+0530 (India Standard Time)","6075.40","6080.00","6066.60","6066.60"
"Wed Feb 19 2025 12:15:00 GMT+0530 (India Standard Time)","6066.55","6074.75","6065.55","6067.45"
"Wed Feb 19 2025 12:20:00 GMT+0530 (India Standard Time)","6067.45","6067.70","6058.00","6058.00"
"Wed Feb 19 2025 12:25:00 GMT+0530 (India Standard Time)","6058.00","6058.55","6048.00","6053.35"
"Wed Feb 19 2025 12:30:00 GMT+0530 (India Standard Time)","6053.35","6057.25","6046.50","6047.25"
"Wed Feb 19 2025 12:35:00 GMT+0530 (India Standard Time)","6047.25","6055.00","6046.70","6050.85"
"Wed Feb 19 2025 12:40:00 GMT+0530 (India Standard Time)","6050.85","6050.85","6038.55","6038.55"
"Wed Feb 19 2025 12:45:00 GMT+0530 (India Standard Time)","6035.20","6035.60","6020.00","6023.50"
"Wed Feb 19 2025 12:50:00 GMT+0530 (India Standard Time)","6023.50","6023.50","6015.00","6022.00"
"Wed Feb 19 2025 12:55:00 GMT+0530 (India Standard Time)","6022.00","6025.75","6016.15","6023.00"
"Wed Feb 19 2025 13:00:00 GMT+0530 (India Standard Time)","6023.00","6026.70","6008.00","6008.30"
"Wed Feb 19 2025 13:05:00 GMT+0530 (India Standard Time)","6008.30","6010.80","6000.00","6004.25"
"Wed Feb 19 2025 13:10:00 GMT+0530 (India Standard Time)","6004.25","6007.10","5996.60","5999.00"
"Wed Feb 19 2025 13:15:00 GMT+0530 (India Standard Time)","5999.00","6001.55","5989.20","5989.20"
"Wed Feb 19 2025 13:20:00 GMT+0530 (India Standard Time)","5988.65","5989.60","5980.10","5981.00"
"Wed Feb 19 2025 13:25:00 GMT+0530 (India Standard Time)","5981.00","5984.10","5967.15","5979.05"
"Wed Feb 19 2025 13:30:00 GMT+0530 (India Standard Time)","5979.05","5980.00","5970.55","5973.65"
"Wed Feb 19 2025 13:35:00 GMT+0530 (India Standard Time)","5973.65","5986.45","5970.50","5980.45"
"Wed Feb 19 2025 13:40:00 GMT+0530 (India Standard Time)","5980.40","5985.20","5976.00","5981.95"
"Wed Feb 19 2025 13:45:00 GMT+0530 (India Standard Time)","5981.95","5987.95","5981.00","5985.00"
"Wed Feb 19 2025 13:50:00 GMT+0530 (India Standard Time)","5985.00","5988.80","5975.00","5976.80"
"Wed Feb 19 2025 13:55:00 GMT+0530 (India Standard Time)","5976.80","5982.65","5975.00","5979.00"
"Wed Feb 19 2025 14:00:00 GMT+0530 (India Standard Time)","5979.00","5984.80","5975.00","5983.00"
"Wed Feb 19 2025 14:05:00 GMT+0530 (India Standard Time)","5983.00","5984.75","5980.00","5983.45"
"Wed Feb 19 2025 14:10:00 GMT+0530 (India Standard Time)","5983.45","6005.45","5980.15","5998.55"
"Wed Feb 19 2025 14:15:00 GMT+0530 (India Standard Time)","5998.55","5998.55","5977.70","5980.05"
"Wed Feb 19 2025 14:20:00 GMT+0530 (India Standard Time)","5980.05","5993.20","5980.05","5981.20"
"Wed Feb 19 2025 14:25:00 GMT+0530 (India Standard Time)","5981.20","5990.60","5978.00","5979.50"
"Wed Feb 19 2025 14:30:00 GMT+0530 (India Standard Time)","5979.50","5983.15","5975.20","5982.50"
"Wed Feb 19 2025 14:35:00 GMT+0530 (India Standard Time)","5982.50","5987.95","5981.20","5987.60"
"Wed Feb 19 2025 14:40:00 GMT+0530 (India Standard Time)","5987.60","5999.00","5982.60","5990.05"
"Wed Feb 19 2025 14:45:00 GMT+0530 (India Standard Time)","5990.05","6008.70","5990.05","6008.70"
"Wed Feb 19 2025 14:50:00 GMT+0530 (India Standard Time)","6008.70","6013.00","6005.05","6012.85"
"Wed Feb 19 2025 14:55:00 GMT+0530 (India Standard Time)","6013.70","6017.00","6009.60","6012.50"
"Wed Feb 19 2025 15:00:00 GMT+0530 (India Standard Time)","6014.80","6021.70","6011.65","6017.40"
"Wed Feb 19 2025 15:05:00 GMT+0530 (India Standard Time)","6019.00","6021.10","6016.05","6021.00"
"Wed Feb 19 2025 15:10:00 GMT+0530 (India Standard Time)","6021.10","6021.10","6016.10","6018.60"
"Wed Feb 19 2025 15:15:00 GMT+0530 (India Standard Time)","6018.35","6018.80","6012.05","6015.60"
"Wed Feb 19 2025 15:20:00 GMT+0530 (India Standard Time)","6018.35","6020.00","6013.30","6018.15"
"Wed Feb 19 2025 15:25:00 GMT+0530 (India Standard Time)","6017.85","6029.95","6015.05","6021.15"
"Thu Feb 20 2025 09:15:00 GMT+0530 (India Standard Time)","6024.00","6069.50","6016.05","6031.70"
"Thu Feb 20 2025 09:20:00 GMT+0530 (India Standard Time)","6031.70","6031.70","5990.00","5994.95"
"Thu Feb 20 2025 09:25:00 GMT+0530 (India Standard Time)","5994.95","5999.55","5981.05","5988.00"
"Thu Feb 20 2025 09:30:00 GMT+0530 (India Standard Time)","5988.00","6032.50","5980.60","6029.00"
"Thu Feb 20 2025 09:35:00 GMT+0530 (India Standard Time)","6029.00","6066.05","6029.00","6055.30"
"Thu Feb 20 2025 09:40:00 GMT+0530 (India Standard Time)","6055.30","6074.20","6051.70","6065.60"
"Thu Feb 20 2025 09:45:00 GMT+0530 (India Standard Time)","6054.05","6056.20","6024.15","6033.30"
"Thu Feb 20 2025 09:50:00 GMT+0530 (India Standard Time)","6033.30","6055.05","6028.15","6046.70"
"Thu Feb 20 2025 09:55:00 GMT+0530 (India Standard Time)","6045.10","6054.00","6031.35","6042.35"
"Thu Feb 20 2025 10:00:00 GMT+0530 (India Standard Time)","6042.35","6053.00","6038.50","6042.70"
"Thu Feb 20 2025 10:05:00 GMT+0530 (India Standard Time)","6042.70","6059.30","6040.00","6059.30"
"Thu Feb 20 2025 10:10:00 GMT+0530 (India Standard Time)","6061.75","6062.20","6034.10","6044.65"
"Thu Feb 20 2025 10:15:00 GMT+0530 (India Standard Time)","6044.65","6047.65","6040.10","6041.80"
"Thu Feb 20 2025 10:20:00 GMT+0530 (India Standard Time)","6041.80","6045.00","6027.65","6035.15"
"Thu Feb 20 2025 10:25:00 GMT+0530 (India Standard Time)","6035.15","6040.00","6026.10","6034.60"
"Thu Feb 20 2025 10:30:00 GMT+0530 (India Standard Time)","6034.60","6042.50","6030.30","6042.25"
"Thu Feb 20 2025 10:35:00 GMT+0530 (India Standard Time)","6042.25","6044.70","6034.65","6039.60"
"Thu Feb 20 2025 10:40:00 GMT+0530 (India Standard Time)","6039.60","6042.70","6030.00","6039.00"
"Thu Feb 20 2025 10:45:00 GMT+0530 (India Standard Time)","6040.00","6047.50","6039.05","6040.00"
"Thu Feb 20 2025 10:50:00 GMT+0530 (India Standard Time)","6040.00","6041.10","6025.00","6034.65"
"Thu Feb 20 2025 10:55:00 GMT+0530 (India Standard Time)","6034.65","6044.40","6034.65","6044.00"
"Thu Feb 20 2025 11:00:00 GMT+0530 (India Standard Time)","6044.00","6056.70","6044.00","6053.75"
"Thu Feb 20 2025 11:05:00 GMT+0530 (India Standard Time)","6054.05","6064.50","6054.05","6063.00"
"Thu Feb 20 2025 11:10:00 GMT+0530 (India Standard Time)","6063.00","6073.70","6060.75","6071.25"
"Thu Feb 20 2025 11:15:00 GMT+0530 (India Standard Time)","6071.25","6080.00","6071.25","6074.70"
"Thu Feb 20 2025 11:20:00 GMT+0530 (India Standard Time)","6074.70","6075.00","6050.50","6051.60"
"Thu Feb 20 2025 11:25:00 GMT+0530 (India Standard Time)","6051.60","6054.95","6046.30","6051.95"
"Thu Feb 20 2025 11:30:00 GMT+0530 (India Standard Time)","6051.95","6056.70","6045.40","6047.90"
"Thu Feb 20 2025 11:35:00 GMT+0530 (India Standard Time)","6047.90","6058.65","6045.40","6058.65"
"Thu Feb 20 2025 11:40:00 GMT+0530 (India Standard Time)","6058.65","6070.70","6058.65","6070.00"
"Thu Feb 20 2025 11:45:00 GMT+0530 (India Standard Time)","6070.00","6070.00","6056.60","6056.60"
"Thu Feb 20 2025 11:50:00 GMT+0530 (India Standard Time)","6056.60","6063.25","6054.60","6060.55"
"Thu Feb 20 2025 11:55:00 GMT+0530 (India Standard Time)","6060.55","6070.80","6060.55","6068.40"
"Thu Feb 20 2025 12:00:00 GMT+0530 (India Standard Time)","6071.30","6075.00","6066.50","6066.50"
"Thu Feb 20 2025 12:05:00 GMT+0530 (India Standard Time)","6066.50","6072.70","6066.50","6071.00"
"Thu Feb 20 2025 12:10:00 GMT+0530 (India Standard Time)","6071.00","6071.30","6060.05","6070.30"
"Thu Feb 20 2025 12:15:00 GMT+0530 (India Standard Time)","6070.30","6073.90","6070.00","6072.00"
"Thu Feb 20 2025 12:20:00 GMT+0530 (India Standard Time)","6072.00","6076.30","6072.00","6074.05"
"Thu Feb 20 2025 12:25:00 GMT+0530 (India Standard Time)","6074.05","6074.05","6062.75","6066.55"
"Thu Feb 20 2025 12:30:00 GMT+0530 (India Standard Time)","6066.55","6066.55","6050.00","6050.00"
"Thu Feb 20 2025 12:35:00 GMT+0530 (India Standard Time)","6050.00","6057.80","6050.00","6055.75"
"Thu Feb 20 2025 12:40:00 GMT+0530 (India Standard Time)","6055.75","6059.85","6043.20","6043.30"
"Thu Feb 20 2025 12:45:00 GMT+0530 (India Standard Time)","6043.30","6050.60","6043.30","6044.00"
"Thu Feb 20 2025 12:50:00 GMT+0530 (India Standard Time)","6044.00","6048.00","6043.30","6045.55"
"Thu Feb 20 2025 12:55:00 GMT+0530 (India Standard Time)","6045.55","6052.15","6045.05","6045.05"
"Thu Feb 20 2025 13:00:00 GMT+0530 (India Standard Time)","6045.05","6047.45","6025.90","6033.35"
"Thu Feb 20 2025 13:05:00 GMT+0530 (India Standard Time)","6033.35","6039.45","6027.00","6028.55"
"Thu Feb 20 2025 13:10:00 GMT+0530 (India Standard Time)","6028.55","6037.50","6028.55","6032.50"
"Thu Feb 20 2025 13:15:00 GMT+0530 (India Standard Time)","6032.50","6035.40","6030.25","6035.40"
"Thu Feb 20 2025 13:20:00 GMT+0530 (India Standard Time)","6035.40","6035.40","6020.00","6020.00"
"Thu Feb 20 2025 13:25:00 GMT+0530 (India Standard Time)","6020.00","6023.60","6012.90","6020.00"
"Thu Feb 20 2025 13:30:00 GMT+0530 (India Standard Time)","6019.95","6036.25","6019.20","6027.85"
"Thu Feb 20 2025 13:35:00 GMT+0530 (India Standard Time)","6027.85","6033.95","6023.00","6028.65"
"Thu Feb 20 2025 13:40:00 GMT+0530 (India Standard Time)","6028.65","6040.00","6026.40","6040.00"
"Thu Feb 20 2025 13:45:00 GMT+0530 (India Standard Time)","6040.00","6040.00","6028.95","6039.00"
"Thu Feb 20 2025 13:50:00 GMT+0530 (India Standard Time)","6039.00","6050.00","6034.65","6048.90"
"Thu Feb 20 2025 13:55:00 GMT+0530 (India Standard Time)","6048.90","6049.55","6037.55","6047.25"
"Thu Feb 20 2025 14:00:00 GMT+0530 (India Standard Time)","6043.90","6055.00","6043.10","6050.85"
"Thu Feb 20 2025 14:05:00 GMT+0530 (India Standard Time)","6050.85","6054.50","6040.35","6048.75"
"Thu Feb 20 2025 14:10:00 GMT+0530 (India Standard Time)","6048.95","6055.10","6044.40","6055.10"
"Thu Feb 20 2025 14:15:00 GMT+0530 (India Standard Time)","6055.10","6058.90","6049.05","6055.85"
"Thu Feb 20 2025 14:20:00 GMT+0530 (India Standard Time)","6055.85","6055.85","6045.00","6049.70"
"Thu Feb 20 2025 14:25:00 GMT+0530 (India Standard Time)","6049.70","6049.90","6043.35","6045.20"
"Thu Feb 20 2025 14:30:00 GMT+0530 (India Standard Time)","6045.20","6048.70","6044.05","6045.65"
"Thu Feb 20 2025 14:35:00 GMT+0530 (India Standard Time)","6045.65","6049.85","6041.60","6042.95"
"Thu Feb 20 2025 14:40:00 GMT+0530 (India Standard Time)","6042.95","6045.25","6032.00","6037.40"
"Thu Feb 20 2025 14:45:00 GMT+0530 (India Standard Time)","6037.40","6046.50","6030.95","6044.40"
"Thu Feb 20 2025 14:50:00 GMT+0530 (India Standard Time)","6044.40","6049.05","6034.00","6040.05"
"Thu Feb 20 2025 14:55:00 GMT+0530 (India Standard Time)","6040.10","6045.75","6040.00","6040.00"
"Thu Feb 20 2025 15:00:00 GMT+0530 (India Standard Time)","6040.00","6042.00","6032.00","6033.05"
"Thu Feb 20 2025 15:05:00 GMT+0530 (India Standard Time)","6033.05","6039.75","6021.75","6023.95"
"Thu Feb 20 2025 15:10:00 GMT+0530 (India Standard Time)","6026.00","6026.00","6016.60","6024.25"
"Thu Feb 20 2025 15:15:00 GMT+0530 (India Standard Time)","6025.00","6025.45","6019.80","6025.10"
"Thu Feb 20 2025 15:20:00 GMT+0530 (India Standard Time)","6025.10","6025.10","6015.05","6019.55"
"Thu Feb 20 2025 15:25:00 GMT+0530 (India Standard Time)","6019.55","6028.00","6015.00","6022.90"
"Fri Feb 21 2025 09:15:00 GMT+0530 (India Standard Time)","6024.80","6065.00","6023.65","6036.80"
"Fri Feb 21 2025 09:20:00 GMT+0530 (India Standard Time)","6036.80","6073.95","6028.20","6069.75"
"Fri Feb 21 2025 09:25:00 GMT+0530 (India Standard Time)","6069.75","6069.75","6033.00","6059.90"
"Fri Feb 21 2025 09:30:00 GMT+0530 (India Standard Time)","6059.90","6080.25","6055.00","6062.10"
"Fri Feb 21 2025 09:35:00 GMT+0530 (India Standard Time)","6067.05","6070.00","6057.40","6057.80"
"Fri Feb 21 2025 09:40:00 GMT+0530 (India Standard Time)","6057.80","6058.40","6020.00","6025.00"
"Fri Feb 21 2025 09:45:00 GMT+0530 (India Standard Time)","6024.95","6052.50","6023.90","6037.70"
"Fri Feb 21 2025 09:50:00 GMT+0530 (India Standard Time)","6037.25","6037.25","6015.00","6020.00"
"Fri Feb 21 2025 09:55:00 GMT+0530 (India Standard Time)","6020.00","6030.30","6015.00","6015.00"
"Fri Feb 21 2025 10:00:00 GMT+0530 (India Standard Time)","6016.20","6022.65","6003.00","6004.00"
"Fri Feb 21 2025 10:05:00 GMT+0530 (India Standard Time)","6004.00","6006.60","5990.05","5992.80"
"Fri Feb 21 2025 10:10:00 GMT+0530 (India Standard Time)","5992.80","5995.00","5977.00","5978.80"
"Fri Feb 21 2025 10:15:00 GMT+0530 (India Standard Time)","5978.80","5994.90","5970.30","5988.70"
"Fri Feb 21 2025 10:20:00 GMT+0530 (India Standard Time)","5988.70","5995.00","5986.70","5986.70"
"Fri Feb 21 2025 10:25:00 GMT+0530 (India Standard Time)","5986.70","5989.95","5977.35","5981.55"
"Fri Feb 21 2025 10:30:00 GMT+0530 (India Standard Time)","5982.10","6003.45","5981.05","5993.10"
"Fri Feb 21 2025 10:35:00 GMT+0530 (India Standard Time)","5992.50","6000.00","5979.30","5986.60"
"Fri Feb 21 2025 10:40:00 GMT+0530 (India Standard Time)","5989.00","6005.00","5981.40","6004.00"
"Fri Feb 21 2025 10:45:00 GMT+0530 (India Standard Time)","6004.00","6006.80","5991.60","5998.00"
"Fri Feb 21 2025 10:50:00 GMT+0530 (India Standard Time)","5998.00","6002.85","5992.00","5999.50"
"Fri Feb 21 2025 10:55:00 GMT+0530 (India Standard Time)","6002.00","6005.00","5990.65","5999.20"
"Fri Feb 21 2025 11:00:00 GMT+0530 (India Standard Time)","5999.20","6005.15","5978.90","5981.10"
"Fri Feb 21 2025 11:05:00 GMT+0530 (India Standard Time)","5981.10","5981.10","5966.00","5966.00"
"Fri Feb 21 2025 11:10:00 GMT+0530 (India Standard Time)","5966.00","5984.95","5966.00","5979.60"
"Fri Feb 21 2025 11:15:00 GMT+0530 (India Standard Time)","5979.60","5981.00","5972.00","5972.00"
"Fri Feb 21 2025 11:20:00 GMT+0530 (India Standard Time)","5972.00","5980.95","5972.00","5976.70"
"Fri Feb 21 2025 11:25:00 GMT+0530 (India Standard Time)","5976.70","5995.50","5975.05","5994.00"
"Fri Feb 21 2025 11:30:00 GMT+0530 (India Standard Time)","5994.00","6006.75","5990.90","6001.95"
"Fri Feb 21 2025 11:35:00 GMT+0530 (India Standard Time)","6001.95","6022.00","6000.50","6015.00"
"Fri Feb 21 2025 11:40:00 GMT+0530 (India Standard Time)","6015.00","6020.95","6004.00","6004.00"
"Fri Feb 21 2025 11:45:00 GMT+0530 (India Standard Time)","6004.00","6013.85","5999.90","6005.15"
"Fri Feb 21 2025 11:50:00 GMT+0530 (India Standard Time)","6005.15","6011.25","5999.90","6010.00"
"Fri Feb 21 2025 11:55:00 GMT+0530 (India Standard Time)","6010.00","6013.00","5999.00","6007.55"
"Fri Feb 21 2025 12:00:00 GMT+0530 (India Standard Time)","6007.55","6012.20","6003.10","6009.40"
"Fri Feb 21 2025 12:05:00 GMT+0530 (India Standard Time)","6009.40","6010.00","5998.00","5998.55"
"Fri Feb 21 2025 12:10:00 GMT+0530 (India Standard Time)","5998.55","6003.50","5989.00","6003.00"
"Fri Feb 21 2025 12:15:00 GMT+0530 (India Standard Time)","6002.35","6013.00","5997.00","6010.00"
"Fri Feb 21 2025 12:20:00 GMT+0530 (India Standard Time)","6010.00","6017.50","6003.55","6005.60"
"Fri Feb 21 2025 12:25:00 GMT+0530 (India Standard Time)","6005.60","6015.00","6002.75","6009.35"
"Fri Feb 21 2025 12:30:00 GMT+0530 (India Standard Time)","6009.35","6015.00","5997.90","6010.25"
"Fri Feb 21 2025 12:35:00 GMT+0530 (India Standard Time)","6010.25","6010.25","6000.00","6003.90"
"Fri Feb 21 2025 12:40:00 GMT+0530 (India Standard Time)","6003.90","6005.80","5991.70","5998.90"
"Fri Feb 21 2025 12:45:00 GMT+0530 (India Standard Time)","5998.90","6006.75","5992.35","6006.75"
"Fri Feb 21 2025 12:50:00 GMT+0530 (India Standard Time)","6006.75","6010.05","5997.90","6001.40"
"Fri Feb 21 2025 12:55:00 GMT+0530 (India Standard Time)","6001.40","6010.00","6001.40","6004.60"
"Fri Feb 21 2025 13:00:00 GMT+0530 (India Standard Time)","6004.60","6007.00","5990.60","6002.75"
"Fri Feb 21 2025 13:05:00 GMT+0530 (India Standard Time)","6002.75","6005.00","5996.95","6001.75"
"Fri Feb 21 2025 13:10:00 GMT+0530 (India Standard Time)","6001.75","6003.10","5990.85","5996.85"
"Fri Feb 21 2025 13:15:00 GMT+0530 (India Standard Time)","5996.85","5999.80","5993.45","5998.00"
"Fri Feb 21 2025 13:20:00 GMT+0530 (India Standard Time)","5999.80","5999.80","5994.00","5995.05"
"Fri Feb 21 2025 13:25:00 GMT+0530 (India Standard Time)","5995.20","5995.20","5982.00","5984.25"
"Fri Feb 21 2025 13:30:00 GMT+0530 (India Standard Time)","5984.50","5989.50","5980.50","5986.00"
"Fri Feb 21 2025 13:35:00 GMT+0530 (India Standard Time)","5986.00","5986.00","5962.00","5962.75"
"Fri Feb 21 2025 13:40:00 GMT+0530 (India Standard Time)","5962.75","5964.90","5950.05","5959.30"
"Fri Feb 21 2025 13:45:00 GMT+0530 (India Standard Time)","5960.60","5960.60","5931.05","5936.05"
"Fri Feb 21 2025 13:50:00 GMT+0530 (India Standard Time)","5942.35","5962.45","5939.30","5962.45"
"Fri Feb 21 2025 13:55:00 GMT+0530 (India Standard Time)","5962.45","5970.90","5957.80","5969.65"
"Fri Feb 21 2025 14:00:00 GMT+0530 (India Standard Time)","5969.65","5971.00","5960.00","5963.85"
"Fri Feb 21 2025 14:05:00 GMT+0530 (India Standard Time)","5963.85","5978.00","5963.85","5978.00"
"Fri Feb 21 2025 14:10:00 GMT+0530 (India Standard Time)","5978.00","5982.80","5973.50","5978.95"
"Fri Feb 21 2025 14:15:00 GMT+0530 (India Standard Time)","5978.95","5984.00","5971.90","5975.00"
"Fri Feb 21 2025 14:20:00 GMT+0530 (India Standard Time)","5975.00","5976.70","5970.00","5971.75"
"Fri Feb 21 2025 14:25:00 GMT+0530 (India Standard Time)","5971.75","5971.95","5962.95","5962.95"
"Fri Feb 21 2025 14:30:00 GMT+0530 (India Standard Time)","5965.30","5968.95","5962.00","5962.15"
"Fri Feb 21 2025 14:35:00 GMT+0530 (India Standard Time)","5962.15","5965.05","5955.45","5964.75"
"Fri Feb 21 2025 14:40:00 GMT+0530 (India Standard Time)","5964.75","5969.60","5960.15","5962.00"
"Fri Feb 21 2025 14:45:00 GMT+0530 (India Standard Time)","5962.00","5978.50","5962.00","5976.80"
"Fri Feb 21 2025 14:50:00 GMT+0530 (India Standard Time)","5976.80","5977.75","5970.00","5973.55"
"Fri Feb 21 2025 14:55:00 GMT+0530 (India Standard Time)","5973.55","5974.60","5970.60","5970.65"
"Fri Feb 21 2025 15:00:00 GMT+0530 (India Standard Time)","5970.65","5974.00","5960.00","5960.05"
"Fri Feb 21 2025 15:05:00 GMT+0530 (India Standard Time)","5960.05","5964.60","5959.95","5961.15"
"Fri Feb 21 2025 15:10:00 GMT+0530 (India Standard Time)","5961.15","5961.40","5960.95","5960.95"
"Fri Feb 21 2025 15:15:00 GMT+0530 (India Standard Time)","5960.00","5961.00","5953.00","5961.00"
"Fri Feb 21 2025 15:20:00 GMT+0530 (India Standard Time)","5961.00","5968.35","5955.00","5968.35"
"Fri Feb 21 2025 15:25:00 GMT+0530 (India Standard Time)","5966.55","5975.00","5964.05","5972.00"
"Mon Feb 24 2025 09:15:00 GMT+0530 (India Standard Time)","5960.45","5960.45","5860.45","5894.25"
"Mon Feb 24 2025 09:20:00 GMT+0530 (India Standard Time)","5895.40","5895.40","5843.85","5848.45"
"Mon Feb 24 2025 09:25:00 GMT+0530 (India Standard Time)","5850.00","5854.80","5818.85","5834.60"
"Mon Feb 24 2025 09:30:00 GMT+0530 (India Standard Time)","5831.15","5846.90","5814.00","5824.75"
"Mon Feb 24 2025 09:35:00 GMT+0530 (India Standard Time)","5824.75","5828.30","5800.00","5810.55"
"Mon Feb 24 2025 09:40:00 GMT+0530 (India Standard Time)","5809.70","5830.00","5804.80","5821.75"
"Mon Feb 24 2025 09:45:00 GMT+0530 (India Standard Time)","5819.90","5835.00","5811.25","5830.95"
"Mon Feb 24 2025 09:50:00 GMT+0530 (India Standard Time)","5826.75","5848.70","5820.00","5827.90"
"Mon Feb 24 2025 09:55:00 GMT+0530 (India Standard Time)","5827.90","5834.00","5813.00","5814.00"
"Mon Feb 24 2025 10:00:00 GMT+0530 (India Standard Time)","5814.00","5819.95","5795.00","5811.05"
"Mon Feb 24 2025 10:05:00 GMT+0530 (India Standard Time)","5808.15","5811.10","5791.00","5799.85"
"Mon Feb 24 2025 10:10:00 GMT+0530 (India Standard Time)","5797.15","5824.60","5797.05","5805.00"
"Mon Feb 24 2025 10:15:00 GMT+0530 (India Standard Time)","5810.00","5822.80","5798.00","5819.40"
"Mon Feb 24 2025 10:20:00 GMT+0530 (India Standard Time)","5819.40","5821.95","5804.00","5807.40"
"Mon Feb 24 2025 10:25:00 GMT+0530 (India Standard Time)","5807.40","5808.00","5800.00","5806.75"
"Mon Feb 24 2025 10:30:00 GMT+0530 (India Standard Time)","5806.75","5809.95","5793.85","5805.45"
"Mon Feb 24 2025 10:35:00 GMT+0530 (India Standard Time)","5805.45","5810.10","5798.45","5800.35"
"Mon Feb 24 2025 10:40:00 GMT+0530 (India Standard Time)","5799.00","5809.35","5782.00","5782.00"
"Mon Feb 24 2025 10:45:00 GMT+0530 (India Standard Time)","5785.15","5795.00","5783.00","5789.15"
"Mon Feb 24 2025 10:50:00 GMT+0530 (India Standard Time)","5789.15","5841.80","5785.00","5829.25"
"Mon Feb 24 2025 10:55:00 GMT+0530 (India Standard Time)","5825.45","5832.00","5819.45","5819.45"
"Mon Feb 24 2025 11:00:00 GMT+0530 (India Standard Time)","5821.65","5827.80","5816.35","5823.80"
"Mon Feb 24 2025 11:05:00 GMT+0530 (India Standard Time)","5823.80","5875.00","5820.00","5866.00"
"Mon Feb 24 2025 11:10:00 GMT+0530 (India Standard Time)","5866.00","5870.00","5845.00","5845.00"
"Mon Feb 24 2025 11:15:00 GMT+0530 (India Standard Time)","5845.00","5874.85","5842.30","5873.70"
"Mon Feb 24 2025 11:20:00 GMT+0530 (India Standard Time)","5873.70","5873.70","5860.25","5862.65"
"Mon Feb 24 2025 11:25:00 GMT+0530 (India Standard Time)","5862.30","5865.55","5848.75","5855.00"
"Mon Feb 24 2025 11:30:00 GMT+0530 (India Standard Time)","5855.00","5858.80","5848.45","5851.00"
"Mon Feb 24 2025 11:35:00 GMT+0530 (India Standard Time)","5851.00","5856.15","5847.00","5851.20"
"Mon Feb 24 2025 11:40:00 GMT+0530 (India Standard Time)","5851.20","5872.50","5850.75","5870.00"
"Mon Feb 24 2025 11:45:00 GMT+0530 (India Standard Time)","5867.65","5872.00","5859.00","5859.00"
"Mon Feb 24 2025 11:50:00 GMT+0530 (India Standard Time)","5859.00","5864.95","5854.30","5854.80"
"Mon Feb 24 2025 11:55:00 GMT+0530 (India Standard Time)","5854.80","5859.45","5848.45","5849.30"
"Mon Feb 24 2025 12:00:00 GMT+0530 (India Standard Time)","5849.30","5854.45","5840.00","5840.00"
"Mon Feb 24 2025 12:05:00 GMT+0530 (India Standard Time)","5840.00","5845.00","5827.30","5845.00"
"Mon Feb 24 2025 12:10:00 GMT+0530 (India Standard Time)","5845.00","5849.80","5835.45","5840.60"
"Mon Feb 24 2025 12:15:00 GMT+0530 (India Standard Time)","5840.60","5848.00","5835.55","5844.80"
"Mon Feb 24 2025 12:20:00 GMT+0530 (India Standard Time)","5844.60","5844.60","5833.35","5833.35"
"Mon Feb 24 2025 12:25:00 GMT+0530 (India Standard Time)","5833.35","5844.95","5832.75","5839.50"
"Mon Feb 24 2025 12:30:00 GMT+0530 (India Standard Time)","5839.50","5850.00","5838.10","5850.00"
"Mon Feb 24 2025 12:35:00 GMT+0530 (India Standard Time)","5850.00","5869.00","5847.35","5866.00"
"Mon Feb 24 2025 12:40:00 GMT+0530 (India Standard Time)","5866.00","5867.95","5854.05","5854.05"
"Mon Feb 24 2025 12:45:00 GMT+0530 (India Standard Time)","5854.05","5863.25","5850.00","5860.00"
"Mon Feb 24 2025 12:50:00 GMT+0530 (India Standard Time)","5860.00","5871.00","5858.40","5871.00"
"Mon Feb 24 2025 12:55:00 GMT+0530 (India Standard Time)","5871.00","5874.95","5860.15","5864.40"
"Mon Feb 24 2025 13:00:00 GMT+0530 (India Standard Time)","5864.40","5868.90","5854.15","5865.00"
"Mon Feb 24 2025 13:05:00 GMT+0530 (India Standard Time)","5865.00","5865.00","5860.95","5861.00"
"Mon Feb 24 2025 13:10:00 GMT+0530 (India Standard Time)","5861.00","5863.40","5845.00","5850.45"
"Mon Feb 24 2025 13:15:00 GMT+0530 (India Standard Time)","5847.80","5847.90","5840.90","5842.00"
"Mon Feb 24 2025 13:20:00 GMT+0530 (India Standard Time)","5842.00","5843.20","5827.00","5827.50"
"Mon Feb 24 2025 13:25:00 GMT+0530 (India Standard Time)","5825.20","5839.15","5823.10","5834.35"
"Mon Feb 24 2025 13:30:00 GMT+0530 (India Standard Time)","5834.35","5839.00","5834.30","5838.50"
"Mon Feb 24 2025 13:35:00 GMT+0530 (India Standard Time)","5838.50","5838.50","5828.00","5831.95"
"Mon Feb 24 2025 13:40:00 GMT+0530 (India Standard Time)","5831.95","5845.80","5828.10","5836.05"
"Mon Feb 24 2025 13:45:00 GMT+0530 (India Standard Time)","5836.05","5839.70","5831.30","5835.20"
"Mon Feb 24 2025 13:50:00 GMT+0530 (India Standard Time)","5835.20","5848.00","5835.20","5846.40"
"Mon Feb 24 2025 13:55:00 GMT+0530 (India Standard Time)","5846.40","5846.55","5839.00","5841.70"
"Mon Feb 24 2025 14:00:00 GMT+0530 (India Standard Time)","5841.70","5845.00","5839.75","5843.75"
"Mon Feb 24 2025 14:05:00 GMT+0530 (India Standard Time)","5843.75","5843.75","5829.85","5830.00"
"Mon Feb 24 2025 14:10:00 GMT+0530 (India Standard Time)","5832.00","5838.60","5829.75","5835.15"
"Mon Feb 24 2025 14:15:00 GMT+0530 (India Standard Time)","5835.15","5838.95","5830.15","5835.60"
"Mon Feb 24 2025 14:20:00 GMT+0530 (India Standard Time)","5835.60","5835.70","5828.00","5829.65"
"Mon Feb 24 2025 14:25:00 GMT+0530 (India Standard Time)","5829.65","5832.00","5825.00","5828.75"
"Mon Feb 24 2025 14:30:00 GMT+0530 (India Standard Time)","5825.05","5838.30","5825.05","5835.75"
"Mon Feb 24 2025 14:35:00 GMT+0530 (India Standard Time)","5835.75","5853.00","5834.00","5848.00"
"Mon Feb 24 2025 14:40:00 GMT+0530 (India Standard Time)","5848.00","5849.90","5841.45","5843.90"
"Mon Feb 24 2025 14:45:00 GMT+0530 (India Standard Time)","5843.90","5855.00","5841.05","5849.55"
"Mon Feb 24 2025 14:50:00 GMT+0530 (India Standard Time)","5849.55","5868.80","5849.55","5868.80"
"Mon Feb 24 2025 14:55:00 GMT+0530 (India Standard Time)","5865.00","5867.00","5855.35","5859.60"
"Mon Feb 24 2025 15:00:00 GMT+0530 (India Standard Time)","5858.60","5867.45","5850.10","5853.40"
"Mon Feb 24 2025 15:05:00 GMT+0530 (India Standard Time)","5853.40","5857.30","5848.80","5857.30"
"Mon Feb 24 2025 15:10:00 GMT+0530 (India Standard Time)","5859.60","5859.60","5847.25","5856.50"
"Mon Feb 24 2025 15:15:00 GMT+0530 (India Standard Time)","5855.45","5855.45","5847.00","5849.30"
"Mon Feb 24 2025 15:20:00 GMT+0530 (India Standard Time)","5849.30","5850.20","5847.00","5849.30"
"Mon Feb 24 2025 15:25:00 GMT+0530 (India Standard Time)","5849.25","5854.90","5847.00","5848.00"
"Tue Feb 25 2025 09:15:00 GMT+0530 (India Standard Time)","5851.80","5877.70","5806.20","5813.35"
"Tue Feb 25 2025 09:20:00 GMT+0530 (India Standard Time)","5813.15","5813.15","5792.55","5803.40"
"Tue Feb 25 2025 09:25:00 GMT+0530 (India Standard Time)","5800.75","5823.75","5785.00","5815.40"
"Tue Feb 25 2025 09:30:00 GMT+0530 (India Standard Time)","5815.40","5821.95","5808.00","5819.45"
"Tue Feb 25 2025 09:35:00 GMT+0530 (India Standard Time)","5819.45","5830.00","5813.80","5823.95"
"Tue Feb 25 2025 09:40:00 GMT+0530 (India Standard Time)","5823.95","5827.50","5802.00","5806.75"
"Tue Feb 25 2025 09:45:00 GMT+0530 (India Standard Time)","5806.75","5827.00","5806.75","5822.60"
"Tue Feb 25 2025 09:50:00 GMT+0530 (India Standard Time)","5822.60","5823.00","5814.05","5815.00"
"Tue Feb 25 2025 09:55:00 GMT+0530 (India Standard Time)","5815.00","5828.20","5812.45","5825.80"
"Tue Feb 25 2025 10:00:00 GMT+0530 (India Standard Time)","5825.90","5828.00","5811.05","5815.00"
"Tue Feb 25 2025 10:05:00 GMT+0530 (India Standard Time)","5815.45","5821.95","5815.00","5815.00"
"Tue Feb 25 2025 10:10:00 GMT+0530 (India Standard Time)","5815.00","5821.55","5805.70","5817.20"
"Tue Feb 25 2025 10:15:00 GMT+0530 (India Standard Time)","5817.20","5827.00","5809.40","5824.45"
"Tue Feb 25 2025 10:20:00 GMT+0530 (India Standard Time)","5824.35","5835.80","5823.30","5829.90"
"Tue Feb 25 2025 10:25:00 GMT+0530 (India Standard Time)","5829.90","5834.15","5825.00","5827.60"
"Tue Feb 25 2025 10:30:00 GMT+0530 (India Standard Time)","5826.30","5835.85","5820.05","5834.10"
"Tue Feb 25 2025 10:35:00 GMT+0530 (India Standard Time)","5834.10","5836.95","5827.50","5828.05"
"Tue Feb 25 2025 10:40:00 GMT+0530 (India Standard Time)","5831.40","5832.15","5816.60","5819.00"
"Tue Feb 25 2025 10:45:00 GMT+0530 (India Standard Time)","5819.00","5819.00","5785.00","5785.00"
"Tue Feb 25 2025 10:50:00 GMT+0530 (India Standard Time)","5785.00","5798.35","5785.00","5795.20"
"Tue Feb 25 2025 10:55:00 GMT+0530 (India Standard Time)","5795.20","5798.50","5792.00","5794.20"
"Tue Feb 25 2025 11:00:00 GMT+0530 (India Standard Time)","5794.20","5794.20","5770.45","5782.35"
"Tue Feb 25 2025 11:05:00 GMT+0530 (India Standard Time)","5782.35","5788.35","5779.75","5780.20"
"Tue Feb 25 2025 11:10:00 GMT+0530 (India Standard Time)","5780.15","5783.95","5778.80","5783.10"
"Tue Feb 25 2025 11:15:00 GMT+0530 (India Standard Time)","5783.10","5785.00","5778.00","5783.65"
"Tue Feb 25 2025 11:20:00 GMT+0530 (India Standard Time)","5783.65","5786.45","5779.60","5781.95"
"Tue Feb 25 2025 11:25:00 GMT+0530 (India Standard Time)","5781.95","5783.35","5771.55","5773.00"
"Tue Feb 25 2025 11:30:00 GMT+0530 (India Standard Time)","5773.00","5774.25","5765.10","5766.70"
"Tue Feb 25 2025 11:35:00 GMT+0530 (India Standard Time)","5766.70","5773.50","5761.50","5763.80"
"Tue Feb 25 2025 11:40:00 GMT+0530 (India Standard Time)","5763.80","5771.70","5759.90","5766.80"
"Tue Feb 25 2025 11:45:00 GMT+0530 (India Standard Time)","5766.80","5774.00","5760.30","5760.35"
"Tue Feb 25 2025 11:50:00 GMT+0530 (India Standard Time)","5760.35","5763.05","5752.60","5754.55"
"Tue Feb 25 2025 11:55:00 GMT+0530 (India Standard Time)","5754.45","5758.85","5751.00","5754.20"
"Tue Feb 25 2025 12:00:00 GMT+0530 (India Standard Time)","5754.20","5754.20","5742.20","5743.75"
"Tue Feb 25 2025 12:05:00 GMT+0530 (India Standard Time)","5741.95","5748.80","5732.00","5745.65"
"Tue Feb 25 2025 12:10:00 GMT+0530 (India Standard Time)","5745.65","5748.65","5738.00","5740.00"
"Tue Feb 25 2025 12:15:00 GMT+0530 (India Standard Time)","5739.20","5745.60","5739.20","5744.00"
"Tue Feb 25 2025 12:20:00 GMT+0530 (India Standard Time)","5745.45","5746.10","5738.00","5744.70"
"Tue Feb 25 2025 12:25:00 GMT+0530 (India Standard Time)","5744.70","5748.00","5741.50","5746.40"
"Tue Feb 25 2025 12:30:00 GMT+0530 (India Standard Time)","5745.00","5746.00","5735.00","5735.05"
"Tue Feb 25 2025 12:35:00 GMT+0530 (India Standard Time)","5735.05","5735.70","5732.00","5732.30"
"Tue Feb 25 2025 12:40:00 GMT+0530 (India Standard Time)","5732.05","5736.40","5732.00","5734.00"
"Tue Feb 25 2025 12:45:00 GMT+0530 (India Standard Time)","5734.00","5736.00","5732.00","5735.00"
"Tue Feb 25 2025 12:50:00 GMT+0530 (India Standard Time)","5735.00","5735.70","5730.00","5735.70"
"Tue Feb 25 2025 12:55:00 GMT+0530 (India Standard Time)","5735.70","5736.10","5733.20","5735.40"
"Tue Feb 25 2025 13:00:00 GMT+0530 (India Standard Time)","5735.40","5743.55","5735.40","5740.00"
"Tue Feb 25 2025 13:05:00 GMT+0530 (India Standard Time)","5740.00","5740.75","5734.30","5737.50"
"Tue Feb 25 2025 13:10:00 GMT+0530 (India Standard Time)","5737.50","5745.80","5734.85","5741.00"
"Tue Feb 25 2025 13:15:00 GMT+0530 (India Standard Time)","5742.35","5742.45","5730.00","5731.00"
"Tue Feb 25 2025 13:20:00 GMT+0530 (India Standard Time)","5730.05","5731.00","5710.00","5716.00"
"Tue Feb 25 2025 13:25:00 GMT+0530 (India Standard Time)","5714.20","5717.50","5710.00","5711.80"
"Tue Feb 25 2025 13:30:00 GMT+0530 (India Standard Time)","5710.05","5720.00","5710.05","5717.80"
"Tue Feb 25 2025 13:35:00 GMT+0530 (India Standard Time)","5715.15","5718.00","5708.35","5712.40"
"Tue Feb 25 2025 13:40:00 GMT+0530 (India Standard Time)","5712.40","5718.90","5709.85","5713.00"
"Tue Feb 25 2025 13:45:00 GMT+0530 (India Standard Time)","5713.00","5714.70","5709.00","5712.60"
"Tue Feb 25 2025 13:50:00 GMT+0530 (India Standard Time)","5712.50","5717.00","5710.00","5715.60"
"Tue Feb 25 2025 13:55:00 GMT+0530 (India Standard Time)","5715.60","5716.30","5710.00","5710.05"
"Tue Feb 25 2025 14:00:00 GMT+0530 (India Standard Time)","5710.05","5713.75","5705.00","5709.55"
"Tue Feb 25 2025 14:05:00 GMT+0530 (India Standard Time)","5711.55","5711.55","5702.00","5702.10"
"Tue Feb 25 2025 14:10:00 GMT+0530 (India Standard Time)","5703.75","5714.05","5702.05","5713.70"
"Tue Feb 25 2025 14:15:00 GMT+0530 (India Standard Time)","5713.70","5714.95","5710.00","5711.90"
"Tue Feb 25 2025 14:20:00 GMT+0530 (India Standard Time)","5711.90","5714.00","5710.00","5710.80"
"Tue Feb 25 2025 14:25:00 GMT+0530 (India Standard Time)","5710.80","5714.00","5710.00","5713.00"
"Tue Feb 25 2025 14:30:00 GMT+0530 (India Standard Time)","5713.00","5714.30","5710.00","5710.00"
"Tue Feb 25 2025 14:35:00 GMT+0530 (India Standard Time)","5710.00","5712.70","5710.00","5711.00"
"Tue Feb 25 2025 14:40:00 GMT+0530 (India Standard Time)","5711.00","5714.90","5711.00","5712.95"
"Tue Feb 25 2025 14:45:00 GMT+0530 (India Standard Time)","5712.95","5714.10","5705.65","5709.45"
"Tue Feb 25 2025 14:50:00 GMT+0530 (India Standard Time)","5709.45","5712.15","5705.00","5711.00"
"Tue Feb 25 2025 14:55:00 GMT+0530 (India Standard Time)","5711.00","5711.00","5706.00","5709.60"
"Tue Feb 25 2025 15:00:00 GMT+0530 (India Standard Time)","5709.00","5709.45","5702.10","5703.80"
"Tue Feb 25 2025 15:05:00 GMT+0530 (India Standard Time)","5702.20","5709.35","5701.00","5709.35"
"Tue Feb 25 2025 15:10:00 GMT+0530 (India Standard Time)","5710.00","5711.05","5702.00","5704.00"
"Tue Feb 25 2025 15:15:00 GMT+0530 (India Standard Time)","5702.20","5704.00","5691.00","5691.70"
"Tue Feb 25 2025 15:20:00 GMT+0530 (India Standard Time)","5691.70","5693.95","5678.00","5687.10"
"Tue Feb 25 2025 15:25:00 GMT+0530 (India Standard Time)","5687.75","5689.00","5675.00","5681.95"
"Thu Feb 27 2025 09:15:00 GMT+0530 (India Standard Time)","5695.65","5721.55","5665.85","5669.15"
"Thu Feb 27 2025 09:20:00 GMT+0530 (India Standard Time)","5671.70","5690.30","5656.00","5661.20"
"Thu Feb 27 2025 09:25:00 GMT+0530 (India Standard Time)","5663.75","5675.00","5643.55","5648.00"
"Thu Feb 27 2025 09:30:00 GMT+0530 (India Standard Time)","5648.00","5675.00","5648.00","5666.60"
"Thu Feb 27 2025 09:35:00 GMT+0530 (India Standard Time)","5671.25","5671.25","5626.15","5632.80"
"Thu Feb 27 2025 09:40:00 GMT+0530 (India Standard Time)","5632.35","5633.05","5623.40","5628.05"
"Thu Feb 27 2025 09:45:00 GMT+0530 (India Standard Time)","5628.05","5646.95","5624.80","5642.00"
"Thu Feb 27 2025 09:50:00 GMT+0530 (India Standard Time)","5642.00","5642.00","5625.60","5628.20"
"Thu Feb 27 2025 09:55:00 GMT+0530 (India Standard Time)","5628.20","5653.00","5617.00","5641.30"
"Thu Feb 27 2025 10:00:00 GMT+0530 (India Standard Time)","5641.30","5647.85","5638.75","5640.00"
"Thu Feb 27 2025 10:05:00 GMT+0530 (India Standard Time)","5640.00","5647.00","5630.00","5647.00"
"Thu Feb 27 2025 10:10:00 GMT+0530 (India Standard Time)","5647.00","5649.10","5632.80","5639.90"
"Thu Feb 27 2025 10:15:00 GMT+0530 (India Standard Time)","5639.40","5643.90","5634.00","5643.90"
"Thu Feb 27 2025 10:20:00 GMT+0530 (India Standard Time)","5645.00","5649.10","5631.20","5643.00"
"Thu Feb 27 2025 10:25:00 GMT+0530 (India Standard Time)","5643.00","5657.25","5635.20","5657.25"
"Thu Feb 27 2025 10:30:00 GMT+0530 (India Standard Time)","5657.25","5669.70","5654.25","5667.90"
"Thu Feb 27 2025 10:35:00 GMT+0530 (India Standard Time)","5667.90","5675.90","5663.00","5663.25"
"Thu Feb 27 2025 10:40:00 GMT+0530 (India Standard Time)","5663.25","5666.50","5651.45","5662.80"
"Thu Feb 27 2025 10:45:00 GMT+0530 (India Standard Time)","5662.80","5662.80","5651.15","5657.85"
"Thu Feb 27 2025 10:50:00 GMT+0530 (India Standard Time)","5657.85","5664.95","5651.05","5652.65"
"Thu Feb 27 2025 10:55:00 GMT+0530 (India Standard Time)","5652.65","5658.60","5650.55","5654.55"
"Thu Feb 27 2025 11:00:00 GMT+0530 (India Standard Time)","5654.55","5657.60","5650.05","5651.55"
"Thu Feb 27 2025 11:05:00 GMT+0530 (India Standard Time)","5651.55","5657.00","5650.30","5657.00"
"Thu Feb 27 2025 11:10:00 GMT+0530 (India Standard Time)","5657.00","5668.00","5657.00","5667.95"
"Thu Feb 27 2025 11:15:00 GMT+0530 (India Standard Time)","5667.95","5668.00","5655.00","5657.30"
"Thu Feb 27 2025 11:20:00 GMT+0530 (India Standard Time)","5657.25","5666.45","5654.60","5654.60"
"Thu Feb 27 2025 11:25:00 GMT+0530 (India Standard Time)","5654.60","5654.80","5646.50","5646.90"
"Thu Feb 27 2025 11:30:00 GMT+0530 (India Standard Time)","5646.90","5649.90","5636.90","5639.70"
"Thu Feb 27 2025 11:35:00 GMT+0530 (India Standard Time)","5639.70","5639.70","5625.10","5625.10"
"Thu Feb 27 2025 11:40:00 GMT+0530 (India Standard Time)","5627.70","5650.00","5625.00","5643.90"
"Thu Feb 27 2025 11:45:00 GMT+0530 (India Standard Time)","5643.90","5649.90","5642.25","5646.80"
"Thu Feb 27 2025 11:50:00 GMT+0530 (India Standard Time)","5646.80","5648.65","5640.00","5641.00"
"Thu Feb 27 2025 11:55:00 GMT+0530 (India Standard Time)","5641.00","5641.00","5637.00","5638.00"
"Thu Feb 27 2025 12:00:00 GMT+0530 (India Standard Time)","5638.00","5638.55","5627.05","5627.30"
"Thu Feb 27 2025 12:05:00 GMT+0530 (India Standard Time)","5627.30","5634.80","5627.05","5629.45"
"Thu Feb 27 2025 12:10:00 GMT+0530 (India Standard Time)","5629.45","5629.45","5621.00","5621.00"
"Thu Feb 27 2025 12:15:00 GMT+0530 (India Standard Time)","5621.00","5625.00","5618.00","5620.75"
"Thu Feb 27 2025 12:20:00 GMT+0530 (India Standard Time)","5620.00","5620.00","5601.00","5602.00"
"Thu Feb 27 2025 12:25:00 GMT+0530 (India Standard Time)","5602.00","5614.50","5578.55","5580.80"
"Thu Feb 27 2025 12:30:00 GMT+0530 (India Standard Time)","5580.80","5584.00","5574.00","5583.95"
"Thu Feb 27 2025 12:35:00 GMT+0530 (India Standard Time)","5583.00","5595.50","5579.00","5590.00"
"Thu Feb 27 2025 12:40:00 GMT+0530 (India Standard Time)","5590.00","5603.40","5588.00","5599.80"
"Thu Feb 27 2025 12:45:00 GMT+0530 (India Standard Time)","5599.80","5599.90","5584.70","5584.70"
"Thu Feb 27 2025 12:50:00 GMT+0530 (India Standard Time)","5584.70","5588.30","5583.00","5588.00"
"Thu Feb 27 2025 12:55:00 GMT+0530 (India Standard Time)","5588.00","5599.00","5585.00","5590.85"
"Thu Feb 27 2025 13:00:00 GMT+0530 (India Standard Time)","5590.85","5594.80","5585.00","5585.00"
"Thu Feb 27 2025 13:05:00 GMT+0530 (India Standard Time)","5585.00","5587.95","5578.70","5582.00"
"Thu Feb 27 2025 13:10:00 GMT+0530 (India Standard Time)","5582.00","5585.00","5582.00","5583.15"
"Thu Feb 27 2025 13:15:00 GMT+0530 (India Standard Time)","5581.20","5584.90","5580.20","5580.20"
"Thu Feb 27 2025 13:20:00 GMT+0530 (India Standard Time)","5580.20","5584.75","5579.75","5582.95"
"Thu Feb 27 2025 13:25:00 GMT+0530 (India Standard Time)","5582.95","5589.00","5572.05","5588.25"
"Thu Feb 27 2025 13:30:00 GMT+0530 (India Standard Time)","5588.25","5590.10","5585.00","5589.10"
"Thu Feb 27 2025 13:35:00 GMT+0530 (India Standard Time)","5589.10","5589.90","5570.05","5573.30"
"Thu Feb 27 2025 13:40:00 GMT+0530 (India Standard Time)","5573.30","5583.10","5573.30","5579.00"
"Thu Feb 27 2025 13:45:00 GMT+0530 (India Standard Time)","5579.00","5583.25","5574.10","5576.90"
"Thu Feb 27 2025 13:50:00 GMT+0530 (India Standard Time)","5577.10","5579.95","5572.00","5574.10"
"Thu Feb 27 2025 13:55:00 GMT+0530 (India Standard Time)","5574.10","5574.10","5561.25","5565.00"
"Thu Feb 27 2025 14:00:00 GMT+0530 (India Standard Time)","5565.00","5566.00","5555.00","5559.00"
"Thu Feb 27 2025 14:05:00 GMT+0530 (India Standard Time)","5559.00","5562.10","5552.55","5559.90"
"Thu Feb 27 2025 14:10:00 GMT+0530 (India Standard Time)","5559.90","5562.10","5554.50","5556.10"
"Thu Feb 27 2025 14:15:00 GMT+0530 (India Standard Time)","5556.10","5562.00","5555.50","5560.35"
"Thu Feb 27 2025 14:20:00 GMT+0530 (India Standard Time)","5561.85","5563.50","5551.00","5552.00"
"Thu Feb 27 2025 14:25:00 GMT+0530 (India Standard Time)","5552.00","5555.10","5551.05","5554.90"
"Thu Feb 27 2025 14:30:00 GMT+0530 (India Standard Time)","5554.90","5554.90","5546.05","5550.05"
"Thu Feb 27 2025 14:35:00 GMT+0530 (India Standard Time)","5549.65","5550.00","5530.05","5530.50"
"Thu Feb 27 2025 14:40:00 GMT+0530 (India Standard Time)","5530.00","5535.00","5528.60","5530.70"
"Thu Feb 27 2025 14:45:00 GMT+0530 (India Standard Time)","5529.00","5530.45","5513.45","5514.95"
"Thu Feb 27 2025 14:50:00 GMT+0530 (India Standard Time)","5515.00","5531.85","5514.00","5526.55"
"Thu Feb 27 2025 14:55:00 GMT+0530 (India Standard Time)","5528.70","5536.80","5524.65","5532.50"
"Thu Feb 27 2025 15:00:00 GMT+0530 (India Standard Time)","5533.85","5584.45","5533.85","5584.45"
"Thu Feb 27 2025 15:05:00 GMT+0530 (India Standard Time)","5584.25","5600.00","5582.70","5588.55"
"Thu Feb 27 2025 15:10:00 GMT+0530 (India Standard Time)","5595.40","5595.40","5575.00","5576.75"
"Thu Feb 27 2025 15:15:00 GMT+0530 (India Standard Time)","5576.95","5576.95","5544.00","5554.25"
"Thu Feb 27 2025 15:20:00 GMT+0530 (India Standard Time)","5553.00","5553.95","5541.05","5546.60"
"Thu Feb 27 2025 15:25:00 GMT+0530 (India Standard Time)","5546.60","5551.70","5541.15","5547.00"
"Fri Feb 28 2025 09:15:00 GMT+0530 (India Standard Time)","5514.10","5563.00","5481.00","5481.00"
"Fri Feb 28 2025 09:20:00 GMT+0530 (India Standard Time)","5484.40","5549.95","5478.60","5518.10"
"Fri Feb 28 2025 09:25:00 GMT+0530 (India Standard Time)","5515.00","5515.00","5471.00","5473.55"
"Fri Feb 28 2025 09:30:00 GMT+0530 (India Standard Time)","5469.75","5471.95","5415.05","5419.60"
"Fri Feb 28 2025 09:35:00 GMT+0530 (India Standard Time)","5419.60","5459.55","5419.60","5432.90"
"Fri Feb 28 2025 09:40:00 GMT+0530 (India Standard Time)","5429.00","5460.50","5429.00","5437.00"
"Fri Feb 28 2025 09:45:00 GMT+0530 (India Standard Time)","5436.70","5457.95","5416.00","5423.20"
"Fri Feb 28 2025 09:50:00 GMT+0530 (India Standard Time)","5423.20","5430.00","5418.00","5422.20"
"Fri Feb 28 2025 09:55:00 GMT+0530 (India Standard Time)","5422.20","5423.50","5392.80","5406.30"
"Fri Feb 28 2025 10:00:00 GMT+0530 (India Standard Time)","5406.30","5418.10","5386.15","5393.65"
"Fri Feb 28 2025 10:05:00 GMT+0530 (India Standard Time)","5393.80","5395.20","5378.30","5381.90"
"Fri Feb 28 2025 10:10:00 GMT+0530 (India Standard Time)","5382.70","5390.10","5376.95","5390.10"
"Fri Feb 28 2025 10:15:00 GMT+0530 (India Standard Time)","5390.10","5413.30","5390.10","5406.60"
"Fri Feb 28 2025 10:20:00 GMT+0530 (India Standard Time)","5406.60","5409.30","5380.05","5405.00"
"Fri Feb 28 2025 10:25:00 GMT+0530 (India Standard Time)","5405.00","5405.00","5384.20","5389.50"
"Fri Feb 28 2025 10:30:00 GMT+0530 (India Standard Time)","5389.50","5399.40","5387.00","5396.25"
"Fri Feb 28 2025 10:35:00 GMT+0530 (India Standard Time)","5396.25","5407.45","5391.00","5405.10"
"Fri Feb 28 2025 10:40:00 GMT+0530 (India Standard Time)","5405.10","5428.80","5405.10","5414.90"
"Fri Feb 28 2025 10:45:00 GMT+0530 (India Standard Time)","5414.90","5422.85","5400.00","5405.90"
"Fri Feb 28 2025 10:50:00 GMT+0530 (India Standard Time)","5405.90","5405.90","5391.25","5397.40"
"Fri Feb 28 2025 10:55:00 GMT+0530 (India Standard Time)","5397.00","5404.95","5365.85","5372.35"
"Fri Feb 28 2025 11:00:00 GMT+0530 (India Standard Time)","5371.10","5374.95","5348.75","5355.15"
"Fri Feb 28 2025 11:05:00 GMT+0530 (India Standard Time)","5351.55","5366.95","5331.00","5343.90"
"Fri Feb 28 2025 11:10:00 GMT+0530 (India Standard Time)","5343.90","5349.90","5325.55","5332.55"
"Fri Feb 28 2025 11:15:00 GMT+0530 (India Standard Time)","5332.55","5344.65","5325.55","5338.85"
"Fri Feb 28 2025 11:20:00 GMT+0530 (India Standard Time)","5338.85","5340.00","5330.25","5337.80"
"Fri Feb 28 2025 11:25:00 GMT+0530 (India Standard Time)","5337.80","5366.00","5334.75","5366.00"
"Fri Feb 28 2025 11:30:00 GMT+0530 (India Standard Time)","5366.00","5394.60","5365.65","5372.90"
"Fri Feb 28 2025 11:35:00 GMT+0530 (India Standard Time)","5372.90","5383.95","5365.05","5375.40"
"Fri Feb 28 2025 11:40:00 GMT+0530 (India Standard Time)","5375.40","5375.80","5351.75","5360.00"
"Fri Feb 28 2025 11:45:00 GMT+0530 (India Standard Time)","5360.60","5360.60","5346.75","5352.25"
"Fri Feb 28 2025 11:50:00 GMT+0530 (India Standard Time)","5352.25","5359.80","5352.25","5357.40"
"Fri Feb 28 2025 11:55:00 GMT+0530 (India Standard Time)","5357.75","5375.95","5356.00","5366.35"
"Fri Feb 28 2025 12:00:00 GMT+0530 (India Standard Time)","5366.35","5366.35","5347.00","5354.95"
"Fri Feb 28 2025 12:05:00 GMT+0530 (India Standard Time)","5354.95","5363.90","5347.30","5353.95"
"Fri Feb 28 2025 12:10:00 GMT+0530 (India Standard Time)","5353.95","5369.30","5350.90","5369.00"
"Fri Feb 28 2025 12:15:00 GMT+0530 (India Standard Time)","5369.00","5376.00","5366.00","5371.00"
"Fri Feb 28 2025 12:20:00 GMT+0530 (India Standard Time)","5371.00","5374.90","5355.95","5362.30"
"Fri Feb 28 2025 12:25:00 GMT+0530 (India Standard Time)","5362.30","5369.50","5352.30","5367.70"
"Fri Feb 28 2025 12:30:00 GMT+0530 (India Standard Time)","5367.70","5369.20","5350.45","5354.20"
"Fri Feb 28 2025 12:35:00 GMT+0530 (India Standard Time)","5354.20","5355.65","5330.15","5334.40"
"Fri Feb 28 2025 12:40:00 GMT+0530 (India Standard Time)","5334.40","5335.50","5327.00","5329.50"
"Fri Feb 28 2025 12:45:00 GMT+0530 (India Standard Time)","5329.50","5332.00","5321.00","5328.30"
"Fri Feb 28 2025 12:50:00 GMT+0530 (India Standard Time)","5328.30","5329.85","5311.80","5317.70"
"Fri Feb 28 2025 12:55:00 GMT+0530 (India Standard Time)","5317.45","5318.75","5302.55","5311.50"
"Fri Feb 28 2025 13:00:00 GMT+0530 (India Standard Time)","5311.50","5348.00","5308.00","5344.60"
"Fri Feb 28 2025 13:05:00 GMT+0530 (India Standard Time)","5343.00","5350.00","5337.05","5349.85"
"Fri Feb 28 2025 13:10:00 GMT+0530 (India Standard Time)","5349.80","5368.75","5346.65","5360.00"
"Fri Feb 28 2025 13:15:00 GMT+0530 (India Standard Time)","5360.00","5377.85","5355.55","5365.95"
"Fri Feb 28 2025 13:20:00 GMT+0530 (India Standard Time)","5365.95","5370.00","5360.00","5365.15"
"Fri Feb 28 2025 13:25:00 GMT+0530 (India Standard Time)","5365.00","5374.40","5362.40","5367.70"
"Fri Feb 28 2025 13:30:00 GMT+0530 (India Standard Time)","5367.70","5374.80","5366.10","5371.75"
"Fri Feb 28 2025 13:35:00 GMT+0530 (India Standard Time)","5371.65","5372.70","5352.05","5372.30"
"Fri Feb 28 2025 13:40:00 GMT+0530 (India Standard Time)","5372.30","5384.75","5371.00","5382.40"
"Fri Feb 28 2025 13:45:00 GMT+0530 (India Standard Time)","5382.95","5392.75","5380.00","5392.60"
"Fri Feb 28 2025 13:50:00 GMT+0530 (India Standard Time)","5392.60","5397.00","5369.80","5376.30"
"Fri Feb 28 2025 13:55:00 GMT+0530 (India Standard Time)","5376.30","5391.00","5373.95","5384.00"
"Fri Feb 28 2025 14:00:00 GMT+0530 (India Standard Time)","5384.00","5384.00","5365.85","5374.70"
"Fri Feb 28 2025 14:05:00 GMT+0530 (India Standard Time)","5374.70","5385.60","5374.00","5381.75"
"Fri Feb 28 2025 14:10:00 GMT+0530 (India Standard Time)","5384.35","5387.35","5372.10","5377.60"
"Fri Feb 28 2025 14:15:00 GMT+0530 (India Standard Time)","5377.60","5386.25","5361.70","5365.05"
"Fri Feb 28 2025 14:20:00 GMT+0530 (India Standard Time)","5365.30","5378.70","5363.45","5376.70"
"Fri Feb 28 2025 14:25:00 GMT+0530 (India Standard Time)","5376.10","5380.00","5370.00","5374.40"
"Fri Feb 28 2025 14:30:00 GMT+0530 (India Standard Time)","5375.00","5379.00","5369.50","5370.90"
"Fri Feb 28 2025 14:35:00 GMT+0530 (India Standard Time)","5372.20","5374.80","5364.85","5370.95"
"Fri Feb 28 2025 14:40:00 GMT+0530 (India Standard Time)","5370.95","5393.80","5369.75","5393.80"
"Fri Feb 28 2025 14:45:00 GMT+0530 (India Standard Time)","5391.55","5404.85","5389.95","5390.00"
"Fri Feb 28 2025 14:50:00 GMT+0530 (India Standard Time)","5390.00","5396.35","5385.00","5390.95"
"Fri Feb 28 2025 14:55:00 GMT+0530 (India Standard Time)","5391.60","5395.00","5382.05","5393.60"
"Fri Feb 28 2025 15:00:00 GMT+0530 (India Standard Time)","5393.65","5417.55","5368.00","5410.00"
"Fri Feb 28 2025 15:05:00 GMT+0530 (India Standard Time)","5410.00","5421.85","5403.70","5414.85"
"Fri Feb 28 2025 15:10:00 GMT+0530 (India Standard Time)","5414.85","5420.00","5407.25","5418.25"
"Fri Feb 28 2025 15:15:00 GMT+0530 (India Standard Time)","5416.55","5421.85","5412.15","5417.00"
"Fri Feb 28 2025 15:20:00 GMT+0530 (India Standard Time)","5416.90","5424.00","5401.95","5404.95"
"Fri Feb 28 2025 15:25:00 GMT+0530 (India Standard Time)","5404.95","5420.00","5400.00","5412.00"
"Mon Mar 03 2025 09:15:00 GMT+0530 (India Standard Time)","5416.05","5477.00","5416.05","5434.15"
"Mon Mar 03 2025 09:20:00 GMT+0530 (India Standard Time)","5430.75","5448.50","5412.00","5424.05"
"Mon Mar 03 2025 09:25:00 GMT+0530 (India Standard Time)","5424.05","5445.00","5416.00","5421.95"
"Mon Mar 03 2025 09:30:00 GMT+0530 (India Standard Time)","5420.00","5428.90","5411.10","5417.80"
"Mon Mar 03 2025 09:35:00 GMT+0530 (India Standard Time)","5417.80","5443.30","5406.10","5434.45"
"Mon Mar 03 2025 09:40:00 GMT+0530 (India Standard Time)","5434.15","5463.00","5413.40","5420.00"
"Mon Mar 03 2025 09:45:00 GMT+0530 (India Standard Time)","5420.00","5440.00","5417.00","5440.00"
"Mon Mar 03 2025 09:50:00 GMT+0530 (India Standard Time)","5440.00","5449.00","5428.00","5431.10"
"Mon Mar 03 2025 09:55:00 GMT+0530 (India Standard Time)","5431.10","5437.15","5420.15","5424.50"
"Mon Mar 03 2025 10:00:00 GMT+0530 (India Standard Time)","5424.50","5427.00","5410.00","5410.00"
"Mon Mar 03 2025 10:05:00 GMT+0530 (India Standard Time)","5410.00","5410.00","5383.05","5384.60"
"Mon Mar 03 2025 10:10:00 GMT+0530 (India Standard Time)","5384.60","5384.75","5362.85","5366.90"
"Mon Mar 03 2025 10:15:00 GMT+0530 (India Standard Time)","5370.80","5386.60","5365.00","5386.60"
"Mon Mar 03 2025 10:20:00 GMT+0530 (India Standard Time)","5386.60","5394.15","5373.15","5386.00"
"Mon Mar 03 2025 10:25:00 GMT+0530 (India Standard Time)","5391.35","5448.80","5383.70","5446.25"
"Mon Mar 03 2025 10:30:00 GMT+0530 (India Standard Time)","5446.25","5447.75","5400.00","5413.30"
"Mon Mar 03 2025 10:35:00 GMT+0530 (India Standard Time)","5413.30","5424.75","5400.45","5418.15"
"Mon Mar 03 2025 10:40:00 GMT+0530 (India Standard Time)","5417.15","5419.90","5398.00","5408.95"
"Mon Mar 03 2025 10:45:00 GMT+0530 (India Standard Time)","5408.75","5433.70","5397.05","5414.65"
"Mon Mar 03 2025 10:50:00 GMT+0530 (India Standard Time)","5414.65","5437.20","5397.45","5413.95"
"Mon Mar 03 2025 10:55:00 GMT+0530 (India Standard Time)","5413.95","5428.15","5410.40","5418.80"
"Mon Mar 03 2025 11:00:00 GMT+0530 (India Standard Time)","5418.80","5427.95","5400.00","5405.20"
"Mon Mar 03 2025 11:05:00 GMT+0530 (India Standard Time)","5405.20","5412.00","5396.75","5406.00"
"Mon Mar 03 2025 11:10:00 GMT+0530 (India Standard Time)","5406.00","5411.00","5380.40","5394.85"
"Mon Mar 03 2025 11:15:00 GMT+0530 (India Standard Time)","5394.85","5398.10","5387.05","5390.00"
"Mon Mar 03 2025 11:20:00 GMT+0530 (India Standard Time)","5390.00","5405.10","5381.45","5400.85"
"Mon Mar 03 2025 11:25:00 GMT+0530 (India Standard Time)","5400.85","5407.70","5379.35","5383.65"
"Mon Mar 03 2025 11:30:00 GMT+0530 (India Standard Time)","5383.65","5399.00","5380.45","5393.25"
"Mon Mar 03 2025 11:35:00 GMT+0530 (India Standard Time)","5393.25","5393.25","5370.10","5378.00"
"Mon Mar 03 2025 11:40:00 GMT+0530 (India Standard Time)","5378.00","5389.60","5373.00","5375.10"
"Mon Mar 03 2025 11:45:00 GMT+0530 (India Standard Time)","5375.10","5389.05","5372.00","5379.30"
"Mon Mar 03 2025 11:50:00 GMT+0530 (India Standard Time)","5379.30","5379.85","5366.85","5371.35"
"Mon Mar 03 2025 11:55:00 GMT+0530 (India Standard Time)","5371.35","5378.45","5369.20","5373.50"
"Mon Mar 03 2025 12:00:00 GMT+0530 (India Standard Time)","5373.50","5374.25","5363.05","5368.45"
"Mon Mar 03 2025 12:05:00 GMT+0530 (India Standard Time)","5368.45","5389.50","5366.15","5384.70"
"Mon Mar 03 2025 12:10:00 GMT+0530 (India Standard Time)","5384.70","5403.30","5379.15","5402.00"
"Mon Mar 03 2025 12:15:00 GMT+0530 (India Standard Time)","5402.30","5405.00","5389.60","5394.45"
"Mon Mar 03 2025 12:20:00 GMT+0530 (India Standard Time)","5394.45","5421.10","5388.95","5414.80"
"Mon Mar 03 2025 12:25:00 GMT+0530 (India Standard Time)","5414.80","5419.80","5404.00","5407.20"
"Mon Mar 03 2025 12:30:00 GMT+0530 (India Standard Time)","5407.20","5428.45","5405.45","5428.45"
"Mon Mar 03 2025 12:35:00 GMT+0530 (India Standard Time)","5428.45","5435.00","5412.00","5417.95"
"Mon Mar 03 2025 12:40:00 GMT+0530 (India Standard Time)","5417.95","5428.85","5412.05","5423.45"
"Mon Mar 03 2025 12:45:00 GMT+0530 (India Standard Time)","5423.45","5445.00","5423.00","5445.00"
"Mon Mar 03 2025 12:50:00 GMT+0530 (India Standard Time)","5445.00","5445.00","5424.05","5430.00"
"Mon Mar 03 2025 12:55:00 GMT+0530 (India Standard Time)","5430.00","5430.00","5420.00","5422.95"
"Mon Mar 03 2025 13:00:00 GMT+0530 (India Standard Time)","5422.60","5425.60","5415.00","5424.75"
"Mon Mar 03 2025 13:05:00 GMT+0530 (India Standard Time)","5424.75","5440.50","5423.30","5438.00"
"Mon Mar 03 2025 13:10:00 GMT+0530 (India Standard Time)","5440.00","5458.90","5437.70","5458.90"
"Mon Mar 03 2025 13:15:00 GMT+0530 (India Standard Time)","5458.90","5468.80","5448.95","5455.10"
"Mon Mar 03 2025 13:20:00 GMT+0530 (India Standard Time)","5455.10","5457.65","5446.55","5448.10"
"Mon Mar 03 2025 13:25:00 GMT+0530 (India Standard Time)","5448.10","5452.30","5437.20","5440.10"
"Mon Mar 03 2025 13:30:00 GMT+0530 (India Standard Time)","5440.10","5443.00","5430.00","5440.00"
"Mon Mar 03 2025 13:35:00 GMT+0530 (India Standard Time)","5440.00","5453.90","5437.20","5453.25"
"Mon Mar 03 2025 13:40:00 GMT+0530 (India Standard Time)","5453.25","5454.95","5445.40","5454.85"
"Mon Mar 03 2025 13:45:00 GMT+0530 (India Standard Time)","5454.85","5464.95","5452.10","5462.60"
"Mon Mar 03 2025 13:50:00 GMT+0530 (India Standard Time)","5462.60","5464.65","5450.65","5451.85"
"Mon Mar 03 2025 13:55:00 GMT+0530 (India Standard Time)","5451.85","5456.05","5437.80","5438.50"
"Mon Mar 03 2025 14:00:00 GMT+0530 (India Standard Time)","5438.50","5454.80","5430.50","5454.80"
"Mon Mar 03 2025 14:05:00 GMT+0530 (India Standard Time)","5454.80","5454.80","5439.10","5439.90"
"Mon Mar 03 2025 14:10:00 GMT+0530 (India Standard Time)","5439.25","5459.45","5439.25","5457.05"
"Mon Mar 03 2025 14:15:00 GMT+0530 (India Standard Time)","5457.05","5459.95","5446.25","5452.65"
"Mon Mar 03 2025 14:20:00 GMT+0530 (India Standard Time)","5449.20","5460.00","5449.20","5456.25"
"Mon Mar 03 2025 14:25:00 GMT+0530 (India Standard Time)","5456.25","5472.45","5453.95","5466.90"
"Mon Mar 03 2025 14:30:00 GMT+0530 (India Standard Time)","5466.90","5471.95","5465.00","5467.00"
"Mon Mar 03 2025 14:35:00 GMT+0530 (India Standard Time)","5467.00","5470.00","5465.00","5468.90"
"Mon Mar 03 2025 14:40:00 GMT+0530 (India Standard Time)","5468.90","5475.00","5465.35","5471.55"
"Mon Mar 03 2025 14:45:00 GMT+0530 (India Standard Time)","5471.55","5475.00","5465.00","5465.00"
"Mon Mar 03 2025 14:50:00 GMT+0530 (India Standard Time)","5465.00","5472.00","5465.00","5471.00"
"Mon Mar 03 2025 14:55:00 GMT+0530 (India Standard Time)","5471.00","5475.00","5466.95","5473.00"
"Mon Mar 03 2025 15:00:00 GMT+0530 (India Standard Time)","5473.00","5473.00","5465.00","5471.45"
"Mon Mar 03 2025 15:05:00 GMT+0530 (India Standard Time)","5467.70","5470.00","5457.25","5459.60"
"Mon Mar 03 2025 15:10:00 GMT+0530 (India Standard Time)","5459.60","5463.00","5451.45","5451.45"
"Mon Mar 03 2025 15:15:00 GMT+0530 (India Standard Time)","5455.15","5455.15","5441.05","5451.50"
"Mon Mar 03 2025 15:20:00 GMT+0530 (India Standard Time)","5452.40","5458.90","5446.30","5455.50"
"Mon Mar 03 2025 15:25:00 GMT+0530 (India Standard Time)","5455.50","5458.00","5444.20","5450.00"
"Tue Mar 04 2025 09:15:00 GMT+0530 (India Standard Time)","5443.00","5443.00","5352.00","5358.30"
"Tue Mar 04 2025 09:20:00 GMT+0530 (India Standard Time)","5358.30","5407.00","5350.00","5392.85"
"Tue Mar 04 2025 09:25:00 GMT+0530 (India Standard Time)","5392.85","5395.05","5366.60","5381.85"
"Tue Mar 04 2025 09:30:00 GMT+0530 (India Standard Time)","5381.85","5421.00","5380.00","5412.25"
"Tue Mar 04 2025 09:35:00 GMT+0530 (India Standard Time)","5412.30","5429.95","5392.15","5426.40"
"Tue Mar 04 2025 09:40:00 GMT+0530 (India Standard Time)","5426.40","5430.00","5414.00","5427.55"
"Tue Mar 04 2025 09:45:00 GMT+0530 (India Standard Time)","5427.50","5437.00","5418.00","5435.00"
"Tue Mar 04 2025 09:50:00 GMT+0530 (India Standard Time)","5433.95","5447.00","5433.95","5447.00"
"Tue Mar 04 2025 09:55:00 GMT+0530 (India Standard Time)","5447.00","5454.50","5439.45","5450.30"
"Tue Mar 04 2025 10:00:00 GMT+0530 (India Standard Time)","5450.30","5466.75","5443.30","5464.85"
"Tue Mar 04 2025 10:05:00 GMT+0530 (India Standard Time)","5464.75","5465.00","5443.70","5447.05"
"Tue Mar 04 2025 10:10:00 GMT+0530 (India Standard Time)","5447.05","5462.00","5443.05","5459.20"
"Tue Mar 04 2025 10:15:00 GMT+0530 (India Standard Time)","5459.20","5481.00","5457.10","5472.70"
"Tue Mar 04 2025 10:20:00 GMT+0530 (India Standard Time)","5472.80","5472.80","5453.65","5463.55"
"Tue Mar 04 2025 10:25:00 GMT+0530 (India Standard Time)","5463.55","5463.55","5443.00","5445.00"
"Tue Mar 04 2025 10:30:00 GMT+0530 (India Standard Time)","5445.00","5455.00","5434.00","5454.50"
"Tue Mar 04 2025 10:35:00 GMT+0530 (India Standard Time)","5454.50","5464.00","5445.50","5451.65"
"Tue Mar 04 2025 10:40:00 GMT+0530 (India Standard Time)","5451.65","5464.00","5449.60","5458.55"
"Tue Mar 04 2025 10:45:00 GMT+0530 (India Standard Time)","5458.55","5473.95","5454.00","5471.70"
"Tue Mar 04 2025 10:50:00 GMT+0530 (India Standard Time)","5471.70","5471.70","5456.25","5459.10"
"Tue Mar 04 2025 10:55:00 GMT+0530 (India Standard Time)","5459.10","5460.00","5451.40","5454.45"
"Tue Mar 04 2025 11:00:00 GMT+0530 (India Standard Time)","5454.45","5467.85","5452.15","5463.00"
"Tue Mar 04 2025 11:05:00 GMT+0530 (India Standard Time)","5463.00","5472.45","5460.35","5465.20"
"Tue Mar 04 2025 11:10:00 GMT+0530 (India Standard Time)","5465.25","5465.25","5440.30","5442.00"
"Tue Mar 04 2025 11:15:00 GMT+0530 (India Standard Time)","5443.65","5449.60","5440.00","5446.45"
"Tue Mar 04 2025 11:20:00 GMT+0530 (India Standard Time)","5446.45","5452.30","5440.30","5451.85"
"Tue Mar 04 2025 11:25:00 GMT+0530 (India Standard Time)","5451.85","5451.95","5440.10","5447.15"
"Tue Mar 04 2025 11:30:00 GMT+0530 (India Standard Time)","5446.95","5450.00","5439.45","5445.00"
"Tue Mar 04 2025 11:35:00 GMT+0530 (India Standard Time)","5445.00","5469.75","5443.00","5459.00"
"Tue Mar 04 2025 11:40:00 GMT+0530 (India Standard Time)","5459.00","5459.00","5449.80","5453.05"
"Tue Mar 04 2025 11:45:00 GMT+0530 (India Standard Time)","5453.05","5453.05","5421.15","5440.20"
"Tue Mar 04 2025 11:50:00 GMT+0530 (India Standard Time)","5440.20","5445.30","5436.25","5440.00"
"Tue Mar 04 2025 11:55:00 GMT+0530 (India Standard Time)","5440.00","5440.00","5428.95","5437.85"
"Tue Mar 04 2025 12:00:00 GMT+0530 (India Standard Time)","5437.85","5438.35","5416.50","5421.95"
"Tue Mar 04 2025 12:05:00 GMT+0530 (India Standard Time)","5421.95","5422.00","5410.05","5420.40"
"Tue Mar 04 2025 12:10:00 GMT+0530 (India Standard Time)","5420.40","5421.00","5410.55","5412.70"
"Tue Mar 04 2025 12:15:00 GMT+0530 (India Standard Time)","5412.70","5412.70","5403.15","5408.00"
"Tue Mar 04 2025 12:20:00 GMT+0530 (India Standard Time)","5408.00","5415.00","5406.00","5409.50"
"Tue Mar 04 2025 12:25:00 GMT+0530 (India Standard Time)","5409.50","5414.80","5406.00","5412.95"
"Tue Mar 04 2025 12:30:00 GMT+0530 (India Standard Time)","5412.95","5421.95","5407.20","5409.40"
"Tue Mar 04 2025 12:35:00 GMT+0530 (India Standard Time)","5409.40","5415.10","5406.05","5406.10"
"Tue Mar 04 2025 12:40:00 GMT+0530 (India Standard Time)","5406.10","5408.75","5391.70","5393.90"
"Tue Mar 04 2025 12:45:00 GMT+0530 (India Standard Time)","5393.90","5401.25","5391.30","5394.80"
"Tue Mar 04 2025 12:50:00 GMT+0530 (India Standard Time)","5392.25","5394.65","5388.00","5390.95"
"Tue Mar 04 2025 12:55:00 GMT+0530 (India Standard Time)","5389.30","5393.65","5388.00","5390.45"
"Tue Mar 04 2025 13:00:00 GMT+0530 (India Standard Time)","5390.45","5397.85","5385.00","5394.05"
"Tue Mar 04 2025 13:05:00 GMT+0530 (India Standard Time)","5394.05","5399.25","5391.25","5396.20"
"Tue Mar 04 2025 13:10:00 GMT+0530 (India Standard Time)","5396.20","5396.20","5381.00","5388.65"
"Tue Mar 04 2025 13:15:00 GMT+0530 (India Standard Time)","5388.65","5398.15","5385.65","5397.90"
"Tue Mar 04 2025 13:20:00 GMT+0530 (India Standard Time)","5397.90","5398.00","5388.55","5393.35"
"Tue Mar 04 2025 13:25:00 GMT+0530 (India Standard Time)","5393.35","5395.40","5387.00","5388.25"
"Tue Mar 04 2025 13:30:00 GMT+0530 (India Standard Time)","5388.25","5394.05","5386.00","5387.85"
"Tue Mar 04 2025 13:35:00 GMT+0530 (India Standard Time)","5387.85","5393.60","5386.05","5388.90"
"Tue Mar 04 2025 13:40:00 GMT+0530 (India Standard Time)","5388.90","5390.55","5380.00","5387.80"
"Tue Mar 04 2025 13:45:00 GMT+0530 (India Standard Time)","5387.80","5399.00","5386.00","5397.70"
"Tue Mar 04 2025 13:50:00 GMT+0530 (India Standard Time)","5397.70","5408.00","5392.55","5406.05"
"Tue Mar 04 2025 13:55:00 GMT+0530 (India Standard Time)","5406.05","5409.00","5400.15","5406.40"
"Tue Mar 04 2025 14:00:00 GMT+0530 (India Standard Time)","5406.40","5409.00","5400.15","5402.95"
"Tue Mar 04 2025 14:05:00 GMT+0530 (India Standard Time)","5402.95","5412.00","5395.15","5412.00"
"Tue Mar 04 2025 14:10:00 GMT+0530 (India Standard Time)","5412.00","5419.50","5408.05","5418.50"
"Tue Mar 04 2025 14:15:00 GMT+0530 (India Standard Time)","5418.20","5423.00","5415.00","5423.00"
"Tue Mar 04 2025 14:20:00 GMT+0530 (India Standard Time)","5423.00","5423.00","5412.80","5419.40"
"Tue Mar 04 2025 14:25:00 GMT+0530 (India Standard Time)","5419.40","5429.00","5415.75","5429.00"
"Tue Mar 04 2025 14:30:00 GMT+0530 (India Standard Time)","5427.85","5434.85","5422.20","5431.95"
"Tue Mar 04 2025 14:35:00 GMT+0530 (India Standard Time)","5431.95","5435.00","5430.00","5433.75"
"Tue Mar 04 2025 14:40:00 GMT+0530 (India Standard Time)","5433.75","5433.90","5427.00","5428.65"
"Tue Mar 04 2025 14:45:00 GMT+0530 (India Standard Time)","5431.90","5440.00","5430.30","5435.60"
"Tue Mar 04 2025 14:50:00 GMT+0530 (India Standard Time)","5435.60","5442.00","5434.50","5438.00"
"Tue Mar 04 2025 14:55:00 GMT+0530 (India Standard Time)","5438.00","5439.85","5434.95","5439.50"
"Tue Mar 04 2025 15:00:00 GMT+0530 (India Standard Time)","5439.50","5439.50","5400.95","5404.05"
"Tue Mar 04 2025 15:05:00 GMT+0530 (India Standard Time)","5404.95","5410.15","5400.30","5406.00"
"Tue Mar 04 2025 15:10:00 GMT+0530 (India Standard Time)","5406.00","5406.00","5390.05","5391.95"
"Tue Mar 04 2025 15:15:00 GMT+0530 (India Standard Time)","5391.45","5393.90","5375.00","5380.10"
"Tue Mar 04 2025 15:20:00 GMT+0530 (India Standard Time)","5380.10","5387.30","5375.25","5382.00"
"Tue Mar 04 2025 15:25:00 GMT+0530 (India Standard Time)","5382.00","5388.95","5372.15","5388.00"
"Wed Mar 05 2025 09:15:00 GMT+0530 (India Standard Time)","5410.00","5468.00","5400.15","5462.30"
"Wed Mar 05 2025 09:20:00 GMT+0530 (India Standard Time)","5470.85","5529.05","5465.00","5525.00"
"Wed Mar 05 2025 09:25:00 GMT+0530 (India Standard Time)","5521.45","5528.20","5491.55","5520.15"
"Wed Mar 05 2025 09:30:00 GMT+0530 (India Standard Time)","5522.90","5537.00","5503.30","5509.00"
"Wed Mar 05 2025 09:35:00 GMT+0530 (India Standard Time)","5509.00","5529.15","5507.00","5521.80"
"Wed Mar 05 2025 09:40:00 GMT+0530 (India Standard Time)","5521.80","5543.70","5518.70","5533.35"
"Wed Mar 05 2025 09:45:00 GMT+0530 (India Standard Time)","5532.65","5538.70","5521.85","5530.30"
"Wed Mar 05 2025 09:50:00 GMT+0530 (India Standard Time)","5530.30","5536.80","5517.05","5523.25"
"Wed Mar 05 2025 09:55:00 GMT+0530 (India Standard Time)","5523.25","5529.80","5519.60","5519.85"
"Wed Mar 05 2025 10:00:00 GMT+0530 (India Standard Time)","5519.85","5527.80","5500.65","5527.80"
"Wed Mar 05 2025 10:05:00 GMT+0530 (India Standard Time)","5527.60","5540.05","5526.05","5540.05"
"Wed Mar 05 2025 10:10:00 GMT+0530 (India Standard Time)","5540.05","5554.00","5517.05","5528.95"
"Wed Mar 05 2025 10:15:00 GMT+0530 (India Standard Time)","5530.05","5534.90","5505.40","5521.45"
"Wed Mar 05 2025 10:20:00 GMT+0530 (India Standard Time)","5519.85","5524.00","5515.00","5523.45"
"Wed Mar 05 2025 10:25:00 GMT+0530 (India Standard Time)","5523.40","5529.75","5514.00","5516.25"
"Wed Mar 05 2025 10:30:00 GMT+0530 (India Standard Time)","5516.80","5521.65","5505.00","5516.75"
"Wed Mar 05 2025 10:35:00 GMT+0530 (India Standard Time)","5518.85","5528.95","5510.95","5522.10"
"Wed Mar 05 2025 10:40:00 GMT+0530 (India Standard Time)","5522.10","5522.15","5505.75","5517.20"
"Wed Mar 05 2025 10:45:00 GMT+0530 (India Standard Time)","5517.20","5524.45","5510.30","5515.10"
"Wed Mar 05 2025 10:50:00 GMT+0530 (India Standard Time)","5515.10","5521.45","5512.00","5521.30"
"Wed Mar 05 2025 10:55:00 GMT+0530 (India Standard Time)","5521.30","5534.15","5521.30","5529.70"
"Wed Mar 05 2025 11:00:00 GMT+0530 (India Standard Time)","5529.70","5540.00","5529.35","5538.50"
"Wed Mar 05 2025 11:05:00 GMT+0530 (India Standard Time)","5538.50","5538.90","5530.00","5534.70"
"Wed Mar 05 2025 11:10:00 GMT+0530 (India Standard Time)","5537.15","5537.75","5526.00","5531.20"
"Wed Mar 05 2025 11:15:00 GMT+0530 (India Standard Time)","5531.20","5536.00","5521.10","5531.60"
"Wed Mar 05 2025 11:20:00 GMT+0530 (India Standard Time)","5533.15","5535.50","5523.35","5526.00"
"Wed Mar 05 2025 11:25:00 GMT+0530 (India Standard Time)","5526.00","5534.30","5525.50","5534.30"
"Wed Mar 05 2025 11:30:00 GMT+0530 (India Standard Time)","5534.30","5536.00","5524.65","5524.65"
"Wed Mar 05 2025 11:35:00 GMT+0530 (India Standard Time)","5524.80","5543.35","5524.80","5543.35"
"Wed Mar 05 2025 11:40:00 GMT+0530 (India Standard Time)","5543.35","5547.00","5538.00","5542.95"
"Wed Mar 05 2025 11:45:00 GMT+0530 (India Standard Time)","5542.95","5545.00","5538.00","5542.00"
"Wed Mar 05 2025 11:50:00 GMT+0530 (India Standard Time)","5542.00","5548.00","5538.90","5540.00"
"Wed Mar 05 2025 11:55:00 GMT+0530 (India Standard Time)","5540.00","5545.85","5521.05","5523.60"
"Wed Mar 05 2025 12:00:00 GMT+0530 (India Standard Time)","5524.85","5528.65","5520.00","5526.85"
"Wed Mar 05 2025 12:05:00 GMT+0530 (India Standard Time)","5526.85","5534.35","5525.00","5534.35"
"Wed Mar 05 2025 12:10:00 GMT+0530 (India Standard Time)","5534.35","5538.00","5530.45","5535.40"
"Wed Mar 05 2025 12:15:00 GMT+0530 (India Standard Time)","5535.40","5536.85","5530.45","5533.00"
"Wed Mar 05 2025 12:20:00 GMT+0530 (India Standard Time)","5533.00","5533.00","5525.00","5530.40"
"Wed Mar 05 2025 12:25:00 GMT+0530 (India Standard Time)","5530.40","5540.20","5527.55","5537.55"
"Wed Mar 05 2025 12:30:00 GMT+0530 (India Standard Time)","5537.55","5547.00","5532.45","5547.00"
"Wed Mar 05 2025 12:35:00 GMT+0530 (India Standard Time)","5548.00","5550.00","5541.85","5545.00"
"Wed Mar 05 2025 12:40:00 GMT+0530 (India Standard Time)","5545.00","5546.45","5538.90","5538.90"
"Wed Mar 05 2025 12:45:00 GMT+0530 (India Standard Time)","5539.80","5543.95","5535.00","5537.65"
"Wed Mar 05 2025 12:50:00 GMT+0530 (India Standard Time)","5537.00","5550.00","5535.00","5549.00"
"Wed Mar 05 2025 12:55:00 GMT+0530 (India Standard Time)","5549.00","5550.00","5527.00","5544.65"
"Wed Mar 05 2025 13:00:00 GMT+0530 (India Standard Time)","5545.90","5548.30","5537.50","5540.00"
"Wed Mar 05 2025 13:05:00 GMT+0530 (India Standard Time)","5540.00","5540.00","5528.75","5533.20"
"Wed Mar 05 2025 13:10:00 GMT+0530 (India Standard Time)","5533.20","5535.00","5530.55","5534.00"
"Wed Mar 05 2025 13:15:00 GMT+0530 (India Standard Time)","5534.00","5538.65","5530.05","5535.90"
"Wed Mar 05 2025 13:20:00 GMT+0530 (India Standard Time)","5534.40","5545.00","5531.15","5545.00"
"Wed Mar 05 2025 13:25:00 GMT+0530 (India Standard Time)","5545.00","5547.65","5540.00","5540.00"
"Wed Mar 05 2025 13:30:00 GMT+0530 (India Standard Time)","5541.00","5545.00","5528.55","5545.00"
"Wed Mar 05 2025 13:35:00 GMT+0530 (India Standard Time)","5545.00","5548.50","5539.00","5542.20"
"Wed Mar 05 2025 13:40:00 GMT+0530 (India Standard Time)","5542.20","5543.00","5530.00","5532.60"
"Wed Mar 05 2025 13:45:00 GMT+0530 (India Standard Time)","5538.55","5541.45","5531.20","5534.90"
"Wed Mar 05 2025 13:50:00 GMT+0530 (India Standard Time)","5534.95","5545.00","5534.10","5544.85"
"Wed Mar 05 2025 13:55:00 GMT+0530 (India Standard Time)","5543.35","5545.00","5538.70","5542.90"
"Wed Mar 05 2025 14:00:00 GMT+0530 (India Standard Time)","5542.95","5542.95","5532.60","5536.65"
"Wed Mar 05 2025 14:05:00 GMT+0530 (India Standard Time)","5535.70","5542.00","5533.30","5542.00"
"Wed Mar 05 2025 14:10:00 GMT+0530 (India Standard Time)","5542.00","5544.00","5532.75","5538.60"
"Wed Mar 05 2025 14:15:00 GMT+0530 (India Standard Time)","5538.60","5542.90","5524.60","5527.75"
"Wed Mar 05 2025 14:20:00 GMT+0530 (India Standard Time)","5526.65","5528.00","5522.65","5527.85"
"Wed Mar 05 2025 14:25:00 GMT+0530 (India Standard Time)","5527.85","5535.00","5527.70","5531.95"
"Wed Mar 05 2025 14:30:00 GMT+0530 (India Standard Time)","5531.95","5532.95","5527.25","5531.70"
"Wed Mar 05 2025 14:35:00 GMT+0530 (India Standard Time)","5531.70","5544.00","5527.30","5542.00"
"Wed Mar 05 2025 14:40:00 GMT+0530 (India Standard Time)","5541.90","5549.70","5538.10","5548.90"
"Wed Mar 05 2025 14:45:00 GMT+0530 (India Standard Time)","5548.90","5563.00","5547.75","5563.00"
"Wed Mar 05 2025 14:50:00 GMT+0530 (India Standard Time)","5563.00","5564.00","5555.15","5560.00"
"Wed Mar 05 2025 14:55:00 GMT+0530 (India Standard Time)","5560.00","5566.00","5558.15","5566.00"
"Wed Mar 05 2025 15:00:00 GMT+0530 (India Standard Time)","5566.00","5566.00","5542.90","5552.85"
"Wed Mar 05 2025 15:05:00 GMT+0530 (India Standard Time)","5552.65","5557.40","5545.00","5557.40"
"Wed Mar 05 2025 15:10:00 GMT+0530 (India Standard Time)","5557.40","5557.45","5547.25","5554.75"
"Wed Mar 05 2025 15:15:00 GMT+0530 (India Standard Time)","5552.60","5556.85","5550.00","5556.35"
"Wed Mar 05 2025 15:20:00 GMT+0530 (India Standard Time)","5556.35","5561.95","5551.75","5554.60"
"Wed Mar 05 2025 15:25:00 GMT+0530 (India Standard Time)","5554.95","5569.00","5549.30","5559.50"
"Thu Mar 06 2025 09:15:00 GMT+0530 (India Standard Time)","5647.00","5694.35","5609.05","5635.00"
"Thu Mar 06 2025 09:20:00 GMT+0530 (India Standard Time)","5634.90","5639.25","5611.00","5620.00"
"Thu Mar 06 2025 09:25:00 GMT+0530 (India Standard Time)","5620.00","5640.00","5619.95","5626.70"
"Thu Mar 06 2025 09:30:00 GMT+0530 (India Standard Time)","5626.70","5633.75","5603.00","5613.00"
"Thu Mar 06 2025 09:35:00 GMT+0530 (India Standard Time)","5614.25","5650.00","5614.25","5640.20"
"Thu Mar 06 2025 09:40:00 GMT+0530 (India Standard Time)","5640.70","5657.35","5637.25","5651.90"
"Thu Mar 06 2025 09:45:00 GMT+0530 (India Standard Time)","5651.90","5657.35","5638.75","5643.60"
"Thu Mar 06 2025 09:50:00 GMT+0530 (India Standard Time)","5643.60","5650.00","5633.15","5650.00"
"Thu Mar 06 2025 09:55:00 GMT+0530 (India Standard Time)","5649.00","5654.55","5640.00","5647.50"
"Thu Mar 06 2025 10:00:00 GMT+0530 (India Standard Time)","5647.50","5650.00","5636.90","5646.00"
"Thu Mar 06 2025 10:05:00 GMT+0530 (India Standard Time)","5646.00","5665.00","5646.00","5656.80"
"Thu Mar 06 2025 10:10:00 GMT+0530 (India Standard Time)","5656.80","5664.00","5656.80","5661.95"
"Thu Mar 06 2025 10:15:00 GMT+0530 (India Standard Time)","5661.95","5668.55","5661.00","5666.00"
"Thu Mar 06 2025 10:20:00 GMT+0530 (India Standard Time)","5666.00","5669.00","5653.80","5653.80"
"Thu Mar 06 2025 10:25:00 GMT+0530 (India Standard Time)","5653.80","5656.05","5634.55","5639.80"
"Thu Mar 06 2025 10:30:00 GMT+0530 (India Standard Time)","5639.80","5650.00","5633.55","5648.00"
"Thu Mar 06 2025 10:35:00 GMT+0530 (India Standard Time)","5648.00","5657.65","5642.10","5655.85"
"Thu Mar 06 2025 10:40:00 GMT+0530 (India Standard Time)","5655.85","5656.00","5644.55","5650.25"
"Thu Mar 06 2025 10:45:00 GMT+0530 (India Standard Time)","5650.25","5654.25","5642.70","5654.25"
"Thu Mar 06 2025 10:50:00 GMT+0530 (India Standard Time)","5654.25","5654.25","5645.90","5650.50"
"Thu Mar 06 2025 10:55:00 GMT+0530 (India Standard Time)","5650.50","5652.00","5645.15","5652.00"
"Thu Mar 06 2025 11:00:00 GMT+0530 (India Standard Time)","5652.00","5653.00","5646.45","5652.45"
"Thu Mar 06 2025 11:05:00 GMT+0530 (India Standard Time)","5652.45","5668.50","5648.20","5651.50"
"Thu Mar 06 2025 11:10:00 GMT+0530 (India Standard Time)","5651.50","5656.45","5648.15","5656.45"
"Thu Mar 06 2025 11:15:00 GMT+0530 (India Standard Time)","5656.45","5658.00","5648.80","5651.05"
"Thu Mar 06 2025 11:20:00 GMT+0530 (India Standard Time)","5651.05","5654.55","5640.95","5641.00"
"Thu Mar 06 2025 11:25:00 GMT+0530 (India Standard Time)","5640.90","5642.00","5611.15","5620.00"
"Thu Mar 06 2025 11:30:00 GMT+0530 (India Standard Time)","5620.00","5630.00","5613.10","5627.85"
"Thu Mar 06 2025 11:35:00 GMT+0530 (India Standard Time)","5627.85","5631.65","5626.10","5629.65"
"Thu Mar 06 2025 11:40:00 GMT+0530 (India Standard Time)","5629.65","5630.00","5625.00","5629.95"
"Thu Mar 06 2025 11:45:00 GMT+0530 (India Standard Time)","5629.95","5642.80","5629.95","5635.55"
"Thu Mar 06 2025 11:50:00 GMT+0530 (India Standard Time)","5635.55","5641.00","5629.90","5635.20"
"Thu Mar 06 2025 11:55:00 GMT+0530 (India Standard Time)","5635.20","5638.00","5628.70","5635.80"
"Thu Mar 06 2025 12:00:00 GMT+0530 (India Standard Time)","5635.80","5640.25","5628.70","5638.10"
"Thu Mar 06 2025 12:05:00 GMT+0530 (India Standard Time)","5638.10","5638.60","5629.10","5632.05"
"Thu Mar 06 2025 12:10:00 GMT+0530 (India Standard Time)","5632.05","5633.00","5628.70","5632.00"
"Thu Mar 06 2025 12:15:00 GMT+0530 (India Standard Time)","5632.00","5634.00","5630.20","5633.75"
"Thu Mar 06 2025 12:20:00 GMT+0530 (India Standard Time)","5633.95","5635.00","5630.65","5634.00"
"Thu Mar 06 2025 12:25:00 GMT+0530 (India Standard Time)","5634.00","5645.00","5629.30","5640.20"
"Thu Mar 06 2025 12:30:00 GMT+0530 (India Standard Time)","5640.20","5652.80","5640.20","5648.65"
"Thu Mar 06 2025 12:35:00 GMT+0530 (India Standard Time)","5648.95","5650.85","5640.00","5640.00"
"Thu Mar 06 2025 12:40:00 GMT+0530 (India Standard Time)","5640.00","5647.85","5634.70","5639.85"
"Thu Mar 06 2025 12:45:00 GMT+0530 (India Standard Time)","5642.40","5645.80","5634.65","5644.60"
"Thu Mar 06 2025 12:50:00 GMT+0530 (India Standard Time)","5644.60","5648.00","5639.40","5642.70"
"Thu Mar 06 2025 12:55:00 GMT+0530 (India Standard Time)","5642.70","5643.00","5635.00","5635.30"
"Thu Mar 06 2025 13:00:00 GMT+0530 (India Standard Time)","5636.20","5636.20","5630.00","5634.00"
"Thu Mar 06 2025 13:05:00 GMT+0530 (India Standard Time)","5634.00","5640.95","5631.00","5638.15"
"Thu Mar 06 2025 13:10:00 GMT+0530 (India Standard Time)","5638.15","5638.50","5629.00","5633.00"
"Thu Mar 06 2025 13:15:00 GMT+0530 (India Standard Time)","5633.00","5635.35","5625.00","5628.30"
"Thu Mar 06 2025 13:20:00 GMT+0530 (India Standard Time)","5628.30","5633.25","5628.00","5632.30"
"Thu Mar 06 2025 13:25:00 GMT+0530 (India Standard Time)","5634.25","5635.35","5629.30","5632.95"
"Thu Mar 06 2025 13:30:00 GMT+0530 (India Standard Time)","5632.95","5641.00","5629.10","5641.00"
"Thu Mar 06 2025 13:35:00 GMT+0530 (India Standard Time)","5641.00","5644.50","5639.80","5640.65"
"Thu Mar 06 2025 13:40:00 GMT+0530 (India Standard Time)","5640.65","5641.00","5634.15","5639.30"
"Thu Mar 06 2025 13:45:00 GMT+0530 (India Standard Time)","5639.30","5643.65","5630.55","5634.15"
"Thu Mar 06 2025 13:50:00 GMT+0530 (India Standard Time)","5634.15","5640.75","5632.90","5637.90"
"Thu Mar 06 2025 13:55:00 GMT+0530 (India Standard Time)","5637.90","5639.05","5632.00","5636.00"
"Thu Mar 06 2025 14:00:00 GMT+0530 (India Standard Time)","5636.00","5643.75","5634.95","5642.70"
"Thu Mar 06 2025 14:05:00 GMT+0530 (India Standard Time)","5642.70","5643.80","5636.50","5643.50"
"Thu Mar 06 2025 14:10:00 GMT+0530 (India Standard Time)","5643.50","5643.50","5640.50","5643.25"
"Thu Mar 06 2025 14:15:00 GMT+0530 (India Standard Time)","5643.25","5643.25","5634.50","5634.50"
"Thu Mar 06 2025 14:20:00 GMT+0530 (India Standard Time)","5634.50","5638.90","5630.55","5632.00"
"Thu Mar 06 2025 14:25:00 GMT+0530 (India Standard Time)","5632.05","5638.50","5630.75","5636.90"
"Thu Mar 06 2025 14:30:00 GMT+0530 (India Standard Time)","5636.90","5640.45","5632.10","5635.45"
"Thu Mar 06 2025 14:35:00 GMT+0530 (India Standard Time)","5635.45","5637.65","5632.70","5634.05"
"Thu Mar 06 2025 14:40:00 GMT+0530 (India Standard Time)","5634.05","5640.00","5634.05","5639.45"
"Thu Mar 06 2025 14:45:00 GMT+0530 (India Standard Time)","5639.45","5639.50","5635.00","5639.30"
"Thu Mar 06 2025 14:50:00 GMT+0530 (India Standard Time)","5639.30","5640.00","5632.80","5639.65"
"Thu Mar 06 2025 14:55:00 GMT+0530 (India Standard Time)","5639.65","5649.00","5637.90","5648.40"
"Thu Mar 06 2025 15:00:00 GMT+0530 (India Standard Time)","5648.40","5649.70","5639.45","5648.00"
"Thu Mar 06 2025 15:05:00 GMT+0530 (India Standard Time)","5647.50","5647.50","5640.20","5642.00"
"Thu Mar 06 2025 15:10:00 GMT+0530 (India Standard Time)","5640.65","5642.00","5638.30","5641.45"
"Thu Mar 06 2025 15:15:00 GMT+0530 (India Standard Time)","5641.40","5641.40","5632.00","5632.00"
"Thu Mar 06 2025 15:20:00 GMT+0530 (India Standard Time)","5631.80","5642.55","5630.05","5641.00"
"Thu Mar 06 2025 15:25:00 GMT+0530 (India Standard Time)","5641.75","5643.00","5635.00","5640.55"
"Fri Mar 07 2025 09:15:00 GMT+0530 (India Standard Time)","5688.00","5689.00","5615.05","5668.00"
"Fri Mar 07 2025 09:20:00 GMT+0530 (India Standard Time)","5668.00","5668.00","5620.05","5626.40"
"Fri Mar 07 2025 09:25:00 GMT+0530 (India Standard Time)","5626.40","5649.00","5620.00","5644.00"
"Fri Mar 07 2025 09:30:00 GMT+0530 (India Standard Time)","5638.60","5654.00","5625.60","5648.50"
"Fri Mar 07 2025 09:35:00 GMT+0530 (India Standard Time)","5648.50","5650.35","5610.00","5613.40"
"Fri Mar 07 2025 09:40:00 GMT+0530 (India Standard Time)","5613.95","5639.95","5610.00","5628.15"
"Fri Mar 07 2025 09:45:00 GMT+0530 (India Standard Time)","5628.15","5628.15","5604.05","5612.30"
"Fri Mar 07 2025 09:50:00 GMT+0530 (India Standard Time)","5612.30","5628.35","5605.50","5624.75"
"Fri Mar 07 2025 09:55:00 GMT+0530 (India Standard Time)","5624.75","5632.00","5618.45","5632.00"
"Fri Mar 07 2025 10:00:00 GMT+0530 (India Standard Time)","5632.00","5659.00","5630.00","5654.70"
"Fri Mar 07 2025 10:05:00 GMT+0530 (India Standard Time)","5654.70","5675.00","5646.20","5665.00"
"Fri Mar 07 2025 10:10:00 GMT+0530 (India Standard Time)","5664.65","5679.35","5660.90","5679.10"
"Fri Mar 07 2025 10:15:00 GMT+0530 (India Standard Time)","5679.10","5679.10","5665.00","5667.00"
"Fri Mar 07 2025 10:20:00 GMT+0530 (India Standard Time)","5665.00","5667.95","5657.20","5660.10"
"Fri Mar 07 2025 10:25:00 GMT+0530 (India Standard Time)","5660.10","5666.00","5659.05","5665.55"
"Fri Mar 07 2025 10:30:00 GMT+0530 (India Standard Time)","5665.55","5666.75","5653.20","5657.25"
"Fri Mar 07 2025 10:35:00 GMT+0530 (India Standard Time)","5657.25","5666.75","5657.25","5665.25"
"Fri Mar 07 2025 10:40:00 GMT+0530 (India Standard Time)","5665.25","5674.00","5663.70","5666.60"
"Fri Mar 07 2025 10:45:00 GMT+0530 (India Standard Time)","5666.60","5674.90","5661.15","5674.90"
"Fri Mar 07 2025 10:50:00 GMT+0530 (India Standard Time)","5674.90","5674.90","5652.15","5652.15"
"Fri Mar 07 2025 10:55:00 GMT+0530 (India Standard Time)","5653.00","5664.95","5653.00","5660.75"
"Fri Mar 07 2025 11:00:00 GMT+0530 (India Standard Time)","5659.00","5660.00","5650.00","5656.90"
"Fri Mar 07 2025 11:05:00 GMT+0530 (India Standard Time)","5656.90","5656.90","5650.60","5656.40"
"Fri Mar 07 2025 11:10:00 GMT+0530 (India Standard Time)","5656.40","5659.25","5652.95","5657.05"
"Fri Mar 07 2025 11:15:00 GMT+0530 (India Standard Time)","5657.05","5664.50","5655.00","5658.65"
"Fri Mar 07 2025 11:20:00 GMT+0530 (India Standard Time)","5658.65","5664.85","5658.15","5664.00"
"Fri Mar 07 2025 11:25:00 GMT+0530 (India Standard Time)","5665.00","5665.10","5658.00","5661.50"
"Fri Mar 07 2025 11:30:00 GMT+0530 (India Standard Time)","5661.50","5670.00","5659.35","5670.00"
"Fri Mar 07 2025 11:35:00 GMT+0530 (India Standard Time)","5670.00","5670.00","5662.20","5669.80"
"Fri Mar 07 2025 11:40:00 GMT+0530 (India Standard Time)","5669.80","5674.35","5662.50","5671.20"
"Fri Mar 07 2025 11:45:00 GMT+0530 (India Standard Time)","5671.25","5671.30","5640.00","5643.40"
"Fri Mar 07 2025 11:50:00 GMT+0530 (India Standard Time)","5643.40","5652.45","5640.45","5646.95"
"Fri Mar 07 2025 11:55:00 GMT+0530 (India Standard Time)","5646.95","5650.00","5641.05","5649.80"
"Fri Mar 07 2025 12:00:00 GMT+0530 (India Standard Time)","5649.10","5649.50","5626.45","5633.40"
"Fri Mar 07 2025 12:05:00 GMT+0530 (India Standard Time)","5633.40","5640.75","5627.10","5632.00"
"Fri Mar 07 2025 12:10:00 GMT+0530 (India Standard Time)","5628.30","5628.60","5621.45","5626.40"
"Fri Mar 07 2025 12:15:00 GMT+0530 (India Standard Time)","5626.40","5626.40","5616.00","5616.00"
"Fri Mar 07 2025 12:20:00 GMT+0530 (India Standard Time)","5616.00","5622.45","5607.20","5616.50"
"Fri Mar 07 2025 12:25:00 GMT+0530 (India Standard Time)","5616.50","5628.95","5615.00","5625.15"
"Fri Mar 07 2025 12:30:00 GMT+0530 (India Standard Time)","5625.15","5628.00","5620.95","5625.60"
"Fri Mar 07 2025 12:35:00 GMT+0530 (India Standard Time)","5625.60","5628.95","5620.00","5620.30"
"Fri Mar 07 2025 12:40:00 GMT+0530 (India Standard Time)","5620.30","5624.20","5615.00","5619.05"
"Fri Mar 07 2025 12:45:00 GMT+0530 (India Standard Time)","5619.05","5622.20","5611.00","5615.75"
"Fri Mar 07 2025 12:50:00 GMT+0530 (India Standard Time)","5615.75","5621.25","5608.00","5608.00"
"Fri Mar 07 2025 12:55:00 GMT+0530 (India Standard Time)","5608.00","5622.00","5606.80","5620.10"
"Fri Mar 07 2025 13:00:00 GMT+0530 (India Standard Time)","5620.10","5622.90","5611.05","5618.05"
"Fri Mar 07 2025 13:05:00 GMT+0530 (India Standard Time)","5619.25","5620.35","5605.90","5609.95"
"Fri Mar 07 2025 13:10:00 GMT+0530 (India Standard Time)","5609.00","5613.30","5604.00","5611.00"
"Fri Mar 07 2025 13:15:00 GMT+0530 (India Standard Time)","5611.00","5619.95","5611.00","5618.00"
"Fri Mar 07 2025 13:20:00 GMT+0530 (India Standard Time)","5618.00","5623.80","5618.00","5622.00"
"Fri Mar 07 2025 13:25:00 GMT+0530 (India Standard Time)","5622.00","5623.05","5612.90","5620.00"
"Fri Mar 07 2025 13:30:00 GMT+0530 (India Standard Time)","5620.00","5621.05","5612.90","5618.60"
"Fri Mar 07 2025 13:35:00 GMT+0530 (India Standard Time)","5618.60","5622.65","5615.10","5621.00"
"Fri Mar 07 2025 13:40:00 GMT+0530 (India Standard Time)","5621.00","5623.00","5613.40","5620.40"
"Fri Mar 07 2025 13:45:00 GMT+0530 (India Standard Time)","5618.40","5618.40","5612.00","5612.85"
"Fri Mar 07 2025 13:50:00 GMT+0530 (India Standard Time)","5612.85","5614.40","5605.00","5607.25"
"Fri Mar 07 2025 13:55:00 GMT+0530 (India Standard Time)","5607.25","5609.80","5601.00","5606.70"
"Fri Mar 07 2025 14:00:00 GMT+0530 (India Standard Time)","5606.70","5613.85","5605.50","5611.30"
"Fri Mar 07 2025 14:05:00 GMT+0530 (India Standard Time)","5612.90","5619.80","5610.00","5617.15"
"Fri Mar 07 2025 14:10:00 GMT+0530 (India Standard Time)","5617.15","5618.40","5612.40","5615.15"
"Fri Mar 07 2025 14:15:00 GMT+0530 (India Standard Time)","5615.15","5625.00","5612.35","5623.95"
"Fri Mar 07 2025 14:20:00 GMT+0530 (India Standard Time)","5623.95","5626.65","5621.00","5623.25"
"Fri Mar 07 2025 14:25:00 GMT+0530 (India Standard Time)","5623.25","5630.00","5620.00","5629.95"
"Fri Mar 07 2025 14:30:00 GMT+0530 (India Standard Time)","5629.95","5630.00","5621.95","5629.95"
"Fri Mar 07 2025 14:35:00 GMT+0530 (India Standard Time)","5629.95","5630.00","5621.55","5623.00"
"Fri Mar 07 2025 14:40:00 GMT+0530 (India Standard Time)","5623.00","5629.45","5623.00","5625.05"
"Fri Mar 07 2025 14:45:00 GMT+0530 (India Standard Time)","5625.05","5634.00","5625.00","5630.15"
"Fri Mar 07 2025 14:50:00 GMT+0530 (India Standard Time)","5630.15","5635.00","5627.80","5635.00"
"Fri Mar 07 2025 14:55:00 GMT+0530 (India Standard Time)","5635.00","5635.00","5628.00","5629.95"
"Fri Mar 07 2025 15:00:00 GMT+0530 (India Standard Time)","5629.95","5632.95","5620.00","5623.70"
"Fri Mar 07 2025 15:05:00 GMT+0530 (India Standard Time)","5623.00","5624.00","5618.00","5619.00"
"Fri Mar 07 2025 15:10:00 GMT+0530 (India Standard Time)","5621.50","5621.50","5617.60","5621.00"
"Fri Mar 07 2025 15:15:00 GMT+0530 (India Standard Time)","5621.00","5623.10","5615.00","5620.00"
"Fri Mar 07 2025 15:20:00 GMT+0530 (India Standard Time)","5624.60","5629.95","5620.00","5626.90"
"Fri Mar 07 2025 15:25:00 GMT+0530 (India Standard Time)","5626.90","5635.90","5625.00","5630.40"
"Mon Mar 10 2025 09:15:00 GMT+0530 (India Standard Time)","5659.00","5689.00","5612.05","5637.10"
"Mon Mar 10 2025 09:20:00 GMT+0530 (India Standard Time)","5637.10","5637.10","5592.05","5603.00"
"Mon Mar 10 2025 09:25:00 GMT+0530 (India Standard Time)","5601.00","5604.95","5588.00","5594.35"
"Mon Mar 10 2025 09:30:00 GMT+0530 (India Standard Time)","5591.60","5594.10","5565.00","5583.25"
"Mon Mar 10 2025 09:35:00 GMT+0530 (India Standard Time)","5583.25","5598.00","5583.25","5593.25"
"Mon Mar 10 2025 09:40:00 GMT+0530 (India Standard Time)","5593.25","5620.00","5589.00","5615.00"
"Mon Mar 10 2025 09:45:00 GMT+0530 (India Standard Time)","5615.00","5625.00","5610.70","5624.10"
"Mon Mar 10 2025 09:50:00 GMT+0530 (India Standard Time)","5624.10","5642.00","5614.85","5635.55"
"Mon Mar 10 2025 09:55:00 GMT+0530 (India Standard Time)","5637.00","5641.05","5630.00","5630.60"
"Mon Mar 10 2025 10:00:00 GMT+0530 (India Standard Time)","5633.00","5634.90","5610.00","5610.55"
"Mon Mar 10 2025 10:05:00 GMT+0530 (India Standard Time)","5610.50","5621.00","5610.00","5621.00"
"Mon Mar 10 2025 10:10:00 GMT+0530 (India Standard Time)","5619.55","5619.90","5607.60","5612.20"
"Mon Mar 10 2025 10:15:00 GMT+0530 (India Standard Time)","5612.20","5613.75","5602.05","5608.90"
"Mon Mar 10 2025 10:20:00 GMT+0530 (India Standard Time)","5608.90","5611.70","5602.10","5608.55"
"Mon Mar 10 2025 10:25:00 GMT+0530 (India Standard Time)","5608.55","5612.00","5600.10","5607.75"
"Mon Mar 10 2025 10:30:00 GMT+0530 (India Standard Time)","5607.75","5615.00","5603.45","5612.85"
"Mon Mar 10 2025 10:35:00 GMT+0530 (India Standard Time)","5612.85","5624.05","5608.55","5624.05"
"Mon Mar 10 2025 10:40:00 GMT+0530 (India Standard Time)","5621.50","5625.85","5615.00","5625.85"
"Mon Mar 10 2025 10:45:00 GMT+0530 (India Standard Time)","5625.85","5632.00","5619.40","5630.00"
"Mon Mar 10 2025 10:50:00 GMT+0530 (India Standard Time)","5630.00","5635.70","5628.30","5635.70"
"Mon Mar 10 2025 10:55:00 GMT+0530 (India Standard Time)","5635.40","5635.90","5626.90","5626.90"
"Mon Mar 10 2025 11:00:00 GMT+0530 (India Standard Time)","5629.85","5629.85","5615.00","5615.00"
"Mon Mar 10 2025 11:05:00 GMT+0530 (India Standard Time)","5615.00","5619.85","5600.60","5607.15"
"Mon Mar 10 2025 11:10:00 GMT+0530 (India Standard Time)","5606.20","5612.10","5600.00","5605.35"
"Mon Mar 10 2025 11:15:00 GMT+0530 (India Standard Time)","5605.35","5612.00","5600.00","5611.95"
"Mon Mar 10 2025 11:20:00 GMT+0530 (India Standard Time)","5611.95","5612.80","5603.00","5603.00"
"Mon Mar 10 2025 11:25:00 GMT+0530 (India Standard Time)","5603.00","5607.45","5600.60","5603.80"
"Mon Mar 10 2025 11:30:00 GMT+0530 (India Standard Time)","5603.80","5607.45","5603.80","5605.00"
"Mon Mar 10 2025 11:35:00 GMT+0530 (India Standard Time)","5605.00","5614.05","5604.50","5611.65"
"Mon Mar 10 2025 11:40:00 GMT+0530 (India Standard Time)","5611.65","5618.00","5608.70","5608.95"
"Mon Mar 10 2025 11:45:00 GMT+0530 (India Standard Time)","5608.95","5614.65","5608.00","5610.00"
"Mon Mar 10 2025 11:50:00 GMT+0530 (India Standard Time)","5610.00","5610.00","5603.80","5604.15"
"Mon Mar 10 2025 11:55:00 GMT+0530 (India Standard Time)","5604.15","5607.95","5603.80","5605.15"
"Mon Mar 10 2025 12:00:00 GMT+0530 (India Standard Time)","5605.15","5609.00","5591.15","5596.15"
"Mon Mar 10 2025 12:05:00 GMT+0530 (India Standard Time)","5596.15","5596.65","5575.30","5578.35"
"Mon Mar 10 2025 12:10:00 GMT+0530 (India Standard Time)","5578.35","5583.50","5575.00","5575.00"
"Mon Mar 10 2025 12:15:00 GMT+0530 (India Standard Time)","5575.00","5582.05","5567.80","5575.95"
"Mon Mar 10 2025 12:20:00 GMT+0530 (India Standard Time)","5575.95","5579.90","5567.50","5569.85"
"Mon Mar 10 2025 12:25:00 GMT+0530 (India Standard Time)","5569.85","5573.45","5569.85","5572.35"
"Mon Mar 10 2025 12:30:00 GMT+0530 (India Standard Time)","5572.80","5579.65","5570.00","5579.65"
"Mon Mar 10 2025 12:35:00 GMT+0530 (India Standard Time)","5579.65","5585.55","5572.60","5572.60"
"Mon Mar 10 2025 12:40:00 GMT+0530 (India Standard Time)","5572.60","5581.85","5570.00","5572.25"
"Mon Mar 10 2025 12:45:00 GMT+0530 (India Standard Time)","5572.25","5576.40","5562.05","5568.90"
"Mon Mar 10 2025 12:50:00 GMT+0530 (India Standard Time)","5568.15","5571.95","5565.00","5567.50"
"Mon Mar 10 2025 12:55:00 GMT+0530 (India Standard Time)","5567.50","5574.00","5567.50","5574.00"
"Mon Mar 10 2025 13:00:00 GMT+0530 (India Standard Time)","5570.10","5573.60","5566.50","5570.65"
"Mon Mar 10 2025 13:05:00 GMT+0530 (India Standard Time)","5570.65","5576.90","5565.20","5565.85"
"Mon Mar 10 2025 13:10:00 GMT+0530 (India Standard Time)","5565.85","5571.50","5564.20","5570.70"
"Mon Mar 10 2025 13:15:00 GMT+0530 (India Standard Time)","5570.85","5574.35","5567.00","5568.20"
"Mon Mar 10 2025 13:20:00 GMT+0530 (India Standard Time)","5568.20","5570.00","5565.25","5568.80"
"Mon Mar 10 2025 13:25:00 GMT+0530 (India Standard Time)","5568.80","5570.65","5563.55","5563.55"
"Mon Mar 10 2025 13:30:00 GMT+0530 (India Standard Time)","5563.55","5571.05","5563.40","5563.40"
"Mon Mar 10 2025 13:35:00 GMT+0530 (India Standard Time)","5563.40","5567.85","5562.25","5562.90"
"Mon Mar 10 2025 13:40:00 GMT+0530 (India Standard Time)","5562.90","5566.75","5560.30","5560.30"
"Mon Mar 10 2025 13:45:00 GMT+0530 (India Standard Time)","5560.30","5564.70","5555.70","5564.70"
"Mon Mar 10 2025 13:50:00 GMT+0530 (India Standard Time)","5564.70","5568.00","5561.45","5568.00"
"Mon Mar 10 2025 13:55:00 GMT+0530 (India Standard Time)","5568.00","5568.00","5562.30","5564.30"
"Mon Mar 10 2025 14:00:00 GMT+0530 (India Standard Time)","5564.30","5566.60","5558.80","5561.15"
"Mon Mar 10 2025 14:05:00 GMT+0530 (India Standard Time)","5558.80","5563.00","5558.00","5559.45"
"Mon Mar 10 2025 14:10:00 GMT+0530 (India Standard Time)","5559.45","5562.25","5555.65","5555.65"
"Mon Mar 10 2025 14:15:00 GMT+0530 (India Standard Time)","5555.65","5559.00","5540.10","5543.20"
"Mon Mar 10 2025 14:20:00 GMT+0530 (India Standard Time)","5543.20","5543.20","5530.00","5538.00"
"Mon Mar 10 2025 14:25:00 GMT+0530 (India Standard Time)","5538.00","5538.00","5525.00","5525.00"
"Mon Mar 10 2025 14:30:00 GMT+0530 (India Standard Time)","5525.00","5529.00","5515.95","5523.05"
"Mon Mar 10 2025 14:35:00 GMT+0530 (India Standard Time)","5526.85","5529.00","5511.35","5511.55"
"Mon Mar 10 2025 14:40:00 GMT+0530 (India Standard Time)","5512.00","5517.40","5505.00","5505.95"
"Mon Mar 10 2025 14:45:00 GMT+0530 (India Standard Time)","5508.35","5513.90","5505.95","5510.90"
"Mon Mar 10 2025 14:50:00 GMT+0530 (India Standard Time)","5507.75","5511.30","5501.00","5507.00"
"Mon Mar 10 2025 14:55:00 GMT+0530 (India Standard Time)","5507.00","5509.15","5501.30","5505.25"
"Mon Mar 10 2025 15:00:00 GMT+0530 (India Standard Time)","5505.25","5537.00","5505.25","5525.40"
"Mon Mar 10 2025 15:05:00 GMT+0530 (India Standard Time)","5522.40","5524.00","5509.05","5509.05"
"Mon Mar 10 2025 15:10:00 GMT+0530 (India Standard Time)","5512.00","5515.90","5505.05","5505.25"
"Mon Mar 10 2025 15:15:00 GMT+0530 (India Standard Time)","5508.15","5508.15","5502.45","5503.05"
"Mon Mar 10 2025 15:20:00 GMT+0530 (India Standard Time)","5504.00","5504.00","5480.95","5484.05"
"Mon Mar 10 2025 15:25:00 GMT+0530 (India Standard Time)","5484.05","5489.80","5465.00","5465.00"
"Tue Mar 11 2025 09:15:00 GMT+0530 (India Standard Time)","5453.05","5453.05","5398.05","5445.00"
"Tue Mar 11 2025 09:20:00 GMT+0530 (India Standard Time)","5441.25","5450.00","5400.60","5445.80"
"Tue Mar 11 2025 09:25:00 GMT+0530 (India Standard Time)","5441.90","5465.00","5441.25","5445.00"
"Tue Mar 11 2025 09:30:00 GMT+0530 (India Standard Time)","5445.00","5465.00","5416.00","5452.75"
"Tue Mar 11 2025 09:35:00 GMT+0530 (India Standard Time)","5455.45","5459.00","5416.80","5432.65"
"Tue Mar 11 2025 09:40:00 GMT+0530 (India Standard Time)","5429.65","5460.90","5424.10","5460.90"
"Tue Mar 11 2025 09:45:00 GMT+0530 (India Standard Time)","5460.90","5463.10","5440.00","5457.70"
"Tue Mar 11 2025 09:50:00 GMT+0530 (India Standard Time)","5453.15","5464.00","5437.75","5442.70"
"Tue Mar 11 2025 09:55:00 GMT+0530 (India Standard Time)","5442.70","5457.00","5430.00","5454.55"
"Tue Mar 11 2025 10:00:00 GMT+0530 (India Standard Time)","5454.05","5466.25","5432.80","5439.85"
"Tue Mar 11 2025 10:05:00 GMT+0530 (India Standard Time)","5440.50","5450.00","5434.00","5447.00"
"Tue Mar 11 2025 10:10:00 GMT+0530 (India Standard Time)","5447.00","5458.65","5441.65","5451.90"
"Tue Mar 11 2025 10:15:00 GMT+0530 (India Standard Time)","5451.90","5458.00","5436.65","5445.85"
"Tue Mar 11 2025 10:20:00 GMT+0530 (India Standard Time)","5445.85","5453.90","5439.75","5445.80"
"Tue Mar 11 2025 10:25:00 GMT+0530 (India Standard Time)","5445.75","5449.05","5435.00","5435.00"
"Tue Mar 11 2025 10:30:00 GMT+0530 (India Standard Time)","5435.00","5438.55","5421.85","5427.35"
"Tue Mar 11 2025 10:35:00 GMT+0530 (India Standard Time)","5427.35","5440.00","5422.00","5438.75"
"Tue Mar 11 2025 10:40:00 GMT+0530 (India Standard Time)","5438.75","5464.40","5434.75","5452.30"
"Tue Mar 11 2025 10:45:00 GMT+0530 (India Standard Time)","5452.30","5455.25","5441.55","5455.25"
"Tue Mar 11 2025 10:50:00 GMT+0530 (India Standard Time)","5455.75","5471.45","5448.55","5471.45"
"Tue Mar 11 2025 10:55:00 GMT+0530 (India Standard Time)","5467.00","5478.90","5466.10","5471.75"
"Tue Mar 11 2025 11:00:00 GMT+0530 (India Standard Time)","5471.75","5480.00","5470.00","5476.50"
"Tue Mar 11 2025 11:05:00 GMT+0530 (India Standard Time)","5476.50","5478.65","5460.35","5465.85"
"Tue Mar 11 2025 11:10:00 GMT+0530 (India Standard Time)","5465.85","5465.85","5449.45","5454.40"
"Tue Mar 11 2025 11:15:00 GMT+0530 (India Standard Time)","5453.90","5457.90","5441.70","5446.15"
"Tue Mar 11 2025 11:20:00 GMT+0530 (India Standard Time)","5445.00","5448.90","5440.95","5443.75"
"Tue Mar 11 2025 11:25:00 GMT+0530 (India Standard Time)","5443.75","5450.25","5440.00","5440.55"
"Tue Mar 11 2025 11:30:00 GMT+0530 (India Standard Time)","5440.55","5446.10","5436.00","5437.95"
"Tue Mar 11 2025 11:35:00 GMT+0530 (India Standard Time)","5437.95","5452.15","5437.95","5451.25"
"Tue Mar 11 2025 11:40:00 GMT+0530 (India Standard Time)","5448.65","5450.50","5441.80","5441.80"
"Tue Mar 11 2025 11:45:00 GMT+0530 (India Standard Time)","5441.80","5447.00","5440.00","5447.00"
"Tue Mar 11 2025 11:50:00 GMT+0530 (India Standard Time)","5443.35","5455.00","5443.35","5452.40"
"Tue Mar 11 2025 11:55:00 GMT+0530 (India Standard Time)","5452.40","5464.45","5452.40","5463.55"
"Tue Mar 11 2025 12:00:00 GMT+0530 (India Standard Time)","5463.55","5463.55","5451.55","5455.75"
"Tue Mar 11 2025 12:05:00 GMT+0530 (India Standard Time)","5455.75","5457.30","5450.00","5450.05"
"Tue Mar 11 2025 12:10:00 GMT+0530 (India Standard Time)","5450.05","5455.00","5450.00","5451.45"
"Tue Mar 11 2025 12:15:00 GMT+0530 (India Standard Time)","5451.45","5455.00","5445.05","5449.25"
"Tue Mar 11 2025 12:20:00 GMT+0530 (India Standard Time)","5449.25","5449.75","5445.00","5446.00"
"Tue Mar 11 2025 12:25:00 GMT+0530 (India Standard Time)","5446.00","5449.25","5446.00","5448.90"
"Tue Mar 11 2025 12:30:00 GMT+0530 (India Standard Time)","5448.90","5449.65","5445.00","5445.00"
"Tue Mar 11 2025 12:35:00 GMT+0530 (India Standard Time)","5445.00","5449.75","5442.20","5442.20"
"Tue Mar 11 2025 12:40:00 GMT+0530 (India Standard Time)","5442.20","5448.40","5442.20","5445.00"
"Tue Mar 11 2025 12:45:00 GMT+0530 (India Standard Time)","5445.00","5448.20","5440.00","5440.25"
"Tue Mar 11 2025 12:50:00 GMT+0530 (India Standard Time)","5440.25","5442.75","5435.00","5438.30"
"Tue Mar 11 2025 12:55:00 GMT+0530 (India Standard Time)","5438.30","5440.40","5435.00","5435.55"
"Tue Mar 11 2025 13:00:00 GMT+0530 (India Standard Time)","5437.80","5437.80","5430.10","5433.85"
"Tue Mar 11 2025 13:05:00 GMT+0530 (India Standard Time)","5433.85","5439.65","5430.50","5430.50"
"Tue Mar 11 2025 13:10:00 GMT+0530 (India Standard Time)","5430.50","5435.65","5427.90","5428.90"
"Tue Mar 11 2025 13:15:00 GMT+0530 (India Standard Time)","5428.90","5430.60","5425.00","5428.30"
"Tue Mar 11 2025 13:20:00 GMT+0530 (India Standard Time)","5428.30","5429.80","5420.05","5421.00"
"Tue Mar 11 2025 13:25:00 GMT+0530 (India Standard Time)","5421.00","5426.85","5413.50","5413.50"
"Tue Mar 11 2025 13:30:00 GMT+0530 (India Standard Time)","5413.50","5414.70","5395.75","5399.25"
"Tue Mar 11 2025 13:35:00 GMT+0530 (India Standard Time)","5399.25","5403.55","5389.95","5399.20"
"Tue Mar 11 2025 13:40:00 GMT+0530 (India Standard Time)","5399.20","5415.75","5398.10","5414.75"
"Tue Mar 11 2025 13:45:00 GMT+0530 (India Standard Time)","5414.75","5417.85","5405.00","5411.70"
"Tue Mar 11 2025 13:50:00 GMT+0530 (India Standard Time)","5411.70","5415.00","5407.50","5410.20"
"Tue Mar 11 2025 13:55:00 GMT+0530 (India Standard Time)","5410.20","5419.90","5406.40","5418.85"
"Tue Mar 11 2025 14:00:00 GMT+0530 (India Standard Time)","5418.85","5419.30","5411.45","5415.10"
"Tue Mar 11 2025 14:05:00 GMT+0530 (India Standard Time)","5415.10","5418.20","5410.10","5413.45"
"Tue Mar 11 2025 14:10:00 GMT+0530 (India Standard Time)","5413.45","5422.45","5413.45","5418.85"
"Tue Mar 11 2025 14:15:00 GMT+0530 (India Standard Time)","5418.85","5422.80","5415.10","5418.00"
"Tue Mar 11 2025 14:20:00 GMT+0530 (India Standard Time)","5418.00","5425.90","5413.50","5424.85"
"Tue Mar 11 2025 14:25:00 GMT+0530 (India Standard Time)","5424.85","5430.00","5422.00","5426.40"
"Tue Mar 11 2025 14:30:00 GMT+0530 (India Standard Time)","5426.60","5435.00","5424.40","5428.00"
"Tue Mar 11 2025 14:35:00 GMT+0530 (India Standard Time)","5428.00","5436.85","5426.85","5436.00"
"Tue Mar 11 2025 14:40:00 GMT+0530 (India Standard Time)","5436.00","5436.00","5423.00","5424.90"
"Tue Mar 11 2025 14:45:00 GMT+0530 (India Standard Time)","5423.50","5433.35","5422.05","5425.00"
"Tue Mar 11 2025 14:50:00 GMT+0530 (India Standard Time)","5427.00","5427.10","5417.25","5421.40"
"Tue Mar 11 2025 14:55:00 GMT+0530 (India Standard Time)","5421.75","5431.35","5421.75","5431.35"
"Tue Mar 11 2025 15:00:00 GMT+0530 (India Standard Time)","5430.95","5435.00","5424.05","5431.45"
"Tue Mar 11 2025 15:05:00 GMT+0530 (India Standard Time)","5431.40","5431.90","5425.00","5425.00"
"Tue Mar 11 2025 15:10:00 GMT+0530 (India Standard Time)","5426.50","5426.50","5410.00","5412.95"
"Tue Mar 11 2025 15:15:00 GMT+0530 (India Standard Time)","5412.80","5425.00","5411.00","5424.85"
"Tue Mar 11 2025 15:20:00 GMT+0530 (India Standard Time)","5424.60","5424.70","5414.05","5415.20"
"Tue Mar 11 2025 15:25:00 GMT+0530 (India Standard Time)","5417.60","5431.00","5415.00","5430.00"
"Wed Mar 12 2025 09:15:00 GMT+0530 (India Standard Time)","5421.05","5450.00","5406.10","5425.80"
"Wed Mar 12 2025 09:20:00 GMT+0530 (India Standard Time)","5417.35","5423.85","5395.10","5408.10"
"Wed Mar 12 2025 09:25:00 GMT+0530 (India Standard Time)","5408.10","5415.00","5382.00","5389.25"
"Wed Mar 12 2025 09:30:00 GMT+0530 (India Standard Time)","5389.25","5401.20","5370.55","5399.00"
"Wed Mar 12 2025 09:35:00 GMT+0530 (India Standard Time)","5399.00","5409.80","5392.00","5400.15"
"Wed Mar 12 2025 09:40:00 GMT+0530 (India Standard Time)","5399.10","5404.90","5370.00","5370.00"
"Wed Mar 12 2025 09:45:00 GMT+0530 (India Standard Time)","5369.45","5376.90","5361.05","5366.55"
"Wed Mar 12 2025 09:50:00 GMT+0530 (India Standard Time)","5368.45","5372.00","5351.00","5356.00"
"Wed Mar 12 2025 09:55:00 GMT+0530 (India Standard Time)","5356.00","5356.00","5334.30","5337.70"
"Wed Mar 12 2025 10:00:00 GMT+0530 (India Standard Time)","5337.75","5341.40","5303.00","5318.35"
"Wed Mar 12 2025 10:05:00 GMT+0530 (India Standard Time)","5318.35","5319.95","5300.00","5307.00"
"Wed Mar 12 2025 10:10:00 GMT+0530 (India Standard Time)","5306.95","5314.90","5268.30","5274.45"
"Wed Mar 12 2025 10:15:00 GMT+0530 (India Standard Time)","5274.45","5285.00","5263.25","5284.50"
"Wed Mar 12 2025 10:20:00 GMT+0530 (India Standard Time)","5284.50","5289.90","5272.30","5273.70"
"Wed Mar 12 2025 10:25:00 GMT+0530 (India Standard Time)","5271.00","5285.40","5266.60","5268.00"
"Wed Mar 12 2025 10:30:00 GMT+0530 (India Standard Time)","5268.00","5274.75","5256.00","5272.05"
"Wed Mar 12 2025 10:35:00 GMT+0530 (India Standard Time)","5272.05","5284.95","5270.00","5278.90"
"Wed Mar 12 2025 10:40:00 GMT+0530 (India Standard Time)","5279.00","5287.50","5274.70","5286.15"
"Wed Mar 12 2025 10:45:00 GMT+0530 (India Standard Time)","5286.15","5291.00","5276.90","5284.95"
"Wed Mar 12 2025 10:50:00 GMT+0530 (India Standard Time)","5284.95","5284.95","5272.55","5284.50"
"Wed Mar 12 2025 10:55:00 GMT+0530 (India Standard Time)","5284.50","5289.30","5280.00","5289.30"
"Wed Mar 12 2025 11:00:00 GMT+0530 (India Standard Time)","5286.55","5294.00","5280.55","5282.60"
"Wed Mar 12 2025 11:05:00 GMT+0530 (India Standard Time)","5282.60","5294.00","5280.00","5293.15"
"Wed Mar 12 2025 11:10:00 GMT+0530 (India Standard Time)","5293.50","5305.10","5285.25","5305.10"
"Wed Mar 12 2025 11:15:00 GMT+0530 (India Standard Time)","5305.10","5305.25","5293.75","5300.45"
"Wed Mar 12 2025 11:20:00 GMT+0530 (India Standard Time)","5300.45","5301.45","5290.55","5294.30"
"Wed Mar 12 2025 11:25:00 GMT+0530 (India Standard Time)","5294.30","5294.30","5276.75","5279.15"
"Wed Mar 12 2025 11:30:00 GMT+0530 (India Standard Time)","5279.15","5286.45","5275.00","5280.75"
"Wed Mar 12 2025 11:35:00 GMT+0530 (India Standard Time)","5280.75","5285.00","5272.60","5275.95"
"Wed Mar 12 2025 11:40:00 GMT+0530 (India Standard Time)","5275.95","5283.25","5272.00","5280.25"
"Wed Mar 12 2025 11:45:00 GMT+0530 (India Standard Time)","5280.25","5295.00","5276.95","5293.00"
"Wed Mar 12 2025 11:50:00 GMT+0530 (India Standard Time)","5293.00","5294.00","5281.00","5284.35"
"Wed Mar 12 2025 11:55:00 GMT+0530 (India Standard Time)","5284.35","5291.80","5280.00","5286.70"
"Wed Mar 12 2025 12:00:00 GMT+0530 (India Standard Time)","5287.00","5287.00","5280.00","5283.30"
"Wed Mar 12 2025 12:05:00 GMT+0530 (India Standard Time)","5283.30","5295.00","5280.65","5290.70"
"Wed Mar 12 2025 12:10:00 GMT+0530 (India Standard Time)","5290.70","5290.70","5280.05","5283.55"
"Wed Mar 12 2025 12:15:00 GMT+0530 (India Standard Time)","5283.55","5283.80","5274.20","5278.60"
"Wed Mar 12 2025 12:20:00 GMT+0530 (India Standard Time)","5278.60","5279.05","5265.20","5266.85"
"Wed Mar 12 2025 12:25:00 GMT+0530 (India Standard Time)","5266.85","5267.90","5260.00","5264.95"
"Wed Mar 12 2025 12:30:00 GMT+0530 (India Standard Time)","5264.00","5280.00","5264.00","5276.30"
"Wed Mar 12 2025 12:35:00 GMT+0530 (India Standard Time)","5271.25","5280.00","5270.15","5274.00"
"Wed Mar 12 2025 12:40:00 GMT+0530 (India Standard Time)","5274.00","5275.00","5258.00","5258.00"
"Wed Mar 12 2025 12:45:00 GMT+0530 (India Standard Time)","5260.55","5266.65","5251.00","5254.00"
"Wed Mar 12 2025 12:50:00 GMT+0530 (India Standard Time)","5254.00","5256.30","5242.00","5255.30"
"Wed Mar 12 2025 12:55:00 GMT+0530 (India Standard Time)","5255.30","5259.95","5254.00","5255.00"
"Wed Mar 12 2025 13:00:00 GMT+0530 (India Standard Time)","5255.00","5259.80","5247.50","5259.00"
"Wed Mar 12 2025 13:05:00 GMT+0530 (India Standard Time)","5259.00","5261.00","5254.65","5260.75"
"Wed Mar 12 2025 13:10:00 GMT+0530 (India Standard Time)","5260.75","5266.75","5251.00","5262.00"
"Wed Mar 12 2025 13:15:00 GMT+0530 (India Standard Time)","5262.00","5279.95","5261.45","5279.00"
"Wed Mar 12 2025 13:20:00 GMT+0530 (India Standard Time)","5279.00","5285.00","5275.00","5280.10"
"Wed Mar 12 2025 13:25:00 GMT+0530 (India Standard Time)","5281.70","5284.95","5275.55","5278.10"
"Wed Mar 12 2025 13:30:00 GMT+0530 (India Standard Time)","5279.05","5282.65","5275.00","5275.50"
"Wed Mar 12 2025 13:35:00 GMT+0530 (India Standard Time)","5275.00","5275.05","5262.35","5265.20"
"Wed Mar 12 2025 13:40:00 GMT+0530 (India Standard Time)","5265.20","5268.35","5252.00","5255.40"
"Wed Mar 12 2025 13:45:00 GMT+0530 (India Standard Time)","5255.35","5260.00","5248.65","5258.00"
"Wed Mar 12 2025 13:50:00 GMT+0530 (India Standard Time)","5258.00","5258.00","5246.05","5247.75"
"Wed Mar 12 2025 13:55:00 GMT+0530 (India Standard Time)","5247.75","5258.45","5245.00","5257.60"
"Wed Mar 12 2025 14:00:00 GMT+0530 (India Standard Time)","5257.60","5260.00","5254.00","5257.50"
"Wed Mar 12 2025 14:05:00 GMT+0530 (India Standard Time)","5257.50","5265.00","5257.50","5265.00"
"Wed Mar 12 2025 14:10:00 GMT+0530 (India Standard Time)","5265.00","5267.30","5260.20","5263.65"
"Wed Mar 12 2025 14:15:00 GMT+0530 (India Standard Time)","5263.65","5275.45","5263.20","5274.70"
"Wed Mar 12 2025 14:20:00 GMT+0530 (India Standard Time)","5274.70","5279.40","5270.65","5276.25"
"Wed Mar 12 2025 14:25:00 GMT+0530 (India Standard Time)","5276.25","5283.95","5273.40","5283.15"
"Wed Mar 12 2025 14:30:00 GMT+0530 (India Standard Time)","5284.00","5284.80","5275.00","5279.95"
"Wed Mar 12 2025 14:35:00 GMT+0530 (India Standard Time)","5279.95","5282.90","5275.70","5279.85"
"Wed Mar 12 2025 14:40:00 GMT+0530 (India Standard Time)","5279.85","5284.95","5279.80","5283.80"
"Wed Mar 12 2025 14:45:00 GMT+0530 (India Standard Time)","5283.80","5290.00","5280.00","5284.00"
"Wed Mar 12 2025 14:50:00 GMT+0530 (India Standard Time)","5285.95","5289.90","5282.30","5282.30"
"Wed Mar 12 2025 14:55:00 GMT+0530 (India Standard Time)","5282.30","5286.95","5280.00","5285.25"
"Wed Mar 12 2025 15:00:00 GMT+0530 (India Standard Time)","5285.25","5300.00","5284.50","5299.30"
"Wed Mar 12 2025 15:05:00 GMT+0530 (India Standard Time)","5299.30","5310.00","5297.75","5310.00"
"Wed Mar 12 2025 15:10:00 GMT+0530 (India Standard Time)","5310.80","5319.45","5305.05","5305.05"
"Wed Mar 12 2025 15:15:00 GMT+0530 (India Standard Time)","5305.05","5308.80","5300.00","5306.95"
"Wed Mar 12 2025 15:20:00 GMT+0530 (India Standard Time)","5306.95","5307.10","5300.40","5302.00"
"Wed Mar 12 2025 15:25:00 GMT+0530 (India Standard Time)","5303.00","5304.85","5300.00","5304.50"
"Thu Mar 13 2025 09:15:00 GMT+0530 (India Standard Time)","5310.90","5366.50","5310.90","5355.65"
"Thu Mar 13 2025 09:20:00 GMT+0530 (India Standard Time)","5358.00","5362.00","5325.10","5359.85"
"Thu Mar 13 2025 09:25:00 GMT+0530 (India Standard Time)","5357.95","5373.95","5320.15","5320.75"
"Thu Mar 13 2025 09:30:00 GMT+0530 (India Standard Time)","5322.00","5327.10","5286.30","5294.85"
"Thu Mar 13 2025 09:35:00 GMT+0530 (India Standard Time)","5294.85","5310.65","5292.05","5306.75"
"Thu Mar 13 2025 09:40:00 GMT+0530 (India Standard Time)","5306.75","5309.90","5292.50","5303.00"
"Thu Mar 13 2025 09:45:00 GMT+0530 (India Standard Time)","5305.00","5314.65","5302.55","5307.00"
"Thu Mar 13 2025 09:50:00 GMT+0530 (India Standard Time)","5307.00","5312.65","5296.00","5304.90"
"Thu Mar 13 2025 09:55:00 GMT+0530 (India Standard Time)","5304.90","5314.50","5298.40","5312.00"
"Thu Mar 13 2025 10:00:00 GMT+0530 (India Standard Time)","5312.00","5314.00","5307.05","5310.50"
"Thu Mar 13 2025 10:05:00 GMT+0530 (India Standard Time)","5310.50","5313.00","5304.20","5310.00"
"Thu Mar 13 2025 10:10:00 GMT+0530 (India Standard Time)","5310.00","5313.00","5310.00","5312.85"
"Thu Mar 13 2025 10:15:00 GMT+0530 (India Standard Time)","5312.85","5324.90","5312.85","5323.00"
"Thu Mar 13 2025 10:20:00 GMT+0530 (India Standard Time)","5323.00","5327.65","5315.00","5317.15"
"Thu Mar 13 2025 10:25:00 GMT+0530 (India Standard Time)","5317.15","5320.65","5310.30","5314.90"
"Thu Mar 13 2025 10:30:00 GMT+0530 (India Standard Time)","5314.90","5320.65","5309.55","5313.80"
"Thu Mar 13 2025 10:35:00 GMT+0530 (India Standard Time)","5313.80","5313.80","5307.65","5309.95"
"Thu Mar 13 2025 10:40:00 GMT+0530 (India Standard Time)","5309.95","5311.00","5304.70","5304.70"
"Thu Mar 13 2025 10:45:00 GMT+0530 (India Standard Time)","5306.85","5309.25","5290.40","5293.95"
"Thu Mar 13 2025 10:50:00 GMT+0530 (India Standard Time)","5293.95","5296.45","5286.10","5287.00"
"Thu Mar 13 2025 10:55:00 GMT+0530 (India Standard Time)","5285.00","5288.70","5275.00","5281.25"
"Thu Mar 13 2025 11:00:00 GMT+0530 (India Standard Time)","5281.25","5284.95","5270.00","5279.55"
"Thu Mar 13 2025 11:05:00 GMT+0530 (India Standard Time)","5279.55","5282.90","5272.95","5282.85"
"Thu Mar 13 2025 11:10:00 GMT+0530 (India Standard Time)","5282.85","5282.85","5273.05","5275.10"
"Thu Mar 13 2025 11:15:00 GMT+0530 (India Standard Time)","5275.10","5276.10","5270.00","5275.55"
"Thu Mar 13 2025 11:20:00 GMT+0530 (India Standard Time)","5275.55","5277.00","5272.00","5277.00"
"Thu Mar 13 2025 11:25:00 GMT+0530 (India Standard Time)","5277.00","5277.00","5265.05","5268.00"
"Thu Mar 13 2025 11:30:00 GMT+0530 (India Standard Time)","5268.00","5275.00","5266.55","5275.00"
"Thu Mar 13 2025 11:35:00 GMT+0530 (India Standard Time)","5275.00","5277.00","5260.05","5261.50"
"Thu Mar 13 2025 11:40:00 GMT+0530 (India Standard Time)","5261.50","5263.10","5255.50","5258.00"
"Thu Mar 13 2025 11:45:00 GMT+0530 (India Standard Time)","5258.65","5261.05","5256.95","5256.95"
"Thu Mar 13 2025 11:50:00 GMT+0530 (India Standard Time)","5256.40","5272.45","5256.40","5268.00"
"Thu Mar 13 2025 11:55:00 GMT+0530 (India Standard Time)","5267.00","5275.00","5267.00","5272.40"
"Thu Mar 13 2025 12:00:00 GMT+0530 (India Standard Time)","5272.40","5272.40","5269.00","5270.00"
"Thu Mar 13 2025 12:05:00 GMT+0530 (India Standard Time)","5270.00","5274.90","5269.00","5271.40"
"Thu Mar 13 2025 12:10:00 GMT+0530 (India Standard Time)","5271.40","5276.55","5271.40","5276.55"
"Thu Mar 13 2025 12:15:00 GMT+0530 (India Standard Time)","5276.55","5278.00","5273.70","5277.00"
"Thu Mar 13 2025 12:20:00 GMT+0530 (India Standard Time)","5277.00","5277.50","5270.10","5270.75"
"Thu Mar 13 2025 12:25:00 GMT+0530 (India Standard Time)","5270.75","5273.20","5268.00","5271.50"
"Thu Mar 13 2025 12:30:00 GMT+0530 (India Standard Time)","5271.50","5277.85","5269.75","5271.05"
"Thu Mar 13 2025 12:35:00 GMT+0530 (India Standard Time)","5272.80","5277.50","5270.00","5274.00"
"Thu Mar 13 2025 12:40:00 GMT+0530 (India Standard Time)","5274.00","5277.10","5270.10","5276.00"
"Thu Mar 13 2025 12:45:00 GMT+0530 (India Standard Time)","5276.00","5279.00","5271.05","5275.05"
"Thu Mar 13 2025 12:50:00 GMT+0530 (India Standard Time)","5275.05","5277.10","5270.00","5271.05"
"Thu Mar 13 2025 12:55:00 GMT+0530 (India Standard Time)","5271.05","5272.80","5270.10","5270.10"
"Thu Mar 13 2025 13:00:00 GMT+0530 (India Standard Time)","5272.00","5272.40","5265.75","5269.80"
"Thu Mar 13 2025 13:05:00 GMT+0530 (India Standard Time)","5269.80","5269.95","5265.15","5269.00"
"Thu Mar 13 2025 13:10:00 GMT+0530 (India Standard Time)","5269.00","5269.20","5266.15","5266.15"
"Thu Mar 13 2025 13:15:00 GMT+0530 (India Standard Time)","5266.15","5268.50","5260.00","5260.15"
"Thu Mar 13 2025 13:20:00 GMT+0530 (India Standard Time)","5260.15","5267.30","5260.00","5260.50"
"Thu Mar 13 2025 13:25:00 GMT+0530 (India Standard Time)","5260.50","5265.20","5260.00","5264.00"
"Thu Mar 13 2025 13:30:00 GMT+0530 (India Standard Time)","5260.90","5271.40","5260.90","5270.00"
"Thu Mar 13 2025 13:35:00 GMT+0530 (India Standard Time)","5270.00","5271.35","5263.35","5263.35"
"Thu Mar 13 2025 13:40:00 GMT+0530 (India Standard Time)","5263.35","5268.30","5263.35","5267.55"
"Thu Mar 13 2025 13:45:00 GMT+0530 (India Standard Time)","5267.55","5267.55","5262.00","5262.00"
"Thu Mar 13 2025 13:50:00 GMT+0530 (India Standard Time)","5262.00","5268.35","5262.00","5265.65"
"Thu Mar 13 2025 13:55:00 GMT+0530 (India Standard Time)","5265.65","5268.95","5265.60","5268.95"
"Thu Mar 13 2025 14:00:00 GMT+0530 (India Standard Time)","5268.95","5269.50","5265.00","5267.45"
"Thu Mar 13 2025 14:05:00 GMT+0530 (India Standard Time)","5267.55","5268.75","5265.00","5265.85"
"Thu Mar 13 2025 14:10:00 GMT+0530 (India Standard Time)","5265.85","5268.50","5262.05","5263.05"
"Thu Mar 13 2025 14:15:00 GMT+0530 (India Standard Time)","5263.05","5265.85","5259.40","5261.95"
"Thu Mar 13 2025 14:20:00 GMT+0530 (India Standard Time)","5259.45","5262.00","5245.00","5251.00"
"Thu Mar 13 2025 14:25:00 GMT+0530 (India Standard Time)","5251.00","5253.85","5245.05","5247.25"
"Thu Mar 13 2025 14:30:00 GMT+0530 (India Standard Time)","5249.00","5254.00","5247.50","5252.30"
"Thu Mar 13 2025 14:35:00 GMT+0530 (India Standard Time)","5252.85","5252.85","5246.00","5247.30"
"Thu Mar 13 2025 14:40:00 GMT+0530 (India Standard Time)","5247.30","5253.00","5246.00","5249.95"
"Thu Mar 13 2025 14:45:00 GMT+0530 (India Standard Time)","5249.95","5249.95","5245.60","5248.15"
"Thu Mar 13 2025 14:50:00 GMT+0530 (India Standard Time)","5248.15","5250.00","5245.40","5248.00"
"Thu Mar 13 2025 14:55:00 GMT+0530 (India Standard Time)","5248.00","5248.45","5245.00","5245.00"
"Thu Mar 13 2025 15:00:00 GMT+0530 (India Standard Time)","5245.00","5247.50","5225.00","5226.85"
"Thu Mar 13 2025 15:05:00 GMT+0530 (India Standard Time)","5226.85","5234.10","5226.85","5234.10"
"Thu Mar 13 2025 15:10:00 GMT+0530 (India Standard Time)","5235.05","5236.25","5225.00","5225.30"
"Thu Mar 13 2025 15:15:00 GMT+0530 (India Standard Time)","5225.15","5237.00","5225.05","5237.00"
"Thu Mar 13 2025 15:20:00 GMT+0530 (India Standard Time)","5237.20","5243.05","5232.00","5232.30"
"Thu Mar 13 2025 15:25:00 GMT+0530 (India Standard Time)","5233.60","5242.00","5230.00","5237.95"
"Mon Mar 17 2025 09:15:00 GMT+0530 (India Standard Time)","5236.75","5274.70","5225.60","5237.80"
"Mon Mar 17 2025 09:20:00 GMT+0530 (India Standard Time)","5241.50","5255.00","5237.10","5245.25"
"Mon Mar 17 2025 09:25:00 GMT+0530 (India Standard Time)","5245.50","5255.00","5243.35","5251.00"
"Mon Mar 17 2025 09:30:00 GMT+0530 (India Standard Time)","5250.20","5280.00","5248.35","5277.30"
"Mon Mar 17 2025 09:35:00 GMT+0530 (India Standard Time)","5277.30","5283.30","5235.10","5236.70"
"Mon Mar 17 2025 09:40:00 GMT+0530 (India Standard Time)","5236.00","5242.70","5220.00","5241.50"
"Mon Mar 17 2025 09:45:00 GMT+0530 (India Standard Time)","5241.40","5249.00","5229.00","5242.15"
"Mon Mar 17 2025 09:50:00 GMT+0530 (India Standard Time)","5238.85","5245.00","5224.80","5225.20"
"Mon Mar 17 2025 09:55:00 GMT+0530 (India Standard Time)","5225.20","5241.35","5223.00","5238.00"
"Mon Mar 17 2025 10:00:00 GMT+0530 (India Standard Time)","5238.00","5249.50","5232.00","5244.05"
"Mon Mar 17 2025 10:05:00 GMT+0530 (India Standard Time)","5243.95","5245.95","5232.00","5236.90"
"Mon Mar 17 2025 10:10:00 GMT+0530 (India Standard Time)","5235.85","5239.85","5230.05","5234.15"
"Mon Mar 17 2025 10:15:00 GMT+0530 (India Standard Time)","5233.00","5235.00","5221.20","5225.70"
"Mon Mar 17 2025 10:20:00 GMT+0530 (India Standard Time)","5225.70","5225.70","5205.60","5214.60"
"Mon Mar 17 2025 10:25:00 GMT+0530 (India Standard Time)","5214.60","5215.00","5202.00","5211.90"
"Mon Mar 17 2025 10:30:00 GMT+0530 (India Standard Time)","5211.90","5213.80","5196.50","5204.30"
"Mon Mar 17 2025 10:35:00 GMT+0530 (India Standard Time)","5203.30","5205.00","5195.00","5196.90"
"Mon Mar 17 2025 10:40:00 GMT+0530 (India Standard Time)","5195.30","5212.50","5194.80","5212.50"
"Mon Mar 17 2025 10:45:00 GMT+0530 (India Standard Time)","5214.50","5228.55","5214.50","5219.55"
"Mon Mar 17 2025 10:50:00 GMT+0530 (India Standard Time)","5219.55","5224.95","5218.70","5221.25"
"Mon Mar 17 2025 10:55:00 GMT+0530 (India Standard Time)","5223.65","5235.00","5223.40","5233.50"
"Mon Mar 17 2025 11:00:00 GMT+0530 (India Standard Time)","5233.50","5233.50","5218.30","5221.55"
"Mon Mar 17 2025 11:05:00 GMT+0530 (India Standard Time)","5221.75","5224.15","5215.10","5222.10"
"Mon Mar 17 2025 11:10:00 GMT+0530 (India Standard Time)","5222.10","5224.75","5213.10","5216.00"
"Mon Mar 17 2025 11:15:00 GMT+0530 (India Standard Time)","5216.00","5220.00","5216.00","5220.00"
"Mon Mar 17 2025 11:20:00 GMT+0530 (India Standard Time)","5220.00","5220.00","5210.50","5219.10"
"Mon Mar 17 2025 11:25:00 GMT+0530 (India Standard Time)","5219.10","5220.20","5215.00","5219.80"
"Mon Mar 17 2025 11:30:00 GMT+0530 (India Standard Time)","5219.80","5220.20","5215.45","5219.05"
"Mon Mar 17 2025 11:35:00 GMT+0530 (India Standard Time)","5219.05","5225.00","5217.75","5224.00"
"Mon Mar 17 2025 11:40:00 GMT+0530 (India Standard Time)","5224.00","5229.40","5217.75","5220.95"
"Mon Mar 17 2025 11:45:00 GMT+0530 (India Standard Time)","5220.95","5220.95","5215.00","5217.80"
"Mon Mar 17 2025 11:50:00 GMT+0530 (India Standard Time)","5217.80","5218.00","5211.50","5213.00"
"Mon Mar 17 2025 11:55:00 GMT+0530 (India Standard Time)","5213.00","5213.00","5204.00","5207.00"
"Mon Mar 17 2025 12:00:00 GMT+0530 (India Standard Time)","5206.95","5219.95","5206.95","5214.90"
"Mon Mar 17 2025 12:05:00 GMT+0530 (India Standard Time)","5214.90","5223.30","5214.90","5222.35"
"Mon Mar 17 2025 12:10:00 GMT+0530 (India Standard Time)","5222.35","5225.50","5216.45","5221.80"
"Mon Mar 17 2025 12:15:00 GMT+0530 (India Standard Time)","5221.80","5221.80","5207.05","5210.05"
"Mon Mar 17 2025 12:20:00 GMT+0530 (India Standard Time)","5210.05","5211.90","5200.00","5201.75"
"Mon Mar 17 2025 12:25:00 GMT+0530 (India Standard Time)","5201.80","5201.80","5184.00","5195.55"
"Mon Mar 17 2025 12:30:00 GMT+0530 (India Standard Time)","5195.55","5195.75","5186.30","5189.10"
"Mon Mar 17 2025 12:35:00 GMT+0530 (India Standard Time)","5189.10","5194.95","5185.00","5188.70"
"Mon Mar 17 2025 12:40:00 GMT+0530 (India Standard Time)","5188.70","5188.70","5177.35","5180.00"
"Mon Mar 17 2025 12:45:00 GMT+0530 (India Standard Time)","5179.00","5179.60","5171.10","5178.00"
"Mon Mar 17 2025 12:50:00 GMT+0530 (India Standard Time)","5178.00","5188.10","5177.00","5187.85"
"Mon Mar 17 2025 12:55:00 GMT+0530 (India Standard Time)","5187.85","5192.00","5185.00","5189.35"
"Mon Mar 17 2025 13:00:00 GMT+0530 (India Standard Time)","5189.35","5191.70","5185.60","5191.70"
"Mon Mar 17 2025 13:05:00 GMT+0530 (India Standard Time)","5191.70","5191.70","5171.70","5175.00"
"Mon Mar 17 2025 13:10:00 GMT+0530 (India Standard Time)","5175.00","5180.00","5174.00","5178.00"
"Mon Mar 17 2025 13:15:00 GMT+0530 (India Standard Time)","5178.00","5185.60","5174.20","5181.85"
"Mon Mar 17 2025 13:20:00 GMT+0530 (India Standard Time)","5184.40","5186.00","5174.20","5185.55"
"Mon Mar 17 2025 13:25:00 GMT+0530 (India Standard Time)","5185.55","5188.00","5173.45","5180.00"
"Mon Mar 17 2025 13:30:00 GMT+0530 (India Standard Time)","5180.75","5183.20","5178.30","5181.90"
"Mon Mar 17 2025 13:35:00 GMT+0530 (India Standard Time)","5182.00","5182.30","5173.00","5177.90"
"Mon Mar 17 2025 13:40:00 GMT+0530 (India Standard Time)","5177.90","5182.00","5173.05","5182.00"
"Mon Mar 17 2025 13:45:00 GMT+0530 (India Standard Time)","5182.00","5183.25","5178.00","5179.85"
"Mon Mar 17 2025 13:50:00 GMT+0530 (India Standard Time)","5179.85","5182.65","5174.00","5179.65"
"Mon Mar 17 2025 13:55:00 GMT+0530 (India Standard Time)","5179.65","5190.00","5179.65","5186.85"
"Mon Mar 17 2025 14:00:00 GMT+0530 (India Standard Time)","5187.75","5189.40","5181.45","5184.85"
"Mon Mar 17 2025 14:05:00 GMT+0530 (India Standard Time)","5184.00","5189.15","5181.20","5189.15"
"Mon Mar 17 2025 14:10:00 GMT+0530 (India Standard Time)","5189.15","5190.00","5180.75","5185.00"
"Mon Mar 17 2025 14:15:00 GMT+0530 (India Standard Time)","5185.00","5187.45","5182.10","5187.30"
"Mon Mar 17 2025 14:20:00 GMT+0530 (India Standard Time)","5185.15","5187.40","5158.00","5172.35"
"Mon Mar 17 2025 14:25:00 GMT+0530 (India Standard Time)","5172.35","5173.10","5166.70","5172.90"
"Mon Mar 17 2025 14:30:00 GMT+0530 (India Standard Time)","5172.85","5175.10","5169.00","5173.00"
"Mon Mar 17 2025 14:35:00 GMT+0530 (India Standard Time)","5173.00","5175.00","5165.15","5170.10"
"Mon Mar 17 2025 14:40:00 GMT+0530 (India Standard Time)","5170.10","5170.50","5157.70","5165.35"
"Mon Mar 17 2025 14:45:00 GMT+0530 (India Standard Time)","5165.35","5169.70","5160.00","5167.00"
"Mon Mar 17 2025 14:50:00 GMT+0530 (India Standard Time)","5168.70","5173.90","5167.50","5167.95"
"Mon Mar 17 2025 14:55:00 GMT+0530 (India Standard Time)","5167.95","5170.00","5158.20","5163.05"
"Mon Mar 17 2025 15:00:00 GMT+0530 (India Standard Time)","5163.05","5166.90","5158.00","5166.90"
"Mon Mar 17 2025 15:05:00 GMT+0530 (India Standard Time)","5166.90","5169.20","5162.00","5167.45"
"Mon Mar 17 2025 15:10:00 GMT+0530 (India Standard Time)","5168.95","5180.00","5167.80","5179.95"
"Mon Mar 17 2025 15:15:00 GMT+0530 (India Standard Time)","5179.95","5181.00","5177.00","5177.00"
"Mon Mar 17 2025 15:20:00 GMT+0530 (India Standard Time)","5177.00","5180.00","5175.15","5179.00"
"Mon Mar 17 2025 15:25:00 GMT+0530 (India Standard Time)","5178.55","5178.55","5165.00","5177.90"
"Tue Mar 18 2025 09:15:00 GMT+0530 (India Standard Time)","5200.00","5226.00","5198.00","5217.85"
"Tue Mar 18 2025 09:20:00 GMT+0530 (India Standard Time)","5217.85","5261.10","5213.80","5253.30"
"Tue Mar 18 2025 09:25:00 GMT+0530 (India Standard Time)","5253.30","5276.00","5253.30","5264.90"
"Tue Mar 18 2025 09:30:00 GMT+0530 (India Standard Time)","5269.40","5296.50","5261.90","5277.05"
"Tue Mar 18 2025 09:35:00 GMT+0530 (India Standard Time)","5276.95","5299.00","5276.10","5292.40"
"Tue Mar 18 2025 09:40:00 GMT+0530 (India Standard Time)","5292.40","5298.20","5287.45","5289.50"
"Tue Mar 18 2025 09:45:00 GMT+0530 (India Standard Time)","5289.50","5295.75","5278.25","5281.85"
"Tue Mar 18 2025 09:50:00 GMT+0530 (India Standard Time)","5281.80","5290.05","5271.30","5280.60"
"Tue Mar 18 2025 09:55:00 GMT+0530 (India Standard Time)","5280.60","5287.00","5274.85","5274.85"
"Tue Mar 18 2025 10:00:00 GMT+0530 (India Standard Time)","5276.90","5287.45","5274.10","5286.65"
"Tue Mar 18 2025 10:05:00 GMT+0530 (India Standard Time)","5286.65","5288.80","5276.05","5284.00"
"Tue Mar 18 2025 10:10:00 GMT+0530 (India Standard Time)","5284.00","5288.00","5280.00","5284.70"
"Tue Mar 18 2025 10:15:00 GMT+0530 (India Standard Time)","5284.70","5310.00","5282.25","5308.00"
"Tue Mar 18 2025 10:20:00 GMT+0530 (India Standard Time)","5308.00","5309.00","5300.00","5300.00"
"Tue Mar 18 2025 10:25:00 GMT+0530 (India Standard Time)","5303.00","5306.95","5277.85","5285.00"
"Tue Mar 18 2025 10:30:00 GMT+0530 (India Standard Time)","5285.00","5290.15","5281.80","5282.00"
"Tue Mar 18 2025 10:35:00 GMT+0530 (India Standard Time)","5283.55","5286.85","5278.00","5279.60"
"Tue Mar 18 2025 10:40:00 GMT+0530 (India Standard Time)","5280.30","5286.60","5275.00","5276.50"
"Tue Mar 18 2025 10:45:00 GMT+0530 (India Standard Time)","5276.50","5282.00","5275.75","5281.95"
"Tue Mar 18 2025 10:50:00 GMT+0530 (India Standard Time)","5281.95","5285.00","5277.60","5280.90"
"Tue Mar 18 2025 10:55:00 GMT+0530 (India Standard Time)","5280.90","5282.00","5269.00","5273.20"
"Tue Mar 18 2025 11:00:00 GMT+0530 (India Standard Time)","5273.20","5276.90","5270.00","5273.25"
"Tue Mar 18 2025 11:05:00 GMT+0530 (India Standard Time)","5273.25","5276.00","5269.00","5275.45"
"Tue Mar 18 2025 11:10:00 GMT+0530 (India Standard Time)","5275.45","5276.00","5269.00","5269.00"
"Tue Mar 18 2025 11:15:00 GMT+0530 (India Standard Time)","5269.00","5272.90","5266.15","5267.35"
"Tue Mar 18 2025 11:20:00 GMT+0530 (India Standard Time)","5267.35","5279.30","5267.35","5279.30"
"Tue Mar 18 2025 11:25:00 GMT+0530 (India Standard Time)","5279.30","5280.00","5271.25","5273.45"
"Tue Mar 18 2025 11:30:00 GMT+0530 (India Standard Time)","5273.40","5288.00","5271.10","5281.05"
"Tue Mar 18 2025 11:35:00 GMT+0530 (India Standard Time)","5283.10","5287.25","5281.60","5281.60"
"Tue Mar 18 2025 11:40:00 GMT+0530 (India Standard Time)","5281.60","5294.15","5281.60","5290.00"
"Tue Mar 18 2025 11:45:00 GMT+0530 (India Standard Time)","5286.75","5292.95","5285.55","5286.65"
"Tue Mar 18 2025 11:50:00 GMT+0530 (India Standard Time)","5286.65","5286.65","5277.20","5279.00"
"Tue Mar 18 2025 11:55:00 GMT+0530 (India Standard Time)","5279.00","5284.40","5278.95","5279.45"
"Tue Mar 18 2025 12:00:00 GMT+0530 (India Standard Time)","5281.85","5284.50","5279.05","5280.80"
"Tue Mar 18 2025 12:05:00 GMT+0530 (India Standard Time)","5280.80","5286.30","5280.05","5285.75"
"Tue Mar 18 2025 12:10:00 GMT+0530 (India Standard Time)","5285.75","5289.20","5281.25","5285.00"
"Tue Mar 18 2025 12:15:00 GMT+0530 (India Standard Time)","5285.00","5285.00","5280.15","5280.35"
"Tue Mar 18 2025 12:20:00 GMT+0530 (India Standard Time)","5280.35","5284.50","5280.15","5283.40"
"Tue Mar 18 2025 12:25:00 GMT+0530 (India Standard Time)","5283.40","5285.00","5273.40","5273.50"
"Tue Mar 18 2025 12:30:00 GMT+0530 (India Standard Time)","5273.50","5277.60","5265.00","5269.95"
"Tue Mar 18 2025 12:35:00 GMT+0530 (India Standard Time)","5269.95","5270.00","5251.30","5253.45"
"Tue Mar 18 2025 12:40:00 GMT+0530 (India Standard Time)","5253.45","5257.95","5250.00","5251.20"
"Tue Mar 18 2025 12:45:00 GMT+0530 (India Standard Time)","5253.00","5255.00","5249.75","5250.00"
"Tue Mar 18 2025 12:50:00 GMT+0530 (India Standard Time)","5250.00","5259.65","5246.55","5257.75"
"Tue Mar 18 2025 12:55:00 GMT+0530 (India Standard Time)","5257.75","5263.40","5255.30","5263.25"
"Tue Mar 18 2025 13:00:00 GMT+0530 (India Standard Time)","5263.20","5266.00","5260.35","5264.55"
"Tue Mar 18 2025 13:05:00 GMT+0530 (India Standard Time)","5264.55","5266.45","5260.00","5263.95"
"Tue Mar 18 2025 13:10:00 GMT+0530 (India Standard Time)","5263.95","5263.95","5260.20","5261.50"
"Tue Mar 18 2025 13:15:00 GMT+0530 (India Standard Time)","5261.50","5269.95","5261.50","5269.95"
"Tue Mar 18 2025 13:20:00 GMT+0530 (India Standard Time)","5269.95","5284.00","5266.50","5284.00"
"Tue Mar 18 2025 13:25:00 GMT+0530 (India Standard Time)","5284.00","5285.00","5268.05","5275.00"
"Tue Mar 18 2025 13:30:00 GMT+0530 (India Standard Time)","5275.00","5281.95","5267.80","5272.05"
"Tue Mar 18 2025 13:35:00 GMT+0530 (India Standard Time)","5272.05","5281.30","5270.00","5273.05"
"Tue Mar 18 2025 13:40:00 GMT+0530 (India Standard Time)","5273.05","5280.85","5270.00","5275.00"
"Tue Mar 18 2025 13:45:00 GMT+0530 (India Standard Time)","5275.40","5275.40","5265.00","5269.90"
"Tue Mar 18 2025 13:50:00 GMT+0530 (India Standard Time)","5269.90","5269.90","5262.00","5268.50"
"Tue Mar 18 2025 13:55:00 GMT+0530 (India Standard Time)","5268.50","5272.00","5265.50","5268.00"
"Tue Mar 18 2025 14:00:00 GMT+0530 (India Standard Time)","5268.00","5275.10","5268.00","5270.95"
"Tue Mar 18 2025 14:05:00 GMT+0530 (India Standard Time)","5270.95","5272.00","5270.00","5271.15"
"Tue Mar 18 2025 14:10:00 GMT+0530 (India Standard Time)","5271.15","5271.95","5271.15","5271.15"
"Tue Mar 18 2025 14:15:00 GMT+0530 (India Standard Time)","5271.15","5277.75","5268.15","5268.15"
"Tue Mar 18 2025 14:20:00 GMT+0530 (India Standard Time)","5268.15","5274.20","5264.50","5274.20"
"Tue Mar 18 2025 14:25:00 GMT+0530 (India Standard Time)","5272.40","5278.95","5272.40","5277.00"
"Tue Mar 18 2025 14:30:00 GMT+0530 (India Standard Time)","5277.00","5278.25","5274.80","5277.25"
"Tue Mar 18 2025 14:35:00 GMT+0530 (India Standard Time)","5277.20","5277.20","5268.05","5270.00"
"Tue Mar 18 2025 14:40:00 GMT+0530 (India Standard Time)","5267.75","5274.95","5267.75","5272.60"
"Tue Mar 18 2025 14:45:00 GMT+0530 (India Standard Time)","5272.60","5275.00","5268.00","5273.35"
"Tue Mar 18 2025 14:50:00 GMT+0530 (India Standard Time)","5275.00","5278.00","5270.00","5276.05"
"Tue Mar 18 2025 14:55:00 GMT+0530 (India Standard Time)","5278.00","5278.00","5271.95","5274.85"
"Tue Mar 18 2025 15:00:00 GMT+0530 (India Standard Time)","5274.40","5275.00","5255.05","5267.50"
"Tue Mar 18 2025 15:05:00 GMT+0530 (India Standard Time)","5259.85","5270.95","5258.10","5270.95"
"Tue Mar 18 2025 15:10:00 GMT+0530 (India Standard Time)","5270.60","5274.95","5261.90","5268.10"
"Tue Mar 18 2025 15:15:00 GMT+0530 (India Standard Time)","5268.10","5270.00","5263.30","5268.75"
"Tue Mar 18 2025 15:20:00 GMT+0530 (India Standard Time)","5268.75","5269.70","5264.10","5267.45"
"Tue Mar 18 2025 15:25:00 GMT+0530 (India Standard Time)","5267.80","5285.95","5267.60","5280.50"
"Wed Mar 19 2025 09:15:00 GMT+0530 (India Standard Time)","5269.00","5296.45","5243.05","5274.80"
"Wed Mar 19 2025 09:20:00 GMT+0530 (India Standard Time)","5270.40","5286.90","5226.90","5230.00"
"Wed Mar 19 2025 09:25:00 GMT+0530 (India Standard Time)","5230.00","5261.75","5225.00","5259.55"
"Wed Mar 19 2025 09:30:00 GMT+0530 (India Standard Time)","5259.55","5290.00","5256.10","5280.05"
"Wed Mar 19 2025 09:35:00 GMT+0530 (India Standard Time)","5280.05","5285.00","5262.50","5269.00"
"Wed Mar 19 2025 09:40:00 GMT+0530 (India Standard Time)","5269.00","5275.00","5262.50","5273.85"
"Wed Mar 19 2025 09:45:00 GMT+0530 (India Standard Time)","5273.70","5285.35","5265.00","5284.90"
"Wed Mar 19 2025 09:50:00 GMT+0530 (India Standard Time)","5284.90","5290.00","5282.00","5282.60"
"Wed Mar 19 2025 09:55:00 GMT+0530 (India Standard Time)","5282.35","5295.00","5282.00","5291.75"
"Wed Mar 19 2025 10:00:00 GMT+0530 (India Standard Time)","5291.75","5315.45","5290.00","5313.40"
"Wed Mar 19 2025 10:05:00 GMT+0530 (India Standard Time)","5313.30","5321.90","5310.00","5316.90"
"Wed Mar 19 2025 10:10:00 GMT+0530 (India Standard Time)","5316.90","5318.20","5308.00","5316.00"
"Wed Mar 19 2025 10:15:00 GMT+0530 (India Standard Time)","5317.70","5317.70","5310.00","5315.00"
"Wed Mar 19 2025 10:20:00 GMT+0530 (India Standard Time)","5315.00","5330.30","5312.15","5330.00"
"Wed Mar 19 2025 10:25:00 GMT+0530 (India Standard Time)","5330.00","5339.00","5325.00","5336.00"
"Wed Mar 19 2025 10:30:00 GMT+0530 (India Standard Time)","5336.00","5338.80","5327.75","5333.00"
"Wed Mar 19 2025 10:35:00 GMT+0530 (India Standard Time)","5331.25","5337.50","5317.55","5327.30"
"Wed Mar 19 2025 10:40:00 GMT+0530 (India Standard Time)","5327.15","5329.00","5321.25","5326.45"
"Wed Mar 19 2025 10:45:00 GMT+0530 (India Standard Time)","5326.45","5326.45","5315.10","5315.10"
"Wed Mar 19 2025 10:50:00 GMT+0530 (India Standard Time)","5315.10","5317.45","5300.00","5308.00"
"Wed Mar 19 2025 10:55:00 GMT+0530 (India Standard Time)","5308.00","5318.00","5301.60","5305.00"
"Wed Mar 19 2025 11:00:00 GMT+0530 (India Standard Time)","5305.10","5306.20","5290.65","5304.00"
"Wed Mar 19 2025 11:05:00 GMT+0530 (India Standard Time)","5304.00","5307.10","5303.00","5304.00"
"Wed Mar 19 2025 11:10:00 GMT+0530 (India Standard Time)","5304.00","5305.00","5300.00","5303.90"
"Wed Mar 19 2025 11:15:00 GMT+0530 (India Standard Time)","5303.90","5305.95","5302.55","5303.05"
"Wed Mar 19 2025 11:20:00 GMT+0530 (India Standard Time)","5303.05","5305.60","5300.00","5302.05"
"Wed Mar 19 2025 11:25:00 GMT+0530 (India Standard Time)","5302.05","5302.20","5295.85","5295.85"
"Wed Mar 19 2025 11:30:00 GMT+0530 (India Standard Time)","5295.85","5301.00","5295.85","5301.00"
"Wed Mar 19 2025 11:35:00 GMT+0530 (India Standard Time)","5301.00","5301.00","5296.60","5300.00"
"Wed Mar 19 2025 11:40:00 GMT+0530 (India Standard Time)","5300.00","5301.00","5282.00","5286.60"
"Wed Mar 19 2025 11:45:00 GMT+0530 (India Standard Time)","5286.60","5292.45","5283.70","5289.00"
"Wed Mar 19 2025 11:50:00 GMT+0530 (India Standard Time)","5289.00","5292.50","5287.00","5291.10"
"Wed Mar 19 2025 11:55:00 GMT+0530 (India Standard Time)","5291.10","5293.00","5287.00","5288.00"
"Wed Mar 19 2025 12:00:00 GMT+0530 (India Standard Time)","5288.00","5299.75","5287.00","5297.40"
"Wed Mar 19 2025 12:05:00 GMT+0530 (India Standard Time)","5297.40","5299.80","5290.00","5296.40"
"Wed Mar 19 2025 12:10:00 GMT+0530 (India Standard Time)","5296.40","5308.45","5292.10","5307.75"
"Wed Mar 19 2025 12:15:00 GMT+0530 (India Standard Time)","5307.75","5310.00","5303.20","5308.10"
"Wed Mar 19 2025 12:20:00 GMT+0530 (India Standard Time)","5308.10","5314.00","5308.10","5313.00"
"Wed Mar 19 2025 12:25:00 GMT+0530 (India Standard Time)","5312.95","5316.00","5310.00","5310.00"
"Wed Mar 19 2025 12:30:00 GMT+0530 (India Standard Time)","5310.00","5313.00","5308.00","5312.95"