"Date","Open","High","Low","Close"
"Fri Nov 22 2024 13:50:00 GMT+0530 (India Standard Time)","6590.40","6600.00","6584.05","6590.05"
"Fri Nov 22 2024 13:55:00 GMT+0530 (India Standard Time)","6590.05","6599.75","6588.00","6594.25"
"Fri Nov 22 2024 14:00:00 GMT+0530 (India Standard Time)","6593.10","6599.90","6592.05","6592.85"
"Fri Nov 22 2024 14:05:00 GMT+0530 (India Standard Time)","6592.85","6608.65","6592.85","6603.95"
"Fri Nov 22 2024 14:10:00 GMT+0530 (India Standard Time)","6595.30","6600.80","6590.00","6590.00"
"Fri Nov 22 2024 14:15:00 GMT+0530 (India Standard Time)","6588.00","6590.15","6582.40","6585.35"
"Fri Nov 22 2024 14:20:00 GMT+0530 (India Standard Time)","6586.35","6589.80","6578.25","6580.50"
"Fri Nov 22 2024 14:25:00 GMT+0530 (India Standard Time)","6580.50","6588.00","6580.50","6585.55"
"Fri Nov 22 2024 14:30:00 GMT+0530 (India Standard Time)","6585.55","6587.95","6575.10","6583.85"
"Fri Nov 22 2024 14:35:00 GMT+0530 (India Standard Time)","6583.85","6585.60","6577.60","6583.65"
"Fri Nov 22 2024 14:40:00 GMT+0530 (India Standard Time)","6581.10","6590.00","6577.15","6587.80"
"Fri Nov 22 2024 14:45:00 GMT+0530 (India Standard Time)","6587.80","6595.00","6581.75","6594.85"
"Fri Nov 22 2024 14:50:00 GMT+0530 (India Standard Time)","6593.85","6594.75","6585.65","6585.65"
"Fri Nov 22 2024 14:55:00 GMT+0530 (India Standard Time)","6585.65","6595.00","6585.65","6594.45"
"Fri Nov 22 2024 15:00:00 GMT+0530 (India Standard Time)","6592.90","6597.85","6587.85","6590.05"
"Fri Nov 22 2024 15:05:00 GMT+0530 (India Standard Time)","6591.00","6596.00","6580.00","6581.80"
"Fri Nov 22 2024 15:10:00 GMT+0530 (India Standard Time)","6584.90","6588.50","6575.10","6575.60"
"Fri Nov 22 2024 15:15:00 GMT+0530 (India Standard Time)","6577.30","6589.95","6575.60","6584.35"
"Fri Nov 22 2024 15:20:00 GMT+0530 (India Standard Time)","6584.30","6590.00","6580.40","6589.00"
"Fri Nov 22 2024 15:25:00 GMT+0530 (India Standard Time)","6587.80","6590.00","6582.00","6582.00"
"Mon Nov 25 2024 09:15:00 GMT+0530 (India Standard Time)","6690.00","6690.00","6640.00","6662.30"
"Mon Nov 25 2024 09:20:00 GMT+0530 (India Standard Time)","6665.05","6665.05","6635.00","6651.40"
"Mon Nov 25 2024 09:25:00 GMT+0530 (India Standard Time)","6651.40","6670.00","6645.10","6668.00"
"Mon Nov 25 2024 09:30:00 GMT+0530 (India Standard Time)","6667.95","6678.95","6650.00","6650.00"
"Mon Nov 25 2024 09:35:00 GMT+0530 (India Standard Time)","6654.80","6676.70","6645.25","6671.65"
"Mon Nov 25 2024 09:40:00 GMT+0530 (India Standard Time)","6671.10","6681.95","6667.95","6676.00"
"Mon Nov 25 2024 09:45:00 GMT+0530 (India Standard Time)","6672.40","6678.05","6662.80","6674.80"
"Mon Nov 25 2024 09:50:00 GMT+0530 (India Standard Time)","6674.80","6680.00","6662.95","6677.05"
"Mon Nov 25 2024 09:55:00 GMT+0530 (India Standard Time)","6674.95","6680.00","6656.00","6661.20"
"Mon Nov 25 2024 10:00:00 GMT+0530 (India Standard Time)","6663.40","6674.95","6651.00","6667.40"
"Mon Nov 25 2024 10:05:00 GMT+0530 (India Standard Time)","6667.25","6676.65","6667.15","6669.35"
"Mon Nov 25 2024 10:10:00 GMT+0530 (India Standard Time)","6669.30","6680.00","6669.30","6680.00"
"Mon Nov 25 2024 10:15:00 GMT+0530 (India Standard Time)","6677.15","6679.85","6670.00","6675.00"
"Mon Nov 25 2024 10:20:00 GMT+0530 (India Standard Time)","6675.00","6694.95","6670.05","6692.50"
"Mon Nov 25 2024 10:25:00 GMT+0530 (India Standard Time)","6693.95","6708.00","6683.15","6703.85"
"Mon Nov 25 2024 10:30:00 GMT+0530 (India Standard Time)","6708.00","6709.65","6691.75","6695.00"
"Mon Nov 25 2024 10:35:00 GMT+0530 (India Standard Time)","6695.00","6697.20","6675.05","6681.35"
"Mon Nov 25 2024 10:40:00 GMT+0530 (India Standard Time)","6686.20","6687.90","6671.00","6680.00"
"Mon Nov 25 2024 10:45:00 GMT+0530 (India Standard Time)","6680.00","6686.95","6675.30","6680.00"
"Mon Nov 25 2024 10:50:00 GMT+0530 (India Standard Time)","6680.00","6688.00","6671.25","6671.35"
"Mon Nov 25 2024 10:55:00 GMT+0530 (India Standard Time)","6671.35","6679.55","6670.00","6670.15"
"Mon Nov 25 2024 11:00:00 GMT+0530 (India Standard Time)","6674.35","6684.90","6670.30","6673.60"
"Mon Nov 25 2024 11:05:00 GMT+0530 (India Standard Time)","6673.60","6682.40","6673.00","6682.40"
"Mon Nov 25 2024 11:10:00 GMT+0530 (India Standard Time)","6684.75","6684.90","6674.15","6677.20"
"Mon Nov 25 2024 11:15:00 GMT+0530 (India Standard Time)","6677.20","6683.85","6662.00","6665.35"
"Mon Nov 25 2024 11:20:00 GMT+0530 (India Standard Time)","6665.00","6670.00","6662.00","6662.00"
"Mon Nov 25 2024 11:25:00 GMT+0530 (India Standard Time)","6667.30","6667.80","6660.05","6662.40"
"Mon Nov 25 2024 11:30:00 GMT+0530 (India Standard Time)","6661.10","6670.00","6661.10","6665.00"
"Mon Nov 25 2024 11:35:00 GMT+0530 (India Standard Time)","6665.00","6666.80","6652.60","6658.55"
"Mon Nov 25 2024 11:40:00 GMT+0530 (India Standard Time)","6658.55","6667.95","6653.30","6655.70"
"Mon Nov 25 2024 11:45:00 GMT+0530 (India Standard Time)","6655.65","6664.00","6652.65","6656.65"
"Mon Nov 25 2024 11:50:00 GMT+0530 (India Standard Time)","6656.65","6660.60","6651.00","6653.80"
"Mon Nov 25 2024 11:55:00 GMT+0530 (India Standard Time)","6653.80","6660.50","6653.80","6656.10"
"Mon Nov 25 2024 12:00:00 GMT+0530 (India Standard Time)","6656.10","6660.00","6645.00","6645.70"
"Mon Nov 25 2024 12:05:00 GMT+0530 (India Standard Time)","6645.70","6650.95","6645.70","6647.25"
"Mon Nov 25 2024 12:10:00 GMT+0530 (India Standard Time)","6649.85","6650.25","6647.25","6648.05"
"Mon Nov 25 2024 12:15:00 GMT+0530 (India Standard Time)","6650.60","6660.00","6648.20","6655.95"
"Mon Nov 25 2024 12:20:00 GMT+0530 (India Standard Time)","6655.95","6660.00","6650.85","6659.90"
"Mon Nov 25 2024 12:25:00 GMT+0530 (India Standard Time)","6659.90","6660.00","6656.65","6659.95"
"Mon Nov 25 2024 12:30:00 GMT+0530 (India Standard Time)","6659.90","6660.00","6650.00","6650.50"
"Mon Nov 25 2024 12:35:00 GMT+0530 (India Standard Time)","6650.50","6656.35","6650.50","6654.05"
"Mon Nov 25 2024 12:40:00 GMT+0530 (India Standard Time)","6654.05","6656.00","6645.00","6646.70"
"Mon Nov 25 2024 12:45:00 GMT+0530 (India Standard Time)","6646.70","6648.65","6638.70","6639.05"
"Mon Nov 25 2024 12:50:00 GMT+0530 (India Standard Time)","6638.00","6639.00","6616.85","6624.15"
"Mon Nov 25 2024 12:55:00 GMT+0530 (India Standard Time)","6623.65","6626.15","6612.40","6619.50"
"Mon Nov 25 2024 13:00:00 GMT+0530 (India Standard Time)","6619.40","6619.90","6610.15","6614.95"
"Mon Nov 25 2024 13:05:00 GMT+0530 (India Standard Time)","6611.05","6619.65","6611.05","6617.85"
"Mon Nov 25 2024 13:10:00 GMT+0530 (India Standard Time)","6617.85","6631.55","6617.85","6625.55"
"Mon Nov 25 2024 13:15:00 GMT+0530 (India Standard Time)","6622.20","6627.95","6620.45","6622.50"
"Mon Nov 25 2024 13:20:00 GMT+0530 (India Standard Time)","6622.50","6629.25","6622.00","6624.20"
"Mon Nov 25 2024 13:25:00 GMT+0530 (India Standard Time)","6624.20","6635.00","6624.20","6634.60"
"Mon Nov 25 2024 13:30:00 GMT+0530 (India Standard Time)","6634.60","6640.30","6624.55","6630.45"
"Mon Nov 25 2024 13:35:00 GMT+0530 (India Standard Time)","6630.45","6639.00","6625.00","6626.50"
"Mon Nov 25 2024 13:40:00 GMT+0530 (India Standard Time)","6626.50","6638.25","6621.00","6625.05"
"Mon Nov 25 2024 13:45:00 GMT+0530 (India Standard Time)","6625.05","6638.90","6624.10","6630.00"
"Mon Nov 25 2024 13:50:00 GMT+0530 (India Standard Time)","6630.00","6637.70","6626.25","6630.55"
"Mon Nov 25 2024 13:55:00 GMT+0530 (India Standard Time)","6632.25","6638.80","6627.35","6630.90"
"Mon Nov 25 2024 14:00:00 GMT+0530 (India Standard Time)","6634.10","6637.45","6625.80","6636.05"
"Mon Nov 25 2024 14:05:00 GMT+0530 (India Standard Time)","6636.05","6639.90","6634.65","6639.90"
"Mon Nov 25 2024 14:10:00 GMT+0530 (India Standard Time)","6639.90","6639.90","6625.10","6625.15"
"Mon Nov 25 2024 14:15:00 GMT+0530 (India Standard Time)","6625.15","6638.00","6625.10","6631.20"
"Mon Nov 25 2024 14:20:00 GMT+0530 (India Standard Time)","6631.20","6637.40","6628.60","6633.30"
"Mon Nov 25 2024 14:25:00 GMT+0530 (India Standard Time)","6633.30","6638.65","6632.55","6636.00"
"Mon Nov 25 2024 14:30:00 GMT+0530 (India Standard Time)","6636.00","6639.00","6626.50","6632.25"
"Mon Nov 25 2024 14:35:00 GMT+0530 (India Standard Time)","6634.45","6649.00","6632.25","6639.40"
"Mon Nov 25 2024 14:40:00 GMT+0530 (India Standard Time)","6639.40","6648.35","6639.40","6641.00"
"Mon Nov 25 2024 14:45:00 GMT+0530 (India Standard Time)","6640.00","6662.00","6640.00","6655.10"
"Mon Nov 25 2024 14:50:00 GMT+0530 (India Standard Time)","6655.65","6658.95","6645.00","6645.00"
"Mon Nov 25 2024 14:55:00 GMT+0530 (India Standard Time)","6645.00","6651.00","6640.10","6647.15"
"Mon Nov 25 2024 15:00:00 GMT+0530 (India Standard Time)","6643.50","6794.40","6643.50","6794.40"
"Mon Nov 25 2024 15:05:00 GMT+0530 (India Standard Time)","6791.45","6794.45","6725.10","6767.90"
"Mon Nov 25 2024 15:10:00 GMT+0530 (India Standard Time)","6767.90","6793.70","6750.10","6789.00"
"Mon Nov 25 2024 15:15:00 GMT+0530 (India Standard Time)","6790.35","6843.90","6790.35","6818.10"
"Mon Nov 25 2024 15:20:00 GMT+0530 (India Standard Time)","6818.55","6874.50","6813.00","6856.05"
"Mon Nov 25 2024 15:25:00 GMT+0530 (India Standard Time)","6856.55","6875.00","6815.00","6824.50"
"Tue Nov 26 2024 09:15:00 GMT+0530 (India Standard Time)","6848.00","6879.00","6779.85","6814.60"
"Tue Nov 26 2024 09:20:00 GMT+0530 (India Standard Time)","6814.60","6820.00","6804.00","6816.15"
"Tue Nov 26 2024 09:25:00 GMT+0530 (India Standard Time)","6816.50","6837.45","6811.75","6820.65"
"Tue Nov 26 2024 09:30:00 GMT+0530 (India Standard Time)","6824.00","6825.95","6810.60","6811.90"
"Tue Nov 26 2024 09:35:00 GMT+0530 (India Standard Time)","6811.90","6820.00","6807.00","6809.85"
"Tue Nov 26 2024 09:40:00 GMT+0530 (India Standard Time)","6804.00","6813.00","6790.80","6798.80"
"Tue Nov 26 2024 09:45:00 GMT+0530 (India Standard Time)","6804.55","6805.00","6785.00","6790.00"
"Tue Nov 26 2024 09:50:00 GMT+0530 (India Standard Time)","6791.00","6803.00","6785.00","6795.10"
"Tue Nov 26 2024 09:55:00 GMT+0530 (India Standard Time)","6796.30","6799.00","6775.00","6779.00"
"Tue Nov 26 2024 10:00:00 GMT+0530 (India Standard Time)","6775.00","6800.00","6775.00","6795.30"
"Tue Nov 26 2024 10:05:00 GMT+0530 (India Standard Time)","6795.30","6815.00","6795.05","6808.40"
"Tue Nov 26 2024 10:10:00 GMT+0530 (India Standard Time)","6809.00","6809.00","6800.00","6806.90"
"Tue Nov 26 2024 10:15:00 GMT+0530 (India Standard Time)","6806.90","6806.90","6786.15","6791.10"
"Tue Nov 26 2024 10:20:00 GMT+0530 (India Standard Time)","6791.10","6804.25","6786.05","6797.30"
"Tue Nov 26 2024 10:25:00 GMT+0530 (India Standard Time)","6797.30","6806.65","6795.10","6805.50"
"Tue Nov 26 2024 10:30:00 GMT+0530 (India Standard Time)","6805.50","6810.00","6788.00","6794.05"
"Tue Nov 26 2024 10:35:00 GMT+0530 (India Standard Time)","6794.05","6797.40","6788.35","6792.40"
"Tue Nov 26 2024 10:40:00 GMT+0530 (India Standard Time)","6795.00","6795.65","6790.00","6793.00"
"Tue Nov 26 2024 10:45:00 GMT+0530 (India Standard Time)","6793.00","6795.65","6781.00","6787.90"
"Tue Nov 26 2024 10:50:00 GMT+0530 (India Standard Time)","6787.90","6794.90","6780.80","6794.90"
"Tue Nov 26 2024 10:55:00 GMT+0530 (India Standard Time)","6794.75","6794.85","6786.05","6790.00"
"Tue Nov 26 2024 11:00:00 GMT+0530 (India Standard Time)","6790.00","6794.00","6785.00","6788.60"
"Tue Nov 26 2024 11:05:00 GMT+0530 (India Standard Time)","6788.60","6795.00","6788.00","6789.00"
"Tue Nov 26 2024 11:10:00 GMT+0530 (India Standard Time)","6789.00","6792.00","6785.30","6789.90"
"Tue Nov 26 2024 11:15:00 GMT+0530 (India Standard Time)","6789.90","6789.90","6782.05","6782.10"
"Tue Nov 26 2024 11:20:00 GMT+0530 (India Standard Time)","6782.10","6787.85","6780.00","6787.00"
"Tue Nov 26 2024 11:25:00 GMT+0530 (India Standard Time)","6787.00","6789.70","6781.55","6787.05"
"Tue Nov 26 2024 11:30:00 GMT+0530 (India Standard Time)","6787.05","6788.95","6782.40","6786.05"
"Tue Nov 26 2024 11:35:00 GMT+0530 (India Standard Time)","6786.45","6790.00","6785.00","6790.00"
"Tue Nov 26 2024 11:40:00 GMT+0530 (India Standard Time)","6790.50","6790.50","6770.00","6770.00"
"Tue Nov 26 2024 11:45:00 GMT+0530 (India Standard Time)","6770.00","6782.40","6765.00","6775.30"
"Tue Nov 26 2024 11:50:00 GMT+0530 (India Standard Time)","6775.30","6777.00","6770.05","6775.55"
"Tue Nov 26 2024 11:55:00 GMT+0530 (India Standard Time)","6775.55","6775.55","6760.70","6768.45"
"Tue Nov 26 2024 12:00:00 GMT+0530 (India Standard Time)","6768.45","6772.20","6761.10","6762.15"
"Tue Nov 26 2024 12:05:00 GMT+0530 (India Standard Time)","6762.15","6766.55","6760.10","6764.00"
"Tue Nov 26 2024 12:10:00 GMT+0530 (India Standard Time)","6764.00","6765.00","6756.45","6757.15"
"Tue Nov 26 2024 12:15:00 GMT+0530 (India Standard Time)","6757.15","6770.55","6757.15","6768.30"
"Tue Nov 26 2024 12:20:00 GMT+0530 (India Standard Time)","6768.30","6768.30","6758.00","6762.65"
"Tue Nov 26 2024 12:25:00 GMT+0530 (India Standard Time)","6761.00","6768.65","6760.00","6766.70"
"Tue Nov 26 2024 12:30:00 GMT+0530 (India Standard Time)","6766.70","6767.15","6760.00","6765.40"
"Tue Nov 26 2024 12:35:00 GMT+0530 (India Standard Time)","6765.40","6768.10","6761.00","6762.10"
"Tue Nov 26 2024 12:40:00 GMT+0530 (India Standard Time)","6762.10","6765.00","6760.00","6764.75"
"Tue Nov 26 2024 12:45:00 GMT+0530 (India Standard Time)","6764.75","6764.75","6758.85","6763.90"
"Tue Nov 26 2024 12:50:00 GMT+0530 (India Standard Time)","6763.90","6765.95","6758.00","6761.05"
"Tue Nov 26 2024 12:55:00 GMT+0530 (India Standard Time)","6761.05","6764.45","6756.10","6760.95"
"Tue Nov 26 2024 13:00:00 GMT+0530 (India Standard Time)","6760.00","6762.75","6755.15","6762.00"
"Tue Nov 26 2024 13:05:00 GMT+0530 (India Standard Time)","6762.00","6780.00","6753.05","6775.35"
"Tue Nov 26 2024 13:10:00 GMT+0530 (India Standard Time)","6773.60","6795.65","6771.05","6789.55"
"Tue Nov 26 2024 13:15:00 GMT+0530 (India Standard Time)","6790.25","6790.25","6778.35","6778.75"
"Tue Nov 26 2024 13:20:00 GMT+0530 (India Standard Time)","6778.75","6784.90","6775.00","6775.00"
"Tue Nov 26 2024 13:25:00 GMT+0530 (India Standard Time)","6775.00","6776.95","6770.00","6770.05"
"Tue Nov 26 2024 13:30:00 GMT+0530 (India Standard Time)","6770.05","6777.00","6769.00","6771.20"
"Tue Nov 26 2024 13:35:00 GMT+0530 (India Standard Time)","6775.95","6776.95","6763.30","6763.90"
"Tue Nov 26 2024 13:40:00 GMT+0530 (India Standard Time)","6763.90","6772.65","6760.85","6762.90"
"Tue Nov 26 2024 13:45:00 GMT+0530 (India Standard Time)","6762.90","6778.45","6762.90","6771.50"
"Tue Nov 26 2024 13:50:00 GMT+0530 (India Standard Time)","6770.95","6776.20","6763.25","6773.50"
"Tue Nov 26 2024 13:55:00 GMT+0530 (India Standard Time)","6773.50","6773.70","6761.05","6771.95"
"Tue Nov 26 2024 14:00:00 GMT+0530 (India Standard Time)","6771.95","6774.00","6766.05","6772.00"
"Tue Nov 26 2024 14:05:00 GMT+0530 (India Standard Time)","6768.35","6772.00","6762.30","6767.50"
"Tue Nov 26 2024 14:10:00 GMT+0530 (India Standard Time)","6762.90","6772.00","6762.10","6771.00"
"Tue Nov 26 2024 14:15:00 GMT+0530 (India Standard Time)","6771.00","6775.00","6766.05","6771.45"
"Tue Nov 26 2024 14:20:00 GMT+0530 (India Standard Time)","6771.45","6773.50","6766.05","6768.25"
"Tue Nov 26 2024 14:25:00 GMT+0530 (India Standard Time)","6768.25","6777.15","6766.30","6766.30"
"Tue Nov 26 2024 14:30:00 GMT+0530 (India Standard Time)","6766.30","6768.65","6762.05","6763.95"
"Tue Nov 26 2024 14:35:00 GMT+0530 (India Standard Time)","6763.95","6769.95","6761.00","6767.00"
"Tue Nov 26 2024 14:40:00 GMT+0530 (India Standard Time)","6767.00","6770.00","6765.10","6769.05"
"Tue Nov 26 2024 14:45:00 GMT+0530 (India Standard Time)","6769.05","6784.10","6760.00","6777.00"
"Tue Nov 26 2024 14:50:00 GMT+0530 (India Standard Time)","6777.00","6795.00","6777.00","6783.95"
"Tue Nov 26 2024 14:55:00 GMT+0530 (India Standard Time)","6783.95","6795.60","6783.95","6786.20"
"Tue Nov 26 2024 15:00:00 GMT+0530 (India Standard Time)","6787.95","6790.00","6750.85","6755.20"
"Tue Nov 26 2024 15:05:00 GMT+0530 (India Standard Time)","6755.20","6755.20","6715.00","6728.15"
"Tue Nov 26 2024 15:10:00 GMT+0530 (India Standard Time)","6728.15","6729.25","6701.00","6701.25"
"Tue Nov 26 2024 15:15:00 GMT+0530 (India Standard Time)","6701.25","6719.15","6692.00","6704.05"
"Tue Nov 26 2024 15:20:00 GMT+0530 (India Standard Time)","6704.05","6705.45","6690.00","6692.00"
"Tue Nov 26 2024 15:25:00 GMT+0530 (India Standard Time)","6694.30","6699.00","6689.00","6689.00"
"Wed Nov 27 2024 09:15:00 GMT+0530 (India Standard Time)","6736.00","6745.00","6684.40","6713.00"
"Wed Nov 27 2024 09:20:00 GMT+0530 (India Standard Time)","6716.85","6719.55","6693.05","6700.25"
"Wed Nov 27 2024 09:25:00 GMT+0530 (India Standard Time)","6704.45","6710.00","6688.00","6702.60"
"Wed Nov 27 2024 09:30:00 GMT+0530 (India Standard Time)","6702.60","6702.60","6670.45","6677.80"
"Wed Nov 27 2024 09:35:00 GMT+0530 (India Standard Time)","6674.80","6694.00","6670.00","6687.85"
"Wed Nov 27 2024 09:40:00 GMT+0530 (India Standard Time)","6687.85","6715.05","6673.85","6711.10"
"Wed Nov 27 2024 09:45:00 GMT+0530 (India Standard Time)","6711.10","6730.00","6706.15","6729.10"
"Wed Nov 27 2024 09:50:00 GMT+0530 (India Standard Time)","6731.65","6775.00","6725.15","6771.35"
"Wed Nov 27 2024 09:55:00 GMT+0530 (India Standard Time)","6771.35","6784.80","6762.40","6768.75"
"Wed Nov 27 2024 10:00:00 GMT+0530 (India Standard Time)","6768.75","6818.90","6767.20","6813.40"
"Wed Nov 27 2024 10:05:00 GMT+0530 (India Standard Time)","6813.40","6813.40","6800.25","6802.45"
"Wed Nov 27 2024 10:10:00 GMT+0530 (India Standard Time)","6802.45","6806.00","6797.80","6800.25"
"Wed Nov 27 2024 10:15:00 GMT+0530 (India Standard Time)","6800.25","6803.40","6800.25","6800.25"
"Wed Nov 27 2024 10:20:00 GMT+0530 (India Standard Time)","6800.25","6805.00","6800.25","6802.50"
"Wed Nov 27 2024 10:25:00 GMT+0530 (India Standard Time)","6802.50","6803.90","6800.25","6800.25"
"Wed Nov 27 2024 10:30:00 GMT+0530 (India Standard Time)","6800.25","6805.00","6795.95","6803.85"
"Wed Nov 27 2024 10:35:00 GMT+0530 (India Standard Time)","6803.85","6805.70","6800.25","6805.70"
"Wed Nov 27 2024 10:40:00 GMT+0530 (India Standard Time)","6802.25","6807.30","6800.25","6800.25"
"Wed Nov 27 2024 10:45:00 GMT+0530 (India Standard Time)","6800.25","6804.95","6800.25","6800.35"
"Wed Nov 27 2024 10:50:00 GMT+0530 (India Standard Time)","6800.25","6803.65","6794.85","6800.30"
"Wed Nov 27 2024 10:55:00 GMT+0530 (India Standard Time)","6800.30","6805.15","6800.25","6800.25"
"Wed Nov 27 2024 11:00:00 GMT+0530 (India Standard Time)","6800.25","6805.00","6795.10","6800.55"
"Wed Nov 27 2024 11:05:00 GMT+0530 (India Standard Time)","6800.55","6809.25","6800.25","6801.15"
"Wed Nov 27 2024 11:10:00 GMT+0530 (India Standard Time)","6805.00","6807.10","6798.05","6800.80"
"Wed Nov 27 2024 11:15:00 GMT+0530 (India Standard Time)","6800.80","6807.10","6800.25","6800.25"
"Wed Nov 27 2024 11:20:00 GMT+0530 (India Standard Time)","6800.25","6802.85","6800.25","6800.25"
"Wed Nov 27 2024 11:25:00 GMT+0530 (India Standard Time)","6800.25","6806.80","6800.25","6801.20"
"Wed Nov 27 2024 11:30:00 GMT+0530 (India Standard Time)","6801.20","6817.20","6800.60","6805.00"
"Wed Nov 27 2024 11:35:00 GMT+0530 (India Standard Time)","6805.00","6815.00","6805.00","6815.00"
"Wed Nov 27 2024 11:40:00 GMT+0530 (India Standard Time)","6814.95","6830.95","6811.15","6812.25"
"Wed Nov 27 2024 11:45:00 GMT+0530 (India Standard Time)","6813.15","6816.05","6761.20","6776.85"
"Wed Nov 27 2024 11:50:00 GMT+0530 (India Standard Time)","6776.85","6778.85","6752.50","6756.35"
"Wed Nov 27 2024 11:55:00 GMT+0530 (India Standard Time)","6756.35","6769.95","6754.20","6767.05"
"Wed Nov 27 2024 12:00:00 GMT+0530 (India Standard Time)","6767.05","6771.30","6757.00","6757.00"
"Wed Nov 27 2024 12:05:00 GMT+0530 (India Standard Time)","6758.50","6760.00","6754.55","6758.10"
"Wed Nov 27 2024 12:10:00 GMT+0530 (India Standard Time)","6758.50","6759.95","6751.00","6751.00"
"Wed Nov 27 2024 12:15:00 GMT+0530 (India Standard Time)","6750.60","6762.95","6750.35","6759.50"
"Wed Nov 27 2024 12:20:00 GMT+0530 (India Standard Time)","6759.50","6767.20","6756.55","6760.00"
"Wed Nov 27 2024 12:25:00 GMT+0530 (India Standard Time)","6760.00","6766.30","6756.55","6761.75"
"Wed Nov 27 2024 12:30:00 GMT+0530 (India Standard Time)","6761.75","6771.50","6760.00","6767.85"
"Wed Nov 27 2024 12:35:00 GMT+0530 (India Standard Time)","6763.35","6767.70","6758.75","6760.55"
"Wed Nov 27 2024 12:40:00 GMT+0530 (India Standard Time)","6760.55","6769.85","6760.00","6769.85"
"Wed Nov 27 2024 12:45:00 GMT+0530 (India Standard Time)","6769.85","6772.90","6764.05","6765.05"
"Wed Nov 27 2024 12:50:00 GMT+0530 (India Standard Time)","6765.05","6770.00","6762.05","6765.00"
"Wed Nov 27 2024 12:55:00 GMT+0530 (India Standard Time)","6765.30","6767.00","6765.00","6766.40"
"Wed Nov 27 2024 13:00:00 GMT+0530 (India Standard Time)","6766.70","6768.30","6766.40","6766.60"
"Wed Nov 27 2024 13:05:00 GMT+0530 (India Standard Time)","6766.60","6769.90","6765.00","6766.40"
"Wed Nov 27 2024 13:10:00 GMT+0530 (India Standard Time)","6766.40","6775.00","6766.00","6766.00"
"Wed Nov 27 2024 13:15:00 GMT+0530 (India Standard Time)","6767.05","6784.00","6766.00","6777.60"
"Wed Nov 27 2024 13:20:00 GMT+0530 (India Standard Time)","6777.60","6782.85","6776.00","6776.45"
"Wed Nov 27 2024 13:25:00 GMT+0530 (India Standard Time)","6776.45","6782.55","6776.10","6778.15"
"Wed Nov 27 2024 13:30:00 GMT+0530 (India Standard Time)","6778.15","6784.00","6776.00","6776.00"
"Wed Nov 27 2024 13:35:00 GMT+0530 (India Standard Time)","6776.00","6777.85","6767.40","6770.00"
"Wed Nov 27 2024 13:40:00 GMT+0530 (India Standard Time)","6770.00","6774.30","6766.50","6768.20"
"Wed Nov 27 2024 13:45:00 GMT+0530 (India Standard Time)","6768.20","6771.95","6765.00","6766.90"
"Wed Nov 27 2024 13:50:00 GMT+0530 (India Standard Time)","6766.90","6775.50","6766.90","6768.45"
"Wed Nov 27 2024 13:55:00 GMT+0530 (India Standard Time)","6768.45","6780.05","6765.15","6770.90"
"Wed Nov 27 2024 14:00:00 GMT+0530 (India Standard Time)","6770.90","6774.95","6766.00","6767.45"
"Wed Nov 27 2024 14:05:00 GMT+0530 (India Standard Time)","6769.40","6771.25","6763.05","6768.90"
"Wed Nov 27 2024 14:10:00 GMT+0530 (India Standard Time)","6771.45","6776.55","6765.50","6768.75"
"Wed Nov 27 2024 14:15:00 GMT+0530 (India Standard Time)","6768.75","6773.80","6765.50","6769.70"
"Wed Nov 27 2024 14:20:00 GMT+0530 (India Standard Time)","6769.70","6773.75","6765.90","6768.05"
"Wed Nov 27 2024 14:25:00 GMT+0530 (India Standard Time)","6768.00","6786.00","6765.90","6775.90"
"Wed Nov 27 2024 14:30:00 GMT+0530 (India Standard Time)","6775.90","6780.60","6770.00","6770.10"
"Wed Nov 27 2024 14:35:00 GMT+0530 (India Standard Time)","6770.30","6776.90","6765.90","6768.70"
"Wed Nov 27 2024 14:40:00 GMT+0530 (India Standard Time)","6767.30","6772.60","6767.00","6768.30"
"Wed Nov 27 2024 14:45:00 GMT+0530 (India Standard Time)","6767.45","6775.00","6767.10","6773.55"
"Wed Nov 27 2024 14:50:00 GMT+0530 (India Standard Time)","6773.55","6776.85","6768.05","6771.70"
"Wed Nov 27 2024 14:55:00 GMT+0530 (India Standard Time)","6773.60","6776.00","6770.00","6771.10"
"Wed Nov 27 2024 15:00:00 GMT+0530 (India Standard Time)","6775.70","6775.70","6767.00","6767.00"
"Wed Nov 27 2024 15:05:00 GMT+0530 (India Standard Time)","6770.65","6778.10","6767.00","6767.00"
"Wed Nov 27 2024 15:10:00 GMT+0530 (India Standard Time)","6767.05","6775.95","6765.00","6771.10"
"Wed Nov 27 2024 15:15:00 GMT+0530 (India Standard Time)","6771.10","6787.50","6767.00","6783.10"
"Wed Nov 27 2024 15:20:00 GMT+0530 (India Standard Time)","6783.10","6790.00","6776.40","6777.50"
"Wed Nov 27 2024 15:25:00 GMT+0530 (India Standard Time)","6780.60","6786.00","6690.80","6728.40"
"Thu Nov 28 2024 09:15:00 GMT+0530 (India Standard Time)","6748.00","6748.00","6710.00","6733.80"
"Thu Nov 28 2024 09:20:00 GMT+0530 (India Standard Time)","6726.00","6730.00","6706.00","6726.60"
"Thu Nov 28 2024 09:25:00 GMT+0530 (India Standard Time)","6726.60","6727.15","6716.55","6726.75"
"Thu Nov 28 2024 09:30:00 GMT+0530 (India Standard Time)","6724.95","6739.95","6712.70","6733.65"
"Thu Nov 28 2024 09:35:00 GMT+0530 (India Standard Time)","6737.40","6767.95","6734.00","6758.00"
"Thu Nov 28 2024 09:40:00 GMT+0530 (India Standard Time)","6762.05","6768.70","6750.00","6767.50"
"Thu Nov 28 2024 09:45:00 GMT+0530 (India Standard Time)","6768.00","6768.80","6754.15","6766.60"
"Thu Nov 28 2024 09:50:00 GMT+0530 (India Standard Time)","6766.60","6803.55","6766.60","6775.55"
"Thu Nov 28 2024 09:55:00 GMT+0530 (India Standard Time)","6775.05","6793.80","6770.60","6778.35"
"Thu Nov 28 2024 10:00:00 GMT+0530 (India Standard Time)","6778.35","6784.00","6765.65","6779.05"
"Thu Nov 28 2024 10:05:00 GMT+0530 (India Standard Time)","6780.10","6784.95","6765.65","6765.65"
"Thu Nov 28 2024 10:10:00 GMT+0530 (India Standard Time)","6764.80","6766.90","6760.70","6760.70"
"Thu Nov 28 2024 10:15:00 GMT+0530 (India Standard Time)","6760.70","6774.20","6748.35","6774.15"
"Thu Nov 28 2024 10:20:00 GMT+0530 (India Standard Time)","6769.95","6777.65","6765.00","6775.55"
"Thu Nov 28 2024 10:25:00 GMT+0530 (India Standard Time)","6772.15","6783.90","6770.00","6773.25"
"Thu Nov 28 2024 10:30:00 GMT+0530 (India Standard Time)","6773.20","6780.60","6760.85","6767.05"
"Thu Nov 28 2024 10:35:00 GMT+0530 (India Standard Time)","6767.05","6770.90","6733.05","6737.35"
"Thu Nov 28 2024 10:40:00 GMT+0530 (India Standard Time)","6737.35","6743.70","6726.15","6742.85"
"Thu Nov 28 2024 10:45:00 GMT+0530 (India Standard Time)","6739.10","6742.30","6722.00","6727.40"
"Thu Nov 28 2024 10:50:00 GMT+0530 (India Standard Time)","6733.50","6750.00","6726.00","6747.80"
"Thu Nov 28 2024 10:55:00 GMT+0530 (India Standard Time)","6747.80","6760.00","6732.70","6760.00"
"Thu Nov 28 2024 11:00:00 GMT+0530 (India Standard Time)","6760.00","6766.95","6758.00","6758.00"
"Thu Nov 28 2024 11:05:00 GMT+0530 (India Standard Time)","6758.00","6760.00","6738.00","6743.10"
"Thu Nov 28 2024 11:10:00 GMT+0530 (India Standard Time)","6743.25","6749.30","6735.05","6747.30"
"Thu Nov 28 2024 11:15:00 GMT+0530 (India Standard Time)","6747.30","6747.50","6736.60","6738.00"
"Thu Nov 28 2024 11:20:00 GMT+0530 (India Standard Time)","6738.00","6739.80","6735.00","6735.00"
"Thu Nov 28 2024 11:25:00 GMT+0530 (India Standard Time)","6735.00","6738.00","6730.00","6735.00"
"Thu Nov 28 2024 11:30:00 GMT+0530 (India Standard Time)","6735.00","6744.95","6730.70","6744.95"
"Thu Nov 28 2024 11:35:00 GMT+0530 (India Standard Time)","6744.95","6748.85","6739.95","6748.85"
"Thu Nov 28 2024 11:40:00 GMT+0530 (India Standard Time)","6748.85","6748.85","6743.25","6746.00"
"Thu Nov 28 2024 11:45:00 GMT+0530 (India Standard Time)","6746.00","6765.00","6742.55","6763.90"
"Thu Nov 28 2024 11:50:00 GMT+0530 (India Standard Time)","6763.70","6766.90","6760.00","6761.00"
"Thu Nov 28 2024 11:55:00 GMT+0530 (India Standard Time)","6761.85","6762.10","6748.00","6748.00"
"Thu Nov 28 2024 12:00:00 GMT+0530 (India Standard Time)","6748.00","6756.50","6745.20","6750.55"
"Thu Nov 28 2024 12:05:00 GMT+0530 (India Standard Time)","6750.55","6756.50","6748.35","6756.50"
"Thu Nov 28 2024 12:10:00 GMT+0530 (India Standard Time)","6756.50","6756.70","6750.00","6750.25"
"Thu Nov 28 2024 12:15:00 GMT+0530 (India Standard Time)","6750.25","6752.60","6749.80","6750.00"
"Thu Nov 28 2024 12:20:00 GMT+0530 (India Standard Time)","6750.00","6757.00","6749.50","6755.25"
"Thu Nov 28 2024 12:25:00 GMT+0530 (India Standard Time)","6755.30","6769.95","6755.30","6768.10"
"Thu Nov 28 2024 12:30:00 GMT+0530 (India Standard Time)","6770.00","6770.00","6758.20","6758.20"
"Thu Nov 28 2024 12:35:00 GMT+0530 (India Standard Time)","6758.20","6760.80","6749.65","6756.85"
"Thu Nov 28 2024 12:40:00 GMT+0530 (India Standard Time)","6754.55","6766.90","6752.10","6756.00"
"Thu Nov 28 2024 12:45:00 GMT+0530 (India Standard Time)","6756.00","6769.80","6756.00","6763.85"
"Thu Nov 28 2024 12:50:00 GMT+0530 (India Standard Time)","6763.85","6768.50","6760.05","6760.60"
"Thu Nov 28 2024 12:55:00 GMT+0530 (India Standard Time)","6760.60","6765.75","6755.90","6759.85"
"Thu Nov 28 2024 13:00:00 GMT+0530 (India Standard Time)","6759.40","6759.40","6750.00","6750.00"
"Thu Nov 28 2024 13:05:00 GMT+0530 (India Standard Time)","6750.00","6755.05","6750.00","6750.00"
"Thu Nov 28 2024 13:10:00 GMT+0530 (India Standard Time)","6750.00","6751.00","6749.50","6750.50"
"Thu Nov 28 2024 13:15:00 GMT+0530 (India Standard Time)","6750.50","6750.50","6750.00","6750.00"
"Thu Nov 28 2024 13:20:00 GMT+0530 (India Standard Time)","6750.00","6759.00","6750.00","6759.00"
"Thu Nov 28 2024 13:25:00 GMT+0530 (India Standard Time)","6759.00","6762.00","6756.30","6760.00"
"Thu Nov 28 2024 13:30:00 GMT+0530 (India Standard Time)","6760.00","6762.00","6755.65","6760.00"
"Thu Nov 28 2024 13:35:00 GMT+0530 (India Standard Time)","6760.00","6761.85","6755.60","6761.85"
"Thu Nov 28 2024 13:40:00 GMT+0530 (India Standard Time)","6761.85","6765.00","6760.00","6762.85"
"Thu Nov 28 2024 13:45:00 GMT+0530 (India Standard Time)","6762.85","6770.00","6760.00","6769.60"
"Thu Nov 28 2024 13:50:00 GMT+0530 (India Standard Time)","6769.60","6773.95","6765.80","6771.85"
"Thu Nov 28 2024 13:55:00 GMT+0530 (India Standard Time)","6771.75","6783.70","6765.15","6772.60"
"Thu Nov 28 2024 14:00:00 GMT+0530 (India Standard Time)","6772.60","6780.05","6766.70","6766.70"
"Thu Nov 28 2024 14:05:00 GMT+0530 (India Standard Time)","6771.45","6784.00","6765.40","6784.00"
"Thu Nov 28 2024 14:10:00 GMT+0530 (India Standard Time)","6780.95","6788.80","6753.55","6768.45"
"Thu Nov 28 2024 14:15:00 GMT+0530 (India Standard Time)","6770.00","6775.70","6756.65","6774.80"
"Thu Nov 28 2024 14:20:00 GMT+0530 (India Standard Time)","6774.80","6774.80","6766.55","6771.70"
"Thu Nov 28 2024 14:25:00 GMT+0530 (India Standard Time)","6771.70","6778.00","6767.05","6776.70"
"Thu Nov 28 2024 14:30:00 GMT+0530 (India Standard Time)","6772.00","6776.00","6769.95","6773.60"
"Thu Nov 28 2024 14:35:00 GMT+0530 (India Standard Time)","6773.60","6773.60","6762.05","6767.55"
"Thu Nov 28 2024 14:40:00 GMT+0530 (India Standard Time)","6767.55","6769.45","6760.90","6765.00"
"Thu Nov 28 2024 14:45:00 GMT+0530 (India Standard Time)","6765.00","6774.00","6761.00","6762.85"
"Thu Nov 28 2024 14:50:00 GMT+0530 (India Standard Time)","6762.85","6777.00","6762.85","6776.95"
"Thu Nov 28 2024 14:55:00 GMT+0530 (India Standard Time)","6776.95","6777.85","6775.00","6775.05"
"Thu Nov 28 2024 15:00:00 GMT+0530 (India Standard Time)","6773.05","6774.70","6751.25","6751.35"
"Thu Nov 28 2024 15:05:00 GMT+0530 (India Standard Time)","6751.45","6769.15","6751.00","6761.55"
"Thu Nov 28 2024 15:10:00 GMT+0530 (India Standard Time)","6763.20","6763.20","6750.00","6750.10"
"Thu Nov 28 2024 15:15:00 GMT+0530 (India Standard Time)","6750.10","6755.00","6740.00","6754.50"
"Thu Nov 28 2024 15:20:00 GMT+0530 (India Standard Time)","6750.45","6765.90","6747.55","6759.50"
"Thu Nov 28 2024 15:25:00 GMT+0530 (India Standard Time)","6755.65","6780.00","6750.00","6779.00"
"Fri Nov 29 2024 09:15:00 GMT+0530 (India Standard Time)","6769.90","6779.30","6670.10","6733.85"
"Fri Nov 29 2024 09:20:00 GMT+0530 (India Standard Time)","6729.25","6737.95","6710.00","6710.00"
"Fri Nov 29 2024 09:25:00 GMT+0530 (India Standard Time)","6710.00","6727.75","6710.00","6727.00"
"Fri Nov 29 2024 09:30:00 GMT+0530 (India Standard Time)","6726.55","6744.35","6722.80","6735.00"
"Fri Nov 29 2024 09:35:00 GMT+0530 (India Standard Time)","6735.00","6739.60","6730.00","6734.35"
"Fri Nov 29 2024 09:40:00 GMT+0530 (India Standard Time)","6734.35","6736.00","6730.00","6730.05"
"Fri Nov 29 2024 09:45:00 GMT+0530 (India Standard Time)","6730.05","6738.95","6730.00","6732.60"
"Fri Nov 29 2024 09:50:00 GMT+0530 (India Standard Time)","6732.65","6742.00","6731.70","6738.90"
"Fri Nov 29 2024 09:55:00 GMT+0530 (India Standard Time)","6738.90","6742.00","6730.00","6742.00"
"Fri Nov 29 2024 10:00:00 GMT+0530 (India Standard Time)","6732.50","6742.00","6728.70","6734.00"
"Fri Nov 29 2024 10:05:00 GMT+0530 (India Standard Time)","6734.00","6734.00","6730.00","6731.60"
"Fri Nov 29 2024 10:10:00 GMT+0530 (India Standard Time)","6731.60","6741.75","6730.00","6730.50"
"Fri Nov 29 2024 10:15:00 GMT+0530 (India Standard Time)","6730.90","6734.05","6714.45","6718.70"
"Fri Nov 29 2024 10:20:00 GMT+0530 (India Standard Time)","6718.70","6718.75","6705.00","6711.45"
"Fri Nov 29 2024 10:25:00 GMT+0530 (India Standard Time)","6711.45","6725.00","6706.50","6722.95"
"Fri Nov 29 2024 10:30:00 GMT+0530 (India Standard Time)","6722.95","6724.90","6714.95","6719.35"
"Fri Nov 29 2024 10:35:00 GMT+0530 (India Standard Time)","6719.35","6719.75","6715.00","6719.55"
"Fri Nov 29 2024 10:40:00 GMT+0530 (India Standard Time)","6719.55","6719.65","6707.60","6707.60"
"Fri Nov 29 2024 10:45:00 GMT+0530 (India Standard Time)","6707.60","6716.25","6707.25","6711.30"
"Fri Nov 29 2024 10:50:00 GMT+0530 (India Standard Time)","6711.30","6719.90","6711.30","6713.50"
"Fri Nov 29 2024 10:55:00 GMT+0530 (India Standard Time)","6713.15","6718.00","6713.15","6717.00"
"Fri Nov 29 2024 11:00:00 GMT+0530 (India Standard Time)","6717.00","6719.75","6713.00","6715.80"
"Fri Nov 29 2024 11:05:00 GMT+0530 (India Standard Time)","6715.80","6715.80","6711.30","6714.75"
"Fri Nov 29 2024 11:10:00 GMT+0530 (India Standard Time)","6715.15","6720.95","6714.20","6719.05"
"Fri Nov 29 2024 11:15:00 GMT+0530 (India Standard Time)","6719.05","6719.25","6706.00","6710.40"
"Fri Nov 29 2024 11:20:00 GMT+0530 (India Standard Time)","6710.10","6710.20","6706.05","6709.95"
"Fri Nov 29 2024 11:25:00 GMT+0530 (India Standard Time)","6709.95","6710.45","6700.10","6702.90"
"Fri Nov 29 2024 11:30:00 GMT+0530 (India Standard Time)","6702.85","6704.20","6700.00","6701.85"
"Fri Nov 29 2024 11:35:00 GMT+0530 (India Standard Time)","6701.85","6702.30","6686.00","6688.90"
"Fri Nov 29 2024 11:40:00 GMT+0530 (India Standard Time)","6688.90","6698.70","6687.00","6691.80"
"Fri Nov 29 2024 11:45:00 GMT+0530 (India Standard Time)","6691.80","6696.55","6690.00","6692.10"
"Fri Nov 29 2024 11:50:00 GMT+0530 (India Standard Time)","6692.10","6692.15","6680.00","6684.30"
"Fri Nov 29 2024 11:55:00 GMT+0530 (India Standard Time)","6684.30","6684.35","6680.00","6680.00"
"Fri Nov 29 2024 12:00:00 GMT+0530 (India Standard Time)","6682.65","6689.00","6680.00","6685.50"
"Fri Nov 29 2024 12:05:00 GMT+0530 (India Standard Time)","6685.50","6685.95","6681.85","6685.10"
"Fri Nov 29 2024 12:10:00 GMT+0530 (India Standard Time)","6685.10","6685.50","6681.40","6682.50"
"Fri Nov 29 2024 12:15:00 GMT+0530 (India Standard Time)","6682.50","6684.95","6682.00","6683.00"
"Fri Nov 29 2024 12:20:00 GMT+0530 (India Standard Time)","6684.60","6689.30","6683.00","6687.75"
"Fri Nov 29 2024 12:25:00 GMT+0530 (India Standard Time)","6687.85","6690.65","6685.00","6686.00"
"Fri Nov 29 2024 12:30:00 GMT+0530 (India Standard Time)","6686.00","6688.00","6685.00","6685.80"
"Fri Nov 29 2024 12:35:00 GMT+0530 (India Standard Time)","6685.80","6685.80","6675.75","6678.90"
"Fri Nov 29 2024 12:40:00 GMT+0530 (India Standard Time)","6678.90","6679.30","6675.00","6677.10"
"Fri Nov 29 2024 12:45:00 GMT+0530 (India Standard Time)","6677.10","6678.00","6675.00","6678.00"
"Fri Nov 29 2024 12:50:00 GMT+0530 (India Standard Time)","6678.00","6678.00","6671.20","6674.85"
"Fri Nov 29 2024 12:55:00 GMT+0530 (India Standard Time)","6674.85","6675.85","6674.85","6675.85"
"Fri Nov 29 2024 13:00:00 GMT+0530 (India Standard Time)","6675.85","6683.10","6675.50","6676.55"
"Fri Nov 29 2024 13:05:00 GMT+0530 (India Standard Time)","6676.55","6683.25","6675.50","6678.60"
"Fri Nov 29 2024 13:10:00 GMT+0530 (India Standard Time)","6678.60","6684.00","6677.40","6682.25"
"Fri Nov 29 2024 13:15:00 GMT+0530 (India Standard Time)","6682.25","6686.10","6675.00","6678.90"
"Fri Nov 29 2024 13:20:00 GMT+0530 (India Standard Time)","6678.90","6687.95","6676.40","6685.35"
"Fri Nov 29 2024 13:25:00 GMT+0530 (India Standard Time)","6681.30","6697.10","6677.00","6686.90"
"Fri Nov 29 2024 13:30:00 GMT+0530 (India Standard Time)","6686.90","6691.65","6684.90","6687.95"
"Fri Nov 29 2024 13:35:00 GMT+0530 (India Standard Time)","6687.95","6687.95","6685.00","6686.15"
"Fri Nov 29 2024 13:40:00 GMT+0530 (India Standard Time)","6686.15","6686.45","6685.00","6686.45"
"Fri Nov 29 2024 13:45:00 GMT+0530 (India Standard Time)","6686.45","6686.80","6685.00","6686.35"
"Fri Nov 29 2024 13:50:00 GMT+0530 (India Standard Time)","6686.35","6686.80","6685.00","6685.90"
"Fri Nov 29 2024 13:55:00 GMT+0530 (India Standard Time)","6685.90","6686.80","6685.00","6685.20"
"Fri Nov 29 2024 14:00:00 GMT+0530 (India Standard Time)","6686.80","6687.15","6685.00","6687.15"
"Fri Nov 29 2024 14:05:00 GMT+0530 (India Standard Time)","6687.15","6687.20","6684.95","6687.00"
"Fri Nov 29 2024 14:10:00 GMT+0530 (India Standard Time)","6687.00","6689.45","6684.95","6685.60"
"Fri Nov 29 2024 14:15:00 GMT+0530 (India Standard Time)","6685.60","6695.55","6685.00","6695.55"
"Fri Nov 29 2024 14:20:00 GMT+0530 (India Standard Time)","6695.55","6696.20","6687.05","6689.95"
"Fri Nov 29 2024 14:25:00 GMT+0530 (India Standard Time)","6689.95","6690.50","6685.80","6689.60"
"Fri Nov 29 2024 14:30:00 GMT+0530 (India Standard Time)","6687.00","6691.30","6684.95","6685.75"
"Fri Nov 29 2024 14:35:00 GMT+0530 (India Standard Time)","6685.75","6693.35","6685.75","6692.70"
"Fri Nov 29 2024 14:40:00 GMT+0530 (India Standard Time)","6692.70","6694.85","6685.10","6685.80"
"Fri Nov 29 2024 14:45:00 GMT+0530 (India Standard Time)","6685.80","6694.00","6685.15","6688.10"
"Fri Nov 29 2024 14:50:00 GMT+0530 (India Standard Time)","6688.10","6694.70","6687.80","6692.05"
"Fri Nov 29 2024 14:55:00 GMT+0530 (India Standard Time)","6691.95","6693.40","6687.85","6690.00"
"Fri Nov 29 2024 15:00:00 GMT+0530 (India Standard Time)","6690.00","6692.00","6680.55","6680.95"
"Fri Nov 29 2024 15:05:00 GMT+0530 (India Standard Time)","6681.25","6686.70","6671.55","6686.30"
"Fri Nov 29 2024 15:10:00 GMT+0530 (India Standard Time)","6686.30","6686.30","6670.00","6670.00"
"Fri Nov 29 2024 15:15:00 GMT+0530 (India Standard Time)","6670.00","6675.00","6669.95","6670.00"
"Fri Nov 29 2024 15:20:00 GMT+0530 (India Standard Time)","6670.05","6670.10","6655.00","6655.00"
"Fri Nov 29 2024 15:25:00 GMT+0530 (India Standard Time)","6655.00","6660.40","6654.30","6658.00"
"Mon Dec 02 2024 09:15:00 GMT+0530 (India Standard Time)","6670.75","6679.00","6613.00","6647.00"
"Mon Dec 02 2024 09:20:00 GMT+0530 (India Standard Time)","6654.20","6663.35","6638.05","6650.00"
"Mon Dec 02 2024 09:25:00 GMT+0530 (India Standard Time)","6650.00","6655.80","6634.40","6636.15"
"Mon Dec 02 2024 09:30:00 GMT+0530 (India Standard Time)","6635.75","6668.65","6635.75","6668.65"
"Mon Dec 02 2024 09:35:00 GMT+0530 (India Standard Time)","6668.95","6728.60","6666.15","6710.00"
"Mon Dec 02 2024 09:40:00 GMT+0530 (India Standard Time)","6709.00","6713.65","6686.65","6692.75"
"Mon Dec 02 2024 09:45:00 GMT+0530 (India Standard Time)","6694.00","6700.00","6690.00","6696.65"
"Mon Dec 02 2024 09:50:00 GMT+0530 (India Standard Time)","6696.00","6697.30","6682.50","6697.30"
"Mon Dec 02 2024 09:55:00 GMT+0530 (India Standard Time)","6691.15","6710.00","6691.15","6706.40"
"Mon Dec 02 2024 10:00:00 GMT+0530 (India Standard Time)","6710.00","6710.00","6700.05","6702.05"
"Mon Dec 02 2024 10:05:00 GMT+0530 (India Standard Time)","6702.05","6709.15","6692.40","6698.05"
"Mon Dec 02 2024 10:10:00 GMT+0530 (India Standard Time)","6692.75","6698.90","6684.05","6698.75"
"Mon Dec 02 2024 10:15:00 GMT+0530 (India Standard Time)","6695.35","6759.30","6695.35","6759.30"
"Mon Dec 02 2024 10:20:00 GMT+0530 (India Standard Time)","6755.05","6775.00","6730.65","6740.00"
"Mon Dec 02 2024 10:25:00 GMT+0530 (India Standard Time)","6740.00","6744.45","6730.00","6739.80"
"Mon Dec 02 2024 10:30:00 GMT+0530 (India Standard Time)","6744.40","6746.75","6727.10","6731.95"
"Mon Dec 02 2024 10:35:00 GMT+0530 (India Standard Time)","6728.10","6731.80","6722.10","6724.90"
"Mon Dec 02 2024 10:40:00 GMT+0530 (India Standard Time)","6723.65","6735.90","6722.05","6733.95"
"Mon Dec 02 2024 10:45:00 GMT+0530 (India Standard Time)","6733.95","6744.55","6730.10","6739.10"
"Mon Dec 02 2024 10:50:00 GMT+0530 (India Standard Time)","6739.10","6744.70","6730.00","6734.10"
"Mon Dec 02 2024 10:55:00 GMT+0530 (India Standard Time)","6738.75","6738.75","6724.05","6728.00"
"Mon Dec 02 2024 11:00:00 GMT+0530 (India Standard Time)","6733.05","6737.75","6728.45","6734.80"
"Mon Dec 02 2024 11:05:00 GMT+0530 (India Standard Time)","6734.80","6736.50","6732.00","6732.95"
"Mon Dec 02 2024 11:10:00 GMT+0530 (India Standard Time)","6732.95","6738.80","6732.00","6735.00"
"Mon Dec 02 2024 11:15:00 GMT+0530 (India Standard Time)","6735.00","6739.00","6732.00","6733.80"
"Mon Dec 02 2024 11:20:00 GMT+0530 (India Standard Time)","6733.80","6748.95","6732.00","6743.30"
"Mon Dec 02 2024 11:25:00 GMT+0530 (India Standard Time)","6743.30","6743.30","6732.00","6732.10"
"Mon Dec 02 2024 11:30:00 GMT+0530 (India Standard Time)","6732.10","6736.85","6732.00","6735.30"
"Mon Dec 02 2024 11:35:00 GMT+0530 (India Standard Time)","6735.30","6739.95","6732.60","6735.70"
"Mon Dec 02 2024 11:40:00 GMT+0530 (India Standard Time)","6735.70","6741.50","6735.70","6739.75"
"Mon Dec 02 2024 11:45:00 GMT+0530 (India Standard Time)","6739.75","6739.90","6734.10","6735.05"
"Mon Dec 02 2024 11:50:00 GMT+0530 (India Standard Time)","6735.05","6737.50","6728.10","6732.50"
"Mon Dec 02 2024 11:55:00 GMT+0530 (India Standard Time)","6732.50","6733.65","6729.00","6733.55"
"Mon Dec 02 2024 12:00:00 GMT+0530 (India Standard Time)","6733.55","6733.80","6725.00","6728.00"
"Mon Dec 02 2024 12:05:00 GMT+0530 (India Standard Time)","6728.00","6731.50","6725.15","6727.00"
"Mon Dec 02 2024 12:10:00 GMT+0530 (India Standard Time)","6728.35","6734.95","6726.35","6730.00"
"Mon Dec 02 2024 12:15:00 GMT+0530 (India Standard Time)","6732.45","6735.45","6727.70","6731.70"
"Mon Dec 02 2024 12:20:00 GMT+0530 (India Standard Time)","6731.70","6735.00","6730.15","6731.65"
"Mon Dec 02 2024 12:25:00 GMT+0530 (India Standard Time)","6731.65","6734.45","6730.00","6730.60"
"Mon Dec 02 2024 12:30:00 GMT+0530 (India Standard Time)","6733.00","6733.05","6729.60","6729.60"
"Mon Dec 02 2024 12:35:00 GMT+0530 (India Standard Time)","6729.60","6732.20","6728.20","6731.65"
"Mon Dec 02 2024 12:40:00 GMT+0530 (India Standard Time)","6731.85","6731.85","6725.00","6729.60"
"Mon Dec 02 2024 12:45:00 GMT+0530 (India Standard Time)","6731.50","6731.85","6715.75","6720.00"
"Mon Dec 02 2024 12:50:00 GMT+0530 (India Standard Time)","6720.00","6723.55","6716.20","6720.00"
"Mon Dec 02 2024 12:55:00 GMT+0530 (India Standard Time)","6722.10","6722.10","6717.05","6719.90"
"Mon Dec 02 2024 13:00:00 GMT+0530 (India Standard Time)","6716.20","6732.95","6716.10","6724.50"
"Mon Dec 02 2024 13:05:00 GMT+0530 (India Standard Time)","6724.50","6728.95","6718.05","6720.00"
"Mon Dec 02 2024 13:10:00 GMT+0530 (India Standard Time)","6720.00","6723.00","6717.70","6717.75"
"Mon Dec 02 2024 13:15:00 GMT+0530 (India Standard Time)","6717.75","6720.80","6717.30","6720.00"
"Mon Dec 02 2024 13:20:00 GMT+0530 (India Standard Time)","6720.00","6722.00","6718.00","6720.00"
"Mon Dec 02 2024 13:25:00 GMT+0530 (India Standard Time)","6720.00","6722.95","6717.10","6720.00"
"Mon Dec 02 2024 13:30:00 GMT+0530 (India Standard Time)","6720.00","6724.40","6717.05","6721.25"
"Mon Dec 02 2024 13:35:00 GMT+0530 (India Standard Time)","6721.25","6723.95","6717.80","6720.00"
"Mon Dec 02 2024 13:40:00 GMT+0530 (India Standard Time)","6720.00","6720.00","6715.15","6720.00"
"Mon Dec 02 2024 13:45:00 GMT+0530 (India Standard Time)","6719.00","6721.75","6716.40","6716.45"
"Mon Dec 02 2024 13:50:00 GMT+0530 (India Standard Time)","6716.45","6719.00","6712.05","6715.00"
"Mon Dec 02 2024 13:55:00 GMT+0530 (India Standard Time)","6713.75","6720.00","6713.65","6715.00"
"Mon Dec 02 2024 14:00:00 GMT+0530 (India Standard Time)","6715.00","6720.00","6712.30","6715.00"
"Mon Dec 02 2024 14:05:00 GMT+0530 (India Standard Time)","6715.00","6720.00","6712.85","6720.00"
"Mon Dec 02 2024 14:10:00 GMT+0530 (India Standard Time)","6720.00","6729.95","6716.85","6719.00"
"Mon Dec 02 2024 14:15:00 GMT+0530 (India Standard Time)","6718.65","6720.00","6718.00","6720.00"
"Mon Dec 02 2024 14:20:00 GMT+0530 (India Standard Time)","6720.00","6720.00","6718.55","6720.00"
"Mon Dec 02 2024 14:25:00 GMT+0530 (India Standard Time)","6720.00","6723.00","6718.55","6720.00"
"Mon Dec 02 2024 14:30:00 GMT+0530 (India Standard Time)","6720.00","6720.60","6686.55","6686.55"
"Mon Dec 02 2024 14:35:00 GMT+0530 (India Standard Time)","6686.55","6701.45","6686.55","6697.60"
"Mon Dec 02 2024 14:40:00 GMT+0530 (India Standard Time)","6697.60","6722.95","6693.50","6718.00"
"Mon Dec 02 2024 14:45:00 GMT+0530 (India Standard Time)","6718.00","6725.00","6713.85","6725.00"
"Mon Dec 02 2024 14:50:00 GMT+0530 (India Standard Time)","6720.30","6720.30","6716.65","6720.00"
"Mon Dec 02 2024 14:55:00 GMT+0530 (India Standard Time)","6720.00","6720.00","6715.00","6718.00"
"Mon Dec 02 2024 15:00:00 GMT+0530 (India Standard Time)","6718.00","6720.10","6716.05","6720.00"
"Mon Dec 02 2024 15:05:00 GMT+0530 (India Standard Time)","6720.00","6724.75","6719.60","6720.00"
"Mon Dec 02 2024 15:10:00 GMT+0530 (India Standard Time)","6721.05","6721.05","6713.05","6719.00"
"Mon Dec 02 2024 15:15:00 GMT+0530 (India Standard Time)","6719.00","6720.00","6691.05","6704.80"
"Mon Dec 02 2024 15:20:00 GMT+0530 (India Standard Time)","6703.70","6715.40","6702.05","6710.75"
"Mon Dec 02 2024 15:25:00 GMT+0530 (India Standard Time)","6712.00","6712.35","6699.00","6702.00"
"Tue Dec 03 2024 09:15:00 GMT+0530 (India Standard Time)","6750.05","6802.95","6740.00","6800.00"
"Tue Dec 03 2024 09:20:00 GMT+0530 (India Standard Time)","6796.00","6846.65","6795.00","6845.00"
"Tue Dec 03 2024 09:25:00 GMT+0530 (India Standard Time)","6845.00","6849.70","6831.10","6845.00"
"Tue Dec 03 2024 09:30:00 GMT+0530 (India Standard Time)","6845.00","6885.95","6845.00","6882.65"
"Tue Dec 03 2024 09:35:00 GMT+0530 (India Standard Time)","6879.85","6939.50","6876.45","6936.15"
"Tue Dec 03 2024 09:40:00 GMT+0530 (India Standard Time)","6936.15","6953.95","6918.00","6921.15"
"Tue Dec 03 2024 09:45:00 GMT+0530 (India Standard Time)","6925.00","7020.00","6923.00","7008.15"
"Tue Dec 03 2024 09:50:00 GMT+0530 (India Standard Time)","7008.00","7055.00","7001.45","7028.00"
"Tue Dec 03 2024 09:55:00 GMT+0530 (India Standard Time)","7028.00","7080.00","7022.00","7079.00"
"Tue Dec 03 2024 10:00:00 GMT+0530 (India Standard Time)","7079.00","7150.00","7072.45","7123.25"
"Tue Dec 03 2024 10:05:00 GMT+0530 (India Standard Time)","7127.40","7160.00","7110.60","7115.00"
"Tue Dec 03 2024 10:10:00 GMT+0530 (India Standard Time)","7118.80","7133.80","7095.45","7101.00"
"Tue Dec 03 2024 10:15:00 GMT+0530 (India Standard Time)","7101.10","7109.15","7080.50","7093.65"
"Tue Dec 03 2024 10:20:00 GMT+0530 (India Standard Time)","7092.75","7122.95","7092.75","7096.05"
"Tue Dec 03 2024 10:25:00 GMT+0530 (India Standard Time)","7094.55","7137.25","7094.55","7131.75"
"Tue Dec 03 2024 10:30:00 GMT+0530 (India Standard Time)","7126.00","7132.80","7109.00","7110.00"
"Tue Dec 03 2024 10:35:00 GMT+0530 (India Standard Time)","7108.20","7138.90","7108.20","7137.00"
"Tue Dec 03 2024 10:40:00 GMT+0530 (India Standard Time)","7134.60","7152.60","7121.85","7121.95"
"Tue Dec 03 2024 10:45:00 GMT+0530 (India Standard Time)","7120.00","7139.95","7112.00","7131.40"
"Tue Dec 03 2024 10:50:00 GMT+0530 (India Standard Time)","7129.05","7138.95","7114.05","7115.50"
"Tue Dec 03 2024 10:55:00 GMT+0530 (India Standard Time)","7115.15","7130.00","7114.50","7127.10"
"Tue Dec 03 2024 11:00:00 GMT+0530 (India Standard Time)","7127.10","7133.95","7127.00","7127.35"
"Tue Dec 03 2024 11:05:00 GMT+0530 (India Standard Time)","7128.00","7140.00","7121.00","7129.95"
"Tue Dec 03 2024 11:10:00 GMT+0530 (India Standard Time)","7129.95","7129.95","7113.05","7115.00"
"Tue Dec 03 2024 11:15:00 GMT+0530 (India Standard Time)","7115.00","7127.95","7111.00","7125.90"
"Tue Dec 03 2024 11:20:00 GMT+0530 (India Standard Time)","7122.40","7133.10","7122.40","7129.00"
"Tue Dec 03 2024 11:25:00 GMT+0530 (India Standard Time)","7128.90","7139.00","7124.60","7136.95"
"Tue Dec 03 2024 11:30:00 GMT+0530 (India Standard Time)","7136.95","7148.00","7135.00","7139.45"
"Tue Dec 03 2024 11:35:00 GMT+0530 (India Standard Time)","7138.70","7142.85","7133.50","7135.20"
"Tue Dec 03 2024 11:40:00 GMT+0530 (India Standard Time)","7135.20","7178.00","7134.00","7167.00"
"Tue Dec 03 2024 11:45:00 GMT+0530 (India Standard Time)","7167.00","7168.80","7156.30","7157.05"
"Tue Dec 03 2024 11:50:00 GMT+0530 (India Standard Time)","7159.70","7169.95","7152.30","7168.90"
"Tue Dec 03 2024 11:55:00 GMT+0530 (India Standard Time)","7168.90","7172.65","7154.00","7156.30"
"Tue Dec 03 2024 12:00:00 GMT+0530 (India Standard Time)","7156.55","7162.85","7154.05","7161.40"
"Tue Dec 03 2024 12:05:00 GMT+0530 (India Standard Time)","7161.40","7165.00","7155.50","7162.65"
"Tue Dec 03 2024 12:10:00 GMT+0530 (India Standard Time)","7162.65","7163.00","7154.00","7154.00"
"Tue Dec 03 2024 12:15:00 GMT+0530 (India Standard Time)","7155.00","7155.50","7127.10","7130.10"
"Tue Dec 03 2024 12:20:00 GMT+0530 (India Standard Time)","7130.10","7138.90","7126.10","7132.40"
"Tue Dec 03 2024 12:25:00 GMT+0530 (India Standard Time)","7132.40","7133.60","7121.30","7125.30"
"Tue Dec 03 2024 12:30:00 GMT+0530 (India Standard Time)","7125.30","7139.45","7122.00","7132.45"
"Tue Dec 03 2024 12:35:00 GMT+0530 (India Standard Time)","7132.55","7141.65","7130.50","7139.50"
"Tue Dec 03 2024 12:40:00 GMT+0530 (India Standard Time)","7139.50","7139.50","7130.35","7134.05"
"Tue Dec 03 2024 12:45:00 GMT+0530 (India Standard Time)","7134.05","7137.45","7130.05","7133.55"
"Tue Dec 03 2024 12:50:00 GMT+0530 (India Standard Time)","7130.50","7136.50","7126.75","7135.30"
"Tue Dec 03 2024 12:55:00 GMT+0530 (India Standard Time)","7135.30","7139.90","7131.00","7135.00"
"Tue Dec 03 2024 13:00:00 GMT+0530 (India Standard Time)","7135.00","7135.00","7123.00","7123.10"
"Tue Dec 03 2024 13:05:00 GMT+0530 (India Standard Time)","7123.20","7131.85","7120.00","7129.95"
"Tue Dec 03 2024 13:10:00 GMT+0530 (India Standard Time)","7130.95","7135.00","7125.00","7129.00"
"Tue Dec 03 2024 13:15:00 GMT+0530 (India Standard Time)","7128.95","7128.95","7123.00","7127.00"
"Tue Dec 03 2024 13:20:00 GMT+0530 (India Standard Time)","7127.00","7135.00","7125.05","7135.00"
"Tue Dec 03 2024 13:25:00 GMT+0530 (India Standard Time)","7134.75","7137.00","7130.05","7135.00"
"Tue Dec 03 2024 13:30:00 GMT+0530 (India Standard Time)","7133.00","7149.00","7132.00","7142.10"
"Tue Dec 03 2024 13:35:00 GMT+0530 (India Standard Time)","7142.10","7146.75","7138.20","7143.85"
"Tue Dec 03 2024 13:40:00 GMT+0530 (India Standard Time)","7143.85","7143.90","7128.65","7131.95"
"Tue Dec 03 2024 13:45:00 GMT+0530 (India Standard Time)","7131.95","7132.45","7125.15","7128.00"
"Tue Dec 03 2024 13:50:00 GMT+0530 (India Standard Time)","7128.00","7134.05","7128.00","7132.35"
"Tue Dec 03 2024 13:55:00 GMT+0530 (India Standard Time)","7132.35","7135.00","7128.05","7132.00"
"Tue Dec 03 2024 14:00:00 GMT+0530 (India Standard Time)","7133.00","7134.85","7126.05","7131.05"
"Tue Dec 03 2024 14:05:00 GMT+0530 (India Standard Time)","7131.10","7131.45","7112.60","7117.15"
"Tue Dec 03 2024 14:10:00 GMT+0530 (India Standard Time)","7117.10","7117.10","7101.00","7101.10"
"Tue Dec 03 2024 14:15:00 GMT+0530 (India Standard Time)","7102.10","7118.20","7101.00","7117.75"
"Tue Dec 03 2024 14:20:00 GMT+0530 (India Standard Time)","7117.75","7120.00","7113.00","7114.00"
"Tue Dec 03 2024 14:25:00 GMT+0530 (India Standard Time)","7113.00","7115.95","7075.20","7079.50"
"Tue Dec 03 2024 14:30:00 GMT+0530 (India Standard Time)","7079.50","7098.30","7060.70","7089.00"
"Tue Dec 03 2024 14:35:00 GMT+0530 (India Standard Time)","7089.00","7089.55","7076.95","7083.00"
"Tue Dec 03 2024 14:40:00 GMT+0530 (India Standard Time)","7080.40","7097.00","7080.40","7092.00"
"Tue Dec 03 2024 14:45:00 GMT+0530 (India Standard Time)","7092.00","7108.00","7087.25","7103.35"
"Tue Dec 03 2024 14:50:00 GMT+0530 (India Standard Time)","7103.30","7103.30","7086.45","7093.00"
"Tue Dec 03 2024 14:55:00 GMT+0530 (India Standard Time)","7093.00","7103.00","7090.00","7098.35"
"Tue Dec 03 2024 15:00:00 GMT+0530 (India Standard Time)","7098.55","7098.75","7091.25","7095.60"
"Tue Dec 03 2024 15:05:00 GMT+0530 (India Standard Time)","7095.60","7096.50","7086.15","7095.00"
"Tue Dec 03 2024 15:10:00 GMT+0530 (India Standard Time)","7094.40","7103.75","7088.20","7096.75"
"Tue Dec 03 2024 15:15:00 GMT+0530 (India Standard Time)","7096.90","7114.65","7092.00","7099.60"
"Tue Dec 03 2024 15:20:00 GMT+0530 (India Standard Time)","7101.25","7105.25","7094.45","7100.00"
"Tue Dec 03 2024 15:25:00 GMT+0530 (India Standard Time)","7097.40","7097.40","7081.00","7090.00"
"Wed Dec 04 2024 09:15:00 GMT+0530 (India Standard Time)","7124.25","7138.70","7060.40","7079.65"
"Wed Dec 04 2024 09:20:00 GMT+0530 (India Standard Time)","7080.00","7083.00","7066.10","7080.15"
"Wed Dec 04 2024 09:25:00 GMT+0530 (India Standard Time)","7080.15","7115.90","7076.40","7099.00"
"Wed Dec 04 2024 09:30:00 GMT+0530 (India Standard Time)","7098.00","7112.80","7091.00","7106.45"
"Wed Dec 04 2024 09:35:00 GMT+0530 (India Standard Time)","7107.50","7136.90","7106.05","7130.00"
"Wed Dec 04 2024 09:40:00 GMT+0530 (India Standard Time)","7132.95","7132.95","7112.00","7115.05"
"Wed Dec 04 2024 09:45:00 GMT+0530 (India Standard Time)","7115.90","7120.40","7102.05","7107.45"
"Wed Dec 04 2024 09:50:00 GMT+0530 (India Standard Time)","7104.05","7128.00","7104.05","7120.65"
"Wed Dec 04 2024 09:55:00 GMT+0530 (India Standard Time)","7124.00","7127.35","7117.25","7126.00"
"Wed Dec 04 2024 10:00:00 GMT+0530 (India Standard Time)","7126.00","7126.50","7117.05","7119.00"
"Wed Dec 04 2024 10:05:00 GMT+0530 (India Standard Time)","7119.10","7127.00","7112.05","7112.05"
"Wed Dec 04 2024 10:10:00 GMT+0530 (India Standard Time)","7112.05","7127.00","7106.00","7124.10"
"Wed Dec 04 2024 10:15:00 GMT+0530 (India Standard Time)","7125.00","7125.00","7117.95","7120.00"
"Wed Dec 04 2024 10:20:00 GMT+0530 (India Standard Time)","7123.00","7123.00","7101.65","7109.95"
"Wed Dec 04 2024 10:25:00 GMT+0530 (India Standard Time)","7109.95","7117.35","7106.00","7117.35"
"Wed Dec 04 2024 10:30:00 GMT+0530 (India Standard Time)","7117.60","7120.00","7113.00","7117.00"
"Wed Dec 04 2024 10:35:00 GMT+0530 (India Standard Time)","7116.95","7119.15","7109.55","7114.45"
"Wed Dec 04 2024 10:40:00 GMT+0530 (India Standard Time)","7114.45","7118.00","7108.30","7117.25"
"Wed Dec 04 2024 10:45:00 GMT+0530 (India Standard Time)","7117.25","7132.00","7115.90","7116.00"
"Wed Dec 04 2024 10:50:00 GMT+0530 (India Standard Time)","7116.00","7119.80","7108.30","7109.05"
"Wed Dec 04 2024 10:55:00 GMT+0530 (India Standard Time)","7109.05","7115.05","7108.00","7114.00"
"Wed Dec 04 2024 11:00:00 GMT+0530 (India Standard Time)","7114.00","7114.00","7107.60","7111.00"
"Wed Dec 04 2024 11:05:00 GMT+0530 (India Standard Time)","7111.00","7119.95","7108.20","7116.35"
"Wed Dec 04 2024 11:10:00 GMT+0530 (India Standard Time)","7116.35","7118.60","7107.00","7112.85"
"Wed Dec 04 2024 11:15:00 GMT+0530 (India Standard Time)","7112.85","7112.90","7092.10","7092.75"
"Wed Dec 04 2024 11:20:00 GMT+0530 (India Standard Time)","7092.75","7099.65","7081.90","7084.20"
"Wed Dec 04 2024 11:25:00 GMT+0530 (India Standard Time)","7084.20","7101.85","7071.65","7100.30"
"Wed Dec 04 2024 11:30:00 GMT+0530 (India Standard Time)","7100.30","7118.05","7100.30","7108.50"
"Wed Dec 04 2024 11:35:00 GMT+0530 (India Standard Time)","7108.50","7117.95","7105.25","7112.50"
"Wed Dec 04 2024 11:40:00 GMT+0530 (India Standard Time)","7111.15","7115.65","7106.35","7108.30"
"Wed Dec 04 2024 11:45:00 GMT+0530 (India Standard Time)","7108.30","7137.00","7108.25","7132.95"
"Wed Dec 04 2024 11:50:00 GMT+0530 (India Standard Time)","7133.00","7133.00","7124.00","7130.60"
"Wed Dec 04 2024 11:55:00 GMT+0530 (India Standard Time)","7130.60","7145.00","7118.75","7143.00"
"Wed Dec 04 2024 12:00:00 GMT+0530 (India Standard Time)","7143.00","7143.00","7121.00","7121.95"
"Wed Dec 04 2024 12:05:00 GMT+0530 (India Standard Time)","7121.95","7139.30","7121.15","7138.10"
"Wed Dec 04 2024 12:10:00 GMT+0530 (India Standard Time)","7138.30","7199.00","7137.90","7187.60"
"Wed Dec 04 2024 12:15:00 GMT+0530 (India Standard Time)","7187.60","7198.95","7148.70","7153.65"
"Wed Dec 04 2024 12:20:00 GMT+0530 (India Standard Time)","7153.65","7159.65","7130.00","7130.00"
"Wed Dec 04 2024 12:25:00 GMT+0530 (India Standard Time)","7130.00","7144.80","7121.50","7136.60"
"Wed Dec 04 2024 12:30:00 GMT+0530 (India Standard Time)","7136.60","7139.70","7120.00","7126.50"
"Wed Dec 04 2024 12:35:00 GMT+0530 (India Standard Time)","7126.50","7137.15","7122.10","7127.25"
"Wed Dec 04 2024 12:40:00 GMT+0530 (India Standard Time)","7127.25","7133.30","7125.05","7126.00"
"Wed Dec 04 2024 12:45:00 GMT+0530 (India Standard Time)","7126.00","7133.25","7126.00","7132.00"
"Wed Dec 04 2024 12:50:00 GMT+0530 (India Standard Time)","7132.00","7139.35","7130.00","7137.45"
"Wed Dec 04 2024 12:55:00 GMT+0530 (India Standard Time)","7137.45","7139.65","7126.20","7132.50"
"Wed Dec 04 2024 13:00:00 GMT+0530 (India Standard Time)","7132.50","7137.05","7131.00","7132.45"
"Wed Dec 04 2024 13:05:00 GMT+0530 (India Standard Time)","7132.45","7135.00","7131.50","7135.00"
"Wed Dec 04 2024 13:10:00 GMT+0530 (India Standard Time)","7135.00","7139.25","7131.40","7137.95"
"Wed Dec 04 2024 13:15:00 GMT+0530 (India Standard Time)","7137.95","7144.90","7135.00","7140.00"
"Wed Dec 04 2024 13:20:00 GMT+0530 (India Standard Time)","7140.00","7141.90","7128.20","7133.80"
"Wed Dec 04 2024 13:25:00 GMT+0530 (India Standard Time)","7134.45","7139.05","7128.40","7135.00"
"Wed Dec 04 2024 13:30:00 GMT+0530 (India Standard Time)","7135.15","7138.05","7135.00","7135.25"
"Wed Dec 04 2024 13:35:00 GMT+0530 (India Standard Time)","7135.25","7138.00","7133.10","7138.00"
"Wed Dec 04 2024 13:40:00 GMT+0530 (India Standard Time)","7137.85","7138.00","7127.90","7134.90"
"Wed Dec 04 2024 13:45:00 GMT+0530 (India Standard Time)","7132.55","7137.85","7132.40","7137.20"
"Wed Dec 04 2024 13:50:00 GMT+0530 (India Standard Time)","7137.20","7137.75","7134.05","7134.40"
"Wed Dec 04 2024 13:55:00 GMT+0530 (India Standard Time)","7134.40","7137.75","7131.85","7131.85"
"Wed Dec 04 2024 14:00:00 GMT+0530 (India Standard Time)","7131.85","7137.65","7131.00","7137.60"
"Wed Dec 04 2024 14:05:00 GMT+0530 (India Standard Time)","7137.60","7137.75","7133.00","7133.00"
"Wed Dec 04 2024 14:10:00 GMT+0530 (India Standard Time)","7137.70","7137.70","7124.95","7126.65"
"Wed Dec 04 2024 14:15:00 GMT+0530 (India Standard Time)","7126.65","7133.65","7124.20","7124.20"
"Wed Dec 04 2024 14:20:00 GMT+0530 (India Standard Time)","7124.20","7131.90","7115.00","7124.05"
"Wed Dec 04 2024 14:25:00 GMT+0530 (India Standard Time)","7124.05","7127.70","7116.00","7120.00"
"Wed Dec 04 2024 14:30:00 GMT+0530 (India Standard Time)","7120.00","7125.95","7120.00","7124.00"
"Wed Dec 04 2024 14:35:00 GMT+0530 (India Standard Time)","7123.05","7132.20","7123.00","7127.75"
"Wed Dec 04 2024 14:40:00 GMT+0530 (India Standard Time)","7127.75","7141.00","7127.75","7136.90"
"Wed Dec 04 2024 14:45:00 GMT+0530 (India Standard Time)","7139.00","7155.35","7135.20","7149.00"
"Wed Dec 04 2024 14:50:00 GMT+0530 (India Standard Time)","7149.00","7149.90","7132.50","7133.75"
"Wed Dec 04 2024 14:55:00 GMT+0530 (India Standard Time)","7133.75","7138.00","7132.00","7135.00"
"Wed Dec 04 2024 15:00:00 GMT+0530 (India Standard Time)","7135.95","7142.10","7131.00","7133.00"
"Wed Dec 04 2024 15:05:00 GMT+0530 (India Standard Time)","7133.55","7138.55","7128.05","7130.00"
"Wed Dec 04 2024 15:10:00 GMT+0530 (India Standard Time)","7130.55","7133.95","7127.05","7133.90"
"Wed Dec 04 2024 15:15:00 GMT+0530 (India Standard Time)","7131.40","7145.00","7131.40","7140.05"
"Wed Dec 04 2024 15:20:00 GMT+0530 (India Standard Time)","7142.85","7158.70","7135.85","7153.80"
"Wed Dec 04 2024 15:25:00 GMT+0530 (India Standard Time)","7153.80","7153.85","7134.55","7144.00"
"Thu Dec 05 2024 09:15:00 GMT+0530 (India Standard Time)","7200.00","7221.15","7151.00","7201.65"
"Thu Dec 05 2024 09:20:00 GMT+0530 (India Standard Time)","7202.00","7283.80","7201.65","7250.70"
"Thu Dec 05 2024 09:25:00 GMT+0530 (India Standard Time)","7250.70","7357.95","7248.15","7342.75"
"Thu Dec 05 2024 09:30:00 GMT+0530 (India Standard Time)","7340.00","7349.95","7319.80","7329.00"
"Thu Dec 05 2024 09:35:00 GMT+0530 (India Standard Time)","7329.00","7343.00","7300.00","7321.00"
"Thu Dec 05 2024 09:40:00 GMT+0530 (India Standard Time)","7325.00","7325.00","7285.75","7310.00"
"Thu Dec 05 2024 09:45:00 GMT+0530 (India Standard Time)","7310.00","7314.30","7291.00","7292.70"
"Thu Dec 05 2024 09:50:00 GMT+0530 (India Standard Time)","7292.70","7324.50","7288.65","7303.75"
"Thu Dec 05 2024 09:55:00 GMT+0530 (India Standard Time)","7303.75","7314.60","7302.45","7313.50"
"Thu Dec 05 2024 10:00:00 GMT+0530 (India Standard Time)","7313.50","7333.05","7313.00","7316.65"
"Thu Dec 05 2024 10:05:00 GMT+0530 (India Standard Time)","7316.65","7318.85","7295.00","7295.00"
"Thu Dec 05 2024 10:10:00 GMT+0530 (India Standard Time)","7293.35","7319.75","7287.65","7316.10"
"Thu Dec 05 2024 10:15:00 GMT+0530 (India Standard Time)","7316.10","7326.40","7316.10","7317.80"
"Thu Dec 05 2024 10:20:00 GMT+0530 (India Standard Time)","7317.80","7343.95","7314.10","7330.00"
"Thu Dec 05 2024 10:25:00 GMT+0530 (India Standard Time)","7330.00","7330.00","7310.15","7314.95"
"Thu Dec 05 2024 10:30:00 GMT+0530 (India Standard Time)","7312.05","7314.95","7302.10","7308.75"
"Thu Dec 05 2024 10:35:00 GMT+0530 (India Standard Time)","7306.30","7311.00","7292.15","7295.95"
"Thu Dec 05 2024 10:40:00 GMT+0530 (India Standard Time)","7295.95","7318.05","7295.95","7314.10"
"Thu Dec 05 2024 10:45:00 GMT+0530 (India Standard Time)","7311.95","7317.90","7302.00","7303.45"
"Thu Dec 05 2024 10:50:00 GMT+0530 (India Standard Time)","7303.45","7315.00","7296.50","7313.00"
"Thu Dec 05 2024 10:55:00 GMT+0530 (India Standard Time)","7313.00","7313.00","7291.00","7301.60"
"Thu Dec 05 2024 11:00:00 GMT+0530 (India Standard Time)","7301.60","7318.00","7298.00","7314.80"
"Thu Dec 05 2024 11:05:00 GMT+0530 (India Standard Time)","7314.80","7318.45","7311.55","7315.00"
"Thu Dec 05 2024 11:10:00 GMT+0530 (India Standard Time)","7315.00","7327.00","7310.35","7326.00"
"Thu Dec 05 2024 11:15:00 GMT+0530 (India Standard Time)","7326.00","7342.35","7320.35","7340.00"
"Thu Dec 05 2024 11:20:00 GMT+0530 (India Standard Time)","7340.00","7340.00","7322.85","7322.85"
"Thu Dec 05 2024 11:25:00 GMT+0530 (India Standard Time)","7322.85","7333.00","7320.00","7324.65"
"Thu Dec 05 2024 11:30:00 GMT+0530 (India Standard Time)","7326.00","7327.60","7317.05","7321.00"
"Thu Dec 05 2024 11:35:00 GMT+0530 (India Standard Time)","7321.00","7323.70","7313.05","7323.70"
"Thu Dec 05 2024 11:40:00 GMT+0530 (India Standard Time)","7323.70","7335.00","7315.35","7334.00"
"Thu Dec 05 2024 11:45:00 GMT+0530 (India Standard Time)","7331.60","7339.60","7330.00","7335.15"
"Thu Dec 05 2024 11:50:00 GMT+0530 (India Standard Time)","7337.85","7337.85","7320.60","7330.15"
"Thu Dec 05 2024 11:55:00 GMT+0530 (India Standard Time)","7330.15","7330.15","7313.00","7320.00"
"Thu Dec 05 2024 12:00:00 GMT+0530 (India Standard Time)","7321.00","7330.00","7317.05","7327.00"
"Thu Dec 05 2024 12:05:00 GMT+0530 (India Standard Time)","7327.00","7334.90","7321.00","7324.00"
"Thu Dec 05 2024 12:10:00 GMT+0530 (India Standard Time)","7324.00","7327.20","7314.05","7319.85"
"Thu Dec 05 2024 12:15:00 GMT+0530 (India Standard Time)","7317.50","7327.90","7317.50","7324.00"
"Thu Dec 05 2024 12:20:00 GMT+0530 (India Standard Time)","7326.55","7326.55","7309.60","7314.00"
"Thu Dec 05 2024 12:25:00 GMT+0530 (India Standard Time)","7312.00","7319.00","7311.65","7318.00"
"Thu Dec 05 2024 12:30:00 GMT+0530 (India Standard Time)","7316.10","7318.05","7309.00","7316.05"
"Thu Dec 05 2024 12:35:00 GMT+0530 (India Standard Time)","7316.05","7316.05","7310.05","7313.05"
"Thu Dec 05 2024 12:40:00 GMT+0530 (India Standard Time)","7315.00","7324.10","7313.05","7320.60"
"Thu Dec 05 2024 12:45:00 GMT+0530 (India Standard Time)","7320.40","7324.20","7313.90","7319.00"
"Thu Dec 05 2024 12:50:00 GMT+0530 (India Standard Time)","7319.00","7319.00","7313.00","7315.35"
"Thu Dec 05 2024 12:55:00 GMT+0530 (India Standard Time)","7315.35","7320.00","7313.00","7319.95"
"Thu Dec 05 2024 13:00:00 GMT+0530 (India Standard Time)","7320.00","7320.00","7315.40","7318.00"
"Thu Dec 05 2024 13:05:00 GMT+0530 (India Standard Time)","7320.00","7323.90","7316.60","7322.95"
"Thu Dec 05 2024 13:10:00 GMT+0530 (India Standard Time)","7320.40","7333.35","7320.40","7333.35"
"Thu Dec 05 2024 13:15:00 GMT+0530 (India Standard Time)","7333.35","7333.35","7325.00","7325.00"
"Thu Dec 05 2024 13:20:00 GMT+0530 (India Standard Time)","7322.10","7325.20","7316.00","7324.35"
"Thu Dec 05 2024 13:25:00 GMT+0530 (India Standard Time)","7324.35","7327.30","7321.00","7322.05"
"Thu Dec 05 2024 13:30:00 GMT+0530 (India Standard Time)","7324.90","7327.45","7321.80","7325.15"
"Thu Dec 05 2024 13:35:00 GMT+0530 (India Standard Time)","7325.15","7330.00","7325.15","7328.95"
"Thu Dec 05 2024 13:40:00 GMT+0530 (India Standard Time)","7328.95","7330.00","7326.05","7327.40"
"Thu Dec 05 2024 13:45:00 GMT+0530 (India Standard Time)","7329.95","7340.00","7327.00","7336.90"
"Thu Dec 05 2024 13:50:00 GMT+0530 (India Standard Time)","7336.90","7395.00","7333.55","7386.40"
"Thu Dec 05 2024 13:55:00 GMT+0530 (India Standard Time)","7386.40","7405.00","7372.35","7393.00"
"Thu Dec 05 2024 14:00:00 GMT+0530 (India Standard Time)","7395.00","7448.40","7390.00","7440.75"
"Thu Dec 05 2024 14:05:00 GMT+0530 (India Standard Time)","7442.90","7454.95","7431.05","7450.10"
"Thu Dec 05 2024 14:10:00 GMT+0530 (India Standard Time)","7451.95","7474.00","7440.20","7445.00"
"Thu Dec 05 2024 14:15:00 GMT+0530 (India Standard Time)","7445.00","7449.00","7432.30","7445.00"
"Thu Dec 05 2024 14:20:00 GMT+0530 (India Standard Time)","7445.00","7445.00","7395.10","7395.10"
"Thu Dec 05 2024 14:25:00 GMT+0530 (India Standard Time)","7395.95","7437.50","7395.95","7423.50"
"Thu Dec 05 2024 14:30:00 GMT+0530 (India Standard Time)","7423.50","7426.00","7411.95","7418.15"
"Thu Dec 05 2024 14:35:00 GMT+0530 (India Standard Time)","7418.15","7423.20","7380.05","7380.05"
"Thu Dec 05 2024 14:40:00 GMT+0530 (India Standard Time)","7380.05","7396.00","7380.05","7394.65"
"Thu Dec 05 2024 14:45:00 GMT+0530 (India Standard Time)","7394.65","7394.65","7349.50","7352.80"
"Thu Dec 05 2024 14:50:00 GMT+0530 (India Standard Time)","7352.80","7366.95","7350.00","7360.00"
"Thu Dec 05 2024 14:55:00 GMT+0530 (India Standard Time)","7360.00","7360.00","7325.00","7345.00"
"Thu Dec 05 2024 15:00:00 GMT+0530 (India Standard Time)","7349.30","7375.95","7346.85","7375.00"
"Thu Dec 05 2024 15:05:00 GMT+0530 (India Standard Time)","7375.00","7383.10","7356.35","7359.00"
"Thu Dec 05 2024 15:10:00 GMT+0530 (India Standard Time)","7360.00","7385.90","7360.00","7379.15"
"Thu Dec 05 2024 15:15:00 GMT+0530 (India Standard Time)","7379.15","7385.00","7360.00","7366.20"
"Thu Dec 05 2024 15:20:00 GMT+0530 (India Standard Time)","7366.20","7374.40","7359.10","7368.05"
"Thu Dec 05 2024 15:25:00 GMT+0530 (India Standard Time)","7368.75","7369.00","7354.00","7360.00"
"Fri Dec 06 2024 09:15:00 GMT+0530 (India Standard Time)","7385.55","7394.00","7332.30","7343.65"
"Fri Dec 06 2024 09:20:00 GMT+0530 (India Standard Time)","7343.65","7355.65","7327.10","7345.35"
"Fri Dec 06 2024 09:25:00 GMT+0530 (India Standard Time)","7343.35","7344.50","7324.45","7335.00"
"Fri Dec 06 2024 09:30:00 GMT+0530 (India Standard Time)","7334.75","7364.00","7329.50","7349.45"
"Fri Dec 06 2024 09:35:00 GMT+0530 (India Standard Time)","7349.45","7372.00","7335.00","7372.00"
"Fri Dec 06 2024 09:40:00 GMT+0530 (India Standard Time)","7372.00","7374.00","7357.85","7368.90"
"Fri Dec 06 2024 09:45:00 GMT+0530 (India Standard Time)","7368.90","7369.20","7343.35","7349.00"
"Fri Dec 06 2024 09:50:00 GMT+0530 (India Standard Time)","7349.00","7371.00","7342.55","7369.55"
"Fri Dec 06 2024 09:55:00 GMT+0530 (India Standard Time)","7369.55","7370.70","7347.85","7348.00"
"Fri Dec 06 2024 10:00:00 GMT+0530 (India Standard Time)","7348.00","7359.70","7342.00","7352.20"
"Fri Dec 06 2024 10:05:00 GMT+0530 (India Standard Time)","7352.05","7355.90","7326.65","7344.90"
"Fri Dec 06 2024 10:10:00 GMT+0530 (India Standard Time)","7344.90","7364.95","7344.90","7351.40"
"Fri Dec 06 2024 10:15:00 GMT+0530 (India Standard Time)","7355.00","7360.00","7341.00","7357.55"
"Fri Dec 06 2024 10:20:00 GMT+0530 (India Standard Time)","7357.55","7414.75","7352.60","7408.30"
"Fri Dec 06 2024 10:25:00 GMT+0530 (India Standard Time)","7408.30","7408.30","7376.05","7380.20"
"Fri Dec 06 2024 10:30:00 GMT+0530 (India Standard Time)","7380.20","7382.75","7369.10","7371.25"
"Fri Dec 06 2024 10:35:00 GMT+0530 (India Standard Time)","7375.60","7382.45","7365.80","7378.95"
"Fri Dec 06 2024 10:40:00 GMT+0530 (India Standard Time)","7378.90","7406.65","7375.00","7398.25"
"Fri Dec 06 2024 10:45:00 GMT+0530 (India Standard Time)","7398.25","7398.25","7381.10","7389.00"
"Fri Dec 06 2024 10:50:00 GMT+0530 (India Standard Time)","7389.00","7391.05","7376.80","7377.00"
"Fri Dec 06 2024 10:55:00 GMT+0530 (India Standard Time)","7377.00","7408.95","7371.00","7404.45"
"Fri Dec 06 2024 11:00:00 GMT+0530 (India Standard Time)","7398.50","7405.00","7397.00","7398.90"
"Fri Dec 06 2024 11:05:00 GMT+0530 (India Standard Time)","7398.90","7404.25","7389.35","7403.90"
"Fri Dec 06 2024 11:10:00 GMT+0530 (India Standard Time)","7403.90","7403.90","7379.00","7382.95"
"Fri Dec 06 2024 11:15:00 GMT+0530 (India Standard Time)","7378.20","7384.00","7365.95","7370.55"
"Fri Dec 06 2024 11:20:00 GMT+0530 (India Standard Time)","7366.50","7375.25","7366.00","7374.00"
"Fri Dec 06 2024 11:25:00 GMT+0530 (India Standard Time)","7374.00","7378.40","7366.00","7374.50"
"Fri Dec 06 2024 11:30:00 GMT+0530 (India Standard Time)","7374.50","7386.90","7374.50","7385.00"
"Fri Dec 06 2024 11:35:00 GMT+0530 (India Standard Time)","7385.00","7387.30","7378.15","7383.25"
"Fri Dec 06 2024 11:40:00 GMT+0530 (India Standard Time)","7383.25","7383.25","7376.30","7380.00"
"Fri Dec 06 2024 11:45:00 GMT+0530 (India Standard Time)","7380.00","7398.95","7379.95","7393.15"
"Fri Dec 06 2024 11:50:00 GMT+0530 (India Standard Time)","7393.15","7405.00","7393.15","7394.90"
"Fri Dec 06 2024 11:55:00 GMT+0530 (India Standard Time)","7394.90","7404.25","7393.15","7401.60"
"Fri Dec 06 2024 12:00:00 GMT+0530 (India Standard Time)","7401.95","7403.00","7400.00","7402.00"
"Fri Dec 06 2024 12:05:00 GMT+0530 (India Standard Time)","7403.00","7418.75","7395.50","7407.50"
"Fri Dec 06 2024 12:10:00 GMT+0530 (India Standard Time)","7407.50","7411.05","7400.00","7402.35"
"Fri Dec 06 2024 12:15:00 GMT+0530 (India Standard Time)","7402.35","7408.00","7396.35","7406.90"
"Fri Dec 06 2024 12:20:00 GMT+0530 (India Standard Time)","7405.00","7428.70","7404.00","7417.90"
"Fri Dec 06 2024 12:25:00 GMT+0530 (India Standard Time)","7417.90","7429.00","7415.50","7416.00"
"Fri Dec 06 2024 12:30:00 GMT+0530 (India Standard Time)","7416.00","7420.00","7393.10","7393.10"
"Fri Dec 06 2024 12:35:00 GMT+0530 (India Standard Time)","7393.10","7398.90","7392.25","7395.00"
"Fri Dec 06 2024 12:40:00 GMT+0530 (India Standard Time)","7395.00","7399.00","7393.40","7394.25"
"Fri Dec 06 2024 12:45:00 GMT+0530 (India Standard Time)","7394.25","7397.95","7392.10","7395.85"
"Fri Dec 06 2024 12:50:00 GMT+0530 (India Standard Time)","7395.85","7412.95","7393.55","7403.15"
"Fri Dec 06 2024 12:55:00 GMT+0530 (India Standard Time)","7403.15","7411.25","7400.15","7400.50"
"Fri Dec 06 2024 13:00:00 GMT+0530 (India Standard Time)","7400.00","7405.95","7395.90","7400.60"
"Fri Dec 06 2024 13:05:00 GMT+0530 (India Standard Time)","7400.60","7409.50","7397.40","7406.05"
"Fri Dec 06 2024 13:10:00 GMT+0530 (India Standard Time)","7406.05","7410.20","7403.55","7404.90"
"Fri Dec 06 2024 13:15:00 GMT+0530 (India Standard Time)","7404.90","7406.60","7394.15","7400.30"
"Fri Dec 06 2024 13:20:00 GMT+0530 (India Standard Time)","7400.30","7403.50","7392.65","7397.05"
"Fri Dec 06 2024 13:25:00 GMT+0530 (India Standard Time)","7397.80","7397.80","7393.20","7394.00"
"Fri Dec 06 2024 13:30:00 GMT+0530 (India Standard Time)","7394.00","7400.85","7394.00","7398.25"
"Fri Dec 06 2024 13:35:00 GMT+0530 (India Standard Time)","7398.25","7399.90","7384.00","7387.65"
"Fri Dec 06 2024 13:40:00 GMT+0530 (India Standard Time)","7388.35","7396.65","7383.95","7391.10"
"Fri Dec 06 2024 13:45:00 GMT+0530 (India Standard Time)","7391.10","7398.25","7391.10","7393.90"
"Fri Dec 06 2024 13:50:00 GMT+0530 (India Standard Time)","7393.85","7399.15","7385.05","7385.75"
"Fri Dec 06 2024 13:55:00 GMT+0530 (India Standard Time)","7385.75","7393.00","7385.75","7388.90"
"Fri Dec 06 2024 14:00:00 GMT+0530 (India Standard Time)","7388.90","7398.35","7387.80","7398.35"
"Fri Dec 06 2024 14:05:00 GMT+0530 (India Standard Time)","7398.35","7398.75","7394.00","7397.05"
"Fri Dec 06 2024 14:10:00 GMT+0530 (India Standard Time)","7397.00","7399.70","7387.10","7390.20"
"Fri Dec 06 2024 14:15:00 GMT+0530 (India Standard Time)","7390.20","7394.05","7388.65","7390.80"
"Fri Dec 06 2024 14:20:00 GMT+0530 (India Standard Time)","7390.75","7393.55","7385.00","7392.00"
"Fri Dec 06 2024 14:25:00 GMT+0530 (India Standard Time)","7392.00","7393.05","7387.00","7387.40"
"Fri Dec 06 2024 14:30:00 GMT+0530 (India Standard Time)","7387.35","7398.00","7387.00","7389.70"
"Fri Dec 06 2024 14:35:00 GMT+0530 (India Standard Time)","7389.25","7398.00","7388.20","7396.15"
"Fri Dec 06 2024 14:40:00 GMT+0530 (India Standard Time)","7396.15","7409.95","7396.15","7404.85"
"Fri Dec 06 2024 14:45:00 GMT+0530 (India Standard Time)","7404.85","7404.85","7395.35","7399.70"
"Fri Dec 06 2024 14:50:00 GMT+0530 (India Standard Time)","7399.70","7399.75","7392.60","7395.10"
"Fri Dec 06 2024 14:55:00 GMT+0530 (India Standard Time)","7395.10","7405.15","7394.65","7400.00"
"Fri Dec 06 2024 15:00:00 GMT+0530 (India Standard Time)","7400.00","7405.95","7395.45","7398.30"
"Fri Dec 06 2024 15:05:00 GMT+0530 (India Standard Time)","7398.30","7405.00","7395.00","7403.05"
"Fri Dec 06 2024 15:10:00 GMT+0530 (India Standard Time)","7403.10","7405.00","7398.20","7400.00"
"Fri Dec 06 2024 15:15:00 GMT+0530 (India Standard Time)","7399.80","7400.00","7388.60","7392.20"
"Fri Dec 06 2024 15:20:00 GMT+0530 (India Standard Time)","7392.45","7399.65","7390.45","7395.00"
"Fri Dec 06 2024 15:25:00 GMT+0530 (India Standard Time)","7392.55","7399.00","7386.30","7398.00"
"Mon Dec 09 2024 09:15:00 GMT+0530 (India Standard Time)","7400.00","7460.00","7368.35","7445.30"
"Mon Dec 09 2024 09:20:00 GMT+0530 (India Standard Time)","7445.95","7449.50","7416.50","7423.05"
"Mon Dec 09 2024 09:25:00 GMT+0530 (India Standard Time)","7423.00","7434.90","7385.05","7397.35"
"Mon Dec 09 2024 09:30:00 GMT+0530 (India Standard Time)","7394.95","7412.40","7379.00","7391.50"
"Mon Dec 09 2024 09:35:00 GMT+0530 (India Standard Time)","7391.10","7395.20","7376.25","7383.55"
"Mon Dec 09 2024 09:40:00 GMT+0530 (India Standard Time)","7383.55","7385.95","7350.00","7360.55"
"Mon Dec 09 2024 09:45:00 GMT+0530 (India Standard Time)","7360.55","7380.30","7356.35","7370.35"
"Mon Dec 09 2024 09:50:00 GMT+0530 (India Standard Time)","7370.35","7375.65","7360.95","7361.60"
"Mon Dec 09 2024 09:55:00 GMT+0530 (India Standard Time)","7361.60","7376.40","7356.80","7369.80"
"Mon Dec 09 2024 10:00:00 GMT+0530 (India Standard Time)","7369.80","7374.45","7361.70","7367.35"
"Mon Dec 09 2024 10:05:00 GMT+0530 (India Standard Time)","7367.35","7367.35","7350.45","7351.45"
"Mon Dec 09 2024 10:10:00 GMT+0530 (India Standard Time)","7355.00","7355.70","7345.85","7350.00"
"Mon Dec 09 2024 10:15:00 GMT+0530 (India Standard Time)","7350.00","7358.65","7330.75","7353.40"
"Mon Dec 09 2024 10:20:00 GMT+0530 (India Standard Time)","7353.40","7363.75","7350.00","7355.05"
"Mon Dec 09 2024 10:25:00 GMT+0530 (India Standard Time)","7355.05","7356.85","7341.45","7356.00"
"Mon Dec 09 2024 10:30:00 GMT+0530 (India Standard Time)","7356.00","7360.10","7348.00","7350.25"
"Mon Dec 09 2024 10:35:00 GMT+0530 (India Standard Time)","7350.25","7355.00","7348.00","7352.00"
"Mon Dec 09 2024 10:40:00 GMT+0530 (India Standard Time)","7352.00","7367.85","7350.75","7366.25"
"Mon Dec 09 2024 10:45:00 GMT+0530 (India Standard Time)","7366.25","7381.20","7361.05","7373.00"
"Mon Dec 09 2024 10:50:00 GMT+0530 (India Standard Time)","7373.00","7396.35","7370.25","7376.75"
"Mon Dec 09 2024 10:55:00 GMT+0530 (India Standard Time)","7377.00","7385.05","7367.40","7375.20"
"Mon Dec 09 2024 11:00:00 GMT+0530 (India Standard Time)","7375.20","7382.65","7372.50","7375.50"
"Mon Dec 09 2024 11:05:00 GMT+0530 (India Standard Time)","7375.50","7381.90","7373.80","7375.10"
"Mon Dec 09 2024 11:10:00 GMT+0530 (India Standard Time)","7372.05","7376.55","7368.15","7375.40"
"Mon Dec 09 2024 11:15:00 GMT+0530 (India Standard Time)","7375.40","7376.35","7366.05","7372.05"
"Mon Dec 09 2024 11:20:00 GMT+0530 (India Standard Time)","7372.05","7384.00","7371.65","7380.70"
"Mon Dec 09 2024 11:25:00 GMT+0530 (India Standard Time)","7381.65","7385.00","7365.00","7369.65"
"Mon Dec 09 2024 11:30:00 GMT+0530 (India Standard Time)","7369.65","7379.30","7359.00","7376.00"
"Mon Dec 09 2024 11:35:00 GMT+0530 (India Standard Time)","7374.20","7383.00","7369.65","7383.00"
"Mon Dec 09 2024 11:40:00 GMT+0530 (India Standard Time)","7383.00","7383.00","7365.00","7366.00"
"Mon Dec 09 2024 11:45:00 GMT+0530 (India Standard Time)","7366.00","7370.05","7365.05","7367.45"
"Mon Dec 09 2024 11:50:00 GMT+0530 (India Standard Time)","7367.45","7370.05","7360.05","7360.05"
"Mon Dec 09 2024 11:55:00 GMT+0530 (India Standard Time)","7360.05","7365.40","7360.05","7363.00"
"Mon Dec 09 2024 12:00:00 GMT+0530 (India Standard Time)","7365.10","7368.60","7362.00","7362.00"
"Mon Dec 09 2024 12:05:00 GMT+0530 (India Standard Time)","7362.00","7365.95","7362.00","7364.85"
"Mon Dec 09 2024 12:10:00 GMT+0530 (India Standard Time)","7364.85","7364.85","7350.00","7350.50"
"Mon Dec 09 2024 12:15:00 GMT+0530 (India Standard Time)","7354.00","7358.80","7344.10","7345.60"
"Mon Dec 09 2024 12:20:00 GMT+0530 (India Standard Time)","7345.60","7350.00","7341.50","7342.35"
"Mon Dec 09 2024 12:25:00 GMT+0530 (India Standard Time)","7342.35","7349.00","7341.00","7347.40"
"Mon Dec 09 2024 12:30:00 GMT+0530 (India Standard Time)","7347.40","7347.90","7335.00","7343.50"
"Mon Dec 09 2024 12:35:00 GMT+0530 (India Standard Time)","7343.50","7344.90","7336.10","7336.60"
"Mon Dec 09 2024 12:40:00 GMT+0530 (India Standard Time)","7339.00","7342.60","7336.00","7337.90"
"Mon Dec 09 2024 12:45:00 GMT+0530 (India Standard Time)","7337.90","7344.20","7336.10","7343.60"
"Mon Dec 09 2024 12:50:00 GMT+0530 (India Standard Time)","7343.60","7343.70","7343.20","7343.30"
"Mon Dec 09 2024 12:55:00 GMT+0530 (India Standard Time)","7343.30","7360.90","7343.20","7352.60"
"Mon Dec 09 2024 13:00:00 GMT+0530 (India Standard Time)","7352.60","7353.00","7340.00","7340.00"
"Mon Dec 09 2024 13:05:00 GMT+0530 (India Standard Time)","7340.00","7343.95","7340.00","7340.55"
"Mon Dec 09 2024 13:10:00 GMT+0530 (India Standard Time)","7340.55","7345.00","7340.55","7344.85"
"Mon Dec 09 2024 13:15:00 GMT+0530 (India Standard Time)","7341.15","7344.95","7341.10","7344.00"
"Mon Dec 09 2024 13:20:00 GMT+0530 (India Standard Time)","7344.00","7345.00","7335.00","7335.30"
"Mon Dec 09 2024 13:25:00 GMT+0530 (India Standard Time)","7335.30","7339.00","7335.00","7337.00"
"Mon Dec 09 2024 13:30:00 GMT+0530 (India Standard Time)","7337.40","7339.30","7335.00","7338.50"
"Mon Dec 09 2024 13:35:00 GMT+0530 (India Standard Time)","7338.50","7338.50","7325.00","7333.15"
"Mon Dec 09 2024 13:40:00 GMT+0530 (India Standard Time)","7336.35","7338.60","7333.25","7335.50"
"Mon Dec 09 2024 13:45:00 GMT+0530 (India Standard Time)","7335.50","7340.00","7330.00","7335.20"
"Mon Dec 09 2024 13:50:00 GMT+0530 (India Standard Time)","7335.20","7340.00","7335.00","7335.55"
"Mon Dec 09 2024 13:55:00 GMT+0530 (India Standard Time)","7335.00","7338.50","7331.55","7333.40"
"Mon Dec 09 2024 14:00:00 GMT+0530 (India Standard Time)","7333.40","7335.50","7320.05","7328.15"
"Mon Dec 09 2024 14:05:00 GMT+0530 (India Standard Time)","7328.15","7336.70","7326.05","7336.70"
"Mon Dec 09 2024 14:10:00 GMT+0530 (India Standard Time)","7335.95","7338.25","7332.90","7332.95"
"Mon Dec 09 2024 14:15:00 GMT+0530 (India Standard Time)","7332.90","7336.10","7330.00","7333.00"
"Mon Dec 09 2024 14:20:00 GMT+0530 (India Standard Time)","7332.65","7335.65","7326.00","7327.50"
"Mon Dec 09 2024 14:25:00 GMT+0530 (India Standard Time)","7327.35","7333.95","7320.00","7325.95"
"Mon Dec 09 2024 14:30:00 GMT+0530 (India Standard Time)","7325.95","7338.60","7322.00","7338.45"
"Mon Dec 09 2024 14:35:00 GMT+0530 (India Standard Time)","7335.25","7339.35","7330.70","7334.60"
"Mon Dec 09 2024 14:40:00 GMT+0530 (India Standard Time)","7334.60","7336.20","7330.00","7330.10"
"Mon Dec 09 2024 14:45:00 GMT+0530 (India Standard Time)","7330.10","7339.85","7330.05","7332.65"
"Mon Dec 09 2024 14:50:00 GMT+0530 (India Standard Time)","7333.00","7334.00","7322.65","7333.00"
"Mon Dec 09 2024 14:55:00 GMT+0530 (India Standard Time)","7333.00","7343.00","7331.10","7338.95"
"Mon Dec 09 2024 15:00:00 GMT+0530 (India Standard Time)","7338.95","7361.20","7337.40","7343.90"
"Mon Dec 09 2024 15:05:00 GMT+0530 (India Standard Time)","7343.90","7364.45","7341.85","7361.75"
"Mon Dec 09 2024 15:10:00 GMT+0530 (India Standard Time)","7361.90","7363.55","7350.05","7352.20"
"Mon Dec 09 2024 15:15:00 GMT+0530 (India Standard Time)","7354.35","7363.15","7351.85","7359.75"
"Mon Dec 09 2024 15:20:00 GMT+0530 (India Standard Time)","7358.55","7363.85","7353.50","7359.05"
"Mon Dec 09 2024 15:25:00 GMT+0530 (India Standard Time)","7360.00","7368.50","7352.00","7352.00"
"Tue Dec 10 2024 09:15:00 GMT+0530 (India Standard Time)","7325.00","7413.10","7325.00","7402.60"
"Tue Dec 10 2024 09:20:00 GMT+0530 (India Standard Time)","7402.60","7408.80","7375.00","7384.30"
"Tue Dec 10 2024 09:25:00 GMT+0530 (India Standard Time)","7384.10","7392.00","7365.00","7382.20"
"Tue Dec 10 2024 09:30:00 GMT+0530 (India Standard Time)","7386.10","7389.00","7366.50","7373.10"
"Tue Dec 10 2024 09:35:00 GMT+0530 (India Standard Time)","7373.10","7379.00","7369.00","7375.90"
"Tue Dec 10 2024 09:40:00 GMT+0530 (India Standard Time)","7375.95","7393.95","7366.85","7390.35"
"Tue Dec 10 2024 09:45:00 GMT+0530 (India Standard Time)","7393.95","7417.15","7390.35","7399.65"
"Tue Dec 10 2024 09:50:00 GMT+0530 (India Standard Time)","7399.65","7407.70","7388.35","7391.10"
"Tue Dec 10 2024 09:55:00 GMT+0530 (India Standard Time)","7390.30","7408.85","7385.00","7403.00"
"Tue Dec 10 2024 10:00:00 GMT+0530 (India Standard Time)","7405.00","7412.50","7394.40","7398.45"
"Tue Dec 10 2024 10:05:00 GMT+0530 (India Standard Time)","7398.45","7398.45","7388.20","7392.40"
"Tue Dec 10 2024 10:10:00 GMT+0530 (India Standard Time)","7392.40","7395.05","7385.80","7388.80"
"Tue Dec 10 2024 10:15:00 GMT+0530 (India Standard Time)","7386.40","7394.65","7382.00","7388.00"
"Tue Dec 10 2024 10:20:00 GMT+0530 (India Standard Time)","7388.00","7395.00","7382.60","7385.45"
"Tue Dec 10 2024 10:25:00 GMT+0530 (India Standard Time)","7385.45","7389.95","7381.80","7383.05"
"Tue Dec 10 2024 10:30:00 GMT+0530 (India Standard Time)","7385.00","7385.90","7379.00","7380.85"
"Tue Dec 10 2024 10:35:00 GMT+0530 (India Standard Time)","7378.80","7383.25","7368.10","7371.30"
"Tue Dec 10 2024 10:40:00 GMT+0530 (India Standard Time)","7371.35","7389.10","7371.35","7385.00"
"Tue Dec 10 2024 10:45:00 GMT+0530 (India Standard Time)","7384.85","7389.95","7384.80","7384.85"
"Tue Dec 10 2024 10:50:00 GMT+0530 (India Standard Time)","7386.95","7388.90","7380.00","7380.10"
"Tue Dec 10 2024 10:55:00 GMT+0530 (India Standard Time)","7380.10","7381.45","7368.80","7372.70"
"Tue Dec 10 2024 11:00:00 GMT+0530 (India Standard Time)","7372.70","7376.00","7355.00","7361.50"
"Tue Dec 10 2024 11:05:00 GMT+0530 (India Standard Time)","7361.50","7366.00","7354.95","7357.20"
"Tue Dec 10 2024 11:10:00 GMT+0530 (India Standard Time)","7357.20","7360.85","7353.00","7357.20"
"Tue Dec 10 2024 11:15:00 GMT+0530 (India Standard Time)","7357.30","7367.35","7354.95","7355.15"
"Tue Dec 10 2024 11:20:00 GMT+0530 (India Standard Time)","7357.50","7366.70","7357.50","7363.20"
"Tue Dec 10 2024 11:25:00 GMT+0530 (India Standard Time)","7363.20","7366.85","7358.40","7359.50"
"Tue Dec 10 2024 11:30:00 GMT+0530 (India Standard Time)","7362.70","7389.50","7356.25","7378.45"
"Tue Dec 10 2024 11:35:00 GMT+0530 (India Standard Time)","7378.45","7386.40","7378.45","7382.75"
"Tue Dec 10 2024 11:40:00 GMT+0530 (India Standard Time)","7382.75","7390.00","7382.75","7386.25"
"Tue Dec 10 2024 11:45:00 GMT+0530 (India Standard Time)","7386.25","7386.60","7371.05","7371.05"
"Tue Dec 10 2024 11:50:00 GMT+0530 (India Standard Time)","7371.05","7375.20","7371.00","7371.00"
"Tue Dec 10 2024 11:55:00 GMT+0530 (India Standard Time)","7372.00","7373.00","7361.55","7371.65"
"Tue Dec 10 2024 12:00:00 GMT+0530 (India Standard Time)","7374.00","7385.00","7372.70","7381.00"
"Tue Dec 10 2024 12:05:00 GMT+0530 (India Standard Time)","7378.85","7381.00","7373.80","7379.90"
"Tue Dec 10 2024 12:10:00 GMT+0530 (India Standard Time)","7379.90","7400.00","7377.50","7397.30"
"Tue Dec 10 2024 12:15:00 GMT+0530 (India Standard Time)","7397.30","7401.65","7377.05","7401.65"
"Tue Dec 10 2024 12:20:00 GMT+0530 (India Standard Time)","7400.70","7408.95","7390.80","7393.65"
"Tue Dec 10 2024 12:25:00 GMT+0530 (India Standard Time)","7393.65","7395.65","7386.15","7390.35"
"Tue Dec 10 2024 12:30:00 GMT+0530 (India Standard Time)","7392.00","7392.00","7384.75","7388.15"
"Tue Dec 10 2024 12:35:00 GMT+0530 (India Standard Time)","7389.25","7389.25","7375.00","7379.25"
"Tue Dec 10 2024 12:40:00 GMT+0530 (India Standard Time)","7379.25","7381.70","7370.00","7373.90"
"Tue Dec 10 2024 12:45:00 GMT+0530 (India Standard Time)","7373.90","7387.95","7373.90","7385.05"
"Tue Dec 10 2024 12:50:00 GMT+0530 (India Standard Time)","7385.05","7388.45","7379.50","7383.00"
"Tue Dec 10 2024 12:55:00 GMT+0530 (India Standard Time)","7383.00","7385.00","7375.30","7380.00"
"Tue Dec 10 2024 13:00:00 GMT+0530 (India Standard Time)","7380.00","7383.90","7360.00","7366.50"
"Tue Dec 10 2024 13:05:00 GMT+0530 (India Standard Time)","7366.50","7369.00","7356.60","7360.90"
"Tue Dec 10 2024 13:10:00 GMT+0530 (India Standard Time)","7360.90","7360.90","7344.40","7347.00"
"Tue Dec 10 2024 13:15:00 GMT+0530 (India Standard Time)","7347.45","7353.70","7344.50","7345.35"
"Tue Dec 10 2024 13:20:00 GMT+0530 (India Standard Time)","7345.35","7351.95","7340.00","7345.00"
"Tue Dec 10 2024 13:25:00 GMT+0530 (India Standard Time)","7345.00","7349.90","7341.75","7345.00"
"Tue Dec 10 2024 13:30:00 GMT+0530 (India Standard Time)","7348.20","7349.95","7345.00","7346.45"
"Tue Dec 10 2024 13:35:00 GMT+0530 (India Standard Time)","7346.45","7348.00","7340.00","7340.00"
"Tue Dec 10 2024 13:40:00 GMT+0530 (India Standard Time)","7340.00","7349.00","7340.00","7342.05"
"Tue Dec 10 2024 13:45:00 GMT+0530 (India Standard Time)","7342.05","7347.90","7335.00","7337.05"
"Tue Dec 10 2024 13:50:00 GMT+0530 (India Standard Time)","7337.05","7343.00","7337.05","7340.55"
"Tue Dec 10 2024 13:55:00 GMT+0530 (India Standard Time)","7340.55","7349.55","7337.15","7343.00"
"Tue Dec 10 2024 14:00:00 GMT+0530 (India Standard Time)","7343.00","7343.95","7337.00","7343.00"
"Tue Dec 10 2024 14:05:00 GMT+0530 (India Standard Time)","7343.00","7363.35","7339.60","7356.10"
"Tue Dec 10 2024 14:10:00 GMT+0530 (India Standard Time)","7356.10","7358.80","7345.00","7348.05"
"Tue Dec 10 2024 14:15:00 GMT+0530 (India Standard Time)","7348.05","7360.90","7348.05","7357.50"
"Tue Dec 10 2024 14:20:00 GMT+0530 (India Standard Time)","7358.00","7368.85","7354.70","7359.00"
"Tue Dec 10 2024 14:25:00 GMT+0530 (India Standard Time)","7359.05","7364.00","7355.70","7361.20"
"Tue Dec 10 2024 14:30:00 GMT+0530 (India Standard Time)","7364.00","7368.85","7360.00","7362.75"
"Tue Dec 10 2024 14:35:00 GMT+0530 (India Standard Time)","7362.75","7366.00","7359.85","7359.85"
"Tue Dec 10 2024 14:40:00 GMT+0530 (India Standard Time)","7359.85","7369.95","7359.85","7366.20"
"Tue Dec 10 2024 14:45:00 GMT+0530 (India Standard Time)","7366.20","7370.00","7360.00","7361.50"
"Tue Dec 10 2024 14:50:00 GMT+0530 (India Standard Time)","7361.50","7374.95","7360.00","7366.15"
"Tue Dec 10 2024 14:55:00 GMT+0530 (India Standard Time)","7366.15","7373.00","7360.15","7361.05"
"Tue Dec 10 2024 15:00:00 GMT+0530 (India Standard Time)","7363.90","7416.00","7363.90","7407.00"
"Tue Dec 10 2024 15:05:00 GMT+0530 (India Standard Time)","7407.00","7410.00","7400.00","7406.75"
"Tue Dec 10 2024 15:10:00 GMT+0530 (India Standard Time)","7406.80","7408.95","7389.25","7402.00"
"Tue Dec 10 2024 15:15:00 GMT+0530 (India Standard Time)","7400.50","7410.00","7391.35","7406.65"
"Tue Dec 10 2024 15:20:00 GMT+0530 (India Standard Time)","7409.00","7410.00","7403.50","7408.90"
"Tue Dec 10 2024 15:25:00 GMT+0530 (India Standard Time)","7408.75","7409.55","7380.05","7395.55"
"Wed Dec 11 2024 09:15:00 GMT+0530 (India Standard Time)","7410.00","7415.00","7355.85","7379.00"
"Wed Dec 11 2024 09:20:00 GMT+0530 (India Standard Time)","7377.15","7379.00","7364.25","7370.40"
"Wed Dec 11 2024 09:25:00 GMT+0530 (India Standard Time)","7370.00","7375.00","7360.00","7360.90"
"Wed Dec 11 2024 09:30:00 GMT+0530 (India Standard Time)","7360.90","7367.05","7358.15","7360.00"
"Wed Dec 11 2024 09:35:00 GMT+0530 (India Standard Time)","7360.00","7370.00","7352.00","7356.00"
"Wed Dec 11 2024 09:40:00 GMT+0530 (India Standard Time)","7354.00","7356.00","7335.20","7345.00"
"Wed Dec 11 2024 09:45:00 GMT+0530 (India Standard Time)","7345.00","7345.50","7326.85","7334.00"
"Wed Dec 11 2024 09:50:00 GMT+0530 (India Standard Time)","7334.00","7350.00","7326.65","7347.95"
"Wed Dec 11 2024 09:55:00 GMT+0530 (India Standard Time)","7347.95","7349.95","7336.00","7346.85"
"Wed Dec 11 2024 10:00:00 GMT+0530 (India Standard Time)","7346.85","7352.95","7335.55","7342.25"
"Wed Dec 11 2024 10:05:00 GMT+0530 (India Standard Time)","7342.25","7347.95","7340.55","7341.65"
"Wed Dec 11 2024 10:10:00 GMT+0530 (India Standard Time)","7341.65","7353.25","7338.40","7348.90"
"Wed Dec 11 2024 10:15:00 GMT+0530 (India Standard Time)","7352.65","7357.80","7342.60","7353.40"
"Wed Dec 11 2024 10:20:00 GMT+0530 (India Standard Time)","7348.95","7368.95","7348.35","7368.95"
"Wed Dec 11 2024 10:25:00 GMT+0530 (India Standard Time)","7368.95","7375.95","7360.00","7362.70"
"Wed Dec 11 2024 10:30:00 GMT+0530 (India Standard Time)","7364.20","7364.20","7355.30","7360.00"
"Wed Dec 11 2024 10:35:00 GMT+0530 (India Standard Time)","7360.00","7364.95","7352.20","7359.95"
"Wed Dec 11 2024 10:40:00 GMT+0530 (India Standard Time)","7359.95","7378.95","7359.95","7375.50"
"Wed Dec 11 2024 10:45:00 GMT+0530 (India Standard Time)","7369.55","7373.90","7361.00","7361.95"
"Wed Dec 11 2024 10:50:00 GMT+0530 (India Standard Time)","7361.95","7391.95","7361.95","7387.35"
"Wed Dec 11 2024 10:55:00 GMT+0530 (India Standard Time)","7387.35","7400.00","7386.55","7392.25"
"Wed Dec 11 2024 11:00:00 GMT+0530 (India Standard Time)","7395.40","7396.40","7374.50","7376.50"
"Wed Dec 11 2024 11:05:00 GMT+0530 (India Standard Time)","7376.50","7382.50","7355.00","7360.85"
"Wed Dec 11 2024 11:10:00 GMT+0530 (India Standard Time)","7360.85","7367.65","7345.50","7353.10"
"Wed Dec 11 2024 11:15:00 GMT+0530 (India Standard Time)","7353.10","7360.75","7351.00","7351.00"
"Wed Dec 11 2024 11:20:00 GMT+0530 (India Standard Time)","7351.00","7354.55","7344.00","7347.70"
"Wed Dec 11 2024 11:25:00 GMT+0530 (India Standard Time)","7347.70","7351.95","7343.00","7350.80"
"Wed Dec 11 2024 11:30:00 GMT+0530 (India Standard Time)","7350.80","7364.95","7344.95","7349.05"
"Wed Dec 11 2024 11:35:00 GMT+0530 (India Standard Time)","7349.05","7358.00","7347.25","7348.00"
"Wed Dec 11 2024 11:40:00 GMT+0530 (India Standard Time)","7348.00","7358.95","7348.00","7352.05"
"Wed Dec 11 2024 11:45:00 GMT+0530 (India Standard Time)","7352.05","7352.05","7345.00","7348.30"
"Wed Dec 11 2024 11:50:00 GMT+0530 (India Standard Time)","7345.90","7352.30","7343.40","7349.80"
"Wed Dec 11 2024 11:55:00 GMT+0530 (India Standard Time)","7349.80","7352.45","7345.05","7350.75"
"Wed Dec 11 2024 12:00:00 GMT+0530 (India Standard Time)","7350.75","7350.75","7340.40","7343.70"
"Wed Dec 11 2024 12:05:00 GMT+0530 (India Standard Time)","7343.70","7350.00","7342.45","7345.80"
"Wed Dec 11 2024 12:10:00 GMT+0530 (India Standard Time)","7345.80","7345.85","7340.00","7341.50"
"Wed Dec 11 2024 12:15:00 GMT+0530 (India Standard Time)","7341.65","7349.95","7340.00","7344.00"
"Wed Dec 11 2024 12:20:00 GMT+0530 (India Standard Time)","7344.00","7349.35","7341.00","7347.25"
"Wed Dec 11 2024 12:25:00 GMT+0530 (India Standard Time)","7347.00","7350.75","7344.30","7349.10"
"Wed Dec 11 2024 12:30:00 GMT+0530 (India Standard Time)","7345.50","7349.15","7342.20","7344.10"
"Wed Dec 11 2024 12:35:00 GMT+0530 (India Standard Time)","7344.10","7346.55","7341.05","7341.35"
"Wed Dec 11 2024 12:40:00 GMT+0530 (India Standard Time)","7341.35","7344.55","7341.05","7342.90"
"Wed Dec 11 2024 12:45:00 GMT+0530 (India Standard Time)","7343.05","7343.30","7340.00","7341.00"
"Wed Dec 11 2024 12:50:00 GMT+0530 (India Standard Time)","7341.00","7355.00","7340.95","7355.00"
"Wed Dec 11 2024 12:55:00 GMT+0530 (India Standard Time)","7355.00","7355.05","7342.20","7345.80"
"Wed Dec 11 2024 13:00:00 GMT+0530 (India Standard Time)","7345.80","7355.00","7345.40","7354.00"
"Wed Dec 11 2024 13:05:00 GMT+0530 (India Standard Time)","7354.00","7354.00","7348.10","7352.10"
"Wed Dec 11 2024 13:10:00 GMT+0530 (India Standard Time)","7352.10","7359.00","7350.05","7355.70"
"Wed Dec 11 2024 13:15:00 GMT+0530 (India Standard Time)","7355.70","7355.70","7351.50","7353.50"
"Wed Dec 11 2024 13:20:00 GMT+0530 (India Standard Time)","7353.50","7354.00","7346.05","7349.45"
"Wed Dec 11 2024 13:25:00 GMT+0530 (India Standard Time)","7349.45","7350.45","7345.30","7350.45"
"Wed Dec 11 2024 13:30:00 GMT+0530 (India Standard Time)","7350.45","7350.45","7344.55","7345.95"
"Wed Dec 11 2024 13:35:00 GMT+0530 (India Standard Time)","7345.95","7348.20","7344.05","7347.60"
"Wed Dec 11 2024 13:40:00 GMT+0530 (India Standard Time)","7347.70","7367.60","7347.60","7360.05"
"Wed Dec 11 2024 13:45:00 GMT+0530 (India Standard Time)","7360.05","7368.00","7354.05","7365.85"
"Wed Dec 11 2024 13:50:00 GMT+0530 (India Standard Time)","7365.85","7366.35","7357.55","7360.00"
"Wed Dec 11 2024 13:55:00 GMT+0530 (India Standard Time)","7362.15","7362.40","7357.50","7357.50"
"Wed Dec 11 2024 14:00:00 GMT+0530 (India Standard Time)","7357.50","7362.05","7352.80","7353.00"
"Wed Dec 11 2024 14:05:00 GMT+0530 (India Standard Time)","7353.00","7360.00","7351.00","7354.30"
"Wed Dec 11 2024 14:10:00 GMT+0530 (India Standard Time)","7354.30","7360.00","7354.00","7357.05"
"Wed Dec 11 2024 14:15:00 GMT+0530 (India Standard Time)","7354.10","7357.00","7350.00","7350.00"
"Wed Dec 11 2024 14:20:00 GMT+0530 (India Standard Time)","7352.90","7352.90","7346.00","7347.70"
"Wed Dec 11 2024 14:25:00 GMT+0530 (India Standard Time)","7347.70","7350.65","7344.95","7350.05"
"Wed Dec 11 2024 14:30:00 GMT+0530 (India Standard Time)","7350.05","7355.25","7347.50","7355.25"
"Wed Dec 11 2024 14:35:00 GMT+0530 (India Standard Time)","7356.00","7357.00","7351.45","7356.00"
"Wed Dec 11 2024 14:40:00 GMT+0530 (India Standard Time)","7356.00","7356.00","7350.40","7351.10"
"Wed Dec 11 2024 14:45:00 GMT+0530 (India Standard Time)","7351.10","7357.15","7350.00","7357.15"
"Wed Dec 11 2024 14:50:00 GMT+0530 (India Standard Time)","7357.15","7357.15","7350.00","7350.00"
"Wed Dec 11 2024 14:55:00 GMT+0530 (India Standard Time)","7350.00","7355.00","7347.00","7350.90"
"Wed Dec 11 2024 15:00:00 GMT+0530 (India Standard Time)","7353.45","7358.95","7350.00","7354.80"
"Wed Dec 11 2024 15:05:00 GMT+0530 (India Standard Time)","7354.85","7357.05","7352.90","7356.20"
"Wed Dec 11 2024 15:10:00 GMT+0530 (India Standard Time)","7353.25","7355.50","7349.00","7349.45"
"Wed Dec 11 2024 15:15:00 GMT+0530 (India Standard Time)","7349.20","7350.70","7342.00","7347.75"
"Wed Dec 11 2024 15:20:00 GMT+0530 (India Standard Time)","7347.70","7353.85","7342.65","7350.55"
"Wed Dec 11 2024 15:25:00 GMT+0530 (India Standard Time)","7352.05","7360.00","7349.15","7359.95"
"Thu Dec 12 2024 09:15:00 GMT+0530 (India Standard Time)","7360.05","7414.90","7360.05","7409.95"
"Thu Dec 12 2024 09:20:00 GMT+0530 (India Standard Time)","7409.95","7427.90","7404.55","7415.00"
"Thu Dec 12 2024 09:25:00 GMT+0530 (India Standard Time)","7415.00","7429.85","7390.00","7400.40"
"Thu Dec 12 2024 09:30:00 GMT+0530 (India Standard Time)","7400.40","7411.95","7380.00","7385.00"
"Thu Dec 12 2024 09:35:00 GMT+0530 (India Standard Time)","7384.85","7420.95","7381.00","7417.25"
"Thu Dec 12 2024 09:40:00 GMT+0530 (India Standard Time)","7421.55","7448.95","7412.20","7415.00"
"Thu Dec 12 2024 09:45:00 GMT+0530 (India Standard Time)","7416.45","7438.15","7393.00","7400.00"
"Thu Dec 12 2024 09:50:00 GMT+0530 (India Standard Time)","7400.00","7423.00","7400.00","7414.00"
"Thu Dec 12 2024 09:55:00 GMT+0530 (India Standard Time)","7417.60","7420.85","7407.80","7411.00"
"Thu Dec 12 2024 10:00:00 GMT+0530 (India Standard Time)","7411.00","7414.65","7400.05","7411.45"
"Thu Dec 12 2024 10:05:00 GMT+0530 (India Standard Time)","7406.70","7415.35","7401.10","7401.15"
"Thu Dec 12 2024 10:10:00 GMT+0530 (India Standard Time)","7401.25","7409.70","7385.25","7385.40"
"Thu Dec 12 2024 10:15:00 GMT+0530 (India Standard Time)","7385.40","7391.75","7371.00","7385.00"
"Thu Dec 12 2024 10:20:00 GMT+0530 (India Standard Time)","7385.00","7396.70","7380.00","7380.05"
"Thu Dec 12 2024 10:25:00 GMT+0530 (India Standard Time)","7380.00","7384.75","7371.00","7377.00"
"Thu Dec 12 2024 10:30:00 GMT+0530 (India Standard Time)","7373.60","7383.55","7373.60","7376.00"
"Thu Dec 12 2024 10:35:00 GMT+0530 (India Standard Time)","7375.15","7383.60","7375.00","7380.00"
"Thu Dec 12 2024 10:40:00 GMT+0530 (India Standard Time)","7380.00","7383.95","7371.55","7371.55"
"Thu Dec 12 2024 10:45:00 GMT+0530 (India Standard Time)","7371.55","7377.25","7371.05","7372.00"
"Thu Dec 12 2024 10:50:00 GMT+0530 (India Standard Time)","7372.00","7378.20","7340.00","7362.60"
"Thu Dec 12 2024 10:55:00 GMT+0530 (India Standard Time)","7361.95","7368.95","7335.05","7353.45"
"Thu Dec 12 2024 11:00:00 GMT+0530 (India Standard Time)","7351.45","7355.90","7346.70","7353.25"
"Thu Dec 12 2024 11:05:00 GMT+0530 (India Standard Time)","7353.25","7355.20","7347.20","7350.00"
"Thu Dec 12 2024 11:10:00 GMT+0530 (India Standard Time)","7350.00","7364.45","7349.35","7360.00"
"Thu Dec 12 2024 11:15:00 GMT+0530 (India Standard Time)","7360.00","7362.70","7350.95","7352.20"
"Thu Dec 12 2024 11:20:00 GMT+0530 (India Standard Time)","7352.20","7355.90","7341.65","7342.15"
"Thu Dec 12 2024 11:25:00 GMT+0530 (India Standard Time)","7342.15","7348.55","7342.10","7347.85"
"Thu Dec 12 2024 11:30:00 GMT+0530 (India Standard Time)","7347.85","7366.75","7343.30","7356.00"
"Thu Dec 12 2024 11:35:00 GMT+0530 (India Standard Time)","7356.00","7362.45","7350.00","7350.00"
"Thu Dec 12 2024 11:40:00 GMT+0530 (India Standard Time)","7350.00","7372.15","7350.00","7361.05"
"Thu Dec 12 2024 11:45:00 GMT+0530 (India Standard Time)","7361.70","7366.40","7350.25","7358.20"
"Thu Dec 12 2024 11:50:00 GMT+0530 (India Standard Time)","7355.05","7360.15","7332.00","7335.15"
"Thu Dec 12 2024 11:55:00 GMT+0530 (India Standard Time)","7335.15","7351.60","7335.15","7342.00"
"Thu Dec 12 2024 12:00:00 GMT+0530 (India Standard Time)","7342.00","7352.85","7332.40","7336.70"
"Thu Dec 12 2024 12:05:00 GMT+0530 (India Standard Time)","7336.70","7340.00","7329.00","7336.25"
"Thu Dec 12 2024 12:10:00 GMT+0530 (India Standard Time)","7336.25","7343.55","7335.05","7335.50"
"Thu Dec 12 2024 12:15:00 GMT+0530 (India Standard Time)","7335.50","7345.00","7335.05","7335.05"
"Thu Dec 12 2024 12:20:00 GMT+0530 (India Standard Time)","7335.05","7339.00","7331.00","7332.65"
"Thu Dec 12 2024 12:25:00 GMT+0530 (India Standard Time)","7332.65","7343.80","7332.65","7342.75"
"Thu Dec 12 2024 12:30:00 GMT+0530 (India Standard Time)","7342.75","7357.15","7339.25","7357.15"
"Thu Dec 12 2024 12:35:00 GMT+0530 (India Standard Time)","7357.15","7360.50","7350.35","7358.00"
"Thu Dec 12 2024 12:40:00 GMT+0530 (India Standard Time)","7358.00","7360.00","7354.00","7356.10"
"Thu Dec 12 2024 12:45:00 GMT+0530 (India Standard Time)","7355.80","7369.50","7355.80","7361.30"
"Thu Dec 12 2024 12:50:00 GMT+0530 (India Standard Time)","7361.30","7377.20","7360.00","7370.00"
"Thu Dec 12 2024 12:55:00 GMT+0530 (India Standard Time)","7370.00","7374.10","7364.90","7365.05"
"Thu Dec 12 2024 13:00:00 GMT+0530 (India Standard Time)","7365.05","7371.90","7350.00","7353.65"
"Thu Dec 12 2024 13:05:00 GMT+0530 (India Standard Time)","7353.65","7356.30","7350.05","7350.80"
"Thu Dec 12 2024 13:10:00 GMT+0530 (India Standard Time)","7350.80","7357.00","7350.80","7350.80"
"Thu Dec 12 2024 13:15:00 GMT+0530 (India Standard Time)","7350.80","7355.00","7335.00","7344.10"
"Thu Dec 12 2024 13:20:00 GMT+0530 (India Standard Time)","7344.10","7356.60","7340.00","7340.55"
"Thu Dec 12 2024 13:25:00 GMT+0530 (India Standard Time)","7340.55","7350.00","7340.55","7345.50"
"Thu Dec 12 2024 13:30:00 GMT+0530 (India Standard Time)","7345.50","7349.45","7343.40","7343.95"
"Thu Dec 12 2024 13:35:00 GMT+0530 (India Standard Time)","7343.95","7348.50","7342.20","7344.00"
"Thu Dec 12 2024 13:40:00 GMT+0530 (India Standard Time)","7344.00","7350.00","7342.20","7344.45"
"Thu Dec 12 2024 13:45:00 GMT+0530 (India Standard Time)","7344.45","7344.45","7340.00","7343.40"
"Thu Dec 12 2024 13:50:00 GMT+0530 (India Standard Time)","7343.40","7343.40","7335.00","7336.20"
"Thu Dec 12 2024 13:55:00 GMT+0530 (India Standard Time)","7340.00","7342.00","7336.50","7337.50"
"Thu Dec 12 2024 14:00:00 GMT+0530 (India Standard Time)","7337.50","7340.00","7331.10","7331.10"
"Thu Dec 12 2024 14:05:00 GMT+0530 (India Standard Time)","7331.10","7342.00","7302.50","7341.35"
"Thu Dec 12 2024 14:10:00 GMT+0530 (India Standard Time)","7341.35","7349.95","7327.60","7327.60"
"Thu Dec 12 2024 14:15:00 GMT+0530 (India Standard Time)","7327.85","7339.05","7327.60","7334.65"
"Thu Dec 12 2024 14:20:00 GMT+0530 (India Standard Time)","7332.85","7332.85","7302.00","7306.10"
"Thu Dec 12 2024 14:25:00 GMT+0530 (India Standard Time)","7306.10","7310.65","7286.50","7292.05"
"Thu Dec 12 2024 14:30:00 GMT+0530 (India Standard Time)","7292.05","7318.00","7289.00","7313.25"
"Thu Dec 12 2024 14:35:00 GMT+0530 (India Standard Time)","7313.25","7316.00","7303.00","7303.45"
"Thu Dec 12 2024 14:40:00 GMT+0530 (India Standard Time)","7303.45","7320.00","7303.00","7307.10"
"Thu Dec 12 2024 14:45:00 GMT+0530 (India Standard Time)","7307.10","7314.95","7305.00","7309.95"
"Thu Dec 12 2024 14:50:00 GMT+0530 (India Standard Time)","7309.95","7311.25","7305.05","7311.25"
"Thu Dec 12 2024 14:55:00 GMT+0530 (India Standard Time)","7311.25","7317.20","7305.45","7316.35"
"Thu Dec 12 2024 15:00:00 GMT+0530 (India Standard Time)","7316.40","7337.25","7305.80","7312.45"
"Thu Dec 12 2024 15:05:00 GMT+0530 (India Standard Time)","7312.45","7328.55","7310.95","7319.70"
"Thu Dec 12 2024 15:10:00 GMT+0530 (India Standard Time)","7319.70","7330.00","7319.00","7319.55"
"Thu Dec 12 2024 15:15:00 GMT+0530 (India Standard Time)","7319.10","7334.75","7315.45","7323.00"
"Thu Dec 12 2024 15:20:00 GMT+0530 (India Standard Time)","7321.35","7326.75","7317.55","7323.00"
"Thu Dec 12 2024 15:25:00 GMT+0530 (India Standard Time)","7323.00","7325.95","7297.75","7316.50"
"Fri Dec 13 2024 09:15:00 GMT+0530 (India Standard Time)","7314.00","7330.40","7260.10","7260.10"
"Fri Dec 13 2024 09:20:00 GMT+0530 (India Standard Time)","7263.15","7314.90","7249.15","7284.95"
"Fri Dec 13 2024 09:25:00 GMT+0530 (India Standard Time)","7280.85","7346.05","7280.85","7343.00"
"Fri Dec 13 2024 09:30:00 GMT+0530 (India Standard Time)","7343.00","7343.00","7303.10","7303.10"
"Fri Dec 13 2024 09:35:00 GMT+0530 (India Standard Time)","7301.75","7322.45","7277.05","7291.10"
"Fri Dec 13 2024 09:40:00 GMT+0530 (India Standard Time)","7291.10","7317.15","7285.05","7303.05"
"Fri Dec 13 2024 09:45:00 GMT+0530 (India Standard Time)","7303.10","7308.75","7280.00","7308.75"
"Fri Dec 13 2024 09:50:00 GMT+0530 (India Standard Time)","7308.75","7310.00","7277.05","7282.90"
"Fri Dec 13 2024 09:55:00 GMT+0530 (India Standard Time)","7282.90","7303.00","7275.00","7286.55"
"Fri Dec 13 2024 10:00:00 GMT+0530 (India Standard Time)","7286.55","7300.00","7283.05","7295.50"
"Fri Dec 13 2024 10:05:00 GMT+0530 (India Standard Time)","7295.50","7298.55","7268.00","7268.00"
"Fri Dec 13 2024 10:10:00 GMT+0530 (India Standard Time)","7268.00","7279.45","7260.05","7266.10"
"Fri Dec 13 2024 10:15:00 GMT+0530 (India Standard Time)","7266.10","7266.55","7249.45","7254.05"
"Fri Dec 13 2024 10:20:00 GMT+0530 (India Standard Time)","7250.00","7257.50","7223.05","7229.95"
"Fri Dec 13 2024 10:25:00 GMT+0530 (India Standard Time)","7229.95","7243.65","7225.05","7230.70"
"Fri Dec 13 2024 10:30:00 GMT+0530 (India Standard Time)","7230.70","7239.10","7211.95","7235.50"
"Fri Dec 13 2024 10:35:00 GMT+0530 (India Standard Time)","7235.50","7257.45","7226.00","7257.45"
"Fri Dec 13 2024 10:40:00 GMT+0530 (India Standard Time)","7257.45","7269.95","7241.15","7267.10"
"Fri Dec 13 2024 10:45:00 GMT+0530 (India Standard Time)","7267.10","7274.00","7245.40","7272.05"
"Fri Dec 13 2024 10:50:00 GMT+0530 (India Standard Time)","7272.05","7309.00","7268.80","7306.45"
"Fri Dec 13 2024 10:55:00 GMT+0530 (India Standard Time)","7306.45","7314.00","7291.05","7303.55"
"Fri Dec 13 2024 11:00:00 GMT+0530 (India Standard Time)","7303.55","7304.90","7295.00","7301.30"
"Fri Dec 13 2024 11:05:00 GMT+0530 (India Standard Time)","7301.30","7301.30","7284.15","7288.00"
"Fri Dec 13 2024 11:10:00 GMT+0530 (India Standard Time)","7288.00","7308.50","7280.00","7296.35"
"Fri Dec 13 2024 11:15:00 GMT+0530 (India Standard Time)","7296.35","7297.00","7282.20","7293.85"
"Fri Dec 13 2024 11:20:00 GMT+0530 (India Standard Time)","7296.35","7306.85","7292.10","7300.00"
"Fri Dec 13 2024 11:25:00 GMT+0530 (India Standard Time)","7300.00","7309.35","7296.00","7298.00"
"Fri Dec 13 2024 11:30:00 GMT+0530 (India Standard Time)","7298.00","7318.00","7291.05","7317.80"
"Fri Dec 13 2024 11:35:00 GMT+0530 (India Standard Time)","7317.80","7319.00","7300.15","7303.45"
"Fri Dec 13 2024 11:40:00 GMT+0530 (India Standard Time)","7303.45","7313.90","7303.00","7313.50"
"Fri Dec 13 2024 11:45:00 GMT+0530 (India Standard Time)","7313.25","7328.00","7309.35","7328.00"
"Fri Dec 13 2024 11:50:00 GMT+0530 (India Standard Time)","7328.00","7340.00","7328.00","7337.75"
"Fri Dec 13 2024 11:55:00 GMT+0530 (India Standard Time)","7337.75","7339.90","7327.85","7336.00"
"Fri Dec 13 2024 12:00:00 GMT+0530 (India Standard Time)","7336.00","7342.30","7320.10","7325.00"
"Fri Dec 13 2024 12:05:00 GMT+0530 (India Standard Time)","7325.00","7325.00","7313.80","7320.90"
"Fri Dec 13 2024 12:10:00 GMT+0530 (India Standard Time)","7320.90","7328.00","7318.90","7326.00"
"Fri Dec 13 2024 12:15:00 GMT+0530 (India Standard Time)","7326.00","7339.00","7326.00","7335.00"
"Fri Dec 13 2024 12:20:00 GMT+0530 (India Standard Time)","7335.00","7342.15","7330.55","7337.05"
"Fri Dec 13 2024 12:25:00 GMT+0530 (India Standard Time)","7337.05","7337.30","7323.05","7328.05"
"Fri Dec 13 2024 12:30:00 GMT+0530 (India Standard Time)","7328.80","7337.95","7323.70","7324.90"
"Fri Dec 13 2024 12:35:00 GMT+0530 (India Standard Time)","7324.90","7331.75","7318.00","7323.00"
"Fri Dec 13 2024 12:40:00 GMT+0530 (India Standard Time)","7323.00","7323.00","7314.20","7319.00"
"Fri Dec 13 2024 12:45:00 GMT+0530 (India Standard Time)","7319.00","7320.35","7310.35","7319.40"
"Fri Dec 13 2024 12:50:00 GMT+0530 (India Standard Time)","7319.40","7339.75","7319.40","7338.25"
"Fri Dec 13 2024 12:55:00 GMT+0530 (India Standard Time)","7338.25","7338.25","7330.25","7333.50"
"Fri Dec 13 2024 13:00:00 GMT+0530 (India Standard Time)","7336.85","7369.00","7333.40","7365.00"
"Fri Dec 13 2024 13:05:00 GMT+0530 (India Standard Time)","7365.00","7375.00","7354.65","7363.70"
"Fri Dec 13 2024 13:10:00 GMT+0530 (India Standard Time)","7363.70","7372.75","7352.05","7353.75"
"Fri Dec 13 2024 13:15:00 GMT+0530 (India Standard Time)","7353.75","7367.00","7350.00","7362.00"
"Fri Dec 13 2024 13:20:00 GMT+0530 (India Standard Time)","7358.40","7374.00","7348.45","7370.45"
"Fri Dec 13 2024 13:25:00 GMT+0530 (India Standard Time)","7370.45","7385.00","7368.45","7382.00"
"Fri Dec 13 2024 13:30:00 GMT+0530 (India Standard Time)","7382.00","7414.00","7380.10","7400.70"
"Fri Dec 13 2024 13:35:00 GMT+0530 (India Standard Time)","7400.70","7408.50","7395.00","7395.00"
"Fri Dec 13 2024 13:40:00 GMT+0530 (India Standard Time)","7395.00","7395.20","7372.75","7385.35"
"Fri Dec 13 2024 13:45:00 GMT+0530 (India Standard Time)","7385.35","7392.35","7377.85","7380.00"
"Fri Dec 13 2024 13:50:00 GMT+0530 (India Standard Time)","7380.00","7394.00","7380.00","7384.65"
"Fri Dec 13 2024 13:55:00 GMT+0530 (India Standard Time)","7384.65","7387.95","7375.20","7377.80"
"Fri Dec 13 2024 14:00:00 GMT+0530 (India Standard Time)","7377.80","7390.70","7375.85","7379.95"
"Fri Dec 13 2024 14:05:00 GMT+0530 (India Standard Time)","7379.95","7387.85","7371.00","7377.35"
"Fri Dec 13 2024 14:10:00 GMT+0530 (India Standard Time)","7377.35","7382.90","7370.60","7370.85"
"Fri Dec 13 2024 14:15:00 GMT+0530 (India Standard Time)","7370.85","7381.60","7369.00","7375.70"
"Fri Dec 13 2024 14:20:00 GMT+0530 (India Standard Time)","7372.40","7377.00","7370.05","7374.00"
"Fri Dec 13 2024 14:25:00 GMT+0530 (India Standard Time)","7374.00","7374.00","7354.00","7357.35"
"Fri Dec 13 2024 14:30:00 GMT+0530 (India Standard Time)","7355.00","7364.95","7350.00","7358.85"
"Fri Dec 13 2024 14:35:00 GMT+0530 (India Standard Time)","7358.85","7363.10","7352.25","7357.55"
"Fri Dec 13 2024 14:40:00 GMT+0530 (India Standard Time)","7357.55","7359.00","7352.50","7358.00"
"Fri Dec 13 2024 14:45:00 GMT+0530 (India Standard Time)","7358.00","7362.45","7350.00","7356.25"
"Fri Dec 13 2024 14:50:00 GMT+0530 (India Standard Time)","7356.25","7356.25","7350.00","7354.85"
"Fri Dec 13 2024 14:55:00 GMT+0530 (India Standard Time)","7354.00","7364.50","7351.75","7364.40"
"Fri Dec 13 2024 15:00:00 GMT+0530 (India Standard Time)","7364.95","7374.40","7364.95","7370.10"
"Fri Dec 13 2024 15:05:00 GMT+0530 (India Standard Time)","7370.10","7378.80","7369.50","7373.10"
"Fri Dec 13 2024 15:10:00 GMT+0530 (India Standard Time)","7375.80","7375.80","7364.65","7366.00"
"Fri Dec 13 2024 15:15:00 GMT+0530 (India Standard Time)","7366.00","7371.00","7361.15","7361.90"
"Fri Dec 13 2024 15:20:00 GMT+0530 (India Standard Time)","7361.90","7367.55","7352.65","7366.45"
"Fri Dec 13 2024 15:25:00 GMT+0530 (India Standard Time)","7362.00","7365.70","7350.00","7360.00"
"Mon Dec 16 2024 09:15:00 GMT+0530 (India Standard Time)","7372.50","7424.35","7325.00","7381.15"
"Mon Dec 16 2024 09:20:00 GMT+0530 (India Standard Time)","7386.85","7405.00","7381.15","7387.50"
"Mon Dec 16 2024 09:25:00 GMT+0530 (India Standard Time)","7387.50","7391.20","7367.25","7367.25"
"Mon Dec 16 2024 09:30:00 GMT+0530 (India Standard Time)","7371.45","7379.30","7364.35","7376.05"
"Mon Dec 16 2024 09:35:00 GMT+0530 (India Standard Time)","7373.25","7379.30","7361.00","7364.20"
"Mon Dec 16 2024 09:40:00 GMT+0530 (India Standard Time)","7364.20","7379.00","7361.30","7378.45"
"Mon Dec 16 2024 09:45:00 GMT+0530 (India Standard Time)","7378.45","7388.70","7371.95","7378.85"
"Mon Dec 16 2024 09:50:00 GMT+0530 (India Standard Time)","7378.75","7385.45","7353.75","7355.00"
"Mon Dec 16 2024 09:55:00 GMT+0530 (India Standard Time)","7356.80","7360.15","7350.05","7353.60"
"Mon Dec 16 2024 10:00:00 GMT+0530 (India Standard Time)","7351.00","7358.40","7342.20","7350.40"
"Mon Dec 16 2024 10:05:00 GMT+0530 (India Standard Time)","7350.40","7357.05","7340.00","7354.75"
"Mon Dec 16 2024 10:10:00 GMT+0530 (India Standard Time)","7358.40","7362.00","7354.00","7354.00"
"Mon Dec 16 2024 10:15:00 GMT+0530 (India Standard Time)","7354.00","7355.50","7340.00","7341.00"
"Mon Dec 16 2024 10:20:00 GMT+0530 (India Standard Time)","7343.30","7357.20","7341.00","7353.25"
"Mon Dec 16 2024 10:25:00 GMT+0530 (India Standard Time)","7353.25","7353.25","7341.00","7341.05"
"Mon Dec 16 2024 10:30:00 GMT+0530 (India Standard Time)","7341.05","7350.00","7341.00","7348.25"
"Mon Dec 16 2024 10:35:00 GMT+0530 (India Standard Time)","7348.25","7363.20","7340.50","7361.00"
"Mon Dec 16 2024 10:40:00 GMT+0530 (India Standard Time)","7361.00","7363.85","7355.65","7358.90"
"Mon Dec 16 2024 10:45:00 GMT+0530 (India Standard Time)","7358.85","7360.00","7350.05","7357.10"
"Mon Dec 16 2024 10:50:00 GMT+0530 (India Standard Time)","7359.75","7359.75","7350.00","7350.65"
"Mon Dec 16 2024 10:55:00 GMT+0530 (India Standard Time)","7350.65","7353.85","7344.45","7347.45"
"Mon Dec 16 2024 11:00:00 GMT+0530 (India Standard Time)","7347.45","7354.05","7345.55","7350.30"
"Mon Dec 16 2024 11:05:00 GMT+0530 (India Standard Time)","7350.30","7357.45","7348.25","7354.35"
"Mon Dec 16 2024 11:10:00 GMT+0530 (India Standard Time)","7354.05","7360.00","7336.00","7338.75"
"Mon Dec 16 2024 11:15:00 GMT+0530 (India Standard Time)","7338.75","7355.00","7335.00","7347.25"
"Mon Dec 16 2024 11:20:00 GMT+0530 (India Standard Time)","7347.25","7348.10","7335.00","7335.45"
"Mon Dec 16 2024 11:25:00 GMT+0530 (India Standard Time)","7335.45","7339.35","7332.00","7335.00"
"Mon Dec 16 2024 11:30:00 GMT+0530 (India Standard Time)","7335.00","7344.70","7332.00","7334.70"
"Mon Dec 16 2024 11:35:00 GMT+0530 (India Standard Time)","7334.70","7354.95","7334.70","7340.00"
"Mon Dec 16 2024 11:40:00 GMT+0530 (India Standard Time)","7340.00","7342.90","7336.35","7338.35"
"Mon Dec 16 2024 11:45:00 GMT+0530 (India Standard Time)","7338.35","7341.70","7335.00","7336.85"
"Mon Dec 16 2024 11:50:00 GMT+0530 (India Standard Time)","7336.85","7345.95","7335.10","7336.00"
"Mon Dec 16 2024 11:55:00 GMT+0530 (India Standard Time)","7336.00","7338.90","7331.60","7331.60"
"Mon Dec 16 2024 12:00:00 GMT+0530 (India Standard Time)","7334.50","7341.25","7333.00","7335.00"
"Mon Dec 16 2024 12:05:00 GMT+0530 (India Standard Time)","7333.15","7339.45","7331.55","7333.00"
"Mon Dec 16 2024 12:10:00 GMT+0530 (India Standard Time)","7333.00","7339.95","7332.35","7334.80"
"Mon Dec 16 2024 12:15:00 GMT+0530 (India Standard Time)","7334.80","7335.40","7317.35","7333.00"
"Mon Dec 16 2024 12:20:00 GMT+0530 (India Standard Time)","7333.00","7334.50","7328.55","7332.45"
"Mon Dec 16 2024 12:25:00 GMT+0530 (India Standard Time)","7332.45","7332.45","7329.65","7330.75"
"Mon Dec 16 2024 12:30:00 GMT+0530 (India Standard Time)","7330.75","7330.80","7325.00","7327.05"
"Mon Dec 16 2024 12:35:00 GMT+0530 (India Standard Time)","7332.45","7335.00","7330.45","7330.75"
"Mon Dec 16 2024 12:40:00 GMT+0530 (India Standard Time)","7330.75","7337.00","7328.75","7337.00"
"Mon Dec 16 2024 12:45:00 GMT+0530 (India Standard Time)","7337.00","7339.90","7330.00","7336.85"
"Mon Dec 16 2024 12:50:00 GMT+0530 (India Standard Time)","7336.85","7338.05","7333.00","7337.40"
"Mon Dec 16 2024 12:55:00 GMT+0530 (India Standard Time)","7337.40","7339.55","7330.05","7334.80"
"Mon Dec 16 2024 13:00:00 GMT+0530 (India Standard Time)","7333.95","7334.80","7331.00","7333.45"
"Mon Dec 16 2024 13:05:00 GMT+0530 (India Standard Time)","7333.45","7341.65","7333.10","7338.05"
"Mon Dec 16 2024 13:10:00 GMT+0530 (India Standard Time)","7338.05","7341.60","7333.05","7338.00"
"Mon Dec 16 2024 13:15:00 GMT+0530 (India Standard Time)","7338.00","7340.00","7331.90","7337.95"
"Mon Dec 16 2024 13:20:00 GMT+0530 (India Standard Time)","7337.95","7349.00","7333.55","7346.95"
"Mon Dec 16 2024 13:25:00 GMT+0530 (India Standard Time)","7344.25","7346.50","7340.00","7340.85"
"Mon Dec 16 2024 13:30:00 GMT+0530 (India Standard Time)","7341.25","7344.25","7338.05","7344.00"
"Mon Dec 16 2024 13:35:00 GMT+0530 (India Standard Time)","7344.00","7344.00","7340.10","7340.65"
"Mon Dec 16 2024 13:40:00 GMT+0530 (India Standard Time)","7340.65","7344.00","7338.05","7338.10"
"Mon Dec 16 2024 13:45:00 GMT+0530 (India Standard Time)","7338.10","7340.20","7338.05","7339.85"
"Mon Dec 16 2024 13:50:00 GMT+0530 (India Standard Time)","7339.85","7341.00","7338.70","7340.00"
"Mon Dec 16 2024 13:55:00 GMT+0530 (India Standard Time)","7340.00","7344.00","7340.00","7340.35"
"Mon Dec 16 2024 14:00:00 GMT+0530 (India Standard Time)","7343.40","7349.00","7341.05","7345.05"
"Mon Dec 16 2024 14:05:00 GMT+0530 (India Standard Time)","7345.05","7347.90","7341.05","7343.00"
"Mon Dec 16 2024 14:10:00 GMT+0530 (India Standard Time)","7343.00","7345.00","7341.00","7341.00"
"Mon Dec 16 2024 14:15:00 GMT+0530 (India Standard Time)","7341.00","7343.40","7339.10","7339.15"
"Mon Dec 16 2024 14:20:00 GMT+0530 (India Standard Time)","7339.15","7342.40","7339.15","7340.00"
"Mon Dec 16 2024 14:25:00 GMT+0530 (India Standard Time)","7340.00","7340.60","7337.00","7338.40"
"Mon Dec 16 2024 14:30:00 GMT+0530 (India Standard Time)","7338.40","7344.80","7337.20","7338.55"
"Mon Dec 16 2024 14:35:00 GMT+0530 (India Standard Time)","7338.55","7343.80","7338.55","7341.05"
"Mon Dec 16 2024 14:40:00 GMT+0530 (India Standard Time)","7341.05","7349.00","7340.00","7349.00"
"Mon Dec 16 2024 14:45:00 GMT+0530 (India Standard Time)","7349.00","7357.05","7344.00","7351.05"
"Mon Dec 16 2024 14:50:00 GMT+0530 (India Standard Time)","7351.05","7352.00","7345.10","7350.00"
"Mon Dec 16 2024 14:55:00 GMT+0530 (India Standard Time)","7350.00","7350.00","7345.00","7345.00"
"Mon Dec 16 2024 15:00:00 GMT+0530 (India Standard Time)","7346.50","7375.00","7345.20","7366.35"
"Mon Dec 16 2024 15:05:00 GMT+0530 (India Standard Time)","7366.20","7369.60","7348.20","7366.30"
"Mon Dec 16 2024 15:10:00 GMT+0530 (India Standard Time)","7366.30","7369.00","7356.05","7357.95"
"Mon Dec 16 2024 15:15:00 GMT+0530 (India Standard Time)","7357.95","7359.90","7346.05","7356.60"
"Mon Dec 16 2024 15:20:00 GMT+0530 (India Standard Time)","7357.90","7361.70","7346.20","7358.00"
"Mon Dec 16 2024 15:25:00 GMT+0530 (India Standard Time)","7358.55","7358.55","7345.00","7345.00"
"Tue Dec 17 2024 09:15:00 GMT+0530 (India Standard Time)","7352.00","7383.95","7320.05","7383.95"
"Tue Dec 17 2024 09:20:00 GMT+0530 (India Standard Time)","7383.90","7394.45","7375.15","7375.20"
"Tue Dec 17 2024 09:25:00 GMT+0530 (India Standard Time)","7375.20","7400.00","7375.20","7396.75"
"Tue Dec 17 2024 09:30:00 GMT+0530 (India Standard Time)","7396.75","7397.00","7382.60","7384.00"
"Tue Dec 17 2024 09:35:00 GMT+0530 (India Standard Time)","7384.00","7384.20","7361.15","7363.05"
"Tue Dec 17 2024 09:40:00 GMT+0530 (India Standard Time)","7363.05","7369.95","7350.10","7356.40"
"Tue Dec 17 2024 09:45:00 GMT+0530 (India Standard Time)","7356.40","7356.40","7322.50","7327.00"
"Tue Dec 17 2024 09:50:00 GMT+0530 (India Standard Time)","7327.00","7338.25","7325.00","7336.40"
"Tue Dec 17 2024 09:55:00 GMT+0530 (India Standard Time)","7336.40","7336.40","7332.00","7333.65"
"Tue Dec 17 2024 10:00:00 GMT+0530 (India Standard Time)","7335.00","7335.00","7320.05","7320.10"
"Tue Dec 17 2024 10:05:00 GMT+0530 (India Standard Time)","7320.05","7342.40","7311.50","7333.65"
"Tue Dec 17 2024 10:10:00 GMT+0530 (India Standard Time)","7333.65","7338.60","7330.05","7338.60"
"Tue Dec 17 2024 10:15:00 GMT+0530 (India Standard Time)","7338.60","7338.80","7331.15","7332.00"
"Tue Dec 17 2024 10:20:00 GMT+0530 (India Standard Time)","7332.00","7332.00","7314.90","7317.00"
"Tue Dec 17 2024 10:25:00 GMT+0530 (India Standard Time)","7317.00","7325.95","7314.00","7321.00"
"Tue Dec 17 2024 10:30:00 GMT+0530 (India Standard Time)","7321.00","7321.00","7316.05","7319.35"
"Tue Dec 17 2024 10:35:00 GMT+0530 (India Standard Time)","7317.15","7327.00","7316.00","7325.40"
"Tue Dec 17 2024 10:40:00 GMT+0530 (India Standard Time)","7325.40","7348.45","7320.95","7339.70"
"Tue Dec 17 2024 10:45:00 GMT+0530 (India Standard Time)","7338.50","7344.90","7333.55","7334.80"
"Tue Dec 17 2024 10:50:00 GMT+0530 (India Standard Time)","7334.80","7347.90","7330.00","7330.00"
"Tue Dec 17 2024 10:55:00 GMT+0530 (India Standard Time)","7330.00","7334.40","7329.45","7332.60"
"Tue Dec 17 2024 11:00:00 GMT+0530 (India Standard Time)","7332.60","7344.75","7332.60","7339.45"
"Tue Dec 17 2024 11:05:00 GMT+0530 (India Standard Time)","7339.45","7340.00","7328.40","7328.40"
"Tue Dec 17 2024 11:10:00 GMT+0530 (India Standard Time)","7329.00","7332.45","7321.10","7324.20"
"Tue Dec 17 2024 11:15:00 GMT+0530 (India Standard Time)","7324.20","7336.40","7323.50","7329.10"
"Tue Dec 17 2024 11:20:00 GMT+0530 (India Standard Time)","7329.10","7331.40","7317.00","7320.05"
"Tue Dec 17 2024 11:25:00 GMT+0530 (India Standard Time)","7320.05","7320.05","7300.70","7300.70"
"Tue Dec 17 2024 11:30:00 GMT+0530 (India Standard Time)","7300.70","7314.15","7300.00","7313.45"
"Tue Dec 17 2024 11:35:00 GMT+0530 (India Standard Time)","7313.45","7315.00","7304.25","7315.00"
"Tue Dec 17 2024 11:40:00 GMT+0530 (India Standard Time)","7315.00","7319.35","7292.50","7300.80"
"Tue Dec 17 2024 11:45:00 GMT+0530 (India Standard Time)","7300.80","7306.80","7300.80","7303.45"
"Tue Dec 17 2024 11:50:00 GMT+0530 (India Standard Time)","7303.45","7313.00","7303.45","7311.85"
"Tue Dec 17 2024 11:55:00 GMT+0530 (India Standard Time)","7306.65","7311.60","7302.05","7302.05"
"Tue Dec 17 2024 12:00:00 GMT+0530 (India Standard Time)","7302.00","7315.15","7298.45","7315.15"
"Tue Dec 17 2024 12:05:00 GMT+0530 (India Standard Time)","7315.15","7315.15","7308.85","7310.55"
"Tue Dec 17 2024 12:10:00 GMT+0530 (India Standard Time)","7311.85","7312.10","7298.30","7300.15"
"Tue Dec 17 2024 12:15:00 GMT+0530 (India Standard Time)","7300.15","7302.55","7280.00","7283.90"
"Tue Dec 17 2024 12:20:00 GMT+0530 (India Standard Time)","7283.90","7298.10","7283.90","7290.25"
"Tue Dec 17 2024 12:25:00 GMT+0530 (India Standard Time)","7290.25","7312.20","7288.00","7309.65"
"Tue Dec 17 2024 12:30:00 GMT+0530 (India Standard Time)","7309.65","7318.00","7309.65","7315.25"
"Tue Dec 17 2024 12:35:00 GMT+0530 (India Standard Time)","7315.25","7317.85","7300.00","7300.00"
"Tue Dec 17 2024 12:40:00 GMT+0530 (India Standard Time)","7300.00","7306.05","7294.25","7298.45"
"Tue Dec 17 2024 12:45:00 GMT+0530 (India Standard Time)","7298.45","7299.90","7287.00","7299.05"
"Tue Dec 17 2024 12:50:00 GMT+0530 (India Standard Time)","7295.95","7296.00","7287.50","7287.50"
"Tue Dec 17 2024 12:55:00 GMT+0530 (India Standard Time)","7287.40","7302.15","7286.65","7288.20"
"Tue Dec 17 2024 13:00:00 GMT+0530 (India Standard Time)","7292.30","7294.45","7284.80","7285.70"
"Tue Dec 17 2024 13:05:00 GMT+0530 (India Standard Time)","7285.70","7286.40","7275.05","7285.35"
"Tue Dec 17 2024 13:10:00 GMT+0530 (India Standard Time)","7285.35","7288.90","7275.05","7276.85"
"Tue Dec 17 2024 13:15:00 GMT+0530 (India Standard Time)","7276.85","7279.85","7269.80","7271.00"
"Tue Dec 17 2024 13:20:00 GMT+0530 (India Standard Time)","7271.00","7277.95","7265.05","7274.85"
"Tue Dec 17 2024 13:25:00 GMT+0530 (India Standard Time)","7274.85","7286.30","7272.00","7277.70"
"Tue Dec 17 2024 13:30:00 GMT+0530 (India Standard Time)","7277.70","7279.00","7265.00","7272.60"
"Tue Dec 17 2024 13:35:00 GMT+0530 (India Standard Time)","7272.60","7287.10","7270.10","7280.00"
"Tue Dec 17 2024 13:40:00 GMT+0530 (India Standard Time)","7280.00","7282.45","7265.55","7268.05"
"Tue Dec 17 2024 13:45:00 GMT+0530 (India Standard Time)","7268.05","7276.85","7267.25","7273.05"
"Tue Dec 17 2024 13:50:00 GMT+0530 (India Standard Time)","7273.05","7278.40","7265.05","7269.00"
"Tue Dec 17 2024 13:55:00 GMT+0530 (India Standard Time)","7269.00","7275.95","7265.45","7271.60"
"Tue Dec 17 2024 14:00:00 GMT+0530 (India Standard Time)","7270.05","7286.05","7270.05","7277.65"
"Tue Dec 17 2024 14:05:00 GMT+0530 (India Standard Time)","7277.65","7283.45","7267.60","7270.95"
"Tue Dec 17 2024 14:10:00 GMT+0530 (India Standard Time)","7270.90","7277.95","7241.10","7249.95"
"Tue Dec 17 2024 14:15:00 GMT+0530 (India Standard Time)","7249.95","7252.60","7232.60","7237.95"
"Tue Dec 17 2024 14:20:00 GMT+0530 (India Standard Time)","7238.00","7253.80","7238.00","7250.30"
"Tue Dec 17 2024 14:25:00 GMT+0530 (India Standard Time)","7250.25","7251.45","7245.70","7251.00"
"Tue Dec 17 2024 14:30:00 GMT+0530 (India Standard Time)","7251.00","7251.45","7248.00","7249.20"
"Tue Dec 17 2024 14:35:00 GMT+0530 (India Standard Time)","7249.20","7251.45","7245.75","7250.05"
"Tue Dec 17 2024 14:40:00 GMT+0530 (India Standard Time)","7251.00","7256.45","7248.05","7250.60"
"Tue Dec 17 2024 14:45:00 GMT+0530 (India Standard Time)","7250.60","7267.20","7250.05","7256.95"
"Tue Dec 17 2024 14:50:00 GMT+0530 (India Standard Time)","7258.30","7263.20","7252.00","7252.55"
"Tue Dec 17 2024 14:55:00 GMT+0530 (India Standard Time)","7252.55","7257.00","7246.55","7248.55"
"Tue Dec 17 2024 15:00:00 GMT+0530 (India Standard Time)","7250.00","7287.45","7250.00","7281.60"
"Tue Dec 17 2024 15:05:00 GMT+0530 (India Standard Time)","7283.75","7283.85","7274.05","7274.05"
"Tue Dec 17 2024 15:10:00 GMT+0530 (India Standard Time)","7274.05","7277.45","7265.80","7274.55"
"Tue Dec 17 2024 15:15:00 GMT+0530 (India Standard Time)","7271.90","7283.70","7267.60","7280.75"
"Tue Dec 17 2024 15:20:00 GMT+0530 (India Standard Time)","7280.00","7280.05","7270.00","7271.85"
"Tue Dec 17 2024 15:25:00 GMT+0530 (India Standard Time)","7271.50","7285.00","7265.00","7282.65"
"Wed Dec 18 2024 09:15:00 GMT+0530 (India Standard Time)","7265.00","7350.00","7245.25","7346.00"
"Wed Dec 18 2024 09:20:00 GMT+0530 (India Standard Time)","7350.00","7363.50","7319.20","7327.30"
"Wed Dec 18 2024 09:25:00 GMT+0530 (India Standard Time)","7327.30","7329.95","7280.15","7329.05"
"Wed Dec 18 2024 09:30:00 GMT+0530 (India Standard Time)","7329.05","7336.15","7320.00","7323.00"
"Wed Dec 18 2024 09:35:00 GMT+0530 (India Standard Time)","7323.00","7329.00","7314.10","7320.00"
"Wed Dec 18 2024 09:40:00 GMT+0530 (India Standard Time)","7320.00","7342.50","7312.25","7336.00"
"Wed Dec 18 2024 09:45:00 GMT+0530 (India Standard Time)","7336.00","7339.55","7328.45","7335.45"
"Wed Dec 18 2024 09:50:00 GMT+0530 (India Standard Time)","7335.45","7339.55","7311.00","7311.00"
"Wed Dec 18 2024 09:55:00 GMT+0530 (India Standard Time)","7311.00","7311.30","7272.30","7278.85"
"Wed Dec 18 2024 10:00:00 GMT+0530 (India Standard Time)","7275.10","7292.30","7274.20","7275.00"
"Wed Dec 18 2024 10:05:00 GMT+0530 (India Standard Time)","7275.05","7279.00","7269.95","7273.95"
"Wed Dec 18 2024 10:10:00 GMT+0530 (India Standard Time)","7273.95","7274.50","7260.30","7264.10"
"Wed Dec 18 2024 10:15:00 GMT+0530 (India Standard Time)","7264.00","7291.80","7251.00","7279.75"
"Wed Dec 18 2024 10:20:00 GMT+0530 (India Standard Time)","7277.05","7310.00","7270.15","7300.00"
"Wed Dec 18 2024 10:25:00 GMT+0530 (India Standard Time)","7300.00","7315.00","7286.65","7296.05"
"Wed Dec 18 2024 10:30:00 GMT+0530 (India Standard Time)","7294.05","7315.40","7284.75","7310.00"
"Wed Dec 18 2024 10:35:00 GMT+0530 (India Standard Time)","7310.00","7312.35","7291.35","7305.95"
"Wed Dec 18 2024 10:40:00 GMT+0530 (India Standard Time)","7305.95","7312.80","7300.00","7311.95"
"Wed Dec 18 2024 10:45:00 GMT+0530 (India Standard Time)","7312.00","7319.05","7295.35","7304.90"
"Wed Dec 18 2024 10:50:00 GMT+0530 (India Standard Time)","7304.90","7315.00","7295.05","7312.70"
"Wed Dec 18 2024 10:55:00 GMT+0530 (India Standard Time)","7312.70","7326.00","7302.15","7314.65"
"Wed Dec 18 2024 11:00:00 GMT+0530 (India Standard Time)","7314.65","7317.80","7304.25","7305.00"
"Wed Dec 18 2024 11:05:00 GMT+0530 (India Standard Time)","7305.00","7308.40","7288.00","7289.90"
"Wed Dec 18 2024 11:10:00 GMT+0530 (India Standard Time)","7289.90","7294.95","7282.65","7292.00"
"Wed Dec 18 2024 11:15:00 GMT+0530 (India Standard Time)","7292.00","7292.15","7280.00","7290.00"
"Wed Dec 18 2024 11:20:00 GMT+0530 (India Standard Time)","7290.00","7297.85","7290.00","7290.05"
"Wed Dec 18 2024 11:25:00 GMT+0530 (India Standard Time)","7290.05","7292.45","7273.75","7285.00"
"Wed Dec 18 2024 11:30:00 GMT+0530 (India Standard Time)","7285.00","7286.30","7275.70","7278.75"
"Wed Dec 18 2024 11:35:00 GMT+0530 (India Standard Time)","7278.75","7281.40","7275.65","7275.65"
"Wed Dec 18 2024 11:40:00 GMT+0530 (India Standard Time)","7275.65","7276.95","7261.90","7261.90"
"Wed Dec 18 2024 11:45:00 GMT+0530 (India Standard Time)","7261.90","7272.40","7254.05","7259.75"
"Wed Dec 18 2024 11:50:00 GMT+0530 (India Standard Time)","7259.75","7265.60","7248.05","7259.10"
"Wed Dec 18 2024 11:55:00 GMT+0530 (India Standard Time)","7259.10","7267.00","7255.00","7263.05"
"Wed Dec 18 2024 12:00:00 GMT+0530 (India Standard Time)","7263.05","7270.00","7263.05","7264.25"
"Wed Dec 18 2024 12:05:00 GMT+0530 (India Standard Time)","7264.25","7277.00","7259.55","7277.00"
"Wed Dec 18 2024 12:10:00 GMT+0530 (India Standard Time)","7277.00","7285.30","7276.35","7276.65"
"Wed Dec 18 2024 12:15:00 GMT+0530 (India Standard Time)","7276.65","7280.65","7270.00","7270.00"
"Wed Dec 18 2024 12:20:00 GMT+0530 (India Standard Time)","7270.00","7272.55","7254.30","7268.10"
"Wed Dec 18 2024 12:25:00 GMT+0530 (India Standard Time)","7268.10","7270.00","7263.60","7264.05"
"Wed Dec 18 2024 12:30:00 GMT+0530 (India Standard Time)","7264.05","7268.00","7259.35","7265.80"
"Wed Dec 18 2024 12:35:00 GMT+0530 (India Standard Time)","7265.80","7265.80","7259.10","7260.00"
"Wed Dec 18 2024 12:40:00 GMT+0530 (India Standard Time)","7260.00","7275.00","7259.50","7273.35"
"Wed Dec 18 2024 12:45:00 GMT+0530 (India Standard Time)","7273.85","7274.00","7259.50","7264.95"
"Wed Dec 18 2024 12:50:00 GMT+0530 (India Standard Time)","7264.95","7265.00","7259.20","7263.00"
"Wed Dec 18 2024 12:55:00 GMT+0530 (India Standard Time)","7263.00","7293.45","7256.05","7272.10"
"Wed Dec 18 2024 13:00:00 GMT+0530 (India Standard Time)","7272.10","7289.05","7268.15","7285.05"
"Wed Dec 18 2024 13:05:00 GMT+0530 (India Standard Time)","7280.00","7287.15","7270.05","7273.30"
"Wed Dec 18 2024 13:10:00 GMT+0530 (India Standard Time)","7273.30","7277.60","7268.90","7269.70"
"Wed Dec 18 2024 13:15:00 GMT+0530 (India Standard Time)","7269.70","7275.05","7265.55","7270.20"
"Wed Dec 18 2024 13:20:00 GMT+0530 (India Standard Time)","7273.60","7273.60","7270.20","7271.85"
"Wed Dec 18 2024 13:25:00 GMT+0530 (India Standard Time)","7273.05","7291.85","7272.00","7284.95"
"Wed Dec 18 2024 13:30:00 GMT+0530 (India Standard Time)","7284.95","7284.95","7270.00","7273.80"
"Wed Dec 18 2024 13:35:00 GMT+0530 (India Standard Time)","7273.55","7278.05","7267.10","7277.80"
"Wed Dec 18 2024 13:40:00 GMT+0530 (India Standard Time)","7277.80","7278.45","7270.05","7270.10"
"Wed Dec 18 2024 13:45:00 GMT+0530 (India Standard Time)","7270.10","7273.60","7266.10","7266.10"
"Wed Dec 18 2024 13:50:00 GMT+0530 (India Standard Time)","7266.10","7269.90","7265.75","7269.80"
"Wed Dec 18 2024 13:55:00 GMT+0530 (India Standard Time)","7269.80","7278.35","7267.65","7275.05"
"Wed Dec 18 2024 14:00:00 GMT+0530 (India Standard Time)","7274.30","7278.40","7271.15","7271.15"
"Wed Dec 18 2024 14:05:00 GMT+0530 (India Standard Time)","7271.15","7277.15","7270.00","7270.45"
"Wed Dec 18 2024 14:10:00 GMT+0530 (India Standard Time)","7270.10","7274.75","7266.00","7266.00"
"Wed Dec 18 2024 14:15:00 GMT+0530 (India Standard Time)","7266.00","7268.95","7252.75","7262.85"
"Wed Dec 18 2024 14:20:00 GMT+0530 (India Standard Time)","7262.00","7270.55","7255.30","7266.20"
"Wed Dec 18 2024 14:25:00 GMT+0530 (India Standard Time)","7266.20","7266.20","7257.50","7258.45"
"Wed Dec 18 2024 14:30:00 GMT+0530 (India Standard Time)","7260.80","7260.80","7225.35","7230.30"
"Wed Dec 18 2024 14:35:00 GMT+0530 (India Standard Time)","7230.30","7231.20","7216.05","7223.00"
"Wed Dec 18 2024 14:40:00 GMT+0530 (India Standard Time)","7223.00","7227.15","7214.55","7227.15"
"Wed Dec 18 2024 14:45:00 GMT+0530 (India Standard Time)","7227.10","7235.95","7225.20","7228.00"
"Wed Dec 18 2024 14:50:00 GMT+0530 (India Standard Time)","7228.00","7233.35","7222.40","7228.70"
"Wed Dec 18 2024 14:55:00 GMT+0530 (India Standard Time)","7228.70","7231.20","7224.40","7230.35"
"Wed Dec 18 2024 15:00:00 GMT+0530 (India Standard Time)","7230.35","7230.35","7220.00","7225.00"
"Wed Dec 18 2024 15:05:00 GMT+0530 (India Standard Time)","7222.30","7225.10","7220.85","7223.25"
"Wed Dec 18 2024 15:10:00 GMT+0530 (India Standard Time)","7225.00","7230.00","7223.20","7224.30"
"Wed Dec 18 2024 15:15:00 GMT+0530 (India Standard Time)","7226.95","7238.25","7222.70","7236.20"
"Wed Dec 18 2024 15:20:00 GMT+0530 (India Standard Time)","7236.20","7243.70","7232.85","7240.00"
"Wed Dec 18 2024 15:25:00 GMT+0530 (India Standard Time)","7239.95","7244.00","7220.60","7228.20"
"Thu Dec 19 2024 09:15:00 GMT+0530 (India Standard Time)","7150.00","7203.90","7095.05","7166.05"
"Thu Dec 19 2024 09:20:00 GMT+0530 (India Standard Time)","7164.05","7184.50","7112.05","7156.25"
"Thu Dec 19 2024 09:25:00 GMT+0530 (India Standard Time)","7160.00","7216.00","7150.05","7177.00"
"Thu Dec 19 2024 09:30:00 GMT+0530 (India Standard Time)","7177.00","7179.05","7142.15","7157.90"
"Thu Dec 19 2024 09:35:00 GMT+0530 (India Standard Time)","7159.95","7189.95","7159.95","7184.10"
"Thu Dec 19 2024 09:40:00 GMT+0530 (India Standard Time)","7184.10","7201.65","7178.20","7199.35"
"Thu Dec 19 2024 09:45:00 GMT+0530 (India Standard Time)","7200.00","7239.80","7192.30","7234.35"
"Thu Dec 19 2024 09:50:00 GMT+0530 (India Standard Time)","7236.05","7308.40","7233.05","7272.20"
"Thu Dec 19 2024 09:55:00 GMT+0530 (India Standard Time)","7272.20","7284.55","7231.25","7237.80"
"Thu Dec 19 2024 10:00:00 GMT+0530 (India Standard Time)","7237.80","7237.80","7205.05","7219.75"
"Thu Dec 19 2024 10:05:00 GMT+0530 (India Standard Time)","7219.45","7234.85","7212.00","7218.00"
"Thu Dec 19 2024 10:10:00 GMT+0530 (India Standard Time)","7218.00","7218.00","7193.40","7206.75"
"Thu Dec 19 2024 10:15:00 GMT+0530 (India Standard Time)","7205.00","7207.50","7179.80","7186.75"
"Thu Dec 19 2024 10:20:00 GMT+0530 (India Standard Time)","7186.75","7219.90","7185.80","7218.90"
"Thu Dec 19 2024 10:25:00 GMT+0530 (India Standard Time)","7218.90","7228.00","7209.00","7228.00"
"Thu Dec 19 2024 10:30:00 GMT+0530 (India Standard Time)","7228.00","7253.30","7225.15","7234.25"
"Thu Dec 19 2024 10:35:00 GMT+0530 (India Standard Time)","7234.25","7250.00","7228.80","7249.95"
"Thu Dec 19 2024 10:40:00 GMT+0530 (India Standard Time)","7249.95","7252.00","7242.15","7244.00"
"Thu Dec 19 2024 10:45:00 GMT+0530 (India Standard Time)","7244.00","7246.05","7235.25","7235.25"
"Thu Dec 19 2024 10:50:00 GMT+0530 (India Standard Time)","7231.05","7239.45","7227.05","7237.50"
"Thu Dec 19 2024 10:55:00 GMT+0530 (India Standard Time)","7237.50","7247.00","7230.05","7246.75"
"Thu Dec 19 2024 11:00:00 GMT+0530 (India Standard Time)","7246.75","7246.75","7208.50","7214.60"
"Thu Dec 19 2024 11:05:00 GMT+0530 (India Standard Time)","7214.60","7234.05","7214.60","7234.00"
"Thu Dec 19 2024 11:10:00 GMT+0530 (India Standard Time)","7234.00","7235.00","7224.30","7225.15"
"Thu Dec 19 2024 11:15:00 GMT+0530 (India Standard Time)","7225.15","7245.95","7225.15","7245.45"
"Thu Dec 19 2024 11:20:00 GMT+0530 (India Standard Time)","7245.45","7245.45","7230.00","7240.60"
"Thu Dec 19 2024 11:25:00 GMT+0530 (India Standard Time)","7240.60","7242.85","7232.10","7239.05"
"Thu Dec 19 2024 11:30:00 GMT+0530 (India Standard Time)","7239.05","7240.00","7229.00","7229.00"
"Thu Dec 19 2024 11:35:00 GMT+0530 (India Standard Time)","7229.00","7236.95","7228.00","7229.55"
"Thu Dec 19 2024 11:40:00 GMT+0530 (India Standard Time)","7229.55","7248.00","7227.15","7244.40"
"Thu Dec 19 2024 11:45:00 GMT+0530 (India Standard Time)","7244.40","7245.95","7235.60","7235.60"
"Thu Dec 19 2024 11:50:00 GMT+0530 (India Standard Time)","7237.35","7241.00","7231.55","7236.50"
"Thu Dec 19 2024 11:55:00 GMT+0530 (India Standard Time)","7236.50","7237.65","7230.05","7233.00"
"Thu Dec 19 2024 12:00:00 GMT+0530 (India Standard Time)","7233.00","7233.00","7225.55","7228.10"
"Thu Dec 19 2024 12:05:00 GMT+0530 (India Standard Time)","7228.10","7230.00","7224.10","7225.35"
"Thu Dec 19 2024 12:10:00 GMT+0530 (India Standard Time)","7228.55","7249.00","7223.00","7245.95"
"Thu Dec 19 2024 12:15:00 GMT+0530 (India Standard Time)","7245.95","7266.40","7244.00","7253.45"
"Thu Dec 19 2024 12:20:00 GMT+0530 (India Standard Time)","7253.45","7258.65","7250.25","7257.00"
"Thu Dec 19 2024 12:25:00 GMT+0530 (India Standard Time)","7257.00","7266.45","7255.10","7256.05"
"Thu Dec 19 2024 12:30:00 GMT+0530 (India Standard Time)","7256.05","7265.00","7256.05","7260.05"
"Thu Dec 19 2024 12:35:00 GMT+0530 (India Standard Time)","7260.05","7260.30","7251.60","7256.25"
"Thu Dec 19 2024 12:40:00 GMT+0530 (India Standard Time)","7256.20","7257.65","7250.00","7253.95"
"Thu Dec 19 2024 12:45:00 GMT+0530 (India Standard Time)","7253.95","7253.95","7229.50","7234.00"
"Thu Dec 19 2024 12:50:00 GMT+0530 (India Standard Time)","7234.00","7242.65","7229.10","7237.40"
"Thu Dec 19 2024 12:55:00 GMT+0530 (India Standard Time)","7237.40","7242.95","7232.05","7237.00"
"Thu Dec 19 2024 13:00:00 GMT+0530 (India Standard Time)","7237.00","7247.90","7237.00","7242.05"
"Thu Dec 19 2024 13:05:00 GMT+0530 (India Standard Time)","7242.05","7259.50","7238.40","7257.10"
"Thu Dec 19 2024 13:10:00 GMT+0530 (India Standard Time)","7255.05","7268.00","7253.00","7266.65"
"Thu Dec 19 2024 13:15:00 GMT+0530 (India Standard Time)","7268.10","7268.10","7240.15","7241.00"
"Thu Dec 19 2024 13:20:00 GMT+0530 (India Standard Time)","7241.00","7250.00","7239.75","7250.00"
"Thu Dec 19 2024 13:25:00 GMT+0530 (India Standard Time)","7250.00","7250.00","7244.80","7246.75"
"Thu Dec 19 2024 13:30:00 GMT+0530 (India Standard Time)","7246.75","7258.00","7243.15","7256.15"
"Thu Dec 19 2024 13:35:00 GMT+0530 (India Standard Time)","7256.15","7256.15","7249.70","7253.70"
"Thu Dec 19 2024 13:40:00 GMT+0530 (India Standard Time)","7253.70","7253.70","7248.30","7248.30"
"Thu Dec 19 2024 13:45:00 GMT+0530 (India Standard Time)","7248.30","7251.45","7232.10","7233.20"
"Thu Dec 19 2024 13:50:00 GMT+0530 (India Standard Time)","7233.20","7237.55","7230.00","7233.30"
"Thu Dec 19 2024 13:55:00 GMT+0530 (India Standard Time)","7233.30","7239.25","7233.30","7237.00"
"Thu Dec 19 2024 14:00:00 GMT+0530 (India Standard Time)","7237.00","7248.55","7234.05","7241.85"
"Thu Dec 19 2024 14:05:00 GMT+0530 (India Standard Time)","7241.85","7243.45","7237.40","7240.40"
"Thu Dec 19 2024 14:10:00 GMT+0530 (India Standard Time)","7240.40","7244.45","7238.80","7240.00"
"Thu Dec 19 2024 14:15:00 GMT+0530 (India Standard Time)","7240.05","7245.75","7237.75","7238.15"
"Thu Dec 19 2024 14:20:00 GMT+0530 (India Standard Time)","7238.15","7242.50","7228.00","7231.65"
"Thu Dec 19 2024 14:25:00 GMT+0530 (India Standard Time)","7228.05","7237.50","7222.35","7222.35"
"Thu Dec 19 2024 14:30:00 GMT+0530 (India Standard Time)","7221.00","7228.95","7219.90","7224.95"
"Thu Dec 19 2024 14:35:00 GMT+0530 (India Standard Time)","7224.95","7225.00","7221.25","7224.95"
"Thu Dec 19 2024 14:40:00 GMT+0530 (India Standard Time)","7224.95","7230.00","7222.00","7226.30"
"Thu Dec 19 2024 14:45:00 GMT+0530 (India Standard Time)","7226.30","7233.70","7225.15","7232.00"
"Thu Dec 19 2024 14:50:00 GMT+0530 (India Standard Time)","7229.20","7232.90","7222.00","7222.10"
"Thu Dec 19 2024 14:55:00 GMT+0530 (India Standard Time)","7222.10","7227.25","7221.05","7222.05"
"Thu Dec 19 2024 15:00:00 GMT+0530 (India Standard Time)","7222.05","7235.00","7216.15","7231.00"
"Thu Dec 19 2024 15:05:00 GMT+0530 (India Standard Time)","7231.00","7245.95","7230.50","7235.25"
"Thu Dec 19 2024 15:10:00 GMT+0530 (India Standard Time)","7235.25","7242.00","7235.20","7239.40"
"Thu Dec 19 2024 15:15:00 GMT+0530 (India Standard Time)","7239.40","7241.95","7229.05","7231.45"
"Thu Dec 19 2024 15:20:00 GMT+0530 (India Standard Time)","7231.45","7245.95","7230.15","7244.10"
"Thu Dec 19 2024 15:25:00 GMT+0530 (India Standard Time)","7246.35","7246.35","7230.80","7235.10"
"Fri Dec 20 2024 09:15:00 GMT+0530 (India Standard Time)","7301.05","7325.00","7223.35","7227.65"
"Fri Dec 20 2024 09:20:00 GMT+0530 (India Standard Time)","7233.15","7241.45","7195.30","7239.00"
"Fri Dec 20 2024 09:25:00 GMT+0530 (India Standard Time)","7239.00","7242.10","7126.55","7166.85"
"Fri Dec 20 2024 09:30:00 GMT+0530 (India Standard Time)","7166.25","7167.60","7114.10","7116.80"
"Fri Dec 20 2024 09:35:00 GMT+0530 (India Standard Time)","7116.80","7187.35","7115.05","7180.00"
"Fri Dec 20 2024 09:40:00 GMT+0530 (India Standard Time)","7180.00","7182.00","7165.40","7170.10"
"Fri Dec 20 2024 09:45:00 GMT+0530 (India Standard Time)","7174.75","7179.95","7141.60","7147.90"
"Fri Dec 20 2024 09:50:00 GMT+0530 (India Standard Time)","7147.90","7158.30","7138.95","7144.95"
"Fri Dec 20 2024 09:55:00 GMT+0530 (India Standard Time)","7144.95","7145.00","7121.00","7127.45"
"Fri Dec 20 2024 10:00:00 GMT+0530 (India Standard Time)","7127.45","7130.00","7106.20","7111.00"
"Fri Dec 20 2024 10:05:00 GMT+0530 (India Standard Time)","7111.00","7114.85","7080.00","7088.50"
"Fri Dec 20 2024 10:10:00 GMT+0530 (India Standard Time)","7088.50","7093.10","7056.00","7066.40"
"Fri Dec 20 2024 10:15:00 GMT+0530 (India Standard Time)","7066.40","7115.00","7057.50","7114.40"
"Fri Dec 20 2024 10:20:00 GMT+0530 (India Standard Time)","7114.95","7118.95","7090.00","7095.10"
"Fri Dec 20 2024 10:25:00 GMT+0530 (India Standard Time)","7093.00","7096.55","7076.85","7093.40"
"Fri Dec 20 2024 10:30:00 GMT+0530 (India Standard Time)","7093.40","7097.15","7070.15","7080.95"
"Fri Dec 20 2024 10:35:00 GMT+0530 (India Standard Time)","7083.20","7095.00","7076.10","7094.70"
"Fri Dec 20 2024 10:40:00 GMT+0530 (India Standard Time)","7094.65","7095.10","7068.30","7070.00"
"Fri Dec 20 2024 10:45:00 GMT+0530 (India Standard Time)","7070.00","7076.45","7052.00","7064.20"
"Fri Dec 20 2024 10:50:00 GMT+0530 (India Standard Time)","7065.50","7090.00","7056.45","7090.00"
"Fri Dec 20 2024 10:55:00 GMT+0530 (India Standard Time)","7090.00","7090.00","7055.10","7055.55"
"Fri Dec 20 2024 11:00:00 GMT+0530 (India Standard Time)","7055.55","7070.00","7021.90","7038.00"
"Fri Dec 20 2024 11:05:00 GMT+0530 (India Standard Time)","7041.65","7065.00","7013.50","7061.85"
"Fri Dec 20 2024 11:10:00 GMT+0530 (India Standard Time)","7061.85","7069.95","7048.75","7056.10"
"Fri Dec 20 2024 11:15:00 GMT+0530 (India Standard Time)","7056.10","7056.10","7032.15","7042.40"
"Fri Dec 20 2024 11:20:00 GMT+0530 (India Standard Time)","7042.40","7058.15","7036.50","7043.45"
"Fri Dec 20 2024 11:25:00 GMT+0530 (India Standard Time)","7043.45","7047.30","7033.05","7041.65"
"Fri Dec 20 2024 11:30:00 GMT+0530 (India Standard Time)","7041.65","7043.40","7031.05","7042.25"
"Fri Dec 20 2024 11:35:00 GMT+0530 (India Standard Time)","7042.25","7047.95","7038.05","7044.75"
"Fri Dec 20 2024 11:40:00 GMT+0530 (India Standard Time)","7044.75","7048.00","7034.90","7044.60"
"Fri Dec 20 2024 11:45:00 GMT+0530 (India Standard Time)","7044.60","7047.50","7038.00","7040.00"
"Fri Dec 20 2024 11:50:00 GMT+0530 (India Standard Time)","7040.00","7058.10","7035.30","7052.35"