"Date","Open","High","Low","Close"
"Thu Jan 16 2025 14:50:00 GMT+0530 (India Standard Time)","6177.55","6180.05","6173.00","6173.10"
"Thu Jan 16 2025 14:55:00 GMT+0530 (India Standard Time)","6173.10","6186.00","6172.15","6181.30"
"Thu Jan 16 2025 15:00:00 GMT+0530 (India Standard Time)","6181.35","6183.00","6175.40","6178.80"
"Thu Jan 16 2025 15:05:00 GMT+0530 (India Standard Time)","6178.80","6181.80","6170.05","6179.95"
"Thu Jan 16 2025 15:10:00 GMT+0530 (India Standard Time)","6183.10","6183.10","6176.10","6180.15"
"Thu Jan 16 2025 15:15:00 GMT+0530 (India Standard Time)","6180.15","6187.00","6180.15","6185.15"
"Thu Jan 16 2025 15:20:00 GMT+0530 (India Standard Time)","6185.15","6189.90","6181.00","6184.25"
"Thu Jan 16 2025 15:25:00 GMT+0530 (India Standard Time)","6185.00","6198.95","6184.20","6195.10"
"Fri Jan 17 2025 09:15:00 GMT+0530 (India Standard Time)","6190.00","6199.95","6150.00","6158.90"
"Fri Jan 17 2025 09:20:00 GMT+0530 (India Standard Time)","6158.90","6173.40","6155.40","6166.55"
"Fri Jan 17 2025 09:25:00 GMT+0530 (India Standard Time)","6168.70","6190.00","6166.55","6182.60"
"Fri Jan 17 2025 09:30:00 GMT+0530 (India Standard Time)","6182.60","6200.55","6178.95","6185.00"
"Fri Jan 17 2025 09:35:00 GMT+0530 (India Standard Time)","6185.95","6190.00","6180.45","6186.40"
"Fri Jan 17 2025 09:40:00 GMT+0530 (India Standard Time)","6188.90","6195.00","6169.90","6193.95"
"Fri Jan 17 2025 09:45:00 GMT+0530 (India Standard Time)","6191.35","6215.90","6189.90","6210.85"
"Fri Jan 17 2025 09:50:00 GMT+0530 (India Standard Time)","6210.85","6210.85","6196.00","6203.00"
"Fri Jan 17 2025 09:55:00 GMT+0530 (India Standard Time)","6205.90","6208.00","6201.80","6206.30"
"Fri Jan 17 2025 10:00:00 GMT+0530 (India Standard Time)","6206.30","6213.25","6203.50","6212.10"
"Fri Jan 17 2025 10:05:00 GMT+0530 (India Standard Time)","6212.45","6223.00","6208.50","6220.00"
"Fri Jan 17 2025 10:10:00 GMT+0530 (India Standard Time)","6220.00","6222.00","6200.00","6205.95"
"Fri Jan 17 2025 10:15:00 GMT+0530 (India Standard Time)","6205.95","6215.00","6205.95","6212.75"
"Fri Jan 17 2025 10:20:00 GMT+0530 (India Standard Time)","6212.30","6220.00","6210.95","6216.25"
"Fri Jan 17 2025 10:25:00 GMT+0530 (India Standard Time)","6216.25","6232.85","6213.70","6232.85"
"Fri Jan 17 2025 10:30:00 GMT+0530 (India Standard Time)","6228.30","6240.30","6225.05","6227.00"
"Fri Jan 17 2025 10:35:00 GMT+0530 (India Standard Time)","6227.00","6233.90","6221.65","6232.00"
"Fri Jan 17 2025 10:40:00 GMT+0530 (India Standard Time)","6232.00","6241.30","6232.00","6232.15"
"Fri Jan 17 2025 10:45:00 GMT+0530 (India Standard Time)","6232.15","6250.85","6220.00","6223.70"
"Fri Jan 17 2025 10:50:00 GMT+0530 (India Standard Time)","6223.70","6225.20","6215.05","6222.00"
"Fri Jan 17 2025 10:55:00 GMT+0530 (India Standard Time)","6222.00","6222.45","6186.00","6193.10"
"Fri Jan 17 2025 11:00:00 GMT+0530 (India Standard Time)","6195.35","6208.95","6191.00","6201.05"
"Fri Jan 17 2025 11:05:00 GMT+0530 (India Standard Time)","6201.05","6210.65","6200.00","6207.15"
"Fri Jan 17 2025 11:10:00 GMT+0530 (India Standard Time)","6207.15","6223.25","6200.70","6220.25"
"Fri Jan 17 2025 11:15:00 GMT+0530 (India Standard Time)","6220.25","6229.85","6210.00","6216.80"
"Fri Jan 17 2025 11:20:00 GMT+0530 (India Standard Time)","6216.80","6217.70","6201.85","6213.55"
"Fri Jan 17 2025 11:25:00 GMT+0530 (India Standard Time)","6213.55","6217.95","6200.10","6202.00"
"Fri Jan 17 2025 11:30:00 GMT+0530 (India Standard Time)","6202.00","6208.75","6197.45","6203.25"
"Fri Jan 17 2025 11:35:00 GMT+0530 (India Standard Time)","6205.45","6213.40","6200.50","6207.90"
"Fri Jan 17 2025 11:40:00 GMT+0530 (India Standard Time)","6207.90","6209.90","6200.00","6200.00"
"Fri Jan 17 2025 11:45:00 GMT+0530 (India Standard Time)","6201.00","6201.00","6172.75","6179.20"
"Fri Jan 17 2025 11:50:00 GMT+0530 (India Standard Time)","6180.45","6185.60","6177.95","6180.60"
"Fri Jan 17 2025 11:55:00 GMT+0530 (India Standard Time)","6180.00","6185.00","6175.80","6182.40"
"Fri Jan 17 2025 12:00:00 GMT+0530 (India Standard Time)","6183.80","6188.10","6182.80","6187.05"
"Fri Jan 17 2025 12:05:00 GMT+0530 (India Standard Time)","6187.05","6190.00","6180.15","6188.00"
"Fri Jan 17 2025 12:10:00 GMT+0530 (India Standard Time)","6188.00","6193.95","6180.00","6180.95"
"Fri Jan 17 2025 12:15:00 GMT+0530 (India Standard Time)","6180.95","6190.00","6177.60","6188.20"
"Fri Jan 17 2025 12:20:00 GMT+0530 (India Standard Time)","6188.20","6190.00","6185.00","6185.20"
"Fri Jan 17 2025 12:25:00 GMT+0530 (India Standard Time)","6185.20","6189.40","6176.00","6182.00"
"Fri Jan 17 2025 12:30:00 GMT+0530 (India Standard Time)","6182.00","6185.00","6179.90","6182.45"
"Fri Jan 17 2025 12:35:00 GMT+0530 (India Standard Time)","6182.45","6186.00","6177.15","6182.60"
"Fri Jan 17 2025 12:40:00 GMT+0530 (India Standard Time)","6182.60","6182.60","6174.80","6176.90"
"Fri Jan 17 2025 12:45:00 GMT+0530 (India Standard Time)","6176.90","6183.40","6166.00","6166.90"
"Fri Jan 17 2025 12:50:00 GMT+0530 (India Standard Time)","6166.90","6177.70","6166.90","6177.70"
"Fri Jan 17 2025 12:55:00 GMT+0530 (India Standard Time)","6176.00","6177.45","6171.45","6174.45"
"Fri Jan 17 2025 13:00:00 GMT+0530 (India Standard Time)","6174.45","6187.95","6171.40","6179.00"
"Fri Jan 17 2025 13:05:00 GMT+0530 (India Standard Time)","6179.00","6180.00","6172.00","6176.10"
"Fri Jan 17 2025 13:10:00 GMT+0530 (India Standard Time)","6176.10","6176.75","6165.00","6165.30"
"Fri Jan 17 2025 13:15:00 GMT+0530 (India Standard Time)","6165.30","6173.45","6165.30","6166.65"
"Fri Jan 17 2025 13:20:00 GMT+0530 (India Standard Time)","6166.65","6169.55","6165.00","6165.00"
"Fri Jan 17 2025 13:25:00 GMT+0530 (India Standard Time)","6165.00","6167.65","6162.45","6167.25"
"Fri Jan 17 2025 13:30:00 GMT+0530 (India Standard Time)","6167.25","6168.75","6165.45","6165.55"
"Fri Jan 17 2025 13:35:00 GMT+0530 (India Standard Time)","6165.55","6171.30","6164.30","6168.85"
"Fri Jan 17 2025 13:40:00 GMT+0530 (India Standard Time)","6168.85","6170.40","6163.25","6169.30"
"Fri Jan 17 2025 13:45:00 GMT+0530 (India Standard Time)","6169.30","6171.25","6164.45","6167.05"
"Fri Jan 17 2025 13:50:00 GMT+0530 (India Standard Time)","6168.40","6178.00","6167.75","6172.25"
"Fri Jan 17 2025 13:55:00 GMT+0530 (India Standard Time)","6172.25","6176.00","6170.45","6176.00"
"Fri Jan 17 2025 14:00:00 GMT+0530 (India Standard Time)","6176.00","6190.00","6174.10","6188.15"
"Fri Jan 17 2025 14:05:00 GMT+0530 (India Standard Time)","6188.15","6195.00","6187.00","6193.00"
"Fri Jan 17 2025 14:10:00 GMT+0530 (India Standard Time)","6193.00","6193.00","6188.15","6191.10"
"Fri Jan 17 2025 14:15:00 GMT+0530 (India Standard Time)","6191.10","6192.50","6186.00","6189.95"
"Fri Jan 17 2025 14:20:00 GMT+0530 (India Standard Time)","6189.95","6203.80","6188.00","6203.80"
"Fri Jan 17 2025 14:25:00 GMT+0530 (India Standard Time)","6203.80","6209.95","6198.70","6205.75"
"Fri Jan 17 2025 14:30:00 GMT+0530 (India Standard Time)","6205.75","6210.00","6204.45","6208.15"
"Fri Jan 17 2025 14:35:00 GMT+0530 (India Standard Time)","6208.15","6210.00","6203.60","6203.60"
"Fri Jan 17 2025 14:40:00 GMT+0530 (India Standard Time)","6203.60","6212.45","6203.60","6212.45"
"Fri Jan 17 2025 14:45:00 GMT+0530 (India Standard Time)","6212.45","6227.05","6211.80","6224.40"
"Fri Jan 17 2025 14:50:00 GMT+0530 (India Standard Time)","6224.40","6226.85","6221.05","6224.05"
"Fri Jan 17 2025 14:55:00 GMT+0530 (India Standard Time)","6224.05","6235.00","6223.55","6233.25"
"Fri Jan 17 2025 15:00:00 GMT+0530 (India Standard Time)","6233.15","6237.95","6215.00","6216.95"
"Fri Jan 17 2025 15:05:00 GMT+0530 (India Standard Time)","6216.95","6219.95","6202.65","6211.95"
"Fri Jan 17 2025 15:10:00 GMT+0530 (India Standard Time)","6214.45","6215.95","6205.00","6215.00"
"Fri Jan 17 2025 15:15:00 GMT+0530 (India Standard Time)","6215.00","6218.00","6210.00","6212.35"
"Fri Jan 17 2025 15:20:00 GMT+0530 (India Standard Time)","6212.30","6213.90","6207.75","6209.40"
"Fri Jan 17 2025 15:25:00 GMT+0530 (India Standard Time)","6209.40","6217.00","6200.00","6210.00"
"Mon Jan 20 2025 09:15:00 GMT+0530 (India Standard Time)","6215.00","6229.05","6165.00","6171.55"
"Mon Jan 20 2025 09:20:00 GMT+0530 (India Standard Time)","6170.75","6175.00","6161.00","6170.75"
"Mon Jan 20 2025 09:25:00 GMT+0530 (India Standard Time)","6170.75","6177.90","6151.45","6156.65"
"Mon Jan 20 2025 09:30:00 GMT+0530 (India Standard Time)","6156.65","6163.40","6140.00","6146.30"
"Mon Jan 20 2025 09:35:00 GMT+0530 (India Standard Time)","6146.30","6154.30","6140.00","6144.95"
"Mon Jan 20 2025 09:40:00 GMT+0530 (India Standard Time)","6144.95","6150.70","6139.40","6150.70"
"Mon Jan 20 2025 09:45:00 GMT+0530 (India Standard Time)","6150.70","6152.00","6135.00","6139.10"
"Mon Jan 20 2025 09:50:00 GMT+0530 (India Standard Time)","6138.25","6138.50","6125.00","6136.00"
"Mon Jan 20 2025 09:55:00 GMT+0530 (India Standard Time)","6134.15","6145.55","6132.75","6132.90"
"Mon Jan 20 2025 10:00:00 GMT+0530 (India Standard Time)","6132.75","6139.90","6121.45","6134.90"
"Mon Jan 20 2025 10:05:00 GMT+0530 (India Standard Time)","6134.90","6146.10","6130.00","6138.00"
"Mon Jan 20 2025 10:10:00 GMT+0530 (India Standard Time)","6138.00","6149.90","6136.60","6144.70"
"Mon Jan 20 2025 10:15:00 GMT+0530 (India Standard Time)","6144.70","6152.00","6140.00","6150.80"
"Mon Jan 20 2025 10:20:00 GMT+0530 (India Standard Time)","6150.55","6157.30","6145.00","6149.75"
"Mon Jan 20 2025 10:25:00 GMT+0530 (India Standard Time)","6149.75","6157.25","6148.05","6148.70"
"Mon Jan 20 2025 10:30:00 GMT+0530 (India Standard Time)","6148.70","6158.00","6148.50","6157.00"
"Mon Jan 20 2025 10:35:00 GMT+0530 (India Standard Time)","6154.35","6158.90","6150.00","6155.00"
"Mon Jan 20 2025 10:40:00 GMT+0530 (India Standard Time)","6155.00","6164.70","6154.00","6163.90"
"Mon Jan 20 2025 10:45:00 GMT+0530 (India Standard Time)","6161.10","6178.85","6161.10","6174.10"
"Mon Jan 20 2025 10:50:00 GMT+0530 (India Standard Time)","6174.10","6175.00","6170.10","6172.00"
"Mon Jan 20 2025 10:55:00 GMT+0530 (India Standard Time)","6172.00","6175.95","6170.30","6174.00"
"Mon Jan 20 2025 11:00:00 GMT+0530 (India Standard Time)","6174.00","6175.40","6165.00","6165.00"
"Mon Jan 20 2025 11:05:00 GMT+0530 (India Standard Time)","6165.00","6172.00","6164.35","6167.65"
"Mon Jan 20 2025 11:10:00 GMT+0530 (India Standard Time)","6170.75","6172.95","6165.00","6169.60"
"Mon Jan 20 2025 11:15:00 GMT+0530 (India Standard Time)","6169.60","6178.00","6169.60","6174.50"
"Mon Jan 20 2025 11:20:00 GMT+0530 (India Standard Time)","6174.50","6180.10","6173.30","6179.75"
"Mon Jan 20 2025 11:25:00 GMT+0530 (India Standard Time)","6179.75","6185.00","6177.00","6180.45"
"Mon Jan 20 2025 11:30:00 GMT+0530 (India Standard Time)","6180.45","6183.40","6176.05","6180.30"
"Mon Jan 20 2025 11:35:00 GMT+0530 (India Standard Time)","6180.30","6183.00","6177.10","6181.00"
"Mon Jan 20 2025 11:40:00 GMT+0530 (India Standard Time)","6181.00","6182.50","6179.00","6181.60"
"Mon Jan 20 2025 11:45:00 GMT+0530 (India Standard Time)","6181.60","6182.50","6179.00","6179.00"
"Mon Jan 20 2025 11:50:00 GMT+0530 (India Standard Time)","6178.00","6178.00","6168.15","6171.00"
"Mon Jan 20 2025 11:55:00 GMT+0530 (India Standard Time)","6171.00","6178.90","6170.00","6178.90"
"Mon Jan 20 2025 12:00:00 GMT+0530 (India Standard Time)","6178.90","6180.00","6174.00","6178.40"
"Mon Jan 20 2025 12:05:00 GMT+0530 (India Standard Time)","6178.40","6178.40","6175.00","6177.80"
"Mon Jan 20 2025 12:10:00 GMT+0530 (India Standard Time)","6177.80","6179.15","6175.10","6179.15"
"Mon Jan 20 2025 12:15:00 GMT+0530 (India Standard Time)","6179.15","6180.40","6175.00","6178.45"
"Mon Jan 20 2025 12:20:00 GMT+0530 (India Standard Time)","6178.45","6180.55","6175.00","6175.15"
"Mon Jan 20 2025 12:25:00 GMT+0530 (India Standard Time)","6175.15","6179.00","6169.00","6171.70"
"Mon Jan 20 2025 12:30:00 GMT+0530 (India Standard Time)","6168.50","6169.80","6165.00","6169.50"
"Mon Jan 20 2025 12:35:00 GMT+0530 (India Standard Time)","6169.50","6170.30","6165.00","6170.10"
"Mon Jan 20 2025 12:40:00 GMT+0530 (India Standard Time)","6170.10","6170.10","6168.10","6169.95"
"Mon Jan 20 2025 12:45:00 GMT+0530 (India Standard Time)","6169.95","6170.10","6168.10","6170.00"
"Mon Jan 20 2025 12:50:00 GMT+0530 (India Standard Time)","6170.05","6175.00","6170.05","6175.00"
"Mon Jan 20 2025 12:55:00 GMT+0530 (India Standard Time)","6175.00","6175.00","6172.80","6172.80"
"Mon Jan 20 2025 13:00:00 GMT+0530 (India Standard Time)","6172.80","6173.10","6171.15","6172.80"
"Mon Jan 20 2025 13:05:00 GMT+0530 (India Standard Time)","6172.00","6172.85","6170.90","6172.80"
"Mon Jan 20 2025 13:10:00 GMT+0530 (India Standard Time)","6172.80","6179.80","6170.90","6179.40"
"Mon Jan 20 2025 13:15:00 GMT+0530 (India Standard Time)","6179.40","6190.05","6177.80","6190.05"
"Mon Jan 20 2025 13:20:00 GMT+0530 (India Standard Time)","6190.05","6194.00","6190.00","6193.15"
"Mon Jan 20 2025 13:25:00 GMT+0530 (India Standard Time)","6193.15","6195.00","6190.00","6191.70"
"Mon Jan 20 2025 13:30:00 GMT+0530 (India Standard Time)","6191.70","6194.80","6188.00","6194.80"
"Mon Jan 20 2025 13:35:00 GMT+0530 (India Standard Time)","6194.80","6194.80","6191.00","6193.00"
"Mon Jan 20 2025 13:40:00 GMT+0530 (India Standard Time)","6193.00","6194.15","6189.05","6193.80"
"Mon Jan 20 2025 13:45:00 GMT+0530 (India Standard Time)","6193.80","6194.25","6190.00","6192.70"
"Mon Jan 20 2025 13:50:00 GMT+0530 (India Standard Time)","6192.70","6192.70","6190.00","6192.25"
"Mon Jan 20 2025 13:55:00 GMT+0530 (India Standard Time)","6192.25","6192.25","6190.00","6190.05"
"Mon Jan 20 2025 14:00:00 GMT+0530 (India Standard Time)","6190.05","6192.25","6190.00","6192.00"
"Mon Jan 20 2025 14:05:00 GMT+0530 (India Standard Time)","6192.00","6194.00","6190.00","6190.05"
"Mon Jan 20 2025 14:10:00 GMT+0530 (India Standard Time)","6190.05","6192.50","6190.00","6191.00"
"Mon Jan 20 2025 14:15:00 GMT+0530 (India Standard Time)","6191.00","6194.90","6190.50","6194.00"
"Mon Jan 20 2025 14:20:00 GMT+0530 (India Standard Time)","6194.00","6194.00","6190.00","6191.40"
"Mon Jan 20 2025 14:25:00 GMT+0530 (India Standard Time)","6191.40","6191.40","6190.00","6191.00"
"Mon Jan 20 2025 14:30:00 GMT+0530 (India Standard Time)","6191.00","6207.05","6190.00","6202.45"
"Mon Jan 20 2025 14:35:00 GMT+0530 (India Standard Time)","6202.45","6210.00","6200.70","6207.00"
"Mon Jan 20 2025 14:40:00 GMT+0530 (India Standard Time)","6207.00","6218.60","6205.75","6214.40"
"Mon Jan 20 2025 14:45:00 GMT+0530 (India Standard Time)","6214.40","6217.65","6208.95","6208.95"
"Mon Jan 20 2025 14:50:00 GMT+0530 (India Standard Time)","6208.95","6210.50","6200.00","6202.95"
"Mon Jan 20 2025 14:55:00 GMT+0530 (India Standard Time)","6202.95","6211.75","6202.35","6208.60"
"Mon Jan 20 2025 15:00:00 GMT+0530 (India Standard Time)","6208.60","6212.75","6207.55","6207.55"
"Mon Jan 20 2025 15:05:00 GMT+0530 (India Standard Time)","6207.55","6214.90","6203.00","6211.10"
"Mon Jan 20 2025 15:10:00 GMT+0530 (India Standard Time)","6215.50","6215.50","6205.50","6206.10"
"Mon Jan 20 2025 15:15:00 GMT+0530 (India Standard Time)","6206.10","6207.90","6192.00","6194.40"
"Mon Jan 20 2025 15:20:00 GMT+0530 (India Standard Time)","6194.40","6194.40","6190.00","6190.00"
"Mon Jan 20 2025 15:25:00 GMT+0530 (India Standard Time)","6190.05","6190.10","6180.00","6185.00"
"Tue Jan 21 2025 09:15:00 GMT+0530 (India Standard Time)","6220.20","6239.35","6210.15","6220.15"
"Tue Jan 21 2025 09:20:00 GMT+0530 (India Standard Time)","6221.00","6264.10","6220.00","6259.75"
"Tue Jan 21 2025 09:25:00 GMT+0530 (India Standard Time)","6259.75","6275.00","6258.80","6260.05"
"Tue Jan 21 2025 09:30:00 GMT+0530 (India Standard Time)","6260.05","6260.15","6228.30","6232.95"
"Tue Jan 21 2025 09:35:00 GMT+0530 (India Standard Time)","6230.10","6231.30","6212.75","6220.55"
"Tue Jan 21 2025 09:40:00 GMT+0530 (India Standard Time)","6220.55","6239.75","6220.55","6230.05"
"Tue Jan 21 2025 09:45:00 GMT+0530 (India Standard Time)","6230.05","6233.20","6217.30","6227.20"
"Tue Jan 21 2025 09:50:00 GMT+0530 (India Standard Time)","6227.20","6249.30","6225.50","6245.00"
"Tue Jan 21 2025 09:55:00 GMT+0530 (India Standard Time)","6245.00","6249.00","6225.55","6225.55"
"Tue Jan 21 2025 10:00:00 GMT+0530 (India Standard Time)","6225.55","6229.75","6220.00","6220.00"
"Tue Jan 21 2025 10:05:00 GMT+0530 (India Standard Time)","6220.00","6220.00","6212.40","6216.95"
"Tue Jan 21 2025 10:10:00 GMT+0530 (India Standard Time)","6217.45","6222.20","6213.55","6215.85"
"Tue Jan 21 2025 10:15:00 GMT+0530 (India Standard Time)","6216.70","6217.50","6192.95","6197.60"
"Tue Jan 21 2025 10:20:00 GMT+0530 (India Standard Time)","6197.60","6200.00","6180.30","6185.60"
"Tue Jan 21 2025 10:25:00 GMT+0530 (India Standard Time)","6185.60","6193.00","6184.85","6186.25"
"Tue Jan 21 2025 10:30:00 GMT+0530 (India Standard Time)","6186.25","6188.50","6158.00","6166.65"
"Tue Jan 21 2025 10:35:00 GMT+0530 (India Standard Time)","6170.00","6193.00","6167.20","6189.00"
"Tue Jan 21 2025 10:40:00 GMT+0530 (India Standard Time)","6189.00","6193.00","6175.15","6175.15"
"Tue Jan 21 2025 10:45:00 GMT+0530 (India Standard Time)","6175.15","6185.25","6175.00","6182.10"
"Tue Jan 21 2025 10:50:00 GMT+0530 (India Standard Time)","6182.10","6191.20","6175.00","6179.90"
"Tue Jan 21 2025 10:55:00 GMT+0530 (India Standard Time)","6179.90","6190.70","6177.70","6177.70"
"Tue Jan 21 2025 11:00:00 GMT+0530 (India Standard Time)","6177.70","6180.20","6173.35","6176.85"
"Tue Jan 21 2025 11:05:00 GMT+0530 (India Standard Time)","6176.85","6176.85","6162.65","6170.00"
"Tue Jan 21 2025 11:10:00 GMT+0530 (India Standard Time)","6170.00","6179.20","6158.00","6172.00"
"Tue Jan 21 2025 11:15:00 GMT+0530 (India Standard Time)","6172.70","6186.90","6168.25","6179.75"
"Tue Jan 21 2025 11:20:00 GMT+0530 (India Standard Time)","6179.75","6179.75","6166.00","6166.00"
"Tue Jan 21 2025 11:25:00 GMT+0530 (India Standard Time)","6166.00","6176.75","6162.25","6162.25"
"Tue Jan 21 2025 11:30:00 GMT+0530 (India Standard Time)","6162.25","6184.60","6162.25","6176.45"
"Tue Jan 21 2025 11:35:00 GMT+0530 (India Standard Time)","6175.65","6200.00","6170.65","6177.85"
"Tue Jan 21 2025 11:40:00 GMT+0530 (India Standard Time)","6177.85","6189.35","6166.00","6183.75"
"Tue Jan 21 2025 11:45:00 GMT+0530 (India Standard Time)","6186.25","6223.95","6186.25","6217.20"
"Tue Jan 21 2025 11:50:00 GMT+0530 (India Standard Time)","6217.20","6224.15","6210.55","6218.65"
"Tue Jan 21 2025 11:55:00 GMT+0530 (India Standard Time)","6218.50","6222.00","6211.20","6221.90"
"Tue Jan 21 2025 12:00:00 GMT+0530 (India Standard Time)","6221.90","6224.35","6202.45","6205.95"
"Tue Jan 21 2025 12:05:00 GMT+0530 (India Standard Time)","6205.95","6212.15","6200.00","6200.25"
"Tue Jan 21 2025 12:10:00 GMT+0530 (India Standard Time)","6202.00","6204.00","6187.00","6187.00"
"Tue Jan 21 2025 12:15:00 GMT+0530 (India Standard Time)","6187.00","6188.20","6166.40","6179.65"
"Tue Jan 21 2025 12:20:00 GMT+0530 (India Standard Time)","6179.65","6179.65","6165.60","6169.05"
"Tue Jan 21 2025 12:25:00 GMT+0530 (India Standard Time)","6169.05","6173.20","6165.70","6169.30"
"Tue Jan 21 2025 12:30:00 GMT+0530 (India Standard Time)","6169.30","6171.00","6165.65","6171.00"
"Tue Jan 21 2025 12:35:00 GMT+0530 (India Standard Time)","6171.00","6172.00","6165.60","6172.00"
"Tue Jan 21 2025 12:40:00 GMT+0530 (India Standard Time)","6172.00","6185.50","6171.50","6176.00"
"Tue Jan 21 2025 12:45:00 GMT+0530 (India Standard Time)","6173.75","6185.95","6170.30","6177.75"
"Tue Jan 21 2025 12:50:00 GMT+0530 (India Standard Time)","6177.75","6184.50","6174.40","6184.50"
"Tue Jan 21 2025 12:55:00 GMT+0530 (India Standard Time)","6184.50","6198.45","6180.10","6194.90"
"Tue Jan 21 2025 13:00:00 GMT+0530 (India Standard Time)","6192.05","6208.05","6189.60","6203.10"
"Tue Jan 21 2025 13:05:00 GMT+0530 (India Standard Time)","6203.10","6203.80","6198.20","6200.00"
"Tue Jan 21 2025 13:10:00 GMT+0530 (India Standard Time)","6200.00","6202.80","6196.40","6198.70"
"Tue Jan 21 2025 13:15:00 GMT+0530 (India Standard Time)","6198.70","6202.00","6192.10","6192.10"
"Tue Jan 21 2025 13:20:00 GMT+0530 (India Standard Time)","6192.10","6194.20","6171.00","6193.15"
"Tue Jan 21 2025 13:25:00 GMT+0530 (India Standard Time)","6193.15","6206.20","6188.35","6206.20"
"Tue Jan 21 2025 13:30:00 GMT+0530 (India Standard Time)","6206.20","6208.85","6196.70","6200.00"
"Tue Jan 21 2025 13:35:00 GMT+0530 (India Standard Time)","6200.00","6200.00","6189.15","6191.00"
"Tue Jan 21 2025 13:40:00 GMT+0530 (India Standard Time)","6191.00","6208.00","6191.00","6207.85"
"Tue Jan 21 2025 13:45:00 GMT+0530 (India Standard Time)","6207.85","6208.00","6198.40","6203.75"
"Tue Jan 21 2025 13:50:00 GMT+0530 (India Standard Time)","6203.75","6204.40","6192.50","6196.45"
"Tue Jan 21 2025 13:55:00 GMT+0530 (India Standard Time)","6196.45","6200.00","6192.00","6199.30"
"Tue Jan 21 2025 14:00:00 GMT+0530 (India Standard Time)","6199.30","6202.00","6190.00","6201.95"
"Tue Jan 21 2025 14:05:00 GMT+0530 (India Standard Time)","6201.95","6204.95","6194.60","6200.85"
"Tue Jan 21 2025 14:10:00 GMT+0530 (India Standard Time)","6200.85","6204.60","6189.80","6189.80"
"Tue Jan 21 2025 14:15:00 GMT+0530 (India Standard Time)","6189.80","6194.75","6185.50","6186.65"
"Tue Jan 21 2025 14:20:00 GMT+0530 (India Standard Time)","6186.65","6194.90","6186.15","6187.70"
"Tue Jan 21 2025 14:25:00 GMT+0530 (India Standard Time)","6187.70","6188.95","6180.05","6183.00"
"Tue Jan 21 2025 14:30:00 GMT+0530 (India Standard Time)","6183.00","6185.00","6170.00","6171.15"
"Tue Jan 21 2025 14:35:00 GMT+0530 (India Standard Time)","6171.15","6171.15","6153.00","6153.00"
"Tue Jan 21 2025 14:40:00 GMT+0530 (India Standard Time)","6153.00","6154.15","6140.00","6146.25"
"Tue Jan 21 2025 14:45:00 GMT+0530 (India Standard Time)","6146.00","6153.55","6140.60","6142.15"
"Tue Jan 21 2025 14:50:00 GMT+0530 (India Standard Time)","6142.15","6156.25","6142.15","6152.40"
"Tue Jan 21 2025 14:55:00 GMT+0530 (India Standard Time)","6154.05","6157.00","6150.05","6151.00"
"Tue Jan 21 2025 15:00:00 GMT+0530 (India Standard Time)","6151.00","6152.65","6145.45","6146.20"
"Tue Jan 21 2025 15:05:00 GMT+0530 (India Standard Time)","6146.20","6167.25","6145.20","6165.30"
"Tue Jan 21 2025 15:10:00 GMT+0530 (India Standard Time)","6165.30","6167.15","6154.20","6155.15"
"Tue Jan 21 2025 15:15:00 GMT+0530 (India Standard Time)","6157.35","6158.30","6146.35","6154.35"
"Tue Jan 21 2025 15:20:00 GMT+0530 (India Standard Time)","6154.35","6158.20","6147.05","6154.25"
"Tue Jan 21 2025 15:25:00 GMT+0530 (India Standard Time)","6154.00","6163.45","6151.10","6156.15"
"Wed Jan 22 2025 09:15:00 GMT+0530 (India Standard Time)","6170.00","6173.45","6131.00","6143.00"
"Wed Jan 22 2025 09:20:00 GMT+0530 (India Standard Time)","6139.50","6170.00","6131.00","6147.55"
"Wed Jan 22 2025 09:25:00 GMT+0530 (India Standard Time)","6151.05","6156.50","6138.20","6138.80"
"Wed Jan 22 2025 09:30:00 GMT+0530 (India Standard Time)","6138.80","6167.00","6131.00","6145.15"
"Wed Jan 22 2025 09:35:00 GMT+0530 (India Standard Time)","6145.15","6152.30","6108.80","6117.00"
"Wed Jan 22 2025 09:40:00 GMT+0530 (India Standard Time)","6117.00","6137.25","6116.40","6117.40"
"Wed Jan 22 2025 09:45:00 GMT+0530 (India Standard Time)","6118.25","6127.90","6106.05","6109.85"
"Wed Jan 22 2025 09:50:00 GMT+0530 (India Standard Time)","6109.85","6118.55","6101.00","6104.75"
"Wed Jan 22 2025 09:55:00 GMT+0530 (India Standard Time)","6104.75","6155.90","6102.00","6146.25"
"Wed Jan 22 2025 10:00:00 GMT+0530 (India Standard Time)","6146.25","6149.50","6134.00","6135.00"
"Wed Jan 22 2025 10:05:00 GMT+0530 (India Standard Time)","6130.20","6149.95","6128.05","6145.75"
"Wed Jan 22 2025 10:10:00 GMT+0530 (India Standard Time)","6145.75","6155.00","6125.00","6125.00"
"Wed Jan 22 2025 10:15:00 GMT+0530 (India Standard Time)","6125.00","6137.60","6118.05","6123.85"
"Wed Jan 22 2025 10:20:00 GMT+0530 (India Standard Time)","6123.85","6139.00","6122.05","6136.10"
"Wed Jan 22 2025 10:25:00 GMT+0530 (India Standard Time)","6136.10","6152.30","6136.10","6146.85"
"Wed Jan 22 2025 10:30:00 GMT+0530 (India Standard Time)","6146.85","6155.00","6140.00","6145.00"
"Wed Jan 22 2025 10:35:00 GMT+0530 (India Standard Time)","6145.00","6150.70","6135.25","6139.70"
"Wed Jan 22 2025 10:40:00 GMT+0530 (India Standard Time)","6139.70","6163.95","6135.30","6157.40"
"Wed Jan 22 2025 10:45:00 GMT+0530 (India Standard Time)","6157.95","6165.90","6150.05","6159.15"
"Wed Jan 22 2025 10:50:00 GMT+0530 (India Standard Time)","6156.00","6158.30","6143.80","6144.50"
"Wed Jan 22 2025 10:55:00 GMT+0530 (India Standard Time)","6144.50","6146.75","6135.20","6141.05"
"Wed Jan 22 2025 11:00:00 GMT+0530 (India Standard Time)","6142.75","6144.50","6135.00","6141.00"
"Wed Jan 22 2025 11:05:00 GMT+0530 (India Standard Time)","6138.05","6148.35","6138.05","6144.35"
"Wed Jan 22 2025 11:10:00 GMT+0530 (India Standard Time)","6144.05","6144.05","6135.00","6140.25"
"Wed Jan 22 2025 11:15:00 GMT+0530 (India Standard Time)","6136.80","6141.40","6130.70","6134.75"
"Wed Jan 22 2025 11:20:00 GMT+0530 (India Standard Time)","6134.75","6144.95","6129.00","6141.55"
"Wed Jan 22 2025 11:25:00 GMT+0530 (India Standard Time)","6141.55","6152.50","6138.00","6147.80"
"Wed Jan 22 2025 11:30:00 GMT+0530 (India Standard Time)","6147.80","6150.30","6126.00","6126.00"
"Wed Jan 22 2025 11:35:00 GMT+0530 (India Standard Time)","6126.00","6134.85","6125.00","6130.15"
"Wed Jan 22 2025 11:40:00 GMT+0530 (India Standard Time)","6131.80","6131.80","6121.25","6121.55"
"Wed Jan 22 2025 11:45:00 GMT+0530 (India Standard Time)","6121.55","6129.60","6120.00","6125.90"
"Wed Jan 22 2025 11:50:00 GMT+0530 (India Standard Time)","6125.90","6135.45","6120.00","6125.50"
"Wed Jan 22 2025 11:55:00 GMT+0530 (India Standard Time)","6125.50","6130.30","6115.00","6116.95"
"Wed Jan 22 2025 12:00:00 GMT+0530 (India Standard Time)","6116.95","6117.35","6108.60","6115.00"
"Wed Jan 22 2025 12:05:00 GMT+0530 (India Standard Time)","6115.00","6117.55","6090.35","6099.20"
"Wed Jan 22 2025 12:10:00 GMT+0530 (India Standard Time)","6099.20","6105.70","6090.10","6100.30"
"Wed Jan 22 2025 12:15:00 GMT+0530 (India Standard Time)","6103.95","6107.90","6090.05","6092.40"
"Wed Jan 22 2025 12:20:00 GMT+0530 (India Standard Time)","6092.40","6098.70","6089.35","6089.35"
"Wed Jan 22 2025 12:25:00 GMT+0530 (India Standard Time)","6089.35","6092.45","6073.15","6090.40"
"Wed Jan 22 2025 12:30:00 GMT+0530 (India Standard Time)","6089.80","6101.95","6087.05","6094.00"
"Wed Jan 22 2025 12:35:00 GMT+0530 (India Standard Time)","6094.00","6097.30","6087.00","6088.10"
"Wed Jan 22 2025 12:40:00 GMT+0530 (India Standard Time)","6088.10","6094.00","6083.55","6085.00"
"Wed Jan 22 2025 12:45:00 GMT+0530 (India Standard Time)","6084.45","6089.40","6080.80","6084.10"
"Wed Jan 22 2025 12:50:00 GMT+0530 (India Standard Time)","6084.10","6088.05","6078.00","6085.00"
"Wed Jan 22 2025 12:55:00 GMT+0530 (India Standard Time)","6085.00","6089.75","6084.05","6087.40"
"Wed Jan 22 2025 13:00:00 GMT+0530 (India Standard Time)","6087.45","6088.00","6082.20","6088.00"
"Wed Jan 22 2025 13:05:00 GMT+0530 (India Standard Time)","6088.00","6089.00","6083.85","6087.00"
"Wed Jan 22 2025 13:10:00 GMT+0530 (India Standard Time)","6087.00","6095.80","6086.30","6092.45"
"Wed Jan 22 2025 13:15:00 GMT+0530 (India Standard Time)","6092.45","6098.15","6089.20","6098.15"
"Wed Jan 22 2025 13:20:00 GMT+0530 (India Standard Time)","6098.00","6100.00","6083.25","6084.85"
"Wed Jan 22 2025 13:25:00 GMT+0530 (India Standard Time)","6084.85","6087.75","6080.60","6085.05"
"Wed Jan 22 2025 13:30:00 GMT+0530 (India Standard Time)","6082.85","6089.60","6080.95","6084.05"
"Wed Jan 22 2025 13:35:00 GMT+0530 (India Standard Time)","6084.05","6088.80","6082.15","6085.00"
"Wed Jan 22 2025 13:40:00 GMT+0530 (India Standard Time)","6085.00","6085.15","6060.70","6062.40"
"Wed Jan 22 2025 13:45:00 GMT+0530 (India Standard Time)","6062.40","6082.60","6062.40","6082.60"
"Wed Jan 22 2025 13:50:00 GMT+0530 (India Standard Time)","6082.60","6087.50","6078.85","6083.45"
"Wed Jan 22 2025 13:55:00 GMT+0530 (India Standard Time)","6083.45","6085.90","6075.05","6084.10"
"Wed Jan 22 2025 14:00:00 GMT+0530 (India Standard Time)","6084.10","6089.75","6081.40","6086.40"
"Wed Jan 22 2025 14:05:00 GMT+0530 (India Standard Time)","6086.45","6099.95","6081.40","6093.75"
"Wed Jan 22 2025 14:10:00 GMT+0530 (India Standard Time)","6093.75","6111.45","6092.80","6108.15"
"Wed Jan 22 2025 14:15:00 GMT+0530 (India Standard Time)","6108.15","6111.20","6104.70","6109.00"
"Wed Jan 22 2025 14:20:00 GMT+0530 (India Standard Time)","6111.90","6120.75","6110.90","6118.60"
"Wed Jan 22 2025 14:25:00 GMT+0530 (India Standard Time)","6120.00","6129.40","6115.45","6125.10"
"Wed Jan 22 2025 14:30:00 GMT+0530 (India Standard Time)","6125.10","6128.95","6120.70","6126.55"
"Wed Jan 22 2025 14:35:00 GMT+0530 (India Standard Time)","6126.55","6135.65","6119.25","6133.10"
"Wed Jan 22 2025 14:40:00 GMT+0530 (India Standard Time)","6133.10","6148.50","6133.05","6143.10"
"Wed Jan 22 2025 14:45:00 GMT+0530 (India Standard Time)","6143.10","6152.50","6140.25","6150.00"
"Wed Jan 22 2025 14:50:00 GMT+0530 (India Standard Time)","6150.00","6175.35","6147.35","6162.80"
"Wed Jan 22 2025 14:55:00 GMT+0530 (India Standard Time)","6162.80","6172.40","6157.25","6168.95"
"Wed Jan 22 2025 15:00:00 GMT+0530 (India Standard Time)","6170.00","6173.70","6165.40","6168.10"
"Wed Jan 22 2025 15:05:00 GMT+0530 (India Standard Time)","6168.00","6175.00","6155.55","6159.40"
"Wed Jan 22 2025 15:10:00 GMT+0530 (India Standard Time)","6159.15","6170.00","6157.45","6168.00"
"Wed Jan 22 2025 15:15:00 GMT+0530 (India Standard Time)","6168.00","6169.95","6160.05","6160.20"
"Wed Jan 22 2025 15:20:00 GMT+0530 (India Standard Time)","6160.20","6167.95","6160.20","6164.75"
"Wed Jan 22 2025 15:25:00 GMT+0530 (India Standard Time)","6164.75","6178.00","6164.00","6170.00"
"Thu Jan 23 2025 09:15:00 GMT+0530 (India Standard Time)","6167.50","6219.60","6150.00","6211.00"
"Thu Jan 23 2025 09:20:00 GMT+0530 (India Standard Time)","6211.00","6215.00","6186.95","6211.05"
"Thu Jan 23 2025 09:25:00 GMT+0530 (India Standard Time)","6211.05","6252.70","6196.15","6196.15"
"Thu Jan 23 2025 09:30:00 GMT+0530 (India Standard Time)","6196.15","6230.80","6193.10","6229.65"
"Thu Jan 23 2025 09:35:00 GMT+0530 (India Standard Time)","6229.70","6244.40","6225.55","6231.20"
"Thu Jan 23 2025 09:40:00 GMT+0530 (India Standard Time)","6231.20","6262.00","6230.95","6259.50"
"Thu Jan 23 2025 09:45:00 GMT+0530 (India Standard Time)","6259.50","6285.50","6258.95","6284.20"
"Thu Jan 23 2025 09:50:00 GMT+0530 (India Standard Time)","6284.20","6294.70","6270.25","6281.35"
"Thu Jan 23 2025 09:55:00 GMT+0530 (India Standard Time)","6281.35","6283.95","6256.15","6258.00"
"Thu Jan 23 2025 10:00:00 GMT+0530 (India Standard Time)","6258.05","6313.95","6256.30","6296.45"
"Thu Jan 23 2025 10:05:00 GMT+0530 (India Standard Time)","6296.45","6310.00","6294.35","6307.05"
"Thu Jan 23 2025 10:10:00 GMT+0530 (India Standard Time)","6307.05","6325.00","6307.05","6319.20"
"Thu Jan 23 2025 10:15:00 GMT+0530 (India Standard Time)","6317.10","6333.00","6316.55","6327.00"
"Thu Jan 23 2025 10:20:00 GMT+0530 (India Standard Time)","6327.00","6335.00","6323.70","6330.65"
"Thu Jan 23 2025 10:25:00 GMT+0530 (India Standard Time)","6330.65","6339.65","6326.60","6330.05"
"Thu Jan 23 2025 10:30:00 GMT+0530 (India Standard Time)","6330.05","6335.00","6320.15","6325.00"
"Thu Jan 23 2025 10:35:00 GMT+0530 (India Standard Time)","6324.00","6338.00","6319.95","6326.60"
"Thu Jan 23 2025 10:40:00 GMT+0530 (India Standard Time)","6326.60","6342.20","6325.00","6336.50"
"Thu Jan 23 2025 10:45:00 GMT+0530 (India Standard Time)","6336.50","6375.00","6334.40","6371.55"
"Thu Jan 23 2025 10:50:00 GMT+0530 (India Standard Time)","6371.55","6372.00","6335.35","6338.15"
"Thu Jan 23 2025 10:55:00 GMT+0530 (India Standard Time)","6338.20","6358.85","6338.10","6354.85"
"Thu Jan 23 2025 11:00:00 GMT+0530 (India Standard Time)","6354.85","6366.85","6335.00","6335.00"
"Thu Jan 23 2025 11:05:00 GMT+0530 (India Standard Time)","6336.50","6348.00","6327.80","6348.00"
"Thu Jan 23 2025 11:10:00 GMT+0530 (India Standard Time)","6348.00","6355.00","6336.25","6337.50"
"Thu Jan 23 2025 11:15:00 GMT+0530 (India Standard Time)","6337.50","6348.00","6327.70","6332.05"
"Thu Jan 23 2025 11:20:00 GMT+0530 (India Standard Time)","6332.05","6342.95","6332.00","6338.60"
"Thu Jan 23 2025 11:25:00 GMT+0530 (India Standard Time)","6338.60","6350.00","6336.30","6347.70"
"Thu Jan 23 2025 11:30:00 GMT+0530 (India Standard Time)","6347.70","6349.95","6344.10","6347.75"
"Thu Jan 23 2025 11:35:00 GMT+0530 (India Standard Time)","6347.70","6347.75","6340.45","6340.45"
"Thu Jan 23 2025 11:40:00 GMT+0530 (India Standard Time)","6340.45","6349.45","6331.10","6336.05"
"Thu Jan 23 2025 11:45:00 GMT+0530 (India Standard Time)","6336.05","6341.50","6332.80","6336.15"
"Thu Jan 23 2025 11:50:00 GMT+0530 (India Standard Time)","6335.80","6339.90","6330.25","6337.00"
"Thu Jan 23 2025 11:55:00 GMT+0530 (India Standard Time)","6334.05","6337.95","6332.20","6332.85"
"Thu Jan 23 2025 12:00:00 GMT+0530 (India Standard Time)","6332.85","6351.00","6332.85","6344.25"
"Thu Jan 23 2025 12:05:00 GMT+0530 (India Standard Time)","6344.25","6349.75","6341.00","6348.00"
"Thu Jan 23 2025 12:10:00 GMT+0530 (India Standard Time)","6348.00","6353.95","6344.85","6346.30"
"Thu Jan 23 2025 12:15:00 GMT+0530 (India Standard Time)","6346.30","6350.00","6337.15","6342.00"
"Thu Jan 23 2025 12:20:00 GMT+0530 (India Standard Time)","6342.00","6349.90","6339.10","6343.95"
"Thu Jan 23 2025 12:25:00 GMT+0530 (India Standard Time)","6343.95","6348.75","6339.85","6341.90"
"Thu Jan 23 2025 12:30:00 GMT+0530 (India Standard Time)","6341.90","6357.40","6340.20","6355.00"
"Thu Jan 23 2025 12:35:00 GMT+0530 (India Standard Time)","6355.00","6366.45","6351.60","6362.20"
"Thu Jan 23 2025 12:40:00 GMT+0530 (India Standard Time)","6362.20","6365.20","6353.75","6354.25"
"Thu Jan 23 2025 12:45:00 GMT+0530 (India Standard Time)","6354.25","6380.90","6354.00","6380.90"
"Thu Jan 23 2025 12:50:00 GMT+0530 (India Standard Time)","6380.90","6381.50","6358.45","6362.95"
"Thu Jan 23 2025 12:55:00 GMT+0530 (India Standard Time)","6361.20","6393.80","6361.20","6375.10"
"Thu Jan 23 2025 13:00:00 GMT+0530 (India Standard Time)","6375.10","6385.00","6366.55","6377.50"
"Thu Jan 23 2025 13:05:00 GMT+0530 (India Standard Time)","6377.50","6383.00","6372.10","6373.05"
"Thu Jan 23 2025 13:10:00 GMT+0530 (India Standard Time)","6373.05","6380.00","6369.55","6378.10"
"Thu Jan 23 2025 13:15:00 GMT+0530 (India Standard Time)","6378.10","6387.35","6377.25","6380.50"
"Thu Jan 23 2025 13:20:00 GMT+0530 (India Standard Time)","6380.50","6388.00","6376.45","6387.90"
"Thu Jan 23 2025 13:25:00 GMT+0530 (India Standard Time)","6387.90","6387.90","6381.00","6382.50"
"Thu Jan 23 2025 13:30:00 GMT+0530 (India Standard Time)","6382.50","6388.00","6381.00","6384.20"
"Thu Jan 23 2025 13:35:00 GMT+0530 (India Standard Time)","6384.20","6390.00","6380.40","6386.70"
"Thu Jan 23 2025 13:40:00 GMT+0530 (India Standard Time)","6386.70","6393.75","6384.00","6391.50"
"Thu Jan 23 2025 13:45:00 GMT+0530 (India Standard Time)","6391.50","6397.85","6389.95","6396.00"
"Thu Jan 23 2025 13:50:00 GMT+0530 (India Standard Time)","6397.10","6405.00","6390.10","6400.10"
"Thu Jan 23 2025 13:55:00 GMT+0530 (India Standard Time)","6400.10","6425.00","6400.10","6404.65"
"Thu Jan 23 2025 14:00:00 GMT+0530 (India Standard Time)","6404.65","6409.95","6393.20","6401.65"
"Thu Jan 23 2025 14:05:00 GMT+0530 (India Standard Time)","6401.65","6413.05","6395.00","6398.95"
"Thu Jan 23 2025 14:10:00 GMT+0530 (India Standard Time)","6398.95","6401.95","6395.20","6396.15"
"Thu Jan 23 2025 14:15:00 GMT+0530 (India Standard Time)","6396.25","6399.95","6386.45","6386.45"
"Thu Jan 23 2025 14:20:00 GMT+0530 (India Standard Time)","6386.45","6389.00","6375.00","6379.00"
"Thu Jan 23 2025 14:25:00 GMT+0530 (India Standard Time)","6379.00","6379.00","6370.00","6372.00"
"Thu Jan 23 2025 14:30:00 GMT+0530 (India Standard Time)","6372.00","6372.65","6361.10","6368.55"
"Thu Jan 23 2025 14:35:00 GMT+0530 (India Standard Time)","6368.55","6368.60","6355.60","6356.90"
"Thu Jan 23 2025 14:40:00 GMT+0530 (India Standard Time)","6357.30","6358.75","6352.05","6353.15"
"Thu Jan 23 2025 14:45:00 GMT+0530 (India Standard Time)","6353.15","6357.90","6349.00","6350.55"
"Thu Jan 23 2025 14:50:00 GMT+0530 (India Standard Time)","6350.55","6358.90","6346.00","6358.25"
"Thu Jan 23 2025 14:55:00 GMT+0530 (India Standard Time)","6358.25","6370.00","6356.05","6370.00"
"Thu Jan 23 2025 15:00:00 GMT+0530 (India Standard Time)","6370.00","6374.75","6358.05","6360.00"
"Thu Jan 23 2025 15:05:00 GMT+0530 (India Standard Time)","6360.00","6368.35","6348.05","6367.40"
"Thu Jan 23 2025 15:10:00 GMT+0530 (India Standard Time)","6367.40","6371.90","6354.05","6360.00"
"Thu Jan 23 2025 15:15:00 GMT+0530 (India Standard Time)","6360.00","6363.25","6345.15","6348.90"
"Thu Jan 23 2025 15:20:00 GMT+0530 (India Standard Time)","6348.90","6349.00","6335.00","6337.55"
"Thu Jan 23 2025 15:25:00 GMT+0530 (India Standard Time)","6337.55","6341.00","6335.00","6340.00"
"Fri Jan 24 2025 09:15:00 GMT+0530 (India Standard Time)","6353.95","6374.40","6340.65","6358.70"
"Fri Jan 24 2025 09:20:00 GMT+0530 (India Standard Time)","6358.25","6363.85","6345.00","6350.00"
"Fri Jan 24 2025 09:25:00 GMT+0530 (India Standard Time)","6350.00","6360.70","6338.75","6345.15"
"Fri Jan 24 2025 09:30:00 GMT+0530 (India Standard Time)","6345.15","6351.00","6335.35","6344.45"
"Fri Jan 24 2025 09:35:00 GMT+0530 (India Standard Time)","6344.45","6354.60","6322.30","6333.00"
"Fri Jan 24 2025 09:40:00 GMT+0530 (India Standard Time)","6333.00","6373.05","6330.65","6373.05"
"Fri Jan 24 2025 09:45:00 GMT+0530 (India Standard Time)","6373.90","6392.95","6348.10","6348.10"
"Fri Jan 24 2025 09:50:00 GMT+0530 (India Standard Time)","6348.10","6353.20","6329.85","6330.00"
"Fri Jan 24 2025 09:55:00 GMT+0530 (India Standard Time)","6330.00","6335.20","6310.90","6310.90"
"Fri Jan 24 2025 10:00:00 GMT+0530 (India Standard Time)","6310.90","6317.95","6300.05","6303.00"
"Fri Jan 24 2025 10:05:00 GMT+0530 (India Standard Time)","6303.00","6317.00","6303.00","6307.75"
"Fri Jan 24 2025 10:10:00 GMT+0530 (India Standard Time)","6307.75","6325.50","6307.75","6308.05"
"Fri Jan 24 2025 10:15:00 GMT+0530 (India Standard Time)","6311.05","6311.05","6300.80","6303.50"
"Fri Jan 24 2025 10:20:00 GMT+0530 (India Standard Time)","6303.50","6321.90","6290.00","6321.90"
"Fri Jan 24 2025 10:25:00 GMT+0530 (India Standard Time)","6317.85","6345.70","6317.85","6324.35"
"Fri Jan 24 2025 10:30:00 GMT+0530 (India Standard Time)","6324.35","6326.00","6312.10","6315.00"
"Fri Jan 24 2025 10:35:00 GMT+0530 (India Standard Time)","6315.00","6337.85","6311.40","6336.75"
"Fri Jan 24 2025 10:40:00 GMT+0530 (India Standard Time)","6336.75","6337.55","6326.00","6330.75"
"Fri Jan 24 2025 10:45:00 GMT+0530 (India Standard Time)","6330.75","6330.85","6320.00","6328.00"
"Fri Jan 24 2025 10:50:00 GMT+0530 (India Standard Time)","6328.00","6328.25","6316.30","6323.55"
"Fri Jan 24 2025 10:55:00 GMT+0530 (India Standard Time)","6323.55","6339.05","6317.60","6339.05"
"Fri Jan 24 2025 11:00:00 GMT+0530 (India Standard Time)","6339.00","6370.30","6335.65","6364.75"
"Fri Jan 24 2025 11:05:00 GMT+0530 (India Standard Time)","6364.75","6368.00","6353.80","6362.90"
"Fri Jan 24 2025 11:10:00 GMT+0530 (India Standard Time)","6362.90","6370.00","6357.60","6362.60"
"Fri Jan 24 2025 11:15:00 GMT+0530 (India Standard Time)","6362.60","6365.65","6354.95","6361.20"
"Fri Jan 24 2025 11:20:00 GMT+0530 (India Standard Time)","6362.90","6368.60","6356.55","6368.60"
"Fri Jan 24 2025 11:25:00 GMT+0530 (India Standard Time)","6368.60","6370.00","6364.95","6370.00"
"Fri Jan 24 2025 11:30:00 GMT+0530 (India Standard Time)","6370.00","6370.00","6362.00","6370.00"
"Fri Jan 24 2025 11:35:00 GMT+0530 (India Standard Time)","6370.00","6374.85","6361.30","6368.25"
"Fri Jan 24 2025 11:40:00 GMT+0530 (India Standard Time)","6368.25","6383.30","6366.75","6381.80"
"Fri Jan 24 2025 11:45:00 GMT+0530 (India Standard Time)","6381.80","6384.90","6374.50","6384.90"
"Fri Jan 24 2025 11:50:00 GMT+0530 (India Standard Time)","6384.90","6385.00","6370.00","6373.00"
"Fri Jan 24 2025 11:55:00 GMT+0530 (India Standard Time)","6373.00","6373.00","6365.70","6369.70"
"Fri Jan 24 2025 12:00:00 GMT+0530 (India Standard Time)","6369.70","6377.30","6365.10","6369.75"
"Fri Jan 24 2025 12:05:00 GMT+0530 (India Standard Time)","6369.75","6369.85","6365.75","6368.00"
"Fri Jan 24 2025 12:10:00 GMT+0530 (India Standard Time)","6368.00","6374.25","6358.70","6372.30"
"Fri Jan 24 2025 12:15:00 GMT+0530 (India Standard Time)","6372.30","6389.00","6369.15","6384.00"
"Fri Jan 24 2025 12:20:00 GMT+0530 (India Standard Time)","6384.00","6389.85","6376.30","6379.00"
"Fri Jan 24 2025 12:25:00 GMT+0530 (India Standard Time)","6379.00","6385.50","6374.15","6374.75"
"Fri Jan 24 2025 12:30:00 GMT+0530 (India Standard Time)","6374.75","6384.15","6370.10","6375.05"
"Fri Jan 24 2025 12:35:00 GMT+0530 (India Standard Time)","6375.05","6378.50","6364.50","6366.65"
"Fri Jan 24 2025 12:40:00 GMT+0530 (India Standard Time)","6366.65","6373.00","6356.00","6361.25"
"Fri Jan 24 2025 12:45:00 GMT+0530 (India Standard Time)","6360.80","6362.75","6357.75","6361.00"
"Fri Jan 24 2025 12:50:00 GMT+0530 (India Standard Time)","6361.00","6372.85","6360.00","6365.20"
"Fri Jan 24 2025 12:55:00 GMT+0530 (India Standard Time)","6365.20","6374.95","6364.00","6366.60"
"Fri Jan 24 2025 13:00:00 GMT+0530 (India Standard Time)","6366.60","6369.70","6357.85","6358.30"
"Fri Jan 24 2025 13:05:00 GMT+0530 (India Standard Time)","6358.30","6363.00","6356.25","6362.65"
"Fri Jan 24 2025 13:10:00 GMT+0530 (India Standard Time)","6362.00","6376.55","6362.00","6374.75"
"Fri Jan 24 2025 13:15:00 GMT+0530 (India Standard Time)","6368.95","6373.55","6356.00","6359.95"
"Fri Jan 24 2025 13:20:00 GMT+0530 (India Standard Time)","6359.95","6363.45","6356.35","6358.60"
"Fri Jan 24 2025 13:25:00 GMT+0530 (India Standard Time)","6358.60","6365.00","6357.15","6359.90"
"Fri Jan 24 2025 13:30:00 GMT+0530 (India Standard Time)","6359.90","6363.00","6357.25","6361.85"
"Fri Jan 24 2025 13:35:00 GMT+0530 (India Standard Time)","6361.85","6364.85","6341.20","6357.60"
"Fri Jan 24 2025 13:40:00 GMT+0530 (India Standard Time)","6357.60","6362.00","6354.05","6361.00"
"Fri Jan 24 2025 13:45:00 GMT+0530 (India Standard Time)","6361.00","6366.45","6357.35","6366.45"
"Fri Jan 24 2025 13:50:00 GMT+0530 (India Standard Time)","6366.65","6375.00","6361.35","6366.25"
"Fri Jan 24 2025 13:55:00 GMT+0530 (India Standard Time)","6366.90","6371.45","6362.00","6362.00"
"Fri Jan 24 2025 14:00:00 GMT+0530 (India Standard Time)","6362.00","6368.80","6356.00","6368.80"
"Fri Jan 24 2025 14:05:00 GMT+0530 (India Standard Time)","6368.80","6369.00","6357.00","6363.55"
"Fri Jan 24 2025 14:10:00 GMT+0530 (India Standard Time)","6363.55","6363.55","6355.00","6358.15"
"Fri Jan 24 2025 14:15:00 GMT+0530 (India Standard Time)","6356.80","6363.00","6349.10","6362.00"
"Fri Jan 24 2025 14:20:00 GMT+0530 (India Standard Time)","6362.00","6365.00","6358.10","6362.60"
"Fri Jan 24 2025 14:25:00 GMT+0530 (India Standard Time)","6361.20","6365.00","6359.85","6362.00"
"Fri Jan 24 2025 14:30:00 GMT+0530 (India Standard Time)","6363.90","6365.00","6360.00","6361.00"
"Fri Jan 24 2025 14:35:00 GMT+0530 (India Standard Time)","6361.00","6363.00","6356.10","6358.30"
"Fri Jan 24 2025 14:40:00 GMT+0530 (India Standard Time)","6358.30","6363.00","6350.05","6360.70"
"Fri Jan 24 2025 14:45:00 GMT+0530 (India Standard Time)","6361.05","6363.90","6352.05","6353.70"
"Fri Jan 24 2025 14:50:00 GMT+0530 (India Standard Time)","6353.70","6370.00","6349.10","6366.85"
"Fri Jan 24 2025 14:55:00 GMT+0530 (India Standard Time)","6366.85","6369.00","6361.35","6368.40"
"Fri Jan 24 2025 15:00:00 GMT+0530 (India Standard Time)","6368.40","6380.00","6366.00","6370.15"
"Fri Jan 24 2025 15:05:00 GMT+0530 (India Standard Time)","6370.15","6380.00","6364.10","6380.00"
"Fri Jan 24 2025 15:10:00 GMT+0530 (India Standard Time)","6380.00","6380.00","6367.10","6370.00"
"Fri Jan 24 2025 15:15:00 GMT+0530 (India Standard Time)","6372.00","6377.80","6365.00","6373.00"
"Fri Jan 24 2025 15:20:00 GMT+0530 (India Standard Time)","6373.00","6378.00","6368.85","6372.10"
"Fri Jan 24 2025 15:25:00 GMT+0530 (India Standard Time)","6372.10","6375.00","6366.60","6371.00"
"Mon Jan 27 2025 09:15:00 GMT+0530 (India Standard Time)","6319.95","6327.55","6269.05","6284.90"
"Mon Jan 27 2025 09:20:00 GMT+0530 (India Standard Time)","6284.90","6290.00","6268.05","6290.00"
"Mon Jan 27 2025 09:25:00 GMT+0530 (India Standard Time)","6290.00","6296.00","6276.05","6288.95"
"Mon Jan 27 2025 09:30:00 GMT+0530 (India Standard Time)","6291.45","6291.45","6225.05","6240.15"
"Mon Jan 27 2025 09:35:00 GMT+0530 (India Standard Time)","6240.15","6280.45","6239.05","6250.00"
"Mon Jan 27 2025 09:40:00 GMT+0530 (India Standard Time)","6250.00","6254.00","6238.10","6246.90"
"Mon Jan 27 2025 09:45:00 GMT+0530 (India Standard Time)","6243.15","6245.80","6228.00","6231.65"
"Mon Jan 27 2025 09:50:00 GMT+0530 (India Standard Time)","6231.65","6233.80","6213.80","6214.65"
"Mon Jan 27 2025 09:55:00 GMT+0530 (India Standard Time)","6214.65","6218.35","6187.55","6202.00"
"Mon Jan 27 2025 10:00:00 GMT+0530 (India Standard Time)","6198.35","6220.85","6193.80","6217.95"
"Mon Jan 27 2025 10:05:00 GMT+0530 (India Standard Time)","6217.00","6224.25","6207.55","6215.00"
"Mon Jan 27 2025 10:10:00 GMT+0530 (India Standard Time)","6215.00","6219.00","6200.00","6204.80"
"Mon Jan 27 2025 10:15:00 GMT+0530 (India Standard Time)","6204.55","6204.55","6172.25","6180.95"
"Mon Jan 27 2025 10:20:00 GMT+0530 (India Standard Time)","6180.95","6191.40","6179.55","6188.55"
"Mon Jan 27 2025 10:25:00 GMT+0530 (India Standard Time)","6188.55","6191.90","6160.40","6175.50"
"Mon Jan 27 2025 10:30:00 GMT+0530 (India Standard Time)","6171.25","6199.80","6170.25","6187.40"
"Mon Jan 27 2025 10:35:00 GMT+0530 (India Standard Time)","6188.05","6192.15","6180.65","6189.15"
"Mon Jan 27 2025 10:40:00 GMT+0530 (India Standard Time)","6189.15","6200.80","6183.20","6197.15"
"Mon Jan 27 2025 10:45:00 GMT+0530 (India Standard Time)","6196.85","6201.30","6181.00","6190.00"
"Mon Jan 27 2025 10:50:00 GMT+0530 (India Standard Time)","6190.00","6197.25","6190.00","6191.65"
"Mon Jan 27 2025 10:55:00 GMT+0530 (India Standard Time)","6190.00","6195.95","6186.45","6189.00"
"Mon Jan 27 2025 11:00:00 GMT+0530 (India Standard Time)","6189.00","6195.00","6188.00","6194.50"
"Mon Jan 27 2025 11:05:00 GMT+0530 (India Standard Time)","6195.10","6208.85","6194.55","6208.85"
"Mon Jan 27 2025 11:10:00 GMT+0530 (India Standard Time)","6207.90","6208.85","6202.45","6205.00"
"Mon Jan 27 2025 11:15:00 GMT+0530 (India Standard Time)","6205.65","6218.45","6202.00","6218.45"
"Mon Jan 27 2025 11:20:00 GMT+0530 (India Standard Time)","6218.45","6226.95","6211.90","6214.45"
"Mon Jan 27 2025 11:25:00 GMT+0530 (India Standard Time)","6214.45","6214.60","6193.65","6207.65"
"Mon Jan 27 2025 11:30:00 GMT+0530 (India Standard Time)","6207.90","6209.00","6200.60","6207.00"
"Mon Jan 27 2025 11:35:00 GMT+0530 (India Standard Time)","6207.00","6207.80","6188.00","6189.65"
"Mon Jan 27 2025 11:40:00 GMT+0530 (India Standard Time)","6189.65","6197.90","6187.05","6195.00"
"Mon Jan 27 2025 11:45:00 GMT+0530 (India Standard Time)","6195.00","6215.25","6190.35","6212.00"
"Mon Jan 27 2025 11:50:00 GMT+0530 (India Standard Time)","6211.00","6220.05","6210.00","6214.50"
"Mon Jan 27 2025 11:55:00 GMT+0530 (India Standard Time)","6214.50","6217.15","6201.00","6211.35"
"Mon Jan 27 2025 12:00:00 GMT+0530 (India Standard Time)","6211.35","6222.85","6209.75","6221.75"
"Mon Jan 27 2025 12:05:00 GMT+0530 (India Standard Time)","6222.00","6228.80","6218.70","6220.15"
"Mon Jan 27 2025 12:10:00 GMT+0530 (India Standard Time)","6220.15","6220.15","6210.00","6212.65"
"Mon Jan 27 2025 12:15:00 GMT+0530 (India Standard Time)","6212.65","6225.30","6212.65","6218.60"
"Mon Jan 27 2025 12:20:00 GMT+0530 (India Standard Time)","6218.85","6219.40","6212.90","6219.00"
"Mon Jan 27 2025 12:25:00 GMT+0530 (India Standard Time)","6219.00","6229.85","6218.50","6229.85"
"Mon Jan 27 2025 12:30:00 GMT+0530 (India Standard Time)","6229.85","6229.90","6210.50","6213.00"
"Mon Jan 27 2025 12:35:00 GMT+0530 (India Standard Time)","6213.00","6219.35","6205.15","6217.75"
"Mon Jan 27 2025 12:40:00 GMT+0530 (India Standard Time)","6217.75","6217.75","6210.65","6215.00"
"Mon Jan 27 2025 12:45:00 GMT+0530 (India Standard Time)","6215.00","6218.00","6211.00","6216.35"
"Mon Jan 27 2025 12:50:00 GMT+0530 (India Standard Time)","6216.35","6216.35","6211.00","6212.00"
"Mon Jan 27 2025 12:55:00 GMT+0530 (India Standard Time)","6210.00","6210.00","6180.00","6187.55"
"Mon Jan 27 2025 13:00:00 GMT+0530 (India Standard Time)","6187.55","6201.00","6181.85","6201.00"
"Mon Jan 27 2025 13:05:00 GMT+0530 (India Standard Time)","6201.00","6210.65","6197.50","6209.90"
"Mon Jan 27 2025 13:10:00 GMT+0530 (India Standard Time)","6208.30","6215.90","6195.00","6212.95"
"Mon Jan 27 2025 13:15:00 GMT+0530 (India Standard Time)","6212.95","6215.10","6197.90","6197.90"
"Mon Jan 27 2025 13:20:00 GMT+0530 (India Standard Time)","6197.90","6200.00","6195.00","6198.00"
"Mon Jan 27 2025 13:25:00 GMT+0530 (India Standard Time)","6198.00","6199.00","6195.00","6197.00"
"Mon Jan 27 2025 13:30:00 GMT+0530 (India Standard Time)","6197.00","6200.00","6195.15","6200.00"
"Mon Jan 27 2025 13:35:00 GMT+0530 (India Standard Time)","6200.00","6200.00","6180.15","6188.70"
"Mon Jan 27 2025 13:40:00 GMT+0530 (India Standard Time)","6188.70","6189.00","6181.75","6184.90"
"Mon Jan 27 2025 13:45:00 GMT+0530 (India Standard Time)","6184.90","6185.50","6161.05","6162.85"
"Mon Jan 27 2025 13:50:00 GMT+0530 (India Standard Time)","6162.85","6168.60","6160.45","6161.35"
"Mon Jan 27 2025 13:55:00 GMT+0530 (India Standard Time)","6162.00","6175.00","6160.85","6162.00"
"Mon Jan 27 2025 14:00:00 GMT+0530 (India Standard Time)","6163.60","6172.80","6151.10","6170.00"
"Mon Jan 27 2025 14:05:00 GMT+0530 (India Standard Time)","6170.00","6172.25","6137.90","6155.00"
"Mon Jan 27 2025 14:10:00 GMT+0530 (India Standard Time)","6153.85","6156.75","6141.30","6144.50"
"Mon Jan 27 2025 14:15:00 GMT+0530 (India Standard Time)","6144.50","6165.00","6141.45","6164.00"
"Mon Jan 27 2025 14:20:00 GMT+0530 (India Standard Time)","6164.00","6165.00","6155.55","6161.90"
"Mon Jan 27 2025 14:25:00 GMT+0530 (India Standard Time)","6161.90","6165.00","6156.10","6163.80"
"Mon Jan 27 2025 14:30:00 GMT+0530 (India Standard Time)","6165.00","6165.00","6150.10","6155.00"
"Mon Jan 27 2025 14:35:00 GMT+0530 (India Standard Time)","6157.05","6160.00","6128.15","6131.70"
"Mon Jan 27 2025 14:40:00 GMT+0530 (India Standard Time)","6130.00","6149.20","6130.00","6137.10"
"Mon Jan 27 2025 14:45:00 GMT+0530 (India Standard Time)","6132.95","6154.35","6132.25","6150.10"
"Mon Jan 27 2025 14:50:00 GMT+0530 (India Standard Time)","6150.10","6158.00","6141.05","6158.00"
"Mon Jan 27 2025 14:55:00 GMT+0530 (India Standard Time)","6158.00","6159.95","6152.00","6154.85"
"Mon Jan 27 2025 15:00:00 GMT+0530 (India Standard Time)","6154.85","6158.35","6148.45","6156.95"
"Mon Jan 27 2025 15:05:00 GMT+0530 (India Standard Time)","6156.95","6160.00","6152.70","6158.00"
"Mon Jan 27 2025 15:10:00 GMT+0530 (India Standard Time)","6158.00","6158.25","6152.05","6154.90"
"Mon Jan 27 2025 15:15:00 GMT+0530 (India Standard Time)","6152.55","6160.00","6150.00","6154.30"
"Mon Jan 27 2025 15:20:00 GMT+0530 (India Standard Time)","6154.30","6158.55","6152.55","6157.85"
"Mon Jan 27 2025 15:25:00 GMT+0530 (India Standard Time)","6157.75","6185.75","6155.00","6160.95"
"Tue Jan 28 2025 09:15:00 GMT+0530 (India Standard Time)","6150.00","6203.90","6132.05","6191.75"
"Tue Jan 28 2025 09:20:00 GMT+0530 (India Standard Time)","6189.35","6193.80","6129.05","6142.45"
"Tue Jan 28 2025 09:25:00 GMT+0530 (India Standard Time)","6142.45","6176.10","6131.55","6175.00"
"Tue Jan 28 2025 09:30:00 GMT+0530 (India Standard Time)","6171.80","6179.45","6140.00","6154.25"
"Tue Jan 28 2025 09:35:00 GMT+0530 (India Standard Time)","6154.25","6164.05","6133.95","6138.25"
"Tue Jan 28 2025 09:40:00 GMT+0530 (India Standard Time)","6138.25","6148.00","6110.00","6113.70"
"Tue Jan 28 2025 09:45:00 GMT+0530 (India Standard Time)","6113.70","6140.45","6108.00","6124.45"
"Tue Jan 28 2025 09:50:00 GMT+0530 (India Standard Time)","6123.80","6125.50","6089.25","6092.80"
"Tue Jan 28 2025 09:55:00 GMT+0530 (India Standard Time)","6092.80","6110.90","6081.55","6110.90"
"Tue Jan 28 2025 10:00:00 GMT+0530 (India Standard Time)","6110.90","6141.20","6110.90","6128.00"
"Tue Jan 28 2025 10:05:00 GMT+0530 (India Standard Time)","6128.00","6138.80","6112.40","6112.65"
"Tue Jan 28 2025 10:10:00 GMT+0530 (India Standard Time)","6112.65","6121.45","6110.25","6114.90"
"Tue Jan 28 2025 10:15:00 GMT+0530 (India Standard Time)","6114.90","6114.90","6092.95","6102.40"
"Tue Jan 28 2025 10:20:00 GMT+0530 (India Standard Time)","6104.45","6114.45","6092.70","6102.50"
"Tue Jan 28 2025 10:25:00 GMT+0530 (India Standard Time)","6102.50","6110.15","6091.25","6106.05"
"Tue Jan 28 2025 10:30:00 GMT+0530 (India Standard Time)","6106.05","6108.40","6098.20","6103.00"
"Tue Jan 28 2025 10:35:00 GMT+0530 (India Standard Time)","6103.00","6103.00","6086.95","6091.95"
"Tue Jan 28 2025 10:40:00 GMT+0530 (India Standard Time)","6091.95","6102.20","6085.00","6086.30"
"Tue Jan 28 2025 10:45:00 GMT+0530 (India Standard Time)","6089.90","6089.90","6080.00","6082.40"
"Tue Jan 28 2025 10:50:00 GMT+0530 (India Standard Time)","6082.40","6115.95","6078.05","6114.30"
"Tue Jan 28 2025 10:55:00 GMT+0530 (India Standard Time)","6114.30","6144.85","6106.05","6123.65"
"Tue Jan 28 2025 11:00:00 GMT+0530 (India Standard Time)","6123.65","6168.15","6123.65","6164.45"
"Tue Jan 28 2025 11:05:00 GMT+0530 (India Standard Time)","6164.45","6177.70","6158.20","6161.00"
"Tue Jan 28 2025 11:10:00 GMT+0530 (India Standard Time)","6161.00","6170.00","6131.00","6142.30"
"Tue Jan 28 2025 11:15:00 GMT+0530 (India Standard Time)","6142.30","6156.90","6128.00","6128.00"
"Tue Jan 28 2025 11:20:00 GMT+0530 (India Standard Time)","6128.00","6154.00","6128.00","6153.50"
"Tue Jan 28 2025 11:25:00 GMT+0530 (India Standard Time)","6153.50","6161.45","6144.40","6150.30"
"Tue Jan 28 2025 11:30:00 GMT+0530 (India Standard Time)","6150.30","6153.10","6130.80","6139.90"
"Tue Jan 28 2025 11:35:00 GMT+0530 (India Standard Time)","6139.90","6142.00","6123.90","6140.00"
"Tue Jan 28 2025 11:40:00 GMT+0530 (India Standard Time)","6140.00","6173.85","6140.00","6154.25"
"Tue Jan 28 2025 11:45:00 GMT+0530 (India Standard Time)","6154.25","6156.50","6132.50","6150.00"
"Tue Jan 28 2025 11:50:00 GMT+0530 (India Standard Time)","6150.00","6167.75","6150.00","6160.75"
"Tue Jan 28 2025 11:55:00 GMT+0530 (India Standard Time)","6160.75","6165.50","6145.10","6151.15"
"Tue Jan 28 2025 12:00:00 GMT+0530 (India Standard Time)","6151.15","6165.55","6145.20","6164.40"
"Tue Jan 28 2025 12:05:00 GMT+0530 (India Standard Time)","6164.40","6169.55","6160.25","6165.00"
"Tue Jan 28 2025 12:10:00 GMT+0530 (India Standard Time)","6165.00","6166.10","6154.70","6164.00"
"Tue Jan 28 2025 12:15:00 GMT+0530 (India Standard Time)","6164.00","6166.00","6149.95","6162.00"
"Tue Jan 28 2025 12:20:00 GMT+0530 (India Standard Time)","6158.90","6163.15","6145.95","6162.50"
"Tue Jan 28 2025 12:25:00 GMT+0530 (India Standard Time)","6161.35","6174.95","6157.50","6171.75"
"Tue Jan 28 2025 12:30:00 GMT+0530 (India Standard Time)","6168.70","6168.70","6155.00","6157.20"
"Tue Jan 28 2025 12:35:00 GMT+0530 (India Standard Time)","6159.60","6172.00","6157.35","6171.80"
"Tue Jan 28 2025 12:40:00 GMT+0530 (India Standard Time)","6171.80","6173.55","6168.00","6170.00"
"Tue Jan 28 2025 12:45:00 GMT+0530 (India Standard Time)","6170.00","6179.35","6166.50","6177.20"
"Tue Jan 28 2025 12:50:00 GMT+0530 (India Standard Time)","6177.20","6183.90","6175.00","6183.90"
"Tue Jan 28 2025 12:55:00 GMT+0530 (India Standard Time)","6183.90","6188.45","6178.40","6182.40"
"Tue Jan 28 2025 13:00:00 GMT+0530 (India Standard Time)","6182.65","6183.85","6177.60","6181.35"
"Tue Jan 28 2025 13:05:00 GMT+0530 (India Standard Time)","6182.40","6183.85","6177.15","6183.85"
"Tue Jan 28 2025 13:10:00 GMT+0530 (India Standard Time)","6183.65","6186.65","6179.70","6186.65"
"Tue Jan 28 2025 13:15:00 GMT+0530 (India Standard Time)","6186.65","6194.25","6184.90","6188.00"
"Tue Jan 28 2025 13:20:00 GMT+0530 (India Standard Time)","6188.00","6188.00","6160.00","6167.55"
"Tue Jan 28 2025 13:25:00 GMT+0530 (India Standard Time)","6167.55","6170.45","6162.20","6163.65"
"Tue Jan 28 2025 13:30:00 GMT+0530 (India Standard Time)","6163.65","6167.95","6157.00","6157.10"
"Tue Jan 28 2025 13:35:00 GMT+0530 (India Standard Time)","6159.65","6159.65","6141.10","6146.70"
"Tue Jan 28 2025 13:40:00 GMT+0530 (India Standard Time)","6146.70","6158.25","6146.70","6148.30"
"Tue Jan 28 2025 13:45:00 GMT+0530 (India Standard Time)","6147.50","6151.55","6144.05","6148.60"
"Tue Jan 28 2025 13:50:00 GMT+0530 (India Standard Time)","6148.60","6155.80","6140.80","6145.10"
"Tue Jan 28 2025 13:55:00 GMT+0530 (India Standard Time)","6145.10","6145.70","6137.50","6137.50"
"Tue Jan 28 2025 14:00:00 GMT+0530 (India Standard Time)","6139.25","6151.30","6137.50","6148.60"
"Tue Jan 28 2025 14:05:00 GMT+0530 (India Standard Time)","6148.60","6148.60","6145.00","6146.00"
"Tue Jan 28 2025 14:10:00 GMT+0530 (India Standard Time)","6146.00","6149.85","6142.05","6144.95"
"Tue Jan 28 2025 14:15:00 GMT+0530 (India Standard Time)","6144.95","6145.20","6136.00","6141.95"
"Tue Jan 28 2025 14:20:00 GMT+0530 (India Standard Time)","6141.95","6145.90","6136.15","6139.05"
"Tue Jan 28 2025 14:25:00 GMT+0530 (India Standard Time)","6139.05","6155.00","6138.70","6151.50"
"Tue Jan 28 2025 14:30:00 GMT+0530 (India Standard Time)","6151.50","6151.85","6147.80","6149.90"
"Tue Jan 28 2025 14:35:00 GMT+0530 (India Standard Time)","6149.90","6152.00","6143.60","6150.85"
"Tue Jan 28 2025 14:40:00 GMT+0530 (India Standard Time)","6150.85","6152.70","6147.50","6150.55"
"Tue Jan 28 2025 14:45:00 GMT+0530 (India Standard Time)","6150.55","6168.25","6145.00","6149.05"
"Tue Jan 28 2025 14:50:00 GMT+0530 (India Standard Time)","6149.05","6149.95","6132.85","6132.85"
"Tue Jan 28 2025 14:55:00 GMT+0530 (India Standard Time)","6132.85","6141.00","6132.40","6139.80"
"Tue Jan 28 2025 15:00:00 GMT+0530 (India Standard Time)","6139.80","6146.95","6127.00","6128.00"
"Tue Jan 28 2025 15:05:00 GMT+0530 (India Standard Time)","6125.90","6133.55","6121.45","6133.55"
"Tue Jan 28 2025 15:10:00 GMT+0530 (India Standard Time)","6135.55","6137.95","6122.00","6124.35"
"Tue Jan 28 2025 15:15:00 GMT+0530 (India Standard Time)","6124.35","6127.95","6120.00","6122.00"
"Tue Jan 28 2025 15:20:00 GMT+0530 (India Standard Time)","6122.00","6125.00","6120.00","6121.95"
"Tue Jan 28 2025 15:25:00 GMT+0530 (India Standard Time)","6121.85","6125.00","6108.05","6124.00"
"Wed Jan 29 2025 09:15:00 GMT+0530 (India Standard Time)","6129.20","6148.00","6110.05","6136.90"
"Wed Jan 29 2025 09:20:00 GMT+0530 (India Standard Time)","6136.75","6180.00","6134.45","6178.50"
"Wed Jan 29 2025 09:25:00 GMT+0530 (India Standard Time)","6178.50","6178.50","6160.20","6163.00"
"Wed Jan 29 2025 09:30:00 GMT+0530 (India Standard Time)","6163.00","6196.95","6163.00","6190.10"
"Wed Jan 29 2025 09:35:00 GMT+0530 (India Standard Time)","6192.25","6209.00","6192.25","6209.00"
"Wed Jan 29 2025 09:40:00 GMT+0530 (India Standard Time)","6209.00","6221.95","6202.00","6211.60"
"Wed Jan 29 2025 09:45:00 GMT+0530 (India Standard Time)","6210.80","6218.95","6209.50","6215.35"
"Wed Jan 29 2025 09:50:00 GMT+0530 (India Standard Time)","6215.35","6215.35","6203.50","6210.00"
"Wed Jan 29 2025 09:55:00 GMT+0530 (India Standard Time)","6209.00","6218.90","6197.55","6199.35"
"Wed Jan 29 2025 10:00:00 GMT+0530 (India Standard Time)","6199.35","6209.75","6190.00","6191.70"
"Wed Jan 29 2025 10:05:00 GMT+0530 (India Standard Time)","6191.70","6199.50","6185.00","6197.95"
"Wed Jan 29 2025 10:10:00 GMT+0530 (India Standard Time)","6197.95","6204.95","6188.40","6188.40"
"Wed Jan 29 2025 10:15:00 GMT+0530 (India Standard Time)","6188.40","6191.75","6173.90","6174.00"
"Wed Jan 29 2025 10:20:00 GMT+0530 (India Standard Time)","6174.00","6185.85","6173.95","6180.00"
"Wed Jan 29 2025 10:25:00 GMT+0530 (India Standard Time)","6180.00","6186.25","6171.05","6176.75"
"Wed Jan 29 2025 10:30:00 GMT+0530 (India Standard Time)","6176.75","6181.45","6170.00","6181.45"
"Wed Jan 29 2025 10:35:00 GMT+0530 (India Standard Time)","6181.45","6182.55","6173.70","6178.45"
"Wed Jan 29 2025 10:40:00 GMT+0530 (India Standard Time)","6178.45","6178.85","6170.40","6176.45"
"Wed Jan 29 2025 10:45:00 GMT+0530 (India Standard Time)","6173.40","6178.00","6167.00","6177.70"
"Wed Jan 29 2025 10:50:00 GMT+0530 (India Standard Time)","6177.70","6177.70","6167.00","6169.65"
"Wed Jan 29 2025 10:55:00 GMT+0530 (India Standard Time)","6169.65","6177.65","6167.15","6175.00"
"Wed Jan 29 2025 11:00:00 GMT+0530 (India Standard Time)","6175.00","6184.00","6175.00","6184.00"
"Wed Jan 29 2025 11:05:00 GMT+0530 (India Standard Time)","6184.00","6185.30","6179.00","6184.60"
"Wed Jan 29 2025 11:10:00 GMT+0530 (India Standard Time)","6184.60","6184.60","6177.85","6180.30"
"Wed Jan 29 2025 11:15:00 GMT+0530 (India Standard Time)","6180.30","6183.90","6180.00","6182.80"
"Wed Jan 29 2025 11:20:00 GMT+0530 (India Standard Time)","6182.80","6183.95","6177.45","6180.00"
"Wed Jan 29 2025 11:25:00 GMT+0530 (India Standard Time)","6180.00","6193.20","6175.10","6190.00"
"Wed Jan 29 2025 11:30:00 GMT+0530 (India Standard Time)","6190.00","6209.75","6186.05","6207.75"
"Wed Jan 29 2025 11:35:00 GMT+0530 (India Standard Time)","6207.75","6210.00","6203.90","6204.65"
"Wed Jan 29 2025 11:40:00 GMT+0530 (India Standard Time)","6204.65","6209.00","6201.05","6204.40"
"Wed Jan 29 2025 11:45:00 GMT+0530 (India Standard Time)","6204.40","6213.30","6204.40","6212.10"
"Wed Jan 29 2025 11:50:00 GMT+0530 (India Standard Time)","6208.35","6210.20","6206.00","6206.10"
"Wed Jan 29 2025 11:55:00 GMT+0530 (India Standard Time)","6206.10","6207.30","6189.00","6191.15"
"Wed Jan 29 2025 12:00:00 GMT+0530 (India Standard Time)","6191.15","6194.50","6187.25","6187.45"
"Wed Jan 29 2025 12:05:00 GMT+0530 (India Standard Time)","6187.45","6197.95","6185.50","6192.50"
"Wed Jan 29 2025 12:10:00 GMT+0530 (India Standard Time)","6188.05","6194.90","6186.15","6186.15"
"Wed Jan 29 2025 12:15:00 GMT+0530 (India Standard Time)","6186.15","6195.45","6186.05","6192.05"
"Wed Jan 29 2025 12:20:00 GMT+0530 (India Standard Time)","6194.40","6199.25","6189.80","6196.30"
"Wed Jan 29 2025 12:25:00 GMT+0530 (India Standard Time)","6196.30","6199.65","6195.00","6199.60"
"Wed Jan 29 2025 12:30:00 GMT+0530 (India Standard Time)","6198.20","6199.65","6195.00","6195.30"
"Wed Jan 29 2025 12:35:00 GMT+0530 (India Standard Time)","6195.30","6201.50","6195.00","6195.00"
"Wed Jan 29 2025 12:40:00 GMT+0530 (India Standard Time)","6195.00","6197.75","6150.50","6151.10"
"Wed Jan 29 2025 12:45:00 GMT+0530 (India Standard Time)","6151.10","6171.30","6151.10","6163.05"
"Wed Jan 29 2025 12:50:00 GMT+0530 (India Standard Time)","6163.05","6166.00","6094.95","6129.25"
"Wed Jan 29 2025 12:55:00 GMT+0530 (India Standard Time)","6129.25","6170.00","6129.25","6167.40"
"Wed Jan 29 2025 13:00:00 GMT+0530 (India Standard Time)","6167.40","6174.00","6165.00","6173.25"
"Wed Jan 29 2025 13:05:00 GMT+0530 (India Standard Time)","6170.70","6174.90","6147.60","6148.15"
"Wed Jan 29 2025 13:10:00 GMT+0530 (India Standard Time)","6148.15","6154.25","6135.55","6151.25"
"Wed Jan 29 2025 13:15:00 GMT+0530 (India Standard Time)","6151.25","6159.95","6150.00","6159.95"
"Wed Jan 29 2025 13:20:00 GMT+0530 (India Standard Time)","6159.95","6176.30","6154.90","6175.40"
"Wed Jan 29 2025 13:25:00 GMT+0530 (India Standard Time)","6175.70","6176.00","6164.50","6175.90"
"Wed Jan 29 2025 13:30:00 GMT+0530 (India Standard Time)","6175.90","6175.90","6161.00","6167.60"
"Wed Jan 29 2025 13:35:00 GMT+0530 (India Standard Time)","6167.60","6171.45","6158.95","6164.45"
"Wed Jan 29 2025 13:40:00 GMT+0530 (India Standard Time)","6164.45","6170.05","6150.00","6154.70"
"Wed Jan 29 2025 13:45:00 GMT+0530 (India Standard Time)","6154.70","6169.80","6150.00","6166.70"
"Wed Jan 29 2025 13:50:00 GMT+0530 (India Standard Time)","6166.70","6167.30","6156.80","6156.80"
"Wed Jan 29 2025 13:55:00 GMT+0530 (India Standard Time)","6156.80","6166.00","6156.80","6160.00"
"Wed Jan 29 2025 14:00:00 GMT+0530 (India Standard Time)","6158.05","6163.20","6150.00","6152.85"
"Wed Jan 29 2025 14:05:00 GMT+0530 (India Standard Time)","6152.85","6156.55","6150.00","6150.00"
"Wed Jan 29 2025 14:10:00 GMT+0530 (India Standard Time)","6150.00","6156.50","6150.00","6153.90"
"Wed Jan 29 2025 14:15:00 GMT+0530 (India Standard Time)","6153.90","6159.05","6150.00","6154.90"
"Wed Jan 29 2025 14:20:00 GMT+0530 (India Standard Time)","6154.90","6164.90","6150.10","6163.85"
"Wed Jan 29 2025 14:25:00 GMT+0530 (India Standard Time)","6163.85","6169.80","6152.85","6165.30"
"Wed Jan 29 2025 14:30:00 GMT+0530 (India Standard Time)","6165.30","6172.80","6156.05","6169.80"
"Wed Jan 29 2025 14:35:00 GMT+0530 (India Standard Time)","6169.80","6172.80","6165.00","6165.00"
"Wed Jan 29 2025 14:40:00 GMT+0530 (India Standard Time)","6165.00","6177.10","6165.00","6177.10"
"Wed Jan 29 2025 14:45:00 GMT+0530 (India Standard Time)","6177.10","6177.75","6171.00","6173.30"
"Wed Jan 29 2025 14:50:00 GMT+0530 (India Standard Time)","6173.30","6179.00","6171.85","6178.75"
"Wed Jan 29 2025 14:55:00 GMT+0530 (India Standard Time)","6178.75","6182.35","6177.70","6180.00"
"Wed Jan 29 2025 15:00:00 GMT+0530 (India Standard Time)","6180.65","6182.30","6175.15","6177.85"
"Wed Jan 29 2025 15:05:00 GMT+0530 (India Standard Time)","6177.85","6189.45","6171.25","6185.75"
"Wed Jan 29 2025 15:10:00 GMT+0530 (India Standard Time)","6183.95","6186.30","6174.05","6174.55"
"Wed Jan 29 2025 15:15:00 GMT+0530 (India Standard Time)","6176.45","6179.15","6160.75","6164.45"
"Wed Jan 29 2025 15:20:00 GMT+0530 (India Standard Time)","6164.45","6164.45","6142.15","6146.05"
"Wed Jan 29 2025 15:25:00 GMT+0530 (India Standard Time)","6146.90","6163.95","6138.00","6154.95"
"Thu Jan 30 2025 09:15:00 GMT+0530 (India Standard Time)","6195.00","6215.95","6148.45","6152.65"
"Thu Jan 30 2025 09:20:00 GMT+0530 (India Standard Time)","6151.05","6175.00","6149.45","6173.80"
"Thu Jan 30 2025 09:25:00 GMT+0530 (India Standard Time)","6173.80","6173.80","6145.00","6146.30"
"Thu Jan 30 2025 09:30:00 GMT+0530 (India Standard Time)","6146.80","6189.95","6143.85","6174.70"
"Thu Jan 30 2025 09:35:00 GMT+0530 (India Standard Time)","6173.75","6176.90","6155.95","6166.00"
"Thu Jan 30 2025 09:40:00 GMT+0530 (India Standard Time)","6166.00","6187.75","6166.00","6185.00"
"Thu Jan 30 2025 09:45:00 GMT+0530 (India Standard Time)","6185.00","6192.00","6180.00","6183.50"
"Thu Jan 30 2025 09:50:00 GMT+0530 (India Standard Time)","6183.50","6191.00","6179.55","6191.00"
"Thu Jan 30 2025 09:55:00 GMT+0530 (India Standard Time)","6191.00","6192.00","6182.35","6186.95"
"Thu Jan 30 2025 10:00:00 GMT+0530 (India Standard Time)","6186.95","6186.95","6174.00","6179.15"
"Thu Jan 30 2025 10:05:00 GMT+0530 (India Standard Time)","6179.15","6189.00","6178.00","6186.00"
"Thu Jan 30 2025 10:10:00 GMT+0530 (India Standard Time)","6186.00","6189.65","6180.20","6182.75"
"Thu Jan 30 2025 10:15:00 GMT+0530 (India Standard Time)","6182.75","6185.90","6175.05","6179.30"
"Thu Jan 30 2025 10:20:00 GMT+0530 (India Standard Time)","6179.30","6185.75","6179.30","6182.75"
"Thu Jan 30 2025 10:25:00 GMT+0530 (India Standard Time)","6182.75","6182.75","6175.00","6175.65"
"Thu Jan 30 2025 10:30:00 GMT+0530 (India Standard Time)","6175.00","6177.00","6170.00","6172.15"
"Thu Jan 30 2025 10:35:00 GMT+0530 (India Standard Time)","6172.15","6177.60","6166.00","6168.55"
"Thu Jan 30 2025 10:40:00 GMT+0530 (India Standard Time)","6165.25","6173.10","6165.25","6168.35"
"Thu Jan 30 2025 10:45:00 GMT+0530 (India Standard Time)","6171.90","6172.00","6160.00","6162.50"
"Thu Jan 30 2025 10:50:00 GMT+0530 (India Standard Time)","6161.80","6162.05","6146.00","6146.45"
"Thu Jan 30 2025 10:55:00 GMT+0530 (India Standard Time)","6148.75","6148.75","6122.00","6131.75"
"Thu Jan 30 2025 11:00:00 GMT+0530 (India Standard Time)","6132.25","6133.70","6123.00","6124.90"
"Thu Jan 30 2025 11:05:00 GMT+0530 (India Standard Time)","6124.95","6136.60","6115.00","6135.80"
"Thu Jan 30 2025 11:10:00 GMT+0530 (India Standard Time)","6136.00","6142.30","6134.40","6139.00"
"Thu Jan 30 2025 11:15:00 GMT+0530 (India Standard Time)","6141.90","6142.95","6130.05","6135.15"
"Thu Jan 30 2025 11:20:00 GMT+0530 (India Standard Time)","6133.40","6138.55","6130.00","6134.95"
"Thu Jan 30 2025 11:25:00 GMT+0530 (India Standard Time)","6134.95","6135.85","6125.00","6130.10"
"Thu Jan 30 2025 11:30:00 GMT+0530 (India Standard Time)","6130.10","6134.55","6126.90","6133.45"
"Thu Jan 30 2025 11:35:00 GMT+0530 (India Standard Time)","6133.45","6139.65","6130.00","6136.75"
"Thu Jan 30 2025 11:40:00 GMT+0530 (India Standard Time)","6136.75","6141.70","6130.85","6130.85"
"Thu Jan 30 2025 11:45:00 GMT+0530 (India Standard Time)","6130.85","6146.40","6130.00","6140.40"
"Thu Jan 30 2025 11:50:00 GMT+0530 (India Standard Time)","6140.60","6142.00","6135.55","6140.80"
"Thu Jan 30 2025 11:55:00 GMT+0530 (India Standard Time)","6136.30","6149.00","6134.30","6142.00"
"Thu Jan 30 2025 12:00:00 GMT+0530 (India Standard Time)","6142.00","6142.15","6130.05","6133.00"
"Thu Jan 30 2025 12:05:00 GMT+0530 (India Standard Time)","6133.00","6139.95","6131.50","6134.90"
"Thu Jan 30 2025 12:10:00 GMT+0530 (India Standard Time)","6134.90","6136.30","6130.70","6133.50"
"Thu Jan 30 2025 12:15:00 GMT+0530 (India Standard Time)","6133.50","6146.20","6130.00","6143.80"
"Thu Jan 30 2025 12:20:00 GMT+0530 (India Standard Time)","6143.80","6145.30","6139.65","6140.00"
"Thu Jan 30 2025 12:25:00 GMT+0530 (India Standard Time)","6140.00","6143.15","6133.05","6134.05"
"Thu Jan 30 2025 12:30:00 GMT+0530 (India Standard Time)","6134.05","6142.00","6131.50","6137.55"
"Thu Jan 30 2025 12:35:00 GMT+0530 (India Standard Time)","6137.55","6142.60","6137.00","6140.00"
"Thu Jan 30 2025 12:40:00 GMT+0530 (India Standard Time)","6140.00","6142.30","6137.00","6141.60"
"Thu Jan 30 2025 12:45:00 GMT+0530 (India Standard Time)","6142.70","6148.50","6138.05","6145.55"
"Thu Jan 30 2025 12:50:00 GMT+0530 (India Standard Time)","6145.55","6148.45","6141.10","6144.90"
"Thu Jan 30 2025 12:55:00 GMT+0530 (India Standard Time)","6144.90","6150.00","6143.20","6144.10"
"Thu Jan 30 2025 13:00:00 GMT+0530 (India Standard Time)","6144.05","6147.70","6141.30","6142.00"
"Thu Jan 30 2025 13:05:00 GMT+0530 (India Standard Time)","6142.00","6148.85","6141.65","6143.85"
"Thu Jan 30 2025 13:10:00 GMT+0530 (India Standard Time)","6145.35","6148.45","6142.55","6147.80"
"Thu Jan 30 2025 13:15:00 GMT+0530 (India Standard Time)","6147.80","6147.80","6145.00","6147.75"
"Thu Jan 30 2025 13:20:00 GMT+0530 (India Standard Time)","6147.75","6149.95","6145.00","6145.00"
"Thu Jan 30 2025 13:25:00 GMT+0530 (India Standard Time)","6145.00","6146.85","6129.00","6130.60"
"Thu Jan 30 2025 13:30:00 GMT+0530 (India Standard Time)","6129.00","6137.90","6129.00","6132.65"
"Thu Jan 30 2025 13:35:00 GMT+0530 (India Standard Time)","6132.65","6133.35","6128.45","6130.00"
"Thu Jan 30 2025 13:40:00 GMT+0530 (India Standard Time)","6130.00","6133.35","6129.05","6131.00"
"Thu Jan 30 2025 13:45:00 GMT+0530 (India Standard Time)","6132.40","6133.20","6116.50","6120.60"
"Thu Jan 30 2025 13:50:00 GMT+0530 (India Standard Time)","6120.60","6133.55","6115.40","6116.95"
"Thu Jan 30 2025 13:55:00 GMT+0530 (India Standard Time)","6116.95","6121.80","6090.00","6099.20"
"Thu Jan 30 2025 14:00:00 GMT+0530 (India Standard Time)","6102.20","6105.95","6098.00","6103.95"
"Thu Jan 30 2025 14:05:00 GMT+0530 (India Standard Time)","6103.95","6118.50","6102.00","6111.65"
"Thu Jan 30 2025 14:10:00 GMT+0530 (India Standard Time)","6111.65","6117.75","6108.30","6113.30"
"Thu Jan 30 2025 14:15:00 GMT+0530 (India Standard Time)","6113.30","6124.15","6108.30","6118.75"
"Thu Jan 30 2025 14:20:00 GMT+0530 (India Standard Time)","6118.75","6120.10","6115.00","6117.65"
"Thu Jan 30 2025 14:25:00 GMT+0530 (India Standard Time)","6117.00","6120.80","6112.00","6120.80"
"Thu Jan 30 2025 14:30:00 GMT+0530 (India Standard Time)","6120.80","6120.80","6112.00","6115.00"
"Thu Jan 30 2025 14:35:00 GMT+0530 (India Standard Time)","6115.00","6119.10","6115.00","6118.55"
"Thu Jan 30 2025 14:40:00 GMT+0530 (India Standard Time)","6118.50","6127.00","6115.00","6122.85"
"Thu Jan 30 2025 14:45:00 GMT+0530 (India Standard Time)","6122.85","6138.35","6115.35","6116.80"
"Thu Jan 30 2025 14:50:00 GMT+0530 (India Standard Time)","6116.80","6128.05","6115.00","6117.10"
"Thu Jan 30 2025 14:55:00 GMT+0530 (India Standard Time)","6117.10","6124.45","6115.00","6122.55"
"Thu Jan 30 2025 15:00:00 GMT+0530 (India Standard Time)","6126.10","6130.75","6116.00","6116.80"
"Thu Jan 30 2025 15:05:00 GMT+0530 (India Standard Time)","6116.80","6120.00","6115.60","6116.25"
"Thu Jan 30 2025 15:10:00 GMT+0530 (India Standard Time)","6116.25","6131.00","6114.90","6131.00"
"Thu Jan 30 2025 15:15:00 GMT+0530 (India Standard Time)","6130.00","6134.85","6117.45","6118.30"
"Thu Jan 30 2025 15:20:00 GMT+0530 (India Standard Time)","6118.30","6158.15","6115.00","6152.95"
"Thu Jan 30 2025 15:25:00 GMT+0530 (India Standard Time)","6150.65","6174.95","6150.00","6174.00"
"Fri Jan 31 2025 09:15:00 GMT+0530 (India Standard Time)","6145.00","6221.05","6130.10","6220.75"
"Fri Jan 31 2025 09:20:00 GMT+0530 (India Standard Time)","6220.75","6278.45","6216.30","6255.50"
"Fri Jan 31 2025 09:25:00 GMT+0530 (India Standard Time)","6255.50","6256.60","6221.75","6225.00"
"Fri Jan 31 2025 09:30:00 GMT+0530 (India Standard Time)","6225.00","6225.00","6195.70","6208.30"
"Fri Jan 31 2025 09:35:00 GMT+0530 (India Standard Time)","6208.30","6225.75","6205.30","6225.00"
"Fri Jan 31 2025 09:40:00 GMT+0530 (India Standard Time)","6225.00","6234.95","6222.10","6230.00"
"Fri Jan 31 2025 09:45:00 GMT+0530 (India Standard Time)","6230.00","6232.80","6222.00","6229.45"
"Fri Jan 31 2025 09:50:00 GMT+0530 (India Standard Time)","6229.45","6237.10","6210.00","6216.40"
"Fri Jan 31 2025 09:55:00 GMT+0530 (India Standard Time)","6215.00","6222.00","6205.45","6216.00"
"Fri Jan 31 2025 10:00:00 GMT+0530 (India Standard Time)","6216.00","6218.65","6211.35","6214.20"
"Fri Jan 31 2025 10:05:00 GMT+0530 (India Standard Time)","6214.20","6214.20","6182.20","6182.20"
"Fri Jan 31 2025 10:10:00 GMT+0530 (India Standard Time)","6184.95","6200.00","6176.65","6196.85"
"Fri Jan 31 2025 10:15:00 GMT+0530 (India Standard Time)","6196.85","6199.10","6184.10","6190.00"
"Fri Jan 31 2025 10:20:00 GMT+0530 (India Standard Time)","6190.00","6222.75","6189.75","6216.55"
"Fri Jan 31 2025 10:25:00 GMT+0530 (India Standard Time)","6216.55","6219.95","6206.00","6210.65"
"Fri Jan 31 2025 10:30:00 GMT+0530 (India Standard Time)","6210.65","6214.95","6205.40","6214.95"
"Fri Jan 31 2025 10:35:00 GMT+0530 (India Standard Time)","6214.95","6224.00","6212.85","6213.40"
"Fri Jan 31 2025 10:40:00 GMT+0530 (India Standard Time)","6210.80","6221.50","6210.05","6221.50"
"Fri Jan 31 2025 10:45:00 GMT+0530 (India Standard Time)","6221.50","6233.00","6215.75","6233.00"
"Fri Jan 31 2025 10:50:00 GMT+0530 (India Standard Time)","6232.95","6252.15","6232.45","6249.00"
"Fri Jan 31 2025 10:55:00 GMT+0530 (India Standard Time)","6249.60","6258.00","6247.30","6254.90"
"Fri Jan 31 2025 11:00:00 GMT+0530 (India Standard Time)","6254.90","6260.00","6246.00","6260.00"
"Fri Jan 31 2025 11:05:00 GMT+0530 (India Standard Time)","6260.00","6270.00","6254.30","6258.10"
"Fri Jan 31 2025 11:10:00 GMT+0530 (India Standard Time)","6258.10","6284.25","6255.40","6284.25"
"Fri Jan 31 2025 11:15:00 GMT+0530 (India Standard Time)","6284.25","6288.80","6266.55","6275.00"
"Fri Jan 31 2025 11:20:00 GMT+0530 (India Standard Time)","6275.65","6278.65","6266.30","6275.80"
"Fri Jan 31 2025 11:25:00 GMT+0530 (India Standard Time)","6278.00","6286.05","6273.15","6283.40"
"Fri Jan 31 2025 11:30:00 GMT+0530 (India Standard Time)","6283.40","6283.40","6270.10","6280.85"
"Fri Jan 31 2025 11:35:00 GMT+0530 (India Standard Time)","6280.85","6280.85","6264.65","6268.00"
"Fri Jan 31 2025 11:40:00 GMT+0530 (India Standard Time)","6268.00","6271.95","6264.15","6270.80"
"Fri Jan 31 2025 11:45:00 GMT+0530 (India Standard Time)","6271.00","6288.00","6270.00","6287.00"
"Fri Jan 31 2025 11:50:00 GMT+0530 (India Standard Time)","6286.95","6310.00","6285.00","6301.80"
"Fri Jan 31 2025 11:55:00 GMT+0530 (India Standard Time)","6301.80","6307.30","6293.00","6295.00"
"Fri Jan 31 2025 12:00:00 GMT+0530 (India Standard Time)","6295.00","6295.00","6287.15","6287.40"
"Fri Jan 31 2025 12:05:00 GMT+0530 (India Standard Time)","6287.40","6315.25","6287.40","6312.85"
"Fri Jan 31 2025 12:10:00 GMT+0530 (India Standard Time)","6315.25","6325.00","6313.45","6321.65"
"Fri Jan 31 2025 12:15:00 GMT+0530 (India Standard Time)","6321.65","6321.65","6310.65","6318.65"
"Fri Jan 31 2025 12:20:00 GMT+0530 (India Standard Time)","6318.65","6318.65","6311.45","6312.10"
"Fri Jan 31 2025 12:25:00 GMT+0530 (India Standard Time)","6312.10","6314.25","6307.05","6310.35"
"Fri Jan 31 2025 12:30:00 GMT+0530 (India Standard Time)","6310.35","6319.00","6307.85","6316.05"
"Fri Jan 31 2025 12:35:00 GMT+0530 (India Standard Time)","6316.05","6325.40","6316.05","6325.40"
"Fri Jan 31 2025 12:40:00 GMT+0530 (India Standard Time)","6325.60","6328.00","6314.00","6316.60"
"Fri Jan 31 2025 12:45:00 GMT+0530 (India Standard Time)","6316.60","6319.85","6304.45","6315.00"
"Fri Jan 31 2025 12:50:00 GMT+0530 (India Standard Time)","6315.00","6330.80","6313.10","6329.00"
"Fri Jan 31 2025 12:55:00 GMT+0530 (India Standard Time)","6329.00","6335.00","6324.45","6324.45"
"Fri Jan 31 2025 13:00:00 GMT+0530 (India Standard Time)","6324.45","6339.40","6322.00","6333.55"
"Fri Jan 31 2025 13:05:00 GMT+0530 (India Standard Time)","6333.85","6350.00","6330.20","6336.45"
"Fri Jan 31 2025 13:10:00 GMT+0530 (India Standard Time)","6336.45","6339.20","6331.70","6336.65"
"Fri Jan 31 2025 13:15:00 GMT+0530 (India Standard Time)","6336.65","6336.65","6330.00","6331.45"
"Fri Jan 31 2025 13:20:00 GMT+0530 (India Standard Time)","6331.45","6335.00","6320.75","6320.75"
"Fri Jan 31 2025 13:25:00 GMT+0530 (India Standard Time)","6323.60","6329.75","6313.50","6325.10"
"Fri Jan 31 2025 13:30:00 GMT+0530 (India Standard Time)","6325.10","6325.10","6316.30","6324.80"
"Fri Jan 31 2025 13:35:00 GMT+0530 (India Standard Time)","6328.70","6329.00","6315.10","6315.55"
"Fri Jan 31 2025 13:40:00 GMT+0530 (India Standard Time)","6316.20","6319.20","6307.80","6308.00"
"Fri Jan 31 2025 13:45:00 GMT+0530 (India Standard Time)","6308.00","6318.60","6303.20","6312.75"
"Fri Jan 31 2025 13:50:00 GMT+0530 (India Standard Time)","6312.75","6313.45","6286.15","6294.60"
"Fri Jan 31 2025 13:55:00 GMT+0530 (India Standard Time)","6290.40","6298.85","6290.40","6294.10"
"Fri Jan 31 2025 14:00:00 GMT+0530 (India Standard Time)","6294.10","6299.90","6292.05","6294.50"
"Fri Jan 31 2025 14:05:00 GMT+0530 (India Standard Time)","6294.50","6295.15","6279.80","6280.55"
"Fri Jan 31 2025 14:10:00 GMT+0530 (India Standard Time)","6280.55","6293.80","6277.50","6288.20"
"Fri Jan 31 2025 14:15:00 GMT+0530 (India Standard Time)","6288.20","6292.20","6280.00","6283.30"
"Fri Jan 31 2025 14:20:00 GMT+0530 (India Standard Time)","6283.30","6288.60","6278.10","6288.60"
"Fri Jan 31 2025 14:25:00 GMT+0530 (India Standard Time)","6291.95","6293.30","6282.05","6290.00"
"Fri Jan 31 2025 14:30:00 GMT+0530 (India Standard Time)","6290.00","6294.15","6283.40","6294.15"
"Fri Jan 31 2025 14:35:00 GMT+0530 (India Standard Time)","6294.15","6299.10","6291.60","6296.45"
"Fri Jan 31 2025 14:40:00 GMT+0530 (India Standard Time)","6296.45","6307.95","6295.80","6303.80"
"Fri Jan 31 2025 14:45:00 GMT+0530 (India Standard Time)","6303.80","6305.95","6297.95","6302.45"
"Fri Jan 31 2025 14:50:00 GMT+0530 (India Standard Time)","6300.00","6303.10","6285.55","6288.55"
"Fri Jan 31 2025 14:55:00 GMT+0530 (India Standard Time)","6288.55","6305.00","6285.00","6300.10"
"Fri Jan 31 2025 15:00:00 GMT+0530 (India Standard Time)","6302.55","6331.00","6300.00","6328.90"
"Fri Jan 31 2025 15:05:00 GMT+0530 (India Standard Time)","6328.90","6333.30","6325.00","6333.30"
"Fri Jan 31 2025 15:10:00 GMT+0530 (India Standard Time)","6331.70","6345.90","6331.70","6342.40"
"Fri Jan 31 2025 15:15:00 GMT+0530 (India Standard Time)","6339.45","6345.95","6335.65","6343.80"
"Fri Jan 31 2025 15:20:00 GMT+0530 (India Standard Time)","6344.75","6350.00","6332.60","6336.65"
"Fri Jan 31 2025 15:25:00 GMT+0530 (India Standard Time)","6334.30","6350.00","6326.30","6350.00"
"Sat Feb 01 2025 09:15:00 GMT+0530 (India Standard Time)","6370.00","6387.95","6301.50","6301.50"
"Sat Feb 01 2025 09:20:00 GMT+0530 (India Standard Time)","6301.50","6321.45","6295.20","6315.90"
"Sat Feb 01 2025 09:25:00 GMT+0530 (India Standard Time)","6315.00","6317.00","6306.30","6312.35"
"Sat Feb 01 2025 09:30:00 GMT+0530 (India Standard Time)","6309.45","6316.15","6300.00","6307.15"
"Sat Feb 01 2025 09:35:00 GMT+0530 (India Standard Time)","6307.15","6308.05","6290.00","6308.00"
"Sat Feb 01 2025 09:40:00 GMT+0530 (India Standard Time)","6308.00","6321.70","6305.00","6316.10"
"Sat Feb 01 2025 09:45:00 GMT+0530 (India Standard Time)","6316.10","6322.20","6314.05","6322.20"
"Sat Feb 01 2025 09:50:00 GMT+0530 (India Standard Time)","6322.20","6322.45","6315.00","6322.00"
"Sat Feb 01 2025 09:55:00 GMT+0530 (India Standard Time)","6320.00","6322.40","6306.05","6312.00"
"Sat Feb 01 2025 10:00:00 GMT+0530 (India Standard Time)","6312.00","6318.05","6310.00","6313.70"
"Sat Feb 01 2025 10:05:00 GMT+0530 (India Standard Time)","6313.70","6320.00","6310.10","6320.00"
"Sat Feb 01 2025 10:10:00 GMT+0530 (India Standard Time)","6317.00","6325.20","6317.00","6324.35"
"Sat Feb 01 2025 10:15:00 GMT+0530 (India Standard Time)","6324.35","6324.35","6319.10","6323.95"
"Sat Feb 01 2025 10:20:00 GMT+0530 (India Standard Time)","6323.95","6330.00","6320.00","6330.00"
"Sat Feb 01 2025 10:25:00 GMT+0530 (India Standard Time)","6330.00","6333.75","6322.95","6328.00"
"Sat Feb 01 2025 10:30:00 GMT+0530 (India Standard Time)","6328.00","6333.40","6327.00","6333.00"
"Sat Feb 01 2025 10:35:00 GMT+0530 (India Standard Time)","6333.00","6345.90","6330.70","6345.90"
"Sat Feb 01 2025 10:40:00 GMT+0530 (India Standard Time)","6345.90","6347.00","6341.90","6345.95"
"Sat Feb 01 2025 10:45:00 GMT+0530 (India Standard Time)","6345.90","6345.95","6339.50","6345.95"
"Sat Feb 01 2025 10:50:00 GMT+0530 (India Standard Time)","6345.95","6348.80","6342.55","6342.55"
"Sat Feb 01 2025 10:55:00 GMT+0530 (India Standard Time)","6342.55","6348.75","6342.55","6347.95"
"Sat Feb 01 2025 11:00:00 GMT+0530 (India Standard Time)","6347.95","6348.80","6335.00","6337.65"
"Sat Feb 01 2025 11:05:00 GMT+0530 (India Standard Time)","6337.65","6339.10","6320.05","6338.90"
"Sat Feb 01 2025 11:10:00 GMT+0530 (India Standard Time)","6338.90","6347.80","6334.65","6347.80"
"Sat Feb 01 2025 11:15:00 GMT+0530 (India Standard Time)","6347.80","6347.80","6340.75","6342.05"
"Sat Feb 01 2025 11:20:00 GMT+0530 (India Standard Time)","6342.05","6344.90","6337.70","6339.95"
"Sat Feb 01 2025 11:25:00 GMT+0530 (India Standard Time)","6339.95","6340.00","6336.90","6340.00"
"Sat Feb 01 2025 11:30:00 GMT+0530 (India Standard Time)","6340.00","6347.80","6339.60","6346.00"
"Sat Feb 01 2025 11:35:00 GMT+0530 (India Standard Time)","6346.00","6351.15","6341.25","6345.00"
"Sat Feb 01 2025 11:40:00 GMT+0530 (India Standard Time)","6345.00","6345.75","6339.00","6345.75"
"Sat Feb 01 2025 11:45:00 GMT+0530 (India Standard Time)","6348.65","6348.65","6306.00","6306.65"
"Sat Feb 01 2025 11:50:00 GMT+0530 (India Standard Time)","6306.65","6310.00","6269.05","6299.85"
"Sat Feb 01 2025 11:55:00 GMT+0530 (India Standard Time)","6299.85","6313.80","6299.85","6307.95"
"Sat Feb 01 2025 12:00:00 GMT+0530 (India Standard Time)","6308.95","6317.50","6304.15","6309.70"
"Sat Feb 01 2025 12:05:00 GMT+0530 (India Standard Time)","6309.70","6325.55","6296.15","6325.55"
"Sat Feb 01 2025 12:10:00 GMT+0530 (India Standard Time)","6325.55","6352.65","6320.80","6341.50"
"Sat Feb 01 2025 12:15:00 GMT+0530 (India Standard Time)","6341.50","6346.00","6335.45","6346.00"
"Sat Feb 01 2025 12:20:00 GMT+0530 (India Standard Time)","6346.00","6346.00","6336.00","6339.20"
"Sat Feb 01 2025 12:25:00 GMT+0530 (India Standard Time)","6342.00","6345.00","6330.00","6335.00"
"Sat Feb 01 2025 12:30:00 GMT+0530 (India Standard Time)","6335.00","6344.50","6331.50","6335.00"
"Sat Feb 01 2025 12:35:00 GMT+0530 (India Standard Time)","6335.00","6335.85","6300.55","6324.35"
"Sat Feb 01 2025 12:40:00 GMT+0530 (India Standard Time)","6324.35","6328.10","6313.20","6318.70"
"Sat Feb 01 2025 12:45:00 GMT+0530 (India Standard Time)","6313.10","6324.85","6309.20","6324.85"
"Sat Feb 01 2025 12:50:00 GMT+0530 (India Standard Time)","6324.85","6324.85","6320.00","6323.30"
"Sat Feb 01 2025 12:55:00 GMT+0530 (India Standard Time)","6323.30","6323.95","6320.00","6320.15"
"Sat Feb 01 2025 13:00:00 GMT+0530 (India Standard Time)","6323.00","6327.75","6320.00","6327.70"
"Sat Feb 01 2025 13:05:00 GMT+0530 (India Standard Time)","6327.70","6340.00","6321.70","6339.65"
"Sat Feb 01 2025 13:10:00 GMT+0530 (India Standard Time)","6339.65","6339.95","6318.00","6323.20"
"Sat Feb 01 2025 13:15:00 GMT+0530 (India Standard Time)","6321.90","6323.10","6305.30","6309.35"
"Sat Feb 01 2025 13:20:00 GMT+0530 (India Standard Time)","6309.35","6316.95","6305.00","6316.90"
"Sat Feb 01 2025 13:25:00 GMT+0530 (India Standard Time)","6316.95","6342.95","6316.95","6341.95"
"Sat Feb 01 2025 13:30:00 GMT+0530 (India Standard Time)","6342.00","6348.00","6337.20","6345.00"
"Sat Feb 01 2025 13:35:00 GMT+0530 (India Standard Time)","6345.00","6348.00","6339.50","6342.35"
"Sat Feb 01 2025 13:40:00 GMT+0530 (India Standard Time)","6342.35","6348.00","6337.25","6344.95"
"Sat Feb 01 2025 13:45:00 GMT+0530 (India Standard Time)","6344.95","6347.00","6336.05","6340.00"
"Sat Feb 01 2025 13:50:00 GMT+0530 (India Standard Time)","6340.00","6341.10","6336.25","6336.30"
"Sat Feb 01 2025 13:55:00 GMT+0530 (India Standard Time)","6336.30","6341.10","6336.25","6341.10"
"Sat Feb 01 2025 14:00:00 GMT+0530 (India Standard Time)","6341.10","6344.05","6337.15","6340.50"
"Sat Feb 01 2025 14:05:00 GMT+0530 (India Standard Time)","6340.50","6345.80","6340.00","6345.80"
"Sat Feb 01 2025 14:10:00 GMT+0530 (India Standard Time)","6345.80","6348.00","6343.80","6346.20"
"Sat Feb 01 2025 14:15:00 GMT+0530 (India Standard Time)","6344.35","6348.00","6344.35","6347.95"
"Sat Feb 01 2025 14:20:00 GMT+0530 (India Standard Time)","6347.95","6363.95","6343.55","6363.85"
"Sat Feb 01 2025 14:25:00 GMT+0530 (India Standard Time)","6363.85","6363.85","6351.75","6353.80"
"Sat Feb 01 2025 14:30:00 GMT+0530 (India Standard Time)","6353.80","6360.20","6350.05","6355.35"
"Sat Feb 01 2025 14:35:00 GMT+0530 (India Standard Time)","6355.35","6358.80","6350.00","6353.20"
"Sat Feb 01 2025 14:40:00 GMT+0530 (India Standard Time)","6353.30","6357.00","6348.00","6355.65"
"Sat Feb 01 2025 14:45:00 GMT+0530 (India Standard Time)","6355.65","6357.00","6352.30","6356.00"
"Sat Feb 01 2025 14:50:00 GMT+0530 (India Standard Time)","6356.00","6358.00","6351.70","6358.00"
"Sat Feb 01 2025 14:55:00 GMT+0530 (India Standard Time)","6358.00","6359.85","6350.45","6358.15"
"Sat Feb 01 2025 15:00:00 GMT+0530 (India Standard Time)","6358.15","6359.90","6351.50","6355.40"
"Sat Feb 01 2025 15:05:00 GMT+0530 (India Standard Time)","6355.40","6367.90","6350.75","6367.90"
"Sat Feb 01 2025 15:10:00 GMT+0530 (India Standard Time)","6375.15","6387.65","6370.65","6383.05"
"Sat Feb 01 2025 15:15:00 GMT+0530 (India Standard Time)","6383.05","6387.55","6380.05","6382.70"
"Sat Feb 01 2025 15:20:00 GMT+0530 (India Standard Time)","6382.90","6393.50","6382.90","6393.45"
"Sat Feb 01 2025 15:25:00 GMT+0530 (India Standard Time)","6393.50","6400.00","6350.00","6383.00"
"Mon Feb 03 2025 09:15:00 GMT+0530 (India Standard Time)","6330.00","6330.00","6253.70","6258.10"
"Mon Feb 03 2025 09:20:00 GMT+0530 (India Standard Time)","6251.70","6286.80","6250.70","6283.85"
"Mon Feb 03 2025 09:25:00 GMT+0530 (India Standard Time)","6283.85","6340.00","6276.05","6334.35"
"Mon Feb 03 2025 09:30:00 GMT+0530 (India Standard Time)","6332.10","6334.95","6304.05","6318.05"
"Mon Feb 03 2025 09:35:00 GMT+0530 (India Standard Time)","6317.00","6325.95","6303.00","6318.30"
"Mon Feb 03 2025 09:40:00 GMT+0530 (India Standard Time)","6318.30","6349.60","6318.30","6344.05"
"Mon Feb 03 2025 09:45:00 GMT+0530 (India Standard Time)","6344.05","6344.05","6301.00","6303.05"
"Mon Feb 03 2025 09:50:00 GMT+0530 (India Standard Time)","6303.05","6311.85","6295.15","6307.35"
"Mon Feb 03 2025 09:55:00 GMT+0530 (India Standard Time)","6307.35","6314.25","6296.20","6300.55"
"Mon Feb 03 2025 10:00:00 GMT+0530 (India Standard Time)","6302.85","6325.25","6296.45","6305.45"
"Mon Feb 03 2025 10:05:00 GMT+0530 (India Standard Time)","6305.45","6307.80","6295.20","6303.40"
"Mon Feb 03 2025 10:10:00 GMT+0530 (India Standard Time)","6305.10","6318.90","6304.20","6310.00"
"Mon Feb 03 2025 10:15:00 GMT+0530 (India Standard Time)","6310.00","6317.00","6295.20","6295.20"
"Mon Feb 03 2025 10:20:00 GMT+0530 (India Standard Time)","6297.90","6314.05","6296.00","6305.40"
"Mon Feb 03 2025 10:25:00 GMT+0530 (India Standard Time)","6305.40","6314.00","6295.15","6295.45"
"Mon Feb 03 2025 10:30:00 GMT+0530 (India Standard Time)","6298.15","6304.00","6291.25","6297.55"
"Mon Feb 03 2025 10:35:00 GMT+0530 (India Standard Time)","6297.55","6310.65","6296.00","6296.00"
"Mon Feb 03 2025 10:40:00 GMT+0530 (India Standard Time)","6296.00","6307.40","6296.00","6302.90"
"Mon Feb 03 2025 10:45:00 GMT+0530 (India Standard Time)","6302.90","6323.70","6298.80","6316.10"
"Mon Feb 03 2025 10:50:00 GMT+0530 (India Standard Time)","6316.10","6319.60","6313.00","6313.05"
"Mon Feb 03 2025 10:55:00 GMT+0530 (India Standard Time)","6313.05","6317.80","6306.10","6313.35"
"Mon Feb 03 2025 11:00:00 GMT+0530 (India Standard Time)","6313.35","6331.10","6313.05","6317.00"
"Mon Feb 03 2025 11:05:00 GMT+0530 (India Standard Time)","6317.00","6319.70","6291.95","6299.75"
"Mon Feb 03 2025 11:10:00 GMT+0530 (India Standard Time)","6299.75","6308.65","6292.40","6308.65"
"Mon Feb 03 2025 11:15:00 GMT+0530 (India Standard Time)","6308.65","6326.25","6308.50","6322.10"
"Mon Feb 03 2025 11:20:00 GMT+0530 (India Standard Time)","6322.10","6323.40","6317.00","6318.80"
"Mon Feb 03 2025 11:25:00 GMT+0530 (India Standard Time)","6318.80","6320.00","6301.00","6304.00"
"Mon Feb 03 2025 11:30:00 GMT+0530 (India Standard Time)","6304.00","6304.00","6295.20","6295.20"
"Mon Feb 03 2025 11:35:00 GMT+0530 (India Standard Time)","6295.20","6303.50","6295.00","6298.30"
"Mon Feb 03 2025 11:40:00 GMT+0530 (India Standard Time)","6298.30","6312.45","6295.10","6307.50"
"Mon Feb 03 2025 11:45:00 GMT+0530 (India Standard Time)","6308.40","6336.05","6308.40","6332.05"
"Mon Feb 03 2025 11:50:00 GMT+0530 (India Standard Time)","6332.05","6334.35","6322.45","6325.00"
"Mon Feb 03 2025 11:55:00 GMT+0530 (India Standard Time)","6325.00","6325.00","6315.80","6320.75"
"Mon Feb 03 2025 12:00:00 GMT+0530 (India Standard Time)","6320.75","6326.90","6317.20","6325.10"
"Mon Feb 03 2025 12:05:00 GMT+0530 (India Standard Time)","6325.10","6325.10","6314.00","6319.15"
"Mon Feb 03 2025 12:10:00 GMT+0530 (India Standard Time)","6319.15","6321.00","6305.60","6305.60"
"Mon Feb 03 2025 12:15:00 GMT+0530 (India Standard Time)","6308.00","6308.00","6305.00","6306.90"
"Mon Feb 03 2025 12:20:00 GMT+0530 (India Standard Time)","6306.90","6306.90","6301.00","6301.00"
"Mon Feb 03 2025 12:25:00 GMT+0530 (India Standard Time)","6301.00","6320.00","6301.00","6314.10"
"Mon Feb 03 2025 12:30:00 GMT+0530 (India Standard Time)","6314.10","6314.10","6305.00","6305.00"
"Mon Feb 03 2025 12:35:00 GMT+0530 (India Standard Time)","6305.00","6307.65","6304.00","6304.00"
"Mon Feb 03 2025 12:40:00 GMT+0530 (India Standard Time)","6304.00","6305.95","6304.00","6305.95"
"Mon Feb 03 2025 12:45:00 GMT+0530 (India Standard Time)","6305.95","6306.00","6304.00","6304.00"
"Mon Feb 03 2025 12:50:00 GMT+0530 (India Standard Time)","6304.00","6309.65","6302.00","6308.35"
"Mon Feb 03 2025 12:55:00 GMT+0530 (India Standard Time)","6308.35","6313.50","6305.40","6307.60"
"Mon Feb 03 2025 13:00:00 GMT+0530 (India Standard Time)","6307.60","6323.15","6307.60","6323.15"
"Mon Feb 03 2025 13:05:00 GMT+0530 (India Standard Time)","6323.15","6328.00","6315.55","6323.80"
"Mon Feb 03 2025 13:10:00 GMT+0530 (India Standard Time)","6323.80","6329.00","6318.10","6324.00"
"Mon Feb 03 2025 13:15:00 GMT+0530 (India Standard Time)","6326.05","6333.60","6322.65","6331.20"
"Mon Feb 03 2025 13:20:00 GMT+0530 (India Standard Time)","6331.20","6331.20","6321.70","6329.00"
"Mon Feb 03 2025 13:25:00 GMT+0530 (India Standard Time)","6329.00","6329.00","6321.05","6321.85"
"Mon Feb 03 2025 13:30:00 GMT+0530 (India Standard Time)","6321.85","6329.90","6321.00","6328.80"
"Mon Feb 03 2025 13:35:00 GMT+0530 (India Standard Time)","6328.80","6328.80","6323.70","6328.00"
"Mon Feb 03 2025 13:40:00 GMT+0530 (India Standard Time)","6328.00","6336.00","6326.35","6333.40"
"Mon Feb 03 2025 13:45:00 GMT+0530 (India Standard Time)","6333.40","6336.00","6330.00","6333.95"
"Mon Feb 03 2025 13:50:00 GMT+0530 (India Standard Time)","6333.95","6338.50","6323.00","6328.25"
"Mon Feb 03 2025 13:55:00 GMT+0530 (India Standard Time)","6328.25","6336.95","6320.15","6323.30"
"Mon Feb 03 2025 14:00:00 GMT+0530 (India Standard Time)","6323.30","6345.00","6323.30","6340.00"
"Mon Feb 03 2025 14:05:00 GMT+0530 (India Standard Time)","6340.00","6344.85","6340.00","6343.55"
"Mon Feb 03 2025 14:10:00 GMT+0530 (India Standard Time)","6343.55","6349.00","6341.05","6343.75"
"Mon Feb 03 2025 14:15:00 GMT+0530 (India Standard Time)","6343.75","6348.80","6343.20","6345.80"
"Mon Feb 03 2025 14:20:00 GMT+0530 (India Standard Time)","6345.80","6346.00","6340.00","6344.00"
"Mon Feb 03 2025 14:25:00 GMT+0530 (India Standard Time)","6344.00","6344.00","6340.00","6342.90"
"Mon Feb 03 2025 14:30:00 GMT+0530 (India Standard Time)","6342.90","6347.95","6340.00","6346.00"
"Mon Feb 03 2025 14:35:00 GMT+0530 (India Standard Time)","6348.30","6368.35","6345.00","6354.00"
"Mon Feb 03 2025 14:40:00 GMT+0530 (India Standard Time)","6354.00","6356.95","6348.25","6352.00"
"Mon Feb 03 2025 14:45:00 GMT+0530 (India Standard Time)","6352.00","6352.00","6342.60","6344.95"
"Mon Feb 03 2025 14:50:00 GMT+0530 (India Standard Time)","6343.65","6352.00","6340.55","6352.00"
"Mon Feb 03 2025 14:55:00 GMT+0530 (India Standard Time)","6352.00","6373.35","6352.00","6369.00"
"Mon Feb 03 2025 15:00:00 GMT+0530 (India Standard Time)","6369.00","6382.95","6366.05","6372.70"
"Mon Feb 03 2025 15:05:00 GMT+0530 (India Standard Time)","6373.00","6386.40","6372.05","6386.40"
"Mon Feb 03 2025 15:10:00 GMT+0530 (India Standard Time)","6386.95","6406.70","6386.35","6404.05"
"Mon Feb 03 2025 15:15:00 GMT+0530 (India Standard Time)","6404.05","6407.55","6402.25","6404.30"
"Mon Feb 03 2025 15:20:00 GMT+0530 (India Standard Time)","6403.40","6405.00","6390.55","6398.95"
"Mon Feb 03 2025 15:25:00 GMT+0530 (India Standard Time)","6398.95","6420.00","6396.00","6415.00"
"Tue Feb 04 2025 09:15:00 GMT+0530 (India Standard Time)","6415.00","6467.00","6413.60","6454.75"
"Tue Feb 04 2025 09:20:00 GMT+0530 (India Standard Time)","6457.95","6460.40","6410.05","6438.00"
"Tue Feb 04 2025 09:25:00 GMT+0530 (India Standard Time)","6438.00","6438.00","6411.00","6417.00"
"Tue Feb 04 2025 09:30:00 GMT+0530 (India Standard Time)","6417.00","6433.00","6408.65","6410.00"
"Tue Feb 04 2025 09:35:00 GMT+0530 (India Standard Time)","6410.00","6438.45","6406.00","6432.55"
"Tue Feb 04 2025 09:40:00 GMT+0530 (India Standard Time)","6432.55","6440.00","6422.15","6440.00"
"Tue Feb 04 2025 09:45:00 GMT+0530 (India Standard Time)","6440.00","6449.55","6431.55","6439.25"
"Tue Feb 04 2025 09:50:00 GMT+0530 (India Standard Time)","6436.85","6446.45","6435.00","6442.40"
"Tue Feb 04 2025 09:55:00 GMT+0530 (India Standard Time)","6443.95","6447.05","6440.00","6441.60"
"Tue Feb 04 2025 10:00:00 GMT+0530 (India Standard Time)","6441.60","6448.95","6424.40","6436.60"
"Tue Feb 04 2025 10:05:00 GMT+0530 (India Standard Time)","6433.15","6445.40","6420.20","6431.85"
"Tue Feb 04 2025 10:10:00 GMT+0530 (India Standard Time)","6431.85","6443.15","6431.85","6433.30"
"Tue Feb 04 2025 10:15:00 GMT+0530 (India Standard Time)","6433.30","6436.45","6417.00","6430.65"
"Tue Feb 04 2025 10:20:00 GMT+0530 (India Standard Time)","6430.65","6432.75","6415.30","6423.85"
"Tue Feb 04 2025 10:25:00 GMT+0530 (India Standard Time)","6423.85","6427.95","6417.30","6421.95"
"Tue Feb 04 2025 10:30:00 GMT+0530 (India Standard Time)","6421.95","6427.60","6410.10","6411.65"
"Tue Feb 04 2025 10:35:00 GMT+0530 (India Standard Time)","6411.65","6415.00","6385.00","6385.25"
"Tue Feb 04 2025 10:40:00 GMT+0530 (India Standard Time)","6385.25","6396.20","6383.20","6386.50"
"Tue Feb 04 2025 10:45:00 GMT+0530 (India Standard Time)","6383.30","6387.10","6371.90","6379.90"
"Tue Feb 04 2025 10:50:00 GMT+0530 (India Standard Time)","6375.05","6384.15","6372.00","6377.10"
"Tue Feb 04 2025 10:55:00 GMT+0530 (India Standard Time)","6377.10","6387.75","6377.00","6385.25"
"Tue Feb 04 2025 11:00:00 GMT+0530 (India Standard Time)","6385.25","6386.20","6372.00","6373.70"
"Tue Feb 04 2025 11:05:00 GMT+0530 (India Standard Time)","6375.45","6375.45","6365.05","6374.15"
"Tue Feb 04 2025 11:10:00 GMT+0530 (India Standard Time)","6374.15","6380.00","6371.10","6375.20"
"Tue Feb 04 2025 11:15:00 GMT+0530 (India Standard Time)","6375.20","6377.75","6360.00","6376.65"
"Tue Feb 04 2025 11:20:00 GMT+0530 (India Standard Time)","6376.65","6376.65","6371.80","6376.10"
"Tue Feb 04 2025 11:25:00 GMT+0530 (India Standard Time)","6376.10","6380.00","6362.00","6365.25"
"Tue Feb 04 2025 11:30:00 GMT+0530 (India Standard Time)","6365.25","6366.20","6359.25","6359.25"
"Tue Feb 04 2025 11:35:00 GMT+0530 (India Standard Time)","6359.25","6360.75","6350.35","6352.35"
"Tue Feb 04 2025 11:40:00 GMT+0530 (India Standard Time)","6352.35","6356.40","6338.00","6340.20"
"Tue Feb 04 2025 11:45:00 GMT+0530 (India Standard Time)","6340.20","6340.20","6328.85","6337.20"
"Tue Feb 04 2025 11:50:00 GMT+0530 (India Standard Time)","6341.90","6353.45","6333.05","6343.50"
"Tue Feb 04 2025 11:55:00 GMT+0530 (India Standard Time)","6343.50","6343.50","6330.05","6332.30"
"Tue Feb 04 2025 12:00:00 GMT+0530 (India Standard Time)","6332.30","6332.75","6321.50","6325.00"
"Tue Feb 04 2025 12:05:00 GMT+0530 (India Standard Time)","6325.00","6329.95","6324.10","6324.60"
"Tue Feb 04 2025 12:10:00 GMT+0530 (India Standard Time)","6324.60","6336.90","6324.60","6331.20"
"Tue Feb 04 2025 12:15:00 GMT+0530 (India Standard Time)","6330.50","6332.00","6325.00","6330.20"
"Tue Feb 04 2025 12:20:00 GMT+0530 (India Standard Time)","6330.20","6330.20","6326.80","6327.45"
"Tue Feb 04 2025 12:25:00 GMT+0530 (India Standard Time)","6327.45","6327.45","6319.95","6322.40"
"Tue Feb 04 2025 12:30:00 GMT+0530 (India Standard Time)","6322.40","6328.80","6317.00","6317.15"
"Tue Feb 04 2025 12:35:00 GMT+0530 (India Standard Time)","6317.15","6319.75","6315.00","6318.00"
"Tue Feb 04 2025 12:40:00 GMT+0530 (India Standard Time)","6318.00","6323.40","6312.65","6319.15"
"Tue Feb 04 2025 12:45:00 GMT+0530 (India Standard Time)","6319.55","6320.30","6318.00","6318.00"
"Tue Feb 04 2025 12:50:00 GMT+0530 (India Standard Time)","6318.55","6322.25","6318.00","6321.85"
"Tue Feb 04 2025 12:55:00 GMT+0530 (India Standard Time)","6321.85","6328.45","6318.05","6326.35"
"Tue Feb 04 2025 13:00:00 GMT+0530 (India Standard Time)","6326.35","6326.35","6320.00","6321.25"
"Tue Feb 04 2025 13:05:00 GMT+0530 (India Standard Time)","6321.25","6349.30","6321.25","6346.55"
"Tue Feb 04 2025 13:10:00 GMT+0530 (India Standard Time)","6346.55","6350.00","6332.20","6336.10"
"Tue Feb 04 2025 13:15:00 GMT+0530 (India Standard Time)","6336.10","6337.50","6330.00","6331.90"
"Tue Feb 04 2025 13:20:00 GMT+0530 (India Standard Time)","6331.90","6343.95","6331.90","6332.90"
"Tue Feb 04 2025 13:25:00 GMT+0530 (India Standard Time)","6332.90","6337.85","6331.90","6335.50"
"Tue Feb 04 2025 13:30:00 GMT+0530 (India Standard Time)","6335.50","6339.95","6333.00","6339.95"
"Tue Feb 04 2025 13:35:00 GMT+0530 (India Standard Time)","6343.35","6343.35","6335.00","6342.35"
"Tue Feb 04 2025 13:40:00 GMT+0530 (India Standard Time)","6342.35","6348.00","6339.00","6347.60"
"Tue Feb 04 2025 13:45:00 GMT+0530 (India Standard Time)","6347.60","6361.55","6346.30","6358.35"
"Tue Feb 04 2025 13:50:00 GMT+0530 (India Standard Time)","6358.35","6358.35","6350.00","6355.00"
"Tue Feb 04 2025 13:55:00 GMT+0530 (India Standard Time)","6355.00","6358.55","6353.45","6354.65"
"Tue Feb 04 2025 14:00:00 GMT+0530 (India Standard Time)","6354.65","6357.45","6345.00","6348.30"
"Tue Feb 04 2025 14:05:00 GMT+0530 (India Standard Time)","6348.30","6352.00","6345.00","6346.00"
"Tue Feb 04 2025 14:10:00 GMT+0530 (India Standard Time)","6346.00","6347.70","6343.05","6345.00"
"Tue Feb 04 2025 14:15:00 GMT+0530 (India Standard Time)","6343.50","6352.25","6343.05","6350.00"
"Tue Feb 04 2025 14:20:00 GMT+0530 (India Standard Time)","6350.00","6353.90","6344.00","6344.00"
"Tue Feb 04 2025 14:25:00 GMT+0530 (India Standard Time)","6344.00","6350.70","6343.05","6346.75"
"Tue Feb 04 2025 14:30:00 GMT+0530 (India Standard Time)","6348.85","6360.30","6347.50","6355.00"
"Tue Feb 04 2025 14:35:00 GMT+0530 (India Standard Time)","6355.00","6361.70","6355.00","6358.00"
"Tue Feb 04 2025 14:40:00 GMT+0530 (India Standard Time)","6358.00","6369.50","6358.00","6361.65"
"Tue Feb 04 2025 14:45:00 GMT+0530 (India Standard Time)","6361.65","6374.95","6358.05","6372.60"
"Tue Feb 04 2025 14:50:00 GMT+0530 (India Standard Time)","6372.60","6378.60","6372.60","6374.65"
"Tue Feb 04 2025 14:55:00 GMT+0530 (India Standard Time)","6375.40","6379.95","6373.90","6378.90"
"Tue Feb 04 2025 15:00:00 GMT+0530 (India Standard Time)","6379.00","6379.00","6361.40","6375.00"
"Tue Feb 04 2025 15:05:00 GMT+0530 (India Standard Time)","6375.00","6378.55","6359.65","6368.40"
"Tue Feb 04 2025 15:10:00 GMT+0530 (India Standard Time)","6376.95","6390.45","6368.45","6380.70"
"Tue Feb 04 2025 15:15:00 GMT+0530 (India Standard Time)","6380.70","6384.20","6365.00","6373.50"
"Tue Feb 04 2025 15:20:00 GMT+0530 (India Standard Time)","6372.60","6375.95","6361.80","6364.25"
"Tue Feb 04 2025 15:25:00 GMT+0530 (India Standard Time)","6364.25","6364.25","6350.00","6361.00"
"Wed Feb 05 2025 09:15:00 GMT+0530 (India Standard Time)","6371.10","6394.00","6347.30","6359.45"
"Wed Feb 05 2025 09:20:00 GMT+0530 (India Standard Time)","6359.45","6401.00","6351.45","6394.25"
"Wed Feb 05 2025 09:25:00 GMT+0530 (India Standard Time)","6394.25","6410.00","6394.10","6404.95"
"Wed Feb 05 2025 09:30:00 GMT+0530 (India Standard Time)","6404.95","6409.90","6392.20","6405.60"
"Wed Feb 05 2025 09:35:00 GMT+0530 (India Standard Time)","6405.60","6419.95","6400.55","6417.95"
"Wed Feb 05 2025 09:40:00 GMT+0530 (India Standard Time)","6419.35","6443.95","6415.05","6426.65"
"Wed Feb 05 2025 09:45:00 GMT+0530 (India Standard Time)","6426.65","6426.65","6392.50","6400.90"
"Wed Feb 05 2025 09:50:00 GMT+0530 (India Standard Time)","6400.90","6400.95","6377.00","6381.40"
"Wed Feb 05 2025 09:55:00 GMT+0530 (India Standard Time)","6381.40","6382.50","6372.00","6380.25"
"Wed Feb 05 2025 10:00:00 GMT+0530 (India Standard Time)","6380.25","6387.70","6360.00","6360.00"
"Wed Feb 05 2025 10:05:00 GMT+0530 (India Standard Time)","6359.10","6381.00","6345.05","6375.50"
"Wed Feb 05 2025 10:10:00 GMT+0530 (India Standard Time)","6375.50","6388.85","6375.50","6384.35"
"Wed Feb 05 2025 10:15:00 GMT+0530 (India Standard Time)","6384.35","6394.40","6384.35","6392.95"
"Wed Feb 05 2025 10:20:00 GMT+0530 (India Standard Time)","6392.95","6392.95","6384.00","6389.00"
"Wed Feb 05 2025 10:25:00 GMT+0530 (India Standard Time)","6389.00","6413.80","6388.15","6411.10"
"Wed Feb 05 2025 10:30:00 GMT+0530 (India Standard Time)","6411.10","6420.00","6408.00","6408.00"
"Wed Feb 05 2025 10:35:00 GMT+0530 (India Standard Time)","6408.00","6423.85","6405.45","6419.50"
"Wed Feb 05 2025 10:40:00 GMT+0530 (India Standard Time)","6419.50","6423.95","6410.35","6419.45"
"Wed Feb 05 2025 10:45:00 GMT+0530 (India Standard Time)","6419.45","6421.00","6409.45","6409.45"
"Wed Feb 05 2025 10:50:00 GMT+0530 (India Standard Time)","6409.45","6419.45","6409.00","6409.00"
"Wed Feb 05 2025 10:55:00 GMT+0530 (India Standard Time)","6409.00","6415.00","6405.15","6409.95"
"Wed Feb 05 2025 11:00:00 GMT+0530 (India Standard Time)","6409.95","6420.00","6408.70","6415.30"
"Wed Feb 05 2025 11:05:00 GMT+0530 (India Standard Time)","6415.30","6417.30","6387.00","6391.65"
"Wed Feb 05 2025 11:10:00 GMT+0530 (India Standard Time)","6391.65","6396.05","6389.05","6390.35"
"Wed Feb 05 2025 11:15:00 GMT+0530 (India Standard Time)","6390.35","6405.55","6383.05","6386.10"
"Wed Feb 05 2025 11:20:00 GMT+0530 (India Standard Time)","6386.10","6389.40","6374.00","6389.40"
"Wed Feb 05 2025 11:25:00 GMT+0530 (India Standard Time)","6389.40","6395.00","6385.00","6392.00"
"Wed Feb 05 2025 11:30:00 GMT+0530 (India Standard Time)","6392.00","6393.95","6386.00","6389.45"
"Wed Feb 05 2025 11:35:00 GMT+0530 (India Standard Time)","6389.45","6403.85","6389.45","6397.00"
"Wed Feb 05 2025 11:40:00 GMT+0530 (India Standard Time)","6397.00","6400.00","6390.70","6394.35"
"Wed Feb 05 2025 11:45:00 GMT+0530 (India Standard Time)","6394.35","6402.70","6391.95","6401.00"
"Wed Feb 05 2025 11:50:00 GMT+0530 (India Standard Time)","6401.00","6401.20","6395.25","6399.85"
"Wed Feb 05 2025 11:55:00 GMT+0530 (India Standard Time)","6399.85","6403.80","6389.90","6394.00"
"Wed Feb 05 2025 12:00:00 GMT+0530 (India Standard Time)","6394.00","6398.00","6388.95","6397.00"
"Wed Feb 05 2025 12:05:00 GMT+0530 (India Standard Time)","6397.00","6400.00","6390.90","6394.50"
"Wed Feb 05 2025 12:10:00 GMT+0530 (India Standard Time)","6394.50","6403.15","6394.50","6396.10"
"Wed Feb 05 2025 12:15:00 GMT+0530 (India Standard Time)","6396.10","6410.10","6396.10","6410.00"
"Wed Feb 05 2025 12:20:00 GMT+0530 (India Standard Time)","6411.50","6424.55","6411.50","6416.95"
"Wed Feb 05 2025 12:25:00 GMT+0530 (India Standard Time)","6416.95","6420.00","6413.10","6416.30"
"Wed Feb 05 2025 12:30:00 GMT+0530 (India Standard Time)","6416.30","6416.30","6399.35","6405.70"
"Wed Feb 05 2025 12:35:00 GMT+0530 (India Standard Time)","6405.70","6408.15","6404.00","6404.00"
"Wed Feb 05 2025 12:40:00 GMT+0530 (India Standard Time)","6404.00","6404.20","6392.95","6395.05"
"Wed Feb 05 2025 12:45:00 GMT+0530 (India Standard Time)","6395.05","6401.50","6391.50","6395.70"
"Wed Feb 05 2025 12:50:00 GMT+0530 (India Standard Time)","6395.70","6401.10","6393.15","6400.00"
"Wed Feb 05 2025 12:55:00 GMT+0530 (India Standard Time)","6400.00","6405.00","6398.25","6405.00"
"Wed Feb 05 2025 13:00:00 GMT+0530 (India Standard Time)","6405.00","6410.00","6403.65","6405.55"
"Wed Feb 05 2025 13:05:00 GMT+0530 (India Standard Time)","6405.55","6415.00","6405.55","6407.50"
"Wed Feb 05 2025 13:10:00 GMT+0530 (India Standard Time)","6407.50","6412.00","6402.10","6408.60"
"Wed Feb 05 2025 13:15:00 GMT+0530 (India Standard Time)","6408.60","6415.00","6408.60","6410.25"
"Wed Feb 05 2025 13:20:00 GMT+0530 (India Standard Time)","6410.25","6410.80","6393.65","6394.70"
"Wed Feb 05 2025 13:25:00 GMT+0530 (India Standard Time)","6394.70","6395.00","6385.10","6391.20"
"Wed Feb 05 2025 13:30:00 GMT+0530 (India Standard Time)","6391.20","6395.40","6387.00","6387.00"
"Wed Feb 05 2025 13:35:00 GMT+0530 (India Standard Time)","6387.00","6399.00","6387.00","6393.35"
"Wed Feb 05 2025 13:40:00 GMT+0530 (India Standard Time)","6390.05","6393.50","6385.35","6392.95"
"Wed Feb 05 2025 13:45:00 GMT+0530 (India Standard Time)","6392.95","6392.95","6385.50","6385.50"
"Wed Feb 05 2025 13:50:00 GMT+0530 (India Standard Time)","6385.50","6393.60","6385.50","6392.05"
"Wed Feb 05 2025 13:55:00 GMT+0530 (India Standard Time)","6392.05","6408.00","6392.05","6405.10"
"Wed Feb 05 2025 14:00:00 GMT+0530 (India Standard Time)","6405.10","6415.00","6405.10","6411.00"
"Wed Feb 05 2025 14:05:00 GMT+0530 (India Standard Time)","6411.00","6413.25","6402.50","6407.70"
"Wed Feb 05 2025 14:10:00 GMT+0530 (India Standard Time)","6407.70","6407.70","6403.05","6403.90"
"Wed Feb 05 2025 14:15:00 GMT+0530 (India Standard Time)","6403.90","6405.75","6391.35","6395.85"
"Wed Feb 05 2025 14:20:00 GMT+0530 (India Standard Time)","6395.85","6399.00","6391.35","6391.90"
"Wed Feb 05 2025 14:25:00 GMT+0530 (India Standard Time)","6391.90","6399.00","6391.90","6397.35"
"Wed Feb 05 2025 14:30:00 GMT+0530 (India Standard Time)","6397.35","6401.95","6392.60","6393.10"
"Wed Feb 05 2025 14:35:00 GMT+0530 (India Standard Time)","6393.10","6401.75","6393.05","6398.20"
"Wed Feb 05 2025 14:40:00 GMT+0530 (India Standard Time)","6394.35","6400.00","6393.00","6397.60"
"Wed Feb 05 2025 14:45:00 GMT+0530 (India Standard Time)","6397.60","6398.65","6391.30","6391.55"
"Wed Feb 05 2025 14:50:00 GMT+0530 (India Standard Time)","6391.55","6399.20","6391.40","6397.95"
"Wed Feb 05 2025 14:55:00 GMT+0530 (India Standard Time)","6397.95","6397.95","6389.10","6391.70"
"Wed Feb 05 2025 15:00:00 GMT+0530 (India Standard Time)","6391.70","6401.35","6376.65","6382.80"
"Wed Feb 05 2025 15:05:00 GMT+0530 (India Standard Time)","6382.80","6386.95","6375.55","6383.55"
"Wed Feb 05 2025 15:10:00 GMT+0530 (India Standard Time)","6383.50","6383.50","6376.00","6376.60"
"Wed Feb 05 2025 15:15:00 GMT+0530 (India Standard Time)","6376.35","6388.40","6375.85","6382.70"
"Wed Feb 05 2025 15:20:00 GMT+0530 (India Standard Time)","6382.70","6395.00","6380.60","6391.90"
"Wed Feb 05 2025 15:25:00 GMT+0530 (India Standard Time)","6391.75","6395.00","6377.00","6391.10"
"Thu Feb 06 2025 09:15:00 GMT+0530 (India Standard Time)","6400.00","6420.00","6381.00","6401.00"
"Thu Feb 06 2025 09:20:00 GMT+0530 (India Standard Time)","6401.00","6440.00","6399.70","6435.00"
"Thu Feb 06 2025 09:25:00 GMT+0530 (India Standard Time)","6432.00","6435.00","6413.00","6432.80"
"Thu Feb 06 2025 09:30:00 GMT+0530 (India Standard Time)","6428.80","6433.95","6407.60","6407.60"
"Thu Feb 06 2025 09:35:00 GMT+0530 (India Standard Time)","6407.60","6416.40","6407.00","6415.55"
"Thu Feb 06 2025 09:40:00 GMT+0530 (India Standard Time)","6415.55","6434.00","6411.20","6428.05"
"Thu Feb 06 2025 09:45:00 GMT+0530 (India Standard Time)","6428.05","6435.95","6425.55","6434.60"
"Thu Feb 06 2025 09:50:00 GMT+0530 (India Standard Time)","6434.60","6434.60","6427.10","6429.90"
"Thu Feb 06 2025 09:55:00 GMT+0530 (India Standard Time)","6429.90","6432.00","6416.40","6429.25"
"Thu Feb 06 2025 10:00:00 GMT+0530 (India Standard Time)","6429.25","6430.05","6425.15","6425.35"
"Thu Feb 06 2025 10:05:00 GMT+0530 (India Standard Time)","6428.00","6434.00","6424.00","6424.00"
"Thu Feb 06 2025 10:10:00 GMT+0530 (India Standard Time)","6427.05","6439.95","6422.00","6439.95"
"Thu Feb 06 2025 10:15:00 GMT+0530 (India Standard Time)","6439.95","6449.90","6436.40","6445.10"
"Thu Feb 06 2025 10:20:00 GMT+0530 (India Standard Time)","6445.10","6466.00","6445.10","6465.80"
"Thu Feb 06 2025 10:25:00 GMT+0530 (India Standard Time)","6465.80","6478.15","6451.00","6462.95"
"Thu Feb 06 2025 10:30:00 GMT+0530 (India Standard Time)","6459.10","6466.95","6452.90","6464.00"
"Thu Feb 06 2025 10:35:00 GMT+0530 (India Standard Time)","6465.55","6467.00","6456.00","6456.00"
"Thu Feb 06 2025 10:40:00 GMT+0530 (India Standard Time)","6456.00","6456.00","6448.30","6453.85"
"Thu Feb 06 2025 10:45:00 GMT+0530 (India Standard Time)","6453.85","6463.20","6449.00","6450.00"
"Thu Feb 06 2025 10:50:00 GMT+0530 (India Standard Time)","6450.00","6455.00","6449.10","6452.15"
"Thu Feb 06 2025 10:55:00 GMT+0530 (India Standard Time)","6452.15","6465.65","6449.10","6458.10"
"Thu Feb 06 2025 11:00:00 GMT+0530 (India Standard Time)","6458.10","6465.15","6450.55","6457.25"
"Thu Feb 06 2025 11:05:00 GMT+0530 (India Standard Time)","6454.05","6455.60","6443.75","6445.35"
"Thu Feb 06 2025 11:10:00 GMT+0530 (India Standard Time)","6445.35","6448.00","6420.75","6430.20"
"Thu Feb 06 2025 11:15:00 GMT+0530 (India Standard Time)","6430.20","6434.00","6425.25","6428.40"
"Thu Feb 06 2025 11:20:00 GMT+0530 (India Standard Time)","6428.40","6431.95","6422.80","6425.00"
"Thu Feb 06 2025 11:25:00 GMT+0530 (India Standard Time)","6425.00","6427.50","6423.15","6423.20"
"Thu Feb 06 2025 11:30:00 GMT+0530 (India Standard Time)","6423.20","6426.60","6420.00","6424.55"
"Thu Feb 06 2025 11:35:00 GMT+0530 (India Standard Time)","6424.55","6430.60","6424.00","6424.00"
"Thu Feb 06 2025 11:40:00 GMT+0530 (India Standard Time)","6424.00","6427.10","6422.55","6427.10"
"Thu Feb 06 2025 11:45:00 GMT+0530 (India Standard Time)","6427.10","6428.05","6423.80","6425.45"
"Thu Feb 06 2025 11:50:00 GMT+0530 (India Standard Time)","6425.45","6425.45","6411.00","6413.15"
"Thu Feb 06 2025 11:55:00 GMT+0530 (India Standard Time)","6413.15","6420.80","6411.05","6420.65"
"Thu Feb 06 2025 12:00:00 GMT+0530 (India Standard Time)","6417.70","6419.60","6387.50","6392.55"
"Thu Feb 06 2025 12:05:00 GMT+0530 (India Standard Time)","6392.55","6402.75","6392.55","6395.45"
"Thu Feb 06 2025 12:10:00 GMT+0530 (India Standard Time)","6394.00","6408.90","6394.00","6405.80"
"Thu Feb 06 2025 12:15:00 GMT+0530 (India Standard Time)","6405.80","6405.80","6392.40","6394.10"
"Thu Feb 06 2025 12:20:00 GMT+0530 (India Standard Time)","6392.40","6396.35","6391.30","6392.45"
"Thu Feb 06 2025 12:25:00 GMT+0530 (India Standard Time)","6392.45","6400.90","6388.20","6388.95"
"Thu Feb 06 2025 12:30:00 GMT+0530 (India Standard Time)","6388.95","6395.75","6385.20","6392.00"
"Thu Feb 06 2025 12:35:00 GMT+0530 (India Standard Time)","6392.00","6393.25","6387.00","6393.00"
"Thu Feb 06 2025 12:40:00 GMT+0530 (India Standard Time)","6393.00","6393.60","6381.20","6383.80"
"Thu Feb 06 2025 12:45:00 GMT+0530 (India Standard Time)","6383.80","6384.55","6380.00","6382.60"
"Thu Feb 06 2025 12:50:00 GMT+0530 (India Standard Time)","6383.50","6384.40","6380.00","6382.25"
"Thu Feb 06 2025 12:55:00 GMT+0530 (India Standard Time)","6382.25","6386.60","6380.10","6382.20"
"Thu Feb 06 2025 13:00:00 GMT+0530 (India Standard Time)","6382.20","6385.20","6372.05","6373.75"
"Thu Feb 06 2025 13:05:00 GMT+0530 (India Standard Time)","6377.10","6383.00","6373.75","6382.05"
"Thu Feb 06 2025 13:10:00 GMT+0530 (India Standard Time)","6382.05","6385.30","6378.55","6385.30"
"Thu Feb 06 2025 13:15:00 GMT+0530 (India Standard Time)","6385.30","6387.60","6378.70","6384.55"
"Thu Feb 06 2025 13:20:00 GMT+0530 (India Standard Time)","6384.55","6390.55","6382.10","6390.55"
"Thu Feb 06 2025 13:25:00 GMT+0530 (India Standard Time)","6390.55","6403.65","6390.00","6399.00"
"Thu Feb 06 2025 13:30:00 GMT+0530 (India Standard Time)","6399.00","6401.30","6392.30","6397.70"
"Thu Feb 06 2025 13:35:00 GMT+0530 (India Standard Time)","6397.70","6397.70","6390.00","6393.20"
"Thu Feb 06 2025 13:40:00 GMT+0530 (India Standard Time)","6393.20","6401.00","6393.20","6399.00"
"Thu Feb 06 2025 13:45:00 GMT+0530 (India Standard Time)","6399.00","6399.00","6386.05","6387.50"
"Thu Feb 06 2025 13:50:00 GMT+0530 (India Standard Time)","6387.50","6389.55","6383.60","6384.90"
"Thu Feb 06 2025 13:55:00 GMT+0530 (India Standard Time)","6384.90","6399.80","6382.35","6397.85"
"Thu Feb 06 2025 14:00:00 GMT+0530 (India Standard Time)","6397.85","6401.95","6395.55","6398.05"
"Thu Feb 06 2025 14:05:00 GMT+0530 (India Standard Time)","6398.05","6398.05","6389.60","6395.60"
"Thu Feb 06 2025 14:10:00 GMT+0530 (India Standard Time)","6395.60","6395.60","6388.70","6390.00"
"Thu Feb 06 2025 14:15:00 GMT+0530 (India Standard Time)","6390.00","6398.70","6389.50","6391.10"
"Thu Feb 06 2025 14:20:00 GMT+0530 (India Standard Time)","6391.10","6404.40","6391.10","6400.10"
"Thu Feb 06 2025 14:25:00 GMT+0530 (India Standard Time)","6400.10","6403.95","6399.95","6400.95"
"Thu Feb 06 2025 14:30:00 GMT+0530 (India Standard Time)","6400.95","6400.95","6390.70","6390.70"
"Thu Feb 06 2025 14:35:00 GMT+0530 (India Standard Time)","6390.15","6402.85","6390.15","6402.80"
"Thu Feb 06 2025 14:40:00 GMT+0530 (India Standard Time)","6402.80","6405.00","6399.00","6400.75"
"Thu Feb 06 2025 14:45:00 GMT+0530 (India Standard Time)","6400.75","6425.00","6399.40","6416.90"
"Thu Feb 06 2025 14:50:00 GMT+0530 (India Standard Time)","6416.90","6423.10","6415.00","6417.85"
"Thu Feb 06 2025 14:55:00 GMT+0530 (India Standard Time)","6417.85","6418.20","6409.45","6410.00"
"Thu Feb 06 2025 15:00:00 GMT+0530 (India Standard Time)","6410.00","6423.20","6410.00","6423.20"
"Thu Feb 06 2025 15:05:00 GMT+0530 (India Standard Time)","6423.20","6430.60","6420.65","6429.95"
"Thu Feb 06 2025 15:10:00 GMT+0530 (India Standard Time)","6432.90","6433.60","6415.00","6419.50"
"Thu Feb 06 2025 15:15:00 GMT+0530 (India Standard Time)","6420.00","6423.00","6416.80","6421.00"
"Thu Feb 06 2025 15:20:00 GMT+0530 (India Standard Time)","6421.00","6421.00","6416.55","6421.00"
"Thu Feb 06 2025 15:25:00 GMT+0530 (India Standard Time)","6420.60","6421.00","6416.00","6421.00"
"Fri Feb 07 2025 09:15:00 GMT+0530 (India Standard Time)","6421.90","6424.70","6365.25","6366.25"
"Fri Feb 07 2025 09:20:00 GMT+0530 (India Standard Time)","6366.25","6388.40","6365.50","6376.70"
"Fri Feb 07 2025 09:25:00 GMT+0530 (India Standard Time)","6376.70","6398.90","6376.70","6390.00"
"Fri Feb 07 2025 09:30:00 GMT+0530 (India Standard Time)","6389.65","6400.00","6384.05","6398.35"
"Fri Feb 07 2025 09:35:00 GMT+0530 (India Standard Time)","6393.50","6396.85","6385.00","6387.95"
"Fri Feb 07 2025 09:40:00 GMT+0530 (India Standard Time)","6387.80","6389.20","6376.20","6383.70"
"Fri Feb 07 2025 09:45:00 GMT+0530 (India Standard Time)","6383.70","6387.85","6372.00","6372.00"
"Fri Feb 07 2025 09:50:00 GMT+0530 (India Standard Time)","6372.00","6390.00","6367.05","6386.80"
"Fri Feb 07 2025 09:55:00 GMT+0530 (India Standard Time)","6386.80","6387.45","6363.00","6363.00"
"Fri Feb 07 2025 10:00:00 GMT+0530 (India Standard Time)","6363.00","6369.95","6356.00","6359.90"
"Fri Feb 07 2025 10:05:00 GMT+0530 (India Standard Time)","6363.00","6386.65","6362.00","6379.95"
"Fri Feb 07 2025 10:10:00 GMT+0530 (India Standard Time)","6379.95","6386.95","6370.00","6376.20"
"Fri Feb 07 2025 10:15:00 GMT+0530 (India Standard Time)","6379.75","6384.10","6335.45","6363.80"
"Fri Feb 07 2025 10:20:00 GMT+0530 (India Standard Time)","6366.45","6370.85","6350.30","6356.00"
"Fri Feb 07 2025 10:25:00 GMT+0530 (India Standard Time)","6356.00","6356.00","6332.20","6345.90"
"Fri Feb 07 2025 10:30:00 GMT+0530 (India Standard Time)","6345.90","6345.90","6332.05","6335.00"
"Fri Feb 07 2025 10:35:00 GMT+0530 (India Standard Time)","6335.00","6370.00","6333.20","6364.85"
"Fri Feb 07 2025 10:40:00 GMT+0530 (India Standard Time)","6364.85","6382.70","6360.00","6376.90"
"Fri Feb 07 2025 10:45:00 GMT+0530 (India Standard Time)","6376.90","6376.90","6360.80","6365.95"
"Fri Feb 07 2025 10:50:00 GMT+0530 (India Standard Time)","6365.95","6368.75","6360.05","6365.95"
"Fri Feb 07 2025 10:55:00 GMT+0530 (India Standard Time)","6365.95","6384.80","6361.10","6379.95"
"Fri Feb 07 2025 11:00:00 GMT+0530 (India Standard Time)","6379.95","6386.65","6375.85","6383.25"
"Fri Feb 07 2025 11:05:00 GMT+0530 (India Standard Time)","6383.25","6383.25","6370.15","6378.55"
"Fri Feb 07 2025 11:10:00 GMT+0530 (India Standard Time)","6378.55","6384.90","6375.05","6380.65"
"Fri Feb 07 2025 11:15:00 GMT+0530 (India Standard Time)","6380.65","6407.95","6380.65","6407.95"
"Fri Feb 07 2025 11:20:00 GMT+0530 (India Standard Time)","6407.95","6408.65","6401.80","6408.65"
"Fri Feb 07 2025 11:25:00 GMT+0530 (India Standard Time)","6408.65","6410.00","6405.25","6408.95"
"Fri Feb 07 2025 11:30:00 GMT+0530 (India Standard Time)","6408.95","6415.00","6400.00","6400.00"
"Fri Feb 07 2025 11:35:00 GMT+0530 (India Standard Time)","6400.00","6406.25","6400.00","6400.00"
"Fri Feb 07 2025 11:40:00 GMT+0530 (India Standard Time)","6400.00","6409.00","6400.00","6408.65"
"Fri Feb 07 2025 11:45:00 GMT+0530 (India Standard Time)","6408.65","6414.95","6400.20","6400.20"
"Fri Feb 07 2025 11:50:00 GMT+0530 (India Standard Time)","6400.20","6405.30","6400.00","6400.15"
"Fri Feb 07 2025 11:55:00 GMT+0530 (India Standard Time)","6400.10","6405.25","6400.10","6404.05"
"Fri Feb 07 2025 12:00:00 GMT+0530 (India Standard Time)","6404.05","6405.70","6400.00","6403.00"
"Fri Feb 07 2025 12:05:00 GMT+0530 (India Standard Time)","6403.00","6404.00","6400.00","6403.00"
"Fri Feb 07 2025 12:10:00 GMT+0530 (India Standard Time)","6403.00","6403.00","6375.00","6377.20"
"Fri Feb 07 2025 12:15:00 GMT+0530 (India Standard Time)","6377.20","6383.10","6372.00","6383.10"
"Fri Feb 07 2025 12:20:00 GMT+0530 (India Standard Time)","6383.10","6389.95","6376.25","6385.50"
"Fri Feb 07 2025 12:25:00 GMT+0530 (India Standard Time)","6385.50","6388.40","6380.00","6387.05"
"Fri Feb 07 2025 12:30:00 GMT+0530 (India Standard Time)","6387.05","6399.45","6386.00","6396.80"
"Fri Feb 07 2025 12:35:00 GMT+0530 (India Standard Time)","6396.80","6399.60","6393.05","6395.40"
"Fri Feb 07 2025 12:40:00 GMT+0530 (India Standard Time)","6395.40","6398.55","6390.00","6394.60"
"Fri Feb 07 2025 12:45:00 GMT+0530 (India Standard Time)","6396.30","6403.75","6395.50","6400.55"
"Fri Feb 07 2025 12:50:00 GMT+0530 (India Standard Time)","6400.00","6404.00","6395.70","6399.20"
"Fri Feb 07 2025 12:55:00 GMT+0530 (India Standard Time)","6400.85","6401.75","6397.45","6399.00"
"Fri Feb 07 2025 13:00:00 GMT+0530 (India Standard Time)","6401.25","6410.00","6399.00","6403.60"
"Fri Feb 07 2025 13:05:00 GMT+0530 (India Standard Time)","6403.60","6406.00","6400.00","6400.00"
"Fri Feb 07 2025 13:10:00 GMT+0530 (India Standard Time)","6400.90","6402.10","6395.00","6395.30"
"Fri Feb 07 2025 13:15:00 GMT+0530 (India Standard Time)","6395.30","6403.85","6395.25","6403.00"
"Fri Feb 07 2025 13:20:00 GMT+0530 (India Standard Time)","6403.00","6409.00","6400.00","6400.45"
"Fri Feb 07 2025 13:25:00 GMT+0530 (India Standard Time)","6400.45","6404.70","6400.45","6400.75"
"Fri Feb 07 2025 13:30:00 GMT+0530 (India Standard Time)","6400.75","6404.65","6400.00","6404.65"
"Fri Feb 07 2025 13:35:00 GMT+0530 (India Standard Time)","6404.65","6410.95","6404.20","6404.20"
"Fri Feb 07 2025 13:40:00 GMT+0530 (India Standard Time)","6404.20","6409.55","6401.55","6405.65"
"Fri Feb 07 2025 13:45:00 GMT+0530 (India Standard Time)","6405.65","6406.90","6400.00","6400.00"
"Fri Feb 07 2025 13:50:00 GMT+0530 (India Standard Time)","6400.00","6401.00","6395.00","6400.00"
"Fri Feb 07 2025 13:55:00 GMT+0530 (India Standard Time)","6395.65","6404.20","6395.65","6402.60"
"Fri Feb 07 2025 14:00:00 GMT+0530 (India Standard Time)","6402.60","6402.75","6400.00","6400.00"
"Fri Feb 07 2025 14:05:00 GMT+0530 (India Standard Time)","6400.00","6401.95","6396.70","6397.00"
"Fri Feb 07 2025 14:10:00 GMT+0530 (India Standard Time)","6397.00","6401.95","6397.00","6401.45"
"Fri Feb 07 2025 14:15:00 GMT+0530 (India Standard Time)","6401.45","6401.95","6397.20","6401.95"
"Fri Feb 07 2025 14:20:00 GMT+0530 (India Standard Time)","6401.95","6402.60","6400.00","6402.60"
"Fri Feb 07 2025 14:25:00 GMT+0530 (India Standard Time)","6402.60","6402.60","6388.80","6392.00"
"Fri Feb 07 2025 14:30:00 GMT+0530 (India Standard Time)","6392.65","6406.50","6392.65","6401.60"
"Fri Feb 07 2025 14:35:00 GMT+0530 (India Standard Time)","6401.60","6410.00","6401.60","6406.45"
"Fri Feb 07 2025 14:40:00 GMT+0530 (India Standard Time)","6406.45","6414.00","6402.40","6402.50"
"Fri Feb 07 2025 14:45:00 GMT+0530 (India Standard Time)","6402.50","6410.00","6400.10","6405.00"
"Fri Feb 07 2025 14:50:00 GMT+0530 (India Standard Time)","6405.00","6419.70","6401.40","6412.65"
"Fri Feb 07 2025 14:55:00 GMT+0530 (India Standard Time)","6412.20","6415.00","6407.60","6414.20"
"Fri Feb 07 2025 15:00:00 GMT+0530 (India Standard Time)","6414.40","6429.90","6409.80","6424.65"
"Fri Feb 07 2025 15:05:00 GMT+0530 (India Standard Time)","6425.20","6439.95","6417.30","6439.95"
"Fri Feb 07 2025 15:10:00 GMT+0530 (India Standard Time)","6442.30","6446.95","6432.60","6436.95"
"Fri Feb 07 2025 15:15:00 GMT+0530 (India Standard Time)","6438.60","6455.25","6431.90","6439.65"
"Fri Feb 07 2025 15:20:00 GMT+0530 (India Standard Time)","6439.65","6446.85","6424.40","6429.00"
"Fri Feb 07 2025 15:25:00 GMT+0530 (India Standard Time)","6427.10","6429.50","6410.05","6415.00"
"Mon Feb 10 2025 09:15:00 GMT+0530 (India Standard Time)","6415.00","6425.00","6400.00","6419.00"
"Mon Feb 10 2025 09:20:00 GMT+0530 (India Standard Time)","6418.30","6418.30","6402.00","6409.20"
"Mon Feb 10 2025 09:25:00 GMT+0530 (India Standard Time)","6408.00","6416.00","6403.65","6413.45"
"Mon Feb 10 2025 09:30:00 GMT+0530 (India Standard Time)","6413.45","6415.00","6375.80","6391.55"
"Mon Feb 10 2025 09:35:00 GMT+0530 (India Standard Time)","6388.55","6388.55","6370.00","6372.80"
"Mon Feb 10 2025 09:40:00 GMT+0530 (India Standard Time)","6372.80","6372.80","6364.10","6365.60"
"Mon Feb 10 2025 09:45:00 GMT+0530 (India Standard Time)","6365.60","6367.00","6356.85","6365.90"
"Mon Feb 10 2025 09:50:00 GMT+0530 (India Standard Time)","6365.90","6373.30","6364.20","6371.25"
"Mon Feb 10 2025 09:55:00 GMT+0530 (India Standard Time)","6371.25","6372.15","6358.00","6358.00"
"Mon Feb 10 2025 10:00:00 GMT+0530 (India Standard Time)","6358.00","6366.25","6355.25","6358.80"
"Mon Feb 10 2025 10:05:00 GMT+0530 (India Standard Time)","6358.80","6359.15","6347.00","6352.00"
"Mon Feb 10 2025 10:10:00 GMT+0530 (India Standard Time)","6352.00","6359.75","6352.00","6356.60"
"Mon Feb 10 2025 10:15:00 GMT+0530 (India Standard Time)","6356.60","6356.60","6350.00","6352.85"
"Mon Feb 10 2025 10:20:00 GMT+0530 (India Standard Time)","6352.85","6359.65","6351.05","6358.50"
"Mon Feb 10 2025 10:25:00 GMT+0530 (India Standard Time)","6358.50","6371.80","6357.95","6368.50"
"Mon Feb 10 2025 10:30:00 GMT+0530 (India Standard Time)","6370.50","6399.60","6365.00","6399.60"
"Mon Feb 10 2025 10:35:00 GMT+0530 (India Standard Time)","6399.60","6418.00","6390.40","6418.00"
"Mon Feb 10 2025 10:40:00 GMT+0530 (India Standard Time)","6418.00","6419.50","6399.00","6399.00"
"Mon Feb 10 2025 10:45:00 GMT+0530 (India Standard Time)","6399.00","6400.00","6380.00","6380.00"
"Mon Feb 10 2025 10:50:00 GMT+0530 (India Standard Time)","6380.00","6381.40","6375.50","6377.05"
"Mon Feb 10 2025 10:55:00 GMT+0530 (India Standard Time)","6377.05","6394.95","6377.05","6394.00"
"Mon Feb 10 2025 11:00:00 GMT+0530 (India Standard Time)","6394.95","6394.95","6380.00","6382.65"
"Mon Feb 10 2025 11:05:00 GMT+0530 (India Standard Time)","6383.65","6388.60","6380.05","6381.00"
"Mon Feb 10 2025 11:10:00 GMT+0530 (India Standard Time)","6381.00","6407.00","6378.45","6403.65"
"Mon Feb 10 2025 11:15:00 GMT+0530 (India Standard Time)","6403.65","6406.95","6380.00","6380.00"
"Mon Feb 10 2025 11:20:00 GMT+0530 (India Standard Time)","6380.00","6385.15","6377.15","6381.75"
"Mon Feb 10 2025 11:25:00 GMT+0530 (India Standard Time)","6381.75","6393.20","6380.00","6390.00"
"Mon Feb 10 2025 11:30:00 GMT+0530 (India Standard Time)","6390.00","6398.00","6383.45","6394.25"
"Mon Feb 10 2025 11:35:00 GMT+0530 (India Standard Time)","6394.25","6400.90","6393.85","6395.85"
"Mon Feb 10 2025 11:40:00 GMT+0530 (India Standard Time)","6395.85","6395.85","6384.00","6387.00"
"Mon Feb 10 2025 11:45:00 GMT+0530 (India Standard Time)","6387.00","6387.20","6370.10","6370.10"
"Mon Feb 10 2025 11:50:00 GMT+0530 (India Standard Time)","6370.10","6379.00","6367.05","6372.95"
"Mon Feb 10 2025 11:55:00 GMT+0530 (India Standard Time)","6372.95","6372.95","6350.00","6350.00"
"Mon Feb 10 2025 12:00:00 GMT+0530 (India Standard Time)","6350.00","6351.75","6340.40","6346.15"
"Mon Feb 10 2025 12:05:00 GMT+0530 (India Standard Time)","6343.25","6346.25","6338.45","6338.45"
"Mon Feb 10 2025 12:10:00 GMT+0530 (India Standard Time)","6338.45","6343.75","6335.25","6340.00"
"Mon Feb 10 2025 12:15:00 GMT+0530 (India Standard Time)","6340.00","6345.75","6340.00","6342.25"
"Mon Feb 10 2025 12:20:00 GMT+0530 (India Standard Time)","6342.25","6363.95","6341.00","6352.50"
"Mon Feb 10 2025 12:25:00 GMT+0530 (India Standard Time)","6352.50","6359.15","6348.95","6356.45"
"Mon Feb 10 2025 12:30:00 GMT+0530 (India Standard Time)","6356.45","6356.45","6347.50","6350.50"
"Mon Feb 10 2025 12:35:00 GMT+0530 (India Standard Time)","6350.50","6358.10","6350.45","6357.00"
"Mon Feb 10 2025 12:40:00 GMT+0530 (India Standard Time)","6357.00","6358.90","6351.00","6355.00"
"Mon Feb 10 2025 12:45:00 GMT+0530 (India Standard Time)","6355.00","6362.05","6353.55","6360.00"
"Mon Feb 10 2025 12:50:00 GMT+0530 (India Standard Time)","6360.00","6362.05","6347.05","6347.05"
"Mon Feb 10 2025 12:55:00 GMT+0530 (India Standard Time)","6347.05","6351.00","6347.00","6350.00"
"Mon Feb 10 2025 13:00:00 GMT+0530 (India Standard Time)","6350.00","6350.50","6347.10","6347.10"
"Mon Feb 10 2025 13:05:00 GMT+0530 (India Standard Time)","6347.10","6347.15","6347.00","6347.05"
"Mon Feb 10 2025 13:10:00 GMT+0530 (India Standard Time)","6347.05","6350.05","6347.00","6347.65"
"Mon Feb 10 2025 13:15:00 GMT+0530 (India Standard Time)","6347.65","6350.35","6347.05","6349.90"
"Mon Feb 10 2025 13:20:00 GMT+0530 (India Standard Time)","6349.90","6350.35","6348.00","6349.25"
"Mon Feb 10 2025 13:25:00 GMT+0530 (India Standard Time)","6349.25","6354.40","6348.00","6354.25"
"Mon Feb 10 2025 13:30:00 GMT+0530 (India Standard Time)","6351.30","6354.35","6351.00","6354.20"
"Mon Feb 10 2025 13:35:00 GMT+0530 (India Standard Time)","6352.95","6355.00","6351.65","6354.60"
"Mon Feb 10 2025 13:40:00 GMT+0530 (India Standard Time)","6354.60","6363.60","6351.60","6363.60"
"Mon Feb 10 2025 13:45:00 GMT+0530 (India Standard Time)","6363.60","6365.00","6362.00","6364.65"
"Mon Feb 10 2025 13:50:00 GMT+0530 (India Standard Time)","6364.65","6375.00","6362.00","6375.00"
"Mon Feb 10 2025 13:55:00 GMT+0530 (India Standard Time)","6378.50","6379.00","6365.00","6367.20"
"Mon Feb 10 2025 14:00:00 GMT+0530 (India Standard Time)","6367.20","6367.20","6351.00","6351.30"
"Mon Feb 10 2025 14:05:00 GMT+0530 (India Standard Time)","6351.30","6356.00","6351.00","6352.00"
"Mon Feb 10 2025 14:10:00 GMT+0530 (India Standard Time)","6352.00","6362.80","6352.00","6353.00"
"Mon Feb 10 2025 14:15:00 GMT+0530 (India Standard Time)","6353.00","6357.85","6353.00","6357.30"
"Mon Feb 10 2025 14:20:00 GMT+0530 (India Standard Time)","6357.30","6357.30","6351.10","6354.25"
"Mon Feb 10 2025 14:25:00 GMT+0530 (India Standard Time)","6354.25","6354.25","6350.50","6352.45"
"Mon Feb 10 2025 14:30:00 GMT+0530 (India Standard Time)","6352.45","6376.75","6350.60","6365.00"
"Mon Feb 10 2025 14:35:00 GMT+0530 (India Standard Time)","6365.00","6375.00","6365.00","6371.80"
"Mon Feb 10 2025 14:40:00 GMT+0530 (India Standard Time)","6371.80","6386.50","6371.80","6384.00"
"Mon Feb 10 2025 14:45:00 GMT+0530 (India Standard Time)","6384.00","6385.00","6376.90","6378.10"
"Mon Feb 10 2025 14:50:00 GMT+0530 (India Standard Time)","6377.35","6389.00","6376.50","6388.00"
"Mon Feb 10 2025 14:55:00 GMT+0530 (India Standard Time)","6384.20","6389.75","6382.50","6387.25"
"Mon Feb 10 2025 15:00:00 GMT+0530 (India Standard Time)","6389.00","6389.00","6375.50","6381.00"
"Mon Feb 10 2025 15:05:00 GMT+0530 (India Standard Time)","6381.00","6381.40","6368.15","6370.80"
"Mon Feb 10 2025 15:10:00 GMT+0530 (India Standard Time)","6371.30","6380.00","6370.00","6372.00"
"Mon Feb 10 2025 15:15:00 GMT+0530 (India Standard Time)","6372.20","6381.95","6372.00","6376.60"
"Mon Feb 10 2025 15:20:00 GMT+0530 (India Standard Time)","6376.60","6383.00","6372.90","6380.65"
"Mon Feb 10 2025 15:25:00 GMT+0530 (India Standard Time)","6378.00","6383.00","6375.10","6375.50"
"Tue Feb 11 2025 09:15:00 GMT+0530 (India Standard Time)","6399.95","6399.95","6345.00","6347.00"
"Tue Feb 11 2025 09:20:00 GMT+0530 (India Standard Time)","6341.10","6344.60","6322.20","6326.30"
"Tue Feb 11 2025 09:25:00 GMT+0530 (India Standard Time)","6326.30","6329.75","6310.55","6317.10"
"Tue Feb 11 2025 09:30:00 GMT+0530 (India Standard Time)","6317.10","6320.65","6295.15","6300.00"
"Tue Feb 11 2025 09:35:00 GMT+0530 (India Standard Time)","6300.00","6341.45","6300.00","6335.10"
"Tue Feb 11 2025 09:40:00 GMT+0530 (India Standard Time)","6330.60","6337.25","6310.75","6329.40"
"Tue Feb 11 2025 09:45:00 GMT+0530 (India Standard Time)","6329.40","6333.40","6310.00","6310.00"
"Tue Feb 11 2025 09:50:00 GMT+0530 (India Standard Time)","6310.00","6320.75","6305.50","6309.20"
"Tue Feb 11 2025 09:55:00 GMT+0530 (India Standard Time)","6309.20","6312.55","6301.80","6305.00"
"Tue Feb 11 2025 10:00:00 GMT+0530 (India Standard Time)","6305.00","6311.75","6277.00","6280.85"
"Tue Feb 11 2025 10:05:00 GMT+0530 (India Standard Time)","6279.85","6292.30","6275.00","6282.50"
"Tue Feb 11 2025 10:10:00 GMT+0530 (India Standard Time)","6282.50","6285.20","6275.00","6281.55"
"Tue Feb 11 2025 10:15:00 GMT+0530 (India Standard Time)","6280.15","6287.95","6275.65","6280.70"
"Tue Feb 11 2025 10:20:00 GMT+0530 (India Standard Time)","6280.70","6288.05","6275.55","6284.00"
"Tue Feb 11 2025 10:25:00 GMT+0530 (India Standard Time)","6284.00","6304.10","6281.15","6304.10"
"Tue Feb 11 2025 10:30:00 GMT+0530 (India Standard Time)","6304.45","6305.95","6290.00","6291.50"
"Tue Feb 11 2025 10:35:00 GMT+0530 (India Standard Time)","6291.50","6296.60","6287.00","6294.95"
"Tue Feb 11 2025 10:40:00 GMT+0530 (India Standard Time)","6294.95","6303.00","6292.60","6299.95"
"Tue Feb 11 2025 10:45:00 GMT+0530 (India Standard Time)","6299.95","6299.95","6264.20","6275.05"
"Tue Feb 11 2025 10:50:00 GMT+0530 (India Standard Time)","6275.05","6285.00","6270.00","6275.15"
"Tue Feb 11 2025 10:55:00 GMT+0530 (India Standard Time)","6275.15","6279.10","6265.00","6265.00"
"Tue Feb 11 2025 11:00:00 GMT+0530 (India Standard Time)","6265.00","6267.70","6238.00","6241.05"
"Tue Feb 11 2025 11:05:00 GMT+0530 (India Standard Time)","6241.05","6261.50","6241.05","6256.05"
"Tue Feb 11 2025 11:10:00 GMT+0530 (India Standard Time)","6256.05","6265.15","6254.10","6262.90"
"Tue Feb 11 2025 11:15:00 GMT+0530 (India Standard Time)","6262.90","6283.55","6262.90","6277.95"
"Tue Feb 11 2025 11:20:00 GMT+0530 (India Standard Time)","6277.95","6281.00","6267.20","6267.20"
"Tue Feb 11 2025 11:25:00 GMT+0530 (India Standard Time)","6267.20","6269.85","6259.00","6266.00"
"Tue Feb 11 2025 11:30:00 GMT+0530 (India Standard Time)","6266.00","6266.00","6243.90","6245.45"
"Tue Feb 11 2025 11:35:00 GMT+0530 (India Standard Time)","6245.45","6260.75","6238.00","6249.00"
"Tue Feb 11 2025 11:40:00 GMT+0530 (India Standard Time)","6249.00","6264.85","6244.40","6254.70"
"Tue Feb 11 2025 11:45:00 GMT+0530 (India Standard Time)","6254.70","6261.70","6250.50","6254.95"
"Tue Feb 11 2025 11:50:00 GMT+0530 (India Standard Time)","6254.95","6259.00","6250.00","6251.60"
"Tue Feb 11 2025 11:55:00 GMT+0530 (India Standard Time)","6251.60","6251.60","6231.30","6231.80"
"Tue Feb 11 2025 12:00:00 GMT+0530 (India Standard Time)","6231.80","6240.00","6230.50","6240.00"
"Tue Feb 11 2025 12:05:00 GMT+0530 (India Standard Time)","6240.00","6242.00","6224.00","6224.00"
"Tue Feb 11 2025 12:10:00 GMT+0530 (India Standard Time)","6224.00","6250.00","6216.40","6235.30"
"Tue Feb 11 2025 12:15:00 GMT+0530 (India Standard Time)","6235.30","6239.10","6224.10","6227.20"
"Tue Feb 11 2025 12:20:00 GMT+0530 (India Standard Time)","6227.20","6232.90","6220.10","6221.80"
"Tue Feb 11 2025 12:25:00 GMT+0530 (India Standard Time)","6220.15","6236.00","6216.45","6235.00"
"Tue Feb 11 2025 12:30:00 GMT+0530 (India Standard Time)","6235.00","6242.15","6232.50","6239.60"
"Tue Feb 11 2025 12:35:00 GMT+0530 (India Standard Time)","6239.60","6249.90","6232.90","6235.45"
"Tue Feb 11 2025 12:40:00 GMT+0530 (India Standard Time)","6235.45","6240.00","6235.25","6238.20"
"Tue Feb 11 2025 12:45:00 GMT+0530 (India Standard Time)","6238.20","6238.20","6211.05","6213.30"
"Tue Feb 11 2025 12:50:00 GMT+0530 (India Standard Time)","6213.30","6215.90","6205.05","6213.75"
"Tue Feb 11 2025 12:55:00 GMT+0530 (India Standard Time)","6213.75","6220.10","6210.55","6214.80"
"Tue Feb 11 2025 13:00:00 GMT+0530 (India Standard Time)","6211.50","6213.80","6189.10","6189.10"
"Tue Feb 11 2025 13:05:00 GMT+0530 (India Standard Time)","6189.10","6199.45","6188.35","6191.15"
"Tue Feb 11 2025 13:10:00 GMT+0530 (India Standard Time)","6191.15","6193.85","6165.05","6165.05"
"Tue Feb 11 2025 13:15:00 GMT+0530 (India Standard Time)","6165.05","6193.95","6162.05","6185.30"
"Tue Feb 11 2025 13:20:00 GMT+0530 (India Standard Time)","6184.60","6192.35","6177.65","6178.25"
"Tue Feb 11 2025 13:25:00 GMT+0530 (India Standard Time)","6175.80","6180.00","6170.15","6172.90"
"Tue Feb 11 2025 13:30:00 GMT+0530 (India Standard Time)","6172.90","6178.10","6166.00","6168.55"
"Tue Feb 11 2025 13:35:00 GMT+0530 (India Standard Time)","6168.45","6180.00","6165.00","6177.55"
"Tue Feb 11 2025 13:40:00 GMT+0530 (India Standard Time)","6177.55","6187.80","6168.00","6178.45"
"Tue Feb 11 2025 13:45:00 GMT+0530 (India Standard Time)","6178.45","6184.75","6167.50","6175.60"
"Tue Feb 11 2025 13:50:00 GMT+0530 (India Standard Time)","6175.60","6177.90","6155.05","6165.00"
"Tue Feb 11 2025 13:55:00 GMT+0530 (India Standard Time)","6165.00","6169.60","6151.20","6168.30"
"Tue Feb 11 2025 14:00:00 GMT+0530 (India Standard Time)","6168.30","6168.30","6151.00","6154.70"
"Tue Feb 11 2025 14:05:00 GMT+0530 (India Standard Time)","6154.70","6157.40","6146.00","6157.40"
"Tue Feb 11 2025 14:10:00 GMT+0530 (India Standard Time)","6157.40","6167.00","6151.75","6166.30"
"Tue Feb 11 2025 14:15:00 GMT+0530 (India Standard Time)","6166.30","6169.75","6146.00","6154.90"
"Tue Feb 11 2025 14:20:00 GMT+0530 (India Standard Time)","6154.90","6155.90","6144.25","6152.10"
"Tue Feb 11 2025 14:25:00 GMT+0530 (India Standard Time)","6152.10","6155.40","6130.00","6130.00"
"Tue Feb 11 2025 14:30:00 GMT+0530 (India Standard Time)","6130.00","6139.90","6117.80","6139.90"
"Tue Feb 11 2025 14:35:00 GMT+0530 (India Standard Time)","6139.90","6140.00","6110.75","6112.75"
"Tue Feb 11 2025 14:40:00 GMT+0530 (India Standard Time)","6116.00","6125.95","6109.80","6124.45"
"Tue Feb 11 2025 14:45:00 GMT+0530 (India Standard Time)","6124.45","6149.15","6123.00","6142.05"
"Tue Feb 11 2025 14:50:00 GMT+0530 (India Standard Time)","6142.05","6159.95","6142.05","6159.00"
"Tue Feb 11 2025 14:55:00 GMT+0530 (India Standard Time)","6159.00","6160.00","6130.55","6144.45"
"Tue Feb 11 2025 15:00:00 GMT+0530 (India Standard Time)","6145.00","6149.45","6136.35","6138.70"
"Tue Feb 11 2025 15:05:00 GMT+0530 (India Standard Time)","6136.60","6139.40","6125.00","6129.75"
"Tue Feb 11 2025 15:10:00 GMT+0530 (India Standard Time)","6129.90","6133.95","6110.05","6113.05"
"Tue Feb 11 2025 15:15:00 GMT+0530 (India Standard Time)","6109.20","6117.90","6108.00","6112.35"
"Tue Feb 11 2025 15:20:00 GMT+0530 (India Standard Time)","6112.60","6115.00","6100.00","6114.05"
"Tue Feb 11 2025 15:25:00 GMT+0530 (India Standard Time)","6111.60","6116.00","6107.40","6115.00"
"Wed Feb 12 2025 09:15:00 GMT+0530 (India Standard Time)","6110.00","6167.15","6088.50","6110.85"
"Wed Feb 12 2025 09:20:00 GMT+0530 (India Standard Time)","6105.95","6153.75","6092.30","6095.00"
"Wed Feb 12 2025 09:25:00 GMT+0530 (India Standard Time)","6095.00","6104.95","6071.20","6085.05"
"Wed Feb 12 2025 09:30:00 GMT+0530 (India Standard Time)","6087.75","6094.25","6062.60","6092.00"
"Wed Feb 12 2025 09:35:00 GMT+0530 (India Standard Time)","6090.00","6097.90","6076.10","6080.20"
"Wed Feb 12 2025 09:40:00 GMT+0530 (India Standard Time)","6080.20","6102.80","6062.15","6087.65"
"Wed Feb 12 2025 09:45:00 GMT+0530 (India Standard Time)","6087.65","6093.95","6055.20","6062.95"
"Wed Feb 12 2025 09:50:00 GMT+0530 (India Standard Time)","6062.95","6089.70","6062.95","6082.00"
"Wed Feb 12 2025 09:55:00 GMT+0530 (India Standard Time)","6082.00","6096.95","6071.40","6073.05"
"Wed Feb 12 2025 10:00:00 GMT+0530 (India Standard Time)","6073.05","6091.75","6060.95","6081.30"
"Wed Feb 12 2025 10:05:00 GMT+0530 (India Standard Time)","6081.30","6098.00","6070.80","6088.60"
"Wed Feb 12 2025 10:10:00 GMT+0530 (India Standard Time)","6086.00","6097.50","6053.05","6053.05"
"Wed Feb 12 2025 10:15:00 GMT+0530 (India Standard Time)","6053.95","6084.30","6032.50","6074.85"
"Wed Feb 12 2025 10:20:00 GMT+0530 (India Standard Time)","6074.85","6075.00","6060.65","6074.10"
"Wed Feb 12 2025 10:25:00 GMT+0530 (India Standard Time)","6074.10","6101.35","6069.00","6087.90"
"Wed Feb 12 2025 10:30:00 GMT+0530 (India Standard Time)","6087.90","6115.00","6072.85","6115.00"
"Wed Feb 12 2025 10:35:00 GMT+0530 (India Standard Time)","6112.85","6138.05","6112.85","6131.70"
"Wed Feb 12 2025 10:40:00 GMT+0530 (India Standard Time)","6131.70","6134.00","6111.75","6120.00"
"Wed Feb 12 2025 10:45:00 GMT+0530 (India Standard Time)","6120.00","6149.20","6118.00","6136.90"
"Wed Feb 12 2025 10:50:00 GMT+0530 (India Standard Time)","6145.75","6150.00","6138.05","6139.80"
"Wed Feb 12 2025 10:55:00 GMT+0530 (India Standard Time)","6139.80","6143.70","6135.35","6136.90"
"Wed Feb 12 2025 11:00:00 GMT+0530 (India Standard Time)","6136.90","6140.35","6101.00","6111.45"
"Wed Feb 12 2025 11:05:00 GMT+0530 (India Standard Time)","6112.80","6144.95","6095.60","6139.45"
"Wed Feb 12 2025 11:10:00 GMT+0530 (India Standard Time)","6139.45","6156.75","6136.85","6152.75"
"Wed Feb 12 2025 11:15:00 GMT+0530 (India Standard Time)","6152.50","6162.00","6147.55","6157.85"
"Wed Feb 12 2025 11:20:00 GMT+0530 (India Standard Time)","6157.85","6163.60","6149.10","6163.60"
"Wed Feb 12 2025 11:25:00 GMT+0530 (India Standard Time)","6163.60","6165.00","6137.70","6143.70"
"Wed Feb 12 2025 11:30:00 GMT+0530 (India Standard Time)","6143.70","6148.00","6137.70","6140.60"
"Wed Feb 12 2025 11:35:00 GMT+0530 (India Standard Time)","6140.60","6140.60","6111.70","6123.35"
"Wed Feb 12 2025 11:40:00 GMT+0530 (India Standard Time)","6123.35","6155.95","6123.35","6153.00"
"Wed Feb 12 2025 11:45:00 GMT+0530 (India Standard Time)","6153.00","6168.70","6150.25","6158.65"
"Wed Feb 12 2025 11:50:00 GMT+0530 (India Standard Time)","6158.65","6158.65","6135.00","6154.00"
"Wed Feb 12 2025 11:55:00 GMT+0530 (India Standard Time)","6154.00","6170.00","6152.00","6162.15"
"Wed Feb 12 2025 12:00:00 GMT+0530 (India Standard Time)","6162.15","6169.80","6160.70","6166.15"
"Wed Feb 12 2025 12:05:00 GMT+0530 (India Standard Time)","6166.15","6169.75","6146.20","6153.95"
"Wed Feb 12 2025 12:10:00 GMT+0530 (India Standard Time)","6153.95","6158.30","6130.00","6138.45"
"Wed Feb 12 2025 12:15:00 GMT+0530 (India Standard Time)","6137.00","6148.00","6130.00","6141.35"
"Wed Feb 12 2025 12:20:00 GMT+0530 (India Standard Time)","6141.35","6151.60","6133.65","6133.65"
"Wed Feb 12 2025 12:25:00 GMT+0530 (India Standard Time)","6133.65","6150.25","6125.65","6129.90"
"Wed Feb 12 2025 12:30:00 GMT+0530 (India Standard Time)","6129.90","6161.10","6129.90","6161.10"
"Wed Feb 12 2025 12:35:00 GMT+0530 (India Standard Time)","6158.85","6158.85","6136.85","6136.85"
"Wed Feb 12 2025 12:40:00 GMT+0530 (India Standard Time)","6136.85","6154.00","6130.00","6141.85"
"Wed Feb 12 2025 12:45:00 GMT+0530 (India Standard Time)","6143.90","6170.00","6142.10","6161.35"
"Wed Feb 12 2025 12:50:00 GMT+0530 (India Standard Time)","6161.35","6166.90","6140.15","6144.60"