"Date","Open","High","Low","Close"
"Tue Aug 27 2024 14:15:00 GMT+0530 (India Standard Time)","8744.00","8840.00","8711.30","8830.00"
"Tue Aug 27 2024 14:20:00 GMT+0530 (India Standard Time)","8829.00","8850.00","8802.00","8815.95"
"Tue Aug 27 2024 14:25:00 GMT+0530 (India Standard Time)","8811.55","8814.95","8720.00","8732.00"
"Tue Aug 27 2024 14:30:00 GMT+0530 (India Standard Time)","8731.00","8739.05","8661.50","8725.05"
"Tue Aug 27 2024 14:35:00 GMT+0530 (India Standard Time)","8727.00","8750.75","8710.00","8715.00"
"Tue Aug 27 2024 14:40:00 GMT+0530 (India Standard Time)","8712.00","8780.00","8711.00","8736.00"
"Tue Aug 27 2024 14:45:00 GMT+0530 (India Standard Time)","8733.70","8764.95","8732.55","8735.00"
"Tue Aug 27 2024 14:50:00 GMT+0530 (India Standard Time)","8735.00","8738.95","8710.00","8729.05"
"Tue Aug 27 2024 14:55:00 GMT+0530 (India Standard Time)","8723.35","8757.30","8715.45","8730.00"
"Tue Aug 27 2024 15:00:00 GMT+0530 (India Standard Time)","8731.05","8900.00","8731.05","8895.00"
"Tue Aug 27 2024 15:05:00 GMT+0530 (India Standard Time)","8891.70","9080.00","8891.20","9019.75"
"Tue Aug 27 2024 15:10:00 GMT+0530 (India Standard Time)","9012.40","9075.80","9000.00","9046.90"
"Tue Aug 27 2024 15:15:00 GMT+0530 (India Standard Time)","9048.80","9055.95","8950.00","9055.95"
"Tue Aug 27 2024 15:20:00 GMT+0530 (India Standard Time)","9059.00","9070.00","9001.00","9012.00"
"Tue Aug 27 2024 15:25:00 GMT+0530 (India Standard Time)","9011.05","9035.00","8933.20","8950.10"
"Wed Aug 28 2024 09:15:00 GMT+0530 (India Standard Time)","8900.00","8900.00","8603.05","8677.95"
"Wed Aug 28 2024 09:20:00 GMT+0530 (India Standard Time)","8683.90","8747.00","8665.00","8686.00"
"Wed Aug 28 2024 09:25:00 GMT+0530 (India Standard Time)","8686.60","8711.75","8605.05","8629.25"
"Wed Aug 28 2024 09:30:00 GMT+0530 (India Standard Time)","8623.65","8641.30","8556.00","8562.25"
"Wed Aug 28 2024 09:35:00 GMT+0530 (India Standard Time)","8556.00","8589.90","8526.00","8560.00"
"Wed Aug 28 2024 09:40:00 GMT+0530 (India Standard Time)","8556.50","8604.55","8526.15","8565.60"
"Wed Aug 28 2024 09:45:00 GMT+0530 (India Standard Time)","8560.05","8657.00","8557.00","8640.30"
"Wed Aug 28 2024 09:50:00 GMT+0530 (India Standard Time)","8639.05","8639.05","8569.80","8594.75"
"Wed Aug 28 2024 09:55:00 GMT+0530 (India Standard Time)","8590.10","8679.00","8589.90","8653.70"
"Wed Aug 28 2024 10:00:00 GMT+0530 (India Standard Time)","8657.95","8700.00","8631.35","8638.30"
"Wed Aug 28 2024 10:05:00 GMT+0530 (India Standard Time)","8642.05","8646.90","8585.00","8592.00"
"Wed Aug 28 2024 10:10:00 GMT+0530 (India Standard Time)","8592.00","8635.55","8592.00","8616.35"
"Wed Aug 28 2024 10:15:00 GMT+0530 (India Standard Time)","8616.35","8666.90","8593.20","8609.65"
"Wed Aug 28 2024 10:20:00 GMT+0530 (India Standard Time)","8605.00","8622.20","8595.00","8615.00"
"Wed Aug 28 2024 10:25:00 GMT+0530 (India Standard Time)","8615.00","8618.85","8574.30","8587.00"
"Wed Aug 28 2024 10:30:00 GMT+0530 (India Standard Time)","8589.00","8589.25","8542.65","8550.00"
"Wed Aug 28 2024 10:35:00 GMT+0530 (India Standard Time)","8546.65","8563.85","8531.00","8545.00"
"Wed Aug 28 2024 10:40:00 GMT+0530 (India Standard Time)","8544.30","8578.40","8514.00","8531.00"
"Wed Aug 28 2024 10:45:00 GMT+0530 (India Standard Time)","8534.70","8535.00","8511.00","8531.95"
"Wed Aug 28 2024 10:50:00 GMT+0530 (India Standard Time)","8534.00","8556.25","8504.75","8513.55"
"Wed Aug 28 2024 10:55:00 GMT+0530 (India Standard Time)","8512.55","8539.95","8502.00","8537.00"
"Wed Aug 28 2024 11:00:00 GMT+0530 (India Standard Time)","8537.00","8551.30","8522.00","8528.20"
"Wed Aug 28 2024 11:05:00 GMT+0530 (India Standard Time)","8528.20","8534.00","8480.40","8480.40"
"Wed Aug 28 2024 11:10:00 GMT+0530 (India Standard Time)","8484.45","8497.00","8460.65","8485.00"
"Wed Aug 28 2024 11:15:00 GMT+0530 (India Standard Time)","8490.00","8490.00","8455.05","8470.85"
"Wed Aug 28 2024 11:20:00 GMT+0530 (India Standard Time)","8470.80","8495.00","8466.95","8488.20"
"Wed Aug 28 2024 11:25:00 GMT+0530 (India Standard Time)","8488.20","8526.00","8475.20","8516.45"
"Wed Aug 28 2024 11:30:00 GMT+0530 (India Standard Time)","8516.45","8524.00","8493.60","8495.05"
"Wed Aug 28 2024 11:35:00 GMT+0530 (India Standard Time)","8495.00","8499.75","8475.00","8486.15"
"Wed Aug 28 2024 11:40:00 GMT+0530 (India Standard Time)","8490.75","8511.70","8481.85","8496.40"
"Wed Aug 28 2024 11:45:00 GMT+0530 (India Standard Time)","8496.40","8500.00","8485.00","8489.95"
"Wed Aug 28 2024 11:50:00 GMT+0530 (India Standard Time)","8489.95","8490.00","8470.00","8470.40"
"Wed Aug 28 2024 11:55:00 GMT+0530 (India Standard Time)","8470.10","8474.80","8451.00","8456.00"
"Wed Aug 28 2024 12:00:00 GMT+0530 (India Standard Time)","8456.00","8457.95","8417.00","8445.00"
"Wed Aug 28 2024 12:05:00 GMT+0530 (India Standard Time)","8444.55","8445.00","8432.20","8433.45"
"Wed Aug 28 2024 12:10:00 GMT+0530 (India Standard Time)","8438.55","8443.00","8425.30","8440.15"
"Wed Aug 28 2024 12:15:00 GMT+0530 (India Standard Time)","8440.15","8450.00","8431.25","8435.00"
"Wed Aug 28 2024 12:20:00 GMT+0530 (India Standard Time)","8435.15","8466.00","8431.35","8439.00"
"Wed Aug 28 2024 12:25:00 GMT+0530 (India Standard Time)","8439.00","8439.80","8406.00","8417.75"
"Wed Aug 28 2024 12:30:00 GMT+0530 (India Standard Time)","8417.75","8427.45","8379.00","8386.25"
"Wed Aug 28 2024 12:35:00 GMT+0530 (India Standard Time)","8383.00","8396.30","8372.00","8392.00"
"Wed Aug 28 2024 12:40:00 GMT+0530 (India Standard Time)","8391.00","8411.95","8391.00","8403.00"
"Wed Aug 28 2024 12:45:00 GMT+0530 (India Standard Time)","8403.00","8428.25","8400.00","8419.00"
"Wed Aug 28 2024 12:50:00 GMT+0530 (India Standard Time)","8419.00","8441.00","8419.00","8439.00"
"Wed Aug 28 2024 12:55:00 GMT+0530 (India Standard Time)","8436.80","8472.35","8435.75","8445.00"
"Wed Aug 28 2024 13:00:00 GMT+0530 (India Standard Time)","8443.00","8445.00","8422.10","8430.05"
"Wed Aug 28 2024 13:05:00 GMT+0530 (India Standard Time)","8430.05","8434.70","8386.05","8392.95"
"Wed Aug 28 2024 13:10:00 GMT+0530 (India Standard Time)","8392.95","8419.85","8390.00","8395.00"
"Wed Aug 28 2024 13:15:00 GMT+0530 (India Standard Time)","8395.00","8419.30","8392.30","8410.00"
"Wed Aug 28 2024 13:20:00 GMT+0530 (India Standard Time)","8410.00","8410.00","8380.00","8391.00"
"Wed Aug 28 2024 13:25:00 GMT+0530 (India Standard Time)","8391.00","8397.50","8382.00","8385.00"
"Wed Aug 28 2024 13:30:00 GMT+0530 (India Standard Time)","8385.00","8399.75","8383.05","8393.50"
"Wed Aug 28 2024 13:35:00 GMT+0530 (India Standard Time)","8393.50","8400.00","8390.00","8395.00"
"Wed Aug 28 2024 13:40:00 GMT+0530 (India Standard Time)","8392.95","8395.75","8381.00","8390.00"
"Wed Aug 28 2024 13:45:00 GMT+0530 (India Standard Time)","8390.00","8416.95","8389.90","8405.00"
"Wed Aug 28 2024 13:50:00 GMT+0530 (India Standard Time)","8405.00","8407.00","8350.00","8350.00"
"Wed Aug 28 2024 13:55:00 GMT+0530 (India Standard Time)","8354.70","8364.00","8339.45","8358.00"
"Wed Aug 28 2024 14:00:00 GMT+0530 (India Standard Time)","8360.65","8369.95","8340.00","8345.00"
"Wed Aug 28 2024 14:05:00 GMT+0530 (India Standard Time)","8344.50","8360.00","8341.05","8354.15"
"Wed Aug 28 2024 14:10:00 GMT+0530 (India Standard Time)","8350.05","8364.20","8346.00","8354.10"
"Wed Aug 28 2024 14:15:00 GMT+0530 (India Standard Time)","8354.00","8362.95","8346.00","8347.00"
"Wed Aug 28 2024 14:20:00 GMT+0530 (India Standard Time)","8347.00","8351.00","8270.00","8284.40"
"Wed Aug 28 2024 14:25:00 GMT+0530 (India Standard Time)","8284.40","8289.00","8261.10","8264.00"
"Wed Aug 28 2024 14:30:00 GMT+0530 (India Standard Time)","8269.00","8285.00","8265.00","8265.25"
"Wed Aug 28 2024 14:35:00 GMT+0530 (India Standard Time)","8268.90","8319.65","8265.00","8315.80"
"Wed Aug 28 2024 14:40:00 GMT+0530 (India Standard Time)","8317.60","8349.00","8289.00","8302.20"
"Wed Aug 28 2024 14:45:00 GMT+0530 (India Standard Time)","8300.00","8317.80","8280.00","8297.65"
"Wed Aug 28 2024 14:50:00 GMT+0530 (India Standard Time)","8297.65","8308.00","8276.00","8285.00"
"Wed Aug 28 2024 14:55:00 GMT+0530 (India Standard Time)","8288.00","8292.00","8266.00","8285.00"
"Wed Aug 28 2024 15:00:00 GMT+0530 (India Standard Time)","8288.25","8299.00","8272.00","8285.00"
"Wed Aug 28 2024 15:05:00 GMT+0530 (India Standard Time)","8288.00","8289.00","8270.65","8274.45"
"Wed Aug 28 2024 15:10:00 GMT+0530 (India Standard Time)","8271.25","8275.00","8218.00","8250.00"
"Wed Aug 28 2024 15:15:00 GMT+0530 (India Standard Time)","8248.00","8248.00","8205.00","8213.05"
"Wed Aug 28 2024 15:20:00 GMT+0530 (India Standard Time)","8217.00","8219.45","8177.00","8183.80"
"Wed Aug 28 2024 15:25:00 GMT+0530 (India Standard Time)","8184.00","8200.00","8179.90","8180.00"
"Thu Aug 29 2024 09:15:00 GMT+0530 (India Standard Time)","8178.00","8227.00","8090.00","8097.90"
"Thu Aug 29 2024 09:20:00 GMT+0530 (India Standard Time)","8097.35","8107.45","8034.00","8093.65"
"Thu Aug 29 2024 09:25:00 GMT+0530 (India Standard Time)","8097.00","8140.55","8045.00","8067.00"
"Thu Aug 29 2024 09:30:00 GMT+0530 (India Standard Time)","8061.15","8073.40","8010.00","8029.15"
"Thu Aug 29 2024 09:35:00 GMT+0530 (India Standard Time)","8028.85","8044.00","8000.00","8025.05"
"Thu Aug 29 2024 09:40:00 GMT+0530 (India Standard Time)","8021.50","8077.95","8021.50","8032.70"
"Thu Aug 29 2024 09:45:00 GMT+0530 (India Standard Time)","8030.00","8045.00","8000.00","8021.05"
"Thu Aug 29 2024 09:50:00 GMT+0530 (India Standard Time)","8024.95","8075.40","8021.05","8056.40"
"Thu Aug 29 2024 09:55:00 GMT+0530 (India Standard Time)","8050.05","8070.00","8036.05","8058.65"
"Thu Aug 29 2024 10:00:00 GMT+0530 (India Standard Time)","8058.65","8125.00","8055.00","8089.35"
"Thu Aug 29 2024 10:05:00 GMT+0530 (India Standard Time)","8089.95","8110.00","8070.10","8076.70"
"Thu Aug 29 2024 10:10:00 GMT+0530 (India Standard Time)","8076.70","8090.00","8070.00","8085.00"
"Thu Aug 29 2024 10:15:00 GMT+0530 (India Standard Time)","8087.00","8145.00","8081.05","8136.80"
"Thu Aug 29 2024 10:20:00 GMT+0530 (India Standard Time)","8139.60","8142.00","8090.00","8099.95"
"Thu Aug 29 2024 10:25:00 GMT+0530 (India Standard Time)","8100.00","8101.95","8032.85","8038.95"
"Thu Aug 29 2024 10:30:00 GMT+0530 (India Standard Time)","8037.00","8059.00","8023.40","8028.15"
"Thu Aug 29 2024 10:35:00 GMT+0530 (India Standard Time)","8030.00","8040.00","7975.00","8004.80"
"Thu Aug 29 2024 10:40:00 GMT+0530 (India Standard Time)","8004.80","8009.95","7976.00","7988.55"
"Thu Aug 29 2024 10:45:00 GMT+0530 (India Standard Time)","7992.65","7992.65","7935.00","7940.55"
"Thu Aug 29 2024 10:50:00 GMT+0530 (India Standard Time)","7940.65","7960.50","7911.05","7925.00"
"Thu Aug 29 2024 10:55:00 GMT+0530 (India Standard Time)","7921.00","7928.95","7890.20","7925.00"
"Thu Aug 29 2024 11:00:00 GMT+0530 (India Standard Time)","7920.05","7949.90","7890.50","7910.00"
"Thu Aug 29 2024 11:05:00 GMT+0530 (India Standard Time)","7910.05","7950.00","7902.80","7950.00"
"Thu Aug 29 2024 11:10:00 GMT+0530 (India Standard Time)","7950.00","7950.00","7915.00","7920.00"
"Thu Aug 29 2024 11:15:00 GMT+0530 (India Standard Time)","7922.00","7945.85","7920.00","7943.00"
"Thu Aug 29 2024 11:20:00 GMT+0530 (India Standard Time)","7943.00","7974.45","7940.00","7941.05"
"Thu Aug 29 2024 11:25:00 GMT+0530 (India Standard Time)","7941.05","7970.00","7915.10","7967.50"
"Thu Aug 29 2024 11:30:00 GMT+0530 (India Standard Time)","7967.15","7967.95","7925.05","7937.85"
"Thu Aug 29 2024 11:35:00 GMT+0530 (India Standard Time)","7938.00","7975.00","7931.15","7956.60"
"Thu Aug 29 2024 11:40:00 GMT+0530 (India Standard Time)","7956.60","7999.60","7956.60","7979.95"
"Thu Aug 29 2024 11:45:00 GMT+0530 (India Standard Time)","7979.95","8001.30","7930.00","7944.90"
"Thu Aug 29 2024 11:50:00 GMT+0530 (India Standard Time)","7938.75","7960.00","7938.75","7952.00"
"Thu Aug 29 2024 11:55:00 GMT+0530 (India Standard Time)","7952.00","7973.95","7950.00","7959.20"
"Thu Aug 29 2024 12:00:00 GMT+0530 (India Standard Time)","7959.20","7968.95","7950.00","7952.30"
"Thu Aug 29 2024 12:05:00 GMT+0530 (India Standard Time)","7952.30","7959.20","7933.00","7953.70"
"Thu Aug 29 2024 12:10:00 GMT+0530 (India Standard Time)","7953.75","7956.00","7940.00","7947.00"
"Thu Aug 29 2024 12:15:00 GMT+0530 (India Standard Time)","7954.95","7978.00","7945.65","7977.90"
"Thu Aug 29 2024 12:20:00 GMT+0530 (India Standard Time)","7977.90","7984.00","7965.00","7973.00"
"Thu Aug 29 2024 12:25:00 GMT+0530 (India Standard Time)","7973.00","8045.45","7966.15","8015.00"
"Thu Aug 29 2024 12:30:00 GMT+0530 (India Standard Time)","8015.00","8023.05","7990.00","8000.00"
"Thu Aug 29 2024 12:35:00 GMT+0530 (India Standard Time)","8000.00","8061.10","8000.00","8058.55"
"Thu Aug 29 2024 12:40:00 GMT+0530 (India Standard Time)","8058.55","8061.10","8012.75","8018.95"
"Thu Aug 29 2024 12:45:00 GMT+0530 (India Standard Time)","8018.95","8026.00","7990.05","8015.00"
"Thu Aug 29 2024 12:50:00 GMT+0530 (India Standard Time)","8015.00","8019.40","8001.95","8003.00"
"Thu Aug 29 2024 12:55:00 GMT+0530 (India Standard Time)","8003.00","8007.00","7950.00","7956.45"
"Thu Aug 29 2024 13:00:00 GMT+0530 (India Standard Time)","7956.95","7993.00","7956.60","7970.00"
"Thu Aug 29 2024 13:05:00 GMT+0530 (India Standard Time)","7970.00","7995.00","7968.60","7992.50"
"Thu Aug 29 2024 13:10:00 GMT+0530 (India Standard Time)","7992.50","7992.50","7970.50","7970.60"
"Thu Aug 29 2024 13:15:00 GMT+0530 (India Standard Time)","7970.60","7977.45","7960.00","7968.90"
"Thu Aug 29 2024 13:20:00 GMT+0530 (India Standard Time)","7968.90","7990.00","7965.05","7979.90"
"Thu Aug 29 2024 13:25:00 GMT+0530 (India Standard Time)","7987.00","7990.00","7960.00","7970.00"
"Thu Aug 29 2024 13:30:00 GMT+0530 (India Standard Time)","7970.00","7980.00","7965.00","7975.20"
"Thu Aug 29 2024 13:35:00 GMT+0530 (India Standard Time)","7976.75","7978.95","7966.05","7978.95"
"Thu Aug 29 2024 13:40:00 GMT+0530 (India Standard Time)","7978.95","7979.95","7965.00","7970.10"
"Thu Aug 29 2024 13:45:00 GMT+0530 (India Standard Time)","7970.10","7975.00","7934.00","7940.00"
"Thu Aug 29 2024 13:50:00 GMT+0530 (India Standard Time)","7940.00","7960.20","7935.00","7954.85"
"Thu Aug 29 2024 13:55:00 GMT+0530 (India Standard Time)","7954.85","7960.20","7940.00","7945.00"
"Thu Aug 29 2024 14:00:00 GMT+0530 (India Standard Time)","7942.60","7950.00","7910.00","7910.00"
"Thu Aug 29 2024 14:05:00 GMT+0530 (India Standard Time)","7910.05","7918.00","7901.05","7915.00"
"Thu Aug 29 2024 14:10:00 GMT+0530 (India Standard Time)","7915.00","7940.00","7910.00","7935.00"
"Thu Aug 29 2024 14:15:00 GMT+0530 (India Standard Time)","7932.25","7935.00","7910.05","7913.00"
"Thu Aug 29 2024 14:20:00 GMT+0530 (India Standard Time)","7913.00","7917.30","7900.05","7901.05"
"Thu Aug 29 2024 14:25:00 GMT+0530 (India Standard Time)","7900.10","7911.55","7900.00","7910.35"
"Thu Aug 29 2024 14:30:00 GMT+0530 (India Standard Time)","7906.05","7935.00","7906.05","7921.20"
"Thu Aug 29 2024 14:35:00 GMT+0530 (India Standard Time)","7922.00","7922.75","7861.00","7871.95"
"Thu Aug 29 2024 14:40:00 GMT+0530 (India Standard Time)","7876.60","7883.90","7865.00","7877.00"
"Thu Aug 29 2024 14:45:00 GMT+0530 (India Standard Time)","7877.00","7899.00","7874.00","7887.95"
"Thu Aug 29 2024 14:50:00 GMT+0530 (India Standard Time)","7887.95","7900.00","7880.60","7898.00"
"Thu Aug 29 2024 14:55:00 GMT+0530 (India Standard Time)","7898.00","7898.00","7884.15","7888.00"
"Thu Aug 29 2024 15:00:00 GMT+0530 (India Standard Time)","7885.00","7929.00","7884.05","7919.00"
"Thu Aug 29 2024 15:05:00 GMT+0530 (India Standard Time)","7919.00","7919.00","7880.35","7891.95"
"Thu Aug 29 2024 15:10:00 GMT+0530 (India Standard Time)","7891.65","7900.00","7885.70","7896.00"
"Thu Aug 29 2024 15:15:00 GMT+0530 (India Standard Time)","7896.00","7939.90","7881.00","7938.05"
"Thu Aug 29 2024 15:20:00 GMT+0530 (India Standard Time)","7938.05","7967.40","7931.10","7960.10"
"Thu Aug 29 2024 15:25:00 GMT+0530 (India Standard Time)","7960.10","7975.00","7931.15","7940.00"
"Fri Aug 30 2024 09:15:00 GMT+0530 (India Standard Time)","7960.05","8074.80","7960.05","8068.00"
"Fri Aug 30 2024 09:20:00 GMT+0530 (India Standard Time)","8070.70","8070.80","8011.00","8019.90"
"Fri Aug 30 2024 09:25:00 GMT+0530 (India Standard Time)","8019.90","8027.90","7952.05","8025.45"
"Fri Aug 30 2024 09:30:00 GMT+0530 (India Standard Time)","8020.05","8028.05","7995.00","8010.00"
"Fri Aug 30 2024 09:35:00 GMT+0530 (India Standard Time)","8010.00","8010.00","7981.05","8003.00"
"Fri Aug 30 2024 09:40:00 GMT+0530 (India Standard Time)","8001.65","8064.95","8001.00","8064.95"
"Fri Aug 30 2024 09:45:00 GMT+0530 (India Standard Time)","8064.95","8217.00","8060.00","8205.00"
"Fri Aug 30 2024 09:50:00 GMT+0530 (India Standard Time)","8204.65","8313.00","8204.65","8287.90"
"Fri Aug 30 2024 09:55:00 GMT+0530 (India Standard Time)","8282.10","8345.00","8250.00","8314.00"
"Fri Aug 30 2024 10:00:00 GMT+0530 (India Standard Time)","8313.95","8315.00","8224.15","8274.00"
"Fri Aug 30 2024 10:05:00 GMT+0530 (India Standard Time)","8275.00","8280.90","8200.00","8239.70"
"Fri Aug 30 2024 10:10:00 GMT+0530 (India Standard Time)","8239.70","8268.00","8216.15","8230.15"
"Fri Aug 30 2024 10:15:00 GMT+0530 (India Standard Time)","8230.10","8264.95","8210.00","8253.45"
"Fri Aug 30 2024 10:20:00 GMT+0530 (India Standard Time)","8247.05","8251.10","8214.15","8214.15"
"Fri Aug 30 2024 10:25:00 GMT+0530 (India Standard Time)","8214.15","8245.00","8200.00","8211.05"
"Fri Aug 30 2024 10:30:00 GMT+0530 (India Standard Time)","8211.05","8220.00","8175.15","8183.05"
"Fri Aug 30 2024 10:35:00 GMT+0530 (India Standard Time)","8183.05","8199.00","8133.00","8193.75"
"Fri Aug 30 2024 10:40:00 GMT+0530 (India Standard Time)","8193.75","8236.00","8155.15","8223.60"
"Fri Aug 30 2024 10:45:00 GMT+0530 (India Standard Time)","8215.75","8234.95","8185.00","8200.00"
"Fri Aug 30 2024 10:50:00 GMT+0530 (India Standard Time)","8199.95","8200.00","8165.00","8166.05"
"Fri Aug 30 2024 10:55:00 GMT+0530 (India Standard Time)","8171.90","8190.00","8165.15","8179.95"
"Fri Aug 30 2024 11:00:00 GMT+0530 (India Standard Time)","8179.45","8179.45","8151.05","8157.05"
"Fri Aug 30 2024 11:05:00 GMT+0530 (India Standard Time)","8157.05","8189.95","8156.00","8172.05"
"Fri Aug 30 2024 11:10:00 GMT+0530 (India Standard Time)","8172.05","8180.00","8165.00","8170.00"
"Fri Aug 30 2024 11:15:00 GMT+0530 (India Standard Time)","8170.00","8180.00","8152.75","8159.00"
"Fri Aug 30 2024 11:20:00 GMT+0530 (India Standard Time)","8159.00","8164.95","8140.75","8159.00"
"Fri Aug 30 2024 11:25:00 GMT+0530 (India Standard Time)","8160.00","8185.00","8160.00","8160.40"
"Fri Aug 30 2024 11:30:00 GMT+0530 (India Standard Time)","8160.40","8175.00","8145.40","8166.55"
"Fri Aug 30 2024 11:35:00 GMT+0530 (India Standard Time)","8166.55","8171.50","8151.00","8159.95"
"Fri Aug 30 2024 11:40:00 GMT+0530 (India Standard Time)","8159.95","8166.70","8154.55","8162.80"
"Fri Aug 30 2024 11:45:00 GMT+0530 (India Standard Time)","8162.80","8179.00","8160.00","8160.00"
"Fri Aug 30 2024 11:50:00 GMT+0530 (India Standard Time)","8160.00","8170.00","8160.00","8165.00"
"Fri Aug 30 2024 11:55:00 GMT+0530 (India Standard Time)","8165.00","8181.95","8162.00","8181.95"
"Fri Aug 30 2024 12:00:00 GMT+0530 (India Standard Time)","8182.00","8230.00","8170.00","8176.90"
"Fri Aug 30 2024 12:05:00 GMT+0530 (India Standard Time)","8172.05","8210.00","8172.05","8203.95"
"Fri Aug 30 2024 12:10:00 GMT+0530 (India Standard Time)","8195.85","8198.00","8175.05","8177.30"
"Fri Aug 30 2024 12:15:00 GMT+0530 (India Standard Time)","8177.30","8195.00","8170.00","8170.35"
"Fri Aug 30 2024 12:20:00 GMT+0530 (India Standard Time)","8170.35","8175.80","8140.00","8140.05"
"Fri Aug 30 2024 12:25:00 GMT+0530 (India Standard Time)","8140.00","8159.85","8131.00","8144.20"
"Fri Aug 30 2024 12:30:00 GMT+0530 (India Standard Time)","8144.20","8146.20","8100.00","8123.00"
"Fri Aug 30 2024 12:35:00 GMT+0530 (India Standard Time)","8127.00","8127.95","8105.00","8121.00"
"Fri Aug 30 2024 12:40:00 GMT+0530 (India Standard Time)","8118.05","8125.00","8115.05","8124.40"
"Fri Aug 30 2024 12:45:00 GMT+0530 (India Standard Time)","8124.40","8152.90","8120.00","8148.05"
"Fri Aug 30 2024 12:50:00 GMT+0530 (India Standard Time)","8151.00","8151.00","8080.00","8100.00"
"Fri Aug 30 2024 12:55:00 GMT+0530 (India Standard Time)","8096.05","8104.00","8087.85","8093.00"
"Fri Aug 30 2024 13:00:00 GMT+0530 (India Standard Time)","8093.00","8100.00","8088.00","8093.35"
"Fri Aug 30 2024 13:05:00 GMT+0530 (India Standard Time)","8090.00","8120.00","8089.05","8102.85"
"Fri Aug 30 2024 13:10:00 GMT+0530 (India Standard Time)","8102.85","8105.15","8082.00","8086.00"
"Fri Aug 30 2024 13:15:00 GMT+0530 (India Standard Time)","8086.00","8088.90","8052.85","8071.70"
"Fri Aug 30 2024 13:20:00 GMT+0530 (India Standard Time)","8071.70","8084.90","8046.00","8046.45"
"Fri Aug 30 2024 13:25:00 GMT+0530 (India Standard Time)","8054.80","8079.95","8045.00","8070.00"
"Fri Aug 30 2024 13:30:00 GMT+0530 (India Standard Time)","8065.05","8072.05","8049.00","8055.00"
"Fri Aug 30 2024 13:35:00 GMT+0530 (India Standard Time)","8055.00","8071.00","8051.00","8065.00"
"Fri Aug 30 2024 13:40:00 GMT+0530 (India Standard Time)","8064.75","8099.00","8064.55","8090.90"
"Fri Aug 30 2024 13:45:00 GMT+0530 (India Standard Time)","8090.90","8091.80","8060.00","8074.00"
"Fri Aug 30 2024 13:50:00 GMT+0530 (India Standard Time)","8074.00","8079.80","8065.35","8068.95"
"Fri Aug 30 2024 13:55:00 GMT+0530 (India Standard Time)","8068.95","8128.75","8068.95","8100.00"
"Fri Aug 30 2024 14:00:00 GMT+0530 (India Standard Time)","8100.00","8119.65","8095.00","8105.00"
"Fri Aug 30 2024 14:05:00 GMT+0530 (India Standard Time)","8105.00","8105.00","8080.00","8085.40"
"Fri Aug 30 2024 14:10:00 GMT+0530 (India Standard Time)","8085.40","8104.95","8080.00","8101.95"
"Fri Aug 30 2024 14:15:00 GMT+0530 (India Standard Time)","8101.95","8109.90","8095.00","8095.00"
"Fri Aug 30 2024 14:20:00 GMT+0530 (India Standard Time)","8095.05","8147.90","8095.00","8120.05"
"Fri Aug 30 2024 14:25:00 GMT+0530 (India Standard Time)","8120.05","8140.00","8110.00","8124.85"
"Fri Aug 30 2024 14:30:00 GMT+0530 (India Standard Time)","8124.85","8124.85","8113.15","8118.10"
"Fri Aug 30 2024 14:35:00 GMT+0530 (India Standard Time)","8118.10","8119.00","8080.00","8082.10"
"Fri Aug 30 2024 14:40:00 GMT+0530 (India Standard Time)","8082.00","8105.80","8079.90","8093.75"
"Fri Aug 30 2024 14:45:00 GMT+0530 (India Standard Time)","8093.75","8122.05","8090.00","8117.00"
"Fri Aug 30 2024 14:50:00 GMT+0530 (India Standard Time)","8116.55","8118.90","8090.05","8109.70"
"Fri Aug 30 2024 14:55:00 GMT+0530 (India Standard Time)","8113.00","8116.95","8091.00","8114.65"
"Fri Aug 30 2024 15:00:00 GMT+0530 (India Standard Time)","8110.95","8110.95","8050.00","8052.20"
"Fri Aug 30 2024 15:05:00 GMT+0530 (India Standard Time)","8050.90","8058.90","8020.10","8032.00"
"Fri Aug 30 2024 15:10:00 GMT+0530 (India Standard Time)","8024.20","8029.85","7980.00","8001.00"
"Fri Aug 30 2024 15:15:00 GMT+0530 (India Standard Time)","8001.05","8001.05","7955.15","7977.15"
"Fri Aug 30 2024 15:20:00 GMT+0530 (India Standard Time)","7973.05","7988.15","7960.00","7971.05"
"Fri Aug 30 2024 15:25:00 GMT+0530 (India Standard Time)","7970.80","7973.10","7951.20","7965.00"
"Mon Sep 02 2024 09:15:00 GMT+0530 (India Standard Time)","8009.00","8050.00","7925.25","7926.05"
"Mon Sep 02 2024 09:20:00 GMT+0530 (India Standard Time)","7926.05","7939.20","7907.15","7926.95"
"Mon Sep 02 2024 09:25:00 GMT+0530 (India Standard Time)","7926.95","7957.90","7920.25","7931.85"
"Mon Sep 02 2024 09:30:00 GMT+0530 (India Standard Time)","7931.85","7938.00","7875.35","7893.70"
"Mon Sep 02 2024 09:35:00 GMT+0530 (India Standard Time)","7890.15","7919.75","7888.10","7896.95"
"Mon Sep 02 2024 09:40:00 GMT+0530 (India Standard Time)","7896.95","7910.80","7885.00","7891.65"
"Mon Sep 02 2024 09:45:00 GMT+0530 (India Standard Time)","7891.65","7900.00","7877.00","7882.95"
"Mon Sep 02 2024 09:50:00 GMT+0530 (India Standard Time)","7882.95","7914.90","7880.40","7909.90"
"Mon Sep 02 2024 09:55:00 GMT+0530 (India Standard Time)","7909.90","7913.00","7891.00","7912.95"
"Mon Sep 02 2024 10:00:00 GMT+0530 (India Standard Time)","7912.95","8019.45","7912.95","7915.00"
"Mon Sep 02 2024 10:05:00 GMT+0530 (India Standard Time)","7915.25","7936.55","7876.00","7892.65"
"Mon Sep 02 2024 10:10:00 GMT+0530 (India Standard Time)","7894.90","7907.80","7861.10","7865.00"
"Mon Sep 02 2024 10:15:00 GMT+0530 (India Standard Time)","7862.00","7882.30","7841.25","7841.25"
"Mon Sep 02 2024 10:20:00 GMT+0530 (India Standard Time)","7847.10","7878.35","7847.10","7848.00"
"Mon Sep 02 2024 10:25:00 GMT+0530 (India Standard Time)","7850.00","7850.00","7803.00","7830.80"
"Mon Sep 02 2024 10:30:00 GMT+0530 (India Standard Time)","7830.80","7835.00","7800.00","7801.80"
"Mon Sep 02 2024 10:35:00 GMT+0530 (India Standard Time)","7805.00","7819.00","7800.00","7806.40"
"Mon Sep 02 2024 10:40:00 GMT+0530 (India Standard Time)","7806.00","7823.40","7782.00","7808.05"
"Mon Sep 02 2024 10:45:00 GMT+0530 (India Standard Time)","7808.05","7825.00","7791.00","7792.50"
"Mon Sep 02 2024 10:50:00 GMT+0530 (India Standard Time)","7791.10","7813.95","7791.10","7797.95"
"Mon Sep 02 2024 10:55:00 GMT+0530 (India Standard Time)","7797.95","7800.00","7794.90","7798.00"
"Mon Sep 02 2024 11:00:00 GMT+0530 (India Standard Time)","7799.00","7800.00","7795.20","7799.95"
"Mon Sep 02 2024 11:05:00 GMT+0530 (India Standard Time)","7800.00","7800.00","7795.25","7798.75"
"Mon Sep 02 2024 11:10:00 GMT+0530 (India Standard Time)","7798.75","7800.00","7794.00","7795.40"
"Mon Sep 02 2024 11:15:00 GMT+0530 (India Standard Time)","7795.40","7800.00","7785.00","7786.05"
"Mon Sep 02 2024 11:20:00 GMT+0530 (India Standard Time)","7790.95","7828.00","7786.10","7820.00"
"Mon Sep 02 2024 11:25:00 GMT+0530 (India Standard Time)","7810.75","7819.80","7801.00","7807.00"
"Mon Sep 02 2024 11:30:00 GMT+0530 (India Standard Time)","7806.95","7811.00","7800.45","7801.00"
"Mon Sep 02 2024 11:35:00 GMT+0530 (India Standard Time)","7801.00","7811.00","7801.00","7810.90"
"Mon Sep 02 2024 11:40:00 GMT+0530 (India Standard Time)","7810.90","7829.25","7806.00","7808.10"
"Mon Sep 02 2024 11:45:00 GMT+0530 (India Standard Time)","7810.00","7820.80","7808.10","7815.00"
"Mon Sep 02 2024 11:50:00 GMT+0530 (India Standard Time)","7815.00","7825.00","7812.70","7816.00"
"Mon Sep 02 2024 11:55:00 GMT+0530 (India Standard Time)","7816.00","7827.00","7808.50","7810.00"
"Mon Sep 02 2024 12:00:00 GMT+0530 (India Standard Time)","7810.00","7813.15","7776.00","7781.00"
"Mon Sep 02 2024 12:05:00 GMT+0530 (India Standard Time)","7781.00","7797.00","7780.00","7793.15"
"Mon Sep 02 2024 12:10:00 GMT+0530 (India Standard Time)","7793.15","7794.00","7786.00","7791.90"
"Mon Sep 02 2024 12:15:00 GMT+0530 (India Standard Time)","7791.00","7792.95","7781.05","7781.45"
"Mon Sep 02 2024 12:20:00 GMT+0530 (India Standard Time)","7781.05","7795.00","7780.00","7789.95"
"Mon Sep 02 2024 12:25:00 GMT+0530 (India Standard Time)","7785.05","7790.00","7771.25","7785.00"
"Mon Sep 02 2024 12:30:00 GMT+0530 (India Standard Time)","7785.00","7824.20","7782.60","7800.00"
"Mon Sep 02 2024 12:35:00 GMT+0530 (India Standard Time)","7800.00","7808.55","7790.00","7805.00"
"Mon Sep 02 2024 12:40:00 GMT+0530 (India Standard Time)","7805.00","7805.00","7793.00","7795.00"
"Mon Sep 02 2024 12:45:00 GMT+0530 (India Standard Time)","7793.00","7795.05","7785.10","7793.95"
"Mon Sep 02 2024 12:50:00 GMT+0530 (India Standard Time)","7794.00","7795.00","7778.80","7778.80"
"Mon Sep 02 2024 12:55:00 GMT+0530 (India Standard Time)","7785.65","7795.00","7778.80","7788.00"
"Mon Sep 02 2024 13:00:00 GMT+0530 (India Standard Time)","7789.10","7795.00","7784.10","7791.00"
"Mon Sep 02 2024 13:05:00 GMT+0530 (India Standard Time)","7792.90","7800.00","7770.00","7799.00"
"Mon Sep 02 2024 13:10:00 GMT+0530 (India Standard Time)","7800.00","7803.40","7790.00","7791.00"
"Mon Sep 02 2024 13:15:00 GMT+0530 (India Standard Time)","7796.30","7796.45","7785.00","7787.00"
"Mon Sep 02 2024 13:20:00 GMT+0530 (India Standard Time)","7787.05","7792.95","7787.00","7791.00"
"Mon Sep 02 2024 13:25:00 GMT+0530 (India Standard Time)","7790.00","7792.95","7787.30","7792.95"
"Mon Sep 02 2024 13:30:00 GMT+0530 (India Standard Time)","7792.95","7825.00","7792.00","7814.50"
"Mon Sep 02 2024 13:35:00 GMT+0530 (India Standard Time)","7814.50","7814.50","7805.05","7812.95"
"Mon Sep 02 2024 13:40:00 GMT+0530 (India Standard Time)","7812.95","7812.95","7792.95","7799.50"
"Mon Sep 02 2024 13:45:00 GMT+0530 (India Standard Time)","7799.50","7800.00","7794.15","7800.00"
"Mon Sep 02 2024 13:50:00 GMT+0530 (India Standard Time)","7800.00","7800.00","7792.95","7793.65"
"Mon Sep 02 2024 13:55:00 GMT+0530 (India Standard Time)","7798.00","7799.00","7792.95","7794.05"
"Mon Sep 02 2024 14:00:00 GMT+0530 (India Standard Time)","7798.10","7800.00","7793.05","7793.70"
"Mon Sep 02 2024 14:05:00 GMT+0530 (India Standard Time)","7793.70","7800.00","7793.70","7799.95"
"Mon Sep 02 2024 14:10:00 GMT+0530 (India Standard Time)","7799.00","7800.00","7790.50","7799.30"
"Mon Sep 02 2024 14:15:00 GMT+0530 (India Standard Time)","7798.80","7800.00","7791.15","7799.80"
"Mon Sep 02 2024 14:20:00 GMT+0530 (India Standard Time)","7799.75","7800.00","7791.00","7794.05"
"Mon Sep 02 2024 14:25:00 GMT+0530 (India Standard Time)","7794.05","7794.05","7790.00","7790.00"
"Mon Sep 02 2024 14:30:00 GMT+0530 (India Standard Time)","7790.00","7793.00","7783.10","7783.45"
"Mon Sep 02 2024 14:35:00 GMT+0530 (India Standard Time)","7783.45","7788.00","7783.45","7786.00"
"Mon Sep 02 2024 14:40:00 GMT+0530 (India Standard Time)","7786.90","7788.00","7782.20","7785.00"
"Mon Sep 02 2024 14:45:00 GMT+0530 (India Standard Time)","7788.00","7790.00","7783.25","7788.95"
"Mon Sep 02 2024 14:50:00 GMT+0530 (India Standard Time)","7785.00","7788.95","7777.00","7784.55"
"Mon Sep 02 2024 14:55:00 GMT+0530 (India Standard Time)","7784.55","7794.00","7780.05","7790.00"
"Mon Sep 02 2024 15:00:00 GMT+0530 (India Standard Time)","7790.00","7800.00","7781.00","7794.00"
"Mon Sep 02 2024 15:05:00 GMT+0530 (India Standard Time)","7794.00","7815.00","7785.15","7813.95"
"Mon Sep 02 2024 15:10:00 GMT+0530 (India Standard Time)","7819.95","7823.70","7802.20","7805.00"
"Mon Sep 02 2024 15:15:00 GMT+0530 (India Standard Time)","7808.45","7811.75","7778.05","7797.75"
"Mon Sep 02 2024 15:20:00 GMT+0530 (India Standard Time)","7797.75","7800.00","7780.00","7784.95"
"Mon Sep 02 2024 15:25:00 GMT+0530 (India Standard Time)","7784.95","7788.55","7775.00","7778.00"
"Tue Sep 03 2024 09:15:00 GMT+0530 (India Standard Time)","7808.95","7838.15","7782.00","7790.70"
"Tue Sep 03 2024 09:20:00 GMT+0530 (India Standard Time)","7790.40","7849.00","7770.00","7849.00"
"Tue Sep 03 2024 09:25:00 GMT+0530 (India Standard Time)","7849.00","7849.70","7808.00","7821.55"
"Tue Sep 03 2024 09:30:00 GMT+0530 (India Standard Time)","7822.45","7838.95","7809.15","7831.95"
"Tue Sep 03 2024 09:35:00 GMT+0530 (India Standard Time)","7831.95","7850.00","7812.45","7815.40"
"Tue Sep 03 2024 09:40:00 GMT+0530 (India Standard Time)","7815.40","7834.85","7815.10","7834.00"
"Tue Sep 03 2024 09:45:00 GMT+0530 (India Standard Time)","7826.05","7845.00","7826.00","7843.50"
"Tue Sep 03 2024 09:50:00 GMT+0530 (India Standard Time)","7843.50","7925.25","7843.05","7920.00"
"Tue Sep 03 2024 09:55:00 GMT+0530 (India Standard Time)","7920.00","7950.00","7882.50","7925.10"
"Tue Sep 03 2024 10:00:00 GMT+0530 (India Standard Time)","7925.00","7979.00","7924.00","7960.65"
"Tue Sep 03 2024 10:05:00 GMT+0530 (India Standard Time)","7960.30","7966.70","7906.40","7918.35"
"Tue Sep 03 2024 10:10:00 GMT+0530 (India Standard Time)","7918.35","7934.85","7880.25","7917.10"
"Tue Sep 03 2024 10:15:00 GMT+0530 (India Standard Time)","7917.10","7923.05","7860.85","7864.55"
"Tue Sep 03 2024 10:20:00 GMT+0530 (India Standard Time)","7862.95","7880.00","7850.00","7867.50"
"Tue Sep 03 2024 10:25:00 GMT+0530 (India Standard Time)","7865.00","7875.10","7855.65","7856.00"
"Tue Sep 03 2024 10:30:00 GMT+0530 (India Standard Time)","7859.15","7884.00","7855.65","7873.00"
"Tue Sep 03 2024 10:35:00 GMT+0530 (India Standard Time)","7865.80","7900.00","7865.80","7900.00"
"Tue Sep 03 2024 10:40:00 GMT+0530 (India Standard Time)","7900.00","7903.40","7875.00","7875.00"
"Tue Sep 03 2024 10:45:00 GMT+0530 (India Standard Time)","7875.00","7889.50","7872.00","7877.30"
"Tue Sep 03 2024 10:50:00 GMT+0530 (India Standard Time)","7877.30","7880.95","7851.00","7856.00"
"Tue Sep 03 2024 10:55:00 GMT+0530 (India Standard Time)","7856.00","7860.00","7835.00","7840.55"
"Tue Sep 03 2024 11:00:00 GMT+0530 (India Standard Time)","7840.55","7849.90","7835.00","7837.95"
"Tue Sep 03 2024 11:05:00 GMT+0530 (India Standard Time)","7840.40","7870.00","7835.05","7852.95"
"Tue Sep 03 2024 11:10:00 GMT+0530 (India Standard Time)","7852.95","7856.00","7848.00","7854.00"
"Tue Sep 03 2024 11:15:00 GMT+0530 (India Standard Time)","7854.00","7855.50","7847.60","7855.00"
"Tue Sep 03 2024 11:20:00 GMT+0530 (India Standard Time)","7855.00","7867.15","7847.35","7861.90"
"Tue Sep 03 2024 11:25:00 GMT+0530 (India Standard Time)","7861.85","7868.75","7855.00","7861.90"
"Tue Sep 03 2024 11:30:00 GMT+0530 (India Standard Time)","7861.90","7868.50","7857.00","7863.00"
"Tue Sep 03 2024 11:35:00 GMT+0530 (India Standard Time)","7863.00","7865.00","7860.00","7862.00"
"Tue Sep 03 2024 11:40:00 GMT+0530 (India Standard Time)","7863.80","7875.50","7860.80","7874.00"
"Tue Sep 03 2024 11:45:00 GMT+0530 (India Standard Time)","7872.00","7896.00","7870.00","7893.00"
"Tue Sep 03 2024 11:50:00 GMT+0530 (India Standard Time)","7893.00","7920.00","7885.00","7906.80"
"Tue Sep 03 2024 11:55:00 GMT+0530 (India Standard Time)","7906.80","7920.00","7895.95","7915.00"
"Tue Sep 03 2024 12:00:00 GMT+0530 (India Standard Time)","7915.00","7915.00","7902.00","7902.00"
"Tue Sep 03 2024 12:05:00 GMT+0530 (India Standard Time)","7902.00","7909.00","7880.00","7884.00"
"Tue Sep 03 2024 12:10:00 GMT+0530 (India Standard Time)","7884.00","7885.00","7867.80","7870.50"
"Tue Sep 03 2024 12:15:00 GMT+0530 (India Standard Time)","7870.50","7883.95","7870.40","7879.00"
"Tue Sep 03 2024 12:20:00 GMT+0530 (India Standard Time)","7879.00","7890.00","7879.00","7888.00"
"Tue Sep 03 2024 12:25:00 GMT+0530 (India Standard Time)","7888.00","7888.60","7879.00","7883.10"
"Tue Sep 03 2024 12:30:00 GMT+0530 (India Standard Time)","7883.10","7886.95","7880.00","7885.00"
"Tue Sep 03 2024 12:35:00 GMT+0530 (India Standard Time)","7885.00","7885.80","7874.00","7883.85"
"Tue Sep 03 2024 12:40:00 GMT+0530 (India Standard Time)","7883.85","7885.95","7878.00","7883.00"
"Tue Sep 03 2024 12:45:00 GMT+0530 (India Standard Time)","7883.00","7884.85","7875.60","7876.20"
"Tue Sep 03 2024 12:50:00 GMT+0530 (India Standard Time)","7877.15","7882.00","7871.00","7880.70"
"Tue Sep 03 2024 12:55:00 GMT+0530 (India Standard Time)","7880.70","7880.70","7872.30","7877.00"
"Tue Sep 03 2024 13:00:00 GMT+0530 (India Standard Time)","7877.00","7879.00","7860.10","7864.00"
"Tue Sep 03 2024 13:05:00 GMT+0530 (India Standard Time)","7864.00","7874.95","7860.00","7865.80"
"Tue Sep 03 2024 13:10:00 GMT+0530 (India Standard Time)","7865.25","7877.80","7865.25","7873.00"
"Tue Sep 03 2024 13:15:00 GMT+0530 (India Standard Time)","7873.00","7878.00","7868.60","7877.95"
"Tue Sep 03 2024 13:20:00 GMT+0530 (India Standard Time)","7877.95","7890.00","7874.95","7890.00"
"Tue Sep 03 2024 13:25:00 GMT+0530 (India Standard Time)","7890.00","7899.90","7882.55","7899.85"
"Tue Sep 03 2024 13:30:00 GMT+0530 (India Standard Time)","7899.85","7899.90","7885.90","7889.10"
"Tue Sep 03 2024 13:35:00 GMT+0530 (India Standard Time)","7889.10","7894.70","7878.25","7879.80"
"Tue Sep 03 2024 13:40:00 GMT+0530 (India Standard Time)","7879.80","7884.95","7879.75","7882.75"
"Tue Sep 03 2024 13:45:00 GMT+0530 (India Standard Time)","7882.75","7885.00","7879.75","7879.75"
"Tue Sep 03 2024 13:50:00 GMT+0530 (India Standard Time)","7879.75","7885.00","7873.00","7876.00"
"Tue Sep 03 2024 13:55:00 GMT+0530 (India Standard Time)","7879.00","7885.30","7875.00","7876.00"
"Tue Sep 03 2024 14:00:00 GMT+0530 (India Standard Time)","7876.00","7882.05","7873.00","7877.00"
"Tue Sep 03 2024 14:05:00 GMT+0530 (India Standard Time)","7877.00","7880.00","7874.00","7875.10"
"Tue Sep 03 2024 14:10:00 GMT+0530 (India Standard Time)","7875.10","7878.85","7849.25","7849.25"
"Tue Sep 03 2024 14:15:00 GMT+0530 (India Standard Time)","7851.95","7860.00","7850.00","7852.00"
"Tue Sep 03 2024 14:20:00 GMT+0530 (India Standard Time)","7854.75","7858.00","7852.00","7854.05"
"Tue Sep 03 2024 14:25:00 GMT+0530 (India Standard Time)","7855.00","7868.00","7854.05","7860.05"
"Tue Sep 03 2024 14:30:00 GMT+0530 (India Standard Time)","7860.05","7866.00","7858.00","7861.45"
"Tue Sep 03 2024 14:35:00 GMT+0530 (India Standard Time)","7861.15","7880.00","7861.15","7879.45"
"Tue Sep 03 2024 14:40:00 GMT+0530 (India Standard Time)","7879.45","7884.95","7874.10","7879.85"
"Tue Sep 03 2024 14:45:00 GMT+0530 (India Standard Time)","7879.85","7884.00","7871.45","7884.00"
"Tue Sep 03 2024 14:50:00 GMT+0530 (India Standard Time)","7884.00","7899.00","7879.05","7892.00"
"Tue Sep 03 2024 14:55:00 GMT+0530 (India Standard Time)","7892.00","7895.00","7855.00","7862.60"
"Tue Sep 03 2024 15:00:00 GMT+0530 (India Standard Time)","7862.60","7864.85","7840.00","7850.65"
"Tue Sep 03 2024 15:05:00 GMT+0530 (India Standard Time)","7855.00","7857.00","7845.00","7854.15"
"Tue Sep 03 2024 15:10:00 GMT+0530 (India Standard Time)","7883.55","7900.00","7856.65","7874.15"
"Tue Sep 03 2024 15:15:00 GMT+0530 (India Standard Time)","7877.75","7895.00","7852.55","7866.05"
"Tue Sep 03 2024 15:20:00 GMT+0530 (India Standard Time)","7871.00","7883.85","7857.10","7880.05"
"Tue Sep 03 2024 15:25:00 GMT+0530 (India Standard Time)","7880.05","7883.90","7865.00","7866.00"
"Wed Sep 04 2024 09:15:00 GMT+0530 (India Standard Time)","7720.00","7789.95","7720.00","7777.25"
"Wed Sep 04 2024 09:20:00 GMT+0530 (India Standard Time)","7777.10","7812.90","7775.00","7781.05"
"Wed Sep 04 2024 09:25:00 GMT+0530 (India Standard Time)","7787.20","7799.85","7782.00","7798.60"
"Wed Sep 04 2024 09:30:00 GMT+0530 (India Standard Time)","7795.10","7800.00","7786.05","7794.00"
"Wed Sep 04 2024 09:35:00 GMT+0530 (India Standard Time)","7792.00","7800.75","7784.05","7799.00"
"Wed Sep 04 2024 09:40:00 GMT+0530 (India Standard Time)","7798.95","7800.00","7785.50","7789.00"
"Wed Sep 04 2024 09:45:00 GMT+0530 (India Standard Time)","7789.00","7789.00","7765.05","7778.45"
"Wed Sep 04 2024 09:50:00 GMT+0530 (India Standard Time)","7778.45","7783.95","7771.25","7783.00"
"Wed Sep 04 2024 09:55:00 GMT+0530 (India Standard Time)","7783.00","7799.00","7782.60","7795.50"
"Wed Sep 04 2024 10:00:00 GMT+0530 (India Standard Time)","7795.50","7796.20","7785.50","7793.70"
"Wed Sep 04 2024 10:05:00 GMT+0530 (India Standard Time)","7794.80","7802.75","7788.10","7788.20"
"Wed Sep 04 2024 10:10:00 GMT+0530 (India Standard Time)","7794.90","7800.00","7785.65","7790.50"
"Wed Sep 04 2024 10:15:00 GMT+0530 (India Standard Time)","7790.50","7799.00","7786.05","7797.95"
"Wed Sep 04 2024 10:20:00 GMT+0530 (India Standard Time)","7797.85","7797.85","7786.10","7790.00"
"Wed Sep 04 2024 10:25:00 GMT+0530 (India Standard Time)","7790.00","7794.00","7777.00","7777.00"
"Wed Sep 04 2024 10:30:00 GMT+0530 (India Standard Time)","7780.15","7780.15","7750.75","7751.00"
"Wed Sep 04 2024 10:35:00 GMT+0530 (India Standard Time)","7754.70","7759.95","7740.00","7759.00"
"Wed Sep 04 2024 10:40:00 GMT+0530 (India Standard Time)","7754.10","7759.95","7742.75","7752.00"
"Wed Sep 04 2024 10:45:00 GMT+0530 (India Standard Time)","7754.60","7759.95","7750.10","7752.05"
"Wed Sep 04 2024 10:50:00 GMT+0530 (India Standard Time)","7756.95","7759.00","7752.00","7755.35"
"Wed Sep 04 2024 10:55:00 GMT+0530 (India Standard Time)","7755.35","7759.00","7752.35","7758.80"
"Wed Sep 04 2024 11:00:00 GMT+0530 (India Standard Time)","7757.00","7758.80","7745.00","7749.25"
"Wed Sep 04 2024 11:05:00 GMT+0530 (India Standard Time)","7749.25","7758.75","7749.25","7750.05"
"Wed Sep 04 2024 11:10:00 GMT+0530 (India Standard Time)","7750.05","7757.00","7748.10","7754.95"
"Wed Sep 04 2024 11:15:00 GMT+0530 (India Standard Time)","7755.35","7755.70","7750.10","7751.00"
"Wed Sep 04 2024 11:20:00 GMT+0530 (India Standard Time)","7751.00","7751.00","7747.00","7750.00"
"Wed Sep 04 2024 11:25:00 GMT+0530 (India Standard Time)","7747.00","7750.00","7742.10","7744.65"
"Wed Sep 04 2024 11:30:00 GMT+0530 (India Standard Time)","7742.25","7754.00","7742.25","7750.00"
"Wed Sep 04 2024 11:35:00 GMT+0530 (India Standard Time)","7750.00","7750.00","7745.00","7745.20"
"Wed Sep 04 2024 11:40:00 GMT+0530 (India Standard Time)","7745.20","7749.00","7740.00","7742.95"
"Wed Sep 04 2024 11:45:00 GMT+0530 (India Standard Time)","7742.95","7750.00","7742.00","7742.05"
"Wed Sep 04 2024 11:50:00 GMT+0530 (India Standard Time)","7744.00","7750.00","7740.60","7746.35"
"Wed Sep 04 2024 11:55:00 GMT+0530 (India Standard Time)","7746.35","7748.75","7740.10","7748.75"
"Wed Sep 04 2024 12:00:00 GMT+0530 (India Standard Time)","7748.75","7750.00","7742.00","7745.05"
"Wed Sep 04 2024 12:05:00 GMT+0530 (India Standard Time)","7745.05","7750.00","7744.10","7750.00"
"Wed Sep 04 2024 12:10:00 GMT+0530 (India Standard Time)","7750.00","7750.00","7745.15","7749.95"
"Wed Sep 04 2024 12:15:00 GMT+0530 (India Standard Time)","7749.90","7749.95","7745.05","7748.00"
"Wed Sep 04 2024 12:20:00 GMT+0530 (India Standard Time)","7748.00","7749.85","7748.00","7749.85"
"Wed Sep 04 2024 12:25:00 GMT+0530 (India Standard Time)","7749.85","7749.85","7747.70","7748.05"
"Wed Sep 04 2024 12:30:00 GMT+0530 (India Standard Time)","7748.05","7750.00","7743.05","7749.45"
"Wed Sep 04 2024 12:35:00 GMT+0530 (India Standard Time)","7749.45","7750.00","7742.15","7747.85"
"Wed Sep 04 2024 12:40:00 GMT+0530 (India Standard Time)","7747.85","7750.00","7743.05","7749.10"
"Wed Sep 04 2024 12:45:00 GMT+0530 (India Standard Time)","7749.10","7750.00","7745.15","7749.05"
"Wed Sep 04 2024 12:50:00 GMT+0530 (India Standard Time)","7749.05","7750.00","7745.00","7745.95"
"Wed Sep 04 2024 12:55:00 GMT+0530 (India Standard Time)","7745.95","7750.00","7745.00","7749.45"
"Wed Sep 04 2024 13:00:00 GMT+0530 (India Standard Time)","7749.45","7750.00","7742.10","7744.10"
"Wed Sep 04 2024 13:05:00 GMT+0530 (India Standard Time)","7744.10","7750.00","7744.10","7749.00"
"Wed Sep 04 2024 13:10:00 GMT+0530 (India Standard Time)","7749.00","7749.00","7742.55","7743.50"
"Wed Sep 04 2024 13:15:00 GMT+0530 (India Standard Time)","7743.50","7743.50","7740.00","7742.50"
"Wed Sep 04 2024 13:20:00 GMT+0530 (India Standard Time)","7742.50","7745.00","7741.00","7744.90"
"Wed Sep 04 2024 13:25:00 GMT+0530 (India Standard Time)","7744.90","7744.90","7741.15","7744.00"
"Wed Sep 04 2024 13:30:00 GMT+0530 (India Standard Time)","7744.00","7744.30","7741.20","7741.50"
"Wed Sep 04 2024 13:35:00 GMT+0530 (India Standard Time)","7741.20","7750.00","7741.15","7747.50"
"Wed Sep 04 2024 13:40:00 GMT+0530 (India Standard Time)","7747.50","7750.00","7745.00","7745.00"
"Wed Sep 04 2024 13:45:00 GMT+0530 (India Standard Time)","7745.00","7750.00","7745.00","7749.00"
"Wed Sep 04 2024 13:50:00 GMT+0530 (India Standard Time)","7749.00","7749.25","7745.00","7748.00"
"Wed Sep 04 2024 13:55:00 GMT+0530 (India Standard Time)","7748.00","7748.90","7745.00","7745.00"
"Wed Sep 04 2024 14:00:00 GMT+0530 (India Standard Time)","7746.00","7755.20","7743.05","7749.95"
"Wed Sep 04 2024 14:05:00 GMT+0530 (India Standard Time)","7749.95","7750.00","7743.10","7745.90"
"Wed Sep 04 2024 14:10:00 GMT+0530 (India Standard Time)","7745.90","7748.95","7744.00","7744.00"
"Wed Sep 04 2024 14:15:00 GMT+0530 (India Standard Time)","7744.00","7749.00","7740.00","7744.90"
"Wed Sep 04 2024 14:20:00 GMT+0530 (India Standard Time)","7742.00","7745.00","7730.00","7744.95"
"Wed Sep 04 2024 14:25:00 GMT+0530 (India Standard Time)","7745.00","7748.00","7740.00","7740.15"
"Wed Sep 04 2024 14:30:00 GMT+0530 (India Standard Time)","7740.15","7748.85","7740.00","7742.00"
"Wed Sep 04 2024 14:35:00 GMT+0530 (India Standard Time)","7742.00","7742.00","7734.10","7740.00"
"Wed Sep 04 2024 14:40:00 GMT+0530 (India Standard Time)","7736.85","7742.50","7734.70","7740.45"
"Wed Sep 04 2024 14:45:00 GMT+0530 (India Standard Time)","7740.45","7750.00","7740.00","7750.00"
"Wed Sep 04 2024 14:50:00 GMT+0530 (India Standard Time)","7750.00","7750.00","7742.15","7749.75"
"Wed Sep 04 2024 14:55:00 GMT+0530 (India Standard Time)","7749.75","7749.75","7741.15","7746.45"
"Wed Sep 04 2024 15:00:00 GMT+0530 (India Standard Time)","7746.45","7749.50","7734.70","7746.65"
"Wed Sep 04 2024 15:05:00 GMT+0530 (India Standard Time)","7746.05","7752.00","7741.05","7749.95"
"Wed Sep 04 2024 15:10:00 GMT+0530 (India Standard Time)","7750.00","7750.00","7749.80","7749.90"
"Wed Sep 04 2024 15:15:00 GMT+0530 (India Standard Time)","7749.90","7749.90","7748.00","7749.50"
"Wed Sep 04 2024 15:20:00 GMT+0530 (India Standard Time)","7749.15","7751.05","7749.10","7750.00"
"Wed Sep 04 2024 15:25:00 GMT+0530 (India Standard Time)","7750.00","7750.05","7741.00","7743.80"
"Thu Sep 05 2024 09:15:00 GMT+0530 (India Standard Time)","7788.10","7822.90","7780.10","7790.70"
"Thu Sep 05 2024 09:20:00 GMT+0530 (India Standard Time)","7800.15","7806.00","7788.00","7798.30"
"Thu Sep 05 2024 09:25:00 GMT+0530 (India Standard Time)","7798.30","7864.00","7798.30","7825.05"
"Thu Sep 05 2024 09:30:00 GMT+0530 (India Standard Time)","7825.05","7846.30","7820.00","7833.40"
"Thu Sep 05 2024 09:35:00 GMT+0530 (India Standard Time)","7830.00","7839.90","7818.90","7820.15"
"Thu Sep 05 2024 09:40:00 GMT+0530 (India Standard Time)","7820.15","7830.05","7805.40","7811.00"
"Thu Sep 05 2024 09:45:00 GMT+0530 (India Standard Time)","7811.00","7826.60","7808.05","7815.00"
"Thu Sep 05 2024 09:50:00 GMT+0530 (India Standard Time)","7815.15","7823.00","7809.00","7815.85"
"Thu Sep 05 2024 09:55:00 GMT+0530 (India Standard Time)","7819.85","7819.90","7792.45","7794.00"
"Thu Sep 05 2024 10:00:00 GMT+0530 (India Standard Time)","7794.00","7799.85","7793.15","7798.00"
"Thu Sep 05 2024 10:05:00 GMT+0530 (India Standard Time)","7798.00","7812.70","7795.75","7800.10"
"Thu Sep 05 2024 10:10:00 GMT+0530 (India Standard Time)","7806.00","7822.50","7805.10","7815.00"
"Thu Sep 05 2024 10:15:00 GMT+0530 (India Standard Time)","7815.00","7817.35","7791.00","7802.00"
"Thu Sep 05 2024 10:20:00 GMT+0530 (India Standard Time)","7802.00","7811.40","7790.50","7795.95"
"Thu Sep 05 2024 10:25:00 GMT+0530 (India Standard Time)","7795.95","7799.75","7788.00","7789.90"
"Thu Sep 05 2024 10:30:00 GMT+0530 (India Standard Time)","7789.90","7799.40","7780.60","7789.90"
"Thu Sep 05 2024 10:35:00 GMT+0530 (India Standard Time)","7789.90","7795.90","7785.05","7794.95"
"Thu Sep 05 2024 10:40:00 GMT+0530 (India Standard Time)","7794.95","7818.00","7785.15","7810.05"
"Thu Sep 05 2024 10:45:00 GMT+0530 (India Standard Time)","7810.05","7814.00","7809.00","7812.00"
"Thu Sep 05 2024 10:50:00 GMT+0530 (India Standard Time)","7811.95","7813.00","7800.00","7803.20"
"Thu Sep 05 2024 10:55:00 GMT+0530 (India Standard Time)","7803.20","7812.00","7792.40","7810.00"
"Thu Sep 05 2024 11:00:00 GMT+0530 (India Standard Time)","7810.00","7812.75","7795.10","7811.15"
"Thu Sep 05 2024 11:05:00 GMT+0530 (India Standard Time)","7811.15","7822.50","7800.20","7807.55"
"Thu Sep 05 2024 11:10:00 GMT+0530 (India Standard Time)","7807.55","7807.55","7780.60","7800.00"
"Thu Sep 05 2024 11:15:00 GMT+0530 (India Standard Time)","7800.00","7800.00","7795.85","7799.95"
"Thu Sep 05 2024 11:20:00 GMT+0530 (India Standard Time)","7799.95","7800.00","7795.00","7796.00"
"Thu Sep 05 2024 11:25:00 GMT+0530 (India Standard Time)","7796.00","7799.95","7790.40","7796.00"
"Thu Sep 05 2024 11:30:00 GMT+0530 (India Standard Time)","7793.10","7797.00","7790.00","7790.55"
"Thu Sep 05 2024 11:35:00 GMT+0530 (India Standard Time)","7790.55","7797.00","7786.00","7789.80"
"Thu Sep 05 2024 11:40:00 GMT+0530 (India Standard Time)","7789.80","7800.00","7789.80","7792.05"
"Thu Sep 05 2024 11:45:00 GMT+0530 (India Standard Time)","7792.05","7800.00","7791.40","7793.80"
"Thu Sep 05 2024 11:50:00 GMT+0530 (India Standard Time)","7793.80","7800.00","7793.80","7800.00"
"Thu Sep 05 2024 11:55:00 GMT+0530 (India Standard Time)","7800.00","7800.00","7793.80","7800.00"
"Thu Sep 05 2024 12:00:00 GMT+0530 (India Standard Time)","7799.50","7800.00","7794.20","7800.00"
"Thu Sep 05 2024 12:05:00 GMT+0530 (India Standard Time)","7800.00","7800.00","7794.50","7800.00"
"Thu Sep 05 2024 12:10:00 GMT+0530 (India Standard Time)","7800.00","7800.00","7794.20","7797.75"
"Thu Sep 05 2024 12:15:00 GMT+0530 (India Standard Time)","7797.75","7798.80","7794.20","7797.00"
"Thu Sep 05 2024 12:20:00 GMT+0530 (India Standard Time)","7797.00","7798.80","7785.00","7791.55"
"Thu Sep 05 2024 12:25:00 GMT+0530 (India Standard Time)","7791.55","7797.35","7786.20","7795.50"
"Thu Sep 05 2024 12:30:00 GMT+0530 (India Standard Time)","7791.00","7798.80","7791.00","7798.80"
"Thu Sep 05 2024 12:35:00 GMT+0530 (India Standard Time)","7798.80","7798.80","7790.00","7794.75"
"Thu Sep 05 2024 12:40:00 GMT+0530 (India Standard Time)","7794.75","7795.00","7788.05","7788.55"
"Thu Sep 05 2024 12:45:00 GMT+0530 (India Standard Time)","7788.55","7794.45","7788.55","7789.55"
"Thu Sep 05 2024 12:50:00 GMT+0530 (India Standard Time)","7789.55","7794.50","7785.00","7793.40"
"Thu Sep 05 2024 12:55:00 GMT+0530 (India Standard Time)","7793.40","7800.00","7780.00","7785.25"
"Thu Sep 05 2024 13:00:00 GMT+0530 (India Standard Time)","7784.95","7800.00","7770.00","7790.75"
"Thu Sep 05 2024 13:05:00 GMT+0530 (India Standard Time)","7790.75","7794.85","7784.05","7789.55"
"Thu Sep 05 2024 13:10:00 GMT+0530 (India Standard Time)","7789.55","7789.55","7781.20","7781.75"
"Thu Sep 05 2024 13:15:00 GMT+0530 (India Standard Time)","7788.85","7795.00","7784.10","7795.00"
"Thu Sep 05 2024 13:20:00 GMT+0530 (India Standard Time)","7795.00","7798.00","7788.05","7791.00"
"Thu Sep 05 2024 13:25:00 GMT+0530 (India Standard Time)","7791.00","7795.45","7781.85","7785.20"
"Thu Sep 05 2024 13:30:00 GMT+0530 (India Standard Time)","7791.25","7794.00","7785.25","7786.40"
"Thu Sep 05 2024 13:35:00 GMT+0530 (India Standard Time)","7786.40","7797.95","7786.40","7793.00"
"Thu Sep 05 2024 13:40:00 GMT+0530 (India Standard Time)","7793.00","7793.00","7788.00","7791.00"
"Thu Sep 05 2024 13:45:00 GMT+0530 (India Standard Time)","7791.00","7793.00","7788.00","7788.50"
"Thu Sep 05 2024 13:50:00 GMT+0530 (India Standard Time)","7788.95","7792.00","7785.00","7790.55"
"Thu Sep 05 2024 13:55:00 GMT+0530 (India Standard Time)","7790.55","7792.00","7786.00","7791.40"
"Thu Sep 05 2024 14:00:00 GMT+0530 (India Standard Time)","7791.40","7791.40","7785.05","7789.20"
"Thu Sep 05 2024 14:05:00 GMT+0530 (India Standard Time)","7789.20","7792.00","7785.00","7790.00"
"Thu Sep 05 2024 14:10:00 GMT+0530 (India Standard Time)","7790.00","7790.00","7779.00","7784.85"
"Thu Sep 05 2024 14:15:00 GMT+0530 (India Standard Time)","7784.85","7784.85","7780.00","7780.00"
"Thu Sep 05 2024 14:20:00 GMT+0530 (India Standard Time)","7780.00","7783.00","7780.00","7783.00"
"Thu Sep 05 2024 14:25:00 GMT+0530 (India Standard Time)","7783.00","7783.00","7764.50","7764.50"
"Thu Sep 05 2024 14:30:00 GMT+0530 (India Standard Time)","7760.00","7779.00","7750.00","7776.00"
"Thu Sep 05 2024 14:35:00 GMT+0530 (India Standard Time)","7776.00","7777.00","7762.95","7773.00"
"Thu Sep 05 2024 14:40:00 GMT+0530 (India Standard Time)","7773.00","7775.25","7755.00","7755.00"
"Thu Sep 05 2024 14:45:00 GMT+0530 (India Standard Time)","7755.00","7770.00","7755.00","7766.75"
"Thu Sep 05 2024 14:50:00 GMT+0530 (India Standard Time)","7766.75","7775.00","7763.45","7765.40"
"Thu Sep 05 2024 14:55:00 GMT+0530 (India Standard Time)","7770.00","7777.00","7759.70","7775.00"
"Thu Sep 05 2024 15:00:00 GMT+0530 (India Standard Time)","7775.35","7775.35","7725.00","7730.00"
"Thu Sep 05 2024 15:05:00 GMT+0530 (India Standard Time)","7730.00","7739.05","7725.10","7734.60"
"Thu Sep 05 2024 15:10:00 GMT+0530 (India Standard Time)","7734.60","7759.80","7730.00","7743.50"
"Thu Sep 05 2024 15:15:00 GMT+0530 (India Standard Time)","7744.90","7744.90","7707.00","7707.85"
"Thu Sep 05 2024 15:20:00 GMT+0530 (India Standard Time)","7707.90","7710.00","7707.00","7707.10"
"Thu Sep 05 2024 15:25:00 GMT+0530 (India Standard Time)","7707.10","7715.00","7706.20","7707.00"
"Fri Sep 06 2024 09:15:00 GMT+0530 (India Standard Time)","7730.00","7810.00","7730.00","7789.05"
"Fri Sep 06 2024 09:20:00 GMT+0530 (India Standard Time)","7788.90","7838.00","7777.00","7838.00"
"Fri Sep 06 2024 09:25:00 GMT+0530 (India Standard Time)","7838.00","7857.45","7815.00","7844.00"
"Fri Sep 06 2024 09:30:00 GMT+0530 (India Standard Time)","7838.95","7840.00","7804.40","7813.25"
"Fri Sep 06 2024 09:35:00 GMT+0530 (India Standard Time)","7810.05","7817.75","7783.05","7796.15"
"Fri Sep 06 2024 09:40:00 GMT+0530 (India Standard Time)","7796.15","7805.45","7790.45","7793.50"
"Fri Sep 06 2024 09:45:00 GMT+0530 (India Standard Time)","7792.00","7792.00","7770.35","7780.00"
"Fri Sep 06 2024 09:50:00 GMT+0530 (India Standard Time)","7780.00","7780.00","7750.00","7750.00"
"Fri Sep 06 2024 09:55:00 GMT+0530 (India Standard Time)","7750.00","7765.85","7750.00","7765.85"
"Fri Sep 06 2024 10:00:00 GMT+0530 (India Standard Time)","7765.85","7768.85","7710.85","7717.00"
"Fri Sep 06 2024 10:05:00 GMT+0530 (India Standard Time)","7717.00","7719.80","7701.00","7707.65"
"Fri Sep 06 2024 10:10:00 GMT+0530 (India Standard Time)","7710.00","7720.80","7686.00","7717.95"
"Fri Sep 06 2024 10:15:00 GMT+0530 (India Standard Time)","7716.45","7717.95","7693.15","7706.00"
"Fri Sep 06 2024 10:20:00 GMT+0530 (India Standard Time)","7706.00","7712.70","7690.00","7707.00"
"Fri Sep 06 2024 10:25:00 GMT+0530 (India Standard Time)","7701.60","7714.00","7690.05","7710.05"
"Fri Sep 06 2024 10:30:00 GMT+0530 (India Standard Time)","7710.05","7713.80","7691.05","7696.30"
"Fri Sep 06 2024 10:35:00 GMT+0530 (India Standard Time)","7696.30","7696.30","7661.00","7675.05"
"Fri Sep 06 2024 10:40:00 GMT+0530 (India Standard Time)","7675.05","7685.15","7662.55","7681.00"
"Fri Sep 06 2024 10:45:00 GMT+0530 (India Standard Time)","7681.00","7687.90","7676.05","7682.45"
"Fri Sep 06 2024 10:50:00 GMT+0530 (India Standard Time)","7682.45","7699.90","7682.45","7695.60"
"Fri Sep 06 2024 10:55:00 GMT+0530 (India Standard Time)","7695.00","7702.00","7692.00","7702.00"
"Fri Sep 06 2024 11:00:00 GMT+0530 (India Standard Time)","7702.00","7702.00","7685.00","7690.80"
"Fri Sep 06 2024 11:05:00 GMT+0530 (India Standard Time)","7690.80","7695.10","7665.00","7669.15"
"Fri Sep 06 2024 11:10:00 GMT+0530 (India Standard Time)","7669.15","7681.40","7662.05","7675.00"
"Fri Sep 06 2024 11:15:00 GMT+0530 (India Standard Time)","7675.00","7679.95","7670.00","7679.95"
"Fri Sep 06 2024 11:20:00 GMT+0530 (India Standard Time)","7679.95","7702.40","7673.65","7692.30"
"Fri Sep 06 2024 11:25:00 GMT+0530 (India Standard Time)","7692.30","7694.80","7679.20","7684.60"
"Fri Sep 06 2024 11:30:00 GMT+0530 (India Standard Time)","7688.40","7692.00","7681.00","7687.65"
"Fri Sep 06 2024 11:35:00 GMT+0530 (India Standard Time)","7687.65","7700.00","7687.60","7699.95"
"Fri Sep 06 2024 11:40:00 GMT+0530 (India Standard Time)","7696.20","7704.05","7694.65","7700.00"
"Fri Sep 06 2024 11:45:00 GMT+0530 (India Standard Time)","7703.40","7704.00","7696.15","7698.45"
"Fri Sep 06 2024 11:50:00 GMT+0530 (India Standard Time)","7698.45","7721.90","7691.10","7710.00"
"Fri Sep 06 2024 11:55:00 GMT+0530 (India Standard Time)","7710.00","7710.00","7685.15","7685.20"
"Fri Sep 06 2024 12:00:00 GMT+0530 (India Standard Time)","7688.95","7689.45","7681.15","7684.00"
"Fri Sep 06 2024 12:05:00 GMT+0530 (India Standard Time)","7684.00","7686.20","7672.75","7674.00"
"Fri Sep 06 2024 12:10:00 GMT+0530 (India Standard Time)","7674.00","7675.95","7668.00","7668.15"
"Fri Sep 06 2024 12:15:00 GMT+0530 (India Standard Time)","7668.15","7672.90","7662.00","7662.65"
"Fri Sep 06 2024 12:20:00 GMT+0530 (India Standard Time)","7662.65","7671.90","7660.20","7669.00"
"Fri Sep 06 2024 12:25:00 GMT+0530 (India Standard Time)","7669.00","7670.95","7663.95","7665.50"
"Fri Sep 06 2024 12:30:00 GMT+0530 (India Standard Time)","7665.50","7669.80","7643.00","7650.00"
"Fri Sep 06 2024 12:35:00 GMT+0530 (India Standard Time)","7650.00","7653.50","7645.00","7646.50"
"Fri Sep 06 2024 12:40:00 GMT+0530 (India Standard Time)","7646.50","7649.80","7636.10","7641.70"
"Fri Sep 06 2024 12:45:00 GMT+0530 (India Standard Time)","7641.70","7641.95","7620.00","7625.00"
"Fri Sep 06 2024 12:50:00 GMT+0530 (India Standard Time)","7625.00","7630.70","7615.00","7625.00"
"Fri Sep 06 2024 12:55:00 GMT+0530 (India Standard Time)","7625.00","7625.00","7612.35","7612.65"
"Fri Sep 06 2024 13:00:00 GMT+0530 (India Standard Time)","7615.00","7624.65","7611.20","7612.15"
"Fri Sep 06 2024 13:05:00 GMT+0530 (India Standard Time)","7612.80","7625.00","7612.80","7625.00"
"Fri Sep 06 2024 13:10:00 GMT+0530 (India Standard Time)","7625.00","7625.00","7621.00","7625.00"
"Fri Sep 06 2024 13:15:00 GMT+0530 (India Standard Time)","7625.00","7625.00","7619.00","7624.00"
"Fri Sep 06 2024 13:20:00 GMT+0530 (India Standard Time)","7624.00","7625.00","7620.10","7620.20"
"Fri Sep 06 2024 13:25:00 GMT+0530 (India Standard Time)","7620.20","7625.00","7605.00","7623.00"
"Fri Sep 06 2024 13:30:00 GMT+0530 (India Standard Time)","7623.00","7625.00","7616.05","7625.00"
"Fri Sep 06 2024 13:35:00 GMT+0530 (India Standard Time)","7625.00","7627.75","7609.00","7622.95"
"Fri Sep 06 2024 13:40:00 GMT+0530 (India Standard Time)","7622.95","7623.00","7611.50","7618.00"
"Fri Sep 06 2024 13:45:00 GMT+0530 (India Standard Time)","7618.00","7625.00","7616.60","7620.00"
"Fri Sep 06 2024 13:50:00 GMT+0530 (India Standard Time)","7623.85","7625.00","7620.00","7624.50"
"Fri Sep 06 2024 13:55:00 GMT+0530 (India Standard Time)","7624.50","7624.90","7616.00","7620.00"
"Fri Sep 06 2024 14:00:00 GMT+0530 (India Standard Time)","7620.35","7623.85","7615.20","7622.00"
"Fri Sep 06 2024 14:05:00 GMT+0530 (India Standard Time)","7622.00","7622.00","7616.20","7620.00"
"Fri Sep 06 2024 14:10:00 GMT+0530 (India Standard Time)","7616.40","7624.90","7612.95","7622.00"
"Fri Sep 06 2024 14:15:00 GMT+0530 (India Standard Time)","7622.00","7625.00","7616.00","7617.40"
"Fri Sep 06 2024 14:20:00 GMT+0530 (India Standard Time)","7617.40","7617.40","7606.15","7613.75"
"Fri Sep 06 2024 14:25:00 GMT+0530 (India Standard Time)","7610.85","7618.80","7610.85","7616.70"
"Fri Sep 06 2024 14:30:00 GMT+0530 (India Standard Time)","7616.95","7618.80","7610.00","7612.00"
"Fri Sep 06 2024 14:35:00 GMT+0530 (India Standard Time)","7612.00","7623.85","7612.00","7618.50"
"Fri Sep 06 2024 14:40:00 GMT+0530 (India Standard Time)","7618.50","7622.00","7608.00","7618.80"
"Fri Sep 06 2024 14:45:00 GMT+0530 (India Standard Time)","7618.80","7618.80","7590.00","7590.00"
"Fri Sep 06 2024 14:50:00 GMT+0530 (India Standard Time)","7593.00","7599.95","7583.00","7586.00"
"Fri Sep 06 2024 14:55:00 GMT+0530 (India Standard Time)","7586.00","7590.50","7581.00","7585.10"
"Fri Sep 06 2024 15:00:00 GMT+0530 (India Standard Time)","7582.00","7606.05","7582.00","7595.00"
"Fri Sep 06 2024 15:05:00 GMT+0530 (India Standard Time)","7594.90","7600.00","7590.00","7598.10"
"Fri Sep 06 2024 15:10:00 GMT+0530 (India Standard Time)","7598.00","7600.00","7595.00","7599.00"
"Fri Sep 06 2024 15:15:00 GMT+0530 (India Standard Time)","7597.55","7599.00","7581.00","7585.55"
"Fri Sep 06 2024 15:20:00 GMT+0530 (India Standard Time)","7585.05","7600.00","7585.00","7599.85"
"Fri Sep 06 2024 15:25:00 GMT+0530 (India Standard Time)","7599.00","7599.30","7567.10","7580.00"
"Mon Sep 09 2024 09:15:00 GMT+0530 (India Standard Time)","7590.00","7615.00","7522.50","7533.25"
"Mon Sep 09 2024 09:20:00 GMT+0530 (India Standard Time)","7533.25","7554.95","7515.00","7525.25"
"Mon Sep 09 2024 09:25:00 GMT+0530 (India Standard Time)","7530.10","7536.45","7510.00","7512.00"
"Mon Sep 09 2024 09:30:00 GMT+0530 (India Standard Time)","7515.80","7519.70","7490.00","7498.35"
"Mon Sep 09 2024 09:35:00 GMT+0530 (India Standard Time)","7498.10","7548.70","7495.00","7548.70"
"Mon Sep 09 2024 09:40:00 GMT+0530 (India Standard Time)","7549.00","7579.85","7535.25","7538.35"
"Mon Sep 09 2024 09:45:00 GMT+0530 (India Standard Time)","7542.50","7565.60","7540.15","7559.40"
"Mon Sep 09 2024 09:50:00 GMT+0530 (India Standard Time)","7559.40","7562.30","7550.00","7554.15"
"Mon Sep 09 2024 09:55:00 GMT+0530 (India Standard Time)","7555.00","7568.00","7550.00","7550.35"
"Mon Sep 09 2024 10:00:00 GMT+0530 (India Standard Time)","7556.25","7558.00","7543.50","7556.70"
"Mon Sep 09 2024 10:05:00 GMT+0530 (India Standard Time)","7559.10","7559.10","7535.20","7535.20"
"Mon Sep 09 2024 10:10:00 GMT+0530 (India Standard Time)","7535.20","7557.80","7535.20","7550.95"
"Mon Sep 09 2024 10:15:00 GMT+0530 (India Standard Time)","7546.10","7551.00","7539.55","7540.00"
"Mon Sep 09 2024 10:20:00 GMT+0530 (India Standard Time)","7540.00","7540.20","7519.00","7533.65"
"Mon Sep 09 2024 10:25:00 GMT+0530 (India Standard Time)","7533.65","7534.00","7525.10","7532.95"
"Mon Sep 09 2024 10:30:00 GMT+0530 (India Standard Time)","7533.00","7538.80","7530.00","7534.95"
"Mon Sep 09 2024 10:35:00 GMT+0530 (India Standard Time)","7530.00","7537.95","7524.00","7530.00"
"Mon Sep 09 2024 10:40:00 GMT+0530 (India Standard Time)","7530.00","7559.85","7525.15","7557.15"
"Mon Sep 09 2024 10:45:00 GMT+0530 (India Standard Time)","7558.25","7559.00","7547.05","7551.15"
"Mon Sep 09 2024 10:50:00 GMT+0530 (India Standard Time)","7551.15","7552.65","7532.50","7537.40"
"Mon Sep 09 2024 10:55:00 GMT+0530 (India Standard Time)","7537.60","7541.85","7532.20","7536.75"
"Mon Sep 09 2024 11:00:00 GMT+0530 (India Standard Time)","7536.75","7543.00","7532.15","7532.50"
"Mon Sep 09 2024 11:05:00 GMT+0530 (India Standard Time)","7532.50","7544.75","7532.50","7540.00"
"Mon Sep 09 2024 11:10:00 GMT+0530 (India Standard Time)","7540.00","7546.15","7538.00","7540.35"
"Mon Sep 09 2024 11:15:00 GMT+0530 (India Standard Time)","7540.35","7545.10","7525.00","7525.90"
"Mon Sep 09 2024 11:20:00 GMT+0530 (India Standard Time)","7525.90","7530.75","7525.00","7526.10"
"Mon Sep 09 2024 11:25:00 GMT+0530 (India Standard Time)","7526.10","7534.35","7525.00","7526.30"
"Mon Sep 09 2024 11:30:00 GMT+0530 (India Standard Time)","7529.00","7529.00","7525.00","7525.00"
"Mon Sep 09 2024 11:35:00 GMT+0530 (India Standard Time)","7525.00","7529.00","7515.55","7515.95"
"Mon Sep 09 2024 11:40:00 GMT+0530 (India Standard Time)","7517.10","7546.00","7517.10","7535.40"
"Mon Sep 09 2024 11:45:00 GMT+0530 (India Standard Time)","7535.40","7546.00","7534.45","7535.00"
"Mon Sep 09 2024 11:50:00 GMT+0530 (India Standard Time)","7535.00","7538.00","7528.35","7531.00"
"Mon Sep 09 2024 11:55:00 GMT+0530 (India Standard Time)","7531.00","7539.90","7524.40","7529.95"
"Mon Sep 09 2024 12:00:00 GMT+0530 (India Standard Time)","7529.95","7540.00","7526.30","7527.60"
"Mon Sep 09 2024 12:05:00 GMT+0530 (India Standard Time)","7527.60","7530.20","7524.30","7526.25"
"Mon Sep 09 2024 12:10:00 GMT+0530 (India Standard Time)","7529.35","7529.35","7520.00","7521.95"
"Mon Sep 09 2024 12:15:00 GMT+0530 (India Standard Time)","7520.00","7521.85","7511.15","7518.00"
"Mon Sep 09 2024 12:20:00 GMT+0530 (India Standard Time)","7518.50","7529.15","7510.00","7513.40"
"Mon Sep 09 2024 12:25:00 GMT+0530 (India Standard Time)","7513.40","7521.75","7511.00","7511.20"
"Mon Sep 09 2024 12:30:00 GMT+0530 (India Standard Time)","7511.00","7518.60","7511.00","7513.45"
"Mon Sep 09 2024 12:35:00 GMT+0530 (India Standard Time)","7513.50","7519.00","7513.00","7513.20"
"Mon Sep 09 2024 12:40:00 GMT+0530 (India Standard Time)","7513.20","7519.00","7513.20","7513.50"
"Mon Sep 09 2024 12:45:00 GMT+0530 (India Standard Time)","7516.95","7538.00","7513.00","7529.70"
"Mon Sep 09 2024 12:50:00 GMT+0530 (India Standard Time)","7529.70","7535.00","7522.70","7530.95"
"Mon Sep 09 2024 12:55:00 GMT+0530 (India Standard Time)","7530.90","7538.75","7528.70","7535.00"
"Mon Sep 09 2024 13:00:00 GMT+0530 (India Standard Time)","7537.40","7537.60","7532.00","7532.10"
"Mon Sep 09 2024 13:05:00 GMT+0530 (India Standard Time)","7532.10","7565.00","7532.10","7548.30"
"Mon Sep 09 2024 13:10:00 GMT+0530 (India Standard Time)","7546.00","7548.75","7539.00","7545.00"
"Mon Sep 09 2024 13:15:00 GMT+0530 (India Standard Time)","7545.00","7547.95","7541.00","7542.00"
"Mon Sep 09 2024 13:20:00 GMT+0530 (India Standard Time)","7541.40","7548.00","7540.00","7547.00"
"Mon Sep 09 2024 13:25:00 GMT+0530 (India Standard Time)","7547.00","7572.00","7540.10","7566.35"
"Mon Sep 09 2024 13:30:00 GMT+0530 (India Standard Time)","7570.90","7596.00","7565.50","7594.00"
"Mon Sep 09 2024 13:35:00 GMT+0530 (India Standard Time)","7594.00","7734.65","7590.30","7730.00"
"Mon Sep 09 2024 13:40:00 GMT+0530 (India Standard Time)","7717.90","7875.00","7700.60","7834.85"
"Mon Sep 09 2024 13:45:00 GMT+0530 (India Standard Time)","7835.20","7874.95","7767.00","7865.00"
"Mon Sep 09 2024 13:50:00 GMT+0530 (India Standard Time)","7866.00","7930.00","7856.90","7887.65"
"Mon Sep 09 2024 13:55:00 GMT+0530 (India Standard Time)","7887.65","7922.00","7848.35","7875.00"
"Mon Sep 09 2024 14:00:00 GMT+0530 (India Standard Time)","7875.00","7949.00","7863.60","7930.70"
"Mon Sep 09 2024 14:05:00 GMT+0530 (India Standard Time)","7930.40","7940.00","7868.95","7884.00"
"Mon Sep 09 2024 14:10:00 GMT+0530 (India Standard Time)","7883.95","7888.95","7848.00","7852.60"
"Mon Sep 09 2024 14:15:00 GMT+0530 (India Standard Time)","7848.00","7888.60","7808.35","7880.00"
"Mon Sep 09 2024 14:20:00 GMT+0530 (India Standard Time)","7880.00","7980.00","7876.10","7948.00"
"Mon Sep 09 2024 14:25:00 GMT+0530 (India Standard Time)","7950.00","7965.00","7890.10","7901.80"
"Mon Sep 09 2024 14:30:00 GMT+0530 (India Standard Time)","7900.00","7919.90","7870.00","7900.90"
"Mon Sep 09 2024 14:35:00 GMT+0530 (India Standard Time)","7898.85","7937.85","7896.00","7920.30"
"Mon Sep 09 2024 14:40:00 GMT+0530 (India Standard Time)","7921.00","7929.00","7890.00","7923.90"
"Mon Sep 09 2024 14:45:00 GMT+0530 (India Standard Time)","7924.65","7924.65","7890.00","7901.00"
"Mon Sep 09 2024 14:50:00 GMT+0530 (India Standard Time)","7901.00","7937.40","7892.00","7933.55"
"Mon Sep 09 2024 14:55:00 GMT+0530 (India Standard Time)","7939.80","7955.05","7890.05","7894.05"
"Mon Sep 09 2024 15:00:00 GMT+0530 (India Standard Time)","7897.05","7900.00","7870.00","7884.95"
"Mon Sep 09 2024 15:05:00 GMT+0530 (India Standard Time)","7885.55","7886.95","7800.00","7807.45"
"Mon Sep 09 2024 15:10:00 GMT+0530 (India Standard Time)","7807.00","7869.60","7807.00","7819.00"
"Mon Sep 09 2024 15:15:00 GMT+0530 (India Standard Time)","7819.50","7839.75","7801.30","7825.00"
"Mon Sep 09 2024 15:20:00 GMT+0530 (India Standard Time)","7823.30","7835.00","7812.75","7826.65"
"Mon Sep 09 2024 15:25:00 GMT+0530 (India Standard Time)","7826.65","7839.50","7813.80","7822.00"
"Tue Sep 10 2024 09:15:00 GMT+0530 (India Standard Time)","7879.95","7924.60","7845.45","7924.60"
"Tue Sep 10 2024 09:20:00 GMT+0530 (India Standard Time)","7919.25","7938.70","7902.25","7921.90"
"Tue Sep 10 2024 09:25:00 GMT+0530 (India Standard Time)","7925.15","7947.00","7915.00","7941.30"
"Tue Sep 10 2024 09:30:00 GMT+0530 (India Standard Time)","7944.95","7945.00","7882.90","7914.00"
"Tue Sep 10 2024 09:35:00 GMT+0530 (India Standard Time)","7912.25","7919.90","7887.60","7890.00"
"Tue Sep 10 2024 09:40:00 GMT+0530 (India Standard Time)","7890.00","7903.10","7870.80","7893.95"
"Tue Sep 10 2024 09:45:00 GMT+0530 (India Standard Time)","7894.00","7920.00","7892.00","7910.00"
"Tue Sep 10 2024 09:50:00 GMT+0530 (India Standard Time)","7910.90","7919.00","7900.05","7908.00"
"Tue Sep 10 2024 09:55:00 GMT+0530 (India Standard Time)","7908.00","7913.95","7896.05","7900.05"
"Tue Sep 10 2024 10:00:00 GMT+0530 (India Standard Time)","7900.00","7904.65","7883.00","7900.00"
"Tue Sep 10 2024 10:05:00 GMT+0530 (India Standard Time)","7900.00","7908.95","7875.55","7895.00"
"Tue Sep 10 2024 10:10:00 GMT+0530 (India Standard Time)","7895.00","7979.00","7891.05","7969.25"
"Tue Sep 10 2024 10:15:00 GMT+0530 (India Standard Time)","7975.00","7977.05","7925.85","7960.00"
"Tue Sep 10 2024 10:20:00 GMT+0530 (India Standard Time)","7960.00","7960.00","7910.25","7938.90"
"Tue Sep 10 2024 10:25:00 GMT+0530 (India Standard Time)","7938.90","7959.90","7936.30","7957.00"
"Tue Sep 10 2024 10:30:00 GMT+0530 (India Standard Time)","7957.00","7975.00","7950.35","7955.20"
"Tue Sep 10 2024 10:35:00 GMT+0530 (India Standard Time)","7955.20","7959.00","7945.30","7950.00"
"Tue Sep 10 2024 10:40:00 GMT+0530 (India Standard Time)","7950.00","8024.00","7942.15","7992.30"
"Tue Sep 10 2024 10:45:00 GMT+0530 (India Standard Time)","7995.00","8018.35","7980.00","8014.85"
"Tue Sep 10 2024 10:50:00 GMT+0530 (India Standard Time)","8014.85","8014.85","7985.00","7990.95"
"Tue Sep 10 2024 10:55:00 GMT+0530 (India Standard Time)","7986.60","7995.55","7970.00","7984.00"
"Tue Sep 10 2024 11:00:00 GMT+0530 (India Standard Time)","7984.00","7984.00","7960.00","7967.85"
"Tue Sep 10 2024 11:05:00 GMT+0530 (India Standard Time)","7967.85","7975.10","7961.80","7965.40"
"Tue Sep 10 2024 11:10:00 GMT+0530 (India Standard Time)","7964.10","7995.15","7960.00","7981.95"
"Tue Sep 10 2024 11:15:00 GMT+0530 (India Standard Time)","7981.95","7984.00","7960.00","7965.00"
"Tue Sep 10 2024 11:20:00 GMT+0530 (India Standard Time)","7965.00","7969.30","7951.30","7958.40"
"Tue Sep 10 2024 11:25:00 GMT+0530 (India Standard Time)","7958.50","7966.85","7958.50","7963.25"
"Tue Sep 10 2024 11:30:00 GMT+0530 (India Standard Time)","7966.00","7982.75","7963.50","7973.00"
"Tue Sep 10 2024 11:35:00 GMT+0530 (India Standard Time)","7973.00","7978.00","7961.00","7977.05"
"Tue Sep 10 2024 11:40:00 GMT+0530 (India Standard Time)","7977.05","7987.95","7973.65","7975.95"
"Tue Sep 10 2024 11:45:00 GMT+0530 (India Standard Time)","7975.95","7985.95","7970.65","7974.00"
"Tue Sep 10 2024 11:50:00 GMT+0530 (India Standard Time)","7974.00","7974.10","7963.00","7965.15"
"Tue Sep 10 2024 11:55:00 GMT+0530 (India Standard Time)","7965.15","7966.95","7958.05","7958.85"
"Tue Sep 10 2024 12:00:00 GMT+0530 (India Standard Time)","7958.85","7963.40","7932.60","7938.70"
"Tue Sep 10 2024 12:05:00 GMT+0530 (India Standard Time)","7938.70","7955.00","7938.70","7948.80"
"Tue Sep 10 2024 12:10:00 GMT+0530 (India Standard Time)","7948.80","7959.55","7938.70","7941.50"
"Tue Sep 10 2024 12:15:00 GMT+0530 (India Standard Time)","7941.50","7945.00","7938.70","7945.00"
"Tue Sep 10 2024 12:20:00 GMT+0530 (India Standard Time)","7945.00","7946.80","7922.35","7922.35"
"Tue Sep 10 2024 12:25:00 GMT+0530 (India Standard Time)","7922.35","7926.95","7920.00","7922.50"
"Tue Sep 10 2024 12:30:00 GMT+0530 (India Standard Time)","7924.80","7936.00","7921.85","7936.00"
"Tue Sep 10 2024 12:35:00 GMT+0530 (India Standard Time)","7934.85","7938.20","7925.80","7937.85"
"Tue Sep 10 2024 12:40:00 GMT+0530 (India Standard Time)","7937.85","7942.25","7931.05","7935.00"
"Tue Sep 10 2024 12:45:00 GMT+0530 (India Standard Time)","7935.00","7937.05","7925.00","7929.05"
"Tue Sep 10 2024 12:50:00 GMT+0530 (India Standard Time)","7929.10","7944.65","7928.70","7944.50"
"Tue Sep 10 2024 12:55:00 GMT+0530 (India Standard Time)","7944.50","7950.80","7940.55","7944.00"
"Tue Sep 10 2024 13:00:00 GMT+0530 (India Standard Time)","7942.00","7953.90","7942.00","7946.00"
"Tue Sep 10 2024 13:05:00 GMT+0530 (India Standard Time)","7949.35","7949.35","7942.00","7946.50"
"Tue Sep 10 2024 13:10:00 GMT+0530 (India Standard Time)","7946.50","7954.50","7946.50","7949.00"
"Tue Sep 10 2024 13:15:00 GMT+0530 (India Standard Time)","7949.00","7949.00","7922.55","7929.85"
"Tue Sep 10 2024 13:20:00 GMT+0530 (India Standard Time)","7929.85","7930.00","7921.05","7927.00"
"Tue Sep 10 2024 13:25:00 GMT+0530 (India Standard Time)","7927.00","7947.45","7926.00","7936.00"
"Tue Sep 10 2024 13:30:00 GMT+0530 (India Standard Time)","7936.65","7939.95","7930.00","7930.05"
"Tue Sep 10 2024 13:35:00 GMT+0530 (India Standard Time)","7933.00","7933.00","7921.85","7926.00"
"Tue Sep 10 2024 13:40:00 GMT+0530 (India Standard Time)","7923.25","7930.00","7920.35","7923.80"
"Tue Sep 10 2024 13:45:00 GMT+0530 (India Standard Time)","7921.30","7930.00","7905.00","7908.00"
"Tue Sep 10 2024 13:50:00 GMT+0530 (India Standard Time)","7912.10","7912.10","7885.00","7891.05"
"Tue Sep 10 2024 13:55:00 GMT+0530 (India Standard Time)","7891.05","7900.00","7880.00","7885.50"
"Tue Sep 10 2024 14:00:00 GMT+0530 (India Standard Time)","7885.50","7905.00","7880.00","7896.30"
"Tue Sep 10 2024 14:05:00 GMT+0530 (India Standard Time)","7896.30","7898.00","7890.00","7891.00"
"Tue Sep 10 2024 14:10:00 GMT+0530 (India Standard Time)","7891.00","7903.80","7891.00","7894.30"
"Tue Sep 10 2024 14:15:00 GMT+0530 (India Standard Time)","7896.15","7897.25","7880.00","7893.20"
"Tue Sep 10 2024 14:20:00 GMT+0530 (India Standard Time)","7893.10","7895.30","7871.00","7878.00"
"Tue Sep 10 2024 14:25:00 GMT+0530 (India Standard Time)","7878.00","7884.60","7871.00","7877.00"
"Tue Sep 10 2024 14:30:00 GMT+0530 (India Standard Time)","7880.35","7883.00","7874.00","7874.50"
"Tue Sep 10 2024 14:35:00 GMT+0530 (India Standard Time)","7874.50","7875.00","7852.30","7857.60"
"Tue Sep 10 2024 14:40:00 GMT+0530 (India Standard Time)","7857.60","7877.00","7850.10","7871.00"
"Tue Sep 10 2024 14:45:00 GMT+0530 (India Standard Time)","7871.00","7871.05","7850.10","7860.60"
"Tue Sep 10 2024 14:50:00 GMT+0530 (India Standard Time)","7860.60","7870.00","7856.10","7869.80"
"Tue Sep 10 2024 14:55:00 GMT+0530 (India Standard Time)","7869.80","7900.55","7862.45","7899.35"
"Tue Sep 10 2024 15:00:00 GMT+0530 (India Standard Time)","7899.45","7904.80","7850.00","7858.70"
"Tue Sep 10 2024 15:05:00 GMT+0530 (India Standard Time)","7858.70","7859.45","7846.05","7853.15"
"Tue Sep 10 2024 15:10:00 GMT+0530 (India Standard Time)","7853.15","7859.00","7849.00","7851.25"
"Tue Sep 10 2024 15:15:00 GMT+0530 (India Standard Time)","7851.05","7856.85","7830.90","7853.25"
"Tue Sep 10 2024 15:20:00 GMT+0530 (India Standard Time)","7856.60","7856.60","7833.50","7841.00"
"Tue Sep 10 2024 15:25:00 GMT+0530 (India Standard Time)","7841.00","7848.00","7840.05","7843.00"
"Wed Sep 11 2024 09:15:00 GMT+0530 (India Standard Time)","7880.00","7881.55","7808.00","7825.80"
"Wed Sep 11 2024 09:20:00 GMT+0530 (India Standard Time)","7819.95","7825.95","7792.25","7803.00"
"Wed Sep 11 2024 09:25:00 GMT+0530 (India Standard Time)","7803.00","7804.05","7771.05","7786.30"
"Wed Sep 11 2024 09:30:00 GMT+0530 (India Standard Time)","7790.70","7795.10","7772.50","7777.65"
"Wed Sep 11 2024 09:35:00 GMT+0530 (India Standard Time)","7778.30","7786.05","7761.00","7772.30"
"Wed Sep 11 2024 09:40:00 GMT+0530 (India Standard Time)","7772.30","7808.95","7772.30","7801.30"
"Wed Sep 11 2024 09:45:00 GMT+0530 (India Standard Time)","7801.30","7810.00","7791.00","7794.50"
"Wed Sep 11 2024 09:50:00 GMT+0530 (India Standard Time)","7790.05","7790.05","7775.55","7780.60"
"Wed Sep 11 2024 09:55:00 GMT+0530 (India Standard Time)","7776.35","7794.15","7770.00","7784.00"
"Wed Sep 11 2024 10:00:00 GMT+0530 (India Standard Time)","7784.00","7789.80","7775.00","7783.00"
"Wed Sep 11 2024 10:05:00 GMT+0530 (India Standard Time)","7783.15","7792.45","7775.95","7782.00"
"Wed Sep 11 2024 10:10:00 GMT+0530 (India Standard Time)","7780.00","7786.50","7775.95","7785.40"
"Wed Sep 11 2024 10:15:00 GMT+0530 (India Standard Time)","7782.30","7793.00","7781.00","7785.60"
"Wed Sep 11 2024 10:20:00 GMT+0530 (India Standard Time)","7783.15","7788.45","7781.00","7785.70"
"Wed Sep 11 2024 10:25:00 GMT+0530 (India Standard Time)","7785.70","7785.70","7775.95","7779.70"
"Wed Sep 11 2024 10:30:00 GMT+0530 (India Standard Time)","7779.70","7783.85","7775.00","7778.50"
"Wed Sep 11 2024 10:35:00 GMT+0530 (India Standard Time)","7775.05","7778.15","7772.00","7772.05"
"Wed Sep 11 2024 10:40:00 GMT+0530 (India Standard Time)","7772.05","7784.25","7772.05","7778.35"
"Wed Sep 11 2024 10:45:00 GMT+0530 (India Standard Time)","7782.50","7796.00","7778.30","7790.15"
"Wed Sep 11 2024 10:50:00 GMT+0530 (India Standard Time)","7790.15","7802.35","7790.15","7795.00"
"Wed Sep 11 2024 10:55:00 GMT+0530 (India Standard Time)","7795.00","7795.05","7787.00","7789.05"
"Wed Sep 11 2024 11:00:00 GMT+0530 (India Standard Time)","7789.05","7794.20","7785.00","7793.00"
"Wed Sep 11 2024 11:05:00 GMT+0530 (India Standard Time)","7793.00","7815.00","7793.00","7806.05"
"Wed Sep 11 2024 11:10:00 GMT+0530 (India Standard Time)","7809.00","7809.00","7790.10","7802.60"
"Wed Sep 11 2024 11:15:00 GMT+0530 (India Standard Time)","7802.60","7805.40","7796.00","7800.00"
"Wed Sep 11 2024 11:20:00 GMT+0530 (India Standard Time)","7800.00","7800.00","7790.50","7794.00"
"Wed Sep 11 2024 11:25:00 GMT+0530 (India Standard Time)","7794.00","7799.50","7790.70","7794.30"
"Wed Sep 11 2024 11:30:00 GMT+0530 (India Standard Time)","7794.30","7800.00","7794.25","7799.00"
"Wed Sep 11 2024 11:35:00 GMT+0530 (India Standard Time)","7799.00","7799.05","7783.00","7791.00"
"Wed Sep 11 2024 11:40:00 GMT+0530 (India Standard Time)","7791.00","7793.00","7785.60","7790.00"
"Wed Sep 11 2024 11:45:00 GMT+0530 (India Standard Time)","7790.00","7798.95","7785.00","7792.00"
"Wed Sep 11 2024 11:50:00 GMT+0530 (India Standard Time)","7792.00","7797.15","7788.00","7797.15"
"Wed Sep 11 2024 11:55:00 GMT+0530 (India Standard Time)","7798.60","7799.00","7780.50","7784.65"
"Wed Sep 11 2024 12:00:00 GMT+0530 (India Standard Time)","7784.65","7784.95","7778.30","7780.90"
"Wed Sep 11 2024 12:05:00 GMT+0530 (India Standard Time)","7784.95","7789.75","7781.15","7784.90"
"Wed Sep 11 2024 12:10:00 GMT+0530 (India Standard Time)","7784.90","7789.20","7781.30","7786.95"
"Wed Sep 11 2024 12:15:00 GMT+0530 (India Standard Time)","7786.95","7787.95","7782.05","7786.60"
"Wed Sep 11 2024 12:20:00 GMT+0530 (India Standard Time)","7786.60","7787.10","7782.05","7785.95"
"Wed Sep 11 2024 12:25:00 GMT+0530 (India Standard Time)","7785.55","7786.00","7780.00","7784.00"
"Wed Sep 11 2024 12:30:00 GMT+0530 (India Standard Time)","7784.00","7786.45","7778.30","7781.45"
"Wed Sep 11 2024 12:35:00 GMT+0530 (India Standard Time)","7781.45","7785.90","7778.30","7785.90"
"Wed Sep 11 2024 12:40:00 GMT+0530 (India Standard Time)","7784.05","7788.75","7783.40","7783.50"
"Wed Sep 11 2024 12:45:00 GMT+0530 (India Standard Time)","7783.50","7789.00","7783.45","7786.05"
"Wed Sep 11 2024 12:50:00 GMT+0530 (India Standard Time)","7786.05","7786.05","7780.00","7781.00"
"Wed Sep 11 2024 12:55:00 GMT+0530 (India Standard Time)","7781.00","7781.00","7779.10","7781.00"
"Wed Sep 11 2024 13:00:00 GMT+0530 (India Standard Time)","7781.00","7788.00","7780.15","7781.65"
"Wed Sep 11 2024 13:05:00 GMT+0530 (India Standard Time)","7781.65","7786.65","7780.00","7780.05"
"Wed Sep 11 2024 13:10:00 GMT+0530 (India Standard Time)","7780.05","7789.90","7780.00","7783.05"
"Wed Sep 11 2024 13:15:00 GMT+0530 (India Standard Time)","7783.05","7790.00","7783.05","7783.10"
"Wed Sep 11 2024 13:20:00 GMT+0530 (India Standard Time)","7788.05","7789.00","7783.00","7783.45"
"Wed Sep 11 2024 13:25:00 GMT+0530 (India Standard Time)","7783.45","7784.90","7781.10","7782.05"
"Wed Sep 11 2024 13:30:00 GMT+0530 (India Standard Time)","7782.05","7784.00","7772.00","7773.00"
"Wed Sep 11 2024 13:35:00 GMT+0530 (India Standard Time)","7773.05","7777.00","7772.00","7774.15"
"Wed Sep 11 2024 13:40:00 GMT+0530 (India Standard Time)","7774.15","7777.20","7768.00","7769.50"
"Wed Sep 11 2024 13:45:00 GMT+0530 (India Standard Time)","7769.50","7775.60","7765.00","7772.40"
"Wed Sep 11 2024 13:50:00 GMT+0530 (India Standard Time)","7772.40","7779.45","7770.80","7778.00"
"Wed Sep 11 2024 13:55:00 GMT+0530 (India Standard Time)","7775.00","7778.00","7771.10","7772.15"
"Wed Sep 11 2024 14:00:00 GMT+0530 (India Standard Time)","7775.20","7776.40","7765.05","7769.05"
"Wed Sep 11 2024 14:05:00 GMT+0530 (India Standard Time)","7769.00","7769.00","7754.70","7761.05"
"Wed Sep 11 2024 14:10:00 GMT+0530 (India Standard Time)","7761.05","7764.80","7751.00","7751.00"
"Wed Sep 11 2024 14:15:00 GMT+0530 (India Standard Time)","7751.00","7764.00","7750.00","7760.95"
"Wed Sep 11 2024 14:20:00 GMT+0530 (India Standard Time)","7760.95","7764.00","7755.00","7756.65"
"Wed Sep 11 2024 14:25:00 GMT+0530 (India Standard Time)","7756.65","7764.95","7755.25","7757.00"
"Wed Sep 11 2024 14:30:00 GMT+0530 (India Standard Time)","7752.40","7765.00","7752.25","7757.85"
"Wed Sep 11 2024 14:35:00 GMT+0530 (India Standard Time)","7757.85","7757.85","7753.00","7754.80"
"Wed Sep 11 2024 14:40:00 GMT+0530 (India Standard Time)","7754.85","7757.95","7753.00","7753.10"
"Wed Sep 11 2024 14:45:00 GMT+0530 (India Standard Time)","7753.10","7764.40","7750.00","7764.40"
"Wed Sep 11 2024 14:50:00 GMT+0530 (India Standard Time)","7764.40","7764.40","7752.90","7753.00"
"Wed Sep 11 2024 14:55:00 GMT+0530 (India Standard Time)","7753.00","7757.55","7750.00","7750.00"
"Wed Sep 11 2024 15:00:00 GMT+0530 (India Standard Time)","7750.00","7752.00","7703.00","7704.95"
"Wed Sep 11 2024 15:05:00 GMT+0530 (India Standard Time)","7703.00","7745.00","7700.00","7745.00"
"Wed Sep 11 2024 15:10:00 GMT+0530 (India Standard Time)","7745.00","7745.00","7711.00","7715.00"
"Wed Sep 11 2024 15:15:00 GMT+0530 (India Standard Time)","7715.00","7729.95","7700.20","7724.70"
"Wed Sep 11 2024 15:20:00 GMT+0530 (India Standard Time)","7722.55","7729.50","7706.00","7712.90"
"Wed Sep 11 2024 15:25:00 GMT+0530 (India Standard Time)","7712.90","7729.50","7706.00","7718.00"
"Thu Sep 12 2024 09:15:00 GMT+0530 (India Standard Time)","7757.40","7794.30","7752.00","7759.75"
"Thu Sep 12 2024 09:20:00 GMT+0530 (India Standard Time)","7764.40","7846.10","7762.20","7823.20"
"Thu Sep 12 2024 09:25:00 GMT+0530 (India Standard Time)","7823.20","7870.00","7815.05","7821.00"
"Thu Sep 12 2024 09:30:00 GMT+0530 (India Standard Time)","7821.00","7826.35","7797.50","7798.00"
"Thu Sep 12 2024 09:35:00 GMT+0530 (India Standard Time)","7803.00","7811.90","7777.05","7780.00"
"Thu Sep 12 2024 09:40:00 GMT+0530 (India Standard Time)","7783.50","7807.90","7772.30","7804.90"
"Thu Sep 12 2024 09:45:00 GMT+0530 (India Standard Time)","7804.90","7832.00","7795.95","7802.75"
"Thu Sep 12 2024 09:50:00 GMT+0530 (India Standard Time)","7808.00","7809.40","7782.95","7789.00"
"Thu Sep 12 2024 09:55:00 GMT+0530 (India Standard Time)","7789.00","7795.10","7781.80","7786.60"
"Thu Sep 12 2024 10:00:00 GMT+0530 (India Standard Time)","7781.95","7787.35","7777.00","7780.35"
"Thu Sep 12 2024 10:05:00 GMT+0530 (India Standard Time)","7784.60","7797.00","7782.05","7786.00"
"Thu Sep 12 2024 10:10:00 GMT+0530 (India Standard Time)","7786.00","7789.95","7777.00","7782.90"
"Thu Sep 12 2024 10:15:00 GMT+0530 (India Standard Time)","7782.90","7786.20","7778.60","7782.00"
"Thu Sep 12 2024 10:20:00 GMT+0530 (India Standard Time)","7782.00","7784.90","7775.00","7777.00"
"Thu Sep 12 2024 10:25:00 GMT+0530 (India Standard Time)","7777.00","7784.95","7775.00","7781.95"
"Thu Sep 12 2024 10:30:00 GMT+0530 (India Standard Time)","7781.95","7782.00","7758.00","7775.45"
"Thu Sep 12 2024 10:35:00 GMT+0530 (India Standard Time)","7775.50","7779.50","7766.10","7768.15"
"Thu Sep 12 2024 10:40:00 GMT+0530 (India Standard Time)","7768.15","7773.35","7760.00","7767.45"
"Thu Sep 12 2024 10:45:00 GMT+0530 (India Standard Time)","7767.45","7777.00","7763.95","7775.00"
"Thu Sep 12 2024 10:50:00 GMT+0530 (India Standard Time)","7775.00","7799.45","7775.00","7785.00"
"Thu Sep 12 2024 10:55:00 GMT+0530 (India Standard Time)","7785.00","7786.55","7779.00","7780.30"
"Thu Sep 12 2024 11:00:00 GMT+0530 (India Standard Time)","7780.30","7780.30","7775.05","7775.15"
"Thu Sep 12 2024 11:05:00 GMT+0530 (India Standard Time)","7775.15","7780.00","7767.95","7771.00"
"Thu Sep 12 2024 11:10:00 GMT+0530 (India Standard Time)","7771.00","7781.05","7763.25","7781.05"
"Thu Sep 12 2024 11:15:00 GMT+0530 (India Standard Time)","7781.05","7788.95","7777.50","7784.00"
"Thu Sep 12 2024 11:20:00 GMT+0530 (India Standard Time)","7783.95","7790.00","7783.95","7790.00"
"Thu Sep 12 2024 11:25:00 GMT+0530 (India Standard Time)","7787.30","7796.00","7771.70","7775.00"
"Thu Sep 12 2024 11:30:00 GMT+0530 (India Standard Time)","7774.95","7783.75","7768.80","7778.55"
"Thu Sep 12 2024 11:35:00 GMT+0530 (India Standard Time)","7780.00","7790.00","7778.45","7790.00"
"Thu Sep 12 2024 11:40:00 GMT+0530 (India Standard Time)","7790.00","7794.00","7782.90","7787.40"
"Thu Sep 12 2024 11:45:00 GMT+0530 (India Standard Time)","7792.00","7794.00","7781.25","7781.25"
"Thu Sep 12 2024 11:50:00 GMT+0530 (India Standard Time)","7781.25","7789.90","7779.15","7782.80"
"Thu Sep 12 2024 11:55:00 GMT+0530 (India Standard Time)","7787.00","7787.70","7778.10","7778.10"
"Thu Sep 12 2024 12:00:00 GMT+0530 (India Standard Time)","7778.10","7785.00","7777.00","7784.70"
"Thu Sep 12 2024 12:05:00 GMT+0530 (India Standard Time)","7784.70","7784.95","7777.05","7782.95"
"Thu Sep 12 2024 12:10:00 GMT+0530 (India Standard Time)","7782.95","7783.00","7777.00","7777.30"
"Thu Sep 12 2024 12:15:00 GMT+0530 (India Standard Time)","7781.80","7782.70","7775.00","7775.20"
"Thu Sep 12 2024 12:20:00 GMT+0530 (India Standard Time)","7775.20","7779.55","7763.25","7773.00"
"Thu Sep 12 2024 12:25:00 GMT+0530 (India Standard Time)","7773.00","7785.00","7768.00","7780.15"
"Thu Sep 12 2024 12:30:00 GMT+0530 (India Standard Time)","7780.15","7784.40","7778.25","7779.10"
"Thu Sep 12 2024 12:35:00 GMT+0530 (India Standard Time)","7779.10","7785.00","7778.25","7782.00"
"Thu Sep 12 2024 12:40:00 GMT+0530 (India Standard Time)","7782.00","7792.00","7782.00","7792.00"
"Thu Sep 12 2024 12:45:00 GMT+0530 (India Standard Time)","7792.00","7827.55","7789.65","7823.95"
"Thu Sep 12 2024 12:50:00 GMT+0530 (India Standard Time)","7820.95","7827.65","7812.00","7820.00"
"Thu Sep 12 2024 12:55:00 GMT+0530 (India Standard Time)","7820.00","7838.95","7812.50","7813.55"
"Thu Sep 12 2024 13:00:00 GMT+0530 (India Standard Time)","7813.55","7819.60","7807.70","7811.30"
"Thu Sep 12 2024 13:05:00 GMT+0530 (India Standard Time)","7811.30","7815.95","7810.00","7813.00"
"Thu Sep 12 2024 13:10:00 GMT+0530 (India Standard Time)","7813.00","7820.00","7810.10","7812.05"
"Thu Sep 12 2024 13:15:00 GMT+0530 (India Standard Time)","7812.05","7818.00","7802.45","7805.00"
"Thu Sep 12 2024 13:20:00 GMT+0530 (India Standard Time)","7805.00","7806.00","7789.85","7790.00"
"Thu Sep 12 2024 13:25:00 GMT+0530 (India Standard Time)","7792.80","7792.80","7785.50","7789.00"
"Thu Sep 12 2024 13:30:00 GMT+0530 (India Standard Time)","7789.00","7792.80","7784.25","7784.45"
"Thu Sep 12 2024 13:35:00 GMT+0530 (India Standard Time)","7784.45","7792.80","7783.05","7792.50"
"Thu Sep 12 2024 13:40:00 GMT+0530 (India Standard Time)","7792.50","7792.50","7786.15","7787.00"
"Thu Sep 12 2024 13:45:00 GMT+0530 (India Standard Time)","7787.00","7789.75","7774.25","7780.00"
"Thu Sep 12 2024 13:50:00 GMT+0530 (India Standard Time)","7780.00","7785.00","7777.65","7781.65"
"Thu Sep 12 2024 13:55:00 GMT+0530 (India Standard Time)","7781.65","7785.05","7776.00","7780.10"
"Thu Sep 12 2024 14:00:00 GMT+0530 (India Standard Time)","7779.90","7800.30","7779.15","7785.00"
"Thu Sep 12 2024 14:05:00 GMT+0530 (India Standard Time)","7785.00","7792.75","7784.05","7790.25"
"Thu Sep 12 2024 14:10:00 GMT+0530 (India Standard Time)","7789.85","7795.80","7785.55","7790.00"
"Thu Sep 12 2024 14:15:00 GMT+0530 (India Standard Time)","7790.00","7792.60","7780.00","7780.00"
"Thu Sep 12 2024 14:20:00 GMT+0530 (India Standard Time)","7780.00","7784.55","7772.80","7775.35"
"Thu Sep 12 2024 14:25:00 GMT+0530 (India Standard Time)","7775.35","7783.50","7766.00","7768.55"
"Thu Sep 12 2024 14:30:00 GMT+0530 (India Standard Time)","7768.05","7790.00","7768.05","7788.60"
"Thu Sep 12 2024 14:35:00 GMT+0530 (India Standard Time)","7788.60","7795.85","7784.50","7792.40"
"Thu Sep 12 2024 14:40:00 GMT+0530 (India Standard Time)","7792.40","7793.00","7788.05","7792.95"
"Thu Sep 12 2024 14:45:00 GMT+0530 (India Standard Time)","7792.95","7811.45","7788.65","7811.45"
"Thu Sep 12 2024 14:50:00 GMT+0530 (India Standard Time)","7814.00","7830.00","7810.80","7820.35"
"Thu Sep 12 2024 14:55:00 GMT+0530 (India Standard Time)","7820.35","7834.95","7816.00","7823.30"
"Thu Sep 12 2024 15:00:00 GMT+0530 (India Standard Time)","7823.10","7830.55","7777.00","7781.90"
"Thu Sep 12 2024 15:05:00 GMT+0530 (India Standard Time)","7781.75","7789.55","7770.00","7777.50"
"Thu Sep 12 2024 15:10:00 GMT+0530 (India Standard Time)","7774.85","7780.00","7770.00","7775.95"
"Thu Sep 12 2024 15:15:00 GMT+0530 (India Standard Time)","7776.00","7807.35","7775.95","7801.90"
"Thu Sep 12 2024 15:20:00 GMT+0530 (India Standard Time)","7800.00","7803.55","7786.00","7786.20"
"Thu Sep 12 2024 15:25:00 GMT+0530 (India Standard Time)","7786.20","7799.15","7784.00","7784.00"
"Fri Sep 13 2024 09:15:00 GMT+0530 (India Standard Time)","7825.00","7830.00","7790.00","7799.70"
"Fri Sep 13 2024 09:20:00 GMT+0530 (India Standard Time)","7799.70","7809.00","7782.00","7797.85"
"Fri Sep 13 2024 09:25:00 GMT+0530 (India Standard Time)","7797.85","7802.90","7782.10","7793.95"
"Fri Sep 13 2024 09:30:00 GMT+0530 (India Standard Time)","7793.95","7806.20","7762.00","7780.15"
"Fri Sep 13 2024 09:35:00 GMT+0530 (India Standard Time)","7780.15","7799.95","7779.95","7789.95"
"Fri Sep 13 2024 09:40:00 GMT+0530 (India Standard Time)","7789.95","7789.95","7783.05","7787.25"
"Fri Sep 13 2024 09:45:00 GMT+0530 (India Standard Time)","7787.65","7798.00","7772.75","7794.00"
"Fri Sep 13 2024 09:50:00 GMT+0530 (India Standard Time)","7794.00","7797.40","7786.15","7790.55"
"Fri Sep 13 2024 09:55:00 GMT+0530 (India Standard Time)","7793.50","7796.00","7787.55","7794.40"
"Fri Sep 13 2024 10:00:00 GMT+0530 (India Standard Time)","7794.40","7819.90","7791.15","7811.00"
"Fri Sep 13 2024 10:05:00 GMT+0530 (India Standard Time)","7811.00","7812.10","7802.05","7802.05"
"Fri Sep 13 2024 10:10:00 GMT+0530 (India Standard Time)","7804.70","7808.90","7785.00","7785.00"
"Fri Sep 13 2024 10:15:00 GMT+0530 (India Standard Time)","7785.00","7791.00","7772.50","7790.35"
"Fri Sep 13 2024 10:20:00 GMT+0530 (India Standard Time)","7790.35","7795.90","7786.40","7794.90"
"Fri Sep 13 2024 10:25:00 GMT+0530 (India Standard Time)","7794.90","7794.90","7790.00","7793.00"
"Fri Sep 13 2024 10:30:00 GMT+0530 (India Standard Time)","7793.00","7814.95","7793.00","7803.30"
"Fri Sep 13 2024 10:35:00 GMT+0530 (India Standard Time)","7799.75","7803.00","7795.15","7795.80"
"Fri Sep 13 2024 10:40:00 GMT+0530 (India Standard Time)","7795.80","7814.90","7795.80","7807.90"
"Fri Sep 13 2024 10:45:00 GMT+0530 (India Standard Time)","7807.90","7811.50","7804.70","7811.00"
"Fri Sep 13 2024 10:50:00 GMT+0530 (India Standard Time)","7810.95","7810.95","7797.45","7800.00"
"Fri Sep 13 2024 10:55:00 GMT+0530 (India Standard Time)","7800.00","7805.00","7782.50","7793.95"
"Fri Sep 13 2024 11:00:00 GMT+0530 (India Standard Time)","7788.65","7809.25","7788.65","7800.20"
"Fri Sep 13 2024 11:05:00 GMT+0530 (India Standard Time)","7800.20","7804.85","7790.00","7790.00"
"Fri Sep 13 2024 11:10:00 GMT+0530 (India Standard Time)","7790.00","7803.95","7790.00","7800.05"
"Fri Sep 13 2024 11:15:00 GMT+0530 (India Standard Time)","7800.05","7801.30","7792.30","7793.25"
"Fri Sep 13 2024 11:20:00 GMT+0530 (India Standard Time)","7793.25","7800.50","7792.30","7800.50"
"Fri Sep 13 2024 11:25:00 GMT+0530 (India Standard Time)","7800.50","7804.00","7794.35","7799.05"
"Fri Sep 13 2024 11:30:00 GMT+0530 (India Standard Time)","7803.95","7803.95","7792.65","7803.00"
"Fri Sep 13 2024 11:35:00 GMT+0530 (India Standard Time)","7797.35","7803.00","7791.05","7795.10"
"Fri Sep 13 2024 11:40:00 GMT+0530 (India Standard Time)","7795.10","7798.90","7790.70","7794.65"
"Fri Sep 13 2024 11:45:00 GMT+0530 (India Standard Time)","7794.65","7798.90","7792.30","7797.25"
"Fri Sep 13 2024 11:50:00 GMT+0530 (India Standard Time)","7797.25","7803.00","7793.00","7803.00"
"Fri Sep 13 2024 11:55:00 GMT+0530 (India Standard Time)","7803.00","7803.10","7795.55","7796.05"
"Fri Sep 13 2024 12:00:00 GMT+0530 (India Standard Time)","7796.05","7800.00","7793.50","7797.50"
"Fri Sep 13 2024 12:05:00 GMT+0530 (India Standard Time)","7797.50","7800.00","7794.50","7796.65"
"Fri Sep 13 2024 12:10:00 GMT+0530 (India Standard Time)","7796.00","7797.25","7784.05","7792.00"
"Fri Sep 13 2024 12:15:00 GMT+0530 (India Standard Time)","7791.50","7794.95","7780.30","7787.45"
"Fri Sep 13 2024 12:20:00 GMT+0530 (India Standard Time)","7787.45","7789.50","7783.10","7784.10"
"Fri Sep 13 2024 12:25:00 GMT+0530 (India Standard Time)","7784.10","7790.00","7784.10","7786.45"
"Fri Sep 13 2024 12:30:00 GMT+0530 (India Standard Time)","7790.00","7790.00","7784.75","7785.75"
"Fri Sep 13 2024 12:35:00 GMT+0530 (India Standard Time)","7785.75","7794.10","7785.00","7789.95"
"Fri Sep 13 2024 12:40:00 GMT+0530 (India Standard Time)","7789.95","7793.00","7781.50","7790.65"
"Fri Sep 13 2024 12:45:00 GMT+0530 (India Standard Time)","7790.00","7794.35","7787.00","7794.35"
"Fri Sep 13 2024 12:50:00 GMT+0530 (India Standard Time)","7794.35","7794.35","7788.10","7793.80"
"Fri Sep 13 2024 12:55:00 GMT+0530 (India Standard Time)","7793.80","7793.80","7781.35","7789.50"
"Fri Sep 13 2024 13:00:00 GMT+0530 (India Standard Time)","7789.50","7794.25","7781.45","7788.45"
"Fri Sep 13 2024 13:05:00 GMT+0530 (India Standard Time)","7796.00","7798.00","7789.35","7797.75"
"Fri Sep 13 2024 13:10:00 GMT+0530 (India Standard Time)","7798.00","7804.50","7793.10","7803.00"
"Fri Sep 13 2024 13:15:00 GMT+0530 (India Standard Time)","7803.00","7805.90","7794.70","7794.70"
"Fri Sep 13 2024 13:20:00 GMT+0530 (India Standard Time)","7794.70","7799.25","7790.55","7796.90"
"Fri Sep 13 2024 13:25:00 GMT+0530 (India Standard Time)","7796.95","7796.95","7787.45","7788.95"
"Fri Sep 13 2024 13:30:00 GMT+0530 (India Standard Time)","7792.00","7796.40","7787.10","7791.65"
"Fri Sep 13 2024 13:35:00 GMT+0530 (India Standard Time)","7791.65","7791.65","7784.70","7789.95"
"Fri Sep 13 2024 13:40:00 GMT+0530 (India Standard Time)","7789.95","7795.20","7788.10","7790.00"
"Fri Sep 13 2024 13:45:00 GMT+0530 (India Standard Time)","7790.00","7790.00","7784.70","7787.20"
"Fri Sep 13 2024 13:50:00 GMT+0530 (India Standard Time)","7787.20","7791.95","7786.10","7787.80"
"Fri Sep 13 2024 13:55:00 GMT+0530 (India Standard Time)","7787.80","7790.00","7782.00","7788.15"
"Fri Sep 13 2024 14:00:00 GMT+0530 (India Standard Time)","7788.15","7789.50","7782.10","7783.95"
"Fri Sep 13 2024 14:05:00 GMT+0530 (India Standard Time)","7783.95","7783.95","7775.00","7775.00"
"Fri Sep 13 2024 14:10:00 GMT+0530 (India Standard Time)","7775.00","7784.90","7774.00","7775.45"
"Fri Sep 13 2024 14:15:00 GMT+0530 (India Standard Time)","7775.45","7779.75","7770.00","7773.90"
"Fri Sep 13 2024 14:20:00 GMT+0530 (India Standard Time)","7773.90","7780.80","7772.00","7780.05"
"Fri Sep 13 2024 14:25:00 GMT+0530 (India Standard Time)","7776.00","7779.65","7763.25","7765.50"
"Fri Sep 13 2024 14:30:00 GMT+0530 (India Standard Time)","7767.10","7771.95","7763.25","7771.90"
"Fri Sep 13 2024 14:35:00 GMT+0530 (India Standard Time)","7771.90","7772.00","7760.00","7763.00"
"Fri Sep 13 2024 14:40:00 GMT+0530 (India Standard Time)","7763.00","7769.00","7762.00","7767.20"
"Fri Sep 13 2024 14:45:00 GMT+0530 (India Standard Time)","7767.20","7770.20","7765.00","7766.35"
"Fri Sep 13 2024 14:50:00 GMT+0530 (India Standard Time)","7766.35","7770.00","7765.00","7766.00"
"Fri Sep 13 2024 14:55:00 GMT+0530 (India Standard Time)","7766.00","7770.00","7762.90","7768.50"
"Fri Sep 13 2024 15:00:00 GMT+0530 (India Standard Time)","7766.00","7768.45","7725.00","7725.05"
"Fri Sep 13 2024 15:05:00 GMT+0530 (India Standard Time)","7725.80","7735.90","7704.40","7735.90"
"Fri Sep 13 2024 15:10:00 GMT+0530 (India Standard Time)","7746.95","7748.90","7700.00","7701.10"
"Fri Sep 13 2024 15:15:00 GMT+0530 (India Standard Time)","7701.10","7706.30","7700.00","7700.05"
"Fri Sep 13 2024 15:20:00 GMT+0530 (India Standard Time)","7700.05","7705.25","7695.00","7699.00"
"Fri Sep 13 2024 15:25:00 GMT+0530 (India Standard Time)","7702.80","7719.05","7695.05","7719.05"
"Mon Sep 16 2024 09:15:00 GMT+0530 (India Standard Time)","7750.00","7768.00","7732.60","7761.80"
"Mon Sep 16 2024 09:20:00 GMT+0530 (India Standard Time)","7765.00","7768.00","7745.20","7755.40"
"Mon Sep 16 2024 09:25:00 GMT+0530 (India Standard Time)","7760.00","7765.00","7731.05","7731.05"
"Mon Sep 16 2024 09:30:00 GMT+0530 (India Standard Time)","7730.00","7748.60","7730.00","7744.20"
"Mon Sep 16 2024 09:35:00 GMT+0530 (India Standard Time)","7745.95","7764.00","7735.00","7753.00"
"Mon Sep 16 2024 09:40:00 GMT+0530 (India Standard Time)","7748.70","7752.55","7731.05","7743.00"
"Mon Sep 16 2024 09:45:00 GMT+0530 (India Standard Time)","7743.00","7746.00","7738.00","7743.95"
"Mon Sep 16 2024 09:50:00 GMT+0530 (India Standard Time)","7744.00","7758.00","7739.40","7752.00"
"Mon Sep 16 2024 09:55:00 GMT+0530 (India Standard Time)","7747.15","7747.35","7721.10","7732.05"
"Mon Sep 16 2024 10:00:00 GMT+0530 (India Standard Time)","7728.80","7741.15","7707.70","7718.80"
"Mon Sep 16 2024 10:05:00 GMT+0530 (India Standard Time)","7712.05","7727.00","7711.75","7717.30"
"Mon Sep 16 2024 10:10:00 GMT+0530 (India Standard Time)","7720.65","7734.70","7718.05","7733.90"
"Mon Sep 16 2024 10:15:00 GMT+0530 (India Standard Time)","7733.90","7733.95","7712.00","7715.90"
"Mon Sep 16 2024 10:20:00 GMT+0530 (India Standard Time)","7715.90","7728.40","7715.20","7727.80"
"Mon Sep 16 2024 10:25:00 GMT+0530 (India Standard Time)","7729.15","7730.00","7718.00","7722.05"
"Mon Sep 16 2024 10:30:00 GMT+0530 (India Standard Time)","7728.80","7729.30","7718.00","7723.10"
"Mon Sep 16 2024 10:35:00 GMT+0530 (India Standard Time)","7723.05","7725.10","7718.10","7722.00"
"Mon Sep 16 2024 10:40:00 GMT+0530 (India Standard Time)","7722.00","7722.00","7705.00","7716.20"
"Mon Sep 16 2024 10:45:00 GMT+0530 (India Standard Time)","7719.85","7720.45","7715.05","7719.95"
"Mon Sep 16 2024 10:50:00 GMT+0530 (India Standard Time)","7719.95","7726.00","7716.15","7722.55"
"Mon Sep 16 2024 10:55:00 GMT+0530 (India Standard Time)","7722.55","7727.00","7716.40","7718.00"
"Mon Sep 16 2024 11:00:00 GMT+0530 (India Standard Time)","7718.10","7722.00","7716.35","7721.95"
"Mon Sep 16 2024 11:05:00 GMT+0530 (India Standard Time)","7721.95","7721.95","7717.00","7720.00"
"Mon Sep 16 2024 11:10:00 GMT+0530 (India Standard Time)","7720.00","7722.00","7716.00","7722.00"
"Mon Sep 16 2024 11:15:00 GMT+0530 (India Standard Time)","7722.00","7739.50","7720.80","7733.00"
"Mon Sep 16 2024 11:20:00 GMT+0530 (India Standard Time)","7733.00","7738.00","7732.00","7738.00"
"Mon Sep 16 2024 11:25:00 GMT+0530 (India Standard Time)","7738.00","7739.95","7732.50","7738.90"
"Mon Sep 16 2024 11:30:00 GMT+0530 (India Standard Time)","7738.95","7739.00","7722.00","7728.90"
"Mon Sep 16 2024 11:35:00 GMT+0530 (India Standard Time)","7729.25","7730.80","7716.90","7729.00"
"Mon Sep 16 2024 11:40:00 GMT+0530 (India Standard Time)","7729.00","7729.00","7720.00","7720.30"
"Mon Sep 16 2024 11:45:00 GMT+0530 (India Standard Time)","7720.30","7723.90","7692.30","7711.55"
"Mon Sep 16 2024 11:50:00 GMT+0530 (India Standard Time)","7711.55","7718.35","7700.05","7716.70"
"Mon Sep 16 2024 11:55:00 GMT+0530 (India Standard Time)","7716.70","7717.05","7710.00","7714.20"
"Mon Sep 16 2024 12:00:00 GMT+0530 (India Standard Time)","7714.20","7718.25","7710.00","7714.75"
"Mon Sep 16 2024 12:05:00 GMT+0530 (India Standard Time)","7714.75","7715.05","7708.95","7708.95"
"Mon Sep 16 2024 12:10:00 GMT+0530 (India Standard Time)","7708.95","7708.95","7704.05","7705.05"
"Mon Sep 16 2024 12:15:00 GMT+0530 (India Standard Time)","7705.15","7717.00","7705.15","7714.65"
"Mon Sep 16 2024 12:20:00 GMT+0530 (India Standard Time)","7714.65","7716.85","7704.05","7708.20"
"Mon Sep 16 2024 12:25:00 GMT+0530 (India Standard Time)","7708.20","7709.00","7703.00","7707.60"
"Mon Sep 16 2024 12:30:00 GMT+0530 (India Standard Time)","7707.90","7712.00","7707.10","7710.00"
"Mon Sep 16 2024 12:35:00 GMT+0530 (India Standard Time)","7710.00","7711.00","7706.00","7711.00"
"Mon Sep 16 2024 12:40:00 GMT+0530 (India Standard Time)","7711.00","7711.00","7699.00","7700.00"
"Mon Sep 16 2024 12:45:00 GMT+0530 (India Standard Time)","7700.00","7704.00","7695.10","7700.00"
"Mon Sep 16 2024 12:50:00 GMT+0530 (India Standard Time)","7700.00","7700.00","7695.00","7695.00"
"Mon Sep 16 2024 12:55:00 GMT+0530 (India Standard Time)","7697.85","7700.00","7695.00","7698.05"
"Mon Sep 16 2024 13:00:00 GMT+0530 (India Standard Time)","7685.55","7694.35","7678.25","7680.00"
"Mon Sep 16 2024 13:05:00 GMT+0530 (India Standard Time)","7680.00","7692.95","7677.00","7684.95"
"Mon Sep 16 2024 13:10:00 GMT+0530 (India Standard Time)","7684.95","7686.85","7680.00","7681.30"
"Mon Sep 16 2024 13:15:00 GMT+0530 (India Standard Time)","7684.45","7690.80","7680.00","7690.10"
"Mon Sep 16 2024 13:20:00 GMT+0530 (India Standard Time)","7690.10","7690.10","7682.00","7686.90"
"Mon Sep 16 2024 13:25:00 GMT+0530 (India Standard Time)","7686.90","7689.35","7681.05","7686.00"
"Mon Sep 16 2024 13:30:00 GMT+0530 (India Standard Time)","7686.00","7689.35","7685.00","7686.00"
"Mon Sep 16 2024 13:35:00 GMT+0530 (India Standard Time)","7686.00","7697.00","7684.00","7695.90"
"Mon Sep 16 2024 13:40:00 GMT+0530 (India Standard Time)","7695.25","7695.95","7688.00","7695.50"
"Mon Sep 16 2024 13:45:00 GMT+0530 (India Standard Time)","7695.50","7697.90","7691.00","7694.95"
"Mon Sep 16 2024 13:50:00 GMT+0530 (India Standard Time)","7694.95","7695.00","7688.00","7691.35"
"Mon Sep 16 2024 13:55:00 GMT+0530 (India Standard Time)","7691.35","7691.35","7688.00","7691.05"
"Mon Sep 16 2024 14:00:00 GMT+0530 (India Standard Time)","7688.00","7694.15","7685.25","7689.75"
"Mon Sep 16 2024 14:05:00 GMT+0530 (India Standard Time)","7689.85","7697.00","7685.10","7692.05"
"Mon Sep 16 2024 14:10:00 GMT+0530 (India Standard Time)","7692.05","7698.90","7692.05","7698.00"
"Mon Sep 16 2024 14:15:00 GMT+0530 (India Standard Time)","7698.00","7717.00","7698.00","7711.75"
"Mon Sep 16 2024 14:20:00 GMT+0530 (India Standard Time)","7711.40","7711.40","7686.00","7686.35"
"Mon Sep 16 2024 14:25:00 GMT+0530 (India Standard Time)","7686.35","7693.30","7683.00","7686.30"
"Mon Sep 16 2024 14:30:00 GMT+0530 (India Standard Time)","7690.20","7691.05","7680.00","7681.90"
"Mon Sep 16 2024 14:35:00 GMT+0530 (India Standard Time)","7681.35","7690.95","7679.50","7686.40"
"Mon Sep 16 2024 14:40:00 GMT+0530 (India Standard Time)","7686.40","7700.00","7686.00","7690.00"
"Mon Sep 16 2024 14:45:00 GMT+0530 (India Standard Time)","7690.00","7692.65","7683.95","7687.00"
"Mon Sep 16 2024 14:50:00 GMT+0530 (India Standard Time)","7687.10","7691.50","7680.00","7685.00"
"Mon Sep 16 2024 14:55:00 GMT+0530 (India Standard Time)","7685.00","7687.00","7678.05","7681.80"
"Mon Sep 16 2024 15:00:00 GMT+0530 (India Standard Time)","7678.10","7694.90","7678.05","7691.05"
"Mon Sep 16 2024 15:05:00 GMT+0530 (India Standard Time)","7694.00","7699.45","7683.15","7695.45"
"Mon Sep 16 2024 15:10:00 GMT+0530 (India Standard Time)","7695.15","7699.90","7689.85","7694.95"
"Mon Sep 16 2024 15:15:00 GMT+0530 (India Standard Time)","7695.00","7698.30","7677.05","7689.50"
"Mon Sep 16 2024 15:20:00 GMT+0530 (India Standard Time)","7689.50","7697.80","7680.00","7687.95"
"Mon Sep 16 2024 15:25:00 GMT+0530 (India Standard Time)","7687.95","7694.95","7683.00","7687.00"
"Tue Sep 17 2024 09:15:00 GMT+0530 (India Standard Time)","7688.75","7700.00","7662.40","7680.85"
"Tue Sep 17 2024 09:20:00 GMT+0530 (India Standard Time)","7680.85","7696.85","7661.50","7689.80"
"Tue Sep 17 2024 09:25:00 GMT+0530 (India Standard Time)","7684.90","7715.95","7677.00","7707.95"
"Tue Sep 17 2024 09:30:00 GMT+0530 (India Standard Time)","7701.25","7706.90","7689.35","7697.35"
"Tue Sep 17 2024 09:35:00 GMT+0530 (India Standard Time)","7695.00","7695.00","7682.15","7688.00"
"Tue Sep 17 2024 09:40:00 GMT+0530 (India Standard Time)","7690.55","7693.00","7675.00","7682.30"
"Tue Sep 17 2024 09:45:00 GMT+0530 (India Standard Time)","7677.05","7681.05","7667.00","7676.55"
"Tue Sep 17 2024 09:50:00 GMT+0530 (India Standard Time)","7676.55","7681.00","7670.00","7672.30"
"Tue Sep 17 2024 09:55:00 GMT+0530 (India Standard Time)","7670.00","7672.30","7662.00","7667.95"
"Tue Sep 17 2024 10:00:00 GMT+0530 (India Standard Time)","7664.05","7669.50","7663.90","7667.00"
"Tue Sep 17 2024 10:05:00 GMT+0530 (India Standard Time)","7664.30","7688.00","7664.30","7687.95"
"Tue Sep 17 2024 10:10:00 GMT+0530 (India Standard Time)","7687.95","7784.60","7677.55","7718.85"
"Tue Sep 17 2024 10:15:00 GMT+0530 (India Standard Time)","7716.00","7721.95","7702.00","7715.00"
"Tue Sep 17 2024 10:20:00 GMT+0530 (India Standard Time)","7715.00","7718.85","7690.00","7699.00"
"Tue Sep 17 2024 10:25:00 GMT+0530 (India Standard Time)","7699.00","7699.00","7680.00","7680.00"
"Tue Sep 17 2024 10:30:00 GMT+0530 (India Standard Time)","7672.05","7678.00","7651.05","7672.95"
"Tue Sep 17 2024 10:35:00 GMT+0530 (India Standard Time)","7672.95","7673.30","7661.00","7664.90"
"Tue Sep 17 2024 10:40:00 GMT+0530 (India Standard Time)","7664.90","7676.25","7655.75","7676.05"
"Tue Sep 17 2024 10:45:00 GMT+0530 (India Standard Time)","7676.05","7676.05","7660.00","7663.10"
"Tue Sep 17 2024 10:50:00 GMT+0530 (India Standard Time)","7667.70","7676.25","7664.85","7671.00"
"Tue Sep 17 2024 10:55:00 GMT+0530 (India Standard Time)","7671.00","7675.00","7655.10","7658.30"
"Tue Sep 17 2024 11:00:00 GMT+0530 (India Standard Time)","7660.40","7673.25","7658.35","7664.50"
"Tue Sep 17 2024 11:05:00 GMT+0530 (India Standard Time)","7664.50","7668.95","7662.00","7662.30"
"Tue Sep 17 2024 11:10:00 GMT+0530 (India Standard Time)","7662.30","7669.90","7662.00","7669.30"
"Tue Sep 17 2024 11:15:00 GMT+0530 (India Standard Time)","7669.25","7695.10","7665.05","7689.00"
"Tue Sep 17 2024 11:20:00 GMT+0530 (India Standard Time)","7689.00","7717.80","7689.00","7712.15"
"Tue Sep 17 2024 11:25:00 GMT+0530 (India Standard Time)","7710.05","7725.00","7697.00","7699.90"
"Tue Sep 17 2024 11:30:00 GMT+0530 (India Standard Time)","7699.90","7711.00","7697.00","7702.95"
"Tue Sep 17 2024 11:35:00 GMT+0530 (India Standard Time)","7706.20","7720.00","7695.20","7717.00"
"Tue Sep 17 2024 11:40:00 GMT+0530 (India Standard Time)","7717.00","7727.70","7711.00","7724.15"
"Tue Sep 17 2024 11:45:00 GMT+0530 (India Standard Time)","7724.15","7725.95","7711.75","7715.50"
"Tue Sep 17 2024 11:50:00 GMT+0530 (India Standard Time)","7711.95","7715.00","7702.00","7707.95"
"Tue Sep 17 2024 11:55:00 GMT+0530 (India Standard Time)","7710.00","7715.25","7704.00","7711.95"
"Tue Sep 17 2024 12:00:00 GMT+0530 (India Standard Time)","7712.20","7713.85","7701.15","7706.55"
"Tue Sep 17 2024 12:05:00 GMT+0530 (India Standard Time)","7706.55","7706.55","7689.90","7696.20"
"Tue Sep 17 2024 12:10:00 GMT+0530 (India Standard Time)","7696.20","7701.85","7686.00","7687.00"
"Tue Sep 17 2024 12:15:00 GMT+0530 (India Standard Time)","7688.00","7692.95","7678.05","7682.50"
"Tue Sep 17 2024 12:20:00 GMT+0530 (India Standard Time)","7682.50","7738.00","7682.50","7732.20"
"Tue Sep 17 2024 12:25:00 GMT+0530 (India Standard Time)","7732.20","7732.20","7702.10","7706.00"
"Tue Sep 17 2024 12:30:00 GMT+0530 (India Standard Time)","7706.00","7713.45","7702.95","7711.95"
"Tue Sep 17 2024 12:35:00 GMT+0530 (India Standard Time)","7712.00","7712.00","7697.50","7700.00"
"Tue Sep 17 2024 12:40:00 GMT+0530 (India Standard Time)","7700.00","7700.10","7688.30","7698.40"
"Tue Sep 17 2024 12:45:00 GMT+0530 (India Standard Time)","7698.40","7700.00","7692.25","7697.00"
"Tue Sep 17 2024 12:50:00 GMT+0530 (India Standard Time)","7697.00","7699.25","7691.75","7695.00"
"Tue Sep 17 2024 12:55:00 GMT+0530 (India Standard Time)","7695.00","7695.00","7691.00","7693.00"
"Tue Sep 17 2024 13:00:00 GMT+0530 (India Standard Time)","7694.95","7695.00","7690.00","7694.75"
"Tue Sep 17 2024 13:05:00 GMT+0530 (India Standard Time)","7694.75","7694.75","7685.05","7685.05"
"Tue Sep 17 2024 13:10:00 GMT+0530 (India Standard Time)","7685.05","7697.00","7685.00","7695.35"
"Tue Sep 17 2024 13:15:00 GMT+0530 (India Standard Time)","7695.35","7699.00","7690.40","7695.85"
"Tue Sep 17 2024 13:20:00 GMT+0530 (India Standard Time)","7695.80","7697.00","7692.60","7697.00"
"Tue Sep 17 2024 13:25:00 GMT+0530 (India Standard Time)","7697.00","7697.00","7692.50","7693.50"
"Tue Sep 17 2024 13:30:00 GMT+0530 (India Standard Time)","7693.50","7695.00","7690.50","7694.50"
"Tue Sep 17 2024 13:35:00 GMT+0530 (India Standard Time)","7694.50","7695.00","7690.65","7694.95"
"Tue Sep 17 2024 13:40:00 GMT+0530 (India Standard Time)","7694.95","7708.00","7691.45","7703.25"
"Tue Sep 17 2024 13:45:00 GMT+0530 (India Standard Time)","7703.25","7705.80","7698.40","7705.80"
"Tue Sep 17 2024 13:50:00 GMT+0530 (India Standard Time)","7705.80","7708.00","7700.00","7707.95"
"Tue Sep 17 2024 13:55:00 GMT+0530 (India Standard Time)","7707.95","7708.25","7702.00","7707.00"
"Tue Sep 17 2024 14:00:00 GMT+0530 (India Standard Time)","7706.00","7707.00","7698.20","7706.85"
"Tue Sep 17 2024 14:05:00 GMT+0530 (India Standard Time)","7706.85","7709.00","7701.85","7701.85"
"Tue Sep 17 2024 14:10:00 GMT+0530 (India Standard Time)","7701.85","7708.25","7701.85","7707.40"
"Tue Sep 17 2024 14:15:00 GMT+0530 (India Standard Time)","7708.00","7708.00","7704.25","7707.80"
"Tue Sep 17 2024 14:20:00 GMT+0530 (India Standard Time)","7705.25","7719.00","7705.25","7719.00"
"Tue Sep 17 2024 14:25:00 GMT+0530 (India Standard Time)","7719.00","7740.00","7719.00","7740.00"
"Tue Sep 17 2024 14:30:00 GMT+0530 (India Standard Time)","7740.00","7749.45","7722.05","7722.05"
"Tue Sep 17 2024 14:35:00 GMT+0530 (India Standard Time)","7722.05","7726.50","7720.05","7722.90"
"Tue Sep 17 2024 14:40:00 GMT+0530 (India Standard Time)","7720.00","7723.00","7711.45","7722.90"
"Tue Sep 17 2024 14:45:00 GMT+0530 (India Standard Time)","7722.90","7723.00","7715.70","7721.95"
"Tue Sep 17 2024 14:50:00 GMT+0530 (India Standard Time)","7721.95","7724.00","7712.05","7712.05"
"Tue Sep 17 2024 14:55:00 GMT+0530 (India Standard Time)","7716.80","7716.95","7704.00","7706.80"
"Tue Sep 17 2024 15:00:00 GMT+0530 (India Standard Time)","7708.00","7725.00","7708.00","7715.05"
"Tue Sep 17 2024 15:05:00 GMT+0530 (India Standard Time)","7715.05","7720.00","7702.75","7707.70"
"Tue Sep 17 2024 15:10:00 GMT+0530 (India Standard Time)","7709.30","7709.30","7696.60","7704.05"
"Tue Sep 17 2024 15:15:00 GMT+0530 (India Standard Time)","7704.10","7709.85","7690.00","7709.85"
"Tue Sep 17 2024 15:20:00 GMT+0530 (India Standard Time)","7709.85","7724.00","7703.55","7717.35"
"Tue Sep 17 2024 15:25:00 GMT+0530 (India Standard Time)","7717.90","7717.95","7690.95","7700.00"
"Wed Sep 18 2024 09:15:00 GMT+0530 (India Standard Time)","7708.00","7719.95","7667.00","7686.65"
"Wed Sep 18 2024 09:20:00 GMT+0530 (India Standard Time)","7686.65","7706.30","7682.50","7697.00"
"Wed Sep 18 2024 09:25:00 GMT+0530 (India Standard Time)","7697.00","7697.00","7679.15","7681.00"
"Wed Sep 18 2024 09:30:00 GMT+0530 (India Standard Time)","7681.05","7687.05","7671.70","7675.30"
"Wed Sep 18 2024 09:35:00 GMT+0530 (India Standard Time)","7674.60","7680.00","7669.05","7674.00"
"Wed Sep 18 2024 09:40:00 GMT+0530 (India Standard Time)","7674.00","7682.00","7671.80","7675.50"
"Wed Sep 18 2024 09:45:00 GMT+0530 (India Standard Time)","7675.50","7690.60","7659.00","7688.00"
"Wed Sep 18 2024 09:50:00 GMT+0530 (India Standard Time)","7688.00","7694.00","7680.60","7685.00"
"Wed Sep 18 2024 09:55:00 GMT+0530 (India Standard Time)","7681.05","7703.90","7680.25","7703.90"
"Wed Sep 18 2024 10:00:00 GMT+0530 (India Standard Time)","7703.90","7703.90","7696.15","7703.60"
"Wed Sep 18 2024 10:05:00 GMT+0530 (India Standard Time)","7698.70","7703.00","7696.25","7696.25"
"Wed Sep 18 2024 10:10:00 GMT+0530 (India Standard Time)","7699.70","7703.80","7696.45","7699.95"
"Wed Sep 18 2024 10:15:00 GMT+0530 (India Standard Time)","7699.95","7700.00","7696.70","7697.10"
"Wed Sep 18 2024 10:20:00 GMT+0530 (India Standard Time)","7699.95","7703.65","7695.35","7700.25"
"Wed Sep 18 2024 10:25:00 GMT+0530 (India Standard Time)","7700.25","7705.95","7700.10","7702.10"
"Wed Sep 18 2024 10:30:00 GMT+0530 (India Standard Time)","7702.10","7704.50","7699.80","7702.00"
"Wed Sep 18 2024 10:35:00 GMT+0530 (India Standard Time)","7700.00","7700.00","7670.00","7679.70"
"Wed Sep 18 2024 10:40:00 GMT+0530 (India Standard Time)","7679.70","7685.65","7673.15","7683.85"
"Wed Sep 18 2024 10:45:00 GMT+0530 (India Standard Time)","7685.75","7688.45","7682.00","7685.20"
"Wed Sep 18 2024 10:50:00 GMT+0530 (India Standard Time)","7685.20","7692.05","7681.00","7691.65"
"Wed Sep 18 2024 10:55:00 GMT+0530 (India Standard Time)","7691.65","7699.90","7685.40","7693.00"
"Wed Sep 18 2024 11:00:00 GMT+0530 (India Standard Time)","7697.20","7700.00","7692.65","7694.20"
"Wed Sep 18 2024 11:05:00 GMT+0530 (India Standard Time)","7694.20","7697.45","7690.00","7691.15"
"Wed Sep 18 2024 11:10:00 GMT+0530 (India Standard Time)","7691.15","7696.00","7690.00","7692.30"
"Wed Sep 18 2024 11:15:00 GMT+0530 (India Standard Time)","7692.30","7697.95","7690.00","7696.65"
"Wed Sep 18 2024 11:20:00 GMT+0530 (India Standard Time)","7696.65","7696.65","7690.00","7693.60"
"Wed Sep 18 2024 11:25:00 GMT+0530 (India Standard Time)","7693.60","7694.75","7687.20","7694.65"
"Wed Sep 18 2024 11:30:00 GMT+0530 (India Standard Time)","7694.65","7694.70","7690.00","7694.70"
"Wed Sep 18 2024 11:35:00 GMT+0530 (India Standard Time)","7694.70","7700.00","7692.70","7693.75"
"Wed Sep 18 2024 11:40:00 GMT+0530 (India Standard Time)","7693.75","7697.50","7690.00","7692.95"
"Wed Sep 18 2024 11:45:00 GMT+0530 (India Standard Time)","7690.00","7697.90","7690.00","7696.40"
"Wed Sep 18 2024 11:50:00 GMT+0530 (India Standard Time)","7696.40","7696.95","7691.35","7696.50"
"Wed Sep 18 2024 11:55:00 GMT+0530 (India Standard Time)","7697.75","7699.00","7692.50","7696.20"
"Wed Sep 18 2024 12:00:00 GMT+0530 (India Standard Time)","7696.20","7699.45","7690.00","7690.00"
"Wed Sep 18 2024 12:05:00 GMT+0530 (India Standard Time)","7692.75","7695.50","7687.25","7692.40"
"Wed Sep 18 2024 12:10:00 GMT+0530 (India Standard Time)","7692.40","7696.50","7690.00","7690.00"
"Wed Sep 18 2024 12:15:00 GMT+0530 (India Standard Time)","7690.00","7695.00","7690.00","7691.85"
"Wed Sep 18 2024 12:20:00 GMT+0530 (India Standard Time)","7691.85","7695.00","7690.00","7694.20"
"Wed Sep 18 2024 12:25:00 GMT+0530 (India Standard Time)","7694.20","7694.20","7690.00","7690.00"
"Wed Sep 18 2024 12:30:00 GMT+0530 (India Standard Time)","7690.00","7691.00","7690.00","7690.00"
"Wed Sep 18 2024 12:35:00 GMT+0530 (India Standard Time)","7690.00","7694.85","7690.00","7691.05"
"Wed Sep 18 2024 12:40:00 GMT+0530 (India Standard Time)","7691.05","7697.55","7691.00","7692.50"
"Wed Sep 18 2024 12:45:00 GMT+0530 (India Standard Time)","7692.50","7695.95","7690.00","7694.75"
"Wed Sep 18 2024 12:50:00 GMT+0530 (India Standard Time)","7694.75","7694.75","7690.00","7690.00"
"Wed Sep 18 2024 12:55:00 GMT+0530 (India Standard Time)","7690.00","7693.15","7690.00","7690.00"
"Wed Sep 18 2024 13:00:00 GMT+0530 (India Standard Time)","7690.00","7692.55","7689.00","7690.00"
"Wed Sep 18 2024 13:05:00 GMT+0530 (India Standard Time)","7690.00","7690.85","7660.55","7673.65"
"Wed Sep 18 2024 13:10:00 GMT+0530 (India Standard Time)","7673.65","7673.65","7657.00","7657.00"
"Wed Sep 18 2024 13:15:00 GMT+0530 (India Standard Time)","7657.00","7663.80","7650.00","7659.45"
"Wed Sep 18 2024 13:20:00 GMT+0530 (India Standard Time)","7659.45","7659.50","7650.00","7651.55"
"Wed Sep 18 2024 13:25:00 GMT+0530 (India Standard Time)","7650.00","7652.60","7636.20","7640.00"
"Wed Sep 18 2024 13:30:00 GMT+0530 (India Standard Time)","7640.00","7648.00","7634.30","7639.55"
"Wed Sep 18 2024 13:35:00 GMT+0530 (India Standard Time)","7639.55","7642.70","7630.00","7632.00"
"Wed Sep 18 2024 13:40:00 GMT+0530 (India Standard Time)","7632.00","7645.00","7620.00","7633.40"
"Wed Sep 18 2024 13:45:00 GMT+0530 (India Standard Time)","7633.40","7652.20","7632.15","7648.45"
"Wed Sep 18 2024 13:50:00 GMT+0530 (India Standard Time)","7643.50","7650.00","7642.10","7644.05"
"Wed Sep 18 2024 13:55:00 GMT+0530 (India Standard Time)","7644.05","7644.90","7637.80","7639.95"
"Wed Sep 18 2024 14:00:00 GMT+0530 (India Standard Time)","7639.95","7640.00","7624.00","7629.95"
"Wed Sep 18 2024 14:05:00 GMT+0530 (India Standard Time)","7626.75","7640.00","7625.65","7639.00"
"Wed Sep 18 2024 14:10:00 GMT+0530 (India Standard Time)","7638.70","7638.70","7625.55","7633.35"
"Wed Sep 18 2024 14:15:00 GMT+0530 (India Standard Time)","7633.35","7634.80","7622.45","7631.00"
"Wed Sep 18 2024 14:20:00 GMT+0530 (India Standard Time)","7631.00","7638.70","7628.00","7630.00"
"Wed Sep 18 2024 14:25:00 GMT+0530 (India Standard Time)","7628.05","7637.95","7625.00","7625.05"
"Wed Sep 18 2024 14:30:00 GMT+0530 (India Standard Time)","7628.00","7636.45","7625.00","7634.40"
"Wed Sep 18 2024 14:35:00 GMT+0530 (India Standard Time)","7634.40","7634.65","7620.00","7627.10"
"Wed Sep 18 2024 14:40:00 GMT+0530 (India Standard Time)","7624.00","7632.00","7620.15","7627.70"
"Wed Sep 18 2024 14:45:00 GMT+0530 (India Standard Time)","7627.70","7633.70","7620.45","7632.00"
"Wed Sep 18 2024 14:50:00 GMT+0530 (India Standard Time)","7632.00","7649.00","7630.45","7643.45"
"Wed Sep 18 2024 14:55:00 GMT+0530 (India Standard Time)","7643.45","7653.00","7642.00","7652.00"
"Wed Sep 18 2024 15:00:00 GMT+0530 (India Standard Time)","7651.95","7665.90","7650.05","7663.50"
"Wed Sep 18 2024 15:05:00 GMT+0530 (India Standard Time)","7663.50","7668.00","7651.70","7656.45"
"Wed Sep 18 2024 15:10:00 GMT+0530 (India Standard Time)","7656.45","7656.45","7630.35","7632.90"
"Wed Sep 18 2024 15:15:00 GMT+0530 (India Standard Time)","7632.90","7642.55","7626.75","7630.25"
"Wed Sep 18 2024 15:20:00 GMT+0530 (India Standard Time)","7630.20","7638.45","7625.00","7627.95"
"Wed Sep 18 2024 15:25:00 GMT+0530 (India Standard Time)","7627.00","7639.00","7620.00","7625.00"
"Thu Sep 19 2024 09:15:00 GMT+0530 (India Standard Time)","7682.00","7757.00","7677.00","7720.70"
"Thu Sep 19 2024 09:20:00 GMT+0530 (India Standard Time)","7720.70","7722.00","7689.95","7699.65"
"Thu Sep 19 2024 09:25:00 GMT+0530 (India Standard Time)","7699.65","7700.60","7673.45","7692.30"
"Thu Sep 19 2024 09:30:00 GMT+0530 (India Standard Time)","7697.25","7697.30","7684.45","7696.05"
"Thu Sep 19 2024 09:35:00 GMT+0530 (India Standard Time)","7695.25","7697.85","7676.15","7683.60"
"Thu Sep 19 2024 09:40:00 GMT+0530 (India Standard Time)","7683.60","7698.55","7676.15","7686.25"
"Thu Sep 19 2024 09:45:00 GMT+0530 (India Standard Time)","7684.05","7686.30","7657.75","7674.95"
"Thu Sep 19 2024 09:50:00 GMT+0530 (India Standard Time)","7674.95","7674.95","7655.00","7660.70"
"Thu Sep 19 2024 09:55:00 GMT+0530 (India Standard Time)","7656.45","7659.55","7641.00","7641.00"
"Thu Sep 19 2024 10:00:00 GMT+0530 (India Standard Time)","7641.00","7651.95","7610.05","7626.90"
"Thu Sep 19 2024 10:05:00 GMT+0530 (India Standard Time)","7626.90","7626.90","7601.15","7610.10"
"Thu Sep 19 2024 10:10:00 GMT+0530 (India Standard Time)","7610.10","7615.90","7584.70","7589.60"
"Thu Sep 19 2024 10:15:00 GMT+0530 (India Standard Time)","7589.60","7589.60","7565.05","7571.00"
"Thu Sep 19 2024 10:20:00 GMT+0530 (India Standard Time)","7571.00","7607.50","7569.35","7594.85"
"Thu Sep 19 2024 10:25:00 GMT+0530 (India Standard Time)","7594.85","7594.85","7584.10","7589.90"
"Thu Sep 19 2024 10:30:00 GMT+0530 (India Standard Time)","7589.90","7597.15","7581.20","7586.25"
"Thu Sep 19 2024 10:35:00 GMT+0530 (India Standard Time)","7585.60","7589.95","7574.35","7579.95"
"Thu Sep 19 2024 10:40:00 GMT+0530 (India Standard Time)","7572.35","7592.05","7571.10","7586.00"
"Thu Sep 19 2024 10:45:00 GMT+0530 (India Standard Time)","7581.75","7599.55","7580.40","7595.05"
"Thu Sep 19 2024 10:50:00 GMT+0530 (India Standard Time)","7595.05","7608.40","7591.00","7606.30"
"Thu Sep 19 2024 10:55:00 GMT+0530 (India Standard Time)","7607.15","7607.15","7592.00","7592.25"
"Thu Sep 19 2024 11:00:00 GMT+0530 (India Standard Time)","7592.25","7610.00","7592.05","7607.50"
"Thu Sep 19 2024 11:05:00 GMT+0530 (India Standard Time)","7607.50","7608.65","7595.25","7600.00"
"Thu Sep 19 2024 11:10:00 GMT+0530 (India Standard Time)","7600.00","7607.95","7580.30","7581.65"
"Thu Sep 19 2024 11:15:00 GMT+0530 (India Standard Time)","7581.65","7587.65","7570.00","7574.60"
"Thu Sep 19 2024 11:20:00 GMT+0530 (India Standard Time)","7574.60","7574.60","7520.00","7543.00"
"Thu Sep 19 2024 11:25:00 GMT+0530 (India Standard Time)","7542.70","7548.15","7523.95","7529.00"
"Thu Sep 19 2024 11:30:00 GMT+0530 (India Standard Time)","7529.05","7544.95","7521.00","7527.90"
"Thu Sep 19 2024 11:35:00 GMT+0530 (India Standard Time)","7527.90","7531.55","7521.00","7524.00"
"Thu Sep 19 2024 11:40:00 GMT+0530 (India Standard Time)","7523.00","7529.90","7509.00","7527.00"
"Thu Sep 19 2024 11:45:00 GMT+0530 (India Standard Time)","7527.00","7527.00","7496.70","7506.60"
"Thu Sep 19 2024 11:50:00 GMT+0530 (India Standard Time)","7506.00","7517.15","7500.00","7511.10"
"Thu Sep 19 2024 11:55:00 GMT+0530 (India Standard Time)","7508.75","7524.85","7508.60","7515.90"
"Thu Sep 19 2024 12:00:00 GMT+0530 (India Standard Time)","7515.90","7541.10","7514.80","7539.00"
"Thu Sep 19 2024 12:05:00 GMT+0530 (India Standard Time)","7534.05","7547.00","7529.55","7544.65"
"Thu Sep 19 2024 12:10:00 GMT+0530 (India Standard Time)","7550.00","7563.00","7542.30","7554.40"
"Thu Sep 19 2024 12:15:00 GMT+0530 (India Standard Time)","7556.80","7563.05","7548.50","7553.15"
"Thu Sep 19 2024 12:20:00 GMT+0530 (India Standard Time)","7552.00","7562.25","7546.70","7556.20"
"Thu Sep 19 2024 12:25:00 GMT+0530 (India Standard Time)","7556.65","7565.00","7555.00","7555.00"
"Thu Sep 19 2024 12:30:00 GMT+0530 (India Standard Time)","7555.00","7569.00","7555.00","7563.15"
"Thu Sep 19 2024 12:35:00 GMT+0530 (India Standard Time)","7564.00","7572.90","7561.15","7570.00"
"Thu Sep 19 2024 12:40:00 GMT+0530 (India Standard Time)","7567.15","7574.55","7567.15","7570.05"
"Thu Sep 19 2024 12:45:00 GMT+0530 (India Standard Time)","7570.00","7576.35","7550.65","7562.00"
"Thu Sep 19 2024 12:50:00 GMT+0530 (India Standard Time)","7562.00","7567.45","7551.65","7552.00"
"Thu Sep 19 2024 12:55:00 GMT+0530 (India Standard Time)","7552.00","7553.45","7540.30","7545.30"
"Thu Sep 19 2024 13:00:00 GMT+0530 (India Standard Time)","7545.30","7554.65","7540.05","7550.00"
"Thu Sep 19 2024 13:05:00 GMT+0530 (India Standard Time)","7550.00","7560.00","7516.25","7522.70"
"Thu Sep 19 2024 13:10:00 GMT+0530 (India Standard Time)","7520.55","7525.00","7515.00","7517.50"
"Thu Sep 19 2024 13:15:00 GMT+0530 (India Standard Time)","7517.50","7525.00","7517.50","7520.70"
"Thu Sep 19 2024 13:20:00 GMT+0530 (India Standard Time)","7522.00","7526.90","7520.70","7524.00"
"Thu Sep 19 2024 13:25:00 GMT+0530 (India Standard Time)","7524.00","7531.55","7520.10","7524.60"
"Thu Sep 19 2024 13:30:00 GMT+0530 (India Standard Time)","7524.60","7527.70","7520.15","7521.10"
"Thu Sep 19 2024 13:35:00 GMT+0530 (India Standard Time)","7524.95","7525.00","7511.85","7511.85"
"Thu Sep 19 2024 13:40:00 GMT+0530 (India Standard Time)","7511.85","7517.00","7510.05","7512.45"
"Thu Sep 19 2024 13:45:00 GMT+0530 (India Standard Time)","7512.45","7519.95","7512.45","7517.25"
"Thu Sep 19 2024 13:50:00 GMT+0530 (India Standard Time)","7517.25","7520.00","7512.60","7518.65"
"Thu Sep 19 2024 13:55:00 GMT+0530 (India Standard Time)","7518.65","7524.95","7513.75","7522.40"
"Thu Sep 19 2024 14:00:00 GMT+0530 (India Standard Time)","7522.40","7525.55","7515.00","7515.95"
"Thu Sep 19 2024 14:05:00 GMT+0530 (India Standard Time)","7515.95","7522.25","7511.60","7513.00"
"Thu Sep 19 2024 14:10:00 GMT+0530 (India Standard Time)","7515.00","7521.25","7510.00","7518.50"
"Thu Sep 19 2024 14:15:00 GMT+0530 (India Standard Time)","7518.50","7524.75","7515.00","7519.45"
"Thu Sep 19 2024 14:20:00 GMT+0530 (India Standard Time)","7522.60","7523.60","7514.10","7518.75"
"Thu Sep 19 2024 14:25:00 GMT+0530 (India Standard Time)","7518.75","7524.20","7518.75","7520.20"
"Thu Sep 19 2024 14:30:00 GMT+0530 (India Standard Time)","7524.00","7525.00","7518.75","7522.25"
"Thu Sep 19 2024 14:35:00 GMT+0530 (India Standard Time)","7522.25","7525.00","7514.00","7519.90"
"Thu Sep 19 2024 14:40:00 GMT+0530 (India Standard Time)","7519.90","7524.60","7516.75","7522.00"
"Thu Sep 19 2024 14:45:00 GMT+0530 (India Standard Time)","7522.00","7525.00","7520.55","7521.70"
"Thu Sep 19 2024 14:50:00 GMT+0530 (India Standard Time)","7521.70","7523.50","7516.70","7517.90"
"Thu Sep 19 2024 14:55:00 GMT+0530 (India Standard Time)","7517.90","7525.60","7515.00","7521.20"
"Thu Sep 19 2024 15:00:00 GMT+0530 (India Standard Time)","7520.15","7525.40","7518.65","7525.00"
"Thu Sep 19 2024 15:05:00 GMT+0530 (India Standard Time)","7525.00","7526.60","7520.00","7525.00"
"Thu Sep 19 2024 15:10:00 GMT+0530 (India Standard Time)","7525.00","7525.10","7520.05","7524.95"
"Thu Sep 19 2024 15:15:00 GMT+0530 (India Standard Time)","7525.00","7525.00","7512.35","7516.05"
"Thu Sep 19 2024 15:20:00 GMT+0530 (India Standard Time)","7516.05","7525.00","7516.05","7525.00"
"Thu Sep 19 2024 15:25:00 GMT+0530 (India Standard Time)","7525.00","7525.00","7519.45","7525.00"
"Fri Sep 20 2024 09:15:00 GMT+0530 (India Standard Time)","7570.00","7674.00","7560.40","7669.65"
"Fri Sep 20 2024 09:20:00 GMT+0530 (India Standard Time)","7665.60","7665.80","7600.00","7619.00"
"Fri Sep 20 2024 09:25:00 GMT+0530 (India Standard Time)","7619.00","7660.95","7610.00","7632.00"
"Fri Sep 20 2024 09:30:00 GMT+0530 (India Standard Time)","7632.00","7665.00","7628.20","7661.50"
"Fri Sep 20 2024 09:35:00 GMT+0530 (India Standard Time)","7665.80","7669.80","7629.30","7644.75"
"Fri Sep 20 2024 09:40:00 GMT+0530 (India Standard Time)","7644.75","7663.00","7641.35","7649.05"
"Fri Sep 20 2024 09:45:00 GMT+0530 (India Standard Time)","7647.30","7655.00","7632.10","7647.00"
"Fri Sep 20 2024 09:50:00 GMT+0530 (India Standard Time)","7649.95","7654.90","7635.15","7639.35"
"Fri Sep 20 2024 09:55:00 GMT+0530 (India Standard Time)","7636.20","7646.90","7630.60","7643.35"
"Fri Sep 20 2024 10:00:00 GMT+0530 (India Standard Time)","7643.40","7650.00","7630.60","7639.70"
"Fri Sep 20 2024 10:05:00 GMT+0530 (India Standard Time)","7639.70","7646.00","7635.00","7639.80"
"Fri Sep 20 2024 10:10:00 GMT+0530 (India Standard Time)","7637.00","7650.00","7631.15","7642.95"
"Fri Sep 20 2024 10:15:00 GMT+0530 (India Standard Time)","7642.95","7669.35","7640.00","7655.40"
"Fri Sep 20 2024 10:20:00 GMT+0530 (India Standard Time)","7655.00","7674.00","7652.00","7664.95"
"Fri Sep 20 2024 10:25:00 GMT+0530 (India Standard Time)","7664.95","7690.70","7661.10","7676.85"
"Fri Sep 20 2024 10:30:00 GMT+0530 (India Standard Time)","7676.85","7677.00","7661.05","7665.05"
"Fri Sep 20 2024 10:35:00 GMT+0530 (India Standard Time)","7665.05","7710.00","7663.00","7708.90"
"Fri Sep 20 2024 10:40:00 GMT+0530 (India Standard Time)","7708.90","7715.00","7678.95","7678.95"
"Fri Sep 20 2024 10:45:00 GMT+0530 (India Standard Time)","7679.95","7680.00","7665.35","7669.10"
"Fri Sep 20 2024 10:50:00 GMT+0530 (India Standard Time)","7669.10","7674.10","7663.95","7670.00"
"Fri Sep 20 2024 10:55:00 GMT+0530 (India Standard Time)","7672.40","7685.00","7662.30","7674.05"
"Fri Sep 20 2024 11:00:00 GMT+0530 (India Standard Time)","7674.05","7680.00","7666.90","7674.90"
"Fri Sep 20 2024 11:05:00 GMT+0530 (India Standard Time)","7674.70","7679.60","7650.00","7656.80"
"Fri Sep 20 2024 11:10:00 GMT+0530 (India Standard Time)","7656.80","7673.85","7656.80","7673.55"
"Fri Sep 20 2024 11:15:00 GMT+0530 (India Standard Time)","7673.55","7679.95","7672.00","7672.95"
"Fri Sep 20 2024 11:20:00 GMT+0530 (India Standard Time)","7673.00","7678.50","7670.45","7673.90"
"Fri Sep 20 2024 11:25:00 GMT+0530 (India Standard Time)","7676.00","7685.00","7673.90","7678.25"
"Fri Sep 20 2024 11:30:00 GMT+0530 (India Standard Time)","7678.25","7684.30","7674.45","7674.45"
"Fri Sep 20 2024 11:35:00 GMT+0530 (India Standard Time)","7674.45","7675.00","7665.05","7671.60"
"Fri Sep 20 2024 11:40:00 GMT+0530 (India Standard Time)","7671.60","7678.05","7665.25","7677.45"
"Fri Sep 20 2024 11:45:00 GMT+0530 (India Standard Time)","7677.45","7677.45","7665.15","7672.20"
"Fri Sep 20 2024 11:50:00 GMT+0530 (India Standard Time)","7672.20","7675.00","7667.10","7667.20"
"Fri Sep 20 2024 11:55:00 GMT+0530 (India Standard Time)","7671.85","7683.95","7670.30","7676.50"
"Fri Sep 20 2024 12:00:00 GMT+0530 (India Standard Time)","7676.50","7730.60","7671.85","7725.65"
"Fri Sep 20 2024 12:05:00 GMT+0530 (India Standard Time)","7718.40","7749.90","7716.85","7739.50"
"Fri Sep 20 2024 12:10:00 GMT+0530 (India Standard Time)","7739.50","7795.00","7739.50","7790.00"
"Fri Sep 20 2024 12:15:00 GMT+0530 (India Standard Time)","7790.10","7800.00","7752.95","7758.75"
"Fri Sep 20 2024 12:20:00 GMT+0530 (India Standard Time)","7758.75","7778.60","7752.30","7771.45"
"Fri Sep 20 2024 12:25:00 GMT+0530 (India Standard Time)","7771.45","7790.75","7768.95","7768.95"
"Fri Sep 20 2024 12:30:00 GMT+0530 (India Standard Time)","7768.95","7774.95","7739.90","7739.90"
"Fri Sep 20 2024 12:35:00 GMT+0530 (India Standard Time)","7739.90","7784.90","7733.20","7770.55"
"Fri Sep 20 2024 12:40:00 GMT+0530 (India Standard Time)","7770.80","7774.50","7756.90","7762.55"
"Fri Sep 20 2024 12:45:00 GMT+0530 (India Standard Time)","7762.55","7764.00","7752.40","7755.80"
"Fri Sep 20 2024 12:50:00 GMT+0530 (India Standard Time)","7755.80","7774.20","7755.00","7755.20"
"Fri Sep 20 2024 12:55:00 GMT+0530 (India Standard Time)","7752.05","7759.00","7745.85","7747.15"
"Fri Sep 20 2024 13:00:00 GMT+0530 (India Standard Time)","7749.00","7752.15","7721.80","7725.40"
"Fri Sep 20 2024 13:05:00 GMT+0530 (India Standard Time)","7725.40","7738.55","7719.85","7735.00"
"Fri Sep 20 2024 13:10:00 GMT+0530 (India Standard Time)","7735.00","7736.90","7714.95","7715.45"
"Fri Sep 20 2024 13:15:00 GMT+0530 (India Standard Time)","7715.95","7727.40","7714.95","7718.15"
"Fri Sep 20 2024 13:20:00 GMT+0530 (India Standard Time)","7718.00","7721.95","7671.85","7697.95"
"Fri Sep 20 2024 13:25:00 GMT+0530 (India Standard Time)","7697.95","7731.35","7688.20","7731.35"
"Fri Sep 20 2024 13:30:00 GMT+0530 (India Standard Time)","7719.60","7724.95","7670.55","7701.45"
"Fri Sep 20 2024 13:35:00 GMT+0530 (India Standard Time)","7701.45","7710.00","7671.00","7683.20"
"Fri Sep 20 2024 13:40:00 GMT+0530 (India Standard Time)","7683.20","7710.00","7683.20","7696.55"
"Fri Sep 20 2024 13:45:00 GMT+0530 (India Standard Time)","7701.95","7746.15","7701.95","7740.00"
"Fri Sep 20 2024 13:50:00 GMT+0530 (India Standard Time)","7740.00","7750.00","7734.15","7738.75"
"Fri Sep 20 2024 13:55:00 GMT+0530 (India Standard Time)","7737.95","7740.00","7720.35","7739.60"
"Fri Sep 20 2024 14:00:00 GMT+0530 (India Standard Time)","7739.60","7746.00","7734.15","7740.00"
"Fri Sep 20 2024 14:05:00 GMT+0530 (India Standard Time)","7740.00","7744.90","7734.15","7744.40"
"Fri Sep 20 2024 14:10:00 GMT+0530 (India Standard Time)","7744.40","7749.00","7734.15","7740.00"
"Fri Sep 20 2024 14:15:00 GMT+0530 (India Standard Time)","7740.00","7749.00","7737.25","7749.00"
"Fri Sep 20 2024 14:20:00 GMT+0530 (India Standard Time)","7749.00","7767.45","7734.15","7738.20"
"Fri Sep 20 2024 14:25:00 GMT+0530 (India Standard Time)","7738.20","7749.50","7727.20","7734.15"
"Fri Sep 20 2024 14:30:00 GMT+0530 (India Standard Time)","7734.15","7746.00","7734.15","7742.10"
"Fri Sep 20 2024 14:35:00 GMT+0530 (India Standard Time)","7742.10","7750.00","7742.10","7742.10"
"Fri Sep 20 2024 14:40:00 GMT+0530 (India Standard Time)","7742.10","7771.00","7739.35","7763.50"
"Fri Sep 20 2024 14:45:00 GMT+0530 (India Standard Time)","7762.70","7780.50","7762.70","7777.60"
"Fri Sep 20 2024 14:50:00 GMT+0530 (India Standard Time)","7772.00","7782.00","7756.00","7775.00"
"Fri Sep 20 2024 14:55:00 GMT+0530 (India Standard Time)","7775.00","7775.00","7770.00","7773.00"
"Fri Sep 20 2024 15:00:00 GMT+0530 (India Standard Time)","7773.00","7850.00","7773.00","7813.95"
"Fri Sep 20 2024 15:05:00 GMT+0530 (India Standard Time)","7813.95","7850.00","7813.95","7843.25"
"Fri Sep 20 2024 15:10:00 GMT+0530 (India Standard Time)","7843.95","7849.95","7828.00","7835.55"
"Fri Sep 20 2024 15:15:00 GMT+0530 (India Standard Time)","7835.55","7868.30","7835.55","7868.30"
"Fri Sep 20 2024 15:20:00 GMT+0530 (India Standard Time)","7868.20","7925.00","7863.05","7921.00"
"Fri Sep 20 2024 15:25:00 GMT+0530 (India Standard Time)","7920.90","7939.00","7880.00","7900.00"
"Mon Sep 23 2024 09:15:00 GMT+0530 (India Standard Time)","7885.05","7913.80","7840.20","7857.20"
"Mon Sep 23 2024 09:20:00 GMT+0530 (India Standard Time)","7850.00","7907.00","7846.00","7890.45"
"Mon Sep 23 2024 09:25:00 GMT+0530 (India Standard Time)","7886.70","7896.00","7876.15","7886.30"
"Mon Sep 23 2024 09:30:00 GMT+0530 (India Standard Time)","7886.30","7929.85","7865.20","7877.05"
"Mon Sep 23 2024 09:35:00 GMT+0530 (India Standard Time)","7870.45","7877.35","7852.20","7855.95"
"Mon Sep 23 2024 09:40:00 GMT+0530 (India Standard Time)","7855.60","7874.95","7850.80","7870.00"
"Mon Sep 23 2024 09:45:00 GMT+0530 (India Standard Time)","7874.95","7874.95","7852.00","7855.65"
"Mon Sep 23 2024 09:50:00 GMT+0530 (India Standard Time)","7852.00","7865.00","7852.00","7862.15"
"Mon Sep 23 2024 09:55:00 GMT+0530 (India Standard Time)","7865.00","7865.00","7830.35","7837.40"
"Mon Sep 23 2024 10:00:00 GMT+0530 (India Standard Time)","7837.40","7843.70","7825.40","7825.40"
"Mon Sep 23 2024 10:05:00 GMT+0530 (India Standard Time)","7825.40","7849.90","7825.00","7847.30"
"Mon Sep 23 2024 10:10:00 GMT+0530 (India Standard Time)","7841.15","7857.15","7840.00","7856.05"
"Mon Sep 23 2024 10:15:00 GMT+0530 (India Standard Time)","7856.55","7859.00","7835.10","7843.80"
"Mon Sep 23 2024 10:20:00 GMT+0530 (India Standard Time)","7839.15","7890.80","7830.10","7875.35"
"Mon Sep 23 2024 10:25:00 GMT+0530 (India Standard Time)","7875.35","7910.00","7875.35","7905.00"
"Mon Sep 23 2024 10:30:00 GMT+0530 (India Standard Time)","7905.00","7909.00","7855.35","7868.05"
"Mon Sep 23 2024 10:35:00 GMT+0530 (India Standard Time)","7868.05","7912.50","7866.25","7875.20"
"Mon Sep 23 2024 10:40:00 GMT+0530 (India Standard Time)","7875.20","7887.80","7872.00","7887.80"
"Mon Sep 23 2024 10:45:00 GMT+0530 (India Standard Time)","7887.80","7966.25","7885.05","7957.60"
"Mon Sep 23 2024 10:50:00 GMT+0530 (India Standard Time)","7957.60","7978.00","7921.00","7934.75"
"Mon Sep 23 2024 10:55:00 GMT+0530 (India Standard Time)","7927.35","7938.00","7914.05","7925.45"
"Mon Sep 23 2024 11:00:00 GMT+0530 (India Standard Time)","7925.45","7955.00","7925.45","7943.00"
"Mon Sep 23 2024 11:05:00 GMT+0530 (India Standard Time)","7943.00","7947.60","7905.05","7906.70"
"Mon Sep 23 2024 11:10:00 GMT+0530 (India Standard Time)","7906.70","7916.85","7896.65","7899.00"
"Mon Sep 23 2024 11:15:00 GMT+0530 (India Standard Time)","7899.00","7900.00","7879.20","7884.15"
"Mon Sep 23 2024 11:20:00 GMT+0530 (India Standard Time)","7884.15","7887.95","7874.55","7882.00"
"Mon Sep 23 2024 11:25:00 GMT+0530 (India Standard Time)","7882.00","7895.00","7875.05","7895.00"
"Mon Sep 23 2024 11:30:00 GMT+0530 (India Standard Time)","7895.00","7900.00","7892.00","7897.90"
"Mon Sep 23 2024 11:35:00 GMT+0530 (India Standard Time)","7897.90","7900.00","7881.20","7887.90"
"Mon Sep 23 2024 11:40:00 GMT+0530 (India Standard Time)","7887.90","7895.00","7881.20","7885.20"
"Mon Sep 23 2024 11:45:00 GMT+0530 (India Standard Time)","7885.20","7889.05","7851.90","7859.00"
"Mon Sep 23 2024 11:50:00 GMT+0530 (India Standard Time)","7859.00","7877.40","7828.00","7845.45"
"Mon Sep 23 2024 11:55:00 GMT+0530 (India Standard Time)","7845.45","7852.00","7838.15","7846.95"
"Mon Sep 23 2024 12:00:00 GMT+0530 (India Standard Time)","7846.95","7846.95","7817.20","7823.15"
"Mon Sep 23 2024 12:05:00 GMT+0530 (India Standard Time)","7823.15","7825.00","7817.40","7825.00"
"Mon Sep 23 2024 12:10:00 GMT+0530 (India Standard Time)","7825.00","7830.00","7822.00","7829.60"
"Mon Sep 23 2024 12:15:00 GMT+0530 (India Standard Time)","7829.60","7840.00","7821.45","7832.25"
"Mon Sep 23 2024 12:20:00 GMT+0530 (India Standard Time)","7832.25","7839.95","7820.05","7824.60"
"Mon Sep 23 2024 12:25:00 GMT+0530 (India Standard Time)","7824.60","7829.50","7821.10","7829.00"
"Mon Sep 23 2024 12:30:00 GMT+0530 (India Standard Time)","7828.90","7830.00","7822.00","7825.00"
"Mon Sep 23 2024 12:35:00 GMT+0530 (India Standard Time)","7825.00","7827.00","7821.05","7826.60"
"Mon Sep 23 2024 12:40:00 GMT+0530 (India Standard Time)","7826.60","7827.00","7818.00","7821.00"
"Mon Sep 23 2024 12:45:00 GMT+0530 (India Standard Time)","7818.00","7825.00","7816.00","7825.00"
"Mon Sep 23 2024 12:50:00 GMT+0530 (India Standard Time)","7825.00","7825.00","7816.10","7821.50"
"Mon Sep 23 2024 12:55:00 GMT+0530 (India Standard Time)","7821.50","7825.00","7820.00","7822.95"
"Mon Sep 23 2024 13:00:00 GMT+0530 (India Standard Time)","7822.95","7827.00","7822.05","7827.00"
"Mon Sep 23 2024 13:05:00 GMT+0530 (India Standard Time)","7827.00","7827.00","7822.75","7825.95"
"Mon Sep 23 2024 13:10:00 GMT+0530 (India Standard Time)","7825.95","7826.00","7820.35","7824.95"
"Mon Sep 23 2024 13:15:00 GMT+0530 (India Standard Time)","7824.95","7830.00","7822.15","7827.90"
"Mon Sep 23 2024 13:20:00 GMT+0530 (India Standard Time)","7827.90","7828.00","7822.15","7822.15"
"Mon Sep 23 2024 13:25:00 GMT+0530 (India Standard Time)","7822.15","7830.00","7822.00","7827.75"
"Mon Sep 23 2024 13:30:00 GMT+0530 (India Standard Time)","7823.70","7830.00","7823.70","7829.95"
"Mon Sep 23 2024 13:35:00 GMT+0530 (India Standard Time)","7829.95","7843.00","7825.10","7843.00"
"Mon Sep 23 2024 13:40:00 GMT+0530 (India Standard Time)","7843.00","7858.00","7836.05","7850.35"
"Mon Sep 23 2024 13:45:00 GMT+0530 (India Standard Time)","7850.35","7872.15","7850.00","7869.00"
"Mon Sep 23 2024 13:50:00 GMT+0530 (India Standard Time)","7869.00","7870.00","7827.60","7837.75"
"Mon Sep 23 2024 13:55:00 GMT+0530 (India Standard Time)","7837.75","7845.45","7835.00","7836.00"
"Mon Sep 23 2024 14:00:00 GMT+0530 (India Standard Time)","7836.00","7848.00","7835.00","7847.45"
"Mon Sep 23 2024 14:05:00 GMT+0530 (India Standard Time)","7847.45","7847.45","7837.35","7846.00"
"Mon Sep 23 2024 14:10:00 GMT+0530 (India Standard Time)","7846.00","7846.00","7831.00","7835.00"
"Mon Sep 23 2024 14:15:00 GMT+0530 (India Standard Time)","7833.45","7839.90","7832.00","7839.90"
"Mon Sep 23 2024 14:20:00 GMT+0530 (India Standard Time)","7839.90","7840.00","7833.05","7833.55"
"Mon Sep 23 2024 14:25:00 GMT+0530 (India Standard Time)","7833.55","7836.80","7831.00","7832.90"
"Mon Sep 23 2024 14:30:00 GMT+0530 (India Standard Time)","7833.00","7833.00","7821.05","7821.05"
"Mon Sep 23 2024 14:35:00 GMT+0530 (India Standard Time)","7821.05","7826.00","7820.00","7822.00"
"Mon Sep 23 2024 14:40:00 GMT+0530 (India Standard Time)","7822.00","7833.00","7820.00","7830.00"
"Mon Sep 23 2024 14:45:00 GMT+0530 (India Standard Time)","7830.00","7838.60","7819.30","7838.60"
"Mon Sep 23 2024 14:50:00 GMT+0530 (India Standard Time)","7832.80","7862.60","7831.45","7853.95"
"Mon Sep 23 2024 14:55:00 GMT+0530 (India Standard Time)","7853.95","7853.95","7802.30","7820.00"
"Mon Sep 23 2024 15:00:00 GMT+0530 (India Standard Time)","7818.90","7848.00","7818.90","7844.00"
"Mon Sep 23 2024 15:05:00 GMT+0530 (India Standard Time)","7841.05","7849.55","7828.65","7844.50"
"Mon Sep 23 2024 15:10:00 GMT+0530 (India Standard Time)","7844.50","7849.80","7831.55","7842.00"
"Mon Sep 23 2024 15:15:00 GMT+0530 (India Standard Time)","7840.10","7840.10","7810.00","7835.00"
"Mon Sep 23 2024 15:20:00 GMT+0530 (India Standard Time)","7835.00","7836.00","7823.50","7835.75"
"Mon Sep 23 2024 15:25:00 GMT+0530 (India Standard Time)","7835.80","7836.00","7816.05","7820.00"
"Tue Sep 24 2024 09:15:00 GMT+0530 (India Standard Time)","7850.00","7855.00","7810.00","7815.05"
"Tue Sep 24 2024 09:20:00 GMT+0530 (India Standard Time)","7819.75","7844.95","7801.25","7827.85"
"Tue Sep 24 2024 09:25:00 GMT+0530 (India Standard Time)","7827.85","7837.50","7800.00","7800.05"
"Tue Sep 24 2024 09:30:00 GMT+0530 (India Standard Time)","7802.00","7820.00","7800.05","7815.95"
"Tue Sep 24 2024 09:35:00 GMT+0530 (India Standard Time)","7811.55","7829.90","7811.55","7829.00"
"Tue Sep 24 2024 09:40:00 GMT+0530 (India Standard Time)","7829.00","7829.00","7806.20","7812.55"
"Tue Sep 24 2024 09:45:00 GMT+0530 (India Standard Time)","7808.45","7828.95","7808.45","7816.00"
"Tue Sep 24 2024 09:50:00 GMT+0530 (India Standard Time)","7819.55","7827.00","7813.00","7814.00"
"Tue Sep 24 2024 09:55:00 GMT+0530 (India Standard Time)","7814.00","7814.00","7804.05","7804.15"
"Tue Sep 24 2024 10:00:00 GMT+0530 (India Standard Time)","7804.00","7812.05","7790.00","7794.70"
"Tue Sep 24 2024 10:05:00 GMT+0530 (India Standard Time)","7795.00","7809.60","7794.70","7803.75"
"Tue Sep 24 2024 10:10:00 GMT+0530 (India Standard Time)","7803.45","7805.10","7789.00","7795.70"
"Tue Sep 24 2024 10:15:00 GMT+0530 (India Standard Time)","7795.70","7805.90","7792.90","7801.60"
"Tue Sep 24 2024 10:20:00 GMT+0530 (India Standard Time)","7798.00","7820.00","7796.15","7812.30"
"Tue Sep 24 2024 10:25:00 GMT+0530 (India Standard Time)","7812.30","7845.00","7812.30","7840.00"
"Tue Sep 24 2024 10:30:00 GMT+0530 (India Standard Time)","7840.00","7863.80","7830.00","7844.40"
"Tue Sep 24 2024 10:35:00 GMT+0530 (India Standard Time)","7843.90","7886.90","7840.00","7875.15"
"Tue Sep 24 2024 10:40:00 GMT+0530 (India Standard Time)","7875.15","7962.00","7875.00","7955.00"
"Tue Sep 24 2024 10:45:00 GMT+0530 (India Standard Time)","7955.65","7960.00","7912.30","7940.00"
"Tue Sep 24 2024 10:50:00 GMT+0530 (India Standard Time)","7940.05","7944.85","7916.00","7929.95"
"Tue Sep 24 2024 10:55:00 GMT+0530 (India Standard Time)","7929.95","7948.00","7925.10","7935.05"
"Tue Sep 24 2024 11:00:00 GMT+0530 (India Standard Time)","7935.05","7935.05","7887.80","7890.45"
"Tue Sep 24 2024 11:05:00 GMT+0530 (India Standard Time)","7890.45","7899.45","7874.95","7874.95"
"Tue Sep 24 2024 11:10:00 GMT+0530 (India Standard Time)","7884.00","7903.55","7870.10","7893.10"
"Tue Sep 24 2024 11:15:00 GMT+0530 (India Standard Time)","7894.45","7894.60","7871.10","7872.15"
"Tue Sep 24 2024 11:20:00 GMT+0530 (India Standard Time)","7872.15","7880.00","7846.80","7852.50"
"Tue Sep 24 2024 11:25:00 GMT+0530 (India Standard Time)","7854.70","7856.10","7848.90","7854.20"
"Tue Sep 24 2024 11:30:00 GMT+0530 (India Standard Time)","7854.20","7872.00","7852.00","7865.35"
"Tue Sep 24 2024 11:35:00 GMT+0530 (India Standard Time)","7861.00","7884.80","7861.00","7881.75"
"Tue Sep 24 2024 11:40:00 GMT+0530 (India Standard Time)","7881.75","7881.75","7864.75","7874.40"
"Tue Sep 24 2024 11:45:00 GMT+0530 (India Standard Time)","7874.40","7874.40","7859.95","7864.20"
"Tue Sep 24 2024 11:50:00 GMT+0530 (India Standard Time)","7864.20","7874.00","7864.20","7867.35"
"Tue Sep 24 2024 11:55:00 GMT+0530 (India Standard Time)","7867.00","7872.50","7861.75","7866.40"
"Tue Sep 24 2024 12:00:00 GMT+0530 (India Standard Time)","7866.40","7883.40","7866.00","7876.55"
"Tue Sep 24 2024 12:05:00 GMT+0530 (India Standard Time)","7876.55","7886.00","7876.25","7876.55"
"Tue Sep 24 2024 12:10:00 GMT+0530 (India Standard Time)","7876.55","7884.45","7871.05","7877.85"
"Tue Sep 24 2024 12:15:00 GMT+0530 (India Standard Time)","7877.85","7878.15","7858.00","7862.35"