"Date","Open","High","Low","Close"
"Mon Sep 30 2024 11:40:00 GMT+0530 (India Standard Time)","7727.95","7734.30","7720.05","7730.75"
"Mon Sep 30 2024 11:45:00 GMT+0530 (India Standard Time)","7730.75","7740.00","7728.35","7734.35"
"Mon Sep 30 2024 11:50:00 GMT+0530 (India Standard Time)","7734.35","7742.00","7733.70","7739.90"
"Mon Sep 30 2024 11:55:00 GMT+0530 (India Standard Time)","7739.90","7741.70","7731.05","7738.00"
"Mon Sep 30 2024 12:00:00 GMT+0530 (India Standard Time)","7738.00","7738.00","7730.00","7735.00"
"Mon Sep 30 2024 12:05:00 GMT+0530 (India Standard Time)","7737.00","7740.00","7735.20","7735.55"
"Mon Sep 30 2024 12:10:00 GMT+0530 (India Standard Time)","7739.95","7745.00","7734.00","7745.00"
"Mon Sep 30 2024 12:15:00 GMT+0530 (India Standard Time)","7745.95","7758.85","7742.95","7751.10"
"Mon Sep 30 2024 12:20:00 GMT+0530 (India Standard Time)","7751.10","7766.00","7746.20","7763.95"
"Mon Sep 30 2024 12:25:00 GMT+0530 (India Standard Time)","7766.00","7785.00","7764.00","7773.05"
"Mon Sep 30 2024 12:30:00 GMT+0530 (India Standard Time)","7776.00","7776.00","7751.00","7758.85"
"Mon Sep 30 2024 12:35:00 GMT+0530 (India Standard Time)","7758.85","7763.95","7750.00","7750.00"
"Mon Sep 30 2024 12:40:00 GMT+0530 (India Standard Time)","7750.00","7765.25","7750.00","7759.05"
"Mon Sep 30 2024 12:45:00 GMT+0530 (India Standard Time)","7759.05","7759.05","7754.10","7757.00"
"Mon Sep 30 2024 12:50:00 GMT+0530 (India Standard Time)","7757.00","7764.40","7757.00","7759.35"
"Mon Sep 30 2024 12:55:00 GMT+0530 (India Standard Time)","7763.90","7770.00","7758.90","7764.15"
"Mon Sep 30 2024 13:00:00 GMT+0530 (India Standard Time)","7764.15","7770.00","7761.35","7769.95"
"Mon Sep 30 2024 13:05:00 GMT+0530 (India Standard Time)","7769.95","7770.00","7756.70","7763.00"
"Mon Sep 30 2024 13:10:00 GMT+0530 (India Standard Time)","7763.00","7763.00","7755.10","7759.90"
"Mon Sep 30 2024 13:15:00 GMT+0530 (India Standard Time)","7759.90","7759.90","7750.05","7757.95"
"Mon Sep 30 2024 13:20:00 GMT+0530 (India Standard Time)","7757.95","7757.95","7750.05","7755.00"
"Mon Sep 30 2024 13:25:00 GMT+0530 (India Standard Time)","7756.00","7757.00","7750.50","7754.95"
"Mon Sep 30 2024 13:30:00 GMT+0530 (India Standard Time)","7750.50","7755.00","7750.00","7754.95"
"Mon Sep 30 2024 13:35:00 GMT+0530 (India Standard Time)","7755.00","7759.00","7750.90","7759.00"
"Mon Sep 30 2024 13:40:00 GMT+0530 (India Standard Time)","7759.00","7759.00","7750.75","7751.90"
"Mon Sep 30 2024 13:45:00 GMT+0530 (India Standard Time)","7751.90","7754.00","7750.10","7754.00"
"Mon Sep 30 2024 13:50:00 GMT+0530 (India Standard Time)","7754.00","7756.50","7750.20","7755.25"
"Mon Sep 30 2024 13:55:00 GMT+0530 (India Standard Time)","7751.40","7755.25","7745.00","7746.00"
"Mon Sep 30 2024 14:00:00 GMT+0530 (India Standard Time)","7745.00","7746.00","7737.00","7746.00"
"Mon Sep 30 2024 14:05:00 GMT+0530 (India Standard Time)","7749.55","7756.30","7749.55","7750.00"
"Mon Sep 30 2024 14:10:00 GMT+0530 (India Standard Time)","7750.00","7753.15","7744.85","7751.50"
"Mon Sep 30 2024 14:15:00 GMT+0530 (India Standard Time)","7751.50","7753.35","7744.15","7753.00"
"Mon Sep 30 2024 14:20:00 GMT+0530 (India Standard Time)","7753.30","7754.70","7740.70","7744.55"
"Mon Sep 30 2024 14:25:00 GMT+0530 (India Standard Time)","7744.55","7751.10","7740.75","7744.35"
"Mon Sep 30 2024 14:30:00 GMT+0530 (India Standard Time)","7744.35","7752.20","7743.85","7745.35"
"Mon Sep 30 2024 14:35:00 GMT+0530 (India Standard Time)","7750.50","7750.50","7733.00","7739.20"
"Mon Sep 30 2024 14:40:00 GMT+0530 (India Standard Time)","7738.75","7744.55","7733.00","7740.00"
"Mon Sep 30 2024 14:45:00 GMT+0530 (India Standard Time)","7740.00","7741.00","7732.35","7740.50"
"Mon Sep 30 2024 14:50:00 GMT+0530 (India Standard Time)","7740.50","7743.95","7734.65","7737.80"
"Mon Sep 30 2024 14:55:00 GMT+0530 (India Standard Time)","7735.00","7753.15","7735.00","7753.15"
"Mon Sep 30 2024 15:00:00 GMT+0530 (India Standard Time)","7753.15","7754.00","7725.45","7735.10"
"Mon Sep 30 2024 15:05:00 GMT+0530 (India Standard Time)","7735.70","7740.35","7722.65","7729.80"
"Mon Sep 30 2024 15:10:00 GMT+0530 (India Standard Time)","7729.45","7737.00","7729.00","7733.85"
"Mon Sep 30 2024 15:15:00 GMT+0530 (India Standard Time)","7728.05","7736.50","7715.00","7719.00"
"Mon Sep 30 2024 15:20:00 GMT+0530 (India Standard Time)","7719.00","7722.30","7710.85","7718.20"
"Mon Sep 30 2024 15:25:00 GMT+0530 (India Standard Time)","7718.00","7740.60","7700.05","7740.60"
"Tue Oct 01 2024 09:15:00 GMT+0530 (India Standard Time)","7725.00","7785.85","7725.00","7770.00"
"Tue Oct 01 2024 09:20:00 GMT+0530 (India Standard Time)","7770.00","7770.00","7737.05","7744.95"
"Tue Oct 01 2024 09:25:00 GMT+0530 (India Standard Time)","7745.00","7773.40","7742.00","7742.00"
"Tue Oct 01 2024 09:30:00 GMT+0530 (India Standard Time)","7739.20","7766.55","7739.20","7753.15"
"Tue Oct 01 2024 09:35:00 GMT+0530 (India Standard Time)","7753.15","7783.00","7752.80","7779.00"
"Tue Oct 01 2024 09:40:00 GMT+0530 (India Standard Time)","7779.00","7785.00","7760.00","7767.15"
"Tue Oct 01 2024 09:45:00 GMT+0530 (India Standard Time)","7767.15","7770.00","7761.45","7763.85"
"Tue Oct 01 2024 09:50:00 GMT+0530 (India Standard Time)","7762.35","7765.95","7753.20","7759.80"
"Tue Oct 01 2024 09:55:00 GMT+0530 (India Standard Time)","7759.80","7760.00","7746.10","7755.00"
"Tue Oct 01 2024 10:00:00 GMT+0530 (India Standard Time)","7755.00","7760.00","7750.20","7755.15"
"Tue Oct 01 2024 10:05:00 GMT+0530 (India Standard Time)","7755.15","7765.00","7725.60","7762.40"
"Tue Oct 01 2024 10:10:00 GMT+0530 (India Standard Time)","7762.00","7775.15","7755.05","7770.00"
"Tue Oct 01 2024 10:15:00 GMT+0530 (India Standard Time)","7770.00","7807.95","7766.00","7787.45"
"Tue Oct 01 2024 10:20:00 GMT+0530 (India Standard Time)","7786.10","7788.50","7770.15","7774.15"
"Tue Oct 01 2024 10:25:00 GMT+0530 (India Standard Time)","7771.00","7779.75","7756.30","7765.95"
"Tue Oct 01 2024 10:30:00 GMT+0530 (India Standard Time)","7765.95","7768.65","7750.00","7750.45"
"Tue Oct 01 2024 10:35:00 GMT+0530 (India Standard Time)","7750.45","7759.35","7750.00","7752.00"
"Tue Oct 01 2024 10:40:00 GMT+0530 (India Standard Time)","7752.00","7756.40","7735.00","7739.00"
"Tue Oct 01 2024 10:45:00 GMT+0530 (India Standard Time)","7739.05","7758.05","7739.05","7750.00"
"Tue Oct 01 2024 10:50:00 GMT+0530 (India Standard Time)","7750.00","7755.00","7740.80","7742.75"
"Tue Oct 01 2024 10:55:00 GMT+0530 (India Standard Time)","7747.05","7762.00","7741.75","7760.20"
"Tue Oct 01 2024 11:00:00 GMT+0530 (India Standard Time)","7760.20","7770.00","7755.95","7761.85"
"Tue Oct 01 2024 11:05:00 GMT+0530 (India Standard Time)","7761.85","7765.00","7745.05","7750.10"
"Tue Oct 01 2024 11:10:00 GMT+0530 (India Standard Time)","7750.10","7756.00","7745.40","7749.35"
"Tue Oct 01 2024 11:15:00 GMT+0530 (India Standard Time)","7749.35","7756.90","7747.00","7750.45"
"Tue Oct 01 2024 11:20:00 GMT+0530 (India Standard Time)","7750.45","7762.60","7750.30","7759.00"
"Tue Oct 01 2024 11:25:00 GMT+0530 (India Standard Time)","7759.00","7764.75","7755.50","7760.00"
"Tue Oct 01 2024 11:30:00 GMT+0530 (India Standard Time)","7760.00","7761.55","7750.00","7754.00"
"Tue Oct 01 2024 11:35:00 GMT+0530 (India Standard Time)","7754.00","7762.85","7750.00","7751.05"
"Tue Oct 01 2024 11:40:00 GMT+0530 (India Standard Time)","7750.55","7755.85","7745.50","7748.00"
"Tue Oct 01 2024 11:45:00 GMT+0530 (India Standard Time)","7750.00","7754.80","7742.30","7750.05"
"Tue Oct 01 2024 11:50:00 GMT+0530 (India Standard Time)","7753.00","7755.00","7745.00","7750.00"
"Tue Oct 01 2024 11:55:00 GMT+0530 (India Standard Time)","7750.00","7757.05","7745.00","7745.00"
"Tue Oct 01 2024 12:00:00 GMT+0530 (India Standard Time)","7748.45","7765.75","7745.00","7761.00"
"Tue Oct 01 2024 12:05:00 GMT+0530 (India Standard Time)","7761.00","7775.95","7761.00","7763.55"
"Tue Oct 01 2024 12:10:00 GMT+0530 (India Standard Time)","7763.55","7770.20","7755.10","7756.05"
"Tue Oct 01 2024 12:15:00 GMT+0530 (India Standard Time)","7756.05","7770.30","7751.00","7770.30"
"Tue Oct 01 2024 12:20:00 GMT+0530 (India Standard Time)","7770.30","7771.55","7755.50","7756.10"
"Tue Oct 01 2024 12:25:00 GMT+0530 (India Standard Time)","7756.10","7765.60","7750.00","7760.00"
"Tue Oct 01 2024 12:30:00 GMT+0530 (India Standard Time)","7763.70","7770.00","7760.00","7768.85"
"Tue Oct 01 2024 12:35:00 GMT+0530 (India Standard Time)","7768.85","7774.00","7761.00","7761.00"
"Tue Oct 01 2024 12:40:00 GMT+0530 (India Standard Time)","7761.00","7768.65","7761.00","7761.00"
"Tue Oct 01 2024 12:45:00 GMT+0530 (India Standard Time)","7762.35","7765.00","7761.00","7761.00"
"Tue Oct 01 2024 12:50:00 GMT+0530 (India Standard Time)","7761.00","7768.80","7760.00","7765.00"
"Tue Oct 01 2024 12:55:00 GMT+0530 (India Standard Time)","7765.00","7768.45","7759.55","7761.35"
"Tue Oct 01 2024 13:00:00 GMT+0530 (India Standard Time)","7765.95","7769.75","7761.25","7767.05"
"Tue Oct 01 2024 13:05:00 GMT+0530 (India Standard Time)","7767.05","7769.90","7764.70","7764.85"
"Tue Oct 01 2024 13:10:00 GMT+0530 (India Standard Time)","7764.85","7790.00","7764.55","7780.50"
"Tue Oct 01 2024 13:15:00 GMT+0530 (India Standard Time)","7780.50","7795.20","7780.00","7790.05"
"Tue Oct 01 2024 13:20:00 GMT+0530 (India Standard Time)","7790.05","7790.10","7770.10","7770.10"
"Tue Oct 01 2024 13:25:00 GMT+0530 (India Standard Time)","7770.10","7786.00","7769.95","7786.00"
"Tue Oct 01 2024 13:30:00 GMT+0530 (India Standard Time)","7787.95","7795.00","7779.05","7781.20"
"Tue Oct 01 2024 13:35:00 GMT+0530 (India Standard Time)","7781.20","7785.00","7775.90","7784.95"
"Tue Oct 01 2024 13:40:00 GMT+0530 (India Standard Time)","7784.95","7785.00","7780.00","7783.00"
"Tue Oct 01 2024 13:45:00 GMT+0530 (India Standard Time)","7783.00","7789.95","7776.05","7787.15"
"Tue Oct 01 2024 13:50:00 GMT+0530 (India Standard Time)","7793.90","7793.90","7778.80","7787.95"
"Tue Oct 01 2024 13:55:00 GMT+0530 (India Standard Time)","7787.95","7789.95","7780.80","7781.50"
"Tue Oct 01 2024 14:00:00 GMT+0530 (India Standard Time)","7781.50","7795.00","7781.50","7785.00"
"Tue Oct 01 2024 14:05:00 GMT+0530 (India Standard Time)","7785.00","7790.00","7782.30","7787.05"
"Tue Oct 01 2024 14:10:00 GMT+0530 (India Standard Time)","7787.05","7790.00","7785.15","7790.00"
"Tue Oct 01 2024 14:15:00 GMT+0530 (India Standard Time)","7790.00","7790.35","7780.00","7782.20"
"Tue Oct 01 2024 14:20:00 GMT+0530 (India Standard Time)","7785.00","7785.00","7770.70","7773.85"
"Tue Oct 01 2024 14:25:00 GMT+0530 (India Standard Time)","7773.85","7778.60","7766.45","7767.50"
"Tue Oct 01 2024 14:30:00 GMT+0530 (India Standard Time)","7767.50","7774.00","7766.60","7770.00"
"Tue Oct 01 2024 14:35:00 GMT+0530 (India Standard Time)","7770.00","7775.00","7766.00","7772.20"
"Tue Oct 01 2024 14:40:00 GMT+0530 (India Standard Time)","7770.55","7783.25","7770.55","7777.90"
"Tue Oct 01 2024 14:45:00 GMT+0530 (India Standard Time)","7778.00","7778.00","7773.00","7773.95"
"Tue Oct 01 2024 14:50:00 GMT+0530 (India Standard Time)","7773.95","7773.95","7765.00","7767.95"
"Tue Oct 01 2024 14:55:00 GMT+0530 (India Standard Time)","7765.00","7777.55","7760.00","7777.55"
"Tue Oct 01 2024 15:00:00 GMT+0530 (India Standard Time)","7773.60","7778.85","7752.05","7760.00"
"Tue Oct 01 2024 15:05:00 GMT+0530 (India Standard Time)","7761.55","7777.65","7761.00","7770.00"
"Tue Oct 01 2024 15:10:00 GMT+0530 (India Standard Time)","7771.75","7775.00","7770.00","7772.70"
"Tue Oct 01 2024 15:15:00 GMT+0530 (India Standard Time)","7774.50","7774.50","7742.15","7757.10"
"Tue Oct 01 2024 15:20:00 GMT+0530 (India Standard Time)","7757.35","7775.00","7757.35","7775.00"
"Tue Oct 01 2024 15:25:00 GMT+0530 (India Standard Time)","7773.75","7777.00","7770.00","7770.00"
"Thu Oct 03 2024 09:15:00 GMT+0530 (India Standard Time)","7689.05","7733.00","7641.00","7701.05"
"Thu Oct 03 2024 09:20:00 GMT+0530 (India Standard Time)","7704.45","7704.45","7680.25","7686.70"
"Thu Oct 03 2024 09:25:00 GMT+0530 (India Standard Time)","7691.95","7718.00","7687.25","7717.95"
"Thu Oct 03 2024 09:30:00 GMT+0530 (India Standard Time)","7717.95","7720.00","7702.00","7709.95"
"Thu Oct 03 2024 09:35:00 GMT+0530 (India Standard Time)","7709.95","7730.00","7702.30","7710.00"
"Thu Oct 03 2024 09:40:00 GMT+0530 (India Standard Time)","7710.00","7725.00","7705.20","7725.00"
"Thu Oct 03 2024 09:45:00 GMT+0530 (India Standard Time)","7721.10","7730.00","7716.05","7724.65"
"Thu Oct 03 2024 09:50:00 GMT+0530 (India Standard Time)","7724.65","7724.65","7699.00","7703.05"
"Thu Oct 03 2024 09:55:00 GMT+0530 (India Standard Time)","7703.80","7712.50","7692.05","7696.35"
"Thu Oct 03 2024 10:00:00 GMT+0530 (India Standard Time)","7696.35","7698.95","7681.00","7693.95"
"Thu Oct 03 2024 10:05:00 GMT+0530 (India Standard Time)","7693.95","7698.95","7685.65","7694.05"
"Thu Oct 03 2024 10:10:00 GMT+0530 (India Standard Time)","7694.00","7694.00","7677.00","7683.75"
"Thu Oct 03 2024 10:15:00 GMT+0530 (India Standard Time)","7683.75","7684.35","7663.50","7673.85"
"Thu Oct 03 2024 10:20:00 GMT+0530 (India Standard Time)","7673.85","7682.45","7668.10","7678.65"
"Thu Oct 03 2024 10:25:00 GMT+0530 (India Standard Time)","7678.65","7679.25","7659.90","7666.00"
"Thu Oct 03 2024 10:30:00 GMT+0530 (India Standard Time)","7669.05","7679.90","7662.65","7679.90"
"Thu Oct 03 2024 10:35:00 GMT+0530 (India Standard Time)","7678.95","7678.95","7664.00","7664.00"
"Thu Oct 03 2024 10:40:00 GMT+0530 (India Standard Time)","7666.95","7667.55","7652.00","7655.00"
"Thu Oct 03 2024 10:45:00 GMT+0530 (India Standard Time)","7655.00","7668.00","7650.00","7663.00"
"Thu Oct 03 2024 10:50:00 GMT+0530 (India Standard Time)","7664.65","7668.20","7660.00","7665.75"
"Thu Oct 03 2024 10:55:00 GMT+0530 (India Standard Time)","7665.70","7670.00","7661.85","7670.00"
"Thu Oct 03 2024 11:00:00 GMT+0530 (India Standard Time)","7670.00","7672.20","7663.00","7666.00"
"Thu Oct 03 2024 11:05:00 GMT+0530 (India Standard Time)","7662.05","7666.10","7652.00","7655.00"
"Thu Oct 03 2024 11:10:00 GMT+0530 (India Standard Time)","7652.35","7658.00","7651.00","7655.00"
"Thu Oct 03 2024 11:15:00 GMT+0530 (India Standard Time)","7655.00","7658.35","7640.15","7645.00"
"Thu Oct 03 2024 11:20:00 GMT+0530 (India Standard Time)","7645.00","7649.00","7638.20","7648.15"
"Thu Oct 03 2024 11:25:00 GMT+0530 (India Standard Time)","7648.15","7650.00","7638.65","7643.00"
"Thu Oct 03 2024 11:30:00 GMT+0530 (India Standard Time)","7643.00","7649.80","7638.00","7639.20"
"Thu Oct 03 2024 11:35:00 GMT+0530 (India Standard Time)","7639.25","7650.00","7632.20","7646.90"
"Thu Oct 03 2024 11:40:00 GMT+0530 (India Standard Time)","7646.90","7649.95","7640.65","7645.65"
"Thu Oct 03 2024 11:45:00 GMT+0530 (India Standard Time)","7643.40","7645.65","7624.60","7630.25"
"Thu Oct 03 2024 11:50:00 GMT+0530 (India Standard Time)","7626.40","7632.00","7620.85","7625.30"
"Thu Oct 03 2024 11:55:00 GMT+0530 (India Standard Time)","7625.35","7631.20","7618.00","7624.00"
"Thu Oct 03 2024 12:00:00 GMT+0530 (India Standard Time)","7624.00","7628.30","7615.45","7623.95"
"Thu Oct 03 2024 12:05:00 GMT+0530 (India Standard Time)","7620.00","7632.00","7615.00","7628.15"
"Thu Oct 03 2024 12:10:00 GMT+0530 (India Standard Time)","7627.10","7643.30","7622.25","7629.50"
"Thu Oct 03 2024 12:15:00 GMT+0530 (India Standard Time)","7629.50","7644.95","7629.50","7642.55"
"Thu Oct 03 2024 12:20:00 GMT+0530 (India Standard Time)","7638.90","7644.85","7630.60","7641.00"
"Thu Oct 03 2024 12:25:00 GMT+0530 (India Standard Time)","7637.60","7641.60","7630.00","7635.55"
"Thu Oct 03 2024 12:30:00 GMT+0530 (India Standard Time)","7635.45","7644.00","7630.30","7644.00"
"Thu Oct 03 2024 12:35:00 GMT+0530 (India Standard Time)","7640.70","7665.00","7639.70","7659.95"
"Thu Oct 03 2024 12:40:00 GMT+0530 (India Standard Time)","7658.25","7672.20","7653.25","7657.35"
"Thu Oct 03 2024 12:45:00 GMT+0530 (India Standard Time)","7651.70","7662.95","7650.00","7655.60"
"Thu Oct 03 2024 12:50:00 GMT+0530 (India Standard Time)","7652.35","7659.95","7651.15","7659.60"
"Thu Oct 03 2024 12:55:00 GMT+0530 (India Standard Time)","7659.65","7659.65","7649.00","7656.70"
"Thu Oct 03 2024 13:00:00 GMT+0530 (India Standard Time)","7652.40","7658.00","7645.45","7655.00"
"Thu Oct 03 2024 13:05:00 GMT+0530 (India Standard Time)","7654.95","7659.00","7649.50","7652.50"
"Thu Oct 03 2024 13:10:00 GMT+0530 (India Standard Time)","7649.50","7656.00","7646.85","7653.00"
"Thu Oct 03 2024 13:15:00 GMT+0530 (India Standard Time)","7653.00","7653.95","7641.00","7647.70"
"Thu Oct 03 2024 13:20:00 GMT+0530 (India Standard Time)","7646.40","7655.00","7641.00","7643.00"
"Thu Oct 03 2024 13:25:00 GMT+0530 (India Standard Time)","7643.00","7650.60","7641.00","7649.05"
"Thu Oct 03 2024 13:30:00 GMT+0530 (India Standard Time)","7644.05","7650.00","7641.00","7648.25"
"Thu Oct 03 2024 13:35:00 GMT+0530 (India Standard Time)","7641.90","7648.10","7636.00","7639.40"
"Thu Oct 03 2024 13:40:00 GMT+0530 (India Standard Time)","7635.50","7646.95","7630.00","7641.70"
"Thu Oct 03 2024 13:45:00 GMT+0530 (India Standard Time)","7640.00","7648.00","7635.00","7647.85"
"Thu Oct 03 2024 13:50:00 GMT+0530 (India Standard Time)","7647.85","7648.00","7635.00","7639.70"
"Thu Oct 03 2024 13:55:00 GMT+0530 (India Standard Time)","7639.60","7639.80","7624.85","7630.70"
"Thu Oct 03 2024 14:00:00 GMT+0530 (India Standard Time)","7630.50","7631.15","7620.00","7629.65"
"Thu Oct 03 2024 14:05:00 GMT+0530 (India Standard Time)","7626.70","7640.70","7622.60","7639.30"
"Thu Oct 03 2024 14:10:00 GMT+0530 (India Standard Time)","7643.95","7643.95","7625.70","7636.85"
"Thu Oct 03 2024 14:15:00 GMT+0530 (India Standard Time)","7632.50","7637.00","7629.00","7630.45"
"Thu Oct 03 2024 14:20:00 GMT+0530 (India Standard Time)","7630.45","7635.20","7622.60","7629.95"
"Thu Oct 03 2024 14:25:00 GMT+0530 (India Standard Time)","7629.95","7632.50","7626.00","7628.00"
"Thu Oct 03 2024 14:30:00 GMT+0530 (India Standard Time)","7628.30","7634.70","7626.45","7632.90"
"Thu Oct 03 2024 14:35:00 GMT+0530 (India Standard Time)","7632.90","7643.40","7626.85","7642.35"
"Thu Oct 03 2024 14:40:00 GMT+0530 (India Standard Time)","7637.50","7642.10","7635.00","7636.60"
"Thu Oct 03 2024 14:45:00 GMT+0530 (India Standard Time)","7636.60","7638.00","7629.95","7634.95"
"Thu Oct 03 2024 14:50:00 GMT+0530 (India Standard Time)","7630.95","7636.60","7616.00","7620.00"
"Thu Oct 03 2024 14:55:00 GMT+0530 (India Standard Time)","7616.30","7621.45","7612.30","7612.30"
"Thu Oct 03 2024 15:00:00 GMT+0530 (India Standard Time)","7611.00","7613.85","7600.00","7602.00"
"Thu Oct 03 2024 15:05:00 GMT+0530 (India Standard Time)","7601.95","7606.05","7590.00","7594.65"
"Thu Oct 03 2024 15:10:00 GMT+0530 (India Standard Time)","7590.90","7600.00","7590.00","7590.60"
"Thu Oct 03 2024 15:15:00 GMT+0530 (India Standard Time)","7597.50","7599.70","7570.00","7577.55"
"Thu Oct 03 2024 15:20:00 GMT+0530 (India Standard Time)","7577.55","7584.75","7570.00","7581.10"
"Thu Oct 03 2024 15:25:00 GMT+0530 (India Standard Time)","7584.20","7599.00","7580.00","7599.00"
"Fri Oct 04 2024 09:15:00 GMT+0530 (India Standard Time)","7589.00","7608.00","7549.90","7549.90"
"Fri Oct 04 2024 09:20:00 GMT+0530 (India Standard Time)","7551.95","7555.60","7524.75","7527.35"
"Fri Oct 04 2024 09:25:00 GMT+0530 (India Standard Time)","7522.90","7526.40","7490.10","7511.55"
"Fri Oct 04 2024 09:30:00 GMT+0530 (India Standard Time)","7511.55","7511.55","7451.00","7486.80"
"Fri Oct 04 2024 09:35:00 GMT+0530 (India Standard Time)","7488.95","7495.00","7464.95","7478.55"
"Fri Oct 04 2024 09:40:00 GMT+0530 (India Standard Time)","7478.90","7523.00","7465.00","7523.00"
"Fri Oct 04 2024 09:45:00 GMT+0530 (India Standard Time)","7520.80","7545.00","7520.80","7541.05"
"Fri Oct 04 2024 09:50:00 GMT+0530 (India Standard Time)","7545.00","7568.55","7536.40","7554.00"
"Fri Oct 04 2024 09:55:00 GMT+0530 (India Standard Time)","7552.60","7575.00","7552.60","7574.00"
"Fri Oct 04 2024 10:00:00 GMT+0530 (India Standard Time)","7574.00","7581.00","7561.00","7581.00"
"Fri Oct 04 2024 10:05:00 GMT+0530 (India Standard Time)","7581.00","7586.00","7564.45","7565.45"
"Fri Oct 04 2024 10:10:00 GMT+0530 (India Standard Time)","7571.25","7577.60","7560.00","7575.00"
"Fri Oct 04 2024 10:15:00 GMT+0530 (India Standard Time)","7568.55","7582.25","7541.15","7550.00"
"Fri Oct 04 2024 10:20:00 GMT+0530 (India Standard Time)","7550.15","7564.80","7545.00","7552.95"
"Fri Oct 04 2024 10:25:00 GMT+0530 (India Standard Time)","7552.95","7565.00","7550.30","7551.10"
"Fri Oct 04 2024 10:30:00 GMT+0530 (India Standard Time)","7553.65","7565.65","7552.00","7564.00"
"Fri Oct 04 2024 10:35:00 GMT+0530 (India Standard Time)","7564.00","7595.30","7562.35","7583.00"
"Fri Oct 04 2024 10:40:00 GMT+0530 (India Standard Time)","7581.65","7596.50","7580.20","7587.80"
"Fri Oct 04 2024 10:45:00 GMT+0530 (India Standard Time)","7587.80","7597.60","7581.20","7584.90"
"Fri Oct 04 2024 10:50:00 GMT+0530 (India Standard Time)","7584.90","7604.00","7584.90","7604.00"
"Fri Oct 04 2024 10:55:00 GMT+0530 (India Standard Time)","7604.00","7628.90","7603.95","7612.00"
"Fri Oct 04 2024 11:00:00 GMT+0530 (India Standard Time)","7616.95","7616.95","7596.65","7607.00"
"Fri Oct 04 2024 11:05:00 GMT+0530 (India Standard Time)","7600.60","7613.70","7598.75","7607.00"
"Fri Oct 04 2024 11:10:00 GMT+0530 (India Standard Time)","7604.10","7615.75","7600.15","7610.15"
"Fri Oct 04 2024 11:15:00 GMT+0530 (India Standard Time)","7610.15","7612.60","7600.05","7602.00"
"Fri Oct 04 2024 11:20:00 GMT+0530 (India Standard Time)","7602.00","7620.40","7591.10","7597.50"
"Fri Oct 04 2024 11:25:00 GMT+0530 (India Standard Time)","7597.50","7604.10","7590.00","7595.20"
"Fri Oct 04 2024 11:30:00 GMT+0530 (India Standard Time)","7595.20","7603.20","7595.20","7599.80"
"Fri Oct 04 2024 11:35:00 GMT+0530 (India Standard Time)","7599.80","7602.85","7594.00","7599.95"
"Fri Oct 04 2024 11:40:00 GMT+0530 (India Standard Time)","7599.95","7600.00","7595.80","7599.00"
"Fri Oct 04 2024 11:45:00 GMT+0530 (India Standard Time)","7599.00","7599.70","7592.60","7599.00"
"Fri Oct 04 2024 11:50:00 GMT+0530 (India Standard Time)","7599.00","7620.00","7599.00","7618.45"
"Fri Oct 04 2024 11:55:00 GMT+0530 (India Standard Time)","7612.65","7618.00","7607.05","7610.10"
"Fri Oct 04 2024 12:00:00 GMT+0530 (India Standard Time)","7610.10","7614.50","7607.35","7611.90"
"Fri Oct 04 2024 12:05:00 GMT+0530 (India Standard Time)","7606.65","7609.00","7602.00","7604.45"
"Fri Oct 04 2024 12:10:00 GMT+0530 (India Standard Time)","7604.45","7608.00","7592.40","7598.20"
"Fri Oct 04 2024 12:15:00 GMT+0530 (India Standard Time)","7598.20","7604.90","7595.00","7599.90"
"Fri Oct 04 2024 12:20:00 GMT+0530 (India Standard Time)","7599.90","7599.90","7595.00","7599.90"
"Fri Oct 04 2024 12:25:00 GMT+0530 (India Standard Time)","7599.90","7605.00","7599.90","7603.00"
"Fri Oct 04 2024 12:30:00 GMT+0530 (India Standard Time)","7603.00","7605.00","7592.40","7592.40"
"Fri Oct 04 2024 12:35:00 GMT+0530 (India Standard Time)","7592.40","7597.10","7571.60","7578.10"
"Fri Oct 04 2024 12:40:00 GMT+0530 (India Standard Time)","7579.95","7579.95","7555.10","7557.95"
"Fri Oct 04 2024 12:45:00 GMT+0530 (India Standard Time)","7557.95","7578.10","7557.00","7560.00"
"Fri Oct 04 2024 12:50:00 GMT+0530 (India Standard Time)","7560.00","7575.00","7556.45","7575.00"
"Fri Oct 04 2024 12:55:00 GMT+0530 (India Standard Time)","7575.00","7578.10","7556.40","7556.40"
"Fri Oct 04 2024 13:00:00 GMT+0530 (India Standard Time)","7557.10","7557.10","7530.00","7535.05"
"Fri Oct 04 2024 13:05:00 GMT+0530 (India Standard Time)","7535.05","7550.00","7534.25","7545.90"
"Fri Oct 04 2024 13:10:00 GMT+0530 (India Standard Time)","7550.00","7558.30","7540.55","7543.90"
"Fri Oct 04 2024 13:15:00 GMT+0530 (India Standard Time)","7543.90","7558.25","7537.05","7550.80"
"Fri Oct 04 2024 13:20:00 GMT+0530 (India Standard Time)","7550.85","7555.25","7547.00","7548.10"
"Fri Oct 04 2024 13:25:00 GMT+0530 (India Standard Time)","7548.10","7552.70","7536.20","7549.55"
"Fri Oct 04 2024 13:30:00 GMT+0530 (India Standard Time)","7549.55","7549.55","7532.35","7535.00"
"Fri Oct 04 2024 13:35:00 GMT+0530 (India Standard Time)","7532.00","7537.45","7524.00","7525.20"
"Fri Oct 04 2024 13:40:00 GMT+0530 (India Standard Time)","7525.20","7540.00","7521.00","7540.00"
"Fri Oct 04 2024 13:45:00 GMT+0530 (India Standard Time)","7540.00","7540.00","7524.35","7532.15"
"Fri Oct 04 2024 13:50:00 GMT+0530 (India Standard Time)","7532.15","7539.95","7525.55","7525.55"
"Fri Oct 04 2024 13:55:00 GMT+0530 (India Standard Time)","7525.55","7529.80","7512.00","7512.00"
"Fri Oct 04 2024 14:00:00 GMT+0530 (India Standard Time)","7515.05","7523.70","7513.00","7519.00"
"Fri Oct 04 2024 14:05:00 GMT+0530 (India Standard Time)","7519.00","7519.00","7507.45","7507.95"
"Fri Oct 04 2024 14:10:00 GMT+0530 (India Standard Time)","7511.35","7517.00","7506.60","7512.85"
"Fri Oct 04 2024 14:15:00 GMT+0530 (India Standard Time)","7512.85","7520.10","7510.00","7515.00"
"Fri Oct 04 2024 14:20:00 GMT+0530 (India Standard Time)","7515.00","7515.00","7500.00","7505.00"
"Fri Oct 04 2024 14:25:00 GMT+0530 (India Standard Time)","7505.00","7508.70","7496.40","7496.70"
"Fri Oct 04 2024 14:30:00 GMT+0530 (India Standard Time)","7496.70","7522.30","7495.05","7515.00"
"Fri Oct 04 2024 14:35:00 GMT+0530 (India Standard Time)","7515.00","7522.10","7507.00","7512.95"
"Fri Oct 04 2024 14:40:00 GMT+0530 (India Standard Time)","7512.95","7520.00","7506.05","7510.00"
"Fri Oct 04 2024 14:45:00 GMT+0530 (India Standard Time)","7510.00","7513.45","7501.10","7504.05"
"Fri Oct 04 2024 14:50:00 GMT+0530 (India Standard Time)","7504.05","7506.95","7492.15","7497.00"
"Fri Oct 04 2024 14:55:00 GMT+0530 (India Standard Time)","7499.00","7506.90","7491.05","7499.95"
"Fri Oct 04 2024 15:00:00 GMT+0530 (India Standard Time)","7500.00","7619.00","7492.15","7594.00"
"Fri Oct 04 2024 15:05:00 GMT+0530 (India Standard Time)","7594.00","7605.90","7562.05","7585.85"
"Fri Oct 04 2024 15:10:00 GMT+0530 (India Standard Time)","7589.00","7595.65","7565.45","7579.95"
"Fri Oct 04 2024 15:15:00 GMT+0530 (India Standard Time)","7582.95","7584.70","7541.05","7576.15"
"Fri Oct 04 2024 15:20:00 GMT+0530 (India Standard Time)","7576.15","7580.00","7544.65","7580.00"
"Fri Oct 04 2024 15:25:00 GMT+0530 (India Standard Time)","7580.00","7595.00","7550.00","7560.00"
"Mon Oct 07 2024 09:15:00 GMT+0530 (India Standard Time)","7580.00","7627.95","7580.00","7614.95"
"Mon Oct 07 2024 09:20:00 GMT+0530 (India Standard Time)","7607.60","7621.50","7592.85","7612.00"
"Mon Oct 07 2024 09:25:00 GMT+0530 (India Standard Time)","7612.00","7612.00","7576.10","7585.45"
"Mon Oct 07 2024 09:30:00 GMT+0530 (India Standard Time)","7586.15","7588.15","7570.10","7578.00"
"Mon Oct 07 2024 09:35:00 GMT+0530 (India Standard Time)","7577.00","7585.00","7570.00","7574.00"
"Mon Oct 07 2024 09:40:00 GMT+0530 (India Standard Time)","7574.00","7575.00","7552.05","7562.25"
"Mon Oct 07 2024 09:45:00 GMT+0530 (India Standard Time)","7557.65","7562.20","7525.35","7537.30"
"Mon Oct 07 2024 09:50:00 GMT+0530 (India Standard Time)","7533.15","7540.45","7511.05","7515.80"
"Mon Oct 07 2024 09:55:00 GMT+0530 (India Standard Time)","7516.70","7518.40","7480.15","7499.70"
"Mon Oct 07 2024 10:00:00 GMT+0530 (India Standard Time)","7499.75","7499.90","7460.50","7472.00"
"Mon Oct 07 2024 10:05:00 GMT+0530 (India Standard Time)","7471.95","7480.00","7462.60","7462.60"
"Mon Oct 07 2024 10:10:00 GMT+0530 (India Standard Time)","7465.35","7465.35","7440.20","7449.30"
"Mon Oct 07 2024 10:15:00 GMT+0530 (India Standard Time)","7449.30","7449.30","7415.95","7423.90"
"Mon Oct 07 2024 10:20:00 GMT+0530 (India Standard Time)","7423.90","7449.80","7411.10","7438.90"
"Mon Oct 07 2024 10:25:00 GMT+0530 (India Standard Time)","7438.90","7439.30","7390.00","7400.00"
"Mon Oct 07 2024 10:30:00 GMT+0530 (India Standard Time)","7400.00","7412.00","7390.00","7395.15"
"Mon Oct 07 2024 10:35:00 GMT+0530 (India Standard Time)","7395.15","7403.00","7381.00","7385.60"
"Mon Oct 07 2024 10:40:00 GMT+0530 (India Standard Time)","7386.40","7394.40","7370.00","7379.25"
"Mon Oct 07 2024 10:45:00 GMT+0530 (India Standard Time)","7379.25","7390.00","7352.00","7364.05"
"Mon Oct 07 2024 10:50:00 GMT+0530 (India Standard Time)","7363.30","7383.00","7360.00","7378.60"
"Mon Oct 07 2024 10:55:00 GMT+0530 (India Standard Time)","7373.20","7392.50","7371.55","7386.65"
"Mon Oct 07 2024 11:00:00 GMT+0530 (India Standard Time)","7386.65","7387.90","7360.05","7363.70"
"Mon Oct 07 2024 11:05:00 GMT+0530 (India Standard Time)","7360.70","7388.30","7353.50","7382.40"
"Mon Oct 07 2024 11:10:00 GMT+0530 (India Standard Time)","7382.40","7416.00","7375.10","7404.10"
"Mon Oct 07 2024 11:15:00 GMT+0530 (India Standard Time)","7409.25","7470.00","7404.10","7455.95"
"Mon Oct 07 2024 11:20:00 GMT+0530 (India Standard Time)","7455.05","7463.95","7430.05","7462.95"
"Mon Oct 07 2024 11:25:00 GMT+0530 (India Standard Time)","7457.50","7475.00","7440.00","7449.85"
"Mon Oct 07 2024 11:30:00 GMT+0530 (India Standard Time)","7449.40","7459.85","7442.50","7453.55"
"Mon Oct 07 2024 11:35:00 GMT+0530 (India Standard Time)","7457.50","7458.00","7440.00","7447.00"
"Mon Oct 07 2024 11:40:00 GMT+0530 (India Standard Time)","7447.00","7455.00","7440.45","7447.45"
"Mon Oct 07 2024 11:45:00 GMT+0530 (India Standard Time)","7442.65","7461.00","7442.65","7453.55"
"Mon Oct 07 2024 11:50:00 GMT+0530 (India Standard Time)","7453.55","7453.80","7425.00","7432.15"
"Mon Oct 07 2024 11:55:00 GMT+0530 (India Standard Time)","7432.15","7440.00","7421.60","7421.60"
"Mon Oct 07 2024 12:00:00 GMT+0530 (India Standard Time)","7424.95","7428.60","7412.35","7412.35"
"Mon Oct 07 2024 12:05:00 GMT+0530 (India Standard Time)","7412.35","7426.00","7412.20","7418.65"
"Mon Oct 07 2024 12:10:00 GMT+0530 (India Standard Time)","7423.50","7434.65","7418.70","7434.65"
"Mon Oct 07 2024 12:15:00 GMT+0530 (India Standard Time)","7434.70","7434.75","7410.25","7410.25"
"Mon Oct 07 2024 12:20:00 GMT+0530 (India Standard Time)","7410.25","7428.00","7410.05","7427.05"
"Mon Oct 07 2024 12:25:00 GMT+0530 (India Standard Time)","7427.05","7432.30","7410.05","7417.00"
"Mon Oct 07 2024 12:30:00 GMT+0530 (India Standard Time)","7417.00","7426.90","7408.60","7410.05"
"Mon Oct 07 2024 12:35:00 GMT+0530 (India Standard Time)","7412.00","7416.35","7406.05","7416.35"
"Mon Oct 07 2024 12:40:00 GMT+0530 (India Standard Time)","7416.35","7416.95","7404.35","7408.00"
"Mon Oct 07 2024 12:45:00 GMT+0530 (India Standard Time)","7408.00","7409.10","7390.10","7400.75"
"Mon Oct 07 2024 12:50:00 GMT+0530 (India Standard Time)","7390.00","7404.45","7390.00","7397.65"
"Mon Oct 07 2024 12:55:00 GMT+0530 (India Standard Time)","7397.65","7403.10","7397.00","7403.00"
"Mon Oct 07 2024 13:00:00 GMT+0530 (India Standard Time)","7403.00","7403.00","7388.60","7395.00"
"Mon Oct 07 2024 13:05:00 GMT+0530 (India Standard Time)","7390.95","7394.20","7386.00","7386.00"
"Mon Oct 07 2024 13:10:00 GMT+0530 (India Standard Time)","7386.00","7396.60","7386.00","7391.50"
"Mon Oct 07 2024 13:15:00 GMT+0530 (India Standard Time)","7391.50","7393.80","7381.80","7383.95"
"Mon Oct 07 2024 13:20:00 GMT+0530 (India Standard Time)","7383.95","7410.00","7382.00","7399.90"
"Mon Oct 07 2024 13:25:00 GMT+0530 (India Standard Time)","7399.90","7425.00","7393.95","7425.00"
"Mon Oct 07 2024 13:30:00 GMT+0530 (India Standard Time)","7425.00","7429.95","7412.65","7418.50"
"Mon Oct 07 2024 13:35:00 GMT+0530 (India Standard Time)","7423.85","7429.35","7411.70","7415.00"
"Mon Oct 07 2024 13:40:00 GMT+0530 (India Standard Time)","7415.85","7425.00","7402.55","7414.80"
"Mon Oct 07 2024 13:45:00 GMT+0530 (India Standard Time)","7417.50","7428.00","7401.10","7401.40"
"Mon Oct 07 2024 13:50:00 GMT+0530 (India Standard Time)","7406.55","7430.00","7400.20","7429.20"
"Mon Oct 07 2024 13:55:00 GMT+0530 (India Standard Time)","7429.20","7449.70","7421.60","7434.40"
"Mon Oct 07 2024 14:00:00 GMT+0530 (India Standard Time)","7435.05","7449.00","7410.65","7433.70"
"Mon Oct 07 2024 14:05:00 GMT+0530 (India Standard Time)","7437.85","7443.90","7422.65","7431.00"
"Mon Oct 07 2024 14:10:00 GMT+0530 (India Standard Time)","7435.00","7436.40","7415.00","7415.95"
"Mon Oct 07 2024 14:15:00 GMT+0530 (India Standard Time)","7416.00","7416.00","7401.00","7402.70"
"Mon Oct 07 2024 14:20:00 GMT+0530 (India Standard Time)","7402.70","7418.25","7402.70","7406.15"
"Mon Oct 07 2024 14:25:00 GMT+0530 (India Standard Time)","7406.15","7418.45","7400.30","7402.00"
"Mon Oct 07 2024 14:30:00 GMT+0530 (India Standard Time)","7402.05","7407.90","7393.80","7404.00"
"Mon Oct 07 2024 14:35:00 GMT+0530 (India Standard Time)","7403.20","7407.95","7390.20","7390.20"
"Mon Oct 07 2024 14:40:00 GMT+0530 (India Standard Time)","7390.20","7420.00","7385.10","7419.00"
"Mon Oct 07 2024 14:45:00 GMT+0530 (India Standard Time)","7415.85","7429.65","7408.20","7427.95"
"Mon Oct 07 2024 14:50:00 GMT+0530 (India Standard Time)","7437.00","7449.60","7425.40","7427.95"
"Mon Oct 07 2024 14:55:00 GMT+0530 (India Standard Time)","7427.95","7432.05","7417.00","7420.95"
"Mon Oct 07 2024 15:00:00 GMT+0530 (India Standard Time)","7420.95","7440.00","7420.00","7437.80"
"Mon Oct 07 2024 15:05:00 GMT+0530 (India Standard Time)","7437.80","7455.85","7424.05","7436.00"
"Mon Oct 07 2024 15:10:00 GMT+0530 (India Standard Time)","7436.00","7445.35","7411.85","7417.25"
"Mon Oct 07 2024 15:15:00 GMT+0530 (India Standard Time)","7417.20","7431.90","7405.05","7424.25"
"Mon Oct 07 2024 15:20:00 GMT+0530 (India Standard Time)","7424.15","7435.85","7415.00","7424.05"
"Mon Oct 07 2024 15:25:00 GMT+0530 (India Standard Time)","7424.05","7446.70","7419.60","7436.00"
"Tue Oct 08 2024 09:15:00 GMT+0530 (India Standard Time)","7430.00","7436.00","7380.00","7385.90"
"Tue Oct 08 2024 09:20:00 GMT+0530 (India Standard Time)","7384.05","7427.00","7381.05","7420.00"
"Tue Oct 08 2024 09:25:00 GMT+0530 (India Standard Time)","7420.00","7425.45","7405.05","7411.85"
"Tue Oct 08 2024 09:30:00 GMT+0530 (India Standard Time)","7411.85","7434.75","7405.90","7418.20"
"Tue Oct 08 2024 09:35:00 GMT+0530 (India Standard Time)","7418.20","7428.00","7390.00","7421.35"
"Tue Oct 08 2024 09:40:00 GMT+0530 (India Standard Time)","7421.35","7426.75","7415.30","7426.30"
"Tue Oct 08 2024 09:45:00 GMT+0530 (India Standard Time)","7423.95","7487.30","7423.95","7486.00"
"Tue Oct 08 2024 09:50:00 GMT+0530 (India Standard Time)","7486.00","7498.70","7464.05","7469.05"
"Tue Oct 08 2024 09:55:00 GMT+0530 (India Standard Time)","7469.00","7479.00","7465.80","7468.80"
"Tue Oct 08 2024 10:00:00 GMT+0530 (India Standard Time)","7468.80","7476.40","7435.15","7441.40"
"Tue Oct 08 2024 10:05:00 GMT+0530 (India Standard Time)","7441.40","7474.40","7440.00","7465.00"
"Tue Oct 08 2024 10:10:00 GMT+0530 (India Standard Time)","7461.45","7471.00","7456.00","7471.00"
"Tue Oct 08 2024 10:15:00 GMT+0530 (India Standard Time)","7471.00","7474.00","7460.00","7464.35"
"Tue Oct 08 2024 10:20:00 GMT+0530 (India Standard Time)","7464.35","7472.30","7457.15","7460.05"
"Tue Oct 08 2024 10:25:00 GMT+0530 (India Standard Time)","7460.05","7474.70","7460.05","7465.90"
"Tue Oct 08 2024 10:30:00 GMT+0530 (India Standard Time)","7465.95","7498.00","7463.30","7494.05"
"Tue Oct 08 2024 10:35:00 GMT+0530 (India Standard Time)","7494.05","7524.60","7490.00","7519.70"
"Tue Oct 08 2024 10:40:00 GMT+0530 (India Standard Time)","7515.50","7534.00","7512.05","7526.45"
"Tue Oct 08 2024 10:45:00 GMT+0530 (India Standard Time)","7526.45","7530.50","7492.90","7505.95"
"Tue Oct 08 2024 10:50:00 GMT+0530 (India Standard Time)","7505.95","7512.25","7492.75","7498.00"
"Tue Oct 08 2024 10:55:00 GMT+0530 (India Standard Time)","7495.35","7513.25","7485.00","7500.00"
"Tue Oct 08 2024 11:00:00 GMT+0530 (India Standard Time)","7500.00","7532.00","7500.00","7519.80"
"Tue Oct 08 2024 11:05:00 GMT+0530 (India Standard Time)","7519.80","7524.95","7511.20","7524.00"
"Tue Oct 08 2024 11:10:00 GMT+0530 (India Standard Time)","7524.00","7545.00","7520.05","7545.00"
"Tue Oct 08 2024 11:15:00 GMT+0530 (India Standard Time)","7545.00","7580.00","7541.70","7580.00"
"Tue Oct 08 2024 11:20:00 GMT+0530 (India Standard Time)","7580.00","7588.95","7566.35","7580.00"
"Tue Oct 08 2024 11:25:00 GMT+0530 (India Standard Time)","7583.25","7593.70","7575.00","7584.85"
"Tue Oct 08 2024 11:30:00 GMT+0530 (India Standard Time)","7579.95","7588.95","7571.50","7577.90"
"Tue Oct 08 2024 11:35:00 GMT+0530 (India Standard Time)","7575.00","7598.80","7574.35","7592.10"
"Tue Oct 08 2024 11:40:00 GMT+0530 (India Standard Time)","7593.30","7596.00","7571.00","7583.65"
"Tue Oct 08 2024 11:45:00 GMT+0530 (India Standard Time)","7579.50","7599.00","7579.50","7585.00"
"Tue Oct 08 2024 11:50:00 GMT+0530 (India Standard Time)","7585.00","7586.15","7580.00","7581.15"
"Tue Oct 08 2024 11:55:00 GMT+0530 (India Standard Time)","7581.50","7584.80","7571.50","7578.05"
"Tue Oct 08 2024 12:00:00 GMT+0530 (India Standard Time)","7578.05","7579.00","7562.30","7578.90"
"Tue Oct 08 2024 12:05:00 GMT+0530 (India Standard Time)","7573.65","7579.00","7565.20","7576.00"
"Tue Oct 08 2024 12:10:00 GMT+0530 (India Standard Time)","7576.00","7585.00","7571.05","7584.95"
"Tue Oct 08 2024 12:15:00 GMT+0530 (India Standard Time)","7585.00","7590.60","7581.15","7585.45"
"Tue Oct 08 2024 12:20:00 GMT+0530 (India Standard Time)","7585.45","7588.00","7565.00","7581.30"
"Tue Oct 08 2024 12:25:00 GMT+0530 (India Standard Time)","7580.85","7590.00","7576.30","7586.60"
"Tue Oct 08 2024 12:30:00 GMT+0530 (India Standard Time)","7584.70","7589.90","7566.70","7573.95"
"Tue Oct 08 2024 12:35:00 GMT+0530 (India Standard Time)","7570.75","7588.95","7570.75","7583.15"
"Tue Oct 08 2024 12:40:00 GMT+0530 (India Standard Time)","7583.15","7589.00","7571.20","7575.00"
"Tue Oct 08 2024 12:45:00 GMT+0530 (India Standard Time)","7575.00","7585.05","7572.05","7579.35"
"Tue Oct 08 2024 12:50:00 GMT+0530 (India Standard Time)","7583.00","7584.35","7576.45","7578.60"
"Tue Oct 08 2024 12:55:00 GMT+0530 (India Standard Time)","7578.60","7582.00","7535.05","7545.15"
"Tue Oct 08 2024 13:00:00 GMT+0530 (India Standard Time)","7541.35","7550.00","7535.40","7549.00"
"Tue Oct 08 2024 13:05:00 GMT+0530 (India Standard Time)","7549.00","7550.00","7543.25","7550.00"
"Tue Oct 08 2024 13:10:00 GMT+0530 (India Standard Time)","7548.00","7550.00","7541.35","7547.10"
"Tue Oct 08 2024 13:15:00 GMT+0530 (India Standard Time)","7547.10","7549.55","7535.35","7545.10"
"Tue Oct 08 2024 13:20:00 GMT+0530 (India Standard Time)","7545.10","7546.80","7540.00","7546.75"
"Tue Oct 08 2024 13:25:00 GMT+0530 (India Standard Time)","7546.10","7550.00","7540.00","7546.70"
"Tue Oct 08 2024 13:30:00 GMT+0530 (India Standard Time)","7546.70","7550.00","7542.65","7549.00"
"Tue Oct 08 2024 13:35:00 GMT+0530 (India Standard Time)","7549.00","7550.85","7548.75","7549.00"
"Tue Oct 08 2024 13:40:00 GMT+0530 (India Standard Time)","7549.00","7550.50","7546.40","7548.85"
"Tue Oct 08 2024 13:45:00 GMT+0530 (India Standard Time)","7548.80","7550.05","7548.00","7550.00"
"Tue Oct 08 2024 13:50:00 GMT+0530 (India Standard Time)","7549.80","7550.05","7546.45","7549.70"
"Tue Oct 08 2024 13:55:00 GMT+0530 (India Standard Time)","7549.70","7550.00","7546.00","7549.15"
"Tue Oct 08 2024 14:00:00 GMT+0530 (India Standard Time)","7549.15","7550.00","7544.95","7549.90"
"Tue Oct 08 2024 14:05:00 GMT+0530 (India Standard Time)","7549.90","7549.90","7536.20","7543.05"
"Tue Oct 08 2024 14:10:00 GMT+0530 (India Standard Time)","7545.00","7550.00","7529.00","7542.35"
"Tue Oct 08 2024 14:15:00 GMT+0530 (India Standard Time)","7542.35","7549.50","7531.65","7539.85"
"Tue Oct 08 2024 14:20:00 GMT+0530 (India Standard Time)","7539.70","7549.70","7531.60","7544.25"
"Tue Oct 08 2024 14:25:00 GMT+0530 (India Standard Time)","7546.75","7547.00","7535.65","7542.95"
"Tue Oct 08 2024 14:30:00 GMT+0530 (India Standard Time)","7542.95","7546.00","7531.60","7534.60"
"Tue Oct 08 2024 14:35:00 GMT+0530 (India Standard Time)","7534.60","7540.00","7527.50","7540.00"
"Tue Oct 08 2024 14:40:00 GMT+0530 (India Standard Time)","7539.85","7546.00","7531.60","7545.95"
"Tue Oct 08 2024 14:45:00 GMT+0530 (India Standard Time)","7543.25","7545.95","7542.40","7542.55"
"Tue Oct 08 2024 14:50:00 GMT+0530 (India Standard Time)","7542.60","7550.00","7540.00","7550.00"
"Tue Oct 08 2024 14:55:00 GMT+0530 (India Standard Time)","7549.10","7550.00","7540.05","7548.65"
"Tue Oct 08 2024 15:00:00 GMT+0530 (India Standard Time)","7548.50","7550.00","7547.25","7550.00"
"Tue Oct 08 2024 15:05:00 GMT+0530 (India Standard Time)","7550.00","7550.00","7545.20","7550.00"
"Tue Oct 08 2024 15:10:00 GMT+0530 (India Standard Time)","7550.00","7550.00","7541.10","7546.75"
"Tue Oct 08 2024 15:15:00 GMT+0530 (India Standard Time)","7546.45","7549.00","7544.05","7549.00"
"Tue Oct 08 2024 15:20:00 GMT+0530 (India Standard Time)","7549.00","7556.80","7543.30","7545.00"
"Tue Oct 08 2024 15:25:00 GMT+0530 (India Standard Time)","7548.75","7586.00","7542.50","7560.00"
"Wed Oct 09 2024 09:15:00 GMT+0530 (India Standard Time)","7584.00","7615.00","7540.35","7592.00"
"Wed Oct 09 2024 09:20:00 GMT+0530 (India Standard Time)","7592.00","7625.00","7591.05","7617.70"
"Wed Oct 09 2024 09:25:00 GMT+0530 (India Standard Time)","7617.70","7618.50","7590.00","7601.60"
"Wed Oct 09 2024 09:30:00 GMT+0530 (India Standard Time)","7600.35","7600.35","7580.05","7593.50"
"Wed Oct 09 2024 09:35:00 GMT+0530 (India Standard Time)","7593.50","7599.75","7580.00","7595.00"
"Wed Oct 09 2024 09:40:00 GMT+0530 (India Standard Time)","7595.65","7599.95","7577.25","7590.20"
"Wed Oct 09 2024 09:45:00 GMT+0530 (India Standard Time)","7586.00","7606.10","7586.00","7606.10"
"Wed Oct 09 2024 09:50:00 GMT+0530 (India Standard Time)","7605.80","7617.70","7598.00","7617.65"
"Wed Oct 09 2024 09:55:00 GMT+0530 (India Standard Time)","7617.00","7617.70","7601.15","7613.30"
"Wed Oct 09 2024 10:00:00 GMT+0530 (India Standard Time)","7613.30","7620.00","7588.40","7594.45"
"Wed Oct 09 2024 10:05:00 GMT+0530 (India Standard Time)","7594.45","7649.00","7592.95","7627.05"
"Wed Oct 09 2024 10:10:00 GMT+0530 (India Standard Time)","7626.95","7626.95","7599.00","7605.40"
"Wed Oct 09 2024 10:15:00 GMT+0530 (India Standard Time)","7605.40","7630.00","7596.35","7601.45"
"Wed Oct 09 2024 10:20:00 GMT+0530 (India Standard Time)","7601.45","7608.65","7595.45","7601.85"
"Wed Oct 09 2024 10:25:00 GMT+0530 (India Standard Time)","7601.85","7608.65","7595.00","7596.00"
"Wed Oct 09 2024 10:30:00 GMT+0530 (India Standard Time)","7596.00","7622.85","7593.00","7617.55"
"Wed Oct 09 2024 10:35:00 GMT+0530 (India Standard Time)","7617.55","7617.85","7601.40","7604.00"
"Wed Oct 09 2024 10:40:00 GMT+0530 (India Standard Time)","7602.00","7608.00","7595.40","7604.40"
"Wed Oct 09 2024 10:45:00 GMT+0530 (India Standard Time)","7603.05","7614.00","7595.40","7607.40"
"Wed Oct 09 2024 10:50:00 GMT+0530 (India Standard Time)","7607.40","7607.40","7585.00","7593.30"
"Wed Oct 09 2024 10:55:00 GMT+0530 (India Standard Time)","7593.30","7600.90","7580.60","7590.00"
"Wed Oct 09 2024 11:00:00 GMT+0530 (India Standard Time)","7590.00","7594.50","7581.85","7587.95"
"Wed Oct 09 2024 11:05:00 GMT+0530 (India Standard Time)","7587.55","7594.65","7580.15","7591.95"
"Wed Oct 09 2024 11:10:00 GMT+0530 (India Standard Time)","7591.95","7622.80","7589.15","7620.75"
"Wed Oct 09 2024 11:15:00 GMT+0530 (India Standard Time)","7620.75","7622.75","7612.00","7615.00"
"Wed Oct 09 2024 11:20:00 GMT+0530 (India Standard Time)","7612.00","7620.90","7607.65","7616.05"
"Wed Oct 09 2024 11:25:00 GMT+0530 (India Standard Time)","7616.15","7621.50","7610.60","7615.00"
"Wed Oct 09 2024 11:30:00 GMT+0530 (India Standard Time)","7615.00","7621.50","7608.75","7608.75"
"Wed Oct 09 2024 11:35:00 GMT+0530 (India Standard Time)","7608.75","7611.90","7600.00","7604.70"
"Wed Oct 09 2024 11:40:00 GMT+0530 (India Standard Time)","7603.95","7604.50","7600.00","7603.50"
"Wed Oct 09 2024 11:45:00 GMT+0530 (India Standard Time)","7603.50","7607.70","7600.00","7604.00"
"Wed Oct 09 2024 11:50:00 GMT+0530 (India Standard Time)","7604.00","7604.00","7585.00","7592.00"
"Wed Oct 09 2024 11:55:00 GMT+0530 (India Standard Time)","7592.00","7602.75","7589.00","7594.90"
"Wed Oct 09 2024 12:00:00 GMT+0530 (India Standard Time)","7594.90","7599.00","7589.00","7597.00"
"Wed Oct 09 2024 12:05:00 GMT+0530 (India Standard Time)","7598.40","7607.70","7591.70","7596.95"
"Wed Oct 09 2024 12:10:00 GMT+0530 (India Standard Time)","7596.95","7624.95","7593.75","7622.30"
"Wed Oct 09 2024 12:15:00 GMT+0530 (India Standard Time)","7619.10","7644.40","7617.10","7637.85"
"Wed Oct 09 2024 12:20:00 GMT+0530 (India Standard Time)","7637.85","7639.95","7617.55","7627.05"
"Wed Oct 09 2024 12:25:00 GMT+0530 (India Standard Time)","7627.05","7660.00","7620.90","7647.95"
"Wed Oct 09 2024 12:30:00 GMT+0530 (India Standard Time)","7642.00","7669.90","7635.75","7658.00"
"Wed Oct 09 2024 12:35:00 GMT+0530 (India Standard Time)","7658.00","7660.00","7650.05","7656.35"
"Wed Oct 09 2024 12:40:00 GMT+0530 (India Standard Time)","7652.10","7732.60","7641.60","7731.00"
"Wed Oct 09 2024 12:45:00 GMT+0530 (India Standard Time)","7732.60","7770.75","7722.00","7730.10"
"Wed Oct 09 2024 12:50:00 GMT+0530 (India Standard Time)","7730.10","7775.00","7727.05","7731.70"
"Wed Oct 09 2024 12:55:00 GMT+0530 (India Standard Time)","7729.90","7741.05","7696.75","7701.45"
"Wed Oct 09 2024 13:00:00 GMT+0530 (India Standard Time)","7701.45","7725.70","7696.85","7716.45"
"Wed Oct 09 2024 13:05:00 GMT+0530 (India Standard Time)","7711.75","7730.00","7710.00","7720.30"
"Wed Oct 09 2024 13:10:00 GMT+0530 (India Standard Time)","7720.30","7720.30","7708.00","7713.95"
"Wed Oct 09 2024 13:15:00 GMT+0530 (India Standard Time)","7709.50","7714.00","7693.00","7700.30"
"Wed Oct 09 2024 13:20:00 GMT+0530 (India Standard Time)","7700.30","7711.00","7695.00","7703.00"
"Wed Oct 09 2024 13:25:00 GMT+0530 (India Standard Time)","7703.95","7715.60","7695.95","7700.90"
"Wed Oct 09 2024 13:30:00 GMT+0530 (India Standard Time)","7700.90","7714.95","7696.00","7708.00"
"Wed Oct 09 2024 13:35:00 GMT+0530 (India Standard Time)","7708.05","7713.95","7691.00","7703.60"
"Wed Oct 09 2024 13:40:00 GMT+0530 (India Standard Time)","7703.60","7706.15","7692.05","7705.05"
"Wed Oct 09 2024 13:45:00 GMT+0530 (India Standard Time)","7705.05","7706.95","7700.00","7700.00"
"Wed Oct 09 2024 13:50:00 GMT+0530 (India Standard Time)","7700.00","7715.00","7700.00","7714.90"
"Wed Oct 09 2024 13:55:00 GMT+0530 (India Standard Time)","7710.15","7713.65","7671.00","7671.00"
"Wed Oct 09 2024 14:00:00 GMT+0530 (India Standard Time)","7671.05","7679.95","7661.75","7665.30"
"Wed Oct 09 2024 14:05:00 GMT+0530 (India Standard Time)","7665.30","7675.00","7663.30","7670.55"
"Wed Oct 09 2024 14:10:00 GMT+0530 (India Standard Time)","7670.55","7675.00","7666.60","7669.25"
"Wed Oct 09 2024 14:15:00 GMT+0530 (India Standard Time)","7667.40","7674.95","7650.35","7655.05"
"Wed Oct 09 2024 14:20:00 GMT+0530 (India Standard Time)","7655.05","7662.25","7630.00","7636.35"
"Wed Oct 09 2024 14:25:00 GMT+0530 (India Standard Time)","7636.00","7647.45","7625.00","7630.00"
"Wed Oct 09 2024 14:30:00 GMT+0530 (India Standard Time)","7630.00","7639.90","7620.05","7623.00"
"Wed Oct 09 2024 14:35:00 GMT+0530 (India Standard Time)","7623.00","7633.95","7620.00","7630.00"
"Wed Oct 09 2024 14:40:00 GMT+0530 (India Standard Time)","7630.00","7642.50","7620.00","7632.95"
"Wed Oct 09 2024 14:45:00 GMT+0530 (India Standard Time)","7630.00","7633.80","7620.00","7625.90"
"Wed Oct 09 2024 14:50:00 GMT+0530 (India Standard Time)","7625.90","7626.30","7611.10","7624.00"
"Wed Oct 09 2024 14:55:00 GMT+0530 (India Standard Time)","7624.05","7630.00","7615.25","7625.80"
"Wed Oct 09 2024 15:00:00 GMT+0530 (India Standard Time)","7628.50","7646.00","7600.10","7602.60"
"Wed Oct 09 2024 15:05:00 GMT+0530 (India Standard Time)","7602.60","7620.65","7600.00","7616.95"
"Wed Oct 09 2024 15:10:00 GMT+0530 (India Standard Time)","7618.10","7625.00","7603.00","7603.00"
"Wed Oct 09 2024 15:15:00 GMT+0530 (India Standard Time)","7604.85","7604.85","7585.20","7594.10"
"Wed Oct 09 2024 15:20:00 GMT+0530 (India Standard Time)","7618.60","7634.75","7604.90","7629.65"
"Wed Oct 09 2024 15:25:00 GMT+0530 (India Standard Time)","7629.65","7640.00","7620.05","7629.75"
"Thu Oct 10 2024 09:15:00 GMT+0530 (India Standard Time)","7627.00","7734.80","7627.00","7680.00"
"Thu Oct 10 2024 09:20:00 GMT+0530 (India Standard Time)","7682.80","7729.70","7672.60","7711.45"
"Thu Oct 10 2024 09:25:00 GMT+0530 (India Standard Time)","7711.45","7789.00","7704.00","7766.85"
"Thu Oct 10 2024 09:30:00 GMT+0530 (India Standard Time)","7762.75","7777.85","7732.30","7736.00"
"Thu Oct 10 2024 09:35:00 GMT+0530 (India Standard Time)","7739.95","7770.00","7725.00","7736.90"
"Thu Oct 10 2024 09:40:00 GMT+0530 (India Standard Time)","7744.95","7798.00","7736.15","7766.50"
"Thu Oct 10 2024 09:45:00 GMT+0530 (India Standard Time)","7769.20","7951.40","7766.35","7929.90"
"Thu Oct 10 2024 09:50:00 GMT+0530 (India Standard Time)","7930.00","8027.00","7926.85","8010.90"
"Thu Oct 10 2024 09:55:00 GMT+0530 (India Standard Time)","8012.95","8014.00","7912.55","7949.90"
"Thu Oct 10 2024 10:00:00 GMT+0530 (India Standard Time)","7957.90","7966.25","7883.95","7929.55"
"Thu Oct 10 2024 10:05:00 GMT+0530 (India Standard Time)","7931.75","7945.00","7880.90","7907.70"
"Thu Oct 10 2024 10:10:00 GMT+0530 (India Standard Time)","7925.45","7938.00","7900.00","7921.75"
"Thu Oct 10 2024 10:15:00 GMT+0530 (India Standard Time)","7921.35","7921.65","7880.00","7882.60"
"Thu Oct 10 2024 10:20:00 GMT+0530 (India Standard Time)","7880.00","7888.40","7832.30","7875.45"
"Thu Oct 10 2024 10:25:00 GMT+0530 (India Standard Time)","7875.45","7875.45","7835.00","7849.45"
"Thu Oct 10 2024 10:30:00 GMT+0530 (India Standard Time)","7849.80","7869.40","7840.00","7861.00"
"Thu Oct 10 2024 10:35:00 GMT+0530 (India Standard Time)","7863.00","7891.40","7851.20","7878.20"
"Thu Oct 10 2024 10:40:00 GMT+0530 (India Standard Time)","7878.20","7900.10","7878.00","7890.40"
"Thu Oct 10 2024 10:45:00 GMT+0530 (India Standard Time)","7893.00","7900.00","7845.00","7859.00"
"Thu Oct 10 2024 10:50:00 GMT+0530 (India Standard Time)","7859.00","7869.50","7818.20","7818.20"
"Thu Oct 10 2024 10:55:00 GMT+0530 (India Standard Time)","7817.00","7843.05","7815.00","7822.85"
"Thu Oct 10 2024 11:00:00 GMT+0530 (India Standard Time)","7822.85","7822.85","7801.10","7802.00"
"Thu Oct 10 2024 11:05:00 GMT+0530 (India Standard Time)","7802.00","7804.05","7775.55","7793.90"
"Thu Oct 10 2024 11:10:00 GMT+0530 (India Standard Time)","7793.90","7823.55","7790.15","7806.00"
"Thu Oct 10 2024 11:15:00 GMT+0530 (India Standard Time)","7805.95","7813.95","7794.45","7806.00"
"Thu Oct 10 2024 11:20:00 GMT+0530 (India Standard Time)","7806.00","7835.00","7805.10","7835.00"
"Thu Oct 10 2024 11:25:00 GMT+0530 (India Standard Time)","7835.00","7862.05","7820.00","7846.20"
"Thu Oct 10 2024 11:30:00 GMT+0530 (India Standard Time)","7842.30","7846.25","7795.00","7807.10"
"Thu Oct 10 2024 11:35:00 GMT+0530 (India Standard Time)","7807.10","7814.95","7800.00","7810.95"
"Thu Oct 10 2024 11:40:00 GMT+0530 (India Standard Time)","7810.95","7820.80","7805.05","7812.00"
"Thu Oct 10 2024 11:45:00 GMT+0530 (India Standard Time)","7811.20","7830.00","7800.00","7830.00"
"Thu Oct 10 2024 11:50:00 GMT+0530 (India Standard Time)","7830.00","7830.00","7810.00","7822.00"
"Thu Oct 10 2024 11:55:00 GMT+0530 (India Standard Time)","7822.00","7822.00","7795.00","7801.05"
"Thu Oct 10 2024 12:00:00 GMT+0530 (India Standard Time)","7801.05","7805.00","7784.75","7795.05"
"Thu Oct 10 2024 12:05:00 GMT+0530 (India Standard Time)","7798.20","7815.00","7791.00","7805.00"
"Thu Oct 10 2024 12:10:00 GMT+0530 (India Standard Time)","7806.50","7812.00","7795.00","7810.05"
"Thu Oct 10 2024 12:15:00 GMT+0530 (India Standard Time)","7808.10","7819.00","7807.00","7814.50"
"Thu Oct 10 2024 12:20:00 GMT+0530 (India Standard Time)","7814.50","7840.55","7812.00","7840.55"
"Thu Oct 10 2024 12:25:00 GMT+0530 (India Standard Time)","7840.20","7841.90","7820.00","7828.15"
"Thu Oct 10 2024 12:30:00 GMT+0530 (India Standard Time)","7833.00","7841.00","7822.90","7828.10"
"Thu Oct 10 2024 12:35:00 GMT+0530 (India Standard Time)","7828.10","7835.00","7816.00","7818.60"
"Thu Oct 10 2024 12:40:00 GMT+0530 (India Standard Time)","7818.60","7824.35","7805.15","7810.95"
"Thu Oct 10 2024 12:45:00 GMT+0530 (India Standard Time)","7805.35","7811.25","7791.10","7805.45"
"Thu Oct 10 2024 12:50:00 GMT+0530 (India Standard Time)","7805.45","7809.95","7791.00","7798.80"
"Thu Oct 10 2024 12:55:00 GMT+0530 (India Standard Time)","7798.90","7798.90","7766.50","7777.65"
"Thu Oct 10 2024 13:00:00 GMT+0530 (India Standard Time)","7777.65","7790.00","7773.05","7776.60"
"Thu Oct 10 2024 13:05:00 GMT+0530 (India Standard Time)","7776.60","7784.10","7769.25","7776.30"
"Thu Oct 10 2024 13:10:00 GMT+0530 (India Standard Time)","7776.30","7778.00","7764.00","7764.00"
"Thu Oct 10 2024 13:15:00 GMT+0530 (India Standard Time)","7763.20","7772.00","7751.20","7771.95"
"Thu Oct 10 2024 13:20:00 GMT+0530 (India Standard Time)","7771.95","7772.00","7753.00","7759.50"
"Thu Oct 10 2024 13:25:00 GMT+0530 (India Standard Time)","7759.45","7771.70","7754.05","7763.00"
"Thu Oct 10 2024 13:30:00 GMT+0530 (India Standard Time)","7763.00","7784.95","7763.00","7777.00"
"Thu Oct 10 2024 13:35:00 GMT+0530 (India Standard Time)","7777.00","7783.80","7770.80","7777.00"
"Thu Oct 10 2024 13:40:00 GMT+0530 (India Standard Time)","7779.65","7805.00","7776.30","7803.00"
"Thu Oct 10 2024 13:45:00 GMT+0530 (India Standard Time)","7797.25","7822.50","7795.50","7809.00"
"Thu Oct 10 2024 13:50:00 GMT+0530 (India Standard Time)","7809.00","7820.00","7781.30","7781.35"
"Thu Oct 10 2024 13:55:00 GMT+0530 (India Standard Time)","7781.35","7792.00","7781.00","7781.10"
"Thu Oct 10 2024 14:00:00 GMT+0530 (India Standard Time)","7781.10","7794.90","7781.05","7788.05"
"Thu Oct 10 2024 14:05:00 GMT+0530 (India Standard Time)","7788.05","7792.00","7781.05","7783.50"
"Thu Oct 10 2024 14:10:00 GMT+0530 (India Standard Time)","7783.50","7786.85","7770.00","7780.00"
"Thu Oct 10 2024 14:15:00 GMT+0530 (India Standard Time)","7780.00","7800.00","7778.40","7792.20"
"Thu Oct 10 2024 14:20:00 GMT+0530 (India Standard Time)","7792.20","7808.95","7788.05","7802.00"
"Thu Oct 10 2024 14:25:00 GMT+0530 (India Standard Time)","7802.00","7813.00","7790.00","7790.00"
"Thu Oct 10 2024 14:30:00 GMT+0530 (India Standard Time)","7794.55","7797.65","7783.00","7792.05"
"Thu Oct 10 2024 14:35:00 GMT+0530 (India Standard Time)","7792.10","7808.50","7781.05","7806.00"
"Thu Oct 10 2024 14:40:00 GMT+0530 (India Standard Time)","7808.00","7808.65","7797.20","7799.50"
"Thu Oct 10 2024 14:45:00 GMT+0530 (India Standard Time)","7800.00","7861.00","7787.30","7861.00"
"Thu Oct 10 2024 14:50:00 GMT+0530 (India Standard Time)","7859.95","7865.00","7802.25","7814.55"
"Thu Oct 10 2024 14:55:00 GMT+0530 (India Standard Time)","7810.00","7823.50","7807.80","7810.00"
"Thu Oct 10 2024 15:00:00 GMT+0530 (India Standard Time)","7810.00","7833.95","7810.00","7819.95"
"Thu Oct 10 2024 15:05:00 GMT+0530 (India Standard Time)","7817.00","7827.80","7780.50","7803.00"
"Thu Oct 10 2024 15:10:00 GMT+0530 (India Standard Time)","7804.40","7805.00","7750.00","7757.85"
"Thu Oct 10 2024 15:15:00 GMT+0530 (India Standard Time)","7757.90","7758.90","7722.00","7735.00"
"Thu Oct 10 2024 15:20:00 GMT+0530 (India Standard Time)","7733.95","7741.70","7712.00","7721.00"
"Thu Oct 10 2024 15:25:00 GMT+0530 (India Standard Time)","7721.00","7750.00","7713.90","7740.00"
"Fri Oct 11 2024 09:15:00 GMT+0530 (India Standard Time)","7800.00","7948.70","7800.00","7856.15"
"Fri Oct 11 2024 09:20:00 GMT+0530 (India Standard Time)","7870.00","7983.90","7863.15","7983.60"
"Fri Oct 11 2024 09:25:00 GMT+0530 (India Standard Time)","7980.00","7985.00","7900.30","7904.50"
"Fri Oct 11 2024 09:30:00 GMT+0530 (India Standard Time)","7904.50","7924.50","7875.50","7891.95"
"Fri Oct 11 2024 09:35:00 GMT+0530 (India Standard Time)","7891.95","7898.15","7850.00","7857.00"
"Fri Oct 11 2024 09:40:00 GMT+0530 (India Standard Time)","7855.30","7859.85","7824.25","7845.00"
"Fri Oct 11 2024 09:45:00 GMT+0530 (India Standard Time)","7847.65","7886.00","7840.00","7861.90"
"Fri Oct 11 2024 09:50:00 GMT+0530 (India Standard Time)","7861.90","7874.00","7848.00","7860.00"
"Fri Oct 11 2024 09:55:00 GMT+0530 (India Standard Time)","7860.00","7864.25","7830.00","7830.70"
"Fri Oct 11 2024 10:00:00 GMT+0530 (India Standard Time)","7835.10","7839.90","7811.60","7828.25"
"Fri Oct 11 2024 10:05:00 GMT+0530 (India Standard Time)","7832.50","7832.50","7782.70","7786.10"
"Fri Oct 11 2024 10:10:00 GMT+0530 (India Standard Time)","7793.00","7811.15","7780.00","7791.60"
"Fri Oct 11 2024 10:15:00 GMT+0530 (India Standard Time)","7791.60","7799.20","7785.30","7789.15"
"Fri Oct 11 2024 10:20:00 GMT+0530 (India Standard Time)","7789.15","7803.10","7785.75","7802.85"
"Fri Oct 11 2024 10:25:00 GMT+0530 (India Standard Time)","7804.30","7804.30","7766.50","7783.25"
"Fri Oct 11 2024 10:30:00 GMT+0530 (India Standard Time)","7783.25","7796.50","7775.85","7796.00"
"Fri Oct 11 2024 10:35:00 GMT+0530 (India Standard Time)","7795.95","7795.95","7776.05","7781.85"
"Fri Oct 11 2024 10:40:00 GMT+0530 (India Standard Time)","7783.95","7785.00","7761.00","7765.00"
"Fri Oct 11 2024 10:45:00 GMT+0530 (India Standard Time)","7765.00","7778.55","7762.00","7768.00"
"Fri Oct 11 2024 10:50:00 GMT+0530 (India Standard Time)","7768.00","7780.00","7765.10","7779.00"
"Fri Oct 11 2024 10:55:00 GMT+0530 (India Standard Time)","7782.00","7810.00","7776.75","7795.00"
"Fri Oct 11 2024 11:00:00 GMT+0530 (India Standard Time)","7799.55","7811.15","7795.05","7796.75"
"Fri Oct 11 2024 11:05:00 GMT+0530 (India Standard Time)","7796.70","7799.75","7776.25","7776.25"
"Fri Oct 11 2024 11:10:00 GMT+0530 (India Standard Time)","7776.00","7779.65","7765.00","7776.00"
"Fri Oct 11 2024 11:15:00 GMT+0530 (India Standard Time)","7776.00","7783.00","7769.00","7771.10"
"Fri Oct 11 2024 11:20:00 GMT+0530 (India Standard Time)","7771.10","7771.10","7740.00","7753.85"
"Fri Oct 11 2024 11:25:00 GMT+0530 (India Standard Time)","7752.90","7755.90","7741.00","7741.00"
"Fri Oct 11 2024 11:30:00 GMT+0530 (India Standard Time)","7741.30","7748.80","7700.05","7719.95"
"Fri Oct 11 2024 11:35:00 GMT+0530 (India Standard Time)","7717.30","7729.75","7701.05","7721.95"
"Fri Oct 11 2024 11:40:00 GMT+0530 (India Standard Time)","7721.95","7729.75","7717.00","7723.00"
"Fri Oct 11 2024 11:45:00 GMT+0530 (India Standard Time)","7721.75","7742.00","7721.75","7728.10"
"Fri Oct 11 2024 11:50:00 GMT+0530 (India Standard Time)","7728.10","7737.85","7725.00","7729.95"
"Fri Oct 11 2024 11:55:00 GMT+0530 (India Standard Time)","7729.95","7730.00","7705.00","7716.95"
"Fri Oct 11 2024 12:00:00 GMT+0530 (India Standard Time)","7716.95","7738.95","7713.30","7738.00"
"Fri Oct 11 2024 12:05:00 GMT+0530 (India Standard Time)","7737.05","7740.00","7720.00","7725.05"
"Fri Oct 11 2024 12:10:00 GMT+0530 (India Standard Time)","7721.95","7729.75","7720.00","7726.00"
"Fri Oct 11 2024 12:15:00 GMT+0530 (India Standard Time)","7726.00","7731.50","7710.20","7714.90"
"Fri Oct 11 2024 12:20:00 GMT+0530 (India Standard Time)","7714.90","7718.00","7710.00","7711.00"
"Fri Oct 11 2024 12:25:00 GMT+0530 (India Standard Time)","7711.00","7724.60","7710.10","7719.30"
"Fri Oct 11 2024 12:30:00 GMT+0530 (India Standard Time)","7719.30","7727.25","7719.00","7727.25"
"Fri Oct 11 2024 12:35:00 GMT+0530 (India Standard Time)","7722.30","7735.00","7722.30","7731.05"
"Fri Oct 11 2024 12:40:00 GMT+0530 (India Standard Time)","7734.45","7734.95","7730.00","7730.00"
"Fri Oct 11 2024 12:45:00 GMT+0530 (India Standard Time)","7730.00","7737.90","7730.00","7734.20"
"Fri Oct 11 2024 12:50:00 GMT+0530 (India Standard Time)","7734.20","7734.20","7724.95","7725.05"
"Fri Oct 11 2024 12:55:00 GMT+0530 (India Standard Time)","7725.05","7735.05","7723.75","7726.55"
"Fri Oct 11 2024 13:00:00 GMT+0530 (India Standard Time)","7726.55","7735.95","7725.55","7732.95"
"Fri Oct 11 2024 13:05:00 GMT+0530 (India Standard Time)","7732.95","7737.10","7730.00","7736.95"
"Fri Oct 11 2024 13:10:00 GMT+0530 (India Standard Time)","7736.95","7743.00","7732.50","7736.00"
"Fri Oct 11 2024 13:15:00 GMT+0530 (India Standard Time)","7736.00","7739.00","7727.80","7735.85"
"Fri Oct 11 2024 13:20:00 GMT+0530 (India Standard Time)","7735.85","7735.85","7728.00","7730.00"
"Fri Oct 11 2024 13:25:00 GMT+0530 (India Standard Time)","7733.50","7737.80","7728.00","7732.30"
"Fri Oct 11 2024 13:30:00 GMT+0530 (India Standard Time)","7728.50","7735.10","7717.55","7720.95"
"Fri Oct 11 2024 13:35:00 GMT+0530 (India Standard Time)","7718.05","7724.90","7712.00","7717.05"
"Fri Oct 11 2024 13:40:00 GMT+0530 (India Standard Time)","7717.00","7722.40","7717.00","7722.40"
"Fri Oct 11 2024 13:45:00 GMT+0530 (India Standard Time)","7722.50","7729.75","7720.00","7725.25"
"Fri Oct 11 2024 13:50:00 GMT+0530 (India Standard Time)","7725.20","7732.00","7723.00","7730.00"
"Fri Oct 11 2024 13:55:00 GMT+0530 (India Standard Time)","7727.15","7731.60","7719.00","7721.00"
"Fri Oct 11 2024 14:00:00 GMT+0530 (India Standard Time)","7721.00","7727.95","7718.00","7726.00"
"Fri Oct 11 2024 14:05:00 GMT+0530 (India Standard Time)","7725.00","7730.10","7722.90","7728.15"
"Fri Oct 11 2024 14:10:00 GMT+0530 (India Standard Time)","7728.00","7731.45","7721.60","7723.45"
"Fri Oct 11 2024 14:15:00 GMT+0530 (India Standard Time)","7723.45","7723.45","7708.00","7708.05"
"Fri Oct 11 2024 14:20:00 GMT+0530 (India Standard Time)","7707.35","7716.15","7707.00","7711.00"
"Fri Oct 11 2024 14:25:00 GMT+0530 (India Standard Time)","7709.90","7718.00","7707.00","7716.70"
"Fri Oct 11 2024 14:30:00 GMT+0530 (India Standard Time)","7714.00","7717.00","7710.00","7711.80"
"Fri Oct 11 2024 14:35:00 GMT+0530 (India Standard Time)","7711.70","7712.00","7707.00","7709.90"
"Fri Oct 11 2024 14:40:00 GMT+0530 (India Standard Time)","7707.00","7717.00","7676.00","7691.20"
"Fri Oct 11 2024 14:45:00 GMT+0530 (India Standard Time)","7685.00","7708.00","7683.55","7690.05"
"Fri Oct 11 2024 14:50:00 GMT+0530 (India Standard Time)","7690.05","7695.10","7683.10","7684.00"
"Fri Oct 11 2024 14:55:00 GMT+0530 (India Standard Time)","7683.10","7694.95","7681.30","7686.85"
"Fri Oct 11 2024 15:00:00 GMT+0530 (India Standard Time)","7685.00","7687.65","7671.10","7675.10"
"Fri Oct 11 2024 15:05:00 GMT+0530 (India Standard Time)","7675.10","7693.00","7671.10","7693.00"
"Fri Oct 11 2024 15:10:00 GMT+0530 (India Standard Time)","7692.00","7698.00","7672.00","7672.15"
"Fri Oct 11 2024 15:15:00 GMT+0530 (India Standard Time)","7672.45","7694.90","7655.20","7670.00"
"Fri Oct 11 2024 15:20:00 GMT+0530 (India Standard Time)","7679.50","7686.55","7660.00","7682.45"
"Fri Oct 11 2024 15:25:00 GMT+0530 (India Standard Time)","7681.10","7681.80","7670.00","7672.50"
"Mon Oct 14 2024 09:15:00 GMT+0530 (India Standard Time)","7728.40","7749.00","7685.05","7697.45"
"Mon Oct 14 2024 09:20:00 GMT+0530 (India Standard Time)","7692.75","7697.40","7645.55","7656.80"
"Mon Oct 14 2024 09:25:00 GMT+0530 (India Standard Time)","7656.80","7660.60","7635.15","7645.65"
"Mon Oct 14 2024 09:30:00 GMT+0530 (India Standard Time)","7645.00","7648.15","7625.15","7632.95"
"Mon Oct 14 2024 09:35:00 GMT+0530 (India Standard Time)","7633.00","7636.95","7625.15","7629.60"
"Mon Oct 14 2024 09:40:00 GMT+0530 (India Standard Time)","7629.65","7647.40","7626.65","7640.80"
"Mon Oct 14 2024 09:45:00 GMT+0530 (India Standard Time)","7640.60","7651.95","7616.15","7642.50"
"Mon Oct 14 2024 09:50:00 GMT+0530 (India Standard Time)","7642.50","7645.70","7623.85","7630.00"
"Mon Oct 14 2024 09:55:00 GMT+0530 (India Standard Time)","7626.70","7632.05","7603.75","7606.05"
"Mon Oct 14 2024 10:00:00 GMT+0530 (India Standard Time)","7606.05","7616.00","7602.00","7605.05"
"Mon Oct 14 2024 10:05:00 GMT+0530 (India Standard Time)","7606.00","7608.00","7591.85","7601.00"
"Mon Oct 14 2024 10:10:00 GMT+0530 (India Standard Time)","7601.00","7603.75","7594.00","7600.10"
"Mon Oct 14 2024 10:15:00 GMT+0530 (India Standard Time)","7600.10","7602.00","7591.10","7599.85"
"Mon Oct 14 2024 10:20:00 GMT+0530 (India Standard Time)","7596.35","7603.00","7595.85","7600.00"
"Mon Oct 14 2024 10:25:00 GMT+0530 (India Standard Time)","7598.85","7602.95","7592.55","7595.75"
"Mon Oct 14 2024 10:30:00 GMT+0530 (India Standard Time)","7595.85","7612.00","7595.00","7598.50"
"Mon Oct 14 2024 10:35:00 GMT+0530 (India Standard Time)","7598.50","7601.95","7591.55","7594.95"
"Mon Oct 14 2024 10:40:00 GMT+0530 (India Standard Time)","7591.60","7604.30","7591.60","7599.95"
"Mon Oct 14 2024 10:45:00 GMT+0530 (India Standard Time)","7600.00","7610.70","7596.25","7606.05"
"Mon Oct 14 2024 10:50:00 GMT+0530 (India Standard Time)","7605.00","7605.60","7595.55","7604.00"
"Mon Oct 14 2024 10:55:00 GMT+0530 (India Standard Time)","7604.00","7609.90","7596.10","7600.00"
"Mon Oct 14 2024 11:00:00 GMT+0530 (India Standard Time)","7601.90","7601.90","7596.15","7596.50"
"Mon Oct 14 2024 11:05:00 GMT+0530 (India Standard Time)","7599.40","7601.65","7594.05","7594.05"
"Mon Oct 14 2024 11:10:00 GMT+0530 (India Standard Time)","7598.85","7604.00","7594.55","7600.00"
"Mon Oct 14 2024 11:15:00 GMT+0530 (India Standard Time)","7601.50","7604.00","7599.00","7600.00"
"Mon Oct 14 2024 11:20:00 GMT+0530 (India Standard Time)","7600.00","7605.00","7598.00","7600.05"
"Mon Oct 14 2024 11:25:00 GMT+0530 (India Standard Time)","7600.00","7602.15","7598.00","7600.05"
"Mon Oct 14 2024 11:30:00 GMT+0530 (India Standard Time)","7600.00","7601.65","7595.35","7599.00"
"Mon Oct 14 2024 11:35:00 GMT+0530 (India Standard Time)","7599.00","7604.65","7596.70","7604.65"
"Mon Oct 14 2024 11:40:00 GMT+0530 (India Standard Time)","7602.65","7605.00","7596.25","7600.00"
"Mon Oct 14 2024 11:45:00 GMT+0530 (India Standard Time)","7600.00","7600.00","7595.00","7595.00"
"Mon Oct 14 2024 11:50:00 GMT+0530 (India Standard Time)","7596.60","7603.80","7595.00","7598.10"
"Mon Oct 14 2024 11:55:00 GMT+0530 (India Standard Time)","7603.20","7610.00","7598.10","7601.95"
"Mon Oct 14 2024 12:00:00 GMT+0530 (India Standard Time)","7604.95","7635.80","7600.00","7618.05"
"Mon Oct 14 2024 12:05:00 GMT+0530 (India Standard Time)","7619.00","7619.00","7595.55","7603.10"
"Mon Oct 14 2024 12:10:00 GMT+0530 (India Standard Time)","7603.10","7610.05","7599.00","7605.10"
"Mon Oct 14 2024 12:15:00 GMT+0530 (India Standard Time)","7605.10","7606.25","7597.00","7597.00"
"Mon Oct 14 2024 12:20:00 GMT+0530 (India Standard Time)","7599.00","7600.00","7575.15","7575.15"
"Mon Oct 14 2024 12:25:00 GMT+0530 (India Standard Time)","7575.05","7585.70","7569.00","7576.05"
"Mon Oct 14 2024 12:30:00 GMT+0530 (India Standard Time)","7576.00","7582.30","7570.00","7575.00"
"Mon Oct 14 2024 12:35:00 GMT+0530 (India Standard Time)","7575.00","7580.00","7571.00","7574.90"
"Mon Oct 14 2024 12:40:00 GMT+0530 (India Standard Time)","7575.00","7580.00","7571.05","7573.20"
"Mon Oct 14 2024 12:45:00 GMT+0530 (India Standard Time)","7573.35","7582.60","7573.20","7578.90"
"Mon Oct 14 2024 12:50:00 GMT+0530 (India Standard Time)","7579.05","7579.05","7573.15","7574.00"
"Mon Oct 14 2024 12:55:00 GMT+0530 (India Standard Time)","7575.00","7576.00","7573.00","7573.05"
"Mon Oct 14 2024 13:00:00 GMT+0530 (India Standard Time)","7575.95","7576.75","7572.00","7575.20"
"Mon Oct 14 2024 13:05:00 GMT+0530 (India Standard Time)","7575.20","7578.20","7574.00","7575.00"
"Mon Oct 14 2024 13:10:00 GMT+0530 (India Standard Time)","7575.00","7578.75","7574.00","7574.20"
"Mon Oct 14 2024 13:15:00 GMT+0530 (India Standard Time)","7574.20","7575.00","7565.35","7566.05"
"Mon Oct 14 2024 13:20:00 GMT+0530 (India Standard Time)","7566.05","7573.65","7565.00","7570.60"
"Mon Oct 14 2024 13:25:00 GMT+0530 (India Standard Time)","7570.60","7570.60","7564.00","7564.00"
"Mon Oct 14 2024 13:30:00 GMT+0530 (India Standard Time)","7563.00","7573.65","7560.40","7572.95"
"Mon Oct 14 2024 13:35:00 GMT+0530 (India Standard Time)","7572.95","7576.30","7562.40","7570.20"
"Mon Oct 14 2024 13:40:00 GMT+0530 (India Standard Time)","7570.20","7580.00","7567.25","7579.90"
"Mon Oct 14 2024 13:45:00 GMT+0530 (India Standard Time)","7579.90","7585.00","7569.65","7582.75"
"Mon Oct 14 2024 13:50:00 GMT+0530 (India Standard Time)","7580.85","7580.85","7571.15","7575.15"
"Mon Oct 14 2024 13:55:00 GMT+0530 (India Standard Time)","7575.50","7582.90","7573.20","7575.05"
"Mon Oct 14 2024 14:00:00 GMT+0530 (India Standard Time)","7578.35","7579.00","7571.10","7575.00"
"Mon Oct 14 2024 14:05:00 GMT+0530 (India Standard Time)","7576.00","7582.30","7571.55","7577.50"
"Mon Oct 14 2024 14:10:00 GMT+0530 (India Standard Time)","7576.05","7588.80","7574.00","7575.05"
"Mon Oct 14 2024 14:15:00 GMT+0530 (India Standard Time)","7576.00","7576.15","7570.00","7571.15"
"Mon Oct 14 2024 14:20:00 GMT+0530 (India Standard Time)","7574.15","7574.20","7570.00","7574.00"
"Mon Oct 14 2024 14:25:00 GMT+0530 (India Standard Time)","7574.20","7580.00","7570.15","7575.00"
"Mon Oct 14 2024 14:30:00 GMT+0530 (India Standard Time)","7576.00","7579.55","7568.30","7574.90"
"Mon Oct 14 2024 14:35:00 GMT+0530 (India Standard Time)","7577.30","7577.30","7570.00","7573.70"
"Mon Oct 14 2024 14:40:00 GMT+0530 (India Standard Time)","7575.00","7578.85","7570.00","7572.95"
"Mon Oct 14 2024 14:45:00 GMT+0530 (India Standard Time)","7572.95","7579.90","7570.40","7574.60"
"Mon Oct 14 2024 14:50:00 GMT+0530 (India Standard Time)","7574.65","7575.80","7574.00","7575.50"
"Mon Oct 14 2024 14:55:00 GMT+0530 (India Standard Time)","7575.55","7578.00","7574.00","7574.00"
"Mon Oct 14 2024 15:00:00 GMT+0530 (India Standard Time)","7574.00","7584.50","7572.10","7574.95"
"Mon Oct 14 2024 15:05:00 GMT+0530 (India Standard Time)","7574.95","7580.90","7570.00","7580.90"
"Mon Oct 14 2024 15:10:00 GMT+0530 (India Standard Time)","7578.90","7585.00","7570.05","7575.00"
"Mon Oct 14 2024 15:15:00 GMT+0530 (India Standard Time)","7575.00","7578.95","7565.20","7575.00"
"Mon Oct 14 2024 15:20:00 GMT+0530 (India Standard Time)","7576.00","7578.95","7562.05","7575.55"
"Mon Oct 14 2024 15:25:00 GMT+0530 (India Standard Time)","7576.00","7578.60","7560.10","7573.60"
"Tue Oct 15 2024 09:15:00 GMT+0530 (India Standard Time)","7575.00","7631.35","7572.20","7585.45"
"Tue Oct 15 2024 09:20:00 GMT+0530 (India Standard Time)","7582.20","7604.55","7571.65","7597.80"
"Tue Oct 15 2024 09:25:00 GMT+0530 (India Standard Time)","7597.80","7600.00","7575.20","7579.10"
"Tue Oct 15 2024 09:30:00 GMT+0530 (India Standard Time)","7579.35","7584.90","7543.00","7547.90"
"Tue Oct 15 2024 09:35:00 GMT+0530 (India Standard Time)","7548.30","7548.30","7505.10","7519.60"
"Tue Oct 15 2024 09:40:00 GMT+0530 (India Standard Time)","7519.00","7530.50","7515.15","7530.15"
"Tue Oct 15 2024 09:45:00 GMT+0530 (India Standard Time)","7530.15","7530.15","7512.00","7516.85"
"Tue Oct 15 2024 09:50:00 GMT+0530 (India Standard Time)","7516.85","7526.20","7501.20","7514.00"
"Tue Oct 15 2024 09:55:00 GMT+0530 (India Standard Time)","7510.00","7524.95","7503.80","7508.55"
"Tue Oct 15 2024 10:00:00 GMT+0530 (India Standard Time)","7509.00","7513.95","7501.05","7505.00"
"Tue Oct 15 2024 10:05:00 GMT+0530 (India Standard Time)","7502.30","7505.00","7485.00","7497.35"
"Tue Oct 15 2024 10:10:00 GMT+0530 (India Standard Time)","7497.35","7498.50","7492.00","7495.00"
"Tue Oct 15 2024 10:15:00 GMT+0530 (India Standard Time)","7498.00","7500.00","7493.00","7500.00"
"Tue Oct 15 2024 10:20:00 GMT+0530 (India Standard Time)","7499.65","7500.00","7493.00","7500.00"
"Tue Oct 15 2024 10:25:00 GMT+0530 (India Standard Time)","7500.00","7500.80","7495.50","7498.35"
"Tue Oct 15 2024 10:30:00 GMT+0530 (India Standard Time)","7498.35","7498.35","7491.30","7496.00"
"Tue Oct 15 2024 10:35:00 GMT+0530 (India Standard Time)","7495.00","7505.00","7493.30","7500.00"
"Tue Oct 15 2024 10:40:00 GMT+0530 (India Standard Time)","7500.00","7500.00","7497.00","7499.25"
"Tue Oct 15 2024 10:45:00 GMT+0530 (India Standard Time)","7499.30","7500.80","7496.50","7500.00"
"Tue Oct 15 2024 10:50:00 GMT+0530 (India Standard Time)","7496.55","7502.05","7496.55","7500.00"
"Tue Oct 15 2024 10:55:00 GMT+0530 (India Standard Time)","7500.00","7500.00","7490.00","7493.05"
"Tue Oct 15 2024 11:00:00 GMT+0530 (India Standard Time)","7493.05","7499.05","7485.00","7490.00"
"Tue Oct 15 2024 11:05:00 GMT+0530 (India Standard Time)","7490.00","7492.00","7482.05","7484.80"
"Tue Oct 15 2024 11:10:00 GMT+0530 (India Standard Time)","7483.55","7489.35","7482.80","7489.00"
"Tue Oct 15 2024 11:15:00 GMT+0530 (India Standard Time)","7489.35","7491.25","7483.10","7486.00"
"Tue Oct 15 2024 11:20:00 GMT+0530 (India Standard Time)","7486.00","7490.00","7483.00","7484.00"
"Tue Oct 15 2024 11:25:00 GMT+0530 (India Standard Time)","7484.00","7488.80","7481.00","7486.00"
"Tue Oct 15 2024 11:30:00 GMT+0530 (India Standard Time)","7488.60","7490.00","7483.00","7487.35"
"Tue Oct 15 2024 11:35:00 GMT+0530 (India Standard Time)","7487.35","7490.00","7477.00","7490.00"
"Tue Oct 15 2024 11:40:00 GMT+0530 (India Standard Time)","7490.00","7490.00","7477.80","7477.85"
"Tue Oct 15 2024 11:45:00 GMT+0530 (India Standard Time)","7477.85","7481.20","7466.25","7479.45"
"Tue Oct 15 2024 11:50:00 GMT+0530 (India Standard Time)","7479.45","7479.95","7470.00","7476.90"
"Tue Oct 15 2024 11:55:00 GMT+0530 (India Standard Time)","7470.90","7478.00","7470.90","7475.35"
"Tue Oct 15 2024 12:00:00 GMT+0530 (India Standard Time)","7478.20","7480.00","7475.10","7475.10"
"Tue Oct 15 2024 12:05:00 GMT+0530 (India Standard Time)","7478.55","7481.00","7475.00","7480.00"
"Tue Oct 15 2024 12:10:00 GMT+0530 (India Standard Time)","7480.00","7480.40","7479.00","7480.00"
"Tue Oct 15 2024 12:15:00 GMT+0530 (India Standard Time)","7480.00","7480.05","7478.65","7478.65"
"Tue Oct 15 2024 12:20:00 GMT+0530 (India Standard Time)","7478.65","7480.00","7476.75","7480.00"
"Tue Oct 15 2024 12:25:00 GMT+0530 (India Standard Time)","7480.00","7480.00","7479.85","7479.85"
"Tue Oct 15 2024 12:30:00 GMT+0530 (India Standard Time)","7479.95","7480.00","7475.05","7479.90"
"Tue Oct 15 2024 12:35:00 GMT+0530 (India Standard Time)","7479.90","7480.00","7477.00","7480.00"
"Tue Oct 15 2024 12:40:00 GMT+0530 (India Standard Time)","7480.00","7480.00","7475.05","7479.35"
"Tue Oct 15 2024 12:45:00 GMT+0530 (India Standard Time)","7479.25","7480.00","7475.50","7480.00"
"Tue Oct 15 2024 12:50:00 GMT+0530 (India Standard Time)","7480.00","7480.00","7474.00","7478.45"
"Tue Oct 15 2024 12:55:00 GMT+0530 (India Standard Time)","7478.45","7480.00","7474.00","7479.85"
"Tue Oct 15 2024 13:00:00 GMT+0530 (India Standard Time)","7479.85","7480.00","7474.00","7480.00"
"Tue Oct 15 2024 13:05:00 GMT+0530 (India Standard Time)","7480.00","7480.00","7474.05","7480.00"
"Tue Oct 15 2024 13:10:00 GMT+0530 (India Standard Time)","7480.00","7480.00","7475.00","7478.45"
"Tue Oct 15 2024 13:15:00 GMT+0530 (India Standard Time)","7478.45","7478.45","7475.00","7477.00"
"Tue Oct 15 2024 13:20:00 GMT+0530 (India Standard Time)","7476.00","7478.45","7471.00","7478.45"
"Tue Oct 15 2024 13:25:00 GMT+0530 (India Standard Time)","7478.45","7478.45","7470.00","7474.95"
"Tue Oct 15 2024 13:30:00 GMT+0530 (India Standard Time)","7474.95","7479.85","7470.55","7478.25"
"Tue Oct 15 2024 13:35:00 GMT+0530 (India Standard Time)","7478.25","7480.00","7470.95","7479.85"
"Tue Oct 15 2024 13:40:00 GMT+0530 (India Standard Time)","7479.85","7480.00","7467.60","7470.20"
"Tue Oct 15 2024 13:45:00 GMT+0530 (India Standard Time)","7469.70","7471.05","7467.95","7470.00"
"Tue Oct 15 2024 13:50:00 GMT+0530 (India Standard Time)","7470.00","7470.00","7465.50","7470.00"
"Tue Oct 15 2024 13:55:00 GMT+0530 (India Standard Time)","7470.00","7470.60","7460.00","7460.70"
"Tue Oct 15 2024 14:00:00 GMT+0530 (India Standard Time)","7460.70","7470.60","7455.00","7469.45"
"Tue Oct 15 2024 14:05:00 GMT+0530 (India Standard Time)","7469.45","7471.85","7467.65","7467.65"
"Tue Oct 15 2024 14:10:00 GMT+0530 (India Standard Time)","7467.65","7470.30","7461.80","7468.35"
"Tue Oct 15 2024 14:15:00 GMT+0530 (India Standard Time)","7468.35","7470.30","7468.00","7470.00"
"Tue Oct 15 2024 14:20:00 GMT+0530 (India Standard Time)","7470.00","7470.35","7468.15","7469.50"
"Tue Oct 15 2024 14:25:00 GMT+0530 (India Standard Time)","7470.35","7470.35","7469.05","7469.05"
"Tue Oct 15 2024 14:30:00 GMT+0530 (India Standard Time)","7470.00","7471.65","7465.00","7471.05"
"Tue Oct 15 2024 14:35:00 GMT+0530 (India Standard Time)","7471.05","7471.05","7468.00","7469.05"
"Tue Oct 15 2024 14:40:00 GMT+0530 (India Standard Time)","7469.05","7471.15","7467.00","7467.40"
"Tue Oct 15 2024 14:45:00 GMT+0530 (India Standard Time)","7467.40","7473.15","7466.35","7471.55"
"Tue Oct 15 2024 14:50:00 GMT+0530 (India Standard Time)","7471.55","7471.55","7469.35","7469.90"
"Tue Oct 15 2024 14:55:00 GMT+0530 (India Standard Time)","7469.90","7470.35","7469.55","7469.90"
"Tue Oct 15 2024 15:00:00 GMT+0530 (India Standard Time)","7470.30","7479.90","7469.15","7470.75"
"Tue Oct 15 2024 15:05:00 GMT+0530 (India Standard Time)","7470.75","7478.00","7469.10","7471.35"
"Tue Oct 15 2024 15:10:00 GMT+0530 (India Standard Time)","7476.40","7476.95","7467.00","7470.00"
"Tue Oct 15 2024 15:15:00 GMT+0530 (India Standard Time)","7470.00","7470.20","7460.00","7470.00"
"Tue Oct 15 2024 15:20:00 GMT+0530 (India Standard Time)","7470.00","7474.00","7463.90","7470.35"
"Tue Oct 15 2024 15:25:00 GMT+0530 (India Standard Time)","7470.35","7471.00","7462.25","7471.00"
"Wed Oct 16 2024 09:15:00 GMT+0530 (India Standard Time)","7450.00","7524.95","7450.00","7504.90"
"Wed Oct 16 2024 09:20:00 GMT+0530 (India Standard Time)","7504.90","7510.30","7461.70","7465.00"
"Wed Oct 16 2024 09:25:00 GMT+0530 (India Standard Time)","7465.00","7492.45","7465.00","7489.60"
"Wed Oct 16 2024 09:30:00 GMT+0530 (India Standard Time)","7490.80","7499.00","7478.80","7491.20"
"Wed Oct 16 2024 09:35:00 GMT+0530 (India Standard Time)","7497.75","7519.00","7485.75","7507.30"
"Wed Oct 16 2024 09:40:00 GMT+0530 (India Standard Time)","7512.00","7522.60","7500.50","7518.55"
"Wed Oct 16 2024 09:45:00 GMT+0530 (India Standard Time)","7515.25","7548.90","7508.00","7531.95"
"Wed Oct 16 2024 09:50:00 GMT+0530 (India Standard Time)","7531.95","7532.00","7499.45","7501.45"
"Wed Oct 16 2024 09:55:00 GMT+0530 (India Standard Time)","7506.75","7509.60","7460.00","7467.00"
"Wed Oct 16 2024 10:00:00 GMT+0530 (India Standard Time)","7469.35","7494.85","7467.00","7491.00"
"Wed Oct 16 2024 10:05:00 GMT+0530 (India Standard Time)","7491.00","7493.50","7472.30","7472.30"
"Wed Oct 16 2024 10:10:00 GMT+0530 (India Standard Time)","7477.00","7479.10","7465.05","7469.95"
"Wed Oct 16 2024 10:15:00 GMT+0530 (India Standard Time)","7469.95","7470.00","7452.00","7467.95"
"Wed Oct 16 2024 10:20:00 GMT+0530 (India Standard Time)","7467.95","7468.90","7450.50","7452.10"
"Wed Oct 16 2024 10:25:00 GMT+0530 (India Standard Time)","7452.10","7463.95","7436.50","7448.10"
"Wed Oct 16 2024 10:30:00 GMT+0530 (India Standard Time)","7448.10","7448.15","7437.75","7442.00"
"Wed Oct 16 2024 10:35:00 GMT+0530 (India Standard Time)","7442.00","7454.80","7440.10","7442.00"
"Wed Oct 16 2024 10:40:00 GMT+0530 (India Standard Time)","7442.00","7448.35","7439.05","7446.40"
"Wed Oct 16 2024 10:45:00 GMT+0530 (India Standard Time)","7446.40","7446.40","7440.05","7441.00"
"Wed Oct 16 2024 10:50:00 GMT+0530 (India Standard Time)","7441.00","7465.00","7440.05","7456.60"
"Wed Oct 16 2024 10:55:00 GMT+0530 (India Standard Time)","7456.60","7460.00","7443.00","7459.95"
"Wed Oct 16 2024 11:00:00 GMT+0530 (India Standard Time)","7453.10","7460.00","7446.60","7452.90"
"Wed Oct 16 2024 11:05:00 GMT+0530 (India Standard Time)","7452.30","7454.75","7440.10","7450.00"
"Wed Oct 16 2024 11:10:00 GMT+0530 (India Standard Time)","7450.00","7453.95","7444.20","7446.55"
"Wed Oct 16 2024 11:15:00 GMT+0530 (India Standard Time)","7446.55","7450.80","7422.65","7433.00"
"Wed Oct 16 2024 11:20:00 GMT+0530 (India Standard Time)","7433.00","7438.55","7425.15","7432.95"
"Wed Oct 16 2024 11:25:00 GMT+0530 (India Standard Time)","7432.95","7432.95","7425.55","7426.20"
"Wed Oct 16 2024 11:30:00 GMT+0530 (India Standard Time)","7426.25","7433.00","7425.65","7429.00"
"Wed Oct 16 2024 11:35:00 GMT+0530 (India Standard Time)","7429.00","7432.80","7425.00","7426.00"
"Wed Oct 16 2024 11:40:00 GMT+0530 (India Standard Time)","7426.00","7430.95","7410.95","7415.40"
"Wed Oct 16 2024 11:45:00 GMT+0530 (India Standard Time)","7419.45","7420.65","7415.00","7415.00"
"Wed Oct 16 2024 11:50:00 GMT+0530 (India Standard Time)","7415.00","7417.95","7402.15","7403.00"
"Wed Oct 16 2024 11:55:00 GMT+0530 (India Standard Time)","7403.00","7407.10","7402.00","7405.00"
"Wed Oct 16 2024 12:00:00 GMT+0530 (India Standard Time)","7405.00","7405.10","7386.00","7396.00"
"Wed Oct 16 2024 12:05:00 GMT+0530 (India Standard Time)","7396.00","7400.00","7389.85","7398.00"
"Wed Oct 16 2024 12:10:00 GMT+0530 (India Standard Time)","7398.00","7400.40","7370.05","7399.40"
"Wed Oct 16 2024 12:15:00 GMT+0530 (India Standard Time)","7395.50","7397.25","7370.00","7382.20"
"Wed Oct 16 2024 12:20:00 GMT+0530 (India Standard Time)","7382.20","7394.70","7375.55","7392.50"
"Wed Oct 16 2024 12:25:00 GMT+0530 (India Standard Time)","7392.00","7397.65","7390.00","7392.00"
"Wed Oct 16 2024 12:30:00 GMT+0530 (India Standard Time)","7392.00","7395.60","7385.00","7390.00"
"Wed Oct 16 2024 12:35:00 GMT+0530 (India Standard Time)","7390.00","7391.00","7383.25","7385.95"
"Wed Oct 16 2024 12:40:00 GMT+0530 (India Standard Time)","7385.95","7391.00","7382.00","7390.90"
"Wed Oct 16 2024 12:45:00 GMT+0530 (India Standard Time)","7390.90","7395.65","7387.60","7394.55"
"Wed Oct 16 2024 12:50:00 GMT+0530 (India Standard Time)","7390.00","7400.05","7390.00","7397.35"
"Wed Oct 16 2024 12:55:00 GMT+0530 (India Standard Time)","7397.45","7397.45","7391.00","7397.45"
"Wed Oct 16 2024 13:00:00 GMT+0530 (India Standard Time)","7397.00","7397.00","7390.00","7396.00"
"Wed Oct 16 2024 13:05:00 GMT+0530 (India Standard Time)","7396.00","7396.05","7385.15","7395.75"
"Wed Oct 16 2024 13:10:00 GMT+0530 (India Standard Time)","7395.75","7397.00","7395.00","7397.00"
"Wed Oct 16 2024 13:15:00 GMT+0530 (India Standard Time)","7397.00","7401.85","7396.00","7399.95"
"Wed Oct 16 2024 13:20:00 GMT+0530 (India Standard Time)","7399.95","7400.00","7394.10","7399.85"
"Wed Oct 16 2024 13:25:00 GMT+0530 (India Standard Time)","7399.85","7402.00","7395.00","7399.00"
"Wed Oct 16 2024 13:30:00 GMT+0530 (India Standard Time)","7399.00","7400.00","7397.05","7400.00"
"Wed Oct 16 2024 13:35:00 GMT+0530 (India Standard Time)","7400.00","7400.00","7399.00","7400.00"
"Wed Oct 16 2024 13:40:00 GMT+0530 (India Standard Time)","7400.00","7400.00","7397.05","7400.00"
"Wed Oct 16 2024 13:45:00 GMT+0530 (India Standard Time)","7400.00","7400.00","7398.00","7400.00"
"Wed Oct 16 2024 13:50:00 GMT+0530 (India Standard Time)","7400.00","7400.00","7399.00","7400.00"
"Wed Oct 16 2024 13:55:00 GMT+0530 (India Standard Time)","7400.00","7404.95","7397.15","7397.55"
"Wed Oct 16 2024 14:00:00 GMT+0530 (India Standard Time)","7397.55","7401.80","7397.05","7400.00"
"Wed Oct 16 2024 14:05:00 GMT+0530 (India Standard Time)","7400.00","7400.00","7397.10","7400.00"
"Wed Oct 16 2024 14:10:00 GMT+0530 (India Standard Time)","7400.00","7400.00","7397.05","7400.00"
"Wed Oct 16 2024 14:15:00 GMT+0530 (India Standard Time)","7400.00","7400.00","7397.30","7399.95"
"Wed Oct 16 2024 14:20:00 GMT+0530 (India Standard Time)","7399.95","7400.00","7395.95","7395.95"
"Wed Oct 16 2024 14:25:00 GMT+0530 (India Standard Time)","7399.40","7399.75","7383.95","7394.45"
"Wed Oct 16 2024 14:30:00 GMT+0530 (India Standard Time)","7394.45","7394.50","7390.50","7394.05"
"Wed Oct 16 2024 14:35:00 GMT+0530 (India Standard Time)","7394.05","7399.95","7394.05","7396.90"
"Wed Oct 16 2024 14:40:00 GMT+0530 (India Standard Time)","7396.90","7398.20","7394.40","7396.00"
"Wed Oct 16 2024 14:45:00 GMT+0530 (India Standard Time)","7396.00","7400.00","7391.15","7394.25"
"Wed Oct 16 2024 14:50:00 GMT+0530 (India Standard Time)","7394.25","7397.50","7389.40","7396.45"
"Wed Oct 16 2024 14:55:00 GMT+0530 (India Standard Time)","7396.75","7397.00","7392.70","7394.00"
"Wed Oct 16 2024 15:00:00 GMT+0530 (India Standard Time)","7394.00","7400.00","7390.10","7396.00"
"Wed Oct 16 2024 15:05:00 GMT+0530 (India Standard Time)","7396.00","7400.20","7394.30","7400.00"
"Wed Oct 16 2024 15:10:00 GMT+0530 (India Standard Time)","7400.00","7400.00","7396.10","7400.00"
"Wed Oct 16 2024 15:15:00 GMT+0530 (India Standard Time)","7400.00","7400.00","7391.00","7400.00"
"Wed Oct 16 2024 15:20:00 GMT+0530 (India Standard Time)","7399.95","7405.00","7395.10","7405.00"
"Wed Oct 16 2024 15:25:00 GMT+0530 (India Standard Time)","7405.00","7412.40","7400.10","7412.00"
"Thu Oct 17 2024 09:15:00 GMT+0530 (India Standard Time)","7420.40","7479.80","7420.10","7433.95"
"Thu Oct 17 2024 09:20:00 GMT+0530 (India Standard Time)","7433.95","7475.00","7425.05","7464.30"
"Thu Oct 17 2024 09:25:00 GMT+0530 (India Standard Time)","7461.30","7485.00","7460.00","7470.00"
"Thu Oct 17 2024 09:30:00 GMT+0530 (India Standard Time)","7473.00","7519.95","7465.15","7497.70"
"Thu Oct 17 2024 09:35:00 GMT+0530 (India Standard Time)","7497.70","7548.00","7490.15","7510.70"
"Thu Oct 17 2024 09:40:00 GMT+0530 (India Standard Time)","7510.70","7510.70","7464.05","7485.00"
"Thu Oct 17 2024 09:45:00 GMT+0530 (India Standard Time)","7490.10","7491.25","7462.00","7479.75"
"Thu Oct 17 2024 09:50:00 GMT+0530 (India Standard Time)","7479.75","7482.05","7440.00","7440.15"
"Thu Oct 17 2024 09:55:00 GMT+0530 (India Standard Time)","7440.15","7460.00","7440.15","7455.60"
"Thu Oct 17 2024 10:00:00 GMT+0530 (India Standard Time)","7455.60","7459.00","7442.00","7450.10"
"Thu Oct 17 2024 10:05:00 GMT+0530 (India Standard Time)","7450.05","7457.45","7431.10","7441.00"
"Thu Oct 17 2024 10:10:00 GMT+0530 (India Standard Time)","7441.00","7465.00","7435.95","7464.95"
"Thu Oct 17 2024 10:15:00 GMT+0530 (India Standard Time)","7464.95","7475.00","7442.15","7452.95"
"Thu Oct 17 2024 10:20:00 GMT+0530 (India Standard Time)","7452.95","7454.65","7432.05","7441.80"
"Thu Oct 17 2024 10:25:00 GMT+0530 (India Standard Time)","7442.15","7457.05","7442.15","7453.45"
"Thu Oct 17 2024 10:30:00 GMT+0530 (India Standard Time)","7453.45","7467.30","7453.45","7464.55"
"Thu Oct 17 2024 10:35:00 GMT+0530 (India Standard Time)","7464.55","7496.85","7464.55","7475.00"
"Thu Oct 17 2024 10:40:00 GMT+0530 (India Standard Time)","7478.50","7519.00","7478.50","7508.00"
"Thu Oct 17 2024 10:45:00 GMT+0530 (India Standard Time)","7508.00","7510.00","7491.90","7501.00"
"Thu Oct 17 2024 10:50:00 GMT+0530 (India Standard Time)","7504.65","7530.00","7488.60","7495.05"
"Thu Oct 17 2024 10:55:00 GMT+0530 (India Standard Time)","7495.05","7506.05","7473.00","7480.50"
"Thu Oct 17 2024 11:00:00 GMT+0530 (India Standard Time)","7485.55","7490.00","7457.00","7457.00"
"Thu Oct 17 2024 11:05:00 GMT+0530 (India Standard Time)","7457.20","7465.20","7450.00","7458.80"
"Thu Oct 17 2024 11:10:00 GMT+0530 (India Standard Time)","7458.80","7464.00","7451.15","7460.00"
"Thu Oct 17 2024 11:15:00 GMT+0530 (India Standard Time)","7460.70","7464.95","7453.35","7457.00"
"Thu Oct 17 2024 11:20:00 GMT+0530 (India Standard Time)","7457.00","7462.80","7454.00","7455.95"
"Thu Oct 17 2024 11:25:00 GMT+0530 (India Standard Time)","7455.95","7459.95","7445.00","7447.10"
"Thu Oct 17 2024 11:30:00 GMT+0530 (India Standard Time)","7450.00","7450.00","7427.50","7437.70"
"Thu Oct 17 2024 11:35:00 GMT+0530 (India Standard Time)","7437.70","7449.50","7425.00","7446.05"
"Thu Oct 17 2024 11:40:00 GMT+0530 (India Standard Time)","7446.05","7446.05","7421.05","7428.85"
"Thu Oct 17 2024 11:45:00 GMT+0530 (India Standard Time)","7428.85","7430.65","7415.00","7425.00"
"Thu Oct 17 2024 11:50:00 GMT+0530 (India Standard Time)","7422.05","7428.95","7421.00","7421.25"
"Thu Oct 17 2024 11:55:00 GMT+0530 (India Standard Time)","7421.00","7425.00","7417.80","7418.10"
"Thu Oct 17 2024 12:00:00 GMT+0530 (India Standard Time)","7418.10","7422.05","7401.30","7408.75"
"Thu Oct 17 2024 12:05:00 GMT+0530 (India Standard Time)","7405.20","7417.50","7401.05","7414.40"
"Thu Oct 17 2024 12:10:00 GMT+0530 (India Standard Time)","7415.60","7420.00","7410.60","7415.85"
"Thu Oct 17 2024 12:15:00 GMT+0530 (India Standard Time)","7415.50","7425.25","7414.05","7416.30"
"Thu Oct 17 2024 12:20:00 GMT+0530 (India Standard Time)","7416.70","7416.70","7384.05","7386.20"
"Thu Oct 17 2024 12:25:00 GMT+0530 (India Standard Time)","7386.20","7403.00","7382.35","7389.00"
"Thu Oct 17 2024 12:30:00 GMT+0530 (India Standard Time)","7389.00","7401.45","7389.00","7397.65"
"Thu Oct 17 2024 12:35:00 GMT+0530 (India Standard Time)","7397.65","7405.00","7397.65","7401.95"
"Thu Oct 17 2024 12:40:00 GMT+0530 (India Standard Time)","7401.95","7404.95","7390.00","7390.00"
"Thu Oct 17 2024 12:45:00 GMT+0530 (India Standard Time)","7390.00","7390.75","7376.35","7390.75"
"Thu Oct 17 2024 12:50:00 GMT+0530 (India Standard Time)","7390.75","7394.65","7382.40","7387.45"
"Thu Oct 17 2024 12:55:00 GMT+0530 (India Standard Time)","7387.10","7394.00","7382.20","7391.90"
"Thu Oct 17 2024 13:00:00 GMT+0530 (India Standard Time)","7391.90","7397.45","7390.00","7391.05"
"Thu Oct 17 2024 13:05:00 GMT+0530 (India Standard Time)","7391.05","7396.25","7389.00","7390.00"
"Thu Oct 17 2024 13:10:00 GMT+0530 (India Standard Time)","7395.95","7397.95","7390.70","7390.85"
"Thu Oct 17 2024 13:15:00 GMT+0530 (India Standard Time)","7390.85","7394.20","7383.00","7384.75"
"Thu Oct 17 2024 13:20:00 GMT+0530 (India Standard Time)","7388.20","7392.00","7383.00","7388.00"
"Thu Oct 17 2024 13:25:00 GMT+0530 (India Standard Time)","7389.90","7389.90","7384.00","7385.95"
"Thu Oct 17 2024 13:30:00 GMT+0530 (India Standard Time)","7385.95","7387.65","7383.00","7387.15"
"Thu Oct 17 2024 13:35:00 GMT+0530 (India Standard Time)","7387.10","7388.20","7383.40","7387.55"
"Thu Oct 17 2024 13:40:00 GMT+0530 (India Standard Time)","7387.55","7387.55","7385.00","7385.00"
"Thu Oct 17 2024 13:45:00 GMT+0530 (India Standard Time)","7385.00","7385.95","7381.00","7381.55"
"Thu Oct 17 2024 13:50:00 GMT+0530 (India Standard Time)","7384.80","7384.80","7376.50","7379.70"
"Thu Oct 17 2024 13:55:00 GMT+0530 (India Standard Time)","7379.70","7383.90","7379.70","7382.30"
"Thu Oct 17 2024 14:00:00 GMT+0530 (India Standard Time)","7382.30","7383.85","7382.30","7382.95"
"Thu Oct 17 2024 14:05:00 GMT+0530 (India Standard Time)","7382.90","7382.90","7378.00","7382.30"
"Thu Oct 17 2024 14:10:00 GMT+0530 (India Standard Time)","7382.30","7382.40","7378.00","7378.00"
"Thu Oct 17 2024 14:15:00 GMT+0530 (India Standard Time)","7381.25","7381.80","7375.00","7379.60"
"Thu Oct 17 2024 14:20:00 GMT+0530 (India Standard Time)","7380.00","7380.00","7365.25","7368.80"
"Thu Oct 17 2024 14:25:00 GMT+0530 (India Standard Time)","7365.25","7381.95","7360.00","7374.90"
"Thu Oct 17 2024 14:30:00 GMT+0530 (India Standard Time)","7374.90","7379.35","7369.20","7376.65"
"Thu Oct 17 2024 14:35:00 GMT+0530 (India Standard Time)","7376.65","7379.25","7374.00","7375.05"
"Thu Oct 17 2024 14:40:00 GMT+0530 (India Standard Time)","7375.05","7377.05","7374.00","7374.00"
"Thu Oct 17 2024 14:45:00 GMT+0530 (India Standard Time)","7374.80","7377.75","7371.90","7376.35"
"Thu Oct 17 2024 14:50:00 GMT+0530 (India Standard Time)","7372.20","7375.00","7370.00","7373.55"
"Thu Oct 17 2024 14:55:00 GMT+0530 (India Standard Time)","7373.55","7374.35","7370.00","7370.00"
"Thu Oct 17 2024 15:00:00 GMT+0530 (India Standard Time)","7372.00","7378.45","7370.00","7370.00"
"Thu Oct 17 2024 15:05:00 GMT+0530 (India Standard Time)","7370.00","7381.05","7370.00","7375.95"
"Thu Oct 17 2024 15:10:00 GMT+0530 (India Standard Time)","7390.40","7390.40","7365.95","7370.00"
"Thu Oct 17 2024 15:15:00 GMT+0530 (India Standard Time)","7369.85","7371.30","7330.65","7358.50"
"Thu Oct 17 2024 15:20:00 GMT+0530 (India Standard Time)","7358.50","7364.00","7340.00","7363.75"
"Thu Oct 17 2024 15:25:00 GMT+0530 (India Standard Time)","7364.00","7374.00","7360.00","7360.00"
"Fri Oct 18 2024 09:15:00 GMT+0530 (India Standard Time)","7360.00","7362.05","7300.00","7305.00"
"Fri Oct 18 2024 09:20:00 GMT+0530 (India Standard Time)","7310.35","7310.35","7275.00","7278.00"
"Fri Oct 18 2024 09:25:00 GMT+0530 (India Standard Time)","7278.00","7291.10","7276.50","7282.15"
"Fri Oct 18 2024 09:30:00 GMT+0530 (India Standard Time)","7281.00","7323.95","7277.45","7319.05"
"Fri Oct 18 2024 09:35:00 GMT+0530 (India Standard Time)","7319.05","7332.30","7299.80","7320.00"
"Fri Oct 18 2024 09:40:00 GMT+0530 (India Standard Time)","7324.65","7325.15","7313.50","7324.90"
"Fri Oct 18 2024 09:45:00 GMT+0530 (India Standard Time)","7324.90","7340.00","7315.65","7335.10"
"Fri Oct 18 2024 09:50:00 GMT+0530 (India Standard Time)","7340.00","7343.00","7324.30","7324.95"
"Fri Oct 18 2024 09:55:00 GMT+0530 (India Standard Time)","7317.00","7326.80","7310.00","7315.00"
"Fri Oct 18 2024 10:00:00 GMT+0530 (India Standard Time)","7315.00","7315.00","7300.45","7304.30"
"Fri Oct 18 2024 10:05:00 GMT+0530 (India Standard Time)","7304.30","7327.80","7304.30","7323.35"
"Fri Oct 18 2024 10:10:00 GMT+0530 (India Standard Time)","7323.90","7323.90","7305.00","7310.00"
"Fri Oct 18 2024 10:15:00 GMT+0530 (India Standard Time)","7310.00","7325.00","7308.65","7324.50"
"Fri Oct 18 2024 10:20:00 GMT+0530 (India Standard Time)","7324.50","7327.55","7320.00","7325.45"
"Fri Oct 18 2024 10:25:00 GMT+0530 (India Standard Time)","7325.95","7339.90","7320.00","7335.15"
"Fri Oct 18 2024 10:30:00 GMT+0530 (India Standard Time)","7338.00","7348.70","7336.00","7341.45"
"Fri Oct 18 2024 10:35:00 GMT+0530 (India Standard Time)","7342.50","7342.50","7330.00","7338.20"
"Fri Oct 18 2024 10:40:00 GMT+0530 (India Standard Time)","7338.20","7345.00","7320.10","7324.75"
"Fri Oct 18 2024 10:45:00 GMT+0530 (India Standard Time)","7324.75","7331.30","7316.30","7322.00"
"Fri Oct 18 2024 10:50:00 GMT+0530 (India Standard Time)","7322.00","7331.65","7316.85","7322.25"
"Fri Oct 18 2024 10:55:00 GMT+0530 (India Standard Time)","7329.35","7329.35","7312.00","7315.60"
"Fri Oct 18 2024 11:00:00 GMT+0530 (India Standard Time)","7315.60","7323.95","7309.35","7314.00"
"Fri Oct 18 2024 11:05:00 GMT+0530 (India Standard Time)","7314.00","7316.30","7310.10","7313.00"
"Fri Oct 18 2024 11:10:00 GMT+0530 (India Standard Time)","7313.00","7314.80","7306.00","7311.05"
"Fri Oct 18 2024 11:15:00 GMT+0530 (India Standard Time)","7311.05","7314.75","7306.10","7310.30"
"Fri Oct 18 2024 11:20:00 GMT+0530 (India Standard Time)","7310.30","7314.80","7306.95","7313.00"
"Fri Oct 18 2024 11:25:00 GMT+0530 (India Standard Time)","7313.00","7314.80","7306.05","7311.10"
"Fri Oct 18 2024 11:30:00 GMT+0530 (India Standard Time)","7311.25","7320.90","7311.10","7319.70"
"Fri Oct 18 2024 11:35:00 GMT+0530 (India Standard Time)","7319.70","7325.00","7313.25","7323.20"
"Fri Oct 18 2024 11:40:00 GMT+0530 (India Standard Time)","7320.15","7324.85","7315.00","7316.55"
"Fri Oct 18 2024 11:45:00 GMT+0530 (India Standard Time)","7316.55","7325.00","7315.00","7316.75"
"Fri Oct 18 2024 11:50:00 GMT+0530 (India Standard Time)","7316.85","7327.95","7316.55","7324.05"
"Fri Oct 18 2024 11:55:00 GMT+0530 (India Standard Time)","7324.00","7327.75","7316.90","7327.00"
"Fri Oct 18 2024 12:00:00 GMT+0530 (India Standard Time)","7326.95","7327.35","7320.00","7326.90"
"Fri Oct 18 2024 12:05:00 GMT+0530 (India Standard Time)","7326.90","7327.00","7320.00","7326.60"
"Fri Oct 18 2024 12:10:00 GMT+0530 (India Standard Time)","7326.60","7326.90","7320.00","7325.20"
"Fri Oct 18 2024 12:15:00 GMT+0530 (India Standard Time)","7325.20","7329.60","7320.00","7326.30"
"Fri Oct 18 2024 12:20:00 GMT+0530 (India Standard Time)","7326.30","7326.30","7320.00","7324.00"
"Fri Oct 18 2024 12:25:00 GMT+0530 (India Standard Time)","7322.30","7325.35","7320.00","7322.95"
"Fri Oct 18 2024 12:30:00 GMT+0530 (India Standard Time)","7320.05","7333.00","7318.90","7331.85"
"Fri Oct 18 2024 12:35:00 GMT+0530 (India Standard Time)","7331.85","7332.00","7325.05","7331.00"
"Fri Oct 18 2024 12:40:00 GMT+0530 (India Standard Time)","7332.00","7333.00","7320.05","7324.45"
"Fri Oct 18 2024 12:45:00 GMT+0530 (India Standard Time)","7324.45","7327.90","7320.00","7321.25"
"Fri Oct 18 2024 12:50:00 GMT+0530 (India Standard Time)","7321.25","7326.10","7320.05","7325.00"
"Fri Oct 18 2024 12:55:00 GMT+0530 (India Standard Time)","7326.05","7338.65","7322.00","7337.00"
"Fri Oct 18 2024 13:00:00 GMT+0530 (India Standard Time)","7337.00","7341.45","7333.10","7337.15"
"Fri Oct 18 2024 13:05:00 GMT+0530 (India Standard Time)","7337.00","7340.00","7328.80","7333.65"
"Fri Oct 18 2024 13:10:00 GMT+0530 (India Standard Time)","7328.80","7333.40","7325.00","7326.15"
"Fri Oct 18 2024 13:15:00 GMT+0530 (India Standard Time)","7326.15","7330.00","7320.00","7330.00"
"Fri Oct 18 2024 13:20:00 GMT+0530 (India Standard Time)","7330.00","7333.50","7325.55","7332.10"
"Fri Oct 18 2024 13:25:00 GMT+0530 (India Standard Time)","7332.10","7333.20","7326.15","7326.80"
"Fri Oct 18 2024 13:30:00 GMT+0530 (India Standard Time)","7326.80","7338.10","7326.20","7332.05"
"Fri Oct 18 2024 13:35:00 GMT+0530 (India Standard Time)","7337.40","7337.40","7329.35","7334.80"
"Fri Oct 18 2024 13:40:00 GMT+0530 (India Standard Time)","7331.00","7343.95","7331.00","7338.05"
"Fri Oct 18 2024 13:45:00 GMT+0530 (India Standard Time)","7338.05","7343.00","7329.15","7329.15"
"Fri Oct 18 2024 13:50:00 GMT+0530 (India Standard Time)","7329.15","7333.95","7325.05","7326.15"
"Fri Oct 18 2024 13:55:00 GMT+0530 (India Standard Time)","7326.15","7332.65","7322.50","7329.70"
"Fri Oct 18 2024 14:00:00 GMT+0530 (India Standard Time)","7329.70","7338.80","7325.05","7326.35"
"Fri Oct 18 2024 14:05:00 GMT+0530 (India Standard Time)","7326.35","7335.50","7323.85","7327.65"
"Fri Oct 18 2024 14:10:00 GMT+0530 (India Standard Time)","7327.65","7342.45","7327.65","7341.95"
"Fri Oct 18 2024 14:15:00 GMT+0530 (India Standard Time)","7341.95","7341.95","7329.70","7340.00"
"Fri Oct 18 2024 14:20:00 GMT+0530 (India Standard Time)","7340.00","7340.00","7324.40","7330.50"
"Fri Oct 18 2024 14:25:00 GMT+0530 (India Standard Time)","7330.50","7334.70","7325.00","7334.40"
"Fri Oct 18 2024 14:30:00 GMT+0530 (India Standard Time)","7334.40","7337.65","7330.20","7334.45"
"Fri Oct 18 2024 14:35:00 GMT+0530 (India Standard Time)","7334.45","7336.05","7330.00","7330.20"
"Fri Oct 18 2024 14:40:00 GMT+0530 (India Standard Time)","7330.20","7332.50","7325.55","7331.75"
"Fri Oct 18 2024 14:45:00 GMT+0530 (India Standard Time)","7331.75","7341.00","7330.00","7337.15"
"Fri Oct 18 2024 14:50:00 GMT+0530 (India Standard Time)","7339.90","7339.90","7325.00","7333.00"
"Fri Oct 18 2024 14:55:00 GMT+0530 (India Standard Time)","7330.20","7334.00","7330.15","7330.40"
"Fri Oct 18 2024 15:00:00 GMT+0530 (India Standard Time)","7333.95","7339.70","7331.15","7339.00"
"Fri Oct 18 2024 15:05:00 GMT+0530 (India Standard Time)","7338.85","7339.25","7325.00","7333.95"
"Fri Oct 18 2024 15:10:00 GMT+0530 (India Standard Time)","7335.00","7336.00","7328.00","7328.35"
"Fri Oct 18 2024 15:15:00 GMT+0530 (India Standard Time)","7328.20","7333.10","7323.35","7327.00"
"Fri Oct 18 2024 15:20:00 GMT+0530 (India Standard Time)","7325.05","7330.35","7322.00","7322.00"
"Fri Oct 18 2024 15:25:00 GMT+0530 (India Standard Time)","7322.20","7325.00","7320.00","7324.60"
"Mon Oct 21 2024 09:15:00 GMT+0530 (India Standard Time)","7365.00","7389.60","7334.05","7369.85"
"Mon Oct 21 2024 09:20:00 GMT+0530 (India Standard Time)","7363.55","7369.95","7340.80","7357.10"
"Mon Oct 21 2024 09:25:00 GMT+0530 (India Standard Time)","7356.00","7359.85","7320.00","7342.85"
"Mon Oct 21 2024 09:30:00 GMT+0530 (India Standard Time)","7342.85","7361.30","7330.00","7333.70"
"Mon Oct 21 2024 09:35:00 GMT+0530 (India Standard Time)","7340.10","7340.10","7303.95","7308.15"
"Mon Oct 21 2024 09:40:00 GMT+0530 (India Standard Time)","7308.15","7329.95","7303.30","7318.95"
"Mon Oct 21 2024 09:45:00 GMT+0530 (India Standard Time)","7318.95","7323.30","7301.25","7313.35"
"Mon Oct 21 2024 09:50:00 GMT+0530 (India Standard Time)","7313.35","7313.35","7290.90","7303.90"
"Mon Oct 21 2024 09:55:00 GMT+0530 (India Standard Time)","7308.30","7318.70","7290.90","7298.20"
"Mon Oct 21 2024 10:00:00 GMT+0530 (India Standard Time)","7299.00","7328.50","7298.20","7324.90"
"Mon Oct 21 2024 10:05:00 GMT+0530 (India Standard Time)","7324.90","7435.00","7321.30","7413.85"
"Mon Oct 21 2024 10:10:00 GMT+0530 (India Standard Time)","7416.00","7467.95","7387.05","7441.85"
"Mon Oct 21 2024 10:15:00 GMT+0530 (India Standard Time)","7441.20","7450.00","7410.00","7418.95"
"Mon Oct 21 2024 10:20:00 GMT+0530 (India Standard Time)","7418.95","7485.00","7410.30","7457.00"
"Mon Oct 21 2024 10:25:00 GMT+0530 (India Standard Time)","7453.10","7461.40","7421.05","7428.00"
"Mon Oct 21 2024 10:30:00 GMT+0530 (India Standard Time)","7428.00","7458.95","7421.05","7444.00"
"Mon Oct 21 2024 10:35:00 GMT+0530 (India Standard Time)","7440.00","7445.15","7402.25","7414.65"
"Mon Oct 21 2024 10:40:00 GMT+0530 (India Standard Time)","7411.15","7425.35","7381.80","7386.60"
"Mon Oct 21 2024 10:45:00 GMT+0530 (India Standard Time)","7381.85","7392.55","7369.40","7377.50"
"Mon Oct 21 2024 10:50:00 GMT+0530 (India Standard Time)","7377.50","7394.85","7377.15","7389.75"
"Mon Oct 21 2024 10:55:00 GMT+0530 (India Standard Time)","7397.95","7399.00","7368.30","7373.75"
"Mon Oct 21 2024 11:00:00 GMT+0530 (India Standard Time)","7373.75","7378.95","7368.90","7368.90"
"Mon Oct 21 2024 11:05:00 GMT+0530 (India Standard Time)","7368.90","7377.45","7368.05","7375.60"
"Mon Oct 21 2024 11:10:00 GMT+0530 (India Standard Time)","7369.80","7375.15","7362.00","7364.40"
"Mon Oct 21 2024 11:15:00 GMT+0530 (India Standard Time)","7364.40","7371.00","7335.00","7338.50"
"Mon Oct 21 2024 11:20:00 GMT+0530 (India Standard Time)","7342.60","7359.45","7335.00","7356.00"
"Mon Oct 21 2024 11:25:00 GMT+0530 (India Standard Time)","7354.35","7357.95","7338.35","7352.05"
"Mon Oct 21 2024 11:30:00 GMT+0530 (India Standard Time)","7352.05","7352.15","7325.15","7335.20"
"Mon Oct 21 2024 11:35:00 GMT+0530 (India Standard Time)","7335.20","7343.60","7330.60","7331.00"
"Mon Oct 21 2024 11:40:00 GMT+0530 (India Standard Time)","7331.00","7336.85","7321.00","7324.25"
"Mon Oct 21 2024 11:45:00 GMT+0530 (India Standard Time)","7324.25","7344.50","7316.05","7337.30"
"Mon Oct 21 2024 11:50:00 GMT+0530 (India Standard Time)","7337.30","7337.30","7322.80","7322.80"
"Mon Oct 21 2024 11:55:00 GMT+0530 (India Standard Time)","7322.80","7333.75","7322.80","7329.10"
"Mon Oct 21 2024 12:00:00 GMT+0530 (India Standard Time)","7331.95","7334.05","7315.15","7334.05"
"Mon Oct 21 2024 12:05:00 GMT+0530 (India Standard Time)","7334.05","7334.05","7325.65","7329.20"
"Mon Oct 21 2024 12:10:00 GMT+0530 (India Standard Time)","7329.20","7335.00","7315.05","7315.05"
"Mon Oct 21 2024 12:15:00 GMT+0530 (India Standard Time)","7315.05","7323.95","7314.10","7320.95"
"Mon Oct 21 2024 12:20:00 GMT+0530 (India Standard Time)","7320.95","7335.00","7312.00","7335.00"
"Mon Oct 21 2024 12:25:00 GMT+0530 (India Standard Time)","7335.00","7335.20","7322.35","7328.15"
"Mon Oct 21 2024 12:30:00 GMT+0530 (India Standard Time)","7328.15","7335.95","7311.00","7318.95"
"Mon Oct 21 2024 12:35:00 GMT+0530 (India Standard Time)","7318.95","7321.70","7315.10","7318.00"
"Mon Oct 21 2024 12:40:00 GMT+0530 (India Standard Time)","7317.00","7317.45","7300.70","7316.20"
"Mon Oct 21 2024 12:45:00 GMT+0530 (India Standard Time)","7316.20","7317.95","7303.60","7311.95"
"Mon Oct 21 2024 12:50:00 GMT+0530 (India Standard Time)","7311.95","7319.80","7303.15","7315.35"
"Mon Oct 21 2024 12:55:00 GMT+0530 (India Standard Time)","7315.35","7317.25","7301.00","7309.85"
"Mon Oct 21 2024 13:00:00 GMT+0530 (India Standard Time)","7309.85","7314.95","7305.75","7313.90"
"Mon Oct 21 2024 13:05:00 GMT+0530 (India Standard Time)","7313.90","7322.00","7313.90","7322.00"
"Mon Oct 21 2024 13:10:00 GMT+0530 (India Standard Time)","7322.00","7340.00","7321.20","7328.60"
"Mon Oct 21 2024 13:15:00 GMT+0530 (India Standard Time)","7328.60","7340.00","7324.00","7339.90"
"Mon Oct 21 2024 13:20:00 GMT+0530 (India Standard Time)","7339.70","7343.00","7327.80","7335.40"
"Mon Oct 21 2024 13:25:00 GMT+0530 (India Standard Time)","7335.40","7335.50","7320.05","7326.55"
"Mon Oct 21 2024 13:30:00 GMT+0530 (India Standard Time)","7326.55","7329.00","7314.90","7329.00"
"Mon Oct 21 2024 13:35:00 GMT+0530 (India Standard Time)","7329.00","7388.55","7319.00","7388.00"
"Mon Oct 21 2024 13:40:00 GMT+0530 (India Standard Time)","7388.00","7398.00","7362.35","7371.20"
"Mon Oct 21 2024 13:45:00 GMT+0530 (India Standard Time)","7371.20","7381.00","7365.50","7381.00"
"Mon Oct 21 2024 13:50:00 GMT+0530 (India Standard Time)","7381.00","7381.00","7366.20","7377.00"
"Mon Oct 21 2024 13:55:00 GMT+0530 (India Standard Time)","7377.00","7420.00","7376.50","7408.00"
"Mon Oct 21 2024 14:00:00 GMT+0530 (India Standard Time)","7407.00","7426.95","7404.00","7417.00"
"Mon Oct 21 2024 14:05:00 GMT+0530 (India Standard Time)","7417.00","7417.00","7400.00","7414.00"
"Mon Oct 21 2024 14:10:00 GMT+0530 (India Standard Time)","7414.00","7415.00","7405.50","7412.00"
"Mon Oct 21 2024 14:15:00 GMT+0530 (India Standard Time)","7412.00","7436.90","7408.00","7432.65"
"Mon Oct 21 2024 14:20:00 GMT+0530 (India Standard Time)","7432.65","7438.00","7420.25","7427.50"
"Mon Oct 21 2024 14:25:00 GMT+0530 (India Standard Time)","7427.50","7432.95","7415.45","7416.55"
"Mon Oct 21 2024 14:30:00 GMT+0530 (India Standard Time)","7416.55","7429.95","7415.35","7418.40"
"Mon Oct 21 2024 14:35:00 GMT+0530 (India Standard Time)","7418.40","7418.40","7402.35","7410.00"
"Mon Oct 21 2024 14:40:00 GMT+0530 (India Standard Time)","7410.00","7416.65","7404.50","7414.20"
"Mon Oct 21 2024 14:45:00 GMT+0530 (India Standard Time)","7414.20","7414.20","7403.00","7406.90"
"Mon Oct 21 2024 14:50:00 GMT+0530 (India Standard Time)","7403.10","7410.00","7400.00","7405.45"
"Mon Oct 21 2024 14:55:00 GMT+0530 (India Standard Time)","7405.45","7407.80","7400.05","7403.40"
"Mon Oct 21 2024 15:00:00 GMT+0530 (India Standard Time)","7404.05","7409.00","7400.00","7403.15"
"Mon Oct 21 2024 15:05:00 GMT+0530 (India Standard Time)","7403.15","7419.30","7400.00","7419.30"
"Mon Oct 21 2024 15:10:00 GMT+0530 (India Standard Time)","7426.10","7426.55","7404.45","7409.70"
"Mon Oct 21 2024 15:15:00 GMT+0530 (India Standard Time)","7410.55","7412.95","7391.20","7391.25"
"Mon Oct 21 2024 15:20:00 GMT+0530 (India Standard Time)","7395.95","7422.00","7395.95","7414.35"
"Mon Oct 21 2024 15:25:00 GMT+0530 (India Standard Time)","7411.00","7414.95","7390.00","7393.00"
"Tue Oct 22 2024 09:15:00 GMT+0530 (India Standard Time)","7410.00","7435.00","7367.35","7380.00"
"Tue Oct 22 2024 09:20:00 GMT+0530 (India Standard Time)","7380.00","7400.00","7356.85","7366.50"
"Tue Oct 22 2024 09:25:00 GMT+0530 (India Standard Time)","7366.50","7371.75","7336.80","7357.80"
"Tue Oct 22 2024 09:30:00 GMT+0530 (India Standard Time)","7354.05","7363.90","7331.15","7339.35"
"Tue Oct 22 2024 09:35:00 GMT+0530 (India Standard Time)","7337.45","7347.10","7325.50","7337.00"
"Tue Oct 22 2024 09:40:00 GMT+0530 (India Standard Time)","7337.05","7352.00","7331.75","7346.00"
"Tue Oct 22 2024 09:45:00 GMT+0530 (India Standard Time)","7350.05","7364.00","7346.50","7358.60"
"Tue Oct 22 2024 09:50:00 GMT+0530 (India Standard Time)","7353.45","7364.70","7340.00","7350.00"
"Tue Oct 22 2024 09:55:00 GMT+0530 (India Standard Time)","7350.00","7363.00","7340.00","7346.50"
"Tue Oct 22 2024 10:00:00 GMT+0530 (India Standard Time)","7352.10","7360.00","7325.00","7336.15"
"Tue Oct 22 2024 10:05:00 GMT+0530 (India Standard Time)","7331.05","7338.65","7330.05","7335.10"
"Tue Oct 22 2024 10:10:00 GMT+0530 (India Standard Time)","7335.10","7338.55","7318.00","7325.05"
"Tue Oct 22 2024 10:15:00 GMT+0530 (India Standard Time)","7325.05","7329.25","7310.00","7310.00"
"Tue Oct 22 2024 10:20:00 GMT+0530 (India Standard Time)","7310.00","7321.10","7308.00","7314.50"
"Tue Oct 22 2024 10:25:00 GMT+0530 (India Standard Time)","7314.50","7317.25","7300.10","7305.65"
"Tue Oct 22 2024 10:30:00 GMT+0530 (India Standard Time)","7298.95","7310.00","7291.00","7296.40"
"Tue Oct 22 2024 10:35:00 GMT+0530 (India Standard Time)","7291.55","7304.70","7290.00","7290.00"
"Tue Oct 22 2024 10:40:00 GMT+0530 (India Standard Time)","7290.00","7298.80","7282.00","7286.00"
"Tue Oct 22 2024 10:45:00 GMT+0530 (India Standard Time)","7286.00","7303.00","7286.00","7298.85"
"Tue Oct 22 2024 10:50:00 GMT+0530 (India Standard Time)","7298.85","7309.95","7293.10","7298.90"
"Tue Oct 22 2024 10:55:00 GMT+0530 (India Standard Time)","7298.90","7309.95","7296.00","7309.95"
"Tue Oct 22 2024 11:00:00 GMT+0530 (India Standard Time)","7309.95","7310.00","7290.00","7294.30"
"Tue Oct 22 2024 11:05:00 GMT+0530 (India Standard Time)","7294.30","7304.05","7290.95","7298.05"
"Tue Oct 22 2024 11:10:00 GMT+0530 (India Standard Time)","7298.05","7300.00","7290.90","7290.90"
"Tue Oct 22 2024 11:15:00 GMT+0530 (India Standard Time)","7290.90","7290.90","7275.35","7280.85"
"Tue Oct 22 2024 11:20:00 GMT+0530 (India Standard Time)","7276.00","7285.00","7272.00","7277.50"
"Tue Oct 22 2024 11:25:00 GMT+0530 (India Standard Time)","7275.00","7281.75","7265.00","7265.15"
"Tue Oct 22 2024 11:30:00 GMT+0530 (India Standard Time)","7265.15","7281.65","7265.00","7265.00"
"Tue Oct 22 2024 11:35:00 GMT+0530 (India Standard Time)","7265.05","7272.85","7260.00","7266.00"
"Tue Oct 22 2024 11:40:00 GMT+0530 (India Standard Time)","7266.00","7266.00","7251.00","7251.35"
"Tue Oct 22 2024 11:45:00 GMT+0530 (India Standard Time)","7251.35","7268.55","7250.00","7250.00"
"Tue Oct 22 2024 11:50:00 GMT+0530 (India Standard Time)","7250.00","7253.95","7240.30","7242.40"
"Tue Oct 22 2024 11:55:00 GMT+0530 (India Standard Time)","7242.40","7263.00","7242.40","7259.20"
"Tue Oct 22 2024 12:00:00 GMT+0530 (India Standard Time)","7259.15","7259.70","7245.00","7249.65"
"Tue Oct 22 2024 12:05:00 GMT+0530 (India Standard Time)","7249.00","7256.80","7248.15","7251.40"
"Tue Oct 22 2024 12:10:00 GMT+0530 (India Standard Time)","7249.00","7252.95","7244.00","7244.00"
"Tue Oct 22 2024 12:15:00 GMT+0530 (India Standard Time)","7244.00","7248.00","7234.95","7245.10"
"Tue Oct 22 2024 12:20:00 GMT+0530 (India Standard Time)","7245.10","7250.00","7240.00","7248.00"
"Tue Oct 22 2024 12:25:00 GMT+0530 (India Standard Time)","7241.65","7242.90","7222.00","7225.55"
"Tue Oct 22 2024 12:30:00 GMT+0530 (India Standard Time)","7225.80","7225.80","7209.20","7219.15"
"Tue Oct 22 2024 12:35:00 GMT+0530 (India Standard Time)","7219.15","7221.90","7209.25","7211.10"
"Tue Oct 22 2024 12:40:00 GMT+0530 (India Standard Time)","7211.10","7219.80","7209.00","7217.90"
"Tue Oct 22 2024 12:45:00 GMT+0530 (India Standard Time)","7217.90","7220.10","7204.40","7204.40"
"Tue Oct 22 2024 12:50:00 GMT+0530 (India Standard Time)","7204.40","7206.80","7198.00","7205.00"
"Tue Oct 22 2024 12:55:00 GMT+0530 (India Standard Time)","7204.00","7204.00","7195.95","7197.00"
"Tue Oct 22 2024 13:00:00 GMT+0530 (India Standard Time)","7200.00","7202.85","7193.75","7199.95"
"Tue Oct 22 2024 13:05:00 GMT+0530 (India Standard Time)","7195.00","7199.95","7190.00","7199.95"
"Tue Oct 22 2024 13:10:00 GMT+0530 (India Standard Time)","7198.45","7209.95","7195.15","7209.20"
"Tue Oct 22 2024 13:15:00 GMT+0530 (India Standard Time)","7209.20","7209.20","7195.05","7199.65"
"Tue Oct 22 2024 13:20:00 GMT+0530 (India Standard Time)","7199.65","7200.35","7190.00","7195.10"
"Tue Oct 22 2024 13:25:00 GMT+0530 (India Standard Time)","7195.10","7200.00","7186.00","7194.60"
"Tue Oct 22 2024 13:30:00 GMT+0530 (India Standard Time)","7194.60","7200.00","7183.70","7194.00"
"Tue Oct 22 2024 13:35:00 GMT+0530 (India Standard Time)","7194.00","7195.45","7180.00","7193.00"
"Tue Oct 22 2024 13:40:00 GMT+0530 (India Standard Time)","7193.00","7195.65","7180.00","7184.05"
"Tue Oct 22 2024 13:45:00 GMT+0530 (India Standard Time)","7184.00","7187.30","7180.00","7185.40"
"Tue Oct 22 2024 13:50:00 GMT+0530 (India Standard Time)","7185.40","7190.00","7182.90","7187.05"
"Tue Oct 22 2024 13:55:00 GMT+0530 (India Standard Time)","7190.00","7199.00","7187.75","7198.00"
"Tue Oct 22 2024 14:00:00 GMT+0530 (India Standard Time)","7199.00","7201.55","7195.00","7198.65"
"Tue Oct 22 2024 14:05:00 GMT+0530 (India Standard Time)","7198.65","7198.65","7184.00","7188.00"
"Tue Oct 22 2024 14:10:00 GMT+0530 (India Standard Time)","7188.00","7199.00","7184.00","7196.05"
"Tue Oct 22 2024 14:15:00 GMT+0530 (India Standard Time)","7196.05","7199.00","7190.00","7199.00"
"Tue Oct 22 2024 14:20:00 GMT+0530 (India Standard Time)","7199.00","7200.00","7190.80","7192.75"
"Tue Oct 22 2024 14:25:00 GMT+0530 (India Standard Time)","7192.75","7199.00","7192.75","7195.00"
"Tue Oct 22 2024 14:30:00 GMT+0530 (India Standard Time)","7195.00","7198.30","7184.00","7186.00"
"Tue Oct 22 2024 14:35:00 GMT+0530 (India Standard Time)","7186.00","7189.50","7161.00","7167.00"
"Tue Oct 22 2024 14:40:00 GMT+0530 (India Standard Time)","7170.00","7179.90","7161.00","7174.65"
"Tue Oct 22 2024 14:45:00 GMT+0530 (India Standard Time)","7174.65","7175.00","7163.00","7168.70"
"Tue Oct 22 2024 14:50:00 GMT+0530 (India Standard Time)","7165.05","7174.60","7140.30","7150.00"
"Tue Oct 22 2024 14:55:00 GMT+0530 (India Standard Time)","7150.00","7154.45","7120.20","7120.20"
"Tue Oct 22 2024 15:00:00 GMT+0530 (India Standard Time)","7120.20","7134.55","7109.00","7134.00"
"Tue Oct 22 2024 15:05:00 GMT+0530 (India Standard Time)","7132.95","7146.60","7124.95","7146.60"
"Tue Oct 22 2024 15:10:00 GMT+0530 (India Standard Time)","7146.60","7146.90","7133.05","7137.70"
"Tue Oct 22 2024 15:15:00 GMT+0530 (India Standard Time)","7137.70","7145.00","7101.05","7117.95"
"Tue Oct 22 2024 15:20:00 GMT+0530 (India Standard Time)","7118.00","7140.00","7107.25","7138.90"
"Tue Oct 22 2024 15:25:00 GMT+0530 (India Standard Time)","7137.65","7148.00","7121.30","7148.00"
"Wed Oct 23 2024 09:15:00 GMT+0530 (India Standard Time)","7137.95","7194.95","7128.05","7135.95"
"Wed Oct 23 2024 09:20:00 GMT+0530 (India Standard Time)","7135.90","7178.65","7130.00","7156.80"
"Wed Oct 23 2024 09:25:00 GMT+0530 (India Standard Time)","7156.80","7156.80","7101.55","7121.75"
"Wed Oct 23 2024 09:30:00 GMT+0530 (India Standard Time)","7121.75","7138.00","7115.00","7123.05"
"Wed Oct 23 2024 09:35:00 GMT+0530 (India Standard Time)","7122.00","7122.90","7072.25","7082.70"
"Wed Oct 23 2024 09:40:00 GMT+0530 (India Standard Time)","7082.70","7091.30","7055.60","7060.00"
"Wed Oct 23 2024 09:45:00 GMT+0530 (India Standard Time)","7063.95","7082.00","7017.80","7076.45"
"Wed Oct 23 2024 09:50:00 GMT+0530 (India Standard Time)","7076.65","7079.60","7051.75","7077.55"
"Wed Oct 23 2024 09:55:00 GMT+0530 (India Standard Time)","7073.10","7097.00","7055.95","7096.00"
"Wed Oct 23 2024 10:00:00 GMT+0530 (India Standard Time)","7096.00","7140.00","7081.75","7134.00"
"Wed Oct 23 2024 10:05:00 GMT+0530 (India Standard Time)","7134.00","7153.20","7116.15","7149.10"
"Wed Oct 23 2024 10:10:00 GMT+0530 (India Standard Time)","7149.10","7159.20","7133.80","7153.40"
"Wed Oct 23 2024 10:15:00 GMT+0530 (India Standard Time)","7153.75","7187.50","7151.85","7181.60"
"Wed Oct 23 2024 10:20:00 GMT+0530 (India Standard Time)","7181.60","7193.85","7155.40","7159.15"
"Wed Oct 23 2024 10:25:00 GMT+0530 (India Standard Time)","7159.15","7165.00","7137.00","7159.15"
"Wed Oct 23 2024 10:30:00 GMT+0530 (India Standard Time)","7154.30","7159.80","7138.20","7142.50"
"Wed Oct 23 2024 10:35:00 GMT+0530 (India Standard Time)","7140.90","7165.50","7132.00","7155.35"
"Wed Oct 23 2024 10:40:00 GMT+0530 (India Standard Time)","7155.15","7159.20","7114.05","7122.00"
"Wed Oct 23 2024 10:45:00 GMT+0530 (India Standard Time)","7122.00","7130.45","7111.00","7123.75"
"Wed Oct 23 2024 10:50:00 GMT+0530 (India Standard Time)","7123.75","7141.65","7121.60","7137.35"
"Wed Oct 23 2024 10:55:00 GMT+0530 (India Standard Time)","7137.45","7141.10","7120.00","7130.00"
"Wed Oct 23 2024 11:00:00 GMT+0530 (India Standard Time)","7132.80","7168.00","7128.60","7164.45"
"Wed Oct 23 2024 11:05:00 GMT+0530 (India Standard Time)","7164.45","7173.00","7151.35","7152.00"
"Wed Oct 23 2024 11:10:00 GMT+0530 (India Standard Time)","7152.00","7156.90","7121.00","7125.05"
"Wed Oct 23 2024 11:15:00 GMT+0530 (India Standard Time)","7128.95","7137.20","7121.00","7127.50"
"Wed Oct 23 2024 11:20:00 GMT+0530 (India Standard Time)","7127.50","7132.15","7123.05","7127.40"
"Wed Oct 23 2024 11:25:00 GMT+0530 (India Standard Time)","7127.40","7130.00","7120.00","7125.00"
"Wed Oct 23 2024 11:30:00 GMT+0530 (India Standard Time)","7125.00","7131.05","7121.00","7125.00"
"Wed Oct 23 2024 11:35:00 GMT+0530 (India Standard Time)","7123.10","7127.20","7114.05","7115.00"
"Wed Oct 23 2024 11:40:00 GMT+0530 (India Standard Time)","7115.00","7129.20","7115.00","7129.20"
"Wed Oct 23 2024 11:45:00 GMT+0530 (India Standard Time)","7129.20","7190.00","7125.85","7179.15"
"Wed Oct 23 2024 11:50:00 GMT+0530 (India Standard Time)","7183.50","7183.50","7146.50","7178.65"
"Wed Oct 23 2024 11:55:00 GMT+0530 (India Standard Time)","7188.00","7238.40","7185.20","7212.35"
"Wed Oct 23 2024 12:00:00 GMT+0530 (India Standard Time)","7212.35","7218.50","7204.05","7208.25"
"Wed Oct 23 2024 12:05:00 GMT+0530 (India Standard Time)","7208.25","7217.05","7202.00","7205.70"
"Wed Oct 23 2024 12:10:00 GMT+0530 (India Standard Time)","7205.65","7213.25","7200.00","7213.25"
"Wed Oct 23 2024 12:15:00 GMT+0530 (India Standard Time)","7207.25","7213.00","7200.00","7208.45"
"Wed Oct 23 2024 12:20:00 GMT+0530 (India Standard Time)","7204.50","7224.95","7200.00","7223.85"
"Wed Oct 23 2024 12:25:00 GMT+0530 (India Standard Time)","7223.85","7245.00","7220.00","7234.50"
"Wed Oct 23 2024 12:30:00 GMT+0530 (India Standard Time)","7238.90","7269.90","7229.10","7260.00"
"Wed Oct 23 2024 12:35:00 GMT+0530 (India Standard Time)","7260.00","7271.00","7250.00","7257.40"
"Wed Oct 23 2024 12:40:00 GMT+0530 (India Standard Time)","7257.40","7263.00","7240.00","7240.40"
"Wed Oct 23 2024 12:45:00 GMT+0530 (India Standard Time)","7240.05","7253.20","7240.00","7242.30"
"Wed Oct 23 2024 12:50:00 GMT+0530 (India Standard Time)","7242.30","7244.30","7239.00","7242.15"
"Wed Oct 23 2024 12:55:00 GMT+0530 (India Standard Time)","7242.15","7245.00","7240.00","7240.00"
"Wed Oct 23 2024 13:00:00 GMT+0530 (India Standard Time)","7240.05","7256.80","7240.00","7254.00"
"Wed Oct 23 2024 13:05:00 GMT+0530 (India Standard Time)","7254.00","7254.20","7240.25","7240.25"
"Wed Oct 23 2024 13:10:00 GMT+0530 (India Standard Time)","7240.20","7250.00","7230.00","7250.00"
"Wed Oct 23 2024 13:15:00 GMT+0530 (India Standard Time)","7250.00","7253.00","7245.00","7245.05"
"Wed Oct 23 2024 13:20:00 GMT+0530 (India Standard Time)","7245.05","7262.95","7245.00","7259.30"
"Wed Oct 23 2024 13:25:00 GMT+0530 (India Standard Time)","7259.30","7264.20","7245.85","7245.95"
"Wed Oct 23 2024 13:30:00 GMT+0530 (India Standard Time)","7246.20","7260.00","7245.00","7256.30"
"Wed Oct 23 2024 13:35:00 GMT+0530 (India Standard Time)","7256.30","7265.80","7242.00","7252.00"
"Wed Oct 23 2024 13:40:00 GMT+0530 (India Standard Time)","7250.25","7255.00","7250.00","7254.00"
"Wed Oct 23 2024 13:45:00 GMT+0530 (India Standard Time)","7251.15","7255.00","7250.00","7255.00"
"Wed Oct 23 2024 13:50:00 GMT+0530 (India Standard Time)","7255.00","7257.70","7249.95","7253.85"
"Wed Oct 23 2024 13:55:00 GMT+0530 (India Standard Time)","7253.85","7261.20","7252.00","7256.75"
"Wed Oct 23 2024 14:00:00 GMT+0530 (India Standard Time)","7256.75","7259.10","7230.10","7234.70"
"Wed Oct 23 2024 14:05:00 GMT+0530 (India Standard Time)","7234.70","7237.35","7202.70","7218.70"
"Wed Oct 23 2024 14:10:00 GMT+0530 (India Standard Time)","7218.70","7218.70","7200.00","7204.50"
"Wed Oct 23 2024 14:15:00 GMT+0530 (India Standard Time)","7204.50","7205.70","7196.20","7201.80"
"Wed Oct 23 2024 14:20:00 GMT+0530 (India Standard Time)","7201.80","7209.50","7171.00","7206.35"
"Wed Oct 23 2024 14:25:00 GMT+0530 (India Standard Time)","7206.35","7206.65","7200.00","7200.05"
"Wed Oct 23 2024 14:30:00 GMT+0530 (India Standard Time)","7200.05","7217.05","7200.00","7203.25"
"Wed Oct 23 2024 14:35:00 GMT+0530 (India Standard Time)","7203.20","7214.90","7199.85","7210.55"
"Wed Oct 23 2024 14:40:00 GMT+0530 (India Standard Time)","7210.90","7226.85","7210.00","7220.00"
"Wed Oct 23 2024 14:45:00 GMT+0530 (India Standard Time)","7220.00","7235.00","7220.00","7230.00"
"Wed Oct 23 2024 14:50:00 GMT+0530 (India Standard Time)","7230.00","7245.00","7230.00","7242.00"
"Wed Oct 23 2024 14:55:00 GMT+0530 (India Standard Time)","7240.00","7245.00","7240.00","7240.00"
"Wed Oct 23 2024 15:00:00 GMT+0530 (India Standard Time)","7240.30","7265.20","7234.50","7257.75"
"Wed Oct 23 2024 15:05:00 GMT+0530 (India Standard Time)","7257.75","7264.95","7227.50","7235.65"
"Wed Oct 23 2024 15:10:00 GMT+0530 (India Standard Time)","7240.25","7240.25","7200.45","7205.20"
"Wed Oct 23 2024 15:15:00 GMT+0530 (India Standard Time)","7205.20","7213.80","7200.00","7200.05"
"Wed Oct 23 2024 15:20:00 GMT+0530 (India Standard Time)","7200.00","7209.10","7200.00","7200.00"
"Wed Oct 23 2024 15:25:00 GMT+0530 (India Standard Time)","7200.00","7213.00","7200.00","7210.00"
"Thu Oct 24 2024 09:15:00 GMT+0530 (India Standard Time)","7247.70","7247.70","7121.00","7144.45"
"Thu Oct 24 2024 09:20:00 GMT+0530 (India Standard Time)","7140.05","7146.15","7115.00","7146.00"
"Thu Oct 24 2024 09:25:00 GMT+0530 (India Standard Time)","7145.00","7153.95","7120.00","7127.10"
"Thu Oct 24 2024 09:30:00 GMT+0530 (India Standard Time)","7130.50","7145.20","7109.55","7145.20"
"Thu Oct 24 2024 09:35:00 GMT+0530 (India Standard Time)","7139.45","7150.00","7120.00","7121.00"
"Thu Oct 24 2024 09:40:00 GMT+0530 (India Standard Time)","7123.00","7137.70","7116.00","7121.10"
"Thu Oct 24 2024 09:45:00 GMT+0530 (India Standard Time)","7123.95","7129.95","7116.30","7124.00"
"Thu Oct 24 2024 09:50:00 GMT+0530 (India Standard Time)","7124.00","7125.30","7117.10","7124.00"
"Thu Oct 24 2024 09:55:00 GMT+0530 (India Standard Time)","7124.00","7149.90","7115.45","7146.20"
"Thu Oct 24 2024 10:00:00 GMT+0530 (India Standard Time)","7149.75","7151.00","7134.70","7139.70"
"Thu Oct 24 2024 10:05:00 GMT+0530 (India Standard Time)","7141.15","7144.75","7136.00","7144.45"
"Thu Oct 24 2024 10:10:00 GMT+0530 (India Standard Time)","7144.00","7149.95","7136.05","7148.50"
"Thu Oct 24 2024 10:15:00 GMT+0530 (India Standard Time)","7148.50","7154.50","7136.00","7142.95"
"Thu Oct 24 2024 10:20:00 GMT+0530 (India Standard Time)","7142.95","7143.00","7135.00","7140.05"
"Thu Oct 24 2024 10:25:00 GMT+0530 (India Standard Time)","7140.05","7149.20","7136.00","7144.80"
"Thu Oct 24 2024 10:30:00 GMT+0530 (India Standard Time)","7144.80","7144.80","7130.25","7135.45"
"Thu Oct 24 2024 10:35:00 GMT+0530 (India Standard Time)","7135.90","7146.50","7125.00","7140.75"
"Thu Oct 24 2024 10:40:00 GMT+0530 (India Standard Time)","7140.75","7143.95","7135.05","7143.80"
"Thu Oct 24 2024 10:45:00 GMT+0530 (India Standard Time)","7143.80","7143.80","7130.05","7134.15"
"Thu Oct 24 2024 10:50:00 GMT+0530 (India Standard Time)","7138.70","7139.35","7125.30","7132.05"
"Thu Oct 24 2024 10:55:00 GMT+0530 (India Standard Time)","7132.05","7132.05","7117.30","7119.60"
"Thu Oct 24 2024 11:00:00 GMT+0530 (India Standard Time)","7119.60","7130.00","7101.00","7119.65"
"Thu Oct 24 2024 11:05:00 GMT+0530 (India Standard Time)","7119.65","7121.65","7100.00","7102.25"
"Thu Oct 24 2024 11:10:00 GMT+0530 (India Standard Time)","7102.25","7114.05","7102.25","7109.65"
"Thu Oct 24 2024 11:15:00 GMT+0530 (India Standard Time)","7109.65","7111.00","7101.00","7102.45"
"Thu Oct 24 2024 11:20:00 GMT+0530 (India Standard Time)","7102.45","7109.90","7101.55","7108.00"
"Thu Oct 24 2024 11:25:00 GMT+0530 (India Standard Time)","7108.00","7108.20","7085.00","7092.00"
"Thu Oct 24 2024 11:30:00 GMT+0530 (India Standard Time)","7092.00","7097.15","7073.95","7075.05"
"Thu Oct 24 2024 11:35:00 GMT+0530 (India Standard Time)","7075.05","7083.95","7070.00","7074.00"
"Thu Oct 24 2024 11:40:00 GMT+0530 (India Standard Time)","7074.00","7076.00","7067.00","7074.50"
"Thu Oct 24 2024 11:45:00 GMT+0530 (India Standard Time)","7074.40","7075.60","7060.25","7060.25"
"Thu Oct 24 2024 11:50:00 GMT+0530 (India Standard Time)","7061.00","7070.00","7044.50","7059.75"
"Thu Oct 24 2024 11:55:00 GMT+0530 (India Standard Time)","7050.00","7059.00","7050.00","7055.15"
"Thu Oct 24 2024 12:00:00 GMT+0530 (India Standard Time)","7055.15","7059.00","7052.95","7055.15"
"Thu Oct 24 2024 12:05:00 GMT+0530 (India Standard Time)","7055.00","7063.20","7054.00","7059.45"
"Thu Oct 24 2024 12:10:00 GMT+0530 (India Standard Time)","7056.20","7064.30","7056.20","7060.45"
"Thu Oct 24 2024 12:15:00 GMT+0530 (India Standard Time)","7060.45","7064.00","7030.05","7041.55"
"Thu Oct 24 2024 12:20:00 GMT+0530 (India Standard Time)","7035.35","7040.75","7005.00","7015.00"
"Thu Oct 24 2024 12:25:00 GMT+0530 (India Standard Time)","7012.65","7017.30","6995.00","7000.00"
"Thu Oct 24 2024 12:30:00 GMT+0530 (India Standard Time)","7000.00","7000.00","6994.85","6995.95"
"Thu Oct 24 2024 12:35:00 GMT+0530 (India Standard Time)","6995.95","7000.00","6995.45","6998.00"
"Thu Oct 24 2024 12:40:00 GMT+0530 (India Standard Time)","6995.00","7007.95","6988.00","7000.00"
"Thu Oct 24 2024 12:45:00 GMT+0530 (India Standard Time)","7000.00","7008.65","6990.05","6992.00"
"Thu Oct 24 2024 12:50:00 GMT+0530 (India Standard Time)","6991.95","6992.85","6972.30","6980.00"
"Thu Oct 24 2024 12:55:00 GMT+0530 (India Standard Time)","6980.00","6985.95","6965.00","6978.00"
"Thu Oct 24 2024 13:00:00 GMT+0530 (India Standard Time)","6977.50","6989.95","6976.55","6982.75"
"Thu Oct 24 2024 13:05:00 GMT+0530 (India Standard Time)","6982.75","6992.35","6980.00","6991.95"
"Thu Oct 24 2024 13:10:00 GMT+0530 (India Standard Time)","6991.95","6999.00","6986.00","6999.00"
"Thu Oct 24 2024 13:15:00 GMT+0530 (India Standard Time)","6998.10","6999.85","6986.40","6989.00"
"Thu Oct 24 2024 13:20:00 GMT+0530 (India Standard Time)","6988.50","6990.00","6986.10","6990.00"
"Thu Oct 24 2024 13:25:00 GMT+0530 (India Standard Time)","6990.00","6990.00","6980.00","6985.90"
"Thu Oct 24 2024 13:30:00 GMT+0530 (India Standard Time)","6985.90","6985.95","6975.00","6983.20"
"Thu Oct 24 2024 13:35:00 GMT+0530 (India Standard Time)","6983.20","6983.95","6979.05","6981.00"
"Thu Oct 24 2024 13:40:00 GMT+0530 (India Standard Time)","6981.00","6982.50","6975.00","6980.35"
"Thu Oct 24 2024 13:45:00 GMT+0530 (India Standard Time)","6980.35","6982.35","6976.00","6982.00"
"Thu Oct 24 2024 13:50:00 GMT+0530 (India Standard Time)","6982.00","6985.00","6980.45","6982.50"
"Thu Oct 24 2024 13:55:00 GMT+0530 (India Standard Time)","6982.50","6997.95","6982.40","6994.90"
"Thu Oct 24 2024 14:00:00 GMT+0530 (India Standard Time)","6994.90","6994.90","6985.10","6992.80"
"Thu Oct 24 2024 14:05:00 GMT+0530 (India Standard Time)","6992.75","6993.95","6980.00","6987.65"
"Thu Oct 24 2024 14:10:00 GMT+0530 (India Standard Time)","6987.65","6990.60","6982.35","6987.65"
"Thu Oct 24 2024 14:15:00 GMT+0530 (India Standard Time)","6987.65","6992.10","6977.75","6981.75"
"Thu Oct 24 2024 14:20:00 GMT+0530 (India Standard Time)","6981.75","6988.80","6976.50","6979.35"
"Thu Oct 24 2024 14:25:00 GMT+0530 (India Standard Time)","6979.35","6986.95","6977.00","6986.95"
"Thu Oct 24 2024 14:30:00 GMT+0530 (India Standard Time)","6986.95","6993.00","6986.25","6989.95"
"Thu Oct 24 2024 14:35:00 GMT+0530 (India Standard Time)","6989.95","6990.85","6985.00","6985.00"
"Thu Oct 24 2024 14:40:00 GMT+0530 (India Standard Time)","6985.00","6990.00","6984.05","6987.90"
"Thu Oct 24 2024 14:45:00 GMT+0530 (India Standard Time)","6987.90","7000.00","6987.40","6993.00"
"Thu Oct 24 2024 14:50:00 GMT+0530 (India Standard Time)","6992.40","6995.00","6988.30","6994.90"
"Thu Oct 24 2024 14:55:00 GMT+0530 (India Standard Time)","6994.75","6998.00","6989.35","6989.50"
"Thu Oct 24 2024 15:00:00 GMT+0530 (India Standard Time)","6985.00","6991.05","6980.00","6980.00"
"Thu Oct 24 2024 15:05:00 GMT+0530 (India Standard Time)","6980.00","6993.65","6980.00","6993.60"
"Thu Oct 24 2024 15:10:00 GMT+0530 (India Standard Time)","6993.60","6995.85","6967.20","6972.45"
"Thu Oct 24 2024 15:15:00 GMT+0530 (India Standard Time)","6972.60","6972.65","6951.45","6967.00"
"Thu Oct 24 2024 15:20:00 GMT+0530 (India Standard Time)","6965.10","6970.00","6950.00","6957.00"
"Thu Oct 24 2024 15:25:00 GMT+0530 (India Standard Time)","6956.95","6970.00","6950.05","6969.00"
"Fri Oct 25 2024 09:15:00 GMT+0530 (India Standard Time)","6990.00","7048.45","6971.00","7048.45"
"Fri Oct 25 2024 09:20:00 GMT+0530 (India Standard Time)","7039.65","7045.40","7001.85","7001.85"
"Fri Oct 25 2024 09:25:00 GMT+0530 (India Standard Time)","7009.00","7020.00","6984.00","6996.30"
"Fri Oct 25 2024 09:30:00 GMT+0530 (India Standard Time)","7006.95","7008.75","6971.50","6985.00"
"Fri Oct 25 2024 09:35:00 GMT+0530 (India Standard Time)","6985.00","6992.25","6960.50","6962.40"
"Fri Oct 25 2024 09:40:00 GMT+0530 (India Standard Time)","6962.60","6970.00","6940.00","6951.25"
"Fri Oct 25 2024 09:45:00 GMT+0530 (India Standard Time)","6950.10","6959.95","6934.50","6946.25"
"Fri Oct 25 2024 09:50:00 GMT+0530 (India Standard Time)","6947.00","6964.75","6940.15","6964.00"
"Fri Oct 25 2024 09:55:00 GMT+0530 (India Standard Time)","6964.00","6972.60","6950.95","6966.10"
"Fri Oct 25 2024 10:00:00 GMT+0530 (India Standard Time)","6966.10","6966.40","6934.05","6943.50"
"Fri Oct 25 2024 10:05:00 GMT+0530 (India Standard Time)","6943.50","6961.85","6942.25","6958.50"
"Fri Oct 25 2024 10:10:00 GMT+0530 (India Standard Time)","6958.80","6969.00","6935.50","6937.00"
"Fri Oct 25 2024 10:15:00 GMT+0530 (India Standard Time)","6937.00","6941.45","6922.20","6929.00"
"Fri Oct 25 2024 10:20:00 GMT+0530 (India Standard Time)","6930.00","6991.55","6929.55","6986.40"
"Fri Oct 25 2024 10:25:00 GMT+0530 (India Standard Time)","6986.40","6993.85","6939.95","6945.00"
"Fri Oct 25 2024 10:30:00 GMT+0530 (India Standard Time)","6945.80","6950.00","6921.05","6942.15"
"Fri Oct 25 2024 10:35:00 GMT+0530 (India Standard Time)","6942.10","6943.05","6912.50","6928.00"
"Fri Oct 25 2024 10:40:00 GMT+0530 (India Standard Time)","6929.20","6929.75","6901.00","6909.40"
"Fri Oct 25 2024 10:45:00 GMT+0530 (India Standard Time)","6909.40","6911.80","6900.00","6903.00"
"Fri Oct 25 2024 10:50:00 GMT+0530 (India Standard Time)","6903.00","6910.45","6881.00","6881.00"
"Fri Oct 25 2024 10:55:00 GMT+0530 (India Standard Time)","6884.30","6903.25","6870.60","6892.20"
"Fri Oct 25 2024 11:00:00 GMT+0530 (India Standard Time)","6892.20","6915.70","6888.65","6907.45"
"Fri Oct 25 2024 11:05:00 GMT+0530 (India Standard Time)","6907.45","6909.90","6891.00","6901.55"
"Fri Oct 25 2024 11:10:00 GMT+0530 (India Standard Time)","6897.95","6906.95","6891.10","6897.00"
"Fri Oct 25 2024 11:15:00 GMT+0530 (India Standard Time)","6897.00","6932.00","6897.00","6923.85"
"Fri Oct 25 2024 11:20:00 GMT+0530 (India Standard Time)","6929.10","6957.60","6924.00","6956.95"
"Fri Oct 25 2024 11:25:00 GMT+0530 (India Standard Time)","6950.35","6954.35","6930.80","6938.85"
"Fri Oct 25 2024 11:30:00 GMT+0530 (India Standard Time)","6938.85","6938.85","6918.05","6927.00"
"Fri Oct 25 2024 11:35:00 GMT+0530 (India Standard Time)","6927.00","6939.70","6912.10","6939.70"
"Fri Oct 25 2024 11:40:00 GMT+0530 (India Standard Time)","6943.25","6946.85","6930.30","6930.30"
"Fri Oct 25 2024 11:45:00 GMT+0530 (India Standard Time)","6930.30","6952.20","6930.30","6945.00"
"Fri Oct 25 2024 11:50:00 GMT+0530 (India Standard Time)","6939.15","6945.20","6904.20","6912.45"
"Fri Oct 25 2024 11:55:00 GMT+0530 (India Standard Time)","6918.05","6926.55","6912.00","6926.55"
"Fri Oct 25 2024 12:00:00 GMT+0530 (India Standard Time)","6926.00","6940.00","6922.45","6940.00"
"Fri Oct 25 2024 12:05:00 GMT+0530 (India Standard Time)","6940.00","6945.90","6933.65","6942.30"
"Fri Oct 25 2024 12:10:00 GMT+0530 (India Standard Time)","6942.30","6944.60","6931.65","6944.15"
"Fri Oct 25 2024 12:15:00 GMT+0530 (India Standard Time)","6944.15","6944.15","6932.55","6940.00"
"Fri Oct 25 2024 12:20:00 GMT+0530 (India Standard Time)","6940.00","6962.50","6935.30","6940.75"
"Fri Oct 25 2024 12:25:00 GMT+0530 (India Standard Time)","6940.75","6942.65","6920.05","6935.00"
"Fri Oct 25 2024 12:30:00 GMT+0530 (India Standard Time)","6935.45","6939.95","6922.40","6939.00"
"Fri Oct 25 2024 12:35:00 GMT+0530 (India Standard Time)","6939.00","6947.30","6930.15","6944.45"
"Fri Oct 25 2024 12:40:00 GMT+0530 (India Standard Time)","6944.45","6959.90","6941.95","6941.95"
"Fri Oct 25 2024 12:45:00 GMT+0530 (India Standard Time)","6941.95","6952.70","6929.35","6929.35"
"Fri Oct 25 2024 12:50:00 GMT+0530 (India Standard Time)","6929.35","6943.75","6929.00","6935.00"
"Fri Oct 25 2024 12:55:00 GMT+0530 (India Standard Time)","6935.00","6949.30","6933.40","6940.05"
"Fri Oct 25 2024 13:00:00 GMT+0530 (India Standard Time)","6941.00","6970.45","6936.15","6964.00"
"Fri Oct 25 2024 13:05:00 GMT+0530 (India Standard Time)","6969.95","6974.90","6953.40","6958.05"
"Fri Oct 25 2024 13:10:00 GMT+0530 (India Standard Time)","6958.05","6962.55","6950.00","6960.00"
"Fri Oct 25 2024 13:15:00 GMT+0530 (India Standard Time)","6960.00","6974.00","6958.00","6971.85"
"Fri Oct 25 2024 13:20:00 GMT+0530 (India Standard Time)","6971.85","6978.50","6961.20","6977.25"
"Fri Oct 25 2024 13:25:00 GMT+0530 (India Standard Time)","6977.25","6992.60","6970.15","6986.05"
"Fri Oct 25 2024 13:30:00 GMT+0530 (India Standard Time)","6986.05","6995.85","6982.65","6992.60"
"Fri Oct 25 2024 13:35:00 GMT+0530 (India Standard Time)","6992.55","7012.40","6987.05","7003.55"
"Fri Oct 25 2024 13:40:00 GMT+0530 (India Standard Time)","6999.90","7003.70","6983.20","6990.85"
"Fri Oct 25 2024 13:45:00 GMT+0530 (India Standard Time)","6997.05","6998.00","6972.45","6980.50"
"Fri Oct 25 2024 13:50:00 GMT+0530 (India Standard Time)","6986.00","6986.00","6963.65","6977.50"
"Fri Oct 25 2024 13:55:00 GMT+0530 (India Standard Time)","6977.90","6978.00","6959.85","6969.25"
"Fri Oct 25 2024 14:00:00 GMT+0530 (India Standard Time)","6969.20","6971.90","6957.30","6966.90"
"Fri Oct 25 2024 14:05:00 GMT+0530 (India Standard Time)","6966.90","6966.90","6948.00","6957.65"
"Fri Oct 25 2024 14:10:00 GMT+0530 (India Standard Time)","6957.65","6960.00","6950.00","6955.75"
"Fri Oct 25 2024 14:15:00 GMT+0530 (India Standard Time)","6955.75","6957.15","6951.00","6951.00"
"Fri Oct 25 2024 14:20:00 GMT+0530 (India Standard Time)","6950.20","6955.00","6950.00","6954.40"
"Fri Oct 25 2024 14:25:00 GMT+0530 (India Standard Time)","6954.40","6960.00","6950.00","6958.70"
"Fri Oct 25 2024 14:30:00 GMT+0530 (India Standard Time)","6957.45","6960.00","6954.00","6957.80"
"Fri Oct 25 2024 14:35:00 GMT+0530 (India Standard Time)","6959.05","6971.40","6959.05","6964.50"
"Fri Oct 25 2024 14:40:00 GMT+0530 (India Standard Time)","6962.55","6969.15","6950.00","6954.75"
"Fri Oct 25 2024 14:45:00 GMT+0530 (India Standard Time)","6957.00","6969.20","6950.05","6962.35"
"Fri Oct 25 2024 14:50:00 GMT+0530 (India Standard Time)","6962.35","6972.45","6960.00","6962.00"
"Fri Oct 25 2024 14:55:00 GMT+0530 (India Standard Time)","6962.00","6967.00","6956.50","6961.90"
"Fri Oct 25 2024 15:00:00 GMT+0530 (India Standard Time)","6964.60","6977.15","6960.00","6961.45"
"Fri Oct 25 2024 15:05:00 GMT+0530 (India Standard Time)","6964.95","6965.00","6952.10","6962.45"
"Fri Oct 25 2024 15:10:00 GMT+0530 (India Standard Time)","6962.45","6982.30","6957.00","6978.85"
"Fri Oct 25 2024 15:15:00 GMT+0530 (India Standard Time)","6979.15","7005.00","6965.20","6995.60"
"Fri Oct 25 2024 15:20:00 GMT+0530 (India Standard Time)","6995.50","7024.90","6991.10","7024.35"
"Fri Oct 25 2024 15:25:00 GMT+0530 (India Standard Time)","7017.35","7024.25","7004.75","7010.00"
"Mon Oct 28 2024 09:15:00 GMT+0530 (India Standard Time)","7068.00","7068.80","7020.00","7047.15"
"Mon Oct 28 2024 09:20:00 GMT+0530 (India Standard Time)","7040.60","7119.95","7030.00","7104.00"
"Mon Oct 28 2024 09:25:00 GMT+0530 (India Standard Time)","7104.00","7124.80","7071.50","7079.10"
"Mon Oct 28 2024 09:30:00 GMT+0530 (India Standard Time)","7079.05","7094.00","7048.50","7052.75"
"Mon Oct 28 2024 09:35:00 GMT+0530 (India Standard Time)","7052.75","7060.00","7029.45","7036.00"
"Mon Oct 28 2024 09:40:00 GMT+0530 (India Standard Time)","7036.00","7049.90","7011.00","7011.00"
"Mon Oct 28 2024 09:45:00 GMT+0530 (India Standard Time)","7013.05","7038.85","7007.00","7038.65"
"Mon Oct 28 2024 09:50:00 GMT+0530 (India Standard Time)","7038.65","7077.25","7025.95","7059.40"
"Mon Oct 28 2024 09:55:00 GMT+0530 (India Standard Time)","7059.40","7059.45","7041.05","7049.90"
"Mon Oct 28 2024 10:00:00 GMT+0530 (India Standard Time)","7049.95","7050.00","7035.80","7041.80"
"Mon Oct 28 2024 10:05:00 GMT+0530 (India Standard Time)","7041.80","7049.40","7025.80","7029.05"
"Mon Oct 28 2024 10:10:00 GMT+0530 (India Standard Time)","7032.90","7045.95","7029.00","7040.50"
"Mon Oct 28 2024 10:15:00 GMT+0530 (India Standard Time)","7041.40","7069.95","7037.00","7065.80"
"Mon Oct 28 2024 10:20:00 GMT+0530 (India Standard Time)","7065.80","7070.00","7058.35","7069.15"
"Mon Oct 28 2024 10:25:00 GMT+0530 (India Standard Time)","7075.00","7083.00","7070.00","7074.85"
"Mon Oct 28 2024 10:30:00 GMT+0530 (India Standard Time)","7074.85","7085.85","7065.55","7074.90"
"Mon Oct 28 2024 10:35:00 GMT+0530 (India Standard Time)","7074.90","7091.00","7074.90","7088.25"
"Mon Oct 28 2024 10:40:00 GMT+0530 (India Standard Time)","7083.50","7091.00","7074.25","7089.70"
"Mon Oct 28 2024 10:45:00 GMT+0530 (India Standard Time)","7089.70","7109.00","7089.60","7104.20"
"Mon Oct 28 2024 10:50:00 GMT+0530 (India Standard Time)","7104.20","7117.65","7094.15","7113.20"
"Mon Oct 28 2024 10:55:00 GMT+0530 (India Standard Time)","7113.20","7114.95","7090.20","7099.55"
"Mon Oct 28 2024 11:00:00 GMT+0530 (India Standard Time)","7099.55","7107.15","7095.90","7104.90"
"Mon Oct 28 2024 11:05:00 GMT+0530 (India Standard Time)","7103.90","7109.90","7100.95","7108.90"
"Mon Oct 28 2024 11:10:00 GMT+0530 (India Standard Time)","7108.90","7110.00","7100.30","7110.00"
"Mon Oct 28 2024 11:15:00 GMT+0530 (India Standard Time)","7110.00","7120.00","7106.95","7120.00"
"Mon Oct 28 2024 11:20:00 GMT+0530 (India Standard Time)","7120.00","7133.00","7120.00","7122.25"
"Mon Oct 28 2024 11:25:00 GMT+0530 (India Standard Time)","7122.25","7126.00","7110.00","7115.45"
"Mon Oct 28 2024 11:30:00 GMT+0530 (India Standard Time)","7115.45","7120.35","7105.00","7109.80"
"Mon Oct 28 2024 11:35:00 GMT+0530 (India Standard Time)","7109.80","7113.30","7100.00","7108.70"
"Mon Oct 28 2024 11:40:00 GMT+0530 (India Standard Time)","7108.60","7108.65","7096.00","7100.05"
"Mon Oct 28 2024 11:45:00 GMT+0530 (India Standard Time)","7100.00","7107.95","7094.40","7107.65"
"Mon Oct 28 2024 11:50:00 GMT+0530 (India Standard Time)","7102.35","7112.45","7095.15","7098.50"
"Mon Oct 28 2024 11:55:00 GMT+0530 (India Standard Time)","7096.05","7099.95","7089.15","7097.90"
"Mon Oct 28 2024 12:00:00 GMT+0530 (India Standard Time)","7100.00","7100.00","7092.75","7097.00"
"Mon Oct 28 2024 12:05:00 GMT+0530 (India Standard Time)","7097.90","7100.00","7093.25","7097.60"
"Mon Oct 28 2024 12:10:00 GMT+0530 (India Standard Time)","7099.95","7113.00","7097.00","7113.00"
"Mon Oct 28 2024 12:15:00 GMT+0530 (India Standard Time)","7113.00","7120.00","7111.90","7117.25"
"Mon Oct 28 2024 12:20:00 GMT+0530 (India Standard Time)","7117.25","7119.35","7112.95","7114.10"
"Mon Oct 28 2024 12:25:00 GMT+0530 (India Standard Time)","7111.75","7113.00","7100.65","7106.90"
"Mon Oct 28 2024 12:30:00 GMT+0530 (India Standard Time)","7106.90","7110.00","7100.50","7101.70"
"Mon Oct 28 2024 12:35:00 GMT+0530 (India Standard Time)","7101.70","7104.95","7096.20","7099.85"
"Mon Oct 28 2024 12:40:00 GMT+0530 (India Standard Time)","7099.85","7112.95","7099.85","7104.10"
"Mon Oct 28 2024 12:45:00 GMT+0530 (India Standard Time)","7104.10","7104.10","7085.05","7085.25"
"Mon Oct 28 2024 12:50:00 GMT+0530 (India Standard Time)","7085.25","7098.60","7074.40","7091.55"
"Mon Oct 28 2024 12:55:00 GMT+0530 (India Standard Time)","7091.55","7095.75","7090.00","7094.00"
"Mon Oct 28 2024 13:00:00 GMT+0530 (India Standard Time)","7094.75","7094.95","7085.00","7093.85"
"Mon Oct 28 2024 13:05:00 GMT+0530 (India Standard Time)","7090.35","7098.90","7088.20","7095.15"
"Mon Oct 28 2024 13:10:00 GMT+0530 (India Standard Time)","7095.15","7099.90","7090.05","7095.35"
"Mon Oct 28 2024 13:15:00 GMT+0530 (India Standard Time)","7095.35","7100.00","7090.00","7095.45"
"Mon Oct 28 2024 13:20:00 GMT+0530 (India Standard Time)","7095.45","7100.00","7093.85","7099.15"
"Mon Oct 28 2024 13:25:00 GMT+0530 (India Standard Time)","7100.00","7110.00","7100.00","7109.55"
"Mon Oct 28 2024 13:30:00 GMT+0530 (India Standard Time)","7107.95","7108.30","7095.00","7103.75"
"Mon Oct 28 2024 13:35:00 GMT+0530 (India Standard Time)","7103.75","7111.65","7103.75","7110.50"
"Mon Oct 28 2024 13:40:00 GMT+0530 (India Standard Time)","7110.50","7111.20","7100.00","7104.05"
"Mon Oct 28 2024 13:45:00 GMT+0530 (India Standard Time)","7097.50","7100.20","7091.10","7099.55"
"Mon Oct 28 2024 13:50:00 GMT+0530 (India Standard Time)","7099.55","7100.00","7090.00","7098.50"
"Mon Oct 28 2024 13:55:00 GMT+0530 (India Standard Time)","7099.20","7099.20","7074.00","7074.85"
"Mon Oct 28 2024 14:00:00 GMT+0530 (India Standard Time)","7077.00","7080.00","7064.75","7064.75"
"Mon Oct 28 2024 14:05:00 GMT+0530 (India Standard Time)","7067.15","7069.15","7051.00","7060.10"
"Mon Oct 28 2024 14:10:00 GMT+0530 (India Standard Time)","7055.00","7075.90","7050.65","7073.05"
"Mon Oct 28 2024 14:15:00 GMT+0530 (India Standard Time)","7073.05","7078.00","7068.00","7071.10"
"Mon Oct 28 2024 14:20:00 GMT+0530 (India Standard Time)","7074.10","7084.00","7070.95","7083.00"
"Mon Oct 28 2024 14:25:00 GMT+0530 (India Standard Time)","7083.00","7084.00","7072.25","7079.40"
"Mon Oct 28 2024 14:30:00 GMT+0530 (India Standard Time)","7079.45","7079.65","7060.10","7068.70"
"Mon Oct 28 2024 14:35:00 GMT+0530 (India Standard Time)","7068.70","7071.35","7059.00","7068.05"
"Mon Oct 28 2024 14:40:00 GMT+0530 (India Standard Time)","7071.70","7072.10","7060.20","7069.00"
"Mon Oct 28 2024 14:45:00 GMT+0530 (India Standard Time)","7067.65","7078.55","7062.65","7072.65"
"Mon Oct 28 2024 14:50:00 GMT+0530 (India Standard Time)","7072.65","7078.90","7060.00","7064.85"
"Mon Oct 28 2024 14:55:00 GMT+0530 (India Standard Time)","7064.85","7078.15","7060.05","7072.90"
"Mon Oct 28 2024 15:00:00 GMT+0530 (India Standard Time)","7070.15","7072.90","7060.00","7060.05"
"Mon Oct 28 2024 15:05:00 GMT+0530 (India Standard Time)","7061.95","7064.60","7058.50","7064.60"
"Mon Oct 28 2024 15:10:00 GMT+0530 (India Standard Time)","7063.10","7082.00","7063.10","7081.55"
"Mon Oct 28 2024 15:15:00 GMT+0530 (India Standard Time)","7081.55","7081.55","7060.00","7063.90"
"Mon Oct 28 2024 15:20:00 GMT+0530 (India Standard Time)","7060.00","7062.35","7042.50","7050.00"
"Mon Oct 28 2024 15:25:00 GMT+0530 (India Standard Time)","7049.95","7060.00","7039.95","7058.95"
"Tue Oct 29 2024 09:15:00 GMT+0530 (India Standard Time)","7080.00","7089.00","7016.00","7064.80"
"Tue Oct 29 2024 09:20:00 GMT+0530 (India Standard Time)","7060.20","7072.30","7042.70","7046.95"
"Tue Oct 29 2024 09:25:00 GMT+0530 (India Standard Time)","7047.25","7056.05","7024.95","7047.85"
"Tue Oct 29 2024 09:30:00 GMT+0530 (India Standard Time)","7044.00","7047.30","7022.65","7030.75"
"Tue Oct 29 2024 09:35:00 GMT+0530 (India Standard Time)","7031.60","7036.60","7016.00","7016.05"
"Tue Oct 29 2024 09:40:00 GMT+0530 (India Standard Time)","7019.80","7025.25","7007.05","7007.05"