"Date","Open","High","Low","Close"
"Tue Mar 11 2025 14:30:00 GMT+0530 (India Standard Time)","5426.60","5435.00","5424.40","5428.00"
"Tue Mar 11 2025 14:35:00 GMT+0530 (India Standard Time)","5428.00","5436.85","5426.85","5436.00"
"Tue Mar 11 2025 14:40:00 GMT+0530 (India Standard Time)","5436.00","5436.00","5423.00","5424.90"
"Tue Mar 11 2025 14:45:00 GMT+0530 (India Standard Time)","5423.50","5433.35","5422.05","5425.00"
"Tue Mar 11 2025 14:50:00 GMT+0530 (India Standard Time)","5427.00","5427.10","5417.25","5421.40"
"Tue Mar 11 2025 14:55:00 GMT+0530 (India Standard Time)","5421.75","5431.35","5421.75","5431.35"
"Tue Mar 11 2025 15:00:00 GMT+0530 (India Standard Time)","5430.95","5435.00","5424.05","5431.45"
"Tue Mar 11 2025 15:05:00 GMT+0530 (India Standard Time)","5431.40","5431.90","5425.00","5425.00"
"Tue Mar 11 2025 15:10:00 GMT+0530 (India Standard Time)","5426.50","5426.50","5410.00","5412.95"
"Tue Mar 11 2025 15:15:00 GMT+0530 (India Standard Time)","5412.80","5425.00","5411.00","5424.85"
"Tue Mar 11 2025 15:20:00 GMT+0530 (India Standard Time)","5424.60","5424.70","5414.05","5415.20"
"Tue Mar 11 2025 15:25:00 GMT+0530 (India Standard Time)","5417.60","5431.00","5415.00","5430.00"
"Wed Mar 12 2025 09:15:00 GMT+0530 (India Standard Time)","5421.05","5450.00","5406.10","5425.80"
"Wed Mar 12 2025 09:20:00 GMT+0530 (India Standard Time)","5417.35","5423.85","5395.10","5408.10"
"Wed Mar 12 2025 09:25:00 GMT+0530 (India Standard Time)","5408.10","5415.00","5382.00","5389.25"
"Wed Mar 12 2025 09:30:00 GMT+0530 (India Standard Time)","5389.25","5401.20","5370.55","5399.00"
"Wed Mar 12 2025 09:35:00 GMT+0530 (India Standard Time)","5399.00","5409.80","5392.00","5400.15"
"Wed Mar 12 2025 09:40:00 GMT+0530 (India Standard Time)","5399.10","5404.90","5370.00","5370.00"
"Wed Mar 12 2025 09:45:00 GMT+0530 (India Standard Time)","5369.45","5376.90","5361.05","5366.55"
"Wed Mar 12 2025 09:50:00 GMT+0530 (India Standard Time)","5368.45","5372.00","5351.00","5356.00"
"Wed Mar 12 2025 09:55:00 GMT+0530 (India Standard Time)","5356.00","5356.00","5334.30","5337.70"
"Wed Mar 12 2025 10:00:00 GMT+0530 (India Standard Time)","5337.75","5341.40","5303.00","5318.35"
"Wed Mar 12 2025 10:05:00 GMT+0530 (India Standard Time)","5318.35","5319.95","5300.00","5307.00"
"Wed Mar 12 2025 10:10:00 GMT+0530 (India Standard Time)","5306.95","5314.90","5268.30","5274.45"
"Wed Mar 12 2025 10:15:00 GMT+0530 (India Standard Time)","5274.45","5285.00","5263.25","5284.50"
"Wed Mar 12 2025 10:20:00 GMT+0530 (India Standard Time)","5284.50","5289.90","5272.30","5273.70"
"Wed Mar 12 2025 10:25:00 GMT+0530 (India Standard Time)","5271.00","5285.40","5266.60","5268.00"
"Wed Mar 12 2025 10:30:00 GMT+0530 (India Standard Time)","5268.00","5274.75","5256.00","5272.05"
"Wed Mar 12 2025 10:35:00 GMT+0530 (India Standard Time)","5272.05","5284.95","5270.00","5278.90"
"Wed Mar 12 2025 10:40:00 GMT+0530 (India Standard Time)","5279.00","5287.50","5274.70","5286.15"
"Wed Mar 12 2025 10:45:00 GMT+0530 (India Standard Time)","5286.15","5291.00","5276.90","5284.95"
"Wed Mar 12 2025 10:50:00 GMT+0530 (India Standard Time)","5284.95","5284.95","5272.55","5284.50"
"Wed Mar 12 2025 10:55:00 GMT+0530 (India Standard Time)","5284.50","5289.30","5280.00","5289.30"
"Wed Mar 12 2025 11:00:00 GMT+0530 (India Standard Time)","5286.55","5294.00","5280.55","5282.60"
"Wed Mar 12 2025 11:05:00 GMT+0530 (India Standard Time)","5282.60","5294.00","5280.00","5293.15"
"Wed Mar 12 2025 11:10:00 GMT+0530 (India Standard Time)","5293.50","5305.10","5285.25","5305.10"
"Wed Mar 12 2025 11:15:00 GMT+0530 (India Standard Time)","5305.10","5305.25","5293.75","5300.45"
"Wed Mar 12 2025 11:20:00 GMT+0530 (India Standard Time)","5300.45","5301.45","5290.55","5294.30"
"Wed Mar 12 2025 11:25:00 GMT+0530 (India Standard Time)","5294.30","5294.30","5276.75","5279.15"
"Wed Mar 12 2025 11:30:00 GMT+0530 (India Standard Time)","5279.15","5286.45","5275.00","5280.75"
"Wed Mar 12 2025 11:35:00 GMT+0530 (India Standard Time)","5280.75","5285.00","5272.60","5275.95"
"Wed Mar 12 2025 11:40:00 GMT+0530 (India Standard Time)","5275.95","5283.25","5272.00","5280.25"
"Wed Mar 12 2025 11:45:00 GMT+0530 (India Standard Time)","5280.25","5295.00","5276.95","5293.00"
"Wed Mar 12 2025 11:50:00 GMT+0530 (India Standard Time)","5293.00","5294.00","5281.00","5284.35"
"Wed Mar 12 2025 11:55:00 GMT+0530 (India Standard Time)","5284.35","5291.80","5280.00","5286.70"
"Wed Mar 12 2025 12:00:00 GMT+0530 (India Standard Time)","5287.00","5287.00","5280.00","5283.30"
"Wed Mar 12 2025 12:05:00 GMT+0530 (India Standard Time)","5283.30","5295.00","5280.65","5290.70"
"Wed Mar 12 2025 12:10:00 GMT+0530 (India Standard Time)","5290.70","5290.70","5280.05","5283.55"
"Wed Mar 12 2025 12:15:00 GMT+0530 (India Standard Time)","5283.55","5283.80","5274.20","5278.60"
"Wed Mar 12 2025 12:20:00 GMT+0530 (India Standard Time)","5278.60","5279.05","5265.20","5266.85"
"Wed Mar 12 2025 12:25:00 GMT+0530 (India Standard Time)","5266.85","5267.90","5260.00","5264.95"
"Wed Mar 12 2025 12:30:00 GMT+0530 (India Standard Time)","5264.00","5280.00","5264.00","5276.30"
"Wed Mar 12 2025 12:35:00 GMT+0530 (India Standard Time)","5271.25","5280.00","5270.15","5274.00"
"Wed Mar 12 2025 12:40:00 GMT+0530 (India Standard Time)","5274.00","5275.00","5258.00","5258.00"
"Wed Mar 12 2025 12:45:00 GMT+0530 (India Standard Time)","5260.55","5266.65","5251.00","5254.00"
"Wed Mar 12 2025 12:50:00 GMT+0530 (India Standard Time)","5254.00","5256.30","5242.00","5255.30"
"Wed Mar 12 2025 12:55:00 GMT+0530 (India Standard Time)","5255.30","5259.95","5254.00","5255.00"
"Wed Mar 12 2025 13:00:00 GMT+0530 (India Standard Time)","5255.00","5259.80","5247.50","5259.00"
"Wed Mar 12 2025 13:05:00 GMT+0530 (India Standard Time)","5259.00","5261.00","5254.65","5260.75"
"Wed Mar 12 2025 13:10:00 GMT+0530 (India Standard Time)","5260.75","5266.75","5251.00","5262.00"
"Wed Mar 12 2025 13:15:00 GMT+0530 (India Standard Time)","5262.00","5279.95","5261.45","5279.00"
"Wed Mar 12 2025 13:20:00 GMT+0530 (India Standard Time)","5279.00","5285.00","5275.00","5280.10"
"Wed Mar 12 2025 13:25:00 GMT+0530 (India Standard Time)","5281.70","5284.95","5275.55","5278.10"
"Wed Mar 12 2025 13:30:00 GMT+0530 (India Standard Time)","5279.05","5282.65","5275.00","5275.50"
"Wed Mar 12 2025 13:35:00 GMT+0530 (India Standard Time)","5275.00","5275.05","5262.35","5265.20"
"Wed Mar 12 2025 13:40:00 GMT+0530 (India Standard Time)","5265.20","5268.35","5252.00","5255.40"
"Wed Mar 12 2025 13:45:00 GMT+0530 (India Standard Time)","5255.35","5260.00","5248.65","5258.00"
"Wed Mar 12 2025 13:50:00 GMT+0530 (India Standard Time)","5258.00","5258.00","5246.05","5247.75"
"Wed Mar 12 2025 13:55:00 GMT+0530 (India Standard Time)","5247.75","5258.45","5245.00","5257.60"
"Wed Mar 12 2025 14:00:00 GMT+0530 (India Standard Time)","5257.60","5260.00","5254.00","5257.50"
"Wed Mar 12 2025 14:05:00 GMT+0530 (India Standard Time)","5257.50","5265.00","5257.50","5265.00"
"Wed Mar 12 2025 14:10:00 GMT+0530 (India Standard Time)","5265.00","5267.30","5260.20","5263.65"
"Wed Mar 12 2025 14:15:00 GMT+0530 (India Standard Time)","5263.65","5275.45","5263.20","5274.70"
"Wed Mar 12 2025 14:20:00 GMT+0530 (India Standard Time)","5274.70","5279.40","5270.65","5276.25"
"Wed Mar 12 2025 14:25:00 GMT+0530 (India Standard Time)","5276.25","5283.95","5273.40","5283.15"
"Wed Mar 12 2025 14:30:00 GMT+0530 (India Standard Time)","5284.00","5284.80","5275.00","5279.95"
"Wed Mar 12 2025 14:35:00 GMT+0530 (India Standard Time)","5279.95","5282.90","5275.70","5279.85"
"Wed Mar 12 2025 14:40:00 GMT+0530 (India Standard Time)","5279.85","5284.95","5279.80","5283.80"
"Wed Mar 12 2025 14:45:00 GMT+0530 (India Standard Time)","5283.80","5290.00","5280.00","5284.00"
"Wed Mar 12 2025 14:50:00 GMT+0530 (India Standard Time)","5285.95","5289.90","5282.30","5282.30"
"Wed Mar 12 2025 14:55:00 GMT+0530 (India Standard Time)","5282.30","5286.95","5280.00","5285.25"
"Wed Mar 12 2025 15:00:00 GMT+0530 (India Standard Time)","5285.25","5300.00","5284.50","5299.30"
"Wed Mar 12 2025 15:05:00 GMT+0530 (India Standard Time)","5299.30","5310.00","5297.75","5310.00"
"Wed Mar 12 2025 15:10:00 GMT+0530 (India Standard Time)","5310.80","5319.45","5305.05","5305.05"
"Wed Mar 12 2025 15:15:00 GMT+0530 (India Standard Time)","5305.05","5308.80","5300.00","5306.95"
"Wed Mar 12 2025 15:20:00 GMT+0530 (India Standard Time)","5306.95","5307.10","5300.40","5302.00"
"Wed Mar 12 2025 15:25:00 GMT+0530 (India Standard Time)","5303.00","5304.85","5300.00","5304.50"
"Thu Mar 13 2025 09:15:00 GMT+0530 (India Standard Time)","5310.90","5366.50","5310.90","5355.65"
"Thu Mar 13 2025 09:20:00 GMT+0530 (India Standard Time)","5358.00","5362.00","5325.10","5359.85"
"Thu Mar 13 2025 09:25:00 GMT+0530 (India Standard Time)","5357.95","5373.95","5320.15","5320.75"
"Thu Mar 13 2025 09:30:00 GMT+0530 (India Standard Time)","5322.00","5327.10","5286.30","5294.85"
"Thu Mar 13 2025 09:35:00 GMT+0530 (India Standard Time)","5294.85","5310.65","5292.05","5306.75"
"Thu Mar 13 2025 09:40:00 GMT+0530 (India Standard Time)","5306.75","5309.90","5292.50","5303.00"
"Thu Mar 13 2025 09:45:00 GMT+0530 (India Standard Time)","5305.00","5314.65","5302.55","5307.00"
"Thu Mar 13 2025 09:50:00 GMT+0530 (India Standard Time)","5307.00","5312.65","5296.00","5304.90"
"Thu Mar 13 2025 09:55:00 GMT+0530 (India Standard Time)","5304.90","5314.50","5298.40","5312.00"
"Thu Mar 13 2025 10:00:00 GMT+0530 (India Standard Time)","5312.00","5314.00","5307.05","5310.50"
"Thu Mar 13 2025 10:05:00 GMT+0530 (India Standard Time)","5310.50","5313.00","5304.20","5310.00"
"Thu Mar 13 2025 10:10:00 GMT+0530 (India Standard Time)","5310.00","5313.00","5310.00","5312.85"
"Thu Mar 13 2025 10:15:00 GMT+0530 (India Standard Time)","5312.85","5324.90","5312.85","5323.00"
"Thu Mar 13 2025 10:20:00 GMT+0530 (India Standard Time)","5323.00","5327.65","5315.00","5317.15"
"Thu Mar 13 2025 10:25:00 GMT+0530 (India Standard Time)","5317.15","5320.65","5310.30","5314.90"
"Thu Mar 13 2025 10:30:00 GMT+0530 (India Standard Time)","5314.90","5320.65","5309.55","5313.80"
"Thu Mar 13 2025 10:35:00 GMT+0530 (India Standard Time)","5313.80","5313.80","5307.65","5309.95"
"Thu Mar 13 2025 10:40:00 GMT+0530 (India Standard Time)","5309.95","5311.00","5304.70","5304.70"
"Thu Mar 13 2025 10:45:00 GMT+0530 (India Standard Time)","5306.85","5309.25","5290.40","5293.95"
"Thu Mar 13 2025 10:50:00 GMT+0530 (India Standard Time)","5293.95","5296.45","5286.10","5287.00"
"Thu Mar 13 2025 10:55:00 GMT+0530 (India Standard Time)","5285.00","5288.70","5275.00","5281.25"
"Thu Mar 13 2025 11:00:00 GMT+0530 (India Standard Time)","5281.25","5284.95","5270.00","5279.55"
"Thu Mar 13 2025 11:05:00 GMT+0530 (India Standard Time)","5279.55","5282.90","5272.95","5282.85"
"Thu Mar 13 2025 11:10:00 GMT+0530 (India Standard Time)","5282.85","5282.85","5273.05","5275.10"
"Thu Mar 13 2025 11:15:00 GMT+0530 (India Standard Time)","5275.10","5276.10","5270.00","5275.55"
"Thu Mar 13 2025 11:20:00 GMT+0530 (India Standard Time)","5275.55","5277.00","5272.00","5277.00"
"Thu Mar 13 2025 11:25:00 GMT+0530 (India Standard Time)","5277.00","5277.00","5265.05","5268.00"
"Thu Mar 13 2025 11:30:00 GMT+0530 (India Standard Time)","5268.00","5275.00","5266.55","5275.00"
"Thu Mar 13 2025 11:35:00 GMT+0530 (India Standard Time)","5275.00","5277.00","5260.05","5261.50"
"Thu Mar 13 2025 11:40:00 GMT+0530 (India Standard Time)","5261.50","5263.10","5255.50","5258.00"
"Thu Mar 13 2025 11:45:00 GMT+0530 (India Standard Time)","5258.65","5261.05","5256.95","5256.95"
"Thu Mar 13 2025 11:50:00 GMT+0530 (India Standard Time)","5256.40","5272.45","5256.40","5268.00"
"Thu Mar 13 2025 11:55:00 GMT+0530 (India Standard Time)","5267.00","5275.00","5267.00","5272.40"
"Thu Mar 13 2025 12:00:00 GMT+0530 (India Standard Time)","5272.40","5272.40","5269.00","5270.00"
"Thu Mar 13 2025 12:05:00 GMT+0530 (India Standard Time)","5270.00","5274.90","5269.00","5271.40"
"Thu Mar 13 2025 12:10:00 GMT+0530 (India Standard Time)","5271.40","5276.55","5271.40","5276.55"
"Thu Mar 13 2025 12:15:00 GMT+0530 (India Standard Time)","5276.55","5278.00","5273.70","5277.00"
"Thu Mar 13 2025 12:20:00 GMT+0530 (India Standard Time)","5277.00","5277.50","5270.10","5270.75"
"Thu Mar 13 2025 12:25:00 GMT+0530 (India Standard Time)","5270.75","5273.20","5268.00","5271.50"
"Thu Mar 13 2025 12:30:00 GMT+0530 (India Standard Time)","5271.50","5277.85","5269.75","5271.05"
"Thu Mar 13 2025 12:35:00 GMT+0530 (India Standard Time)","5272.80","5277.50","5270.00","5274.00"
"Thu Mar 13 2025 12:40:00 GMT+0530 (India Standard Time)","5274.00","5277.10","5270.10","5276.00"
"Thu Mar 13 2025 12:45:00 GMT+0530 (India Standard Time)","5276.00","5279.00","5271.05","5275.05"
"Thu Mar 13 2025 12:50:00 GMT+0530 (India Standard Time)","5275.05","5277.10","5270.00","5271.05"
"Thu Mar 13 2025 12:55:00 GMT+0530 (India Standard Time)","5271.05","5272.80","5270.10","5270.10"
"Thu Mar 13 2025 13:00:00 GMT+0530 (India Standard Time)","5272.00","5272.40","5265.75","5269.80"
"Thu Mar 13 2025 13:05:00 GMT+0530 (India Standard Time)","5269.80","5269.95","5265.15","5269.00"
"Thu Mar 13 2025 13:10:00 GMT+0530 (India Standard Time)","5269.00","5269.20","5266.15","5266.15"
"Thu Mar 13 2025 13:15:00 GMT+0530 (India Standard Time)","5266.15","5268.50","5260.00","5260.15"
"Thu Mar 13 2025 13:20:00 GMT+0530 (India Standard Time)","5260.15","5267.30","5260.00","5260.50"
"Thu Mar 13 2025 13:25:00 GMT+0530 (India Standard Time)","5260.50","5265.20","5260.00","5264.00"
"Thu Mar 13 2025 13:30:00 GMT+0530 (India Standard Time)","5260.90","5271.40","5260.90","5270.00"
"Thu Mar 13 2025 13:35:00 GMT+0530 (India Standard Time)","5270.00","5271.35","5263.35","5263.35"
"Thu Mar 13 2025 13:40:00 GMT+0530 (India Standard Time)","5263.35","5268.30","5263.35","5267.55"
"Thu Mar 13 2025 13:45:00 GMT+0530 (India Standard Time)","5267.55","5267.55","5262.00","5262.00"
"Thu Mar 13 2025 13:50:00 GMT+0530 (India Standard Time)","5262.00","5268.35","5262.00","5265.65"
"Thu Mar 13 2025 13:55:00 GMT+0530 (India Standard Time)","5265.65","5268.95","5265.60","5268.95"
"Thu Mar 13 2025 14:00:00 GMT+0530 (India Standard Time)","5268.95","5269.50","5265.00","5267.45"
"Thu Mar 13 2025 14:05:00 GMT+0530 (India Standard Time)","5267.55","5268.75","5265.00","5265.85"
"Thu Mar 13 2025 14:10:00 GMT+0530 (India Standard Time)","5265.85","5268.50","5262.05","5263.05"
"Thu Mar 13 2025 14:15:00 GMT+0530 (India Standard Time)","5263.05","5265.85","5259.40","5261.95"
"Thu Mar 13 2025 14:20:00 GMT+0530 (India Standard Time)","5259.45","5262.00","5245.00","5251.00"
"Thu Mar 13 2025 14:25:00 GMT+0530 (India Standard Time)","5251.00","5253.85","5245.05","5247.25"
"Thu Mar 13 2025 14:30:00 GMT+0530 (India Standard Time)","5249.00","5254.00","5247.50","5252.30"
"Thu Mar 13 2025 14:35:00 GMT+0530 (India Standard Time)","5252.85","5252.85","5246.00","5247.30"
"Thu Mar 13 2025 14:40:00 GMT+0530 (India Standard Time)","5247.30","5253.00","5246.00","5249.95"
"Thu Mar 13 2025 14:45:00 GMT+0530 (India Standard Time)","5249.95","5249.95","5245.60","5248.15"
"Thu Mar 13 2025 14:50:00 GMT+0530 (India Standard Time)","5248.15","5250.00","5245.40","5248.00"
"Thu Mar 13 2025 14:55:00 GMT+0530 (India Standard Time)","5248.00","5248.45","5245.00","5245.00"
"Thu Mar 13 2025 15:00:00 GMT+0530 (India Standard Time)","5245.00","5247.50","5225.00","5226.85"
"Thu Mar 13 2025 15:05:00 GMT+0530 (India Standard Time)","5226.85","5234.10","5226.85","5234.10"
"Thu Mar 13 2025 15:10:00 GMT+0530 (India Standard Time)","5235.05","5236.25","5225.00","5225.30"
"Thu Mar 13 2025 15:15:00 GMT+0530 (India Standard Time)","5225.15","5237.00","5225.05","5237.00"
"Thu Mar 13 2025 15:20:00 GMT+0530 (India Standard Time)","5237.20","5243.05","5232.00","5232.30"
"Thu Mar 13 2025 15:25:00 GMT+0530 (India Standard Time)","5233.60","5242.00","5230.00","5237.95"
"Mon Mar 17 2025 09:15:00 GMT+0530 (India Standard Time)","5236.75","5274.70","5225.60","5237.80"
"Mon Mar 17 2025 09:20:00 GMT+0530 (India Standard Time)","5241.50","5255.00","5237.10","5245.25"
"Mon Mar 17 2025 09:25:00 GMT+0530 (India Standard Time)","5245.50","5255.00","5243.35","5251.00"
"Mon Mar 17 2025 09:30:00 GMT+0530 (India Standard Time)","5250.20","5280.00","5248.35","5277.30"
"Mon Mar 17 2025 09:35:00 GMT+0530 (India Standard Time)","5277.30","5283.30","5235.10","5236.70"
"Mon Mar 17 2025 09:40:00 GMT+0530 (India Standard Time)","5236.00","5242.70","5220.00","5241.50"
"Mon Mar 17 2025 09:45:00 GMT+0530 (India Standard Time)","5241.40","5249.00","5229.00","5242.15"
"Mon Mar 17 2025 09:50:00 GMT+0530 (India Standard Time)","5238.85","5245.00","5224.80","5225.20"
"Mon Mar 17 2025 09:55:00 GMT+0530 (India Standard Time)","5225.20","5241.35","5223.00","5238.00"
"Mon Mar 17 2025 10:00:00 GMT+0530 (India Standard Time)","5238.00","5249.50","5232.00","5244.05"
"Mon Mar 17 2025 10:05:00 GMT+0530 (India Standard Time)","5243.95","5245.95","5232.00","5236.90"
"Mon Mar 17 2025 10:10:00 GMT+0530 (India Standard Time)","5235.85","5239.85","5230.05","5234.15"
"Mon Mar 17 2025 10:15:00 GMT+0530 (India Standard Time)","5233.00","5235.00","5221.20","5225.70"
"Mon Mar 17 2025 10:20:00 GMT+0530 (India Standard Time)","5225.70","5225.70","5205.60","5214.60"
"Mon Mar 17 2025 10:25:00 GMT+0530 (India Standard Time)","5214.60","5215.00","5202.00","5211.90"
"Mon Mar 17 2025 10:30:00 GMT+0530 (India Standard Time)","5211.90","5213.80","5196.50","5204.30"
"Mon Mar 17 2025 10:35:00 GMT+0530 (India Standard Time)","5203.30","5205.00","5195.00","5196.90"
"Mon Mar 17 2025 10:40:00 GMT+0530 (India Standard Time)","5195.30","5212.50","5194.80","5212.50"
"Mon Mar 17 2025 10:45:00 GMT+0530 (India Standard Time)","5214.50","5228.55","5214.50","5219.55"
"Mon Mar 17 2025 10:50:00 GMT+0530 (India Standard Time)","5219.55","5224.95","5218.70","5221.25"
"Mon Mar 17 2025 10:55:00 GMT+0530 (India Standard Time)","5223.65","5235.00","5223.40","5233.50"
"Mon Mar 17 2025 11:00:00 GMT+0530 (India Standard Time)","5233.50","5233.50","5218.30","5221.55"
"Mon Mar 17 2025 11:05:00 GMT+0530 (India Standard Time)","5221.75","5224.15","5215.10","5222.10"
"Mon Mar 17 2025 11:10:00 GMT+0530 (India Standard Time)","5222.10","5224.75","5213.10","5216.00"
"Mon Mar 17 2025 11:15:00 GMT+0530 (India Standard Time)","5216.00","5220.00","5216.00","5220.00"
"Mon Mar 17 2025 11:20:00 GMT+0530 (India Standard Time)","5220.00","5220.00","5210.50","5219.10"
"Mon Mar 17 2025 11:25:00 GMT+0530 (India Standard Time)","5219.10","5220.20","5215.00","5219.80"
"Mon Mar 17 2025 11:30:00 GMT+0530 (India Standard Time)","5219.80","5220.20","5215.45","5219.05"
"Mon Mar 17 2025 11:35:00 GMT+0530 (India Standard Time)","5219.05","5225.00","5217.75","5224.00"
"Mon Mar 17 2025 11:40:00 GMT+0530 (India Standard Time)","5224.00","5229.40","5217.75","5220.95"
"Mon Mar 17 2025 11:45:00 GMT+0530 (India Standard Time)","5220.95","5220.95","5215.00","5217.80"
"Mon Mar 17 2025 11:50:00 GMT+0530 (India Standard Time)","5217.80","5218.00","5211.50","5213.00"
"Mon Mar 17 2025 11:55:00 GMT+0530 (India Standard Time)","5213.00","5213.00","5204.00","5207.00"
"Mon Mar 17 2025 12:00:00 GMT+0530 (India Standard Time)","5206.95","5219.95","5206.95","5214.90"
"Mon Mar 17 2025 12:05:00 GMT+0530 (India Standard Time)","5214.90","5223.30","5214.90","5222.35"
"Mon Mar 17 2025 12:10:00 GMT+0530 (India Standard Time)","5222.35","5225.50","5216.45","5221.80"
"Mon Mar 17 2025 12:15:00 GMT+0530 (India Standard Time)","5221.80","5221.80","5207.05","5210.05"
"Mon Mar 17 2025 12:20:00 GMT+0530 (India Standard Time)","5210.05","5211.90","5200.00","5201.75"
"Mon Mar 17 2025 12:25:00 GMT+0530 (India Standard Time)","5201.80","5201.80","5184.00","5195.55"
"Mon Mar 17 2025 12:30:00 GMT+0530 (India Standard Time)","5195.55","5195.75","5186.30","5189.10"
"Mon Mar 17 2025 12:35:00 GMT+0530 (India Standard Time)","5189.10","5194.95","5185.00","5188.70"
"Mon Mar 17 2025 12:40:00 GMT+0530 (India Standard Time)","5188.70","5188.70","5177.35","5180.00"
"Mon Mar 17 2025 12:45:00 GMT+0530 (India Standard Time)","5179.00","5179.60","5171.10","5178.00"
"Mon Mar 17 2025 12:50:00 GMT+0530 (India Standard Time)","5178.00","5188.10","5177.00","5187.85"
"Mon Mar 17 2025 12:55:00 GMT+0530 (India Standard Time)","5187.85","5192.00","5185.00","5189.35"
"Mon Mar 17 2025 13:00:00 GMT+0530 (India Standard Time)","5189.35","5191.70","5185.60","5191.70"
"Mon Mar 17 2025 13:05:00 GMT+0530 (India Standard Time)","5191.70","5191.70","5171.70","5175.00"
"Mon Mar 17 2025 13:10:00 GMT+0530 (India Standard Time)","5175.00","5180.00","5174.00","5178.00"
"Mon Mar 17 2025 13:15:00 GMT+0530 (India Standard Time)","5178.00","5185.60","5174.20","5181.85"
"Mon Mar 17 2025 13:20:00 GMT+0530 (India Standard Time)","5184.40","5186.00","5174.20","5185.55"
"Mon Mar 17 2025 13:25:00 GMT+0530 (India Standard Time)","5185.55","5188.00","5173.45","5180.00"
"Mon Mar 17 2025 13:30:00 GMT+0530 (India Standard Time)","5180.75","5183.20","5178.30","5181.90"
"Mon Mar 17 2025 13:35:00 GMT+0530 (India Standard Time)","5182.00","5182.30","5173.00","5177.90"
"Mon Mar 17 2025 13:40:00 GMT+0530 (India Standard Time)","5177.90","5182.00","5173.05","5182.00"
"Mon Mar 17 2025 13:45:00 GMT+0530 (India Standard Time)","5182.00","5183.25","5178.00","5179.85"
"Mon Mar 17 2025 13:50:00 GMT+0530 (India Standard Time)","5179.85","5182.65","5174.00","5179.65"
"Mon Mar 17 2025 13:55:00 GMT+0530 (India Standard Time)","5179.65","5190.00","5179.65","5186.85"
"Mon Mar 17 2025 14:00:00 GMT+0530 (India Standard Time)","5187.75","5189.40","5181.45","5184.85"
"Mon Mar 17 2025 14:05:00 GMT+0530 (India Standard Time)","5184.00","5189.15","5181.20","5189.15"
"Mon Mar 17 2025 14:10:00 GMT+0530 (India Standard Time)","5189.15","5190.00","5180.75","5185.00"
"Mon Mar 17 2025 14:15:00 GMT+0530 (India Standard Time)","5185.00","5187.45","5182.10","5187.30"
"Mon Mar 17 2025 14:20:00 GMT+0530 (India Standard Time)","5185.15","5187.40","5158.00","5172.35"
"Mon Mar 17 2025 14:25:00 GMT+0530 (India Standard Time)","5172.35","5173.10","5166.70","5172.90"
"Mon Mar 17 2025 14:30:00 GMT+0530 (India Standard Time)","5172.85","5175.10","5169.00","5173.00"
"Mon Mar 17 2025 14:35:00 GMT+0530 (India Standard Time)","5173.00","5175.00","5165.15","5170.10"
"Mon Mar 17 2025 14:40:00 GMT+0530 (India Standard Time)","5170.10","5170.50","5157.70","5165.35"
"Mon Mar 17 2025 14:45:00 GMT+0530 (India Standard Time)","5165.35","5169.70","5160.00","5167.00"
"Mon Mar 17 2025 14:50:00 GMT+0530 (India Standard Time)","5168.70","5173.90","5167.50","5167.95"
"Mon Mar 17 2025 14:55:00 GMT+0530 (India Standard Time)","5167.95","5170.00","5158.20","5163.05"
"Mon Mar 17 2025 15:00:00 GMT+0530 (India Standard Time)","5163.05","5166.90","5158.00","5166.90"
"Mon Mar 17 2025 15:05:00 GMT+0530 (India Standard Time)","5166.90","5169.20","5162.00","5167.45"
"Mon Mar 17 2025 15:10:00 GMT+0530 (India Standard Time)","5168.95","5180.00","5167.80","5179.95"
"Mon Mar 17 2025 15:15:00 GMT+0530 (India Standard Time)","5179.95","5181.00","5177.00","5177.00"
"Mon Mar 17 2025 15:20:00 GMT+0530 (India Standard Time)","5177.00","5180.00","5175.15","5179.00"
"Mon Mar 17 2025 15:25:00 GMT+0530 (India Standard Time)","5178.55","5178.55","5165.00","5177.90"
"Tue Mar 18 2025 09:15:00 GMT+0530 (India Standard Time)","5200.00","5226.00","5198.00","5217.85"
"Tue Mar 18 2025 09:20:00 GMT+0530 (India Standard Time)","5217.85","5261.10","5213.80","5253.30"
"Tue Mar 18 2025 09:25:00 GMT+0530 (India Standard Time)","5253.30","5276.00","5253.30","5264.90"
"Tue Mar 18 2025 09:30:00 GMT+0530 (India Standard Time)","5269.40","5296.50","5261.90","5277.05"
"Tue Mar 18 2025 09:35:00 GMT+0530 (India Standard Time)","5276.95","5299.00","5276.10","5292.40"
"Tue Mar 18 2025 09:40:00 GMT+0530 (India Standard Time)","5292.40","5298.20","5287.45","5289.50"
"Tue Mar 18 2025 09:45:00 GMT+0530 (India Standard Time)","5289.50","5295.75","5278.25","5281.85"
"Tue Mar 18 2025 09:50:00 GMT+0530 (India Standard Time)","5281.80","5290.05","5271.30","5280.60"
"Tue Mar 18 2025 09:55:00 GMT+0530 (India Standard Time)","5280.60","5287.00","5274.85","5274.85"
"Tue Mar 18 2025 10:00:00 GMT+0530 (India Standard Time)","5276.90","5287.45","5274.10","5286.65"
"Tue Mar 18 2025 10:05:00 GMT+0530 (India Standard Time)","5286.65","5288.80","5276.05","5284.00"
"Tue Mar 18 2025 10:10:00 GMT+0530 (India Standard Time)","5284.00","5288.00","5280.00","5284.70"
"Tue Mar 18 2025 10:15:00 GMT+0530 (India Standard Time)","5284.70","5310.00","5282.25","5308.00"
"Tue Mar 18 2025 10:20:00 GMT+0530 (India Standard Time)","5308.00","5309.00","5300.00","5300.00"
"Tue Mar 18 2025 10:25:00 GMT+0530 (India Standard Time)","5303.00","5306.95","5277.85","5285.00"
"Tue Mar 18 2025 10:30:00 GMT+0530 (India Standard Time)","5285.00","5290.15","5281.80","5282.00"
"Tue Mar 18 2025 10:35:00 GMT+0530 (India Standard Time)","5283.55","5286.85","5278.00","5279.60"
"Tue Mar 18 2025 10:40:00 GMT+0530 (India Standard Time)","5280.30","5286.60","5275.00","5276.50"
"Tue Mar 18 2025 10:45:00 GMT+0530 (India Standard Time)","5276.50","5282.00","5275.75","5281.95"
"Tue Mar 18 2025 10:50:00 GMT+0530 (India Standard Time)","5281.95","5285.00","5277.60","5280.90"
"Tue Mar 18 2025 10:55:00 GMT+0530 (India Standard Time)","5280.90","5282.00","5269.00","5273.20"
"Tue Mar 18 2025 11:00:00 GMT+0530 (India Standard Time)","5273.20","5276.90","5270.00","5273.25"
"Tue Mar 18 2025 11:05:00 GMT+0530 (India Standard Time)","5273.25","5276.00","5269.00","5275.45"
"Tue Mar 18 2025 11:10:00 GMT+0530 (India Standard Time)","5275.45","5276.00","5269.00","5269.00"
"Tue Mar 18 2025 11:15:00 GMT+0530 (India Standard Time)","5269.00","5272.90","5266.15","5267.35"
"Tue Mar 18 2025 11:20:00 GMT+0530 (India Standard Time)","5267.35","5279.30","5267.35","5279.30"
"Tue Mar 18 2025 11:25:00 GMT+0530 (India Standard Time)","5279.30","5280.00","5271.25","5273.45"
"Tue Mar 18 2025 11:30:00 GMT+0530 (India Standard Time)","5273.40","5288.00","5271.10","5281.05"
"Tue Mar 18 2025 11:35:00 GMT+0530 (India Standard Time)","5283.10","5287.25","5281.60","5281.60"
"Tue Mar 18 2025 11:40:00 GMT+0530 (India Standard Time)","5281.60","5294.15","5281.60","5290.00"
"Tue Mar 18 2025 11:45:00 GMT+0530 (India Standard Time)","5286.75","5292.95","5285.55","5286.65"
"Tue Mar 18 2025 11:50:00 GMT+0530 (India Standard Time)","5286.65","5286.65","5277.20","5279.00"
"Tue Mar 18 2025 11:55:00 GMT+0530 (India Standard Time)","5279.00","5284.40","5278.95","5279.45"
"Tue Mar 18 2025 12:00:00 GMT+0530 (India Standard Time)","5281.85","5284.50","5279.05","5280.80"
"Tue Mar 18 2025 12:05:00 GMT+0530 (India Standard Time)","5280.80","5286.30","5280.05","5285.75"
"Tue Mar 18 2025 12:10:00 GMT+0530 (India Standard Time)","5285.75","5289.20","5281.25","5285.00"
"Tue Mar 18 2025 12:15:00 GMT+0530 (India Standard Time)","5285.00","5285.00","5280.15","5280.35"
"Tue Mar 18 2025 12:20:00 GMT+0530 (India Standard Time)","5280.35","5284.50","5280.15","5283.40"
"Tue Mar 18 2025 12:25:00 GMT+0530 (India Standard Time)","5283.40","5285.00","5273.40","5273.50"
"Tue Mar 18 2025 12:30:00 GMT+0530 (India Standard Time)","5273.50","5277.60","5265.00","5269.95"
"Tue Mar 18 2025 12:35:00 GMT+0530 (India Standard Time)","5269.95","5270.00","5251.30","5253.45"
"Tue Mar 18 2025 12:40:00 GMT+0530 (India Standard Time)","5253.45","5257.95","5250.00","5251.20"
"Tue Mar 18 2025 12:45:00 GMT+0530 (India Standard Time)","5253.00","5255.00","5249.75","5250.00"
"Tue Mar 18 2025 12:50:00 GMT+0530 (India Standard Time)","5250.00","5259.65","5246.55","5257.75"
"Tue Mar 18 2025 12:55:00 GMT+0530 (India Standard Time)","5257.75","5263.40","5255.30","5263.25"
"Tue Mar 18 2025 13:00:00 GMT+0530 (India Standard Time)","5263.20","5266.00","5260.35","5264.55"
"Tue Mar 18 2025 13:05:00 GMT+0530 (India Standard Time)","5264.55","5266.45","5260.00","5263.95"
"Tue Mar 18 2025 13:10:00 GMT+0530 (India Standard Time)","5263.95","5263.95","5260.20","5261.50"
"Tue Mar 18 2025 13:15:00 GMT+0530 (India Standard Time)","5261.50","5269.95","5261.50","5269.95"
"Tue Mar 18 2025 13:20:00 GMT+0530 (India Standard Time)","5269.95","5284.00","5266.50","5284.00"
"Tue Mar 18 2025 13:25:00 GMT+0530 (India Standard Time)","5284.00","5285.00","5268.05","5275.00"
"Tue Mar 18 2025 13:30:00 GMT+0530 (India Standard Time)","5275.00","5281.95","5267.80","5272.05"
"Tue Mar 18 2025 13:35:00 GMT+0530 (India Standard Time)","5272.05","5281.30","5270.00","5273.05"
"Tue Mar 18 2025 13:40:00 GMT+0530 (India Standard Time)","5273.05","5280.85","5270.00","5275.00"
"Tue Mar 18 2025 13:45:00 GMT+0530 (India Standard Time)","5275.40","5275.40","5265.00","5269.90"
"Tue Mar 18 2025 13:50:00 GMT+0530 (India Standard Time)","5269.90","5269.90","5262.00","5268.50"
"Tue Mar 18 2025 13:55:00 GMT+0530 (India Standard Time)","5268.50","5272.00","5265.50","5268.00"
"Tue Mar 18 2025 14:00:00 GMT+0530 (India Standard Time)","5268.00","5275.10","5268.00","5270.95"
"Tue Mar 18 2025 14:05:00 GMT+0530 (India Standard Time)","5270.95","5272.00","5270.00","5271.15"
"Tue Mar 18 2025 14:10:00 GMT+0530 (India Standard Time)","5271.15","5271.95","5271.15","5271.15"
"Tue Mar 18 2025 14:15:00 GMT+0530 (India Standard Time)","5271.15","5277.75","5268.15","5268.15"
"Tue Mar 18 2025 14:20:00 GMT+0530 (India Standard Time)","5268.15","5274.20","5264.50","5274.20"
"Tue Mar 18 2025 14:25:00 GMT+0530 (India Standard Time)","5272.40","5278.95","5272.40","5277.00"
"Tue Mar 18 2025 14:30:00 GMT+0530 (India Standard Time)","5277.00","5278.25","5274.80","5277.25"
"Tue Mar 18 2025 14:35:00 GMT+0530 (India Standard Time)","5277.20","5277.20","5268.05","5270.00"
"Tue Mar 18 2025 14:40:00 GMT+0530 (India Standard Time)","5267.75","5274.95","5267.75","5272.60"
"Tue Mar 18 2025 14:45:00 GMT+0530 (India Standard Time)","5272.60","5275.00","5268.00","5273.35"
"Tue Mar 18 2025 14:50:00 GMT+0530 (India Standard Time)","5275.00","5278.00","5270.00","5276.05"
"Tue Mar 18 2025 14:55:00 GMT+0530 (India Standard Time)","5278.00","5278.00","5271.95","5274.85"
"Tue Mar 18 2025 15:00:00 GMT+0530 (India Standard Time)","5274.40","5275.00","5255.05","5267.50"
"Tue Mar 18 2025 15:05:00 GMT+0530 (India Standard Time)","5259.85","5270.95","5258.10","5270.95"
"Tue Mar 18 2025 15:10:00 GMT+0530 (India Standard Time)","5270.60","5274.95","5261.90","5268.10"
"Tue Mar 18 2025 15:15:00 GMT+0530 (India Standard Time)","5268.10","5270.00","5263.30","5268.75"
"Tue Mar 18 2025 15:20:00 GMT+0530 (India Standard Time)","5268.75","5269.70","5264.10","5267.45"
"Tue Mar 18 2025 15:25:00 GMT+0530 (India Standard Time)","5267.80","5285.95","5267.60","5280.50"
"Wed Mar 19 2025 09:15:00 GMT+0530 (India Standard Time)","5269.00","5296.45","5243.05","5274.80"
"Wed Mar 19 2025 09:20:00 GMT+0530 (India Standard Time)","5270.40","5286.90","5226.90","5230.00"
"Wed Mar 19 2025 09:25:00 GMT+0530 (India Standard Time)","5230.00","5261.75","5225.00","5259.55"
"Wed Mar 19 2025 09:30:00 GMT+0530 (India Standard Time)","5259.55","5290.00","5256.10","5280.05"
"Wed Mar 19 2025 09:35:00 GMT+0530 (India Standard Time)","5280.05","5285.00","5262.50","5269.00"
"Wed Mar 19 2025 09:40:00 GMT+0530 (India Standard Time)","5269.00","5275.00","5262.50","5273.85"
"Wed Mar 19 2025 09:45:00 GMT+0530 (India Standard Time)","5273.70","5285.35","5265.00","5284.90"
"Wed Mar 19 2025 09:50:00 GMT+0530 (India Standard Time)","5284.90","5290.00","5282.00","5282.60"
"Wed Mar 19 2025 09:55:00 GMT+0530 (India Standard Time)","5282.35","5295.00","5282.00","5291.75"
"Wed Mar 19 2025 10:00:00 GMT+0530 (India Standard Time)","5291.75","5315.45","5290.00","5313.40"
"Wed Mar 19 2025 10:05:00 GMT+0530 (India Standard Time)","5313.30","5321.90","5310.00","5316.90"
"Wed Mar 19 2025 10:10:00 GMT+0530 (India Standard Time)","5316.90","5318.20","5308.00","5316.00"
"Wed Mar 19 2025 10:15:00 GMT+0530 (India Standard Time)","5317.70","5317.70","5310.00","5315.00"
"Wed Mar 19 2025 10:20:00 GMT+0530 (India Standard Time)","5315.00","5330.30","5312.15","5330.00"
"Wed Mar 19 2025 10:25:00 GMT+0530 (India Standard Time)","5330.00","5339.00","5325.00","5336.00"
"Wed Mar 19 2025 10:30:00 GMT+0530 (India Standard Time)","5336.00","5338.80","5327.75","5333.00"
"Wed Mar 19 2025 10:35:00 GMT+0530 (India Standard Time)","5331.25","5337.50","5317.55","5327.30"
"Wed Mar 19 2025 10:40:00 GMT+0530 (India Standard Time)","5327.15","5329.00","5321.25","5326.45"
"Wed Mar 19 2025 10:45:00 GMT+0530 (India Standard Time)","5326.45","5326.45","5315.10","5315.10"
"Wed Mar 19 2025 10:50:00 GMT+0530 (India Standard Time)","5315.10","5317.45","5300.00","5308.00"
"Wed Mar 19 2025 10:55:00 GMT+0530 (India Standard Time)","5308.00","5318.00","5301.60","5305.00"
"Wed Mar 19 2025 11:00:00 GMT+0530 (India Standard Time)","5305.10","5306.20","5290.65","5304.00"
"Wed Mar 19 2025 11:05:00 GMT+0530 (India Standard Time)","5304.00","5307.10","5303.00","5304.00"
"Wed Mar 19 2025 11:10:00 GMT+0530 (India Standard Time)","5304.00","5305.00","5300.00","5303.90"
"Wed Mar 19 2025 11:15:00 GMT+0530 (India Standard Time)","5303.90","5305.95","5302.55","5303.05"
"Wed Mar 19 2025 11:20:00 GMT+0530 (India Standard Time)","5303.05","5305.60","5300.00","5302.05"
"Wed Mar 19 2025 11:25:00 GMT+0530 (India Standard Time)","5302.05","5302.20","5295.85","5295.85"
"Wed Mar 19 2025 11:30:00 GMT+0530 (India Standard Time)","5295.85","5301.00","5295.85","5301.00"
"Wed Mar 19 2025 11:35:00 GMT+0530 (India Standard Time)","5301.00","5301.00","5296.60","5300.00"
"Wed Mar 19 2025 11:40:00 GMT+0530 (India Standard Time)","5300.00","5301.00","5282.00","5286.60"
"Wed Mar 19 2025 11:45:00 GMT+0530 (India Standard Time)","5286.60","5292.45","5283.70","5289.00"
"Wed Mar 19 2025 11:50:00 GMT+0530 (India Standard Time)","5289.00","5292.50","5287.00","5291.10"
"Wed Mar 19 2025 11:55:00 GMT+0530 (India Standard Time)","5291.10","5293.00","5287.00","5288.00"
"Wed Mar 19 2025 12:00:00 GMT+0530 (India Standard Time)","5288.00","5299.75","5287.00","5297.40"
"Wed Mar 19 2025 12:05:00 GMT+0530 (India Standard Time)","5297.40","5299.80","5290.00","5296.40"
"Wed Mar 19 2025 12:10:00 GMT+0530 (India Standard Time)","5296.40","5308.45","5292.10","5307.75"
"Wed Mar 19 2025 12:15:00 GMT+0530 (India Standard Time)","5307.75","5310.00","5303.20","5308.10"
"Wed Mar 19 2025 12:20:00 GMT+0530 (India Standard Time)","5308.10","5314.00","5308.10","5313.00"
"Wed Mar 19 2025 12:25:00 GMT+0530 (India Standard Time)","5312.95","5316.00","5310.00","5310.00"
"Wed Mar 19 2025 12:30:00 GMT+0530 (India Standard Time)","5310.00","5313.00","5308.00","5312.95"
"Wed Mar 19 2025 12:35:00 GMT+0530 (India Standard Time)","5312.95","5313.00","5310.70","5313.00"
"Wed Mar 19 2025 12:40:00 GMT+0530 (India Standard Time)","5313.00","5322.15","5311.30","5315.95"
"Wed Mar 19 2025 12:45:00 GMT+0530 (India Standard Time)","5320.00","5327.45","5317.60","5324.65"
"Wed Mar 19 2025 12:50:00 GMT+0530 (India Standard Time)","5323.20","5328.95","5323.20","5324.05"
"Wed Mar 19 2025 12:55:00 GMT+0530 (India Standard Time)","5324.05","5343.65","5324.00","5340.00"
"Wed Mar 19 2025 13:00:00 GMT+0530 (India Standard Time)","5342.95","5343.90","5337.80","5339.00"
"Wed Mar 19 2025 13:05:00 GMT+0530 (India Standard Time)","5339.00","5340.00","5327.20","5329.85"
"Wed Mar 19 2025 13:10:00 GMT+0530 (India Standard Time)","5329.85","5341.00","5328.40","5341.00"
"Wed Mar 19 2025 13:15:00 GMT+0530 (India Standard Time)","5341.00","5367.65","5339.00","5365.00"
"Wed Mar 19 2025 13:20:00 GMT+0530 (India Standard Time)","5365.10","5370.00","5363.75","5368.95"
"Wed Mar 19 2025 13:25:00 GMT+0530 (India Standard Time)","5368.95","5374.80","5365.15","5371.05"
"Wed Mar 19 2025 13:30:00 GMT+0530 (India Standard Time)","5371.05","5373.80","5370.00","5373.00"
"Wed Mar 19 2025 13:35:00 GMT+0530 (India Standard Time)","5373.00","5383.00","5372.25","5380.95"
"Wed Mar 19 2025 13:40:00 GMT+0530 (India Standard Time)","5381.10","5385.00","5371.15","5384.00"
"Wed Mar 19 2025 13:45:00 GMT+0530 (India Standard Time)","5384.00","5384.00","5366.10","5366.10"
"Wed Mar 19 2025 13:50:00 GMT+0530 (India Standard Time)","5366.10","5376.95","5363.75","5374.20"
"Wed Mar 19 2025 13:55:00 GMT+0530 (India Standard Time)","5374.20","5383.00","5374.20","5383.00"
"Wed Mar 19 2025 14:00:00 GMT+0530 (India Standard Time)","5383.00","5390.90","5379.45","5389.20"
"Wed Mar 19 2025 14:05:00 GMT+0530 (India Standard Time)","5389.20","5390.90","5384.35","5387.10"
"Wed Mar 19 2025 14:10:00 GMT+0530 (India Standard Time)","5387.10","5388.80","5381.50","5382.00"
"Wed Mar 19 2025 14:15:00 GMT+0530 (India Standard Time)","5383.20","5385.20","5376.65","5383.00"
"Wed Mar 19 2025 14:20:00 GMT+0530 (India Standard Time)","5383.00","5386.65","5371.05","5375.65"
"Wed Mar 19 2025 14:25:00 GMT+0530 (India Standard Time)","5375.65","5379.95","5371.00","5375.40"
"Wed Mar 19 2025 14:30:00 GMT+0530 (India Standard Time)","5375.40","5378.30","5373.00","5375.95"
"Wed Mar 19 2025 14:35:00 GMT+0530 (India Standard Time)","5375.95","5386.35","5373.35","5382.05"
"Wed Mar 19 2025 14:40:00 GMT+0530 (India Standard Time)","5382.05","5386.35","5380.00","5380.00"
"Wed Mar 19 2025 14:45:00 GMT+0530 (India Standard Time)","5380.40","5384.00","5380.00","5383.00"
"Wed Mar 19 2025 14:50:00 GMT+0530 (India Standard Time)","5383.00","5385.95","5380.85","5385.85"
"Wed Mar 19 2025 14:55:00 GMT+0530 (India Standard Time)","5382.20","5386.40","5382.20","5384.15"
"Wed Mar 19 2025 15:00:00 GMT+0530 (India Standard Time)","5386.00","5386.00","5373.00","5374.40"
"Wed Mar 19 2025 15:05:00 GMT+0530 (India Standard Time)","5374.40","5374.40","5362.00","5368.80"
"Wed Mar 19 2025 15:10:00 GMT+0530 (India Standard Time)","5368.45","5368.90","5365.00","5368.50"
"Wed Mar 19 2025 15:15:00 GMT+0530 (India Standard Time)","5368.50","5368.70","5363.00","5363.00"
"Wed Mar 19 2025 15:20:00 GMT+0530 (India Standard Time)","5363.00","5363.80","5355.10","5357.75"
"Wed Mar 19 2025 15:25:00 GMT+0530 (India Standard Time)","5357.75","5366.80","5353.00","5365.00"
"Thu Mar 20 2025 09:15:00 GMT+0530 (India Standard Time)","5400.00","5454.00","5359.60","5434.10"
"Thu Mar 20 2025 09:20:00 GMT+0530 (India Standard Time)","5431.05","5470.80","5428.90","5470.80"
"Thu Mar 20 2025 09:25:00 GMT+0530 (India Standard Time)","5470.80","5495.00","5459.50","5492.00"
"Thu Mar 20 2025 09:30:00 GMT+0530 (India Standard Time)","5492.00","5498.95","5472.05","5490.05"
"Thu Mar 20 2025 09:35:00 GMT+0530 (India Standard Time)","5493.45","5497.55","5470.95","5476.00"
"Thu Mar 20 2025 09:40:00 GMT+0530 (India Standard Time)","5476.00","5488.00","5462.45","5485.15"
"Thu Mar 20 2025 09:45:00 GMT+0530 (India Standard Time)","5485.15","5485.15","5460.10","5469.30"
"Thu Mar 20 2025 09:50:00 GMT+0530 (India Standard Time)","5470.00","5470.00","5444.20","5449.40"
"Thu Mar 20 2025 09:55:00 GMT+0530 (India Standard Time)","5449.35","5458.00","5425.45","5445.55"
"Thu Mar 20 2025 10:00:00 GMT+0530 (India Standard Time)","5445.55","5447.75","5436.50","5440.45"
"Thu Mar 20 2025 10:05:00 GMT+0530 (India Standard Time)","5440.45","5440.45","5420.00","5422.40"
"Thu Mar 20 2025 10:10:00 GMT+0530 (India Standard Time)","5420.00","5429.80","5420.00","5428.15"
"Thu Mar 20 2025 10:15:00 GMT+0530 (India Standard Time)","5428.15","5449.50","5427.90","5437.00"
"Thu Mar 20 2025 10:20:00 GMT+0530 (India Standard Time)","5440.00","5445.50","5436.55","5444.00"
"Thu Mar 20 2025 10:25:00 GMT+0530 (India Standard Time)","5444.00","5450.30","5440.05","5444.10"
"Thu Mar 20 2025 10:30:00 GMT+0530 (India Standard Time)","5444.10","5449.90","5438.00","5439.25"
"Thu Mar 20 2025 10:35:00 GMT+0530 (India Standard Time)","5439.25","5442.20","5436.40","5437.25"
"Thu Mar 20 2025 10:40:00 GMT+0530 (India Standard Time)","5437.25","5437.25","5420.00","5420.00"
"Thu Mar 20 2025 10:45:00 GMT+0530 (India Standard Time)","5420.00","5425.55","5410.00","5410.00"
"Thu Mar 20 2025 10:50:00 GMT+0530 (India Standard Time)","5412.50","5415.00","5400.00","5400.15"
"Thu Mar 20 2025 10:55:00 GMT+0530 (India Standard Time)","5400.15","5415.00","5398.00","5410.00"
"Thu Mar 20 2025 11:00:00 GMT+0530 (India Standard Time)","5410.00","5416.40","5407.05","5408.60"
"Thu Mar 20 2025 11:05:00 GMT+0530 (India Standard Time)","5408.60","5416.40","5405.85","5411.00"
"Thu Mar 20 2025 11:10:00 GMT+0530 (India Standard Time)","5411.00","5424.50","5408.65","5418.65"
"Thu Mar 20 2025 11:15:00 GMT+0530 (India Standard Time)","5418.65","5423.00","5405.70","5410.00"
"Thu Mar 20 2025 11:20:00 GMT+0530 (India Standard Time)","5410.00","5410.75","5403.00","5410.75"
"Thu Mar 20 2025 11:25:00 GMT+0530 (India Standard Time)","5410.75","5413.85","5405.00","5408.70"
"Thu Mar 20 2025 11:30:00 GMT+0530 (India Standard Time)","5406.20","5410.70","5402.45","5405.25"
"Thu Mar 20 2025 11:35:00 GMT+0530 (India Standard Time)","5404.00","5411.80","5402.95","5408.15"
"Thu Mar 20 2025 11:40:00 GMT+0530 (India Standard Time)","5408.15","5413.70","5408.00","5409.70"
"Thu Mar 20 2025 11:45:00 GMT+0530 (India Standard Time)","5409.70","5412.90","5408.00","5409.70"
"Thu Mar 20 2025 11:50:00 GMT+0530 (India Standard Time)","5409.70","5414.00","5408.10","5408.10"
"Thu Mar 20 2025 11:55:00 GMT+0530 (India Standard Time)","5408.10","5413.35","5408.10","5412.50"
"Thu Mar 20 2025 12:00:00 GMT+0530 (India Standard Time)","5412.50","5421.60","5410.40","5414.00"
"Thu Mar 20 2025 12:05:00 GMT+0530 (India Standard Time)","5414.00","5415.80","5410.40","5415.00"
"Thu Mar 20 2025 12:10:00 GMT+0530 (India Standard Time)","5415.00","5415.00","5409.40","5414.25"
"Thu Mar 20 2025 12:15:00 GMT+0530 (India Standard Time)","5414.25","5417.50","5411.10","5413.85"
"Thu Mar 20 2025 12:20:00 GMT+0530 (India Standard Time)","5413.05","5414.55","5406.90","5410.00"
"Thu Mar 20 2025 12:25:00 GMT+0530 (India Standard Time)","5410.00","5413.45","5407.10","5413.45"
"Thu Mar 20 2025 12:30:00 GMT+0530 (India Standard Time)","5410.65","5414.80","5399.00","5401.50"
"Thu Mar 20 2025 12:35:00 GMT+0530 (India Standard Time)","5401.50","5408.90","5392.65","5407.00"
"Thu Mar 20 2025 12:40:00 GMT+0530 (India Standard Time)","5407.00","5413.95","5405.00","5413.95"
"Thu Mar 20 2025 12:45:00 GMT+0530 (India Standard Time)","5413.95","5419.00","5413.05","5418.95"
"Thu Mar 20 2025 12:50:00 GMT+0530 (India Standard Time)","5418.95","5418.95","5413.15","5415.00"
"Thu Mar 20 2025 12:55:00 GMT+0530 (India Standard Time)","5415.00","5418.25","5413.00","5418.25"
"Thu Mar 20 2025 13:00:00 GMT+0530 (India Standard Time)","5418.25","5418.25","5407.65","5411.00"
"Thu Mar 20 2025 13:05:00 GMT+0530 (India Standard Time)","5411.00","5415.85","5407.75","5410.00"
"Thu Mar 20 2025 13:10:00 GMT+0530 (India Standard Time)","5410.00","5418.50","5407.65","5414.00"
"Thu Mar 20 2025 13:15:00 GMT+0530 (India Standard Time)","5414.00","5415.80","5405.00","5412.00"
"Thu Mar 20 2025 13:20:00 GMT+0530 (India Standard Time)","5412.00","5414.00","5401.80","5402.00"
"Thu Mar 20 2025 13:25:00 GMT+0530 (India Standard Time)","5402.00","5404.80","5395.90","5402.50"
"Thu Mar 20 2025 13:30:00 GMT+0530 (India Standard Time)","5402.50","5409.00","5402.00","5407.45"
"Thu Mar 20 2025 13:35:00 GMT+0530 (India Standard Time)","5407.45","5407.45","5401.55","5406.65"
"Thu Mar 20 2025 13:40:00 GMT+0530 (India Standard Time)","5406.65","5406.65","5400.35","5400.95"
"Thu Mar 20 2025 13:45:00 GMT+0530 (India Standard Time)","5400.95","5403.60","5395.15","5398.50"
"Thu Mar 20 2025 13:50:00 GMT+0530 (India Standard Time)","5398.50","5401.40","5395.35","5398.75"
"Thu Mar 20 2025 13:55:00 GMT+0530 (India Standard Time)","5398.75","5407.00","5396.60","5406.65"
"Thu Mar 20 2025 14:00:00 GMT+0530 (India Standard Time)","5407.00","5407.00","5396.80","5403.70"
"Thu Mar 20 2025 14:05:00 GMT+0530 (India Standard Time)","5403.70","5404.00","5393.40","5393.40"
"Thu Mar 20 2025 14:10:00 GMT+0530 (India Standard Time)","5393.40","5398.00","5391.45","5394.80"
"Thu Mar 20 2025 14:15:00 GMT+0530 (India Standard Time)","5394.80","5398.90","5387.00","5391.90"
"Thu Mar 20 2025 14:20:00 GMT+0530 (India Standard Time)","5391.90","5391.90","5387.00","5390.00"
"Thu Mar 20 2025 14:25:00 GMT+0530 (India Standard Time)","5390.00","5392.75","5387.00","5391.60"
"Thu Mar 20 2025 14:30:00 GMT+0530 (India Standard Time)","5391.60","5392.00","5385.05","5391.95"
"Thu Mar 20 2025 14:35:00 GMT+0530 (India Standard Time)","5391.95","5392.00","5385.20","5388.05"
"Thu Mar 20 2025 14:40:00 GMT+0530 (India Standard Time)","5388.05","5390.00","5384.10","5387.00"
"Thu Mar 20 2025 14:45:00 GMT+0530 (India Standard Time)","5387.00","5394.35","5384.20","5389.70"
"Thu Mar 20 2025 14:50:00 GMT+0530 (India Standard Time)","5389.70","5390.00","5374.55","5377.90"
"Thu Mar 20 2025 14:55:00 GMT+0530 (India Standard Time)","5377.90","5378.80","5370.00","5376.95"
"Thu Mar 20 2025 15:00:00 GMT+0530 (India Standard Time)","5376.95","5390.00","5374.00","5383.45"
"Thu Mar 20 2025 15:05:00 GMT+0530 (India Standard Time)","5383.45","5387.45","5379.30","5387.45"
"Thu Mar 20 2025 15:10:00 GMT+0530 (India Standard Time)","5388.00","5388.00","5377.70","5378.65"
"Thu Mar 20 2025 15:15:00 GMT+0530 (India Standard Time)","5376.95","5381.00","5371.05","5378.00"
"Thu Mar 20 2025 15:20:00 GMT+0530 (India Standard Time)","5377.00","5380.65","5370.00","5376.05"
"Thu Mar 20 2025 15:25:00 GMT+0530 (India Standard Time)","5375.85","5376.25","5365.00","5370.00"
"Fri Mar 21 2025 09:15:00 GMT+0530 (India Standard Time)","5395.00","5399.00","5322.00","5361.05"
"Fri Mar 21 2025 09:20:00 GMT+0530 (India Standard Time)","5362.35","5385.00","5354.30","5371.00"
"Fri Mar 21 2025 09:25:00 GMT+0530 (India Standard Time)","5370.05","5438.40","5364.15","5438.40"
"Fri Mar 21 2025 09:30:00 GMT+0530 (India Standard Time)","5438.30","5450.00","5424.20","5429.00"
"Fri Mar 21 2025 09:35:00 GMT+0530 (India Standard Time)","5432.20","5432.20","5418.55","5429.05"
"Fri Mar 21 2025 09:40:00 GMT+0530 (India Standard Time)","5427.95","5455.00","5427.30","5452.00"
"Fri Mar 21 2025 09:45:00 GMT+0530 (India Standard Time)","5454.35","5455.05","5440.00","5445.70"
"Fri Mar 21 2025 09:50:00 GMT+0530 (India Standard Time)","5445.70","5450.90","5437.60","5446.65"
"Fri Mar 21 2025 09:55:00 GMT+0530 (India Standard Time)","5447.90","5449.90","5439.85","5441.80"
"Fri Mar 21 2025 10:00:00 GMT+0530 (India Standard Time)","5441.80","5447.25","5427.00","5436.20"
"Fri Mar 21 2025 10:05:00 GMT+0530 (India Standard Time)","5436.70","5449.90","5434.10","5447.00"
"Fri Mar 21 2025 10:10:00 GMT+0530 (India Standard Time)","5446.50","5446.80","5420.00","5423.20"
"Fri Mar 21 2025 10:15:00 GMT+0530 (India Standard Time)","5423.35","5435.00","5422.15","5431.20"
"Fri Mar 21 2025 10:20:00 GMT+0530 (India Standard Time)","5431.70","5442.50","5431.60","5437.90"
"Fri Mar 21 2025 10:25:00 GMT+0530 (India Standard Time)","5437.90","5447.20","5435.60","5440.00"
"Fri Mar 21 2025 10:30:00 GMT+0530 (India Standard Time)","5440.00","5455.00","5435.60","5443.05"
"Fri Mar 21 2025 10:35:00 GMT+0530 (India Standard Time)","5443.05","5453.95","5437.15","5452.95"
"Fri Mar 21 2025 10:40:00 GMT+0530 (India Standard Time)","5449.00","5452.20","5436.90","5442.25"
"Fri Mar 21 2025 10:45:00 GMT+0530 (India Standard Time)","5442.25","5443.60","5422.50","5424.70"
"Fri Mar 21 2025 10:50:00 GMT+0530 (India Standard Time)","5424.70","5424.70","5420.00","5421.20"
"Fri Mar 21 2025 10:55:00 GMT+0530 (India Standard Time)","5421.20","5423.05","5406.25","5414.40"
"Fri Mar 21 2025 11:00:00 GMT+0530 (India Standard Time)","5414.40","5416.00","5406.00","5412.25"
"Fri Mar 21 2025 11:05:00 GMT+0530 (India Standard Time)","5412.25","5413.80","5406.75","5411.00"
"Fri Mar 21 2025 11:10:00 GMT+0530 (India Standard Time)","5412.10","5412.10","5400.00","5404.35"
"Fri Mar 21 2025 11:15:00 GMT+0530 (India Standard Time)","5404.60","5410.00","5400.35","5408.60"
"Fri Mar 21 2025 11:20:00 GMT+0530 (India Standard Time)","5408.60","5413.20","5403.85","5404.05"
"Fri Mar 21 2025 11:25:00 GMT+0530 (India Standard Time)","5404.05","5406.80","5403.00","5406.10"
"Fri Mar 21 2025 11:30:00 GMT+0530 (India Standard Time)","5406.10","5411.90","5406.10","5411.00"
"Fri Mar 21 2025 11:35:00 GMT+0530 (India Standard Time)","5410.90","5413.80","5410.05","5412.80"
"Fri Mar 21 2025 11:40:00 GMT+0530 (India Standard Time)","5412.80","5413.00","5404.80","5409.30"
"Fri Mar 21 2025 11:45:00 GMT+0530 (India Standard Time)","5408.00","5410.00","5405.30","5405.30"
"Fri Mar 21 2025 11:50:00 GMT+0530 (India Standard Time)","5405.30","5409.45","5405.00","5407.00"
"Fri Mar 21 2025 11:55:00 GMT+0530 (India Standard Time)","5407.00","5407.00","5405.00","5405.95"
"Fri Mar 21 2025 12:00:00 GMT+0530 (India Standard Time)","5405.00","5440.00","5405.00","5430.15"
"Fri Mar 21 2025 12:05:00 GMT+0530 (India Standard Time)","5430.15","5475.00","5428.55","5468.00"
"Fri Mar 21 2025 12:10:00 GMT+0530 (India Standard Time)","5468.00","5470.05","5456.10","5457.85"
"Fri Mar 21 2025 12:15:00 GMT+0530 (India Standard Time)","5457.85","5472.00","5457.05","5470.55"
"Fri Mar 21 2025 12:20:00 GMT+0530 (India Standard Time)","5470.55","5510.00","5470.35","5497.55"
"Fri Mar 21 2025 12:25:00 GMT+0530 (India Standard Time)","5497.55","5502.65","5490.10","5490.95"
"Fri Mar 21 2025 12:30:00 GMT+0530 (India Standard Time)","5491.00","5512.00","5490.90","5501.95"
"Fri Mar 21 2025 12:35:00 GMT+0530 (India Standard Time)","5502.00","5507.00","5490.00","5498.90"
"Fri Mar 21 2025 12:40:00 GMT+0530 (India Standard Time)","5498.90","5504.85","5488.05","5492.50"
"Fri Mar 21 2025 12:45:00 GMT+0530 (India Standard Time)","5492.50","5492.50","5481.35","5485.70"
"Fri Mar 21 2025 12:50:00 GMT+0530 (India Standard Time)","5485.70","5491.10","5483.55","5487.20"
"Fri Mar 21 2025 12:55:00 GMT+0530 (India Standard Time)","5487.20","5488.55","5480.00","5488.40"
"Fri Mar 21 2025 13:00:00 GMT+0530 (India Standard Time)","5488.40","5499.15","5480.85","5487.60"
"Fri Mar 21 2025 13:05:00 GMT+0530 (India Standard Time)","5487.60","5492.50","5484.35","5490.10"
"Fri Mar 21 2025 13:10:00 GMT+0530 (India Standard Time)","5490.10","5494.00","5478.00","5478.00"
"Fri Mar 21 2025 13:15:00 GMT+0530 (India Standard Time)","5473.20","5478.05","5460.20","5464.20"
"Fri Mar 21 2025 13:20:00 GMT+0530 (India Standard Time)","5464.20","5482.40","5463.55","5473.45"
"Fri Mar 21 2025 13:25:00 GMT+0530 (India Standard Time)","5473.45","5480.25","5467.15","5473.90"
"Fri Mar 21 2025 13:30:00 GMT+0530 (India Standard Time)","5473.90","5475.60","5462.30","5467.75"
"Fri Mar 21 2025 13:35:00 GMT+0530 (India Standard Time)","5467.75","5467.75","5451.25","5464.80"
"Fri Mar 21 2025 13:40:00 GMT+0530 (India Standard Time)","5464.80","5465.60","5456.00","5458.00"
"Fri Mar 21 2025 13:45:00 GMT+0530 (India Standard Time)","5458.00","5459.85","5443.55","5443.55"
"Fri Mar 21 2025 13:50:00 GMT+0530 (India Standard Time)","5443.00","5444.35","5423.30","5425.00"
"Fri Mar 21 2025 13:55:00 GMT+0530 (India Standard Time)","5425.00","5434.80","5422.95","5432.50"
"Fri Mar 21 2025 14:00:00 GMT+0530 (India Standard Time)","5432.50","5449.65","5432.50","5443.95"
"Fri Mar 21 2025 14:05:00 GMT+0530 (India Standard Time)","5443.60","5452.05","5443.60","5449.10"
"Fri Mar 21 2025 14:10:00 GMT+0530 (India Standard Time)","5449.10","5451.90","5441.30","5449.95"
"Fri Mar 21 2025 14:15:00 GMT+0530 (India Standard Time)","5449.95","5453.90","5445.15","5451.90"
"Fri Mar 21 2025 14:20:00 GMT+0530 (India Standard Time)","5451.90","5453.60","5445.05","5452.35"
"Fri Mar 21 2025 14:25:00 GMT+0530 (India Standard Time)","5452.35","5460.00","5450.50","5459.00"
"Fri Mar 21 2025 14:30:00 GMT+0530 (India Standard Time)","5458.95","5466.00","5455.95","5462.50"
"Fri Mar 21 2025 14:35:00 GMT+0530 (India Standard Time)","5462.50","5480.00","5460.25","5476.45"
"Fri Mar 21 2025 14:40:00 GMT+0530 (India Standard Time)","5476.45","5482.55","5473.00","5480.50"
"Fri Mar 21 2025 14:45:00 GMT+0530 (India Standard Time)","5478.55","5483.65","5474.35","5482.30"
"Fri Mar 21 2025 14:50:00 GMT+0530 (India Standard Time)","5483.05","5489.90","5475.35","5489.20"
"Fri Mar 21 2025 14:55:00 GMT+0530 (India Standard Time)","5488.80","5490.00","5485.00","5489.00"
"Fri Mar 21 2025 15:00:00 GMT+0530 (India Standard Time)","5489.00","5490.25","5453.95","5453.95"
"Fri Mar 21 2025 15:05:00 GMT+0530 (India Standard Time)","5455.60","5468.85","5455.60","5463.70"
"Fri Mar 21 2025 15:10:00 GMT+0530 (India Standard Time)","5464.15","5468.25","5458.40","5467.60"
"Fri Mar 21 2025 15:15:00 GMT+0530 (India Standard Time)","5467.60","5467.60","5451.25","5451.25"
"Fri Mar 21 2025 15:20:00 GMT+0530 (India Standard Time)","5451.80","5459.75","5446.95","5458.00"
"Fri Mar 21 2025 15:25:00 GMT+0530 (India Standard Time)","5458.00","5469.00","5453.35","5465.00"
"Mon Mar 24 2025 09:15:00 GMT+0530 (India Standard Time)","5470.00","5507.75","5463.05","5490.35"
"Mon Mar 24 2025 09:20:00 GMT+0530 (India Standard Time)","5483.05","5489.45","5470.10","5481.90"
"Mon Mar 24 2025 09:25:00 GMT+0530 (India Standard Time)","5480.45","5480.45","5450.00","5450.00"
"Mon Mar 24 2025 09:30:00 GMT+0530 (India Standard Time)","5451.65","5453.50","5427.70","5436.00"
"Mon Mar 24 2025 09:35:00 GMT+0530 (India Standard Time)","5435.00","5437.25","5404.70","5404.75"
"Mon Mar 24 2025 09:40:00 GMT+0530 (India Standard Time)","5404.75","5429.55","5403.65","5429.20"
"Mon Mar 24 2025 09:45:00 GMT+0530 (India Standard Time)","5429.20","5438.70","5420.00","5433.55"
"Mon Mar 24 2025 09:50:00 GMT+0530 (India Standard Time)","5434.00","5448.35","5431.00","5442.80"
"Mon Mar 24 2025 09:55:00 GMT+0530 (India Standard Time)","5442.80","5460.00","5441.10","5458.75"
"Mon Mar 24 2025 10:00:00 GMT+0530 (India Standard Time)","5456.00","5477.75","5456.00","5470.10"
"Mon Mar 24 2025 10:05:00 GMT+0530 (India Standard Time)","5470.10","5477.80","5460.20","5475.00"
"Mon Mar 24 2025 10:10:00 GMT+0530 (India Standard Time)","5475.00","5477.95","5468.00","5470.70"
"Mon Mar 24 2025 10:15:00 GMT+0530 (India Standard Time)","5470.70","5474.40","5462.00","5469.00"
"Mon Mar 24 2025 10:20:00 GMT+0530 (India Standard Time)","5472.00","5475.00","5460.00","5460.00"
"Mon Mar 24 2025 10:25:00 GMT+0530 (India Standard Time)","5460.00","5475.00","5460.00","5470.00"
"Mon Mar 24 2025 10:30:00 GMT+0530 (India Standard Time)","5466.50","5480.00","5466.50","5476.95"
"Mon Mar 24 2025 10:35:00 GMT+0530 (India Standard Time)","5479.25","5487.65","5477.00","5482.45"
"Mon Mar 24 2025 10:40:00 GMT+0530 (India Standard Time)","5482.45","5482.65","5475.05","5477.15"
"Mon Mar 24 2025 10:45:00 GMT+0530 (India Standard Time)","5478.30","5488.00","5475.00","5484.70"
"Mon Mar 24 2025 10:50:00 GMT+0530 (India Standard Time)","5484.70","5498.90","5484.70","5492.90"
"Mon Mar 24 2025 10:55:00 GMT+0530 (India Standard Time)","5492.90","5503.55","5492.90","5499.15"
"Mon Mar 24 2025 11:00:00 GMT+0530 (India Standard Time)","5499.15","5510.00","5496.75","5496.75"
"Mon Mar 24 2025 11:05:00 GMT+0530 (India Standard Time)","5496.75","5503.15","5485.15","5485.15"
"Mon Mar 24 2025 11:10:00 GMT+0530 (India Standard Time)","5485.15","5488.45","5481.20","5485.35"
"Mon Mar 24 2025 11:15:00 GMT+0530 (India Standard Time)","5485.35","5490.00","5480.00","5480.55"
"Mon Mar 24 2025 11:20:00 GMT+0530 (India Standard Time)","5480.55","5490.00","5480.10","5486.40"
"Mon Mar 24 2025 11:25:00 GMT+0530 (India Standard Time)","5486.40","5500.00","5486.40","5496.75"
"Mon Mar 24 2025 11:30:00 GMT+0530 (India Standard Time)","5495.55","5498.10","5492.40","5495.15"
"Mon Mar 24 2025 11:35:00 GMT+0530 (India Standard Time)","5495.15","5498.00","5485.00","5488.00"
"Mon Mar 24 2025 11:40:00 GMT+0530 (India Standard Time)","5485.95","5496.35","5485.00","5487.70"
"Mon Mar 24 2025 11:45:00 GMT+0530 (India Standard Time)","5487.55","5494.85","5486.40","5492.00"
"Mon Mar 24 2025 11:50:00 GMT+0530 (India Standard Time)","5492.00","5498.00","5490.00","5496.65"
"Mon Mar 24 2025 11:55:00 GMT+0530 (India Standard Time)","5496.65","5502.45","5496.30","5502.25"
"Mon Mar 24 2025 12:00:00 GMT+0530 (India Standard Time)","5500.10","5505.00","5495.00","5495.00"
"Mon Mar 24 2025 12:05:00 GMT+0530 (India Standard Time)","5495.00","5500.00","5493.05","5500.00"
"Mon Mar 24 2025 12:10:00 GMT+0530 (India Standard Time)","5500.00","5504.70","5498.00","5500.00"
"Mon Mar 24 2025 12:15:00 GMT+0530 (India Standard Time)","5500.00","5517.95","5500.00","5513.00"
"Mon Mar 24 2025 12:20:00 GMT+0530 (India Standard Time)","5512.50","5547.90","5512.50","5547.90"
"Mon Mar 24 2025 12:25:00 GMT+0530 (India Standard Time)","5547.90","5573.95","5524.05","5571.50"
"Mon Mar 24 2025 12:30:00 GMT+0530 (India Standard Time)","5571.50","5575.05","5560.40","5569.25"
"Mon Mar 24 2025 12:35:00 GMT+0530 (India Standard Time)","5569.05","5585.00","5566.00","5571.55"
"Mon Mar 24 2025 12:40:00 GMT+0530 (India Standard Time)","5571.55","5589.00","5570.80","5581.20"
"Mon Mar 24 2025 12:45:00 GMT+0530 (India Standard Time)","5581.20","5588.00","5577.00","5585.00"
"Mon Mar 24 2025 12:50:00 GMT+0530 (India Standard Time)","5585.00","5587.85","5575.25","5585.55"
"Mon Mar 24 2025 12:55:00 GMT+0530 (India Standard Time)","5588.70","5596.80","5575.00","5581.00"
"Mon Mar 24 2025 13:00:00 GMT+0530 (India Standard Time)","5581.00","5589.35","5577.35","5585.15"
"Mon Mar 24 2025 13:05:00 GMT+0530 (India Standard Time)","5586.50","5603.70","5586.50","5599.75"
"Mon Mar 24 2025 13:10:00 GMT+0530 (India Standard Time)","5599.75","5620.00","5596.30","5614.85"
"Mon Mar 24 2025 13:15:00 GMT+0530 (India Standard Time)","5617.40","5618.70","5602.85","5617.25"
"Mon Mar 24 2025 13:20:00 GMT+0530 (India Standard Time)","5617.25","5637.00","5617.00","5635.60"
"Mon Mar 24 2025 13:25:00 GMT+0530 (India Standard Time)","5635.75","5637.35","5602.30","5608.75"
"Mon Mar 24 2025 13:30:00 GMT+0530 (India Standard Time)","5608.75","5619.85","5607.40","5617.25"
"Mon Mar 24 2025 13:35:00 GMT+0530 (India Standard Time)","5619.80","5620.90","5605.00","5616.90"
"Mon Mar 24 2025 13:40:00 GMT+0530 (India Standard Time)","5614.85","5630.00","5614.85","5628.50"
"Mon Mar 24 2025 13:45:00 GMT+0530 (India Standard Time)","5630.00","5633.30","5616.45","5622.00"
"Mon Mar 24 2025 13:50:00 GMT+0530 (India Standard Time)","5622.00","5629.00","5607.25","5623.90"
"Mon Mar 24 2025 13:55:00 GMT+0530 (India Standard Time)","5621.15","5630.00","5621.00","5627.35"
"Mon Mar 24 2025 14:00:00 GMT+0530 (India Standard Time)","5627.35","5639.80","5627.35","5635.25"
"Mon Mar 24 2025 14:05:00 GMT+0530 (India Standard Time)","5635.25","5646.00","5633.70","5642.55"
"Mon Mar 24 2025 14:10:00 GMT+0530 (India Standard Time)","5642.55","5647.00","5640.40","5647.00"
"Mon Mar 24 2025 14:15:00 GMT+0530 (India Standard Time)","5647.00","5649.00","5643.50","5647.00"
"Mon Mar 24 2025 14:20:00 GMT+0530 (India Standard Time)","5647.00","5649.80","5641.10","5649.80"
"Mon Mar 24 2025 14:25:00 GMT+0530 (India Standard Time)","5653.20","5658.00","5636.00","5639.85"
"Mon Mar 24 2025 14:30:00 GMT+0530 (India Standard Time)","5639.85","5647.90","5636.40","5643.05"
"Mon Mar 24 2025 14:35:00 GMT+0530 (India Standard Time)","5643.30","5651.80","5636.90","5648.00"
"Mon Mar 24 2025 14:40:00 GMT+0530 (India Standard Time)","5648.50","5664.80","5647.50","5660.00"
"Mon Mar 24 2025 14:45:00 GMT+0530 (India Standard Time)","5660.00","5660.30","5651.85","5658.00"
"Mon Mar 24 2025 14:50:00 GMT+0530 (India Standard Time)","5658.00","5658.00","5645.25","5653.80"
"Mon Mar 24 2025 14:55:00 GMT+0530 (India Standard Time)","5653.80","5655.00","5646.00","5651.20"
"Mon Mar 24 2025 15:00:00 GMT+0530 (India Standard Time)","5651.35","5653.20","5625.95","5626.00"
"Mon Mar 24 2025 15:05:00 GMT+0530 (India Standard Time)","5626.25","5630.00","5624.00","5628.30"
"Mon Mar 24 2025 15:10:00 GMT+0530 (India Standard Time)","5629.00","5637.40","5625.00","5626.00"
"Mon Mar 24 2025 15:15:00 GMT+0530 (India Standard Time)","5626.00","5637.60","5626.00","5634.00"
"Mon Mar 24 2025 15:20:00 GMT+0530 (India Standard Time)","5634.00","5636.10","5628.00","5628.05"
"Mon Mar 24 2025 15:25:00 GMT+0530 (India Standard Time)","5630.30","5634.40","5620.00","5628.30"
"Tue Mar 25 2025 09:15:00 GMT+0530 (India Standard Time)","5700.00","5708.60","5642.55","5663.95"
"Tue Mar 25 2025 09:20:00 GMT+0530 (India Standard Time)","5663.95","5670.00","5635.00","5642.05"
"Tue Mar 25 2025 09:25:00 GMT+0530 (India Standard Time)","5644.85","5645.40","5605.65","5622.85"
"Tue Mar 25 2025 09:30:00 GMT+0530 (India Standard Time)","5622.40","5660.00","5618.05","5653.05"
"Tue Mar 25 2025 09:35:00 GMT+0530 (India Standard Time)","5653.05","5680.80","5652.50","5672.55"
"Tue Mar 25 2025 09:40:00 GMT+0530 (India Standard Time)","5672.75","5697.00","5670.00","5694.25"
"Tue Mar 25 2025 09:45:00 GMT+0530 (India Standard Time)","5696.00","5742.95","5689.00","5738.10"
"Tue Mar 25 2025 09:50:00 GMT+0530 (India Standard Time)","5738.00","5739.95","5707.10","5715.00"
"Tue Mar 25 2025 09:55:00 GMT+0530 (India Standard Time)","5715.00","5722.75","5690.00","5691.00"
"Tue Mar 25 2025 10:00:00 GMT+0530 (India Standard Time)","5691.00","5699.40","5650.00","5651.95"
"Tue Mar 25 2025 10:05:00 GMT+0530 (India Standard Time)","5651.95","5673.40","5651.00","5664.95"
"Tue Mar 25 2025 10:10:00 GMT+0530 (India Standard Time)","5666.30","5668.15","5615.35","5615.35"
"Tue Mar 25 2025 10:15:00 GMT+0530 (India Standard Time)","5615.35","5638.95","5610.00","5634.30"
"Tue Mar 25 2025 10:20:00 GMT+0530 (India Standard Time)","5632.15","5637.85","5621.00","5625.15"
"Tue Mar 25 2025 10:25:00 GMT+0530 (India Standard Time)","5625.15","5625.85","5606.00","5610.95"
"Tue Mar 25 2025 10:30:00 GMT+0530 (India Standard Time)","5610.95","5612.25","5579.95","5583.95"
"Tue Mar 25 2025 10:35:00 GMT+0530 (India Standard Time)","5584.40","5585.30","5555.60","5565.05"
"Tue Mar 25 2025 10:40:00 GMT+0530 (India Standard Time)","5565.05","5566.70","5551.00","5564.95"
"Tue Mar 25 2025 10:45:00 GMT+0530 (India Standard Time)","5565.00","5578.00","5552.00","5573.90"
"Tue Mar 25 2025 10:50:00 GMT+0530 (India Standard Time)","5573.90","5587.70","5567.50","5568.35"
"Tue Mar 25 2025 10:55:00 GMT+0530 (India Standard Time)","5568.35","5570.00","5551.00","5562.85"
"Tue Mar 25 2025 11:00:00 GMT+0530 (India Standard Time)","5562.85","5562.85","5536.70","5553.00"
"Tue Mar 25 2025 11:05:00 GMT+0530 (India Standard Time)","5553.00","5561.90","5545.25","5550.00"
"Tue Mar 25 2025 11:10:00 GMT+0530 (India Standard Time)","5550.00","5558.85","5545.40","5547.20"
"Tue Mar 25 2025 11:15:00 GMT+0530 (India Standard Time)","5547.20","5553.50","5535.10","5550.40"
"Tue Mar 25 2025 11:20:00 GMT+0530 (India Standard Time)","5550.40","5550.40","5533.00","5533.55"
"Tue Mar 25 2025 11:25:00 GMT+0530 (India Standard Time)","5534.00","5534.85","5509.80","5518.30"
"Tue Mar 25 2025 11:30:00 GMT+0530 (India Standard Time)","5518.30","5555.75","5513.40","5554.25"
"Tue Mar 25 2025 11:35:00 GMT+0530 (India Standard Time)","5554.25","5554.60","5540.05","5541.75"
"Tue Mar 25 2025 11:40:00 GMT+0530 (India Standard Time)","5541.75","5545.75","5525.00","5525.15"
"Tue Mar 25 2025 11:45:00 GMT+0530 (India Standard Time)","5525.15","5540.15","5524.00","5524.55"
"Tue Mar 25 2025 11:50:00 GMT+0530 (India Standard Time)","5524.55","5535.00","5514.00","5531.70"
"Tue Mar 25 2025 11:55:00 GMT+0530 (India Standard Time)","5531.70","5548.15","5526.10","5546.55"
"Tue Mar 25 2025 12:00:00 GMT+0530 (India Standard Time)","5546.55","5550.00","5530.45","5534.50"
"Tue Mar 25 2025 12:05:00 GMT+0530 (India Standard Time)","5534.50","5550.00","5526.50","5546.75"
"Tue Mar 25 2025 12:10:00 GMT+0530 (India Standard Time)","5546.75","5548.75","5530.00","5532.95"
"Tue Mar 25 2025 12:15:00 GMT+0530 (India Standard Time)","5532.00","5534.95","5522.35","5525.00"
"Tue Mar 25 2025 12:20:00 GMT+0530 (India Standard Time)","5525.00","5535.00","5523.00","5528.40"
"Tue Mar 25 2025 12:25:00 GMT+0530 (India Standard Time)","5528.40","5533.50","5525.00","5533.50"
"Tue Mar 25 2025 12:30:00 GMT+0530 (India Standard Time)","5533.50","5537.25","5526.75","5528.30"
"Tue Mar 25 2025 12:35:00 GMT+0530 (India Standard Time)","5528.30","5536.15","5525.00","5535.00"
"Tue Mar 25 2025 12:40:00 GMT+0530 (India Standard Time)","5535.00","5541.15","5530.45","5538.95"
"Tue Mar 25 2025 12:45:00 GMT+0530 (India Standard Time)","5539.15","5550.05","5530.05","5542.40"
"Tue Mar 25 2025 12:50:00 GMT+0530 (India Standard Time)","5542.40","5547.70","5531.80","5537.15"
"Tue Mar 25 2025 12:55:00 GMT+0530 (India Standard Time)","5536.10","5543.15","5535.00","5538.00"
"Tue Mar 25 2025 13:00:00 GMT+0530 (India Standard Time)","5538.00","5545.00","5530.00","5545.00"
"Tue Mar 25 2025 13:05:00 GMT+0530 (India Standard Time)","5545.00","5549.70","5541.00","5549.20"
"Tue Mar 25 2025 13:10:00 GMT+0530 (India Standard Time)","5549.20","5552.00","5530.00","5536.70"
"Tue Mar 25 2025 13:15:00 GMT+0530 (India Standard Time)","5536.70","5536.70","5518.00","5525.10"
"Tue Mar 25 2025 13:20:00 GMT+0530 (India Standard Time)","5525.10","5537.80","5521.55","5533.30"
"Tue Mar 25 2025 13:25:00 GMT+0530 (India Standard Time)","5533.30","5536.95","5523.55","5527.35"
"Tue Mar 25 2025 13:30:00 GMT+0530 (India Standard Time)","5527.35","5529.50","5518.80","5525.00"
"Tue Mar 25 2025 13:35:00 GMT+0530 (India Standard Time)","5525.95","5529.00","5520.00","5528.00"
"Tue Mar 25 2025 13:40:00 GMT+0530 (India Standard Time)","5528.00","5534.45","5525.05","5527.25"
"Tue Mar 25 2025 13:45:00 GMT+0530 (India Standard Time)","5527.30","5529.00","5520.00","5522.30"
"Tue Mar 25 2025 13:50:00 GMT+0530 (India Standard Time)","5520.35","5529.95","5520.00","5523.90"
"Tue Mar 25 2025 13:55:00 GMT+0530 (India Standard Time)","5523.35","5527.25","5522.10","5526.05"
"Tue Mar 25 2025 14:00:00 GMT+0530 (India Standard Time)","5526.00","5527.00","5518.10","5523.20"
"Tue Mar 25 2025 14:05:00 GMT+0530 (India Standard Time)","5523.20","5524.15","5518.00","5522.65"
"Tue Mar 25 2025 14:10:00 GMT+0530 (India Standard Time)","5521.00","5535.05","5521.00","5535.00"
"Tue Mar 25 2025 14:15:00 GMT+0530 (India Standard Time)","5535.00","5538.00","5528.00","5528.00"
"Tue Mar 25 2025 14:20:00 GMT+0530 (India Standard Time)","5528.00","5535.00","5521.05","5525.40"
"Tue Mar 25 2025 14:25:00 GMT+0530 (India Standard Time)","5525.40","5526.75","5518.00","5520.00"
"Tue Mar 25 2025 14:30:00 GMT+0530 (India Standard Time)","5518.20","5528.45","5518.20","5528.45"
"Tue Mar 25 2025 14:35:00 GMT+0530 (India Standard Time)","5528.45","5530.00","5524.45","5528.40"
"Tue Mar 25 2025 14:40:00 GMT+0530 (India Standard Time)","5528.40","5528.90","5518.00","5518.00"
"Tue Mar 25 2025 14:45:00 GMT+0530 (India Standard Time)","5520.20","5530.00","5515.15","5527.00"
"Tue Mar 25 2025 14:50:00 GMT+0530 (India Standard Time)","5527.00","5527.90","5510.00","5510.50"
"Tue Mar 25 2025 14:55:00 GMT+0530 (India Standard Time)","5510.50","5519.90","5510.00","5510.10"
"Tue Mar 25 2025 15:00:00 GMT+0530 (India Standard Time)","5511.00","5518.45","5507.00","5510.45"
"Tue Mar 25 2025 15:05:00 GMT+0530 (India Standard Time)","5510.45","5516.80","5510.45","5511.00"
"Tue Mar 25 2025 15:10:00 GMT+0530 (India Standard Time)","5511.05","5512.90","5490.50","5496.70"
"Tue Mar 25 2025 15:15:00 GMT+0530 (India Standard Time)","5498.00","5499.95","5490.00","5490.00"
"Tue Mar 25 2025 15:20:00 GMT+0530 (India Standard Time)","5491.55","5494.30","5486.10","5487.65"
"Tue Mar 25 2025 15:25:00 GMT+0530 (India Standard Time)","5487.65","5493.00","5479.00","5490.00"
"Wed Mar 26 2025 09:15:00 GMT+0530 (India Standard Time)","5520.00","5535.00","5498.00","5521.40"
"Wed Mar 26 2025 09:20:00 GMT+0530 (India Standard Time)","5527.40","5566.00","5517.45","5545.00"
"Wed Mar 26 2025 09:25:00 GMT+0530 (India Standard Time)","5545.00","5549.30","5531.00","5538.80"
"Wed Mar 26 2025 09:30:00 GMT+0530 (India Standard Time)","5538.80","5544.05","5531.00","5543.00"
"Wed Mar 26 2025 09:35:00 GMT+0530 (India Standard Time)","5547.00","5551.55","5540.00","5541.80"
"Wed Mar 26 2025 09:40:00 GMT+0530 (India Standard Time)","5541.80","5547.50","5497.15","5497.15"
"Wed Mar 26 2025 09:45:00 GMT+0530 (India Standard Time)","5499.10","5501.10","5474.90","5498.05"
"Wed Mar 26 2025 09:50:00 GMT+0530 (India Standard Time)","5498.20","5515.25","5494.35","5506.90"
"Wed Mar 26 2025 09:55:00 GMT+0530 (India Standard Time)","5506.90","5523.95","5503.35","5515.10"
"Wed Mar 26 2025 10:00:00 GMT+0530 (India Standard Time)","5515.10","5533.25","5515.00","5528.30"
"Wed Mar 26 2025 10:05:00 GMT+0530 (India Standard Time)","5525.00","5544.05","5515.60","5543.70"
"Wed Mar 26 2025 10:10:00 GMT+0530 (India Standard Time)","5543.75","5555.00","5538.95","5544.05"
"Wed Mar 26 2025 10:15:00 GMT+0530 (India Standard Time)","5545.00","5566.00","5535.40","5566.00"
"Wed Mar 26 2025 10:20:00 GMT+0530 (India Standard Time)","5565.35","5569.00","5550.00","5569.00"
"Wed Mar 26 2025 10:25:00 GMT+0530 (India Standard Time)","5565.95","5597.50","5565.45","5588.00"
"Wed Mar 26 2025 10:30:00 GMT+0530 (India Standard Time)","5588.00","5592.00","5578.05","5588.25"
"Wed Mar 26 2025 10:35:00 GMT+0530 (India Standard Time)","5588.25","5599.00","5580.00","5584.40"
"Wed Mar 26 2025 10:40:00 GMT+0530 (India Standard Time)","5584.40","5599.90","5580.55","5598.00"
"Wed Mar 26 2025 10:45:00 GMT+0530 (India Standard Time)","5598.00","5625.00","5597.90","5614.00"
"Wed Mar 26 2025 10:50:00 GMT+0530 (India Standard Time)","5614.00","5623.90","5602.00","5611.65"
"Wed Mar 26 2025 10:55:00 GMT+0530 (India Standard Time)","5614.50","5616.00","5607.00","5615.00"
"Wed Mar 26 2025 11:00:00 GMT+0530 (India Standard Time)","5615.00","5615.00","5585.10","5593.00"
"Wed Mar 26 2025 11:05:00 GMT+0530 (India Standard Time)","5593.00","5603.40","5591.40","5596.00"
"Wed Mar 26 2025 11:10:00 GMT+0530 (India Standard Time)","5596.00","5599.95","5586.35","5597.05"
"Wed Mar 26 2025 11:15:00 GMT+0530 (India Standard Time)","5597.05","5604.05","5592.05","5592.10"
"Wed Mar 26 2025 11:20:00 GMT+0530 (India Standard Time)","5592.10","5595.00","5587.10","5590.10"
"Wed Mar 26 2025 11:25:00 GMT+0530 (India Standard Time)","5590.10","5595.00","5586.35","5592.55"
"Wed Mar 26 2025 11:30:00 GMT+0530 (India Standard Time)","5592.20","5602.50","5592.00","5598.00"
"Wed Mar 26 2025 11:35:00 GMT+0530 (India Standard Time)","5598.00","5598.75","5592.00","5595.10"
"Wed Mar 26 2025 11:40:00 GMT+0530 (India Standard Time)","5595.10","5597.95","5587.40","5588.75"
"Wed Mar 26 2025 11:45:00 GMT+0530 (India Standard Time)","5588.75","5593.40","5582.25","5592.00"
"Wed Mar 26 2025 11:50:00 GMT+0530 (India Standard Time)","5592.00","5609.10","5588.00","5602.70"
"Wed Mar 26 2025 11:55:00 GMT+0530 (India Standard Time)","5602.70","5605.15","5585.50","5588.35"
"Wed Mar 26 2025 12:00:00 GMT+0530 (India Standard Time)","5588.35","5588.55","5570.00","5570.00"
"Wed Mar 26 2025 12:05:00 GMT+0530 (India Standard Time)","5570.00","5570.00","5539.85","5545.00"
"Wed Mar 26 2025 12:10:00 GMT+0530 (India Standard Time)","5545.00","5557.30","5545.00","5551.75"
"Wed Mar 26 2025 12:15:00 GMT+0530 (India Standard Time)","5551.75","5555.00","5550.00","5551.55"
"Wed Mar 26 2025 12:20:00 GMT+0530 (India Standard Time)","5551.55","5564.65","5548.80","5558.00"
"Wed Mar 26 2025 12:25:00 GMT+0530 (India Standard Time)","5558.00","5578.00","5556.30","5575.50"
"Wed Mar 26 2025 12:30:00 GMT+0530 (India Standard Time)","5575.50","5575.50","5557.35","5567.00"
"Wed Mar 26 2025 12:35:00 GMT+0530 (India Standard Time)","5567.00","5571.80","5565.00","5567.05"
"Wed Mar 26 2025 12:40:00 GMT+0530 (India Standard Time)","5567.05","5572.00","5566.00","5569.00"
"Wed Mar 26 2025 12:45:00 GMT+0530 (India Standard Time)","5569.90","5574.40","5567.85","5571.05"
"Wed Mar 26 2025 12:50:00 GMT+0530 (India Standard Time)","5573.00","5573.05","5568.40","5571.80"
"Wed Mar 26 2025 12:55:00 GMT+0530 (India Standard Time)","5571.80","5576.65","5570.00","5572.00"
"Wed Mar 26 2025 13:00:00 GMT+0530 (India Standard Time)","5572.00","5573.00","5562.25","5568.35"
"Wed Mar 26 2025 13:05:00 GMT+0530 (India Standard Time)","5568.35","5571.55","5561.80","5566.00"
"Wed Mar 26 2025 13:10:00 GMT+0530 (India Standard Time)","5566.00","5572.60","5560.80","5567.00"
"Wed Mar 26 2025 13:15:00 GMT+0530 (India Standard Time)","5567.00","5570.50","5556.95","5556.95"
"Wed Mar 26 2025 13:20:00 GMT+0530 (India Standard Time)","5556.95","5570.45","5556.95","5569.15"
"Wed Mar 26 2025 13:25:00 GMT+0530 (India Standard Time)","5569.15","5596.25","5567.15","5590.00"
"Wed Mar 26 2025 13:30:00 GMT+0530 (India Standard Time)","5590.00","5595.00","5587.75","5590.00"
"Wed Mar 26 2025 13:35:00 GMT+0530 (India Standard Time)","5590.00","5599.60","5590.00","5598.05"
"Wed Mar 26 2025 13:40:00 GMT+0530 (India Standard Time)","5599.60","5599.90","5573.00","5573.60"
"Wed Mar 26 2025 13:45:00 GMT+0530 (India Standard Time)","5573.60","5574.55","5560.50","5568.85"
"Wed Mar 26 2025 13:50:00 GMT+0530 (India Standard Time)","5568.85","5581.10","5568.00","5570.40"
"Wed Mar 26 2025 13:55:00 GMT+0530 (India Standard Time)","5574.00","5585.00","5572.15","5574.50"
"Wed Mar 26 2025 14:00:00 GMT+0530 (India Standard Time)","5574.50","5588.50","5574.50","5588.00"
"Wed Mar 26 2025 14:05:00 GMT+0530 (India Standard Time)","5588.00","5598.25","5583.50","5596.30"
"Wed Mar 26 2025 14:10:00 GMT+0530 (India Standard Time)","5596.30","5599.95","5588.00","5589.50"
"Wed Mar 26 2025 14:15:00 GMT+0530 (India Standard Time)","5590.00","5594.25","5580.20","5580.20"
"Wed Mar 26 2025 14:20:00 GMT+0530 (India Standard Time)","5580.20","5588.60","5580.20","5586.40"
"Wed Mar 26 2025 14:25:00 GMT+0530 (India Standard Time)","5583.80","5593.90","5583.80","5586.05"
"Wed Mar 26 2025 14:30:00 GMT+0530 (India Standard Time)","5586.05","5593.90","5583.00","5587.60"
"Wed Mar 26 2025 14:35:00 GMT+0530 (India Standard Time)","5587.60","5590.00","5580.70","5588.00"
"Wed Mar 26 2025 14:40:00 GMT+0530 (India Standard Time)","5588.00","5591.85","5581.10","5584.30"
"Wed Mar 26 2025 14:45:00 GMT+0530 (India Standard Time)","5584.30","5592.45","5584.30","5591.50"
"Wed Mar 26 2025 14:50:00 GMT+0530 (India Standard Time)","5591.50","5592.00","5575.75","5575.75"
"Wed Mar 26 2025 14:55:00 GMT+0530 (India Standard Time)","5577.50","5581.50","5563.80","5570.00"
"Wed Mar 26 2025 15:00:00 GMT+0530 (India Standard Time)","5572.10","5581.45","5562.70","5580.00"
"Wed Mar 26 2025 15:05:00 GMT+0530 (India Standard Time)","5575.95","5585.00","5567.55","5585.00"
"Wed Mar 26 2025 15:10:00 GMT+0530 (India Standard Time)","5583.45","5588.85","5570.30","5571.40"
"Wed Mar 26 2025 15:15:00 GMT+0530 (India Standard Time)","5571.40","5571.55","5559.70","5563.80"
"Wed Mar 26 2025 15:20:00 GMT+0530 (India Standard Time)","5563.75","5564.90","5556.80","5562.45"
"Wed Mar 26 2025 15:25:00 GMT+0530 (India Standard Time)","5562.45","5570.00","5545.50","5562.70"
"Thu Mar 27 2025 09:15:00 GMT+0530 (India Standard Time)","5500.00","5546.55","5425.00","5466.75"
"Thu Mar 27 2025 09:20:00 GMT+0530 (India Standard Time)","5471.60","5511.85","5462.35","5509.00"
"Thu Mar 27 2025 09:25:00 GMT+0530 (India Standard Time)","5509.00","5509.00","5466.85","5493.25"
"Thu Mar 27 2025 09:30:00 GMT+0530 (India Standard Time)","5492.80","5530.00","5472.00","5519.70"
"Thu Mar 27 2025 09:35:00 GMT+0530 (India Standard Time)","5519.70","5525.00","5500.60","5521.65"
"Thu Mar 27 2025 09:40:00 GMT+0530 (India Standard Time)","5521.65","5533.65","5506.40","5520.80"
"Thu Mar 27 2025 09:45:00 GMT+0530 (India Standard Time)","5520.80","5530.00","5500.00","5524.95"
"Thu Mar 27 2025 09:50:00 GMT+0530 (India Standard Time)","5524.95","5555.00","5520.00","5544.50"
"Thu Mar 27 2025 09:55:00 GMT+0530 (India Standard Time)","5544.50","5548.50","5529.05","5546.00"
"Thu Mar 27 2025 10:00:00 GMT+0530 (India Standard Time)","5546.00","5548.40","5538.25","5542.90"
"Thu Mar 27 2025 10:05:00 GMT+0530 (India Standard Time)","5542.90","5573.75","5540.20","5572.00"
"Thu Mar 27 2025 10:10:00 GMT+0530 (India Standard Time)","5572.00","5582.15","5561.00","5566.20"
"Thu Mar 27 2025 10:15:00 GMT+0530 (India Standard Time)","5566.20","5568.95","5547.00","5547.00"
"Thu Mar 27 2025 10:20:00 GMT+0530 (India Standard Time)","5547.00","5577.35","5546.10","5576.00"
"Thu Mar 27 2025 10:25:00 GMT+0530 (India Standard Time)","5576.00","5578.75","5568.00","5570.00"
"Thu Mar 27 2025 10:30:00 GMT+0530 (India Standard Time)","5570.00","5580.00","5551.60","5554.00"
"Thu Mar 27 2025 10:35:00 GMT+0530 (India Standard Time)","5554.00","5559.15","5550.00","5557.25"
"Thu Mar 27 2025 10:40:00 GMT+0530 (India Standard Time)","5557.25","5565.15","5549.10","5564.90"
"Thu Mar 27 2025 10:45:00 GMT+0530 (India Standard Time)","5564.90","5575.00","5558.40","5562.05"
"Thu Mar 27 2025 10:50:00 GMT+0530 (India Standard Time)","5562.05","5572.00","5561.00","5565.35"
"Thu Mar 27 2025 10:55:00 GMT+0530 (India Standard Time)","5565.35","5570.95","5561.05","5568.95"
"Thu Mar 27 2025 11:00:00 GMT+0530 (India Standard Time)","5566.65","5571.95","5562.70","5569.75"
"Thu Mar 27 2025 11:05:00 GMT+0530 (India Standard Time)","5569.75","5572.00","5564.20","5567.25"
"Thu Mar 27 2025 11:10:00 GMT+0530 (India Standard Time)","5568.00","5572.00","5567.25","5570.25"
"Thu Mar 27 2025 11:15:00 GMT+0530 (India Standard Time)","5570.25","5576.00","5561.35","5565.00"
"Thu Mar 27 2025 11:20:00 GMT+0530 (India Standard Time)","5565.00","5565.00","5545.55","5550.05"
"Thu Mar 27 2025 11:25:00 GMT+0530 (India Standard Time)","5550.05","5560.00","5550.05","5557.90"
"Thu Mar 27 2025 11:30:00 GMT+0530 (India Standard Time)","5557.90","5557.90","5550.25","5552.50"
"Thu Mar 27 2025 11:35:00 GMT+0530 (India Standard Time)","5552.50","5557.05","5551.95","5556.00"
"Thu Mar 27 2025 11:40:00 GMT+0530 (India Standard Time)","5556.00","5570.00","5555.80","5567.05"
"Thu Mar 27 2025 11:45:00 GMT+0530 (India Standard Time)","5567.05","5569.00","5561.25","5566.50"
"Thu Mar 27 2025 11:50:00 GMT+0530 (India Standard Time)","5566.50","5574.00","5564.15","5570.05"
"Thu Mar 27 2025 11:55:00 GMT+0530 (India Standard Time)","5570.05","5575.00","5567.90","5569.00"
"Thu Mar 27 2025 12:00:00 GMT+0530 (India Standard Time)","5570.45","5570.70","5557.80","5564.95"
"Thu Mar 27 2025 12:05:00 GMT+0530 (India Standard Time)","5564.30","5574.90","5564.30","5573.00"
"Thu Mar 27 2025 12:10:00 GMT+0530 (India Standard Time)","5573.00","5575.60","5563.45","5566.45"
"Thu Mar 27 2025 12:15:00 GMT+0530 (India Standard Time)","5566.45","5572.00","5563.25","5563.90"
"Thu Mar 27 2025 12:20:00 GMT+0530 (India Standard Time)","5563.90","5566.20","5556.95","5557.00"
"Thu Mar 27 2025 12:25:00 GMT+0530 (India Standard Time)","5557.00","5560.50","5555.00","5555.00"
"Thu Mar 27 2025 12:30:00 GMT+0530 (India Standard Time)","5555.00","5560.00","5542.25","5552.25"
"Thu Mar 27 2025 12:35:00 GMT+0530 (India Standard Time)","5552.25","5559.60","5547.10","5556.00"
"Thu Mar 27 2025 12:40:00 GMT+0530 (India Standard Time)","5556.25","5559.10","5553.25","5558.95"
"Thu Mar 27 2025 12:45:00 GMT+0530 (India Standard Time)","5558.95","5560.00","5550.05","5552.55"
"Thu Mar 27 2025 12:50:00 GMT+0530 (India Standard Time)","5552.55","5558.95","5541.60","5556.15"
"Thu Mar 27 2025 12:55:00 GMT+0530 (India Standard Time)","5556.15","5567.85","5556.00","5567.85"
"Thu Mar 27 2025 13:00:00 GMT+0530 (India Standard Time)","5567.85","5568.00","5563.05","5565.00"
"Thu Mar 27 2025 13:05:00 GMT+0530 (India Standard Time)","5565.00","5572.00","5554.60","5559.60"
"Thu Mar 27 2025 13:10:00 GMT+0530 (India Standard Time)","5559.60","5576.50","5551.50","5572.15"
"Thu Mar 27 2025 13:15:00 GMT+0530 (India Standard Time)","5572.15","5576.00","5565.00","5573.00"
"Thu Mar 27 2025 13:20:00 GMT+0530 (India Standard Time)","5573.00","5575.25","5562.90","5565.85"
"Thu Mar 27 2025 13:25:00 GMT+0530 (India Standard Time)","5563.60","5570.00","5562.00","5566.05"
"Thu Mar 27 2025 13:30:00 GMT+0530 (India Standard Time)","5566.05","5569.55","5560.00","5560.55"
"Thu Mar 27 2025 13:35:00 GMT+0530 (India Standard Time)","5560.55","5580.00","5560.55","5576.30"
"Thu Mar 27 2025 13:40:00 GMT+0530 (India Standard Time)","5576.30","5582.00","5570.00","5573.05"
"Thu Mar 27 2025 13:45:00 GMT+0530 (India Standard Time)","5573.05","5575.15","5560.55","5568.80"
"Thu Mar 27 2025 13:50:00 GMT+0530 (India Standard Time)","5568.80","5570.00","5535.00","5545.80"
"Thu Mar 27 2025 13:55:00 GMT+0530 (India Standard Time)","5545.80","5549.25","5525.00","5528.05"
"Thu Mar 27 2025 14:00:00 GMT+0530 (India Standard Time)","5528.05","5541.85","5525.10","5535.90"
"Thu Mar 27 2025 14:05:00 GMT+0530 (India Standard Time)","5532.40","5536.65","5520.00","5521.10"
"Thu Mar 27 2025 14:10:00 GMT+0530 (India Standard Time)","5521.15","5523.90","5514.00","5521.90"
"Thu Mar 27 2025 14:15:00 GMT+0530 (India Standard Time)","5519.20","5532.00","5515.00","5520.20"
"Thu Mar 27 2025 14:20:00 GMT+0530 (India Standard Time)","5520.65","5529.00","5520.65","5524.65"
"Thu Mar 27 2025 14:25:00 GMT+0530 (India Standard Time)","5524.65","5525.00","5511.00","5516.60"
"Thu Mar 27 2025 14:30:00 GMT+0530 (India Standard Time)","5516.60","5525.50","5490.00","5490.00"
"Thu Mar 27 2025 14:35:00 GMT+0530 (India Standard Time)","5490.00","5514.60","5447.65","5484.45"
"Thu Mar 27 2025 14:40:00 GMT+0530 (India Standard Time)","5489.35","5489.35","5414.05","5453.95"
"Thu Mar 27 2025 14:45:00 GMT+0530 (India Standard Time)","5453.95","5454.50","5410.00","5425.90"
"Thu Mar 27 2025 14:50:00 GMT+0530 (India Standard Time)","5425.90","5425.90","5401.00","5405.00"
"Thu Mar 27 2025 14:55:00 GMT+0530 (India Standard Time)","5405.00","5426.00","5404.15","5422.55"
"Thu Mar 27 2025 15:00:00 GMT+0530 (India Standard Time)","5427.70","5454.95","5403.00","5404.65"
"Thu Mar 27 2025 15:05:00 GMT+0530 (India Standard Time)","5404.65","5428.80","5400.00","5421.95"
"Thu Mar 27 2025 15:10:00 GMT+0530 (India Standard Time)","5425.00","5427.35","5412.05","5425.00"
"Thu Mar 27 2025 15:15:00 GMT+0530 (India Standard Time)","5425.00","5433.70","5411.45","5411.45"
"Thu Mar 27 2025 15:20:00 GMT+0530 (India Standard Time)","5411.55","5423.00","5411.25","5416.50"
"Thu Mar 27 2025 15:25:00 GMT+0530 (India Standard Time)","5416.50","5428.55","5410.00","5415.05"
"Fri Mar 28 2025 09:15:00 GMT+0530 (India Standard Time)","5398.05","5431.30","5350.10","5426.60"
"Fri Mar 28 2025 09:20:00 GMT+0530 (India Standard Time)","5423.50","5437.05","5370.00","5370.05"
"Fri Mar 28 2025 09:25:00 GMT+0530 (India Standard Time)","5370.05","5421.65","5360.00","5417.00"
"Fri Mar 28 2025 09:30:00 GMT+0530 (India Standard Time)","5419.05","5420.00","5380.00","5388.70"
"Fri Mar 28 2025 09:35:00 GMT+0530 (India Standard Time)","5389.30","5395.90","5366.30","5385.80"
"Fri Mar 28 2025 09:40:00 GMT+0530 (India Standard Time)","5385.80","5397.80","5372.70","5382.40"
"Fri Mar 28 2025 09:45:00 GMT+0530 (India Standard Time)","5385.00","5388.95","5369.50","5374.20"
"Fri Mar 28 2025 09:50:00 GMT+0530 (India Standard Time)","5373.45","5389.45","5364.00","5364.45"
"Fri Mar 28 2025 09:55:00 GMT+0530 (India Standard Time)","5364.55","5376.45","5355.00","5360.25"
"Fri Mar 28 2025 10:00:00 GMT+0530 (India Standard Time)","5360.25","5371.05","5350.00","5371.05"
"Fri Mar 28 2025 10:05:00 GMT+0530 (India Standard Time)","5371.05","5375.30","5348.00","5353.95"
"Fri Mar 28 2025 10:10:00 GMT+0530 (India Standard Time)","5353.00","5353.85","5343.00","5350.00"
"Fri Mar 28 2025 10:15:00 GMT+0530 (India Standard Time)","5348.70","5365.00","5345.50","5364.35"
"Fri Mar 28 2025 10:20:00 GMT+0530 (India Standard Time)","5364.35","5368.80","5353.05","5357.55"
"Fri Mar 28 2025 10:25:00 GMT+0530 (India Standard Time)","5357.55","5360.00","5348.60","5360.00"
"Fri Mar 28 2025 10:30:00 GMT+0530 (India Standard Time)","5360.00","5408.75","5360.00","5403.30"
"Fri Mar 28 2025 10:35:00 GMT+0530 (India Standard Time)","5402.15","5423.70","5395.00","5408.20"
"Fri Mar 28 2025 10:40:00 GMT+0530 (India Standard Time)","5408.20","5412.00","5389.45","5392.55"
"Fri Mar 28 2025 10:45:00 GMT+0530 (India Standard Time)","5392.55","5399.15","5388.95","5393.75"
"Fri Mar 28 2025 10:50:00 GMT+0530 (India Standard Time)","5392.45","5396.85","5379.95","5384.75"
"Fri Mar 28 2025 10:55:00 GMT+0530 (India Standard Time)","5384.75","5384.75","5340.05","5345.30"
"Fri Mar 28 2025 11:00:00 GMT+0530 (India Standard Time)","5345.30","5355.00","5338.00","5354.00"
"Fri Mar 28 2025 11:05:00 GMT+0530 (India Standard Time)","5353.55","5357.45","5325.75","5328.00"
"Fri Mar 28 2025 11:10:00 GMT+0530 (India Standard Time)","5328.00","5337.35","5325.00","5330.00"
"Fri Mar 28 2025 11:15:00 GMT+0530 (India Standard Time)","5330.00","5335.95","5325.00","5329.85"
"Fri Mar 28 2025 11:20:00 GMT+0530 (India Standard Time)","5331.70","5332.20","5317.95","5317.95"
"Fri Mar 28 2025 11:25:00 GMT+0530 (India Standard Time)","5317.95","5320.30","5310.00","5313.00"
"Fri Mar 28 2025 11:30:00 GMT+0530 (India Standard Time)","5313.00","5318.85","5290.00","5292.00"
"Fri Mar 28 2025 11:35:00 GMT+0530 (India Standard Time)","5292.00","5298.80","5282.00","5294.50"
"Fri Mar 28 2025 11:40:00 GMT+0530 (India Standard Time)","5294.50","5299.90","5283.30","5285.60"
"Fri Mar 28 2025 11:45:00 GMT+0530 (India Standard Time)","5283.70","5286.00","5254.00","5269.00"
"Fri Mar 28 2025 11:50:00 GMT+0530 (India Standard Time)","5269.00","5279.75","5262.85","5276.85"
"Fri Mar 28 2025 11:55:00 GMT+0530 (India Standard Time)","5276.85","5276.85","5252.00","5258.90"
"Fri Mar 28 2025 12:00:00 GMT+0530 (India Standard Time)","5259.90","5271.40","5258.70","5265.00"
"Fri Mar 28 2025 12:05:00 GMT+0530 (India Standard Time)","5265.00","5276.90","5262.75","5271.00"
"Fri Mar 28 2025 12:10:00 GMT+0530 (India Standard Time)","5271.00","5271.00","5258.10","5261.00"
"Fri Mar 28 2025 12:15:00 GMT+0530 (India Standard Time)","5261.00","5261.40","5250.00","5252.65"
"Fri Mar 28 2025 12:20:00 GMT+0530 (India Standard Time)","5253.45","5253.95","5235.60","5249.20"
"Fri Mar 28 2025 12:25:00 GMT+0530 (India Standard Time)","5249.20","5256.60","5244.55","5253.00"
"Fri Mar 28 2025 12:30:00 GMT+0530 (India Standard Time)","5255.00","5255.00","5244.00","5248.45"
"Fri Mar 28 2025 12:35:00 GMT+0530 (India Standard Time)","5247.40","5254.80","5245.00","5248.25"
"Fri Mar 28 2025 12:40:00 GMT+0530 (India Standard Time)","5248.25","5248.25","5240.00","5240.20"
"Fri Mar 28 2025 12:45:00 GMT+0530 (India Standard Time)","5241.60","5241.60","5231.00","5237.55"
"Fri Mar 28 2025 12:50:00 GMT+0530 (India Standard Time)","5237.10","5256.65","5234.65","5255.45"
"Fri Mar 28 2025 12:55:00 GMT+0530 (India Standard Time)","5255.45","5260.00","5253.05","5257.85"
"Fri Mar 28 2025 13:00:00 GMT+0530 (India Standard Time)","5256.00","5257.85","5246.35","5246.60"
"Fri Mar 28 2025 13:05:00 GMT+0530 (India Standard Time)","5246.85","5254.95","5245.20","5249.80"
"Fri Mar 28 2025 13:10:00 GMT+0530 (India Standard Time)","5249.80","5250.00","5241.05","5250.00"
"Fri Mar 28 2025 13:15:00 GMT+0530 (India Standard Time)","5250.00","5250.00","5240.00","5240.95"
"Fri Mar 28 2025 13:20:00 GMT+0530 (India Standard Time)","5238.10","5248.15","5232.05","5245.85"
"Fri Mar 28 2025 13:25:00 GMT+0530 (India Standard Time)","5245.85","5250.00","5241.10","5246.00"
"Fri Mar 28 2025 13:30:00 GMT+0530 (India Standard Time)","5246.00","5250.00","5240.00","5249.10"
"Fri Mar 28 2025 13:35:00 GMT+0530 (India Standard Time)","5249.10","5249.10","5240.00","5245.00"
"Fri Mar 28 2025 13:40:00 GMT+0530 (India Standard Time)","5241.70","5248.80","5240.45","5247.45"
"Fri Mar 28 2025 13:45:00 GMT+0530 (India Standard Time)","5247.45","5248.05","5236.00","5242.10"
"Fri Mar 28 2025 13:50:00 GMT+0530 (India Standard Time)","5242.25","5246.25","5231.00","5235.00"
"Fri Mar 28 2025 13:55:00 GMT+0530 (India Standard Time)","5235.00","5238.00","5230.00","5231.25"
"Fri Mar 28 2025 14:00:00 GMT+0530 (India Standard Time)","5231.20","5231.45","5217.00","5224.50"
"Fri Mar 28 2025 14:05:00 GMT+0530 (India Standard Time)","5224.90","5225.65","5214.05","5221.05"
"Fri Mar 28 2025 14:10:00 GMT+0530 (India Standard Time)","5221.05","5238.95","5220.25","5238.95"
"Fri Mar 28 2025 14:15:00 GMT+0530 (India Standard Time)","5238.95","5245.45","5231.10","5244.80"
"Fri Mar 28 2025 14:20:00 GMT+0530 (India Standard Time)","5244.80","5250.00","5239.30","5249.00"
"Fri Mar 28 2025 14:25:00 GMT+0530 (India Standard Time)","5248.80","5256.90","5246.50","5256.90"
"Fri Mar 28 2025 14:30:00 GMT+0530 (India Standard Time)","5256.90","5256.90","5243.00","5245.75"
"Fri Mar 28 2025 14:35:00 GMT+0530 (India Standard Time)","5245.75","5257.90","5243.40","5257.85"
"Fri Mar 28 2025 14:40:00 GMT+0530 (India Standard Time)","5257.85","5264.00","5253.50","5261.70"
"Fri Mar 28 2025 14:45:00 GMT+0530 (India Standard Time)","5260.60","5262.60","5244.05","5248.00"
"Fri Mar 28 2025 14:50:00 GMT+0530 (India Standard Time)","5247.15","5257.50","5247.15","5248.00"
"Fri Mar 28 2025 14:55:00 GMT+0530 (India Standard Time)","5246.65","5267.00","5245.50","5253.00"
"Fri Mar 28 2025 15:00:00 GMT+0530 (India Standard Time)","5252.75","5253.20","5226.00","5229.00"
"Fri Mar 28 2025 15:05:00 GMT+0530 (India Standard Time)","5230.00","5230.45","5221.00","5221.55"
"Fri Mar 28 2025 15:10:00 GMT+0530 (India Standard Time)","5222.50","5227.25","5214.95","5214.95"
"Fri Mar 28 2025 15:15:00 GMT+0530 (India Standard Time)","5214.95","5217.10","5205.35","5213.15"
"Fri Mar 28 2025 15:20:00 GMT+0530 (India Standard Time)","5212.65","5214.00","5204.40","5209.00"
"Fri Mar 28 2025 15:25:00 GMT+0530 (India Standard Time)","5210.30","5210.30","5200.00","5200.30"
"Tue Apr 01 2025 09:15:00 GMT+0530 (India Standard Time)","5195.60","5195.60","5145.00","5154.80"
"Tue Apr 01 2025 09:20:00 GMT+0530 (India Standard Time)","5150.00","5166.80","5112.00","5113.05"
"Tue Apr 01 2025 09:25:00 GMT+0530 (India Standard Time)","5113.40","5155.35","5084.10","5149.00"
"Tue Apr 01 2025 09:30:00 GMT+0530 (India Standard Time)","5148.00","5173.15","5139.15","5166.20"
"Tue Apr 01 2025 09:35:00 GMT+0530 (India Standard Time)","5166.20","5188.30","5160.00","5177.15"
"Tue Apr 01 2025 09:40:00 GMT+0530 (India Standard Time)","5177.15","5187.35","5167.65","5178.00"
"Tue Apr 01 2025 09:45:00 GMT+0530 (India Standard Time)","5178.00","5199.00","5170.00","5185.00"
"Tue Apr 01 2025 09:50:00 GMT+0530 (India Standard Time)","5185.00","5185.00","5165.05","5175.55"
"Tue Apr 01 2025 09:55:00 GMT+0530 (India Standard Time)","5175.55","5180.00","5162.00","5174.40"
"Tue Apr 01 2025 10:00:00 GMT+0530 (India Standard Time)","5174.40","5179.20","5132.00","5135.00"
"Tue Apr 01 2025 10:05:00 GMT+0530 (India Standard Time)","5135.00","5139.20","5124.50","5132.95"
"Tue Apr 01 2025 10:10:00 GMT+0530 (India Standard Time)","5132.95","5134.90","5118.80","5119.30"
"Tue Apr 01 2025 10:15:00 GMT+0530 (India Standard Time)","5121.80","5143.90","5115.60","5129.00"
"Tue Apr 01 2025 10:20:00 GMT+0530 (India Standard Time)","5129.00","5146.15","5120.50","5122.00"
"Tue Apr 01 2025 10:25:00 GMT+0530 (India Standard Time)","5122.00","5124.60","5100.00","5103.20"
"Tue Apr 01 2025 10:30:00 GMT+0530 (India Standard Time)","5103.60","5109.50","5101.50","5107.00"
"Tue Apr 01 2025 10:35:00 GMT+0530 (India Standard Time)","5107.00","5120.15","5103.00","5117.35"
"Tue Apr 01 2025 10:40:00 GMT+0530 (India Standard Time)","5120.00","5120.10","5111.00","5117.20"
"Tue Apr 01 2025 10:45:00 GMT+0530 (India Standard Time)","5116.10","5124.90","5111.45","5112.50"
"Tue Apr 01 2025 10:50:00 GMT+0530 (India Standard Time)","5113.70","5138.45","5110.85","5130.35"
"Tue Apr 01 2025 10:55:00 GMT+0530 (India Standard Time)","5130.35","5130.35","5110.00","5112.00"
"Tue Apr 01 2025 11:00:00 GMT+0530 (India Standard Time)","5112.00","5115.00","5091.00","5094.90"
"Tue Apr 01 2025 11:05:00 GMT+0530 (India Standard Time)","5094.90","5113.80","5092.00","5096.00"
"Tue Apr 01 2025 11:10:00 GMT+0530 (India Standard Time)","5096.00","5100.65","5053.00","5062.20"
"Tue Apr 01 2025 11:15:00 GMT+0530 (India Standard Time)","5062.20","5075.00","5062.20","5071.10"
"Tue Apr 01 2025 11:20:00 GMT+0530 (India Standard Time)","5069.90","5089.75","5062.75","5078.80"
"Tue Apr 01 2025 11:25:00 GMT+0530 (India Standard Time)","5077.00","5080.00","5046.60","5049.00"
"Tue Apr 01 2025 11:30:00 GMT+0530 (India Standard Time)","5049.00","5055.00","5046.00","5052.10"
"Tue Apr 01 2025 11:35:00 GMT+0530 (India Standard Time)","5054.75","5055.70","5042.00","5052.65"
"Tue Apr 01 2025 11:40:00 GMT+0530 (India Standard Time)","5052.65","5060.00","5052.35","5059.50"
"Tue Apr 01 2025 11:45:00 GMT+0530 (India Standard Time)","5059.50","5061.00","5052.60","5057.50"
"Tue Apr 01 2025 11:50:00 GMT+0530 (India Standard Time)","5057.50","5065.00","5057.00","5059.65"
"Tue Apr 01 2025 11:55:00 GMT+0530 (India Standard Time)","5059.65","5082.90","5057.55","5079.95"
"Tue Apr 01 2025 12:00:00 GMT+0530 (India Standard Time)","5079.95","5081.70","5062.05","5068.45"
"Tue Apr 01 2025 12:05:00 GMT+0530 (India Standard Time)","5068.45","5072.45","5065.35","5070.00"
"Tue Apr 01 2025 12:10:00 GMT+0530 (India Standard Time)","5070.15","5092.40","5070.15","5087.30"
"Tue Apr 01 2025 12:15:00 GMT+0530 (India Standard Time)","5087.30","5096.95","5085.05","5091.25"
"Tue Apr 01 2025 12:20:00 GMT+0530 (India Standard Time)","5091.25","5095.50","5074.50","5095.50"
"Tue Apr 01 2025 12:25:00 GMT+0530 (India Standard Time)","5095.50","5096.60","5088.45","5094.00"
"Tue Apr 01 2025 12:30:00 GMT+0530 (India Standard Time)","5092.00","5108.05","5090.05","5103.45"
"Tue Apr 01 2025 12:35:00 GMT+0530 (India Standard Time)","5103.45","5109.95","5093.90","5105.45"
"Tue Apr 01 2025 12:40:00 GMT+0530 (India Standard Time)","5105.45","5108.50","5100.85","5104.05"
"Tue Apr 01 2025 12:45:00 GMT+0530 (India Standard Time)","5104.05","5108.40","5103.10","5103.55"
"Tue Apr 01 2025 12:50:00 GMT+0530 (India Standard Time)","5106.15","5106.80","5096.60","5100.80"
"Tue Apr 01 2025 12:55:00 GMT+0530 (India Standard Time)","5100.80","5100.80","5084.10","5086.30"
"Tue Apr 01 2025 13:00:00 GMT+0530 (India Standard Time)","5086.30","5090.75","5081.95","5087.00"
"Tue Apr 01 2025 13:05:00 GMT+0530 (India Standard Time)","5087.00","5090.30","5070.00","5073.40"
"Tue Apr 01 2025 13:10:00 GMT+0530 (India Standard Time)","5072.50","5075.90","5063.95","5065.90"
"Tue Apr 01 2025 13:15:00 GMT+0530 (India Standard Time)","5065.90","5081.35","5065.90","5070.00"
"Tue Apr 01 2025 13:20:00 GMT+0530 (India Standard Time)","5070.00","5076.05","5066.55","5072.00"
"Tue Apr 01 2025 13:25:00 GMT+0530 (India Standard Time)","5072.00","5072.65","5058.00","5059.00"
"Tue Apr 01 2025 13:30:00 GMT+0530 (India Standard Time)","5059.00","5070.70","5055.90","5070.70"
"Tue Apr 01 2025 13:35:00 GMT+0530 (India Standard Time)","5070.70","5073.00","5067.75","5072.00"
"Tue Apr 01 2025 13:40:00 GMT+0530 (India Standard Time)","5072.00","5083.40","5067.10","5073.45"
"Tue Apr 01 2025 13:45:00 GMT+0530 (India Standard Time)","5073.45","5081.80","5073.00","5078.85"
"Tue Apr 01 2025 13:50:00 GMT+0530 (India Standard Time)","5078.85","5081.10","5075.25","5081.10"
"Tue Apr 01 2025 13:55:00 GMT+0530 (India Standard Time)","5081.10","5081.10","5071.65","5075.80"
"Tue Apr 01 2025 14:00:00 GMT+0530 (India Standard Time)","5075.70","5082.70","5075.00","5082.70"
"Tue Apr 01 2025 14:05:00 GMT+0530 (India Standard Time)","5082.70","5082.70","5072.25","5078.80"
"Tue Apr 01 2025 14:10:00 GMT+0530 (India Standard Time)","5078.80","5083.70","5078.00","5081.40"
"Tue Apr 01 2025 14:15:00 GMT+0530 (India Standard Time)","5081.40","5081.65","5065.75","5072.00"
"Tue Apr 01 2025 14:20:00 GMT+0530 (India Standard Time)","5067.25","5072.15","5065.00","5068.60"
"Tue Apr 01 2025 14:25:00 GMT+0530 (India Standard Time)","5069.20","5074.35","5065.00","5073.20"
"Tue Apr 01 2025 14:30:00 GMT+0530 (India Standard Time)","5071.15","5074.65","5067.00","5068.75"
"Tue Apr 01 2025 14:35:00 GMT+0530 (India Standard Time)","5070.80","5074.55","5065.00","5068.75"
"Tue Apr 01 2025 14:40:00 GMT+0530 (India Standard Time)","5068.75","5076.60","5066.00","5076.00"
"Tue Apr 01 2025 14:45:00 GMT+0530 (India Standard Time)","5076.00","5078.15","5060.50","5069.00"
"Tue Apr 01 2025 14:50:00 GMT+0530 (India Standard Time)","5069.00","5078.75","5069.00","5078.75"
"Tue Apr 01 2025 14:55:00 GMT+0530 (India Standard Time)","5075.55","5078.85","5068.00","5078.40"
"Tue Apr 01 2025 15:00:00 GMT+0530 (India Standard Time)","5076.15","5078.85","5070.55","5075.15"
"Tue Apr 01 2025 15:05:00 GMT+0530 (India Standard Time)","5075.15","5080.00","5074.55","5077.90"
"Tue Apr 01 2025 15:10:00 GMT+0530 (India Standard Time)","5076.55","5079.90","5073.65","5075.15"
"Tue Apr 01 2025 15:15:00 GMT+0530 (India Standard Time)","5078.90","5079.80","5063.00","5073.30"
"Tue Apr 01 2025 15:20:00 GMT+0530 (India Standard Time)","5073.30","5074.15","5060.50","5061.25"
"Tue Apr 01 2025 15:25:00 GMT+0530 (India Standard Time)","5063.00","5063.00","5056.00","5060.80"
"Wed Apr 02 2025 09:15:00 GMT+0530 (India Standard Time)","5092.15","5098.55","5058.65","5058.65"
"Wed Apr 02 2025 09:20:00 GMT+0530 (India Standard Time)","5060.40","5063.50","5044.35","5059.00"
"Wed Apr 02 2025 09:25:00 GMT+0530 (India Standard Time)","5059.95","5109.15","5059.55","5094.50"
"Wed Apr 02 2025 09:30:00 GMT+0530 (India Standard Time)","5094.50","5123.45","5091.40","5117.70"
"Wed Apr 02 2025 09:35:00 GMT+0530 (India Standard Time)","5120.80","5121.00","5098.00","5114.40"
"Wed Apr 02 2025 09:40:00 GMT+0530 (India Standard Time)","5114.35","5119.90","5105.15","5110.45"
"Wed Apr 02 2025 09:45:00 GMT+0530 (India Standard Time)","5110.00","5113.45","5090.25","5090.90"
"Wed Apr 02 2025 09:50:00 GMT+0530 (India Standard Time)","5090.90","5095.55","5084.00","5089.50"
"Wed Apr 02 2025 09:55:00 GMT+0530 (India Standard Time)","5089.45","5099.00","5080.00","5095.10"
"Wed Apr 02 2025 10:00:00 GMT+0530 (India Standard Time)","5096.90","5099.90","5089.20","5095.95"
"Wed Apr 02 2025 10:05:00 GMT+0530 (India Standard Time)","5095.95","5099.25","5080.55","5089.00"
"Wed Apr 02 2025 10:10:00 GMT+0530 (India Standard Time)","5089.00","5096.90","5070.00","5082.90"
"Wed Apr 02 2025 10:15:00 GMT+0530 (India Standard Time)","5082.65","5089.95","5079.40","5082.90"
"Wed Apr 02 2025 10:20:00 GMT+0530 (India Standard Time)","5082.90","5083.30","5071.55","5078.55"
"Wed Apr 02 2025 10:25:00 GMT+0530 (India Standard Time)","5078.55","5085.00","5072.15","5084.95"
"Wed Apr 02 2025 10:30:00 GMT+0530 (India Standard Time)","5084.95","5092.80","5082.00","5092.15"
"Wed Apr 02 2025 10:35:00 GMT+0530 (India Standard Time)","5092.15","5092.80","5086.50","5090.00"
"Wed Apr 02 2025 10:40:00 GMT+0530 (India Standard Time)","5087.80","5107.10","5087.80","5104.95"
"Wed Apr 02 2025 10:45:00 GMT+0530 (India Standard Time)","5105.10","5107.75","5098.55","5106.90"
"Wed Apr 02 2025 10:50:00 GMT+0530 (India Standard Time)","5106.70","5114.95","5104.35","5112.00"
"Wed Apr 02 2025 10:55:00 GMT+0530 (India Standard Time)","5112.00","5131.95","5106.45","5131.95"
"Wed Apr 02 2025 11:00:00 GMT+0530 (India Standard Time)","5132.90","5132.90","5125.00","5128.00"
"Wed Apr 02 2025 11:05:00 GMT+0530 (India Standard Time)","5127.30","5149.60","5122.90","5134.75"
"Wed Apr 02 2025 11:10:00 GMT+0530 (India Standard Time)","5130.50","5136.35","5120.00","5120.05"
"Wed Apr 02 2025 11:15:00 GMT+0530 (India Standard Time)","5121.45","5124.95","5101.00","5106.05"
"Wed Apr 02 2025 11:20:00 GMT+0530 (India Standard Time)","5106.05","5127.45","5104.10","5124.45"
"Wed Apr 02 2025 11:25:00 GMT+0530 (India Standard Time)","5124.45","5164.60","5124.45","5162.00"
"Wed Apr 02 2025 11:30:00 GMT+0530 (India Standard Time)","5162.00","5184.00","5160.05","5183.95"
"Wed Apr 02 2025 11:35:00 GMT+0530 (India Standard Time)","5184.00","5190.00","5179.00","5187.80"
"Wed Apr 02 2025 11:40:00 GMT+0530 (India Standard Time)","5187.80","5189.95","5171.40","5178.00"
"Wed Apr 02 2025 11:45:00 GMT+0530 (India Standard Time)","5174.65","5188.95","5173.75","5184.35"
"Wed Apr 02 2025 11:50:00 GMT+0530 (India Standard Time)","5184.35","5186.90","5174.65","5177.00"
"Wed Apr 02 2025 11:55:00 GMT+0530 (India Standard Time)","5177.00","5208.00","5174.25","5201.50"
"Wed Apr 02 2025 12:00:00 GMT+0530 (India Standard Time)","5201.50","5222.00","5201.00","5215.85"
"Wed Apr 02 2025 12:05:00 GMT+0530 (India Standard Time)","5215.85","5216.85","5200.00","5207.50"
"Wed Apr 02 2025 12:10:00 GMT+0530 (India Standard Time)","5207.50","5211.50","5200.50","5201.50"
"Wed Apr 02 2025 12:15:00 GMT+0530 (India Standard Time)","5203.50","5207.40","5199.80","5199.90"
"Wed Apr 02 2025 12:20:00 GMT+0530 (India Standard Time)","5199.90","5204.00","5196.45","5204.00"
"Wed Apr 02 2025 12:25:00 GMT+0530 (India Standard Time)","5204.00","5207.00","5197.05","5202.55"
"Wed Apr 02 2025 12:30:00 GMT+0530 (India Standard Time)","5202.55","5207.90","5200.20","5202.05"
"Wed Apr 02 2025 12:35:00 GMT+0530 (India Standard Time)","5201.95","5210.00","5200.50","5206.65"
"Wed Apr 02 2025 12:40:00 GMT+0530 (India Standard Time)","5207.90","5211.00","5205.10","5205.65"
"Wed Apr 02 2025 12:45:00 GMT+0530 (India Standard Time)","5205.65","5213.75","5203.80","5210.35"
"Wed Apr 02 2025 12:50:00 GMT+0530 (India Standard Time)","5210.35","5210.35","5192.00","5194.40"
"Wed Apr 02 2025 12:55:00 GMT+0530 (India Standard Time)","5194.40","5201.50","5192.25","5201.50"
"Wed Apr 02 2025 13:00:00 GMT+0530 (India Standard Time)","5203.10","5204.65","5195.00","5198.00"
"Wed Apr 02 2025 13:05:00 GMT+0530 (India Standard Time)","5198.00","5217.95","5196.10","5217.95"
"Wed Apr 02 2025 13:10:00 GMT+0530 (India Standard Time)","5217.75","5221.95","5207.10","5211.70"
"Wed Apr 02 2025 13:15:00 GMT+0530 (India Standard Time)","5211.70","5217.85","5205.15","5209.05"
"Wed Apr 02 2025 13:20:00 GMT+0530 (India Standard Time)","5210.00","5219.00","5204.20","5208.45"
"Wed Apr 02 2025 13:25:00 GMT+0530 (India Standard Time)","5208.45","5228.00","5206.80","5223.00"
"Wed Apr 02 2025 13:30:00 GMT+0530 (India Standard Time)","5223.00","5229.90","5218.90","5218.90"
"Wed Apr 02 2025 13:35:00 GMT+0530 (India Standard Time)","5218.90","5220.50","5212.10","5212.10"
"Wed Apr 02 2025 13:40:00 GMT+0530 (India Standard Time)","5212.10","5220.00","5209.90","5210.85"
"Wed Apr 02 2025 13:45:00 GMT+0530 (India Standard Time)","5210.85","5218.00","5207.65","5213.00"
"Wed Apr 02 2025 13:50:00 GMT+0530 (India Standard Time)","5213.00","5215.00","5207.35","5210.70"
"Wed Apr 02 2025 13:55:00 GMT+0530 (India Standard Time)","5210.95","5215.80","5208.50","5215.75"
"Wed Apr 02 2025 14:00:00 GMT+0530 (India Standard Time)","5215.65","5220.00","5211.70","5214.05"
"Wed Apr 02 2025 14:05:00 GMT+0530 (India Standard Time)","5214.05","5217.30","5205.00","5210.00"
"Wed Apr 02 2025 14:10:00 GMT+0530 (India Standard Time)","5210.00","5210.00","5201.25","5203.60"
"Wed Apr 02 2025 14:15:00 GMT+0530 (India Standard Time)","5204.00","5210.00","5201.85","5207.50"
"Wed Apr 02 2025 14:20:00 GMT+0530 (India Standard Time)","5209.15","5219.00","5207.50","5218.95"
"Wed Apr 02 2025 14:25:00 GMT+0530 (India Standard Time)","5218.75","5219.00","5213.00","5217.55"
"Wed Apr 02 2025 14:30:00 GMT+0530 (India Standard Time)","5215.05","5217.00","5210.00","5212.10"
"Wed Apr 02 2025 14:35:00 GMT+0530 (India Standard Time)","5212.10","5224.10","5212.10","5214.00"
"Wed Apr 02 2025 14:40:00 GMT+0530 (India Standard Time)","5214.00","5220.30","5209.70","5214.85"
"Wed Apr 02 2025 14:45:00 GMT+0530 (India Standard Time)","5218.35","5221.10","5213.75","5221.10"
"Wed Apr 02 2025 14:50:00 GMT+0530 (India Standard Time)","5221.10","5224.00","5210.30","5213.30"
"Wed Apr 02 2025 14:55:00 GMT+0530 (India Standard Time)","5213.30","5219.05","5210.00","5219.05"
"Wed Apr 02 2025 15:00:00 GMT+0530 (India Standard Time)","5217.05","5231.65","5217.05","5229.95"
"Wed Apr 02 2025 15:05:00 GMT+0530 (India Standard Time)","5230.00","5234.90","5228.00","5233.40"
"Wed Apr 02 2025 15:10:00 GMT+0530 (India Standard Time)","5233.40","5234.90","5222.00","5226.05"
"Wed Apr 02 2025 15:15:00 GMT+0530 (India Standard Time)","5226.05","5234.95","5226.05","5231.65"
"Wed Apr 02 2025 15:20:00 GMT+0530 (India Standard Time)","5231.60","5237.10","5227.00","5231.25"
"Wed Apr 02 2025 15:25:00 GMT+0530 (India Standard Time)","5231.25","5238.20","5221.10","5224.95"
"Thu Apr 03 2025 09:15:00 GMT+0530 (India Standard Time)","5180.00","5190.00","5111.45","5171.05"
"Thu Apr 03 2025 09:20:00 GMT+0530 (India Standard Time)","5166.25","5190.00","5140.00","5178.00"
"Thu Apr 03 2025 09:25:00 GMT+0530 (India Standard Time)","5178.00","5205.00","5176.40","5194.45"
"Thu Apr 03 2025 09:30:00 GMT+0530 (India Standard Time)","5193.70","5199.45","5155.00","5177.90"
"Thu Apr 03 2025 09:35:00 GMT+0530 (India Standard Time)","5177.90","5187.35","5158.00","5165.05"
"Thu Apr 03 2025 09:40:00 GMT+0530 (India Standard Time)","5164.95","5176.95","5158.60","5176.70"
"Thu Apr 03 2025 09:45:00 GMT+0530 (India Standard Time)","5176.70","5180.00","5136.25","5141.45"
"Thu Apr 03 2025 09:50:00 GMT+0530 (India Standard Time)","5141.45","5168.50","5136.95","5153.90"
"Thu Apr 03 2025 09:55:00 GMT+0530 (India Standard Time)","5153.80","5173.00","5144.95","5173.00"
"Thu Apr 03 2025 10:00:00 GMT+0530 (India Standard Time)","5173.00","5179.30","5167.40","5178.00"
"Thu Apr 03 2025 10:05:00 GMT+0530 (India Standard Time)","5178.00","5194.95","5173.05","5190.45"
"Thu Apr 03 2025 10:10:00 GMT+0530 (India Standard Time)","5188.00","5221.00","5187.10","5220.15"
"Thu Apr 03 2025 10:15:00 GMT+0530 (India Standard Time)","5220.00","5225.00","5196.60","5206.20"
"Thu Apr 03 2025 10:20:00 GMT+0530 (India Standard Time)","5206.20","5210.00","5200.00","5209.60"
"Thu Apr 03 2025 10:25:00 GMT+0530 (India Standard Time)","5209.60","5217.10","5204.75","5206.05"
"Thu Apr 03 2025 10:30:00 GMT+0530 (India Standard Time)","5206.05","5208.75","5201.50","5205.00"
"Thu Apr 03 2025 10:35:00 GMT+0530 (India Standard Time)","5206.50","5211.35","5200.05","5201.65"
"Thu Apr 03 2025 10:40:00 GMT+0530 (India Standard Time)","5201.65","5221.00","5200.00","5221.00"
"Thu Apr 03 2025 10:45:00 GMT+0530 (India Standard Time)","5218.35","5224.90","5209.85","5224.90"
"Thu Apr 03 2025 10:50:00 GMT+0530 (India Standard Time)","5224.90","5232.60","5218.00","5230.45"
"Thu Apr 03 2025 10:55:00 GMT+0530 (India Standard Time)","5230.45","5244.55","5227.70","5239.00"
"Thu Apr 03 2025 11:00:00 GMT+0530 (India Standard Time)","5239.00","5240.00","5215.00","5218.30"
"Thu Apr 03 2025 11:05:00 GMT+0530 (India Standard Time)","5218.30","5220.00","5210.75","5220.00"
"Thu Apr 03 2025 11:10:00 GMT+0530 (India Standard Time)","5220.00","5220.00","5215.00","5215.80"
"Thu Apr 03 2025 11:15:00 GMT+0530 (India Standard Time)","5219.00","5222.90","5215.00","5219.00"
"Thu Apr 03 2025 11:20:00 GMT+0530 (India Standard Time)","5219.00","5219.00","5205.20","5215.10"
"Thu Apr 03 2025 11:25:00 GMT+0530 (India Standard Time)","5215.10","5227.15","5215.10","5227.15"
"Thu Apr 03 2025 11:30:00 GMT+0530 (India Standard Time)","5227.15","5227.15","5207.60","5214.30"
"Thu Apr 03 2025 11:35:00 GMT+0530 (India Standard Time)","5214.30","5216.70","5209.00","5211.00"
"Thu Apr 03 2025 11:40:00 GMT+0530 (India Standard Time)","5211.00","5214.80","5199.90","5212.90"
"Thu Apr 03 2025 11:45:00 GMT+0530 (India Standard Time)","5212.90","5218.45","5212.85","5214.15"
"Thu Apr 03 2025 11:50:00 GMT+0530 (India Standard Time)","5214.15","5221.90","5214.15","5221.50"
"Thu Apr 03 2025 11:55:00 GMT+0530 (India Standard Time)","5221.50","5221.90","5201.50","5206.35"
"Thu Apr 03 2025 12:00:00 GMT+0530 (India Standard Time)","5206.35","5210.00","5195.50","5200.00"
"Thu Apr 03 2025 12:05:00 GMT+0530 (India Standard Time)","5200.00","5201.50","5194.00","5195.75"
"Thu Apr 03 2025 12:10:00 GMT+0530 (India Standard Time)","5195.75","5200.00","5185.75","5188.95"
"Thu Apr 03 2025 12:15:00 GMT+0530 (India Standard Time)","5190.35","5208.75","5189.30","5206.15"
"Thu Apr 03 2025 12:20:00 GMT+0530 (India Standard Time)","5206.15","5207.35","5199.30","5203.45"
"Thu Apr 03 2025 12:25:00 GMT+0530 (India Standard Time)","5205.00","5208.95","5202.30","5204.60"
"Thu Apr 03 2025 12:30:00 GMT+0530 (India Standard Time)","5203.65","5203.65","5176.50","5187.00"
"Thu Apr 03 2025 12:35:00 GMT+0530 (India Standard Time)","5187.00","5198.20","5186.90","5190.60"
"Thu Apr 03 2025 12:40:00 GMT+0530 (India Standard Time)","5190.60","5196.00","5185.30","5185.30"
"Thu Apr 03 2025 12:45:00 GMT+0530 (India Standard Time)","5185.30","5190.00","5180.50","5185.65"
"Thu Apr 03 2025 12:50:00 GMT+0530 (India Standard Time)","5186.80","5189.80","5175.00","5187.00"
"Thu Apr 03 2025 12:55:00 GMT+0530 (India Standard Time)","5187.00","5190.00","5183.90","5187.50"
"Thu Apr 03 2025 13:00:00 GMT+0530 (India Standard Time)","5187.50","5194.00","5181.05","5183.50"
"Thu Apr 03 2025 13:05:00 GMT+0530 (India Standard Time)","5183.55","5184.95","5170.00","5183.15"
"Thu Apr 03 2025 13:10:00 GMT+0530 (India Standard Time)","5178.15","5180.00","5172.75","5179.50"
"Thu Apr 03 2025 13:15:00 GMT+0530 (India Standard Time)","5179.50","5184.40","5179.50","5184.40"
"Thu Apr 03 2025 13:20:00 GMT+0530 (India Standard Time)","5184.40","5192.00","5184.25","5191.85"
"Thu Apr 03 2025 13:25:00 GMT+0530 (India Standard Time)","5191.85","5213.05","5190.15","5211.85"
"Thu Apr 03 2025 13:30:00 GMT+0530 (India Standard Time)","5211.85","5215.00","5206.00","5215.00"
"Thu Apr 03 2025 13:35:00 GMT+0530 (India Standard Time)","5215.00","5230.00","5214.05","5227.30"
"Thu Apr 03 2025 13:40:00 GMT+0530 (India Standard Time)","5227.15","5228.00","5213.25","5217.75"
"Thu Apr 03 2025 13:45:00 GMT+0530 (India Standard Time)","5217.75","5222.00","5216.35","5220.85"
"Thu Apr 03 2025 13:50:00 GMT+0530 (India Standard Time)","5220.85","5221.80","5211.50","5211.50"
"Thu Apr 03 2025 13:55:00 GMT+0530 (India Standard Time)","5210.10","5214.05","5208.00","5211.75"
"Thu Apr 03 2025 14:00:00 GMT+0530 (India Standard Time)","5211.00","5220.00","5210.65","5218.45"
"Thu Apr 03 2025 14:05:00 GMT+0530 (India Standard Time)","5219.00","5225.00","5217.90","5223.65"
"Thu Apr 03 2025 14:10:00 GMT+0530 (India Standard Time)","5223.55","5223.55","5216.65","5216.70"
"Thu Apr 03 2025 14:15:00 GMT+0530 (India Standard Time)","5216.70","5221.95","5216.70","5220.00"
"Thu Apr 03 2025 14:20:00 GMT+0530 (India Standard Time)","5221.50","5222.00","5218.05","5221.10"
"Thu Apr 03 2025 14:25:00 GMT+0530 (India Standard Time)","5219.00","5225.00","5218.05","5223.60"
"Thu Apr 03 2025 14:30:00 GMT+0530 (India Standard Time)","5222.90","5224.80","5216.40","5220.05"
"Thu Apr 03 2025 14:35:00 GMT+0530 (India Standard Time)","5220.05","5236.30","5219.00","5230.00"
"Thu Apr 03 2025 14:40:00 GMT+0530 (India Standard Time)","5230.00","5232.90","5222.80","5224.35"
"Thu Apr 03 2025 14:45:00 GMT+0530 (India Standard Time)","5224.35","5225.00","5218.20","5225.00"
"Thu Apr 03 2025 14:50:00 GMT+0530 (India Standard Time)","5225.00","5229.90","5223.60","5229.05"
"Thu Apr 03 2025 14:55:00 GMT+0530 (India Standard Time)","5227.75","5227.75","5216.75","5224.00"
"Thu Apr 03 2025 15:00:00 GMT+0530 (India Standard Time)","5224.10","5229.15","5220.00","5228.00"
"Thu Apr 03 2025 15:05:00 GMT+0530 (India Standard Time)","5226.50","5232.75","5223.35","5229.00"
"Thu Apr 03 2025 15:10:00 GMT+0530 (India Standard Time)","5229.40","5230.00","5217.15","5222.50"
"Thu Apr 03 2025 15:15:00 GMT+0530 (India Standard Time)","5222.25","5230.00","5220.05","5221.90"
"Thu Apr 03 2025 15:20:00 GMT+0530 (India Standard Time)","5223.95","5226.10","5163.00","5179.00"
"Thu Apr 03 2025 15:25:00 GMT+0530 (India Standard Time)","5178.95","5194.95","5161.55","5191.00"
"Fri Apr 04 2025 09:15:00 GMT+0530 (India Standard Time)","5180.00","5183.25","5145.50","5152.05"
"Fri Apr 04 2025 09:20:00 GMT+0530 (India Standard Time)","5152.05","5167.70","5139.05","5149.95"
"Fri Apr 04 2025 09:25:00 GMT+0530 (India Standard Time)","5149.95","5169.70","5120.00","5137.15"
"Fri Apr 04 2025 09:30:00 GMT+0530 (India Standard Time)","5137.15","5162.20","5120.75","5159.35"
"Fri Apr 04 2025 09:35:00 GMT+0530 (India Standard Time)","5151.90","5164.90","5151.90","5158.00"
"Fri Apr 04 2025 09:40:00 GMT+0530 (India Standard Time)","5157.65","5157.65","5101.25","5112.55"
"Fri Apr 04 2025 09:45:00 GMT+0530 (India Standard Time)","5112.55","5128.35","5108.80","5119.85"
"Fri Apr 04 2025 09:50:00 GMT+0530 (India Standard Time)","5119.85","5120.95","5095.00","5097.60"
"Fri Apr 04 2025 09:55:00 GMT+0530 (India Standard Time)","5097.85","5107.65","5081.05","5087.25"
"Fri Apr 04 2025 10:00:00 GMT+0530 (India Standard Time)","5088.95","5093.25","5075.30","5079.00"
"Fri Apr 04 2025 10:05:00 GMT+0530 (India Standard Time)","5079.00","5091.45","5062.90","5080.25"
"Fri Apr 04 2025 10:10:00 GMT+0530 (India Standard Time)","5075.85","5088.00","5055.00","5056.65"
"Fri Apr 04 2025 10:15:00 GMT+0530 (India Standard Time)","5057.85","5065.30","5046.10","5058.90"
"Fri Apr 04 2025 10:20:00 GMT+0530 (India Standard Time)","5060.00","5062.05","5033.30","5033.95"
"Fri Apr 04 2025 10:25:00 GMT+0530 (India Standard Time)","5032.00","5041.75","5022.20","5038.25"
"Fri Apr 04 2025 10:30:00 GMT+0530 (India Standard Time)","5038.25","5049.00","5025.00","5030.90"
"Fri Apr 04 2025 10:35:00 GMT+0530 (India Standard Time)","5031.15","5065.00","5031.15","5062.80"
"Fri Apr 04 2025 10:40:00 GMT+0530 (India Standard Time)","5062.80","5079.90","5060.00","5072.25"
"Fri Apr 04 2025 10:45:00 GMT+0530 (India Standard Time)","5073.00","5087.05","5060.70","5066.35"
"Fri Apr 04 2025 10:50:00 GMT+0530 (India Standard Time)","5066.35","5074.40","5061.90","5071.90"
"Fri Apr 04 2025 10:55:00 GMT+0530 (India Standard Time)","5071.90","5088.80","5066.50","5088.80"
"Fri Apr 04 2025 11:00:00 GMT+0530 (India Standard Time)","5089.00","5098.00","5084.05","5092.50"
"Fri Apr 04 2025 11:05:00 GMT+0530 (India Standard Time)","5092.45","5092.45","5070.95","5088.65"
"Fri Apr 04 2025 11:10:00 GMT+0530 (India Standard Time)","5088.40","5088.45","5046.00","5056.65"
"Fri Apr 04 2025 11:15:00 GMT+0530 (India Standard Time)","5054.95","5064.15","5046.00","5048.70"
"Fri Apr 04 2025 11:20:00 GMT+0530 (India Standard Time)","5048.70","5054.65","5044.90","5048.00"
"Fri Apr 04 2025 11:25:00 GMT+0530 (India Standard Time)","5050.10","5056.85","5022.00","5035.35"
"Fri Apr 04 2025 11:30:00 GMT+0530 (India Standard Time)","5035.35","5064.55","5033.60","5058.50"
"Fri Apr 04 2025 11:35:00 GMT+0530 (India Standard Time)","5057.90","5059.95","5048.00","5050.10"
"Fri Apr 04 2025 11:40:00 GMT+0530 (India Standard Time)","5050.10","5085.00","5049.05","5074.75"
"Fri Apr 04 2025 11:45:00 GMT+0530 (India Standard Time)","5077.05","5077.05","5050.00","5052.30"
"Fri Apr 04 2025 11:50:00 GMT+0530 (India Standard Time)","5052.30","5057.15","5044.00","5047.45"
"Fri Apr 04 2025 11:55:00 GMT+0530 (India Standard Time)","5047.45","5056.65","5043.60","5052.00"
"Fri Apr 04 2025 12:00:00 GMT+0530 (India Standard Time)","5051.90","5051.90","5039.00","5040.40"
"Fri Apr 04 2025 12:05:00 GMT+0530 (India Standard Time)","5040.40","5050.00","5036.90","5046.90"
"Fri Apr 04 2025 12:10:00 GMT+0530 (India Standard Time)","5046.90","5046.90","5034.00","5038.00"
"Fri Apr 04 2025 12:15:00 GMT+0530 (India Standard Time)","5037.95","5052.10","5033.55","5052.00"
"Fri Apr 04 2025 12:20:00 GMT+0530 (India Standard Time)","5053.20","5054.85","5043.20","5045.20"
"Fri Apr 04 2025 12:25:00 GMT+0530 (India Standard Time)","5044.60","5053.80","5036.20","5041.55"
"Fri Apr 04 2025 12:30:00 GMT+0530 (India Standard Time)","5040.00","5048.00","5040.00","5043.55"
"Fri Apr 04 2025 12:35:00 GMT+0530 (India Standard Time)","5043.55","5043.55","5030.00","5037.05"
"Fri Apr 04 2025 12:40:00 GMT+0530 (India Standard Time)","5037.05","5042.95","5030.50","5037.40"
"Fri Apr 04 2025 12:45:00 GMT+0530 (India Standard Time)","5037.40","5049.10","5035.00","5037.70"
"Fri Apr 04 2025 12:50:00 GMT+0530 (India Standard Time)","5037.70","5043.90","5034.25","5043.90"
"Fri Apr 04 2025 12:55:00 GMT+0530 (India Standard Time)","5043.90","5058.75","5038.45","5055.65"
"Fri Apr 04 2025 13:00:00 GMT+0530 (India Standard Time)","5055.65","5063.95","5051.65","5055.40"
"Fri Apr 04 2025 13:05:00 GMT+0530 (India Standard Time)","5055.40","5063.00","5049.00","5063.00"
"Fri Apr 04 2025 13:10:00 GMT+0530 (India Standard Time)","5063.00","5068.95","5045.00","5045.00"
"Fri Apr 04 2025 13:15:00 GMT+0530 (India Standard Time)","5045.00","5051.15","5035.45","5048.25"
"Fri Apr 04 2025 13:20:00 GMT+0530 (India Standard Time)","5048.25","5049.20","5035.25","5039.60"
"Fri Apr 04 2025 13:25:00 GMT+0530 (India Standard Time)","5039.60","5058.00","5029.00","5056.25"
"Fri Apr 04 2025 13:30:00 GMT+0530 (India Standard Time)","5056.25","5057.35","5040.00","5049.20"
"Fri Apr 04 2025 13:35:00 GMT+0530 (India Standard Time)","5049.20","5053.05","5039.35","5044.00"
"Fri Apr 04 2025 13:40:00 GMT+0530 (India Standard Time)","5044.00","5049.55","5039.00","5041.25"
"Fri Apr 04 2025 13:45:00 GMT+0530 (India Standard Time)","5041.25","5044.10","5032.75","5038.95"
"Fri Apr 04 2025 13:50:00 GMT+0530 (India Standard Time)","5038.95","5043.85","5035.00","5038.60"
"Fri Apr 04 2025 13:55:00 GMT+0530 (India Standard Time)","5038.60","5039.80","5025.00","5032.65"
"Fri Apr 04 2025 14:00:00 GMT+0530 (India Standard Time)","5032.65","5041.80","5026.00","5031.75"
"Fri Apr 04 2025 14:05:00 GMT+0530 (India Standard Time)","5031.75","5040.00","5030.15","5039.90"
"Fri Apr 04 2025 14:10:00 GMT+0530 (India Standard Time)","5039.90","5039.95","5026.50","5034.65"
"Fri Apr 04 2025 14:15:00 GMT+0530 (India Standard Time)","5034.65","5039.00","5027.65","5036.30"
"Fri Apr 04 2025 14:20:00 GMT+0530 (India Standard Time)","5033.00","5033.90","5008.00","5017.45"
"Fri Apr 04 2025 14:25:00 GMT+0530 (India Standard Time)","5017.45","5023.90","5005.00","5021.80"
"Fri Apr 04 2025 14:30:00 GMT+0530 (India Standard Time)","5019.15","5028.00","5017.25","5025.10"
"Fri Apr 04 2025 14:35:00 GMT+0530 (India Standard Time)","5024.50","5026.75","5013.90","5013.90"
"Fri Apr 04 2025 14:40:00 GMT+0530 (India Standard Time)","5013.90","5019.95","5011.20","5017.00"
"Fri Apr 04 2025 14:45:00 GMT+0530 (India Standard Time)","5014.00","5023.90","5004.35","5006.00"
"Fri Apr 04 2025 14:50:00 GMT+0530 (India Standard Time)","5010.00","5038.40","5010.00","5034.95"
"Fri Apr 04 2025 14:55:00 GMT+0530 (India Standard Time)","5034.95","5040.00","5025.90","5035.40"
"Fri Apr 04 2025 15:00:00 GMT+0530 (India Standard Time)","5037.35","5054.10","5034.10","5047.55"
"Fri Apr 04 2025 15:05:00 GMT+0530 (India Standard Time)","5047.55","5057.00","5044.55","5051.50"
"Fri Apr 04 2025 15:10:00 GMT+0530 (India Standard Time)","5051.50","5059.90","5041.65","5055.65"
"Fri Apr 04 2025 15:15:00 GMT+0530 (India Standard Time)","5055.65","5057.35","5050.15","5056.00"
"Fri Apr 04 2025 15:20:00 GMT+0530 (India Standard Time)","5056.00","5063.55","5049.10","5063.00"
"Fri Apr 04 2025 15:25:00 GMT+0530 (India Standard Time)","5063.00","5078.40","5060.00","5075.00"
"Mon Apr 07 2025 09:15:00 GMT+0530 (India Standard Time)","4790.00","4900.00","4734.30","4768.30"
"Mon Apr 07 2025 09:20:00 GMT+0530 (India Standard Time)","4768.30","4823.95","4754.85","4814.75"
"Mon Apr 07 2025 09:25:00 GMT+0530 (India Standard Time)","4810.95","4820.55","4790.15","4814.90"
"Mon Apr 07 2025 09:30:00 GMT+0530 (India Standard Time)","4814.90","4841.70","4790.00","4790.00"
"Mon Apr 07 2025 09:35:00 GMT+0530 (India Standard Time)","4790.00","4811.50","4785.75","4801.65"
"Mon Apr 07 2025 09:40:00 GMT+0530 (India Standard Time)","4796.10","4806.55","4766.95","4797.35"
"Mon Apr 07 2025 09:45:00 GMT+0530 (India Standard Time)","4792.60","4807.55","4786.15","4806.95"
"Mon Apr 07 2025 09:50:00 GMT+0530 (India Standard Time)","4798.65","4805.00","4790.45","4801.45"
"Mon Apr 07 2025 09:55:00 GMT+0530 (India Standard Time)","4795.00","4800.35","4770.00","4788.10"
"Mon Apr 07 2025 10:00:00 GMT+0530 (India Standard Time)","4788.10","4805.00","4758.10","4758.10"
"Mon Apr 07 2025 10:05:00 GMT+0530 (India Standard Time)","4762.65","4763.00","4705.00","4711.35"
"Mon Apr 07 2025 10:10:00 GMT+0530 (India Standard Time)","4714.75","4729.60","4708.85","4717.95"
"Mon Apr 07 2025 10:15:00 GMT+0530 (India Standard Time)","4719.35","4721.40","4701.00","4704.35"
"Mon Apr 07 2025 10:20:00 GMT+0530 (India Standard Time)","4706.50","4725.00","4700.00","4718.00"
"Mon Apr 07 2025 10:25:00 GMT+0530 (India Standard Time)","4718.00","4758.10","4705.70","4757.95"
"Mon Apr 07 2025 10:30:00 GMT+0530 (India Standard Time)","4757.95","4760.00","4740.70","4754.10"
"Mon Apr 07 2025 10:35:00 GMT+0530 (India Standard Time)","4754.10","4775.00","4748.20","4770.95"
"Mon Apr 07 2025 10:40:00 GMT+0530 (India Standard Time)","4772.25","4781.90","4764.50","4781.00"
"Mon Apr 07 2025 10:45:00 GMT+0530 (India Standard Time)","4780.00","4785.00","4763.25","4784.75"
"Mon Apr 07 2025 10:50:00 GMT+0530 (India Standard Time)","4784.95","4802.00","4780.00","4791.55"
"Mon Apr 07 2025 10:55:00 GMT+0530 (India Standard Time)","4791.55","4797.90","4770.05","4772.15"
"Mon Apr 07 2025 11:00:00 GMT+0530 (India Standard Time)","4772.15","4798.40","4772.15","4787.00"
"Mon Apr 07 2025 11:05:00 GMT+0530 (India Standard Time)","4787.00","4805.00","4785.00","4804.65"
"Mon Apr 07 2025 11:10:00 GMT+0530 (India Standard Time)","4803.20","4817.95","4793.50","4802.95"
"Mon Apr 07 2025 11:15:00 GMT+0530 (India Standard Time)","4801.70","4810.00","4791.55","4799.60"
"Mon Apr 07 2025 11:20:00 GMT+0530 (India Standard Time)","4797.10","4799.90","4792.00","4799.00"
"Mon Apr 07 2025 11:25:00 GMT+0530 (India Standard Time)","4799.00","4819.10","4794.50","4819.00"
"Mon Apr 07 2025 11:30:00 GMT+0530 (India Standard Time)","4819.10","4830.95","4819.10","4829.95"
"Mon Apr 07 2025 11:35:00 GMT+0530 (India Standard Time)","4829.95","4844.00","4829.75","4831.50"
"Mon Apr 07 2025 11:40:00 GMT+0530 (India Standard Time)","4831.50","4834.30","4807.25","4815.00"
"Mon Apr 07 2025 11:45:00 GMT+0530 (India Standard Time)","4813.95","4815.00","4768.00","4789.70"
"Mon Apr 07 2025 11:50:00 GMT+0530 (India Standard Time)","4789.70","4790.60","4775.05","4779.60"
"Mon Apr 07 2025 11:55:00 GMT+0530 (India Standard Time)","4777.10","4784.65","4769.60","4784.65"
"Mon Apr 07 2025 12:00:00 GMT+0530 (India Standard Time)","4784.65","4790.00","4777.90","4777.90"
"Mon Apr 07 2025 12:05:00 GMT+0530 (India Standard Time)","4779.00","4779.00","4760.00","4764.35"
"Mon Apr 07 2025 12:10:00 GMT+0530 (India Standard Time)","4762.00","4769.00","4751.00","4755.00"
"Mon Apr 07 2025 12:15:00 GMT+0530 (India Standard Time)","4755.00","4755.00","4727.70","4737.05"
"Mon Apr 07 2025 12:20:00 GMT+0530 (India Standard Time)","4737.10","4739.00","4722.00","4723.55"
"Mon Apr 07 2025 12:25:00 GMT+0530 (India Standard Time)","4723.55","4735.80","4721.50","4731.00"
"Mon Apr 07 2025 12:30:00 GMT+0530 (India Standard Time)","4731.00","4745.00","4728.60","4732.50"
"Mon Apr 07 2025 12:35:00 GMT+0530 (India Standard Time)","4735.85","4744.65","4735.00","4743.00"
"Mon Apr 07 2025 12:40:00 GMT+0530 (India Standard Time)","4743.00","4753.20","4732.55","4747.30"
"Mon Apr 07 2025 12:45:00 GMT+0530 (India Standard Time)","4747.40","4753.00","4725.00","4725.80"
"Mon Apr 07 2025 12:50:00 GMT+0530 (India Standard Time)","4729.00","4735.90","4720.80","4724.15"
"Mon Apr 07 2025 12:55:00 GMT+0530 (India Standard Time)","4724.15","4734.20","4721.40","4721.45"
"Mon Apr 07 2025 13:00:00 GMT+0530 (India Standard Time)","4721.45","4725.00","4713.10","4720.00"
"Mon Apr 07 2025 13:05:00 GMT+0530 (India Standard Time)","4719.35","4720.60","4711.00","4719.05"
"Mon Apr 07 2025 13:10:00 GMT+0530 (India Standard Time)","4719.05","4724.95","4714.15","4724.00"
"Mon Apr 07 2025 13:15:00 GMT+0530 (India Standard Time)","4723.75","4724.00","4710.00","4716.00"
"Mon Apr 07 2025 13:20:00 GMT+0530 (India Standard Time)","4716.00","4727.60","4708.00","4725.80"
"Mon Apr 07 2025 13:25:00 GMT+0530 (India Standard Time)","4725.80","4737.35","4723.55","4737.00"
"Mon Apr 07 2025 13:30:00 GMT+0530 (India Standard Time)","4735.30","4742.25","4725.00","4736.45"
"Mon Apr 07 2025 13:35:00 GMT+0530 (India Standard Time)","4736.45","4762.80","4735.00","4761.25"
"Mon Apr 07 2025 13:40:00 GMT+0530 (India Standard Time)","4761.25","4763.90","4741.65","4761.80"
"Mon Apr 07 2025 13:45:00 GMT+0530 (India Standard Time)","4761.80","4764.85","4746.70","4749.30"
"Mon Apr 07 2025 13:50:00 GMT+0530 (India Standard Time)","4744.25","4755.15","4744.25","4753.00"
"Mon Apr 07 2025 13:55:00 GMT+0530 (India Standard Time)","4754.45","4760.00","4746.65","4759.90"
"Mon Apr 07 2025 14:00:00 GMT+0530 (India Standard Time)","4756.30","4761.90","4748.05","4758.10"
"Mon Apr 07 2025 14:05:00 GMT+0530 (India Standard Time)","4758.75","4763.10","4756.00","4758.70"
"Mon Apr 07 2025 14:10:00 GMT+0530 (India Standard Time)","4758.70","4760.00","4741.00","4746.65"
"Mon Apr 07 2025 14:15:00 GMT+0530 (India Standard Time)","4746.80","4763.80","4745.05","4763.60"
"Mon Apr 07 2025 14:20:00 GMT+0530 (India Standard Time)","4755.10","4774.30","4755.10","4769.70"
"Mon Apr 07 2025 14:25:00 GMT+0530 (India Standard Time)","4770.00","4770.00","4760.80","4766.55"
"Mon Apr 07 2025 14:30:00 GMT+0530 (India Standard Time)","4766.00","4778.10","4760.65","4776.65"
"Mon Apr 07 2025 14:35:00 GMT+0530 (India Standard Time)","4776.65","4777.55","4765.00","4771.40"
"Mon Apr 07 2025 14:40:00 GMT+0530 (India Standard Time)","4771.40","4780.15","4770.00","4775.35"
"Mon Apr 07 2025 14:45:00 GMT+0530 (India Standard Time)","4777.20","4782.00","4771.00","4778.00"
"Mon Apr 07 2025 14:50:00 GMT+0530 (India Standard Time)","4778.00","4781.00","4774.00","4780.00"
"Mon Apr 07 2025 14:55:00 GMT+0530 (India Standard Time)","4780.00","4805.40","4779.05","4797.10"
"Mon Apr 07 2025 15:00:00 GMT+0530 (India Standard Time)","4798.50","4813.65","4794.70","4810.00"
"Mon Apr 07 2025 15:05:00 GMT+0530 (India Standard Time)","4809.55","4817.95","4800.00","4813.10"
"Mon Apr 07 2025 15:10:00 GMT+0530 (India Standard Time)","4814.85","4815.85","4794.70","4801.40"
"Mon Apr 07 2025 15:15:00 GMT+0530 (India Standard Time)","4801.40","4808.65","4792.00","4808.35"
"Mon Apr 07 2025 15:20:00 GMT+0530 (India Standard Time)","4808.60","4826.00","4800.00","4826.00"
"Mon Apr 07 2025 15:25:00 GMT+0530 (India Standard Time)","4826.00","4849.00","4800.90","4800.90"
"Tue Apr 08 2025 09:15:00 GMT+0530 (India Standard Time)","4910.05","5014.25","4900.15","4970.00"
"Tue Apr 08 2025 09:20:00 GMT+0530 (India Standard Time)","4967.95","4976.85","4902.05","4917.25"
"Tue Apr 08 2025 09:25:00 GMT+0530 (India Standard Time)","4924.40","4936.95","4912.65","4919.00"
"Tue Apr 08 2025 09:30:00 GMT+0530 (India Standard Time)","4919.00","4919.00","4876.50","4879.10"
"Tue Apr 08 2025 09:35:00 GMT+0530 (India Standard Time)","4872.60","4894.15","4860.00","4865.00"
"Tue Apr 08 2025 09:40:00 GMT+0530 (India Standard Time)","4865.00","4868.45","4841.00","4847.95"
"Tue Apr 08 2025 09:45:00 GMT+0530 (India Standard Time)","4843.70","4853.65","4835.10","4845.50"
"Tue Apr 08 2025 09:50:00 GMT+0530 (India Standard Time)","4844.30","4860.00","4840.00","4844.35"
"Tue Apr 08 2025 09:55:00 GMT+0530 (India Standard Time)","4844.35","4852.70","4836.05","4845.55"
"Tue Apr 08 2025 10:00:00 GMT+0530 (India Standard Time)","4845.55","4845.55","4804.90","4811.00"
"Tue Apr 08 2025 10:05:00 GMT+0530 (India Standard Time)","4808.90","4822.45","4791.15","4797.90"
"Tue Apr 08 2025 10:10:00 GMT+0530 (India Standard Time)","4797.90","4819.25","4790.00","4816.55"
"Tue Apr 08 2025 10:15:00 GMT+0530 (India Standard Time)","4816.70","4819.80","4791.05","4791.05"
"Tue Apr 08 2025 10:20:00 GMT+0530 (India Standard Time)","4791.05","4809.90","4787.20","4809.90"
"Tue Apr 08 2025 10:25:00 GMT+0530 (India Standard Time)","4810.00","4820.00","4800.00","4806.50"
"Tue Apr 08 2025 10:30:00 GMT+0530 (India Standard Time)","4806.50","4814.55","4792.25","4795.35"
"Tue Apr 08 2025 10:35:00 GMT+0530 (India Standard Time)","4795.35","4795.85","4772.80","4782.00"
"Tue Apr 08 2025 10:40:00 GMT+0530 (India Standard Time)","4782.00","4785.00","4775.00","4778.00"
"Tue Apr 08 2025 10:45:00 GMT+0530 (India Standard Time)","4778.00","4779.45","4760.00","4770.80"
"Tue Apr 08 2025 10:50:00 GMT+0530 (India Standard Time)","4770.80","4783.30","4764.40","4778.30"
"Tue Apr 08 2025 10:55:00 GMT+0530 (India Standard Time)","4778.30","4786.80","4771.00","4783.70"
"Tue Apr 08 2025 11:00:00 GMT+0530 (India Standard Time)","4783.70","4812.65","4783.70","4793.40"
"Tue Apr 08 2025 11:05:00 GMT+0530 (India Standard Time)","4793.40","4819.00","4791.70","4818.15"
"Tue Apr 08 2025 11:10:00 GMT+0530 (India Standard Time)","4818.15","4820.50","4807.05","4810.00"
"Tue Apr 08 2025 11:15:00 GMT+0530 (India Standard Time)","4810.00","4818.20","4805.00","4805.00"
"Tue Apr 08 2025 11:20:00 GMT+0530 (India Standard Time)","4805.00","4813.75","4803.75","4811.55"
"Tue Apr 08 2025 11:25:00 GMT+0530 (India Standard Time)","4811.55","4811.55","4793.20","4800.00"
"Tue Apr 08 2025 11:30:00 GMT+0530 (India Standard Time)","4800.00","4802.90","4792.30","4794.70"
"Tue Apr 08 2025 11:35:00 GMT+0530 (India Standard Time)","4794.70","4802.70","4793.20","4801.55"
"Tue Apr 08 2025 11:40:00 GMT+0530 (India Standard Time)","4800.10","4801.50","4790.00","4791.80"
"Tue Apr 08 2025 11:45:00 GMT+0530 (India Standard Time)","4791.80","4811.50","4790.20","4808.15"
"Tue Apr 08 2025 11:50:00 GMT+0530 (India Standard Time)","4808.15","4814.50","4803.80","4813.70"
"Tue Apr 08 2025 11:55:00 GMT+0530 (India Standard Time)","4813.70","4823.25","4809.00","4821.65"
"Tue Apr 08 2025 12:00:00 GMT+0530 (India Standard Time)","4821.65","4833.60","4816.15","4829.10"
"Tue Apr 08 2025 12:05:00 GMT+0530 (India Standard Time)","4829.10","4837.05","4825.00","4829.00"
"Tue Apr 08 2025 12:10:00 GMT+0530 (India Standard Time)","4834.95","4870.00","4834.95","4867.95"
"Tue Apr 08 2025 12:15:00 GMT+0530 (India Standard Time)","4867.95","4883.90","4851.15","4875.45"
"Tue Apr 08 2025 12:20:00 GMT+0530 (India Standard Time)","4875.45","4907.95","4875.45","4902.25"
"Tue Apr 08 2025 12:25:00 GMT+0530 (India Standard Time)","4902.25","4912.00","4896.90","4909.55"
"Tue Apr 08 2025 12:30:00 GMT+0530 (India Standard Time)","4909.55","4927.50","4902.85","4917.00"
"Tue Apr 08 2025 12:35:00 GMT+0530 (India Standard Time)","4915.45","4919.45","4890.20","4896.00"
"Tue Apr 08 2025 12:40:00 GMT+0530 (India Standard Time)","4896.00","4916.95","4890.00","4913.70"
"Tue Apr 08 2025 12:45:00 GMT+0530 (India Standard Time)","4913.70","4916.10","4909.60","4910.30"
"Tue Apr 08 2025 12:50:00 GMT+0530 (India Standard Time)","4910.30","4917.45","4910.00","4917.45"
"Tue Apr 08 2025 12:55:00 GMT+0530 (India Standard Time)","4917.45","4919.00","4912.65","4918.15"
"Tue Apr 08 2025 13:00:00 GMT+0530 (India Standard Time)","4918.15","4920.00","4911.05","4916.20"
"Tue Apr 08 2025 13:05:00 GMT+0530 (India Standard Time)","4916.20","4922.00","4896.55","4900.00"
"Tue Apr 08 2025 13:10:00 GMT+0530 (India Standard Time)","4900.00","4910.40","4900.00","4910.15"
"Tue Apr 08 2025 13:15:00 GMT+0530 (India Standard Time)","4910.15","4914.95","4904.00","4907.90"
"Tue Apr 08 2025 13:20:00 GMT+0530 (India Standard Time)","4907.90","4907.90","4895.20","4900.00"
"Tue Apr 08 2025 13:25:00 GMT+0530 (India Standard Time)","4900.00","4906.80","4896.15","4905.00"
"Tue Apr 08 2025 13:30:00 GMT+0530 (India Standard Time)","4905.00","4906.50","4898.10","4898.10"
"Tue Apr 08 2025 13:35:00 GMT+0530 (India Standard Time)","4898.10","4900.40","4874.50","4881.10"
"Tue Apr 08 2025 13:40:00 GMT+0530 (India Standard Time)","4881.10","4884.95","4867.50","4874.50"
"Tue Apr 08 2025 13:45:00 GMT+0530 (India Standard Time)","4874.50","4883.95","4867.80","4876.75"
"Tue Apr 08 2025 13:50:00 GMT+0530 (India Standard Time)","4876.75","4888.30","4865.00","4872.95"
"Tue Apr 08 2025 13:55:00 GMT+0530 (India Standard Time)","4872.95","4880.00","4870.05","4880.00"
"Tue Apr 08 2025 14:00:00 GMT+0530 (India Standard Time)","4882.00","4897.55","4880.20","4887.40"
"Tue Apr 08 2025 14:05:00 GMT+0530 (India Standard Time)","4887.40","4888.00","4879.00","4887.70"
"Tue Apr 08 2025 14:10:00 GMT+0530 (India Standard Time)","4887.70","4892.85","4885.55","4887.50"
"Tue Apr 08 2025 14:15:00 GMT+0530 (India Standard Time)","4887.50","4892.15","4885.70","4889.05"
"Tue Apr 08 2025 14:20:00 GMT+0530 (India Standard Time)","4890.25","4895.00","4886.60","4891.10"
"Tue Apr 08 2025 14:25:00 GMT+0530 (India Standard Time)","4891.10","4896.10","4886.00","4895.00"
"Tue Apr 08 2025 14:30:00 GMT+0530 (India Standard Time)","4895.00","4899.20","4888.00","4892.45"
"Tue Apr 08 2025 14:35:00 GMT+0530 (India Standard Time)","4894.00","4900.70","4890.00","4895.00"
"Tue Apr 08 2025 14:40:00 GMT+0530 (India Standard Time)","4895.00","4901.95","4879.05","4880.00"
"Tue Apr 08 2025 14:45:00 GMT+0530 (India Standard Time)","4880.00","4885.90","4873.00","4876.45"
"Tue Apr 08 2025 14:50:00 GMT+0530 (India Standard Time)","4876.45","4886.95","4872.60","4885.40"
"Tue Apr 08 2025 14:55:00 GMT+0530 (India Standard Time)","4885.40","4885.40","4876.95","4881.05"
"Tue Apr 08 2025 15:00:00 GMT+0530 (India Standard Time)","4881.05","4881.80","4870.45","4870.65"
"Tue Apr 08 2025 15:05:00 GMT+0530 (India Standard Time)","4870.65","4870.70","4860.00","4864.20"
"Tue Apr 08 2025 15:10:00 GMT+0530 (India Standard Time)","4876.10","4876.10","4858.55","4865.20"
"Tue Apr 08 2025 15:15:00 GMT+0530 (India Standard Time)","4865.25","4868.00","4864.05","4865.90"
"Tue Apr 08 2025 15:20:00 GMT+0530 (India Standard Time)","4866.10","4873.25","4863.30","4871.35"
"Tue Apr 08 2025 15:25:00 GMT+0530 (India Standard Time)","4870.85","4888.00","4868.05","4881.80"
"Wed Apr 09 2025 09:15:00 GMT+0530 (India Standard Time)","4857.00","4870.00","4821.10","4834.00"
"Wed Apr 09 2025 09:20:00 GMT+0530 (India Standard Time)","4831.05","4847.65","4802.00","4805.00"
"Wed Apr 09 2025 09:25:00 GMT+0530 (India Standard Time)","4804.95","4804.95","4785.00","4802.40"
"Wed Apr 09 2025 09:30:00 GMT+0530 (India Standard Time)","4802.40","4802.40","4781.10","4794.65"
"Wed Apr 09 2025 09:35:00 GMT+0530 (India Standard Time)","4798.00","4811.90","4781.15","4787.00"
"Wed Apr 09 2025 09:40:00 GMT+0530 (India Standard Time)","4782.05","4808.60","4782.00","4798.70"
"Wed Apr 09 2025 09:45:00 GMT+0530 (India Standard Time)","4798.70","4798.70","4755.70","4758.75"
"Wed Apr 09 2025 09:50:00 GMT+0530 (India Standard Time)","4757.65","4772.35","4751.40","4755.80"
"Wed Apr 09 2025 09:55:00 GMT+0530 (India Standard Time)","4754.90","4761.95","4752.95","4755.60"
"Wed Apr 09 2025 10:00:00 GMT+0530 (India Standard Time)","4755.60","4785.60","4755.60","4785.60"
"Wed Apr 09 2025 10:05:00 GMT+0530 (India Standard Time)","4785.60","4790.30","4777.80","4782.90"
"Wed Apr 09 2025 10:10:00 GMT+0530 (India Standard Time)","4782.90","4787.75","4770.10","4772.00"
"Wed Apr 09 2025 10:15:00 GMT+0530 (India Standard Time)","4770.85","4775.35","4758.00","4775.25"
"Wed Apr 09 2025 10:20:00 GMT+0530 (India Standard Time)","4775.25","4784.10","4771.60","4781.20"
"Wed Apr 09 2025 10:25:00 GMT+0530 (India Standard Time)","4781.20","4789.05","4775.00","4778.75"
"Wed Apr 09 2025 10:30:00 GMT+0530 (India Standard Time)","4778.75","4779.70","4758.15","4761.65"
"Wed Apr 09 2025 10:35:00 GMT+0530 (India Standard Time)","4761.65","4768.50","4760.20","4766.35"
"Wed Apr 09 2025 10:40:00 GMT+0530 (India Standard Time)","4766.35","4774.65","4761.00","4763.45"
"Wed Apr 09 2025 10:45:00 GMT+0530 (India Standard Time)","4764.00","4767.20","4758.10","4766.40"
"Wed Apr 09 2025 10:50:00 GMT+0530 (India Standard Time)","4766.40","4776.00","4764.50","4770.00"
"Wed Apr 09 2025 10:55:00 GMT+0530 (India Standard Time)","4770.00","4770.40","4765.00","4765.50"
"Wed Apr 09 2025 11:00:00 GMT+0530 (India Standard Time)","4765.50","4765.50","4750.00","4753.00"
"Wed Apr 09 2025 11:05:00 GMT+0530 (India Standard Time)","4751.75","4754.10","4729.05","4734.00"
"Wed Apr 09 2025 11:10:00 GMT+0530 (India Standard Time)","4734.00","4740.00","4732.05","4737.45"
"Wed Apr 09 2025 11:15:00 GMT+0530 (India Standard Time)","4737.45","4747.90","4735.75","4744.90"
"Wed Apr 09 2025 11:20:00 GMT+0530 (India Standard Time)","4744.90","4750.00","4744.90","4748.75"
"Wed Apr 09 2025 11:25:00 GMT+0530 (India Standard Time)","4748.75","4748.75","4739.95","4742.00"
"Wed Apr 09 2025 11:30:00 GMT+0530 (India Standard Time)","4742.00","4757.95","4742.00","4756.00"
"Wed Apr 09 2025 11:35:00 GMT+0530 (India Standard Time)","4756.00","4756.00","4750.40","4752.00"
"Wed Apr 09 2025 11:40:00 GMT+0530 (India Standard Time)","4752.00","4754.95","4748.15","4753.20"
"Wed Apr 09 2025 11:45:00 GMT+0530 (India Standard Time)","4754.95","4757.50","4747.00","4754.85"
"Wed Apr 09 2025 11:50:00 GMT+0530 (India Standard Time)","4754.85","4759.90","4751.05","4757.70"
"Wed Apr 09 2025 11:55:00 GMT+0530 (India Standard Time)","4757.70","4757.70","4750.00","4753.80"
"Wed Apr 09 2025 12:00:00 GMT+0530 (India Standard Time)","4753.80","4764.50","4753.15","4764.50"
"Wed Apr 09 2025 12:05:00 GMT+0530 (India Standard Time)","4764.50","4768.70","4763.50","4767.95"
"Wed Apr 09 2025 12:10:00 GMT+0530 (India Standard Time)","4767.95","4770.00","4765.10","4770.00"
"Wed Apr 09 2025 12:15:00 GMT+0530 (India Standard Time)","4770.00","4773.60","4767.10","4769.25"
"Wed Apr 09 2025 12:20:00 GMT+0530 (India Standard Time)","4769.25","4779.55","4762.90","4776.30"
"Wed Apr 09 2025 12:25:00 GMT+0530 (India Standard Time)","4776.30","4779.40","4773.05","4774.10"
"Wed Apr 09 2025 12:30:00 GMT+0530 (India Standard Time)","4774.10","4789.00","4773.75","4788.40"
"Wed Apr 09 2025 12:35:00 GMT+0530 (India Standard Time)","4786.95","4797.45","4780.25","4780.25"
"Wed Apr 09 2025 12:40:00 GMT+0530 (India Standard Time)","4780.05","4795.55","4780.05","4795.55"
"Wed Apr 09 2025 12:45:00 GMT+0530 (India Standard Time)","4795.55","4818.80","4795.55","4817.95"
"Wed Apr 09 2025 12:50:00 GMT+0530 (India Standard Time)","4817.95","4817.95","4805.65","4808.65"
"Wed Apr 09 2025 12:55:00 GMT+0530 (India Standard Time)","4808.65","4818.80","4802.45","4815.25"
"Wed Apr 09 2025 13:00:00 GMT+0530 (India Standard Time)","4815.25","4815.25","4806.50","4812.40"
"Wed Apr 09 2025 13:05:00 GMT+0530 (India Standard Time)","4812.40","4814.90","4808.55","4814.00"
"Wed Apr 09 2025 13:10:00 GMT+0530 (India Standard Time)","4814.00","4818.00","4807.15","4812.80"
"Wed Apr 09 2025 13:15:00 GMT+0530 (India Standard Time)","4812.00","4814.40","4810.00","4810.60"
"Wed Apr 09 2025 13:20:00 GMT+0530 (India Standard Time)","4810.00","4812.10","4802.10","4803.65"
"Wed Apr 09 2025 13:25:00 GMT+0530 (India Standard Time)","4803.65","4819.00","4803.65","4811.00"
"Wed Apr 09 2025 13:30:00 GMT+0530 (India Standard Time)","4813.60","4817.75","4807.00","4807.00"
"Wed Apr 09 2025 13:35:00 GMT+0530 (India Standard Time)","4807.00","4809.30","4796.50","4804.80"
"Wed Apr 09 2025 13:40:00 GMT+0530 (India Standard Time)","4804.80","4810.00","4800.00","4809.95"
"Wed Apr 09 2025 13:45:00 GMT+0530 (India Standard Time)","4809.95","4812.65","4807.10","4809.05"
"Wed Apr 09 2025 13:50:00 GMT+0530 (India Standard Time)","4809.05","4811.55","4808.00","4811.00"
"Wed Apr 09 2025 13:55:00 GMT+0530 (India Standard Time)","4811.00","4811.40","4807.40","4810.00"
"Wed Apr 09 2025 14:00:00 GMT+0530 (India Standard Time)","4810.00","4811.40","4801.10","4805.70"
"Wed Apr 09 2025 14:05:00 GMT+0530 (India Standard Time)","4802.85","4811.95","4802.85","4810.10"
"Wed Apr 09 2025 14:10:00 GMT+0530 (India Standard Time)","4810.10","4812.00","4780.45","4784.70"
"Wed Apr 09 2025 14:15:00 GMT+0530 (India Standard Time)","4784.70","4787.55","4774.35","4783.40"
"Wed Apr 09 2025 14:20:00 GMT+0530 (India Standard Time)","4783.40","4794.75","4778.65","4789.75"
"Wed Apr 09 2025 14:25:00 GMT+0530 (India Standard Time)","4789.75","4791.80","4781.15","4781.15"
"Wed Apr 09 2025 14:30:00 GMT+0530 (India Standard Time)","4781.15","4782.50","4766.10","4775.70"
"Wed Apr 09 2025 14:35:00 GMT+0530 (India Standard Time)","4775.70","4779.00","4769.00","4773.00"
"Wed Apr 09 2025 14:40:00 GMT+0530 (India Standard Time)","4772.00","4772.00","4755.00","4755.00"
"Wed Apr 09 2025 14:45:00 GMT+0530 (India Standard Time)","4758.10","4771.00","4757.90","4769.00"
"Wed Apr 09 2025 14:50:00 GMT+0530 (India Standard Time)","4771.15","4779.55","4761.00","4768.70"
"Wed Apr 09 2025 14:55:00 GMT+0530 (India Standard Time)","4768.60","4769.20","4757.00","4760.35"
"Wed Apr 09 2025 15:00:00 GMT+0530 (India Standard Time)","4760.00","4767.60","4758.10","4760.00"
"Wed Apr 09 2025 15:05:00 GMT+0530 (India Standard Time)","4760.05","4763.90","4758.15","4760.80"
"Wed Apr 09 2025 15:10:00 GMT+0530 (India Standard Time)","4760.80","4760.80","4757.80","4758.20"
"Wed Apr 09 2025 15:15:00 GMT+0530 (India Standard Time)","4758.20","4759.45","4751.00","4751.00"
"Wed Apr 09 2025 15:20:00 GMT+0530 (India Standard Time)","4751.00","4756.30","4750.00","4755.00"
"Wed Apr 09 2025 15:25:00 GMT+0530 (India Standard Time)","4755.25","4765.00","4754.10","4762.00"
"Fri Apr 11 2025 09:15:00 GMT+0530 (India Standard Time)","4762.00","4897.00","4761.00","4836.60"
"Fri Apr 11 2025 09:20:00 GMT+0530 (India Standard Time)","4839.00","4842.00","4815.20","4826.20"
"Fri Apr 11 2025 09:25:00 GMT+0530 (India Standard Time)","4827.45","4836.90","4811.00","4831.10"
"Fri Apr 11 2025 09:30:00 GMT+0530 (India Standard Time)","4831.10","4842.20","4821.90","4842.20"
"Fri Apr 11 2025 09:35:00 GMT+0530 (India Standard Time)","4842.20","4849.50","4836.00","4839.10"
"Fri Apr 11 2025 09:40:00 GMT+0530 (India Standard Time)","4839.10","4856.00","4821.05","4827.45"
"Fri Apr 11 2025 09:45:00 GMT+0530 (India Standard Time)","4828.70","4834.90","4819.90","4825.00"
"Fri Apr 11 2025 09:50:00 GMT+0530 (India Standard Time)","4821.55","4825.60","4812.15","4814.55"
"Fri Apr 11 2025 09:55:00 GMT+0530 (India Standard Time)","4814.55","4816.10","4801.00","4802.65"
"Fri Apr 11 2025 10:00:00 GMT+0530 (India Standard Time)","4802.65","4810.60","4796.20","4800.00"
"Fri Apr 11 2025 10:05:00 GMT+0530 (India Standard Time)","4800.00","4805.55","4795.00","4796.40"
"Fri Apr 11 2025 10:10:00 GMT+0530 (India Standard Time)","4796.40","4806.85","4785.10","4798.00"
"Fri Apr 11 2025 10:15:00 GMT+0530 (India Standard Time)","4798.00","4808.40","4795.00","4798.30"
"Fri Apr 11 2025 10:20:00 GMT+0530 (India Standard Time)","4798.30","4798.30","4782.00","4787.40"
"Fri Apr 11 2025 10:25:00 GMT+0530 (India Standard Time)","4787.40","4805.75","4784.65","4805.35"
"Fri Apr 11 2025 10:30:00 GMT+0530 (India Standard Time)","4802.65","4817.05","4802.65","4807.90"
"Fri Apr 11 2025 10:35:00 GMT+0530 (India Standard Time)","4807.90","4811.40","4791.70","4798.55"
"Fri Apr 11 2025 10:40:00 GMT+0530 (India Standard Time)","4798.55","4798.55","4788.00","4792.90"
"Fri Apr 11 2025 10:45:00 GMT+0530 (India Standard Time)","4792.90","4795.00","4782.15","4792.00"
"Fri Apr 11 2025 10:50:00 GMT+0530 (India Standard Time)","4792.00","4793.00","4781.00","4786.95"
"Fri Apr 11 2025 10:55:00 GMT+0530 (India Standard Time)","4786.95","4797.80","4783.00","4797.80"
"Fri Apr 11 2025 11:00:00 GMT+0530 (India Standard Time)","4795.30","4798.60","4790.00","4794.00"
"Fri Apr 11 2025 11:05:00 GMT+0530 (India Standard Time)","4794.00","4797.95","4790.00","4793.25"
"Fri Apr 11 2025 11:10:00 GMT+0530 (India Standard Time)","4793.60","4800.00","4790.00","4799.90"
"Fri Apr 11 2025 11:15:00 GMT+0530 (India Standard Time)","4799.90","4803.10","4790.55","4792.50"
"Fri Apr 11 2025 11:20:00 GMT+0530 (India Standard Time)","4792.50","4798.55","4790.00","4792.85"
"Fri Apr 11 2025 11:25:00 GMT+0530 (India Standard Time)","4792.85","4797.65","4791.65","4796.75"
"Fri Apr 11 2025 11:30:00 GMT+0530 (India Standard Time)","4796.75","4808.95","4792.90","4804.70"
"Fri Apr 11 2025 11:35:00 GMT+0530 (India Standard Time)","4804.70","4819.35","4803.40","4812.10"
"Fri Apr 11 2025 11:40:00 GMT+0530 (India Standard Time)","4814.75","4819.90","4800.00","4802.95"
"Fri Apr 11 2025 11:45:00 GMT+0530 (India Standard Time)","4802.95","4806.15","4792.55","4799.40"
"Fri Apr 11 2025 11:50:00 GMT+0530 (India Standard Time)","4796.95","4799.55","4792.55","4793.15"
"Fri Apr 11 2025 11:55:00 GMT+0530 (India Standard Time)","4793.15","4803.00","4791.60","4792.10"
"Fri Apr 11 2025 12:00:00 GMT+0530 (India Standard Time)","4792.10","4801.00","4790.00","4801.00"
"Fri Apr 11 2025 12:05:00 GMT+0530 (India Standard Time)","4801.00","4805.00","4800.00","4803.00"
"Fri Apr 11 2025 12:10:00 GMT+0530 (India Standard Time)","4803.65","4814.75","4800.15","4813.80"
"Fri Apr 11 2025 12:15:00 GMT+0530 (India Standard Time)","4813.80","4813.80","4806.10","4809.95"
"Fri Apr 11 2025 12:20:00 GMT+0530 (India Standard Time)","4809.95","4813.50","4803.20","4811.50"
"Fri Apr 11 2025 12:25:00 GMT+0530 (India Standard Time)","4811.50","4813.00","4806.15","4809.10"
"Fri Apr 11 2025 12:30:00 GMT+0530 (India Standard Time)","4809.10","4809.15","4801.60","4803.65"