"Date","Open","High","Low","Close"
"Thu Jul 10 2025 10:30:00 GMT+0530 (India Standard Time)","6102.00","6107.00","6094.00","6102.00"
"Thu Jul 10 2025 10:35:00 GMT+0530 (India Standard Time)","6102.00","6113.00","6102.00","6113.00"
"Thu Jul 10 2025 10:40:00 GMT+0530 (India Standard Time)","6113.00","6118.00","6108.00","6108.50"
"Thu Jul 10 2025 10:45:00 GMT+0530 (India Standard Time)","6108.50","6112.00","6101.00","6105.00"
"Thu Jul 10 2025 10:50:00 GMT+0530 (India Standard Time)","6105.00","6109.00","6099.50","6109.00"
"Thu Jul 10 2025 10:55:00 GMT+0530 (India Standard Time)","6109.00","6109.00","6104.50","6109.00"
"Thu Jul 10 2025 11:00:00 GMT+0530 (India Standard Time)","6110.50","6112.00","6099.00","6100.50"
"Thu Jul 10 2025 11:05:00 GMT+0530 (India Standard Time)","6100.50","6103.00","6092.00","6099.00"
"Thu Jul 10 2025 11:10:00 GMT+0530 (India Standard Time)","6099.00","6105.00","6096.00","6100.00"
"Thu Jul 10 2025 11:15:00 GMT+0530 (India Standard Time)","6100.00","6103.50","6095.50","6100.00"
"Thu Jul 10 2025 11:20:00 GMT+0530 (India Standard Time)","6098.00","6100.00","6094.00","6098.50"
"Thu Jul 10 2025 11:25:00 GMT+0530 (India Standard Time)","6098.50","6101.00","6095.50","6101.00"
"Thu Jul 10 2025 11:30:00 GMT+0530 (India Standard Time)","6102.50","6102.50","6091.00","6096.00"
"Thu Jul 10 2025 11:35:00 GMT+0530 (India Standard Time)","6096.00","6096.00","6080.00","6082.00"
"Thu Jul 10 2025 11:40:00 GMT+0530 (India Standard Time)","6082.00","6083.00","6070.50","6074.00"
"Thu Jul 10 2025 11:45:00 GMT+0530 (India Standard Time)","6074.00","6075.50","6053.00","6057.00"
"Thu Jul 10 2025 11:50:00 GMT+0530 (India Standard Time)","6057.00","6074.50","6052.50","6067.50"
"Thu Jul 10 2025 11:55:00 GMT+0530 (India Standard Time)","6067.50","6069.50","6058.00","6060.00"
"Thu Jul 10 2025 12:00:00 GMT+0530 (India Standard Time)","6060.00","6078.50","6060.00","6070.00"
"Thu Jul 10 2025 12:05:00 GMT+0530 (India Standard Time)","6070.00","6080.00","6068.00","6073.50"
"Thu Jul 10 2025 12:10:00 GMT+0530 (India Standard Time)","6073.50","6093.50","6070.50","6093.50"
"Thu Jul 10 2025 12:15:00 GMT+0530 (India Standard Time)","6093.50","6105.00","6079.00","6102.00"
"Thu Jul 10 2025 12:20:00 GMT+0530 (India Standard Time)","6102.00","6107.50","6100.00","6103.50"
"Thu Jul 10 2025 12:25:00 GMT+0530 (India Standard Time)","6103.50","6106.00","6091.50","6102.00"
"Thu Jul 10 2025 12:30:00 GMT+0530 (India Standard Time)","6102.00","6149.00","6100.50","6141.50"
"Thu Jul 10 2025 12:35:00 GMT+0530 (India Standard Time)","6140.00","6170.00","6125.00","6167.50"
"Thu Jul 10 2025 12:40:00 GMT+0530 (India Standard Time)","6167.50","6174.00","6152.00","6152.00"
"Thu Jul 10 2025 12:45:00 GMT+0530 (India Standard Time)","6150.00","6163.50","6138.00","6145.00"
"Thu Jul 10 2025 12:50:00 GMT+0530 (India Standard Time)","6146.00","6155.50","6105.00","6113.00"
"Thu Jul 10 2025 12:55:00 GMT+0530 (India Standard Time)","6109.50","6119.50","6097.50","6104.50"
"Thu Jul 10 2025 13:00:00 GMT+0530 (India Standard Time)","6100.50","6106.00","6085.00","6086.50"
"Thu Jul 10 2025 13:05:00 GMT+0530 (India Standard Time)","6086.50","6096.50","6086.00","6089.50"
"Thu Jul 10 2025 13:10:00 GMT+0530 (India Standard Time)","6089.50","6122.00","6089.50","6115.50"
"Thu Jul 10 2025 13:15:00 GMT+0530 (India Standard Time)","6115.50","6129.00","6115.50","6118.00"
"Thu Jul 10 2025 13:20:00 GMT+0530 (India Standard Time)","6118.00","6121.00","6104.00","6104.00"
"Thu Jul 10 2025 13:25:00 GMT+0530 (India Standard Time)","6104.00","6106.50","6097.50","6105.00"
"Thu Jul 10 2025 13:30:00 GMT+0530 (India Standard Time)","6106.00","6110.00","6102.50","6106.00"
"Thu Jul 10 2025 13:35:00 GMT+0530 (India Standard Time)","6106.00","6107.00","6103.00","6104.50"
"Thu Jul 10 2025 13:40:00 GMT+0530 (India Standard Time)","6104.50","6104.50","6095.00","6099.00"
"Thu Jul 10 2025 13:45:00 GMT+0530 (India Standard Time)","6098.00","6100.00","6095.00","6099.50"
"Thu Jul 10 2025 13:50:00 GMT+0530 (India Standard Time)","6099.50","6102.50","6095.00","6095.00"
"Thu Jul 10 2025 13:55:00 GMT+0530 (India Standard Time)","6095.00","6101.50","6095.00","6095.00"
"Thu Jul 10 2025 14:00:00 GMT+0530 (India Standard Time)","6095.00","6100.50","6095.00","6097.50"
"Thu Jul 10 2025 14:05:00 GMT+0530 (India Standard Time)","6097.50","6110.00","6097.50","6110.00"
"Thu Jul 10 2025 14:10:00 GMT+0530 (India Standard Time)","6107.50","6109.00","6103.50","6108.00"
"Thu Jul 10 2025 14:15:00 GMT+0530 (India Standard Time)","6108.00","6109.00","6100.00","6100.50"
"Thu Jul 10 2025 14:20:00 GMT+0530 (India Standard Time)","6100.50","6109.50","6100.50","6105.00"
"Thu Jul 10 2025 14:25:00 GMT+0530 (India Standard Time)","6105.00","6114.50","6101.00","6105.50"
"Thu Jul 10 2025 14:30:00 GMT+0530 (India Standard Time)","6105.50","6112.00","6104.00","6112.00"
"Thu Jul 10 2025 14:35:00 GMT+0530 (India Standard Time)","6112.00","6137.00","6108.50","6137.00"
"Thu Jul 10 2025 14:40:00 GMT+0530 (India Standard Time)","6137.00","6142.00","6128.00","6140.50"
"Thu Jul 10 2025 14:45:00 GMT+0530 (India Standard Time)","6140.50","6140.50","6126.50","6135.00"
"Thu Jul 10 2025 14:50:00 GMT+0530 (India Standard Time)","6135.00","6138.00","6126.50","6126.50"
"Thu Jul 10 2025 14:55:00 GMT+0530 (India Standard Time)","6127.00","6140.50","6127.00","6138.00"
"Thu Jul 10 2025 15:00:00 GMT+0530 (India Standard Time)","6139.00","6146.00","6135.00","6137.50"
"Thu Jul 10 2025 15:05:00 GMT+0530 (India Standard Time)","6136.50","6143.00","6133.00","6142.50"
"Thu Jul 10 2025 15:10:00 GMT+0530 (India Standard Time)","6140.00","6141.00","6134.00","6136.50"
"Thu Jul 10 2025 15:15:00 GMT+0530 (India Standard Time)","6136.50","6140.00","6135.00","6138.50"
"Thu Jul 10 2025 15:20:00 GMT+0530 (India Standard Time)","6139.00","6145.00","6135.00","6142.00"
"Thu Jul 10 2025 15:25:00 GMT+0530 (India Standard Time)","6142.00","6145.00","6135.00","6136.00"
"Fri Jul 11 2025 09:15:00 GMT+0530 (India Standard Time)","5666.00","5959.00","5660.00","5892.00"
"Fri Jul 11 2025 09:20:00 GMT+0530 (India Standard Time)","5891.50","5919.50","5857.50","5915.00"
"Fri Jul 11 2025 09:25:00 GMT+0530 (India Standard Time)","5915.00","5945.50","5901.50","5902.50"
"Fri Jul 11 2025 09:30:00 GMT+0530 (India Standard Time)","5904.50","5909.50","5878.50","5902.50"
"Fri Jul 11 2025 09:35:00 GMT+0530 (India Standard Time)","5900.00","5919.50","5898.00","5914.50"
"Fri Jul 11 2025 09:40:00 GMT+0530 (India Standard Time)","5914.50","5937.00","5912.00","5926.50"
"Fri Jul 11 2025 09:45:00 GMT+0530 (India Standard Time)","5926.50","5930.50","5894.50","5924.50"
"Fri Jul 11 2025 09:50:00 GMT+0530 (India Standard Time)","5924.50","5929.00","5890.50","5904.50"
"Fri Jul 11 2025 09:55:00 GMT+0530 (India Standard Time)","5904.50","5909.00","5880.00","5885.50"
"Fri Jul 11 2025 10:00:00 GMT+0530 (India Standard Time)","5887.50","5889.00","5862.00","5884.00"
"Fri Jul 11 2025 10:05:00 GMT+0530 (India Standard Time)","5882.50","5944.00","5876.00","5932.50"
"Fri Jul 11 2025 10:10:00 GMT+0530 (India Standard Time)","5932.50","5974.50","5927.00","5940.00"
"Fri Jul 11 2025 10:15:00 GMT+0530 (India Standard Time)","5941.00","5949.00","5911.00","5913.50"
"Fri Jul 11 2025 10:20:00 GMT+0530 (India Standard Time)","5910.50","5947.00","5910.00","5937.50"
"Fri Jul 11 2025 10:25:00 GMT+0530 (India Standard Time)","5937.50","5949.00","5933.00","5938.50"
"Fri Jul 11 2025 10:30:00 GMT+0530 (India Standard Time)","5941.00","5959.00","5931.50","5959.00"
"Fri Jul 11 2025 10:35:00 GMT+0530 (India Standard Time)","5959.00","5959.00","5945.50","5948.00"
"Fri Jul 11 2025 10:40:00 GMT+0530 (India Standard Time)","5950.50","5959.00","5946.50","5954.50"
"Fri Jul 11 2025 10:45:00 GMT+0530 (India Standard Time)","5956.00","5959.00","5946.00","5953.50"
"Fri Jul 11 2025 10:50:00 GMT+0530 (India Standard Time)","5953.50","5987.50","5952.00","5975.00"
"Fri Jul 11 2025 10:55:00 GMT+0530 (India Standard Time)","5972.50","5986.00","5968.50","5975.50"
"Fri Jul 11 2025 11:00:00 GMT+0530 (India Standard Time)","5976.00","5980.00","5965.50","5972.00"
"Fri Jul 11 2025 11:05:00 GMT+0530 (India Standard Time)","5972.50","5979.00","5966.00","5967.50"
"Fri Jul 11 2025 11:10:00 GMT+0530 (India Standard Time)","5967.50","5982.50","5966.00","5980.00"
"Fri Jul 11 2025 11:15:00 GMT+0530 (India Standard Time)","5980.00","5999.00","5977.50","5988.00"
"Fri Jul 11 2025 11:20:00 GMT+0530 (India Standard Time)","5987.00","6018.00","5986.00","6015.00"
"Fri Jul 11 2025 11:25:00 GMT+0530 (India Standard Time)","6013.00","6016.00","5996.00","6000.50"
"Fri Jul 11 2025 11:30:00 GMT+0530 (India Standard Time)","6000.50","6005.00","5995.50","5998.00"
"Fri Jul 11 2025 11:35:00 GMT+0530 (India Standard Time)","5998.00","6000.00","5987.50","5988.00"
"Fri Jul 11 2025 11:40:00 GMT+0530 (India Standard Time)","5988.00","5990.00","5974.00","5976.00"
"Fri Jul 11 2025 11:45:00 GMT+0530 (India Standard Time)","5974.50","5985.00","5956.50","5956.50"
"Fri Jul 11 2025 11:50:00 GMT+0530 (India Standard Time)","5956.00","5962.00","5944.50","5946.00"
"Fri Jul 11 2025 11:55:00 GMT+0530 (India Standard Time)","5946.00","5949.00","5916.00","5919.00"
"Fri Jul 11 2025 12:00:00 GMT+0530 (India Standard Time)","5919.00","5936.00","5911.50","5931.00"
"Fri Jul 11 2025 12:05:00 GMT+0530 (India Standard Time)","5930.50","5935.00","5925.00","5931.00"
"Fri Jul 11 2025 12:10:00 GMT+0530 (India Standard Time)","5931.00","5958.00","5928.50","5952.50"
"Fri Jul 11 2025 12:15:00 GMT+0530 (India Standard Time)","5952.50","5987.50","5940.00","5983.50"
"Fri Jul 11 2025 12:20:00 GMT+0530 (India Standard Time)","5982.50","5987.00","5968.50","5980.00"
"Fri Jul 11 2025 12:25:00 GMT+0530 (India Standard Time)","5979.50","5997.00","5975.00","5990.50"
"Fri Jul 11 2025 12:30:00 GMT+0530 (India Standard Time)","5990.50","5997.50","5988.00","5988.00"
"Fri Jul 11 2025 12:35:00 GMT+0530 (India Standard Time)","5988.00","5995.00","5983.50","5995.00"
"Fri Jul 11 2025 12:40:00 GMT+0530 (India Standard Time)","5995.00","5995.00","5978.00","5990.00"
"Fri Jul 11 2025 12:45:00 GMT+0530 (India Standard Time)","5990.00","6004.00","5987.50","5998.00"
"Fri Jul 11 2025 12:50:00 GMT+0530 (India Standard Time)","5998.00","6005.00","5992.00","5997.50"
"Fri Jul 11 2025 12:55:00 GMT+0530 (India Standard Time)","5997.50","6004.00","5995.00","6000.00"
"Fri Jul 11 2025 13:00:00 GMT+0530 (India Standard Time)","6000.00","6003.50","5987.00","5987.50"
"Fri Jul 11 2025 13:05:00 GMT+0530 (India Standard Time)","5990.00","5991.00","5980.50","5984.00"
"Fri Jul 11 2025 13:10:00 GMT+0530 (India Standard Time)","5984.00","5990.00","5982.50","5987.50"
"Fri Jul 11 2025 13:15:00 GMT+0530 (India Standard Time)","5987.50","5995.50","5986.50","5993.50"
"Fri Jul 11 2025 13:20:00 GMT+0530 (India Standard Time)","5993.50","6002.50","5987.50","6000.00"
"Fri Jul 11 2025 13:25:00 GMT+0530 (India Standard Time)","6000.00","6000.00","5992.50","5996.00"
"Fri Jul 11 2025 13:30:00 GMT+0530 (India Standard Time)","5996.00","5999.00","5993.00","5996.00"
"Fri Jul 11 2025 13:35:00 GMT+0530 (India Standard Time)","5996.00","6002.50","5992.50","5995.00"
"Fri Jul 11 2025 13:40:00 GMT+0530 (India Standard Time)","5995.00","6054.00","5994.00","6032.50"
"Fri Jul 11 2025 13:45:00 GMT+0530 (India Standard Time)","6036.50","6039.00","6020.00","6033.50"
"Fri Jul 11 2025 13:50:00 GMT+0530 (India Standard Time)","6033.50","6033.50","6021.00","6033.00"
"Fri Jul 11 2025 13:55:00 GMT+0530 (India Standard Time)","6034.00","6041.50","6026.00","6038.00"
"Fri Jul 11 2025 14:00:00 GMT+0530 (India Standard Time)","6038.00","6038.50","6022.00","6032.00"
"Fri Jul 11 2025 14:05:00 GMT+0530 (India Standard Time)","6031.00","6040.00","6030.00","6034.50"
"Fri Jul 11 2025 14:10:00 GMT+0530 (India Standard Time)","6035.00","6047.00","6030.50","6039.00"
"Fri Jul 11 2025 14:15:00 GMT+0530 (India Standard Time)","6039.00","6040.50","6030.00","6030.00"
"Fri Jul 11 2025 14:20:00 GMT+0530 (India Standard Time)","6030.50","6034.50","6025.00","6032.00"
"Fri Jul 11 2025 14:25:00 GMT+0530 (India Standard Time)","6032.00","6040.00","6031.00","6034.50"
"Fri Jul 11 2025 14:30:00 GMT+0530 (India Standard Time)","6034.50","6042.00","6030.50","6036.00"
"Fri Jul 11 2025 14:35:00 GMT+0530 (India Standard Time)","6036.00","6044.00","6033.50","6041.50"
"Fri Jul 11 2025 14:40:00 GMT+0530 (India Standard Time)","6041.50","6049.00","6041.00","6045.50"
"Fri Jul 11 2025 14:45:00 GMT+0530 (India Standard Time)","6060.00","6068.00","6046.00","6055.50"
"Fri Jul 11 2025 14:50:00 GMT+0530 (India Standard Time)","6055.50","6068.00","6050.00","6066.50"
"Fri Jul 11 2025 14:55:00 GMT+0530 (India Standard Time)","6066.50","6079.50","6065.50","6074.50"
"Fri Jul 11 2025 15:00:00 GMT+0530 (India Standard Time)","6073.00","6074.50","6062.00","6068.00"
"Fri Jul 11 2025 15:05:00 GMT+0530 (India Standard Time)","6068.50","6079.50","6068.00","6079.50"
"Fri Jul 11 2025 15:10:00 GMT+0530 (India Standard Time)","6079.50","6084.50","6068.00","6075.50"
"Fri Jul 11 2025 15:15:00 GMT+0530 (India Standard Time)","6074.50","6079.50","6051.00","6062.00"
"Fri Jul 11 2025 15:20:00 GMT+0530 (India Standard Time)","6062.00","6077.00","6046.00","6049.00"
"Fri Jul 11 2025 15:25:00 GMT+0530 (India Standard Time)","6045.00","6049.50","6040.00","6040.00"
"Mon Jul 14 2025 09:15:00 GMT+0530 (India Standard Time)","6026.00","6038.50","6002.00","6024.50"
"Mon Jul 14 2025 09:20:00 GMT+0530 (India Standard Time)","6024.00","6134.00","6019.50","6088.00"
"Mon Jul 14 2025 09:25:00 GMT+0530 (India Standard Time)","6085.00","6107.50","6082.50","6102.00"
"Mon Jul 14 2025 09:30:00 GMT+0530 (India Standard Time)","6102.50","6109.00","6088.00","6097.50"
"Mon Jul 14 2025 09:35:00 GMT+0530 (India Standard Time)","6100.00","6125.50","6085.00","6111.50"
"Mon Jul 14 2025 09:40:00 GMT+0530 (India Standard Time)","6117.00","6129.00","6108.00","6108.00"
"Mon Jul 14 2025 09:45:00 GMT+0530 (India Standard Time)","6110.50","6119.00","6105.50","6114.50"
"Mon Jul 14 2025 09:50:00 GMT+0530 (India Standard Time)","6114.00","6155.50","6107.50","6142.00"
"Mon Jul 14 2025 09:55:00 GMT+0530 (India Standard Time)","6142.00","6168.00","6137.00","6152.50"
"Mon Jul 14 2025 10:00:00 GMT+0530 (India Standard Time)","6155.00","6162.50","6149.00","6149.00"
"Mon Jul 14 2025 10:05:00 GMT+0530 (India Standard Time)","6149.00","6155.50","6131.00","6136.00"
"Mon Jul 14 2025 10:10:00 GMT+0530 (India Standard Time)","6136.00","6155.00","6134.50","6155.00"
"Mon Jul 14 2025 10:15:00 GMT+0530 (India Standard Time)","6169.00","6169.00","6151.00","6154.50"
"Mon Jul 14 2025 10:20:00 GMT+0530 (India Standard Time)","6154.50","6176.00","6152.50","6173.00"
"Mon Jul 14 2025 10:25:00 GMT+0530 (India Standard Time)","6173.00","6202.50","6171.50","6183.50"
"Mon Jul 14 2025 10:30:00 GMT+0530 (India Standard Time)","6183.50","6186.00","6171.00","6171.00"
"Mon Jul 14 2025 10:35:00 GMT+0530 (India Standard Time)","6171.00","6175.00","6145.00","6148.50"
"Mon Jul 14 2025 10:40:00 GMT+0530 (India Standard Time)","6148.50","6167.50","6145.00","6165.00"
"Mon Jul 14 2025 10:45:00 GMT+0530 (India Standard Time)","6165.00","6169.50","6160.50","6166.00"
"Mon Jul 14 2025 10:50:00 GMT+0530 (India Standard Time)","6166.00","6173.50","6164.00","6171.00"
"Mon Jul 14 2025 10:55:00 GMT+0530 (India Standard Time)","6171.00","6175.00","6160.00","6161.00"
"Mon Jul 14 2025 11:00:00 GMT+0530 (India Standard Time)","6161.00","6175.00","6161.00","6173.50"
"Mon Jul 14 2025 11:05:00 GMT+0530 (India Standard Time)","6170.00","6174.00","6166.50","6166.50"
"Mon Jul 14 2025 11:10:00 GMT+0530 (India Standard Time)","6166.50","6174.00","6163.50","6174.00"
"Mon Jul 14 2025 11:15:00 GMT+0530 (India Standard Time)","6172.50","6174.50","6149.50","6149.50"
"Mon Jul 14 2025 11:20:00 GMT+0530 (India Standard Time)","6145.50","6151.50","6140.50","6142.50"
"Mon Jul 14 2025 11:25:00 GMT+0530 (India Standard Time)","6142.50","6165.50","6142.50","6156.00"
"Mon Jul 14 2025 11:30:00 GMT+0530 (India Standard Time)","6156.00","6169.00","6151.00","6169.00"
"Mon Jul 14 2025 11:35:00 GMT+0530 (India Standard Time)","6167.50","6174.00","6164.00","6173.00"
"Mon Jul 14 2025 11:40:00 GMT+0530 (India Standard Time)","6173.00","6175.00","6161.00","6161.00"
"Mon Jul 14 2025 11:45:00 GMT+0530 (India Standard Time)","6161.00","6172.50","6158.50","6172.50"
"Mon Jul 14 2025 11:50:00 GMT+0530 (India Standard Time)","6172.50","6188.00","6170.00","6170.00"
"Mon Jul 14 2025 11:55:00 GMT+0530 (India Standard Time)","6173.50","6175.50","6167.50","6173.00"
"Mon Jul 14 2025 12:00:00 GMT+0530 (India Standard Time)","6173.00","6182.00","6168.00","6168.00"
"Mon Jul 14 2025 12:05:00 GMT+0530 (India Standard Time)","6168.00","6170.00","6161.00","6162.00"
"Mon Jul 14 2025 12:10:00 GMT+0530 (India Standard Time)","6162.00","6165.00","6155.00","6156.00"
"Mon Jul 14 2025 12:15:00 GMT+0530 (India Standard Time)","6158.50","6159.00","6148.00","6152.00"
"Mon Jul 14 2025 12:20:00 GMT+0530 (India Standard Time)","6152.00","6153.50","6130.00","6136.00"
"Mon Jul 14 2025 12:25:00 GMT+0530 (India Standard Time)","6136.00","6136.00","6101.50","6106.50"
"Mon Jul 14 2025 12:30:00 GMT+0530 (India Standard Time)","6106.00","6106.00","6071.00","6080.00"
"Mon Jul 14 2025 12:35:00 GMT+0530 (India Standard Time)","6079.50","6085.00","6051.50","6057.00"
"Mon Jul 14 2025 12:40:00 GMT+0530 (India Standard Time)","6057.00","6066.00","6032.50","6037.50"
"Mon Jul 14 2025 12:45:00 GMT+0530 (India Standard Time)","6037.50","6040.00","6029.50","6038.00"
"Mon Jul 14 2025 12:50:00 GMT+0530 (India Standard Time)","6038.00","6055.50","6035.00","6045.00"
"Mon Jul 14 2025 12:55:00 GMT+0530 (India Standard Time)","6044.50","6048.50","6039.00","6047.00"
"Mon Jul 14 2025 13:00:00 GMT+0530 (India Standard Time)","6047.00","6053.00","6040.00","6052.00"
"Mon Jul 14 2025 13:05:00 GMT+0530 (India Standard Time)","6052.50","6055.00","6041.50","6041.50"
"Mon Jul 14 2025 13:10:00 GMT+0530 (India Standard Time)","6043.00","6050.00","6041.50","6049.00"
"Mon Jul 14 2025 13:15:00 GMT+0530 (India Standard Time)","6049.00","6069.50","6046.00","6065.00"
"Mon Jul 14 2025 13:20:00 GMT+0530 (India Standard Time)","6065.00","6078.00","6060.50","6075.50"
"Mon Jul 14 2025 13:25:00 GMT+0530 (India Standard Time)","6075.50","6125.00","6075.50","6114.00"
"Mon Jul 14 2025 13:30:00 GMT+0530 (India Standard Time)","6114.00","6122.00","6110.00","6110.50"
"Mon Jul 14 2025 13:35:00 GMT+0530 (India Standard Time)","6110.50","6121.00","6110.00","6118.00"
"Mon Jul 14 2025 13:40:00 GMT+0530 (India Standard Time)","6120.00","6129.50","6112.50","6114.00"
"Mon Jul 14 2025 13:45:00 GMT+0530 (India Standard Time)","6114.00","6114.50","6110.00","6114.00"
"Mon Jul 14 2025 13:50:00 GMT+0530 (India Standard Time)","6114.00","6114.00","6110.00","6110.00"
"Mon Jul 14 2025 13:55:00 GMT+0530 (India Standard Time)","6110.00","6112.00","6108.00","6111.50"
"Mon Jul 14 2025 14:00:00 GMT+0530 (India Standard Time)","6111.50","6127.00","6111.00","6123.50"
"Mon Jul 14 2025 14:05:00 GMT+0530 (India Standard Time)","6122.50","6155.50","6122.50","6151.00"
"Mon Jul 14 2025 14:10:00 GMT+0530 (India Standard Time)","6151.00","6164.50","6150.00","6162.00"
"Mon Jul 14 2025 14:15:00 GMT+0530 (India Standard Time)","6162.50","6179.00","6153.00","6170.00"
"Mon Jul 14 2025 14:20:00 GMT+0530 (India Standard Time)","6170.00","6174.00","6165.00","6165.00"
"Mon Jul 14 2025 14:25:00 GMT+0530 (India Standard Time)","6165.00","6167.50","6156.50","6162.50"
"Mon Jul 14 2025 14:30:00 GMT+0530 (India Standard Time)","6164.50","6167.50","6159.50","6163.00"
"Mon Jul 14 2025 14:35:00 GMT+0530 (India Standard Time)","6164.00","6164.00","6153.00","6161.00"
"Mon Jul 14 2025 14:40:00 GMT+0530 (India Standard Time)","6161.00","6173.00","6160.00","6171.00"
"Mon Jul 14 2025 14:45:00 GMT+0530 (India Standard Time)","6168.50","6171.00","6166.00","6170.00"
"Mon Jul 14 2025 14:50:00 GMT+0530 (India Standard Time)","6170.00","6184.00","6169.50","6178.00"
"Mon Jul 14 2025 14:55:00 GMT+0530 (India Standard Time)","6180.00","6188.00","6175.50","6188.00"
"Mon Jul 14 2025 15:00:00 GMT+0530 (India Standard Time)","6188.00","6194.00","6180.00","6181.00"
"Mon Jul 14 2025 15:05:00 GMT+0530 (India Standard Time)","6179.00","6179.00","6170.00","6175.00"
"Mon Jul 14 2025 15:10:00 GMT+0530 (India Standard Time)","6173.00","6181.50","6168.50","6181.50"
"Mon Jul 14 2025 15:15:00 GMT+0530 (India Standard Time)","6182.00","6183.00","6174.00","6178.00"
"Mon Jul 14 2025 15:20:00 GMT+0530 (India Standard Time)","6179.00","6184.50","6177.00","6178.50"
"Mon Jul 14 2025 15:25:00 GMT+0530 (India Standard Time)","6178.50","6183.00","6176.50","6178.50"
"Tue Jul 15 2025 09:15:00 GMT+0530 (India Standard Time)","6185.00","6339.00","6180.00","6300.00"
"Tue Jul 15 2025 09:20:00 GMT+0530 (India Standard Time)","6300.00","6349.00","6295.50","6345.00"
"Tue Jul 15 2025 09:25:00 GMT+0530 (India Standard Time)","6346.00","6361.50","6330.00","6350.00"
"Tue Jul 15 2025 09:30:00 GMT+0530 (India Standard Time)","6351.00","6355.00","6318.00","6343.50"
"Tue Jul 15 2025 09:35:00 GMT+0530 (India Standard Time)","6340.50","6375.00","6335.00","6375.00"
"Tue Jul 15 2025 09:40:00 GMT+0530 (India Standard Time)","6373.50","6380.00","6343.00","6343.00"
"Tue Jul 15 2025 09:45:00 GMT+0530 (India Standard Time)","6344.00","6359.50","6308.50","6313.50"
"Tue Jul 15 2025 09:50:00 GMT+0530 (India Standard Time)","6315.00","6315.00","6272.00","6282.00"
"Tue Jul 15 2025 09:55:00 GMT+0530 (India Standard Time)","6285.00","6299.00","6282.50","6298.50"
"Tue Jul 15 2025 10:00:00 GMT+0530 (India Standard Time)","6294.50","6298.50","6282.00","6293.00"
"Tue Jul 15 2025 10:05:00 GMT+0530 (India Standard Time)","6294.00","6314.00","6292.00","6308.00"
"Tue Jul 15 2025 10:10:00 GMT+0530 (India Standard Time)","6312.00","6314.00","6294.00","6310.50"
"Tue Jul 15 2025 10:15:00 GMT+0530 (India Standard Time)","6310.50","6316.50","6282.50","6290.00"
"Tue Jul 15 2025 10:20:00 GMT+0530 (India Standard Time)","6290.00","6298.00","6288.00","6290.00"
"Tue Jul 15 2025 10:25:00 GMT+0530 (India Standard Time)","6288.50","6310.00","6288.50","6307.00"
"Tue Jul 15 2025 10:30:00 GMT+0530 (India Standard Time)","6307.00","6320.00","6303.50","6308.00"
"Tue Jul 15 2025 10:35:00 GMT+0530 (India Standard Time)","6308.00","6310.50","6291.50","6291.50"
"Tue Jul 15 2025 10:40:00 GMT+0530 (India Standard Time)","6291.00","6298.00","6286.00","6294.50"
"Tue Jul 15 2025 10:45:00 GMT+0530 (India Standard Time)","6294.50","6295.00","6288.50","6290.00"
"Tue Jul 15 2025 10:50:00 GMT+0530 (India Standard Time)","6289.00","6343.00","6285.50","6342.00"
"Tue Jul 15 2025 10:55:00 GMT+0530 (India Standard Time)","6342.00","6355.00","6340.00","6341.50"
"Tue Jul 15 2025 11:00:00 GMT+0530 (India Standard Time)","6341.50","6355.00","6340.00","6350.00"
"Tue Jul 15 2025 11:05:00 GMT+0530 (India Standard Time)","6350.00","6372.00","6348.50","6371.00"
"Tue Jul 15 2025 11:10:00 GMT+0530 (India Standard Time)","6371.00","6375.00","6360.00","6367.50"
"Tue Jul 15 2025 11:15:00 GMT+0530 (India Standard Time)","6365.00","6368.50","6361.50","6365.50"
"Tue Jul 15 2025 11:20:00 GMT+0530 (India Standard Time)","6363.50","6371.00","6350.50","6363.00"
"Tue Jul 15 2025 11:25:00 GMT+0530 (India Standard Time)","6363.00","6374.50","6358.50","6374.50"
"Tue Jul 15 2025 11:30:00 GMT+0530 (India Standard Time)","6374.50","6425.00","6372.50","6411.00"
"Tue Jul 15 2025 11:35:00 GMT+0530 (India Standard Time)","6411.00","6413.00","6374.50","6376.50"
"Tue Jul 15 2025 11:40:00 GMT+0530 (India Standard Time)","6375.50","6396.00","6371.00","6393.00"
"Tue Jul 15 2025 11:45:00 GMT+0530 (India Standard Time)","6392.50","6399.50","6389.50","6393.00"
"Tue Jul 15 2025 11:50:00 GMT+0530 (India Standard Time)","6393.00","6398.00","6388.00","6388.00"
"Tue Jul 15 2025 11:55:00 GMT+0530 (India Standard Time)","6388.00","6390.00","6377.00","6387.00"
"Tue Jul 15 2025 12:00:00 GMT+0530 (India Standard Time)","6389.50","6390.00","6383.00","6384.00"
"Tue Jul 15 2025 12:05:00 GMT+0530 (India Standard Time)","6386.50","6390.50","6381.50","6382.00"
"Tue Jul 15 2025 12:10:00 GMT+0530 (India Standard Time)","6382.00","6392.00","6381.00","6385.00"
"Tue Jul 15 2025 12:15:00 GMT+0530 (India Standard Time)","6385.00","6390.00","6380.00","6386.50"
"Tue Jul 15 2025 12:20:00 GMT+0530 (India Standard Time)","6386.50","6391.00","6385.50","6388.50"
"Tue Jul 15 2025 12:25:00 GMT+0530 (India Standard Time)","6388.50","6396.00","6388.50","6395.50"
"Tue Jul 15 2025 12:30:00 GMT+0530 (India Standard Time)","6395.50","6409.50","6395.50","6403.00"
"Tue Jul 15 2025 12:35:00 GMT+0530 (India Standard Time)","6403.00","6405.00","6395.50","6405.00"
"Tue Jul 15 2025 12:40:00 GMT+0530 (India Standard Time)","6405.00","6407.00","6401.00","6404.00"
"Tue Jul 15 2025 12:45:00 GMT+0530 (India Standard Time)","6404.00","6404.00","6397.50","6398.00"
"Tue Jul 15 2025 12:50:00 GMT+0530 (India Standard Time)","6398.00","6400.00","6388.00","6393.00"
"Tue Jul 15 2025 12:55:00 GMT+0530 (India Standard Time)","6393.00","6396.00","6390.00","6391.00"
"Tue Jul 15 2025 13:00:00 GMT+0530 (India Standard Time)","6390.00","6403.00","6390.00","6400.50"
"Tue Jul 15 2025 13:05:00 GMT+0530 (India Standard Time)","6402.00","6403.00","6396.00","6398.00"
"Tue Jul 15 2025 13:10:00 GMT+0530 (India Standard Time)","6398.00","6400.00","6391.00","6393.50"
"Tue Jul 15 2025 13:15:00 GMT+0530 (India Standard Time)","6393.50","6393.50","6381.50","6382.50"
"Tue Jul 15 2025 13:20:00 GMT+0530 (India Standard Time)","6382.50","6389.00","6336.50","6343.00"
"Tue Jul 15 2025 13:25:00 GMT+0530 (India Standard Time)","6343.00","6354.50","6338.50","6338.50"
"Tue Jul 15 2025 13:30:00 GMT+0530 (India Standard Time)","6338.50","6352.00","6330.50","6343.00"
"Tue Jul 15 2025 13:35:00 GMT+0530 (India Standard Time)","6340.00","6346.50","6313.50","6319.00"
"Tue Jul 15 2025 13:40:00 GMT+0530 (India Standard Time)","6319.00","6322.50","6303.00","6313.50"
"Tue Jul 15 2025 13:45:00 GMT+0530 (India Standard Time)","6313.50","6313.50","6277.50","6283.50"
"Tue Jul 15 2025 13:50:00 GMT+0530 (India Standard Time)","6283.50","6284.50","6273.00","6284.50"
"Tue Jul 15 2025 13:55:00 GMT+0530 (India Standard Time)","6284.50","6284.50","6275.00","6278.00"
"Tue Jul 15 2025 14:00:00 GMT+0530 (India Standard Time)","6278.50","6299.50","6272.00","6296.00"
"Tue Jul 15 2025 14:05:00 GMT+0530 (India Standard Time)","6296.00","6332.00","6296.00","6325.50"
"Tue Jul 15 2025 14:10:00 GMT+0530 (India Standard Time)","6325.50","6359.00","6325.00","6357.00"
"Tue Jul 15 2025 14:15:00 GMT+0530 (India Standard Time)","6357.00","6359.00","6341.50","6341.50"
"Tue Jul 15 2025 14:20:00 GMT+0530 (India Standard Time)","6341.50","6346.50","6338.00","6338.00"
"Tue Jul 15 2025 14:25:00 GMT+0530 (India Standard Time)","6338.50","6343.50","6330.50","6339.00"
"Tue Jul 15 2025 14:30:00 GMT+0530 (India Standard Time)","6339.00","6342.50","6334.50","6337.50"
"Tue Jul 15 2025 14:35:00 GMT+0530 (India Standard Time)","6337.50","6337.50","6326.50","6331.00"
"Tue Jul 15 2025 14:40:00 GMT+0530 (India Standard Time)","6331.00","6342.00","6330.00","6342.00"
"Tue Jul 15 2025 14:45:00 GMT+0530 (India Standard Time)","6342.00","6342.00","6334.00","6335.00"
"Tue Jul 15 2025 14:50:00 GMT+0530 (India Standard Time)","6335.00","6338.00","6332.50","6335.50"
"Tue Jul 15 2025 14:55:00 GMT+0530 (India Standard Time)","6335.50","6350.00","6335.50","6348.50"
"Tue Jul 15 2025 15:00:00 GMT+0530 (India Standard Time)","6348.50","6374.00","6348.50","6373.00"
"Tue Jul 15 2025 15:05:00 GMT+0530 (India Standard Time)","6372.50","6380.00","6371.50","6380.00"
"Tue Jul 15 2025 15:10:00 GMT+0530 (India Standard Time)","6378.00","6389.00","6373.00","6388.50"
"Tue Jul 15 2025 15:15:00 GMT+0530 (India Standard Time)","6388.50","6392.50","6379.50","6389.50"
"Tue Jul 15 2025 15:20:00 GMT+0530 (India Standard Time)","6389.50","6392.00","6380.00","6385.00"
"Tue Jul 15 2025 15:25:00 GMT+0530 (India Standard Time)","6387.00","6388.00","6380.00","6380.00"
"Wed Jul 16 2025 09:15:00 GMT+0530 (India Standard Time)","6439.50","6439.50","6370.00","6401.50"
"Wed Jul 16 2025 09:20:00 GMT+0530 (India Standard Time)","6407.50","6416.00","6392.00","6396.00"
"Wed Jul 16 2025 09:25:00 GMT+0530 (India Standard Time)","6396.00","6396.00","6378.00","6390.00"
"Wed Jul 16 2025 09:30:00 GMT+0530 (India Standard Time)","6388.50","6392.50","6383.50","6388.00"
"Wed Jul 16 2025 09:35:00 GMT+0530 (India Standard Time)","6388.00","6393.50","6373.50","6373.50"
"Wed Jul 16 2025 09:40:00 GMT+0530 (India Standard Time)","6373.50","6381.00","6366.00","6376.50"
"Wed Jul 16 2025 09:45:00 GMT+0530 (India Standard Time)","6378.50","6411.50","6374.50","6403.00"
"Wed Jul 16 2025 09:50:00 GMT+0530 (India Standard Time)","6403.00","6404.00","6382.00","6382.00"
"Wed Jul 16 2025 09:55:00 GMT+0530 (India Standard Time)","6382.00","6387.00","6375.00","6377.50"
"Wed Jul 16 2025 10:00:00 GMT+0530 (India Standard Time)","6377.50","6391.50","6374.00","6380.00"
"Wed Jul 16 2025 10:05:00 GMT+0530 (India Standard Time)","6380.00","6382.50","6359.00","6371.50"
"Wed Jul 16 2025 10:10:00 GMT+0530 (India Standard Time)","6371.50","6371.50","6337.50","6346.00"
"Wed Jul 16 2025 10:15:00 GMT+0530 (India Standard Time)","6345.50","6356.00","6341.50","6351.50"
"Wed Jul 16 2025 10:20:00 GMT+0530 (India Standard Time)","6355.50","6366.00","6351.00","6366.00"
"Wed Jul 16 2025 10:25:00 GMT+0530 (India Standard Time)","6366.00","6368.50","6357.50","6362.50"
"Wed Jul 16 2025 10:30:00 GMT+0530 (India Standard Time)","6362.50","6364.50","6355.00","6355.00"
"Wed Jul 16 2025 10:35:00 GMT+0530 (India Standard Time)","6355.00","6358.50","6352.50","6353.00"
"Wed Jul 16 2025 10:40:00 GMT+0530 (India Standard Time)","6353.00","6361.50","6352.50","6353.00"
"Wed Jul 16 2025 10:45:00 GMT+0530 (India Standard Time)","6353.00","6356.00","6350.00","6352.00"
"Wed Jul 16 2025 10:50:00 GMT+0530 (India Standard Time)","6352.00","6358.50","6352.00","6356.50"
"Wed Jul 16 2025 10:55:00 GMT+0530 (India Standard Time)","6356.50","6361.50","6353.00","6361.50"
"Wed Jul 16 2025 11:00:00 GMT+0530 (India Standard Time)","6361.00","6362.50","6350.00","6352.00"
"Wed Jul 16 2025 11:05:00 GMT+0530 (India Standard Time)","6352.00","6358.00","6350.00","6356.50"
"Wed Jul 16 2025 11:10:00 GMT+0530 (India Standard Time)","6356.50","6357.50","6352.50","6354.00"
"Wed Jul 16 2025 11:15:00 GMT+0530 (India Standard Time)","6354.00","6358.00","6353.00","6358.00"
"Wed Jul 16 2025 11:20:00 GMT+0530 (India Standard Time)","6358.00","6365.00","6355.00","6363.00"
"Wed Jul 16 2025 11:25:00 GMT+0530 (India Standard Time)","6363.00","6363.00","6357.00","6358.50"
"Wed Jul 16 2025 11:30:00 GMT+0530 (India Standard Time)","6358.00","6360.00","6350.00","6353.00"
"Wed Jul 16 2025 11:35:00 GMT+0530 (India Standard Time)","6353.00","6359.00","6352.50","6355.50"
"Wed Jul 16 2025 11:40:00 GMT+0530 (India Standard Time)","6355.50","6355.50","6345.00","6347.50"
"Wed Jul 16 2025 11:45:00 GMT+0530 (India Standard Time)","6347.50","6356.00","6345.00","6351.50"
"Wed Jul 16 2025 11:50:00 GMT+0530 (India Standard Time)","6351.50","6365.50","6351.50","6364.00"
"Wed Jul 16 2025 11:55:00 GMT+0530 (India Standard Time)","6365.00","6365.00","6357.00","6359.50"
"Wed Jul 16 2025 12:00:00 GMT+0530 (India Standard Time)","6360.00","6362.00","6349.50","6350.00"
"Wed Jul 16 2025 12:05:00 GMT+0530 (India Standard Time)","6350.00","6351.00","6315.00","6326.50"
"Wed Jul 16 2025 12:10:00 GMT+0530 (India Standard Time)","6326.50","6334.50","6325.00","6333.50"
"Wed Jul 16 2025 12:15:00 GMT+0530 (India Standard Time)","6333.50","6339.50","6330.50","6332.00"
"Wed Jul 16 2025 12:20:00 GMT+0530 (India Standard Time)","6331.00","6334.50","6325.00","6325.00"
"Wed Jul 16 2025 12:25:00 GMT+0530 (India Standard Time)","6325.00","6332.00","6325.00","6329.00"
"Wed Jul 16 2025 12:30:00 GMT+0530 (India Standard Time)","6330.00","6339.00","6329.00","6334.50"
"Wed Jul 16 2025 12:35:00 GMT+0530 (India Standard Time)","6334.50","6342.50","6332.50","6342.50"
"Wed Jul 16 2025 12:40:00 GMT+0530 (India Standard Time)","6339.50","6344.00","6337.00","6339.00"
"Wed Jul 16 2025 12:45:00 GMT+0530 (India Standard Time)","6339.00","6343.50","6322.00","6328.00"
"Wed Jul 16 2025 12:50:00 GMT+0530 (India Standard Time)","6328.00","6334.50","6327.50","6333.50"
"Wed Jul 16 2025 12:55:00 GMT+0530 (India Standard Time)","6332.00","6334.50","6330.00","6332.50"
"Wed Jul 16 2025 13:00:00 GMT+0530 (India Standard Time)","6332.50","6338.50","6329.50","6335.50"
"Wed Jul 16 2025 13:05:00 GMT+0530 (India Standard Time)","6335.50","6339.00","6333.00","6337.50"
"Wed Jul 16 2025 13:10:00 GMT+0530 (India Standard Time)","6337.50","6340.00","6334.00","6337.50"
"Wed Jul 16 2025 13:15:00 GMT+0530 (India Standard Time)","6337.50","6345.00","6334.50","6341.50"
"Wed Jul 16 2025 13:20:00 GMT+0530 (India Standard Time)","6341.50","6353.00","6341.50","6348.00"
"Wed Jul 16 2025 13:25:00 GMT+0530 (India Standard Time)","6350.00","6353.00","6345.50","6351.50"
"Wed Jul 16 2025 13:30:00 GMT+0530 (India Standard Time)","6351.50","6352.00","6340.00","6340.00"
"Wed Jul 16 2025 13:35:00 GMT+0530 (India Standard Time)","6339.50","6350.00","6335.00","6350.00"
"Wed Jul 16 2025 13:40:00 GMT+0530 (India Standard Time)","6350.00","6352.00","6342.00","6342.50"
"Wed Jul 16 2025 13:45:00 GMT+0530 (India Standard Time)","6342.50","6347.00","6342.00","6347.00"
"Wed Jul 16 2025 13:50:00 GMT+0530 (India Standard Time)","6347.00","6347.50","6338.50","6338.50"
"Wed Jul 16 2025 13:55:00 GMT+0530 (India Standard Time)","6338.50","6343.00","6338.50","6338.50"
"Wed Jul 16 2025 14:00:00 GMT+0530 (India Standard Time)","6338.50","6338.50","6334.50","6337.50"
"Wed Jul 16 2025 14:05:00 GMT+0530 (India Standard Time)","6337.50","6337.50","6330.00","6330.50"
"Wed Jul 16 2025 14:10:00 GMT+0530 (India Standard Time)","6330.50","6333.00","6328.50","6333.00"
"Wed Jul 16 2025 14:15:00 GMT+0530 (India Standard Time)","6333.00","6335.00","6327.50","6332.00"
"Wed Jul 16 2025 14:20:00 GMT+0530 (India Standard Time)","6332.00","6340.00","6330.00","6331.00"
"Wed Jul 16 2025 14:25:00 GMT+0530 (India Standard Time)","6330.00","6334.00","6325.00","6327.00"
"Wed Jul 16 2025 14:30:00 GMT+0530 (India Standard Time)","6325.00","6335.50","6323.00","6331.00"
"Wed Jul 16 2025 14:35:00 GMT+0530 (India Standard Time)","6331.00","6338.00","6331.00","6334.00"
"Wed Jul 16 2025 14:40:00 GMT+0530 (India Standard Time)","6334.00","6335.50","6332.00","6332.50"
"Wed Jul 16 2025 14:45:00 GMT+0530 (India Standard Time)","6332.50","6338.00","6332.50","6335.00"
"Wed Jul 16 2025 14:50:00 GMT+0530 (India Standard Time)","6335.00","6336.00","6321.50","6330.50"
"Wed Jul 16 2025 14:55:00 GMT+0530 (India Standard Time)","6332.00","6332.00","6323.00","6328.00"
"Wed Jul 16 2025 15:00:00 GMT+0530 (India Standard Time)","6323.50","6328.50","6317.00","6317.00"
"Wed Jul 16 2025 15:05:00 GMT+0530 (India Standard Time)","6317.00","6322.00","6315.50","6318.50"
"Wed Jul 16 2025 15:10:00 GMT+0530 (India Standard Time)","6318.00","6322.50","6316.50","6317.00"
"Wed Jul 16 2025 15:15:00 GMT+0530 (India Standard Time)","6317.50","6318.50","6305.00","6305.50"
"Wed Jul 16 2025 15:20:00 GMT+0530 (India Standard Time)","6305.00","6307.50","6296.00","6300.00"
"Wed Jul 16 2025 15:25:00 GMT+0530 (India Standard Time)","6296.50","6313.00","6296.00","6310.00"
"Thu Jul 17 2025 09:15:00 GMT+0530 (India Standard Time)","6313.00","6319.50","6279.00","6279.00"
"Thu Jul 17 2025 09:20:00 GMT+0530 (India Standard Time)","6280.00","6306.50","6278.50","6282.00"
"Thu Jul 17 2025 09:25:00 GMT+0530 (India Standard Time)","6282.00","6296.00","6277.50","6285.50"
"Thu Jul 17 2025 09:30:00 GMT+0530 (India Standard Time)","6290.00","6307.00","6285.00","6296.00"
"Thu Jul 17 2025 09:35:00 GMT+0530 (India Standard Time)","6297.00","6297.00","6285.50","6287.50"
"Thu Jul 17 2025 09:40:00 GMT+0530 (India Standard Time)","6291.50","6292.50","6283.00","6289.00"
"Thu Jul 17 2025 09:45:00 GMT+0530 (India Standard Time)","6292.00","6296.00","6283.00","6293.00"
"Thu Jul 17 2025 09:50:00 GMT+0530 (India Standard Time)","6293.00","6321.50","6285.50","6318.50"
"Thu Jul 17 2025 09:55:00 GMT+0530 (India Standard Time)","6318.50","6320.00","6305.00","6310.50"
"Thu Jul 17 2025 10:00:00 GMT+0530 (India Standard Time)","6310.50","6310.50","6300.50","6304.50"
"Thu Jul 17 2025 10:05:00 GMT+0530 (India Standard Time)","6304.50","6304.50","6299.50","6301.50"
"Thu Jul 17 2025 10:10:00 GMT+0530 (India Standard Time)","6301.50","6306.50","6301.00","6306.50"
"Thu Jul 17 2025 10:15:00 GMT+0530 (India Standard Time)","6303.50","6312.50","6301.00","6303.00"
"Thu Jul 17 2025 10:20:00 GMT+0530 (India Standard Time)","6303.00","6316.00","6301.50","6310.50"
"Thu Jul 17 2025 10:25:00 GMT+0530 (India Standard Time)","6310.50","6320.50","6308.50","6320.50"
"Thu Jul 17 2025 10:30:00 GMT+0530 (India Standard Time)","6320.50","6320.50","6300.00","6303.00"
"Thu Jul 17 2025 10:35:00 GMT+0530 (India Standard Time)","6303.00","6305.00","6297.00","6301.00"
"Thu Jul 17 2025 10:40:00 GMT+0530 (India Standard Time)","6301.00","6303.50","6275.00","6280.50"
"Thu Jul 17 2025 10:45:00 GMT+0530 (India Standard Time)","6285.00","6285.00","6278.00","6281.00"
"Thu Jul 17 2025 10:50:00 GMT+0530 (India Standard Time)","6281.00","6283.00","6278.00","6280.00"
"Thu Jul 17 2025 10:55:00 GMT+0530 (India Standard Time)","6283.50","6289.50","6280.50","6286.00"
"Thu Jul 17 2025 11:00:00 GMT+0530 (India Standard Time)","6286.00","6289.00","6267.50","6270.50"
"Thu Jul 17 2025 11:05:00 GMT+0530 (India Standard Time)","6270.50","6276.00","6265.00","6265.00"
"Thu Jul 17 2025 11:10:00 GMT+0530 (India Standard Time)","6265.00","6278.50","6265.00","6273.50"
"Thu Jul 17 2025 11:15:00 GMT+0530 (India Standard Time)","6273.50","6277.50","6272.50","6273.50"
"Thu Jul 17 2025 11:20:00 GMT+0530 (India Standard Time)","6276.00","6276.50","6266.50","6271.50"
"Thu Jul 17 2025 11:25:00 GMT+0530 (India Standard Time)","6271.50","6277.50","6270.00","6277.50"
"Thu Jul 17 2025 11:30:00 GMT+0530 (India Standard Time)","6277.50","6285.00","6276.00","6280.00"
"Thu Jul 17 2025 11:35:00 GMT+0530 (India Standard Time)","6280.00","6284.00","6278.00","6282.00"
"Thu Jul 17 2025 11:40:00 GMT+0530 (India Standard Time)","6282.00","6283.50","6280.00","6280.00"
"Thu Jul 17 2025 11:45:00 GMT+0530 (India Standard Time)","6280.00","6283.00","6270.00","6272.50"
"Thu Jul 17 2025 11:50:00 GMT+0530 (India Standard Time)","6272.50","6275.00","6270.50","6271.00"
"Thu Jul 17 2025 11:55:00 GMT+0530 (India Standard Time)","6271.00","6274.50","6270.00","6270.00"
"Thu Jul 17 2025 12:00:00 GMT+0530 (India Standard Time)","6270.00","6276.00","6269.00","6276.00"
"Thu Jul 17 2025 12:05:00 GMT+0530 (India Standard Time)","6276.00","6280.00","6273.00","6280.00"
"Thu Jul 17 2025 12:10:00 GMT+0530 (India Standard Time)","6280.00","6280.00","6271.00","6271.00"
"Thu Jul 17 2025 12:15:00 GMT+0530 (India Standard Time)","6273.50","6273.50","6263.00","6268.00"
"Thu Jul 17 2025 12:20:00 GMT+0530 (India Standard Time)","6268.00","6273.00","6266.00","6270.00"
"Thu Jul 17 2025 12:25:00 GMT+0530 (India Standard Time)","6270.00","6271.00","6265.00","6267.00"
"Thu Jul 17 2025 12:30:00 GMT+0530 (India Standard Time)","6267.00","6267.00","6256.00","6261.00"
"Thu Jul 17 2025 12:35:00 GMT+0530 (India Standard Time)","6261.00","6262.00","6255.00","6259.00"
"Thu Jul 17 2025 12:40:00 GMT+0530 (India Standard Time)","6259.00","6259.00","6251.50","6258.00"
"Thu Jul 17 2025 12:45:00 GMT+0530 (India Standard Time)","6258.00","6269.00","6258.00","6262.50"
"Thu Jul 17 2025 12:50:00 GMT+0530 (India Standard Time)","6262.50","6262.50","6252.50","6255.50"
"Thu Jul 17 2025 12:55:00 GMT+0530 (India Standard Time)","6253.00","6259.50","6253.00","6256.00"
"Thu Jul 17 2025 13:00:00 GMT+0530 (India Standard Time)","6256.00","6257.00","6235.00","6245.00"
"Thu Jul 17 2025 13:05:00 GMT+0530 (India Standard Time)","6245.00","6246.00","6231.00","6234.00"
"Thu Jul 17 2025 13:10:00 GMT+0530 (India Standard Time)","6234.00","6235.00","6225.50","6234.00"
"Thu Jul 17 2025 13:15:00 GMT+0530 (India Standard Time)","6234.00","6240.00","6230.50","6233.50"
"Thu Jul 17 2025 13:20:00 GMT+0530 (India Standard Time)","6233.50","6238.50","6233.50","6234.50"
"Thu Jul 17 2025 13:25:00 GMT+0530 (India Standard Time)","6234.50","6238.50","6228.50","6231.00"
"Thu Jul 17 2025 13:30:00 GMT+0530 (India Standard Time)","6233.50","6233.50","6220.50","6220.50"
"Thu Jul 17 2025 13:35:00 GMT+0530 (India Standard Time)","6220.50","6232.00","6220.50","6229.50"
"Thu Jul 17 2025 13:40:00 GMT+0530 (India Standard Time)","6229.50","6232.00","6226.50","6230.00"
"Thu Jul 17 2025 13:45:00 GMT+0530 (India Standard Time)","6230.00","6238.00","6230.00","6235.00"
"Thu Jul 17 2025 13:50:00 GMT+0530 (India Standard Time)","6235.00","6237.50","6201.50","6201.50"
"Thu Jul 17 2025 13:55:00 GMT+0530 (India Standard Time)","6204.00","6217.50","6203.00","6207.00"
"Thu Jul 17 2025 14:00:00 GMT+0530 (India Standard Time)","6207.00","6214.00","6205.00","6210.00"
"Thu Jul 17 2025 14:05:00 GMT+0530 (India Standard Time)","6212.00","6219.00","6212.00","6214.00"
"Thu Jul 17 2025 14:10:00 GMT+0530 (India Standard Time)","6217.00","6219.00","6210.50","6214.00"
"Thu Jul 17 2025 14:15:00 GMT+0530 (India Standard Time)","6214.00","6216.00","6208.00","6208.00"
"Thu Jul 17 2025 14:20:00 GMT+0530 (India Standard Time)","6208.00","6210.50","6208.00","6208.00"
"Thu Jul 17 2025 14:25:00 GMT+0530 (India Standard Time)","6208.00","6208.50","6205.50","6206.00"
"Thu Jul 17 2025 14:30:00 GMT+0530 (India Standard Time)","6206.00","6218.00","6201.50","6213.00"
"Thu Jul 17 2025 14:35:00 GMT+0530 (India Standard Time)","6213.00","6223.50","6213.00","6220.00"
"Thu Jul 17 2025 14:40:00 GMT+0530 (India Standard Time)","6220.00","6228.50","6218.00","6218.50"
"Thu Jul 17 2025 14:45:00 GMT+0530 (India Standard Time)","6218.50","6219.00","6212.00","6213.00"
"Thu Jul 17 2025 14:50:00 GMT+0530 (India Standard Time)","6213.00","6216.00","6211.00","6212.50"
"Thu Jul 17 2025 14:55:00 GMT+0530 (India Standard Time)","6211.00","6215.00","6209.00","6212.00"
"Thu Jul 17 2025 15:00:00 GMT+0530 (India Standard Time)","6213.00","6218.00","6196.00","6202.50"
"Thu Jul 17 2025 15:05:00 GMT+0530 (India Standard Time)","6202.50","6203.50","6195.00","6202.00"
"Thu Jul 17 2025 15:10:00 GMT+0530 (India Standard Time)","6202.00","6205.00","6195.00","6199.50"
"Thu Jul 17 2025 15:15:00 GMT+0530 (India Standard Time)","6200.00","6200.00","6184.00","6189.50"
"Thu Jul 17 2025 15:20:00 GMT+0530 (India Standard Time)","6190.00","6199.00","6189.50","6198.00"
"Thu Jul 17 2025 15:25:00 GMT+0530 (India Standard Time)","6197.00","6197.50","6187.00","6190.00"
"Fri Jul 18 2025 09:15:00 GMT+0530 (India Standard Time)","6196.50","6200.00","6169.50","6200.00"
"Fri Jul 18 2025 09:20:00 GMT+0530 (India Standard Time)","6199.00","6223.00","6193.50","6212.50"
"Fri Jul 18 2025 09:25:00 GMT+0530 (India Standard Time)","6214.50","6216.50","6206.50","6210.50"
"Fri Jul 18 2025 09:30:00 GMT+0530 (India Standard Time)","6210.50","6210.50","6200.00","6201.00"
"Fri Jul 18 2025 09:35:00 GMT+0530 (India Standard Time)","6202.00","6212.50","6200.00","6212.50"
"Fri Jul 18 2025 09:40:00 GMT+0530 (India Standard Time)","6209.00","6225.00","6192.50","6197.50"
"Fri Jul 18 2025 09:45:00 GMT+0530 (India Standard Time)","6194.00","6194.00","6175.00","6181.50"
"Fri Jul 18 2025 09:50:00 GMT+0530 (India Standard Time)","6181.50","6198.50","6178.50","6189.50"
"Fri Jul 18 2025 09:55:00 GMT+0530 (India Standard Time)","6189.50","6213.50","6188.00","6195.00"
"Fri Jul 18 2025 10:00:00 GMT+0530 (India Standard Time)","6196.50","6198.00","6184.00","6188.00"
"Fri Jul 18 2025 10:05:00 GMT+0530 (India Standard Time)","6188.00","6188.00","6170.00","6177.00"
"Fri Jul 18 2025 10:10:00 GMT+0530 (India Standard Time)","6176.50","6176.50","6153.50","6170.00"
"Fri Jul 18 2025 10:15:00 GMT+0530 (India Standard Time)","6167.00","6167.00","6143.00","6150.00"
"Fri Jul 18 2025 10:20:00 GMT+0530 (India Standard Time)","6149.00","6161.00","6145.50","6158.50"
"Fri Jul 18 2025 10:25:00 GMT+0530 (India Standard Time)","6158.50","6159.00","6145.00","6145.00"
"Fri Jul 18 2025 10:30:00 GMT+0530 (India Standard Time)","6145.00","6145.00","6135.50","6143.50"
"Fri Jul 18 2025 10:35:00 GMT+0530 (India Standard Time)","6143.50","6149.00","6139.00","6141.50"
"Fri Jul 18 2025 10:40:00 GMT+0530 (India Standard Time)","6141.50","6142.50","6126.00","6130.50"
"Fri Jul 18 2025 10:45:00 GMT+0530 (India Standard Time)","6130.50","6136.00","6130.00","6132.00"
"Fri Jul 18 2025 10:50:00 GMT+0530 (India Standard Time)","6132.00","6138.50","6132.00","6138.50"
"Fri Jul 18 2025 10:55:00 GMT+0530 (India Standard Time)","6138.50","6140.50","6130.50","6130.50"
"Fri Jul 18 2025 11:00:00 GMT+0530 (India Standard Time)","6131.50","6136.50","6125.00","6133.00"
"Fri Jul 18 2025 11:05:00 GMT+0530 (India Standard Time)","6133.00","6145.00","6133.00","6145.00"
"Fri Jul 18 2025 11:10:00 GMT+0530 (India Standard Time)","6141.00","6145.00","6136.50","6143.00"
"Fri Jul 18 2025 11:15:00 GMT+0530 (India Standard Time)","6143.00","6151.00","6141.00","6150.00"
"Fri Jul 18 2025 11:20:00 GMT+0530 (India Standard Time)","6150.00","6161.00","6150.00","6150.50"
"Fri Jul 18 2025 11:25:00 GMT+0530 (India Standard Time)","6150.50","6160.00","6150.50","6160.00"
"Fri Jul 18 2025 11:30:00 GMT+0530 (India Standard Time)","6160.00","6169.50","6157.00","6161.00"
"Fri Jul 18 2025 11:35:00 GMT+0530 (India Standard Time)","6161.00","6168.00","6159.50","6164.00"
"Fri Jul 18 2025 11:40:00 GMT+0530 (India Standard Time)","6164.00","6183.50","6164.00","6167.00"
"Fri Jul 18 2025 11:45:00 GMT+0530 (India Standard Time)","6176.00","6195.50","6176.00","6189.50"
"Fri Jul 18 2025 11:50:00 GMT+0530 (India Standard Time)","6190.00","6197.00","6185.00","6185.00"
"Fri Jul 18 2025 11:55:00 GMT+0530 (India Standard Time)","6185.00","6185.00","6166.00","6169.50"
"Fri Jul 18 2025 12:00:00 GMT+0530 (India Standard Time)","6170.00","6170.00","6157.00","6161.00"
"Fri Jul 18 2025 12:05:00 GMT+0530 (India Standard Time)","6161.00","6178.50","6160.50","6178.50"
"Fri Jul 18 2025 12:10:00 GMT+0530 (India Standard Time)","6178.50","6181.00","6175.00","6175.50"
"Fri Jul 18 2025 12:15:00 GMT+0530 (India Standard Time)","6177.00","6179.50","6170.50","6174.00"
"Fri Jul 18 2025 12:20:00 GMT+0530 (India Standard Time)","6174.00","6190.00","6170.00","6179.00"
"Fri Jul 18 2025 12:25:00 GMT+0530 (India Standard Time)","6179.00","6183.50","6172.50","6172.50"
"Fri Jul 18 2025 12:30:00 GMT+0530 (India Standard Time)","6172.50","6177.00","6172.50","6175.50"
"Fri Jul 18 2025 12:35:00 GMT+0530 (India Standard Time)","6175.50","6175.50","6161.00","6163.00"
"Fri Jul 18 2025 12:40:00 GMT+0530 (India Standard Time)","6163.00","6167.00","6148.00","6148.00"
"Fri Jul 18 2025 12:45:00 GMT+0530 (India Standard Time)","6148.00","6149.00","6140.00","6142.00"
"Fri Jul 18 2025 12:50:00 GMT+0530 (India Standard Time)","6142.00","6143.50","6135.00","6143.00"
"Fri Jul 18 2025 12:55:00 GMT+0530 (India Standard Time)","6143.00","6145.00","6140.00","6144.00"
"Fri Jul 18 2025 13:00:00 GMT+0530 (India Standard Time)","6144.00","6155.00","6143.50","6153.50"
"Fri Jul 18 2025 13:05:00 GMT+0530 (India Standard Time)","6153.50","6153.50","6143.50","6148.00"
"Fri Jul 18 2025 13:10:00 GMT+0530 (India Standard Time)","6148.00","6149.50","6145.00","6147.00"
"Fri Jul 18 2025 13:15:00 GMT+0530 (India Standard Time)","6150.00","6151.00","6145.00","6148.00"
"Fri Jul 18 2025 13:20:00 GMT+0530 (India Standard Time)","6148.00","6189.50","6144.50","6175.00"
"Fri Jul 18 2025 13:25:00 GMT+0530 (India Standard Time)","6175.00","6181.00","6172.50","6174.00"
"Fri Jul 18 2025 13:30:00 GMT+0530 (India Standard Time)","6174.00","6181.50","6174.00","6177.00"
"Fri Jul 18 2025 13:35:00 GMT+0530 (India Standard Time)","6175.00","6178.50","6174.00","6178.50"
"Fri Jul 18 2025 13:40:00 GMT+0530 (India Standard Time)","6178.50","6183.00","6175.50","6181.00"
"Fri Jul 18 2025 13:45:00 GMT+0530 (India Standard Time)","6182.00","6184.50","6170.00","6180.00"
"Fri Jul 18 2025 13:50:00 GMT+0530 (India Standard Time)","6180.00","6186.00","6174.50","6179.00"
"Fri Jul 18 2025 13:55:00 GMT+0530 (India Standard Time)","6179.00","6192.00","6175.00","6182.50"
"Fri Jul 18 2025 14:00:00 GMT+0530 (India Standard Time)","6184.50","6198.00","6183.00","6192.00"
"Fri Jul 18 2025 14:05:00 GMT+0530 (India Standard Time)","6204.50","6215.50","6199.00","6206.00"
"Fri Jul 18 2025 14:10:00 GMT+0530 (India Standard Time)","6204.50","6204.50","6193.00","6198.50"
"Fri Jul 18 2025 14:15:00 GMT+0530 (India Standard Time)","6198.50","6199.00","6185.00","6191.50"
"Fri Jul 18 2025 14:20:00 GMT+0530 (India Standard Time)","6191.50","6191.50","6182.50","6184.00"
"Fri Jul 18 2025 14:25:00 GMT+0530 (India Standard Time)","6184.00","6188.50","6184.00","6185.00"
"Fri Jul 18 2025 14:30:00 GMT+0530 (India Standard Time)","6188.00","6194.50","6186.00","6194.00"
"Fri Jul 18 2025 14:35:00 GMT+0530 (India Standard Time)","6194.50","6194.50","6190.00","6191.00"
"Fri Jul 18 2025 14:40:00 GMT+0530 (India Standard Time)","6190.00","6191.50","6183.00","6185.00"
"Fri Jul 18 2025 14:45:00 GMT+0530 (India Standard Time)","6185.00","6187.00","6176.00","6183.00"
"Fri Jul 18 2025 14:50:00 GMT+0530 (India Standard Time)","6183.00","6184.50","6177.00","6181.00"
"Fri Jul 18 2025 14:55:00 GMT+0530 (India Standard Time)","6181.00","6181.00","6178.50","6180.00"
"Fri Jul 18 2025 15:00:00 GMT+0530 (India Standard Time)","6183.50","6183.50","6162.00","6162.00"
"Fri Jul 18 2025 15:05:00 GMT+0530 (India Standard Time)","6164.00","6171.50","6161.50","6169.50"
"Fri Jul 18 2025 15:10:00 GMT+0530 (India Standard Time)","6166.00","6169.00","6161.50","6166.00"
"Fri Jul 18 2025 15:15:00 GMT+0530 (India Standard Time)","6166.00","6167.00","6156.50","6159.50"
"Fri Jul 18 2025 15:20:00 GMT+0530 (India Standard Time)","6157.50","6169.00","6155.00","6167.50"
"Fri Jul 18 2025 15:25:00 GMT+0530 (India Standard Time)","6164.00","6180.00","6164.00","6180.00"
"Mon Jul 21 2025 09:15:00 GMT+0530 (India Standard Time)","6166.00","6172.00","6124.50","6136.50"
"Mon Jul 21 2025 09:20:00 GMT+0530 (India Standard Time)","6136.50","6151.50","6135.00","6145.00"
"Mon Jul 21 2025 09:25:00 GMT+0530 (India Standard Time)","6145.00","6158.00","6135.00","6154.00"
"Mon Jul 21 2025 09:30:00 GMT+0530 (India Standard Time)","6154.00","6154.00","6132.00","6132.00"
"Mon Jul 21 2025 09:35:00 GMT+0530 (India Standard Time)","6134.50","6157.50","6134.50","6153.00"
"Mon Jul 21 2025 09:40:00 GMT+0530 (India Standard Time)","6153.00","6170.00","6148.00","6163.00"
"Mon Jul 21 2025 09:45:00 GMT+0530 (India Standard Time)","6163.00","6163.00","6145.50","6148.00"
"Mon Jul 21 2025 09:50:00 GMT+0530 (India Standard Time)","6148.00","6151.00","6140.50","6147.00"
"Mon Jul 21 2025 09:55:00 GMT+0530 (India Standard Time)","6147.50","6152.00","6146.50","6150.00"
"Mon Jul 21 2025 10:00:00 GMT+0530 (India Standard Time)","6150.00","6155.50","6142.00","6144.00"
"Mon Jul 21 2025 10:05:00 GMT+0530 (India Standard Time)","6145.00","6159.50","6142.00","6159.50"
"Mon Jul 21 2025 10:10:00 GMT+0530 (India Standard Time)","6159.50","6193.00","6159.00","6185.50"
"Mon Jul 21 2025 10:15:00 GMT+0530 (India Standard Time)","6185.50","6199.00","6183.00","6198.00"
"Mon Jul 21 2025 10:20:00 GMT+0530 (India Standard Time)","6198.00","6225.00","6195.50","6225.00"
"Mon Jul 21 2025 10:25:00 GMT+0530 (India Standard Time)","6214.50","6216.50","6204.00","6216.00"
"Mon Jul 21 2025 10:30:00 GMT+0530 (India Standard Time)","6216.00","6234.50","6206.00","6213.00"
"Mon Jul 21 2025 10:35:00 GMT+0530 (India Standard Time)","6210.00","6213.00","6204.00","6210.00"
"Mon Jul 21 2025 10:40:00 GMT+0530 (India Standard Time)","6210.00","6212.50","6204.50","6204.50"
"Mon Jul 21 2025 10:45:00 GMT+0530 (India Standard Time)","6207.00","6207.00","6201.50","6207.00"
"Mon Jul 21 2025 10:50:00 GMT+0530 (India Standard Time)","6205.00","6209.00","6186.50","6187.50"
"Mon Jul 21 2025 10:55:00 GMT+0530 (India Standard Time)","6187.50","6195.00","6185.00","6193.50"
"Mon Jul 21 2025 11:00:00 GMT+0530 (India Standard Time)","6193.50","6195.50","6189.00","6189.00"
"Mon Jul 21 2025 11:05:00 GMT+0530 (India Standard Time)","6189.00","6189.00","6182.00","6185.00"
"Mon Jul 21 2025 11:10:00 GMT+0530 (India Standard Time)","6185.00","6196.00","6184.00","6187.50"
"Mon Jul 21 2025 11:15:00 GMT+0530 (India Standard Time)","6190.50","6194.00","6187.50","6188.00"
"Mon Jul 21 2025 11:20:00 GMT+0530 (India Standard Time)","6188.00","6189.00","6183.50","6186.50"
"Mon Jul 21 2025 11:25:00 GMT+0530 (India Standard Time)","6186.50","6192.00","6180.00","6180.00"
"Mon Jul 21 2025 11:30:00 GMT+0530 (India Standard Time)","6182.00","6183.50","6161.50","6170.00"
"Mon Jul 21 2025 11:35:00 GMT+0530 (India Standard Time)","6170.00","6173.00","6167.50","6169.50"
"Mon Jul 21 2025 11:40:00 GMT+0530 (India Standard Time)","6169.50","6175.00","6169.50","6174.50"
"Mon Jul 21 2025 11:45:00 GMT+0530 (India Standard Time)","6174.50","6174.50","6166.00","6166.00"
"Mon Jul 21 2025 11:50:00 GMT+0530 (India Standard Time)","6166.00","6176.00","6161.50","6172.00"
"Mon Jul 21 2025 11:55:00 GMT+0530 (India Standard Time)","6172.00","6185.50","6172.00","6183.50"
"Mon Jul 21 2025 12:00:00 GMT+0530 (India Standard Time)","6183.50","6189.00","6182.00","6183.50"
"Mon Jul 21 2025 12:05:00 GMT+0530 (India Standard Time)","6183.50","6186.00","6181.50","6182.50"
"Mon Jul 21 2025 12:10:00 GMT+0530 (India Standard Time)","6182.50","6192.50","6181.50","6190.00"
"Mon Jul 21 2025 12:15:00 GMT+0530 (India Standard Time)","6190.00","6197.50","6186.50","6191.00"
"Mon Jul 21 2025 12:20:00 GMT+0530 (India Standard Time)","6191.00","6196.50","6189.00","6196.00"
"Mon Jul 21 2025 12:25:00 GMT+0530 (India Standard Time)","6196.00","6199.00","6189.00","6192.00"
"Mon Jul 21 2025 12:30:00 GMT+0530 (India Standard Time)","6192.50","6195.00","6188.50","6194.50"
"Mon Jul 21 2025 12:35:00 GMT+0530 (India Standard Time)","6194.50","6198.00","6190.50","6190.50"
"Mon Jul 21 2025 12:40:00 GMT+0530 (India Standard Time)","6190.50","6193.00","6186.50","6186.50"
"Mon Jul 21 2025 12:45:00 GMT+0530 (India Standard Time)","6186.50","6189.50","6184.50","6185.00"
"Mon Jul 21 2025 12:50:00 GMT+0530 (India Standard Time)","6185.00","6189.00","6185.00","6187.00"
"Mon Jul 21 2025 12:55:00 GMT+0530 (India Standard Time)","6187.00","6193.50","6185.00","6189.50"
"Mon Jul 21 2025 13:00:00 GMT+0530 (India Standard Time)","6192.00","6193.00","6189.00","6189.00"
"Mon Jul 21 2025 13:05:00 GMT+0530 (India Standard Time)","6189.00","6197.00","6189.00","6195.00"
"Mon Jul 21 2025 13:10:00 GMT+0530 (India Standard Time)","6195.00","6196.50","6189.50","6191.00"
"Mon Jul 21 2025 13:15:00 GMT+0530 (India Standard Time)","6191.00","6200.00","6189.50","6194.00"
"Mon Jul 21 2025 13:20:00 GMT+0530 (India Standard Time)","6194.00","6196.50","6185.50","6189.00"
"Mon Jul 21 2025 13:25:00 GMT+0530 (India Standard Time)","6189.00","6189.00","6182.00","6182.00"
"Mon Jul 21 2025 13:30:00 GMT+0530 (India Standard Time)","6182.00","6184.50","6181.00","6181.00"
"Mon Jul 21 2025 13:35:00 GMT+0530 (India Standard Time)","6181.00","6195.50","6181.00","6193.00"
"Mon Jul 21 2025 13:40:00 GMT+0530 (India Standard Time)","6193.00","6193.00","6185.50","6190.00"
"Mon Jul 21 2025 13:45:00 GMT+0530 (India Standard Time)","6190.00","6190.00","6178.00","6178.00"
"Mon Jul 21 2025 13:50:00 GMT+0530 (India Standard Time)","6178.00","6178.00","6171.50","6171.50"
"Mon Jul 21 2025 13:55:00 GMT+0530 (India Standard Time)","6171.50","6181.50","6171.50","6178.50"
"Mon Jul 21 2025 14:00:00 GMT+0530 (India Standard Time)","6179.00","6184.00","6173.50","6178.00"
"Mon Jul 21 2025 14:05:00 GMT+0530 (India Standard Time)","6178.00","6180.00","6176.50","6179.00"
"Mon Jul 21 2025 14:10:00 GMT+0530 (India Standard Time)","6179.00","6180.00","6177.00","6178.50"
"Mon Jul 21 2025 14:15:00 GMT+0530 (India Standard Time)","6178.50","6179.50","6175.00","6178.50"
"Mon Jul 21 2025 14:20:00 GMT+0530 (India Standard Time)","6178.50","6180.00","6175.00","6180.00"
"Mon Jul 21 2025 14:25:00 GMT+0530 (India Standard Time)","6176.00","6181.50","6175.50","6178.00"
"Mon Jul 21 2025 14:30:00 GMT+0530 (India Standard Time)","6178.00","6181.00","6176.00","6176.00"
"Mon Jul 21 2025 14:35:00 GMT+0530 (India Standard Time)","6176.00","6178.00","6173.00","6176.50"
"Mon Jul 21 2025 14:40:00 GMT+0530 (India Standard Time)","6176.50","6180.00","6173.50","6177.00"
"Mon Jul 21 2025 14:45:00 GMT+0530 (India Standard Time)","6177.00","6186.50","6177.00","6185.50"
"Mon Jul 21 2025 14:50:00 GMT+0530 (India Standard Time)","6185.50","6187.00","6180.00","6180.50"
"Mon Jul 21 2025 14:55:00 GMT+0530 (India Standard Time)","6180.50","6185.00","6180.50","6185.00"
"Mon Jul 21 2025 15:00:00 GMT+0530 (India Standard Time)","6184.50","6189.00","6183.50","6187.50"
"Mon Jul 21 2025 15:05:00 GMT+0530 (India Standard Time)","6188.00","6197.00","6186.00","6197.00"
"Mon Jul 21 2025 15:10:00 GMT+0530 (India Standard Time)","6198.00","6204.00","6196.50","6200.00"
"Mon Jul 21 2025 15:15:00 GMT+0530 (India Standard Time)","6200.00","6202.50","6197.00","6200.00"
"Mon Jul 21 2025 15:20:00 GMT+0530 (India Standard Time)","6199.00","6208.50","6199.00","6202.50"
"Mon Jul 21 2025 15:25:00 GMT+0530 (India Standard Time)","6202.50","6210.00","6195.00","6209.00"
"Tue Jul 22 2025 09:15:00 GMT+0530 (India Standard Time)","6208.00","6224.00","6208.00","6215.00"
"Tue Jul 22 2025 09:20:00 GMT+0530 (India Standard Time)","6218.00","6220.00","6202.50","6205.00"
"Tue Jul 22 2025 09:25:00 GMT+0530 (India Standard Time)","6205.00","6229.00","6201.00","6209.00"
"Tue Jul 22 2025 09:30:00 GMT+0530 (India Standard Time)","6206.50","6216.50","6206.50","6213.00"
"Tue Jul 22 2025 09:35:00 GMT+0530 (India Standard Time)","6213.00","6220.00","6205.50","6220.00"
"Tue Jul 22 2025 09:40:00 GMT+0530 (India Standard Time)","6222.00","6222.00","6201.50","6201.50"
"Tue Jul 22 2025 09:45:00 GMT+0530 (India Standard Time)","6201.50","6205.00","6192.50","6201.50"
"Tue Jul 22 2025 09:50:00 GMT+0530 (India Standard Time)","6200.00","6201.00","6193.00","6195.00"
"Tue Jul 22 2025 09:55:00 GMT+0530 (India Standard Time)","6197.50","6197.50","6181.00","6184.00"
"Tue Jul 22 2025 10:00:00 GMT+0530 (India Standard Time)","6184.00","6194.00","6184.00","6186.00"
"Tue Jul 22 2025 10:05:00 GMT+0530 (India Standard Time)","6186.00","6191.00","6182.00","6186.00"
"Tue Jul 22 2025 10:10:00 GMT+0530 (India Standard Time)","6186.00","6195.00","6182.50","6191.00"
"Tue Jul 22 2025 10:15:00 GMT+0530 (India Standard Time)","6191.00","6193.00","6182.00","6190.00"
"Tue Jul 22 2025 10:20:00 GMT+0530 (India Standard Time)","6190.00","6193.50","6183.50","6184.00"
"Tue Jul 22 2025 10:25:00 GMT+0530 (India Standard Time)","6184.00","6184.00","6180.00","6180.00"
"Tue Jul 22 2025 10:30:00 GMT+0530 (India Standard Time)","6180.00","6186.00","6175.00","6184.50"
"Tue Jul 22 2025 10:35:00 GMT+0530 (India Standard Time)","6184.50","6198.00","6181.00","6195.50"
"Tue Jul 22 2025 10:40:00 GMT+0530 (India Standard Time)","6195.50","6209.00","6195.50","6201.00"
"Tue Jul 22 2025 10:45:00 GMT+0530 (India Standard Time)","6198.00","6200.50","6189.00","6200.50"
"Tue Jul 22 2025 10:50:00 GMT+0530 (India Standard Time)","6200.50","6205.00","6192.50","6196.00"
"Tue Jul 22 2025 10:55:00 GMT+0530 (India Standard Time)","6196.00","6199.50","6187.50","6199.50"
"Tue Jul 22 2025 11:00:00 GMT+0530 (India Standard Time)","6199.50","6199.50","6190.50","6190.50"
"Tue Jul 22 2025 11:05:00 GMT+0530 (India Standard Time)","6190.00","6193.50","6189.00","6191.00"
"Tue Jul 22 2025 11:10:00 GMT+0530 (India Standard Time)","6191.00","6200.00","6191.00","6197.00"
"Tue Jul 22 2025 11:15:00 GMT+0530 (India Standard Time)","6197.00","6208.00","6197.00","6204.00"
"Tue Jul 22 2025 11:20:00 GMT+0530 (India Standard Time)","6204.00","6204.00","6195.00","6198.00"
"Tue Jul 22 2025 11:25:00 GMT+0530 (India Standard Time)","6198.00","6199.50","6190.00","6192.00"
"Tue Jul 22 2025 11:30:00 GMT+0530 (India Standard Time)","6192.00","6195.00","6189.50","6190.00"
"Tue Jul 22 2025 11:35:00 GMT+0530 (India Standard Time)","6190.00","6204.00","6182.50","6197.50"
"Tue Jul 22 2025 11:40:00 GMT+0530 (India Standard Time)","6197.50","6204.00","6192.50","6197.00"
"Tue Jul 22 2025 11:45:00 GMT+0530 (India Standard Time)","6197.50","6203.50","6196.00","6201.50"
"Tue Jul 22 2025 11:50:00 GMT+0530 (India Standard Time)","6201.50","6201.50","6193.00","6201.00"
"Tue Jul 22 2025 11:55:00 GMT+0530 (India Standard Time)","6201.00","6204.50","6195.50","6197.00"
"Tue Jul 22 2025 12:00:00 GMT+0530 (India Standard Time)","6197.00","6198.00","6192.00","6192.00"
"Tue Jul 22 2025 12:05:00 GMT+0530 (India Standard Time)","6192.00","6194.50","6190.00","6190.00"
"Tue Jul 22 2025 12:10:00 GMT+0530 (India Standard Time)","6190.00","6191.50","6177.00","6178.00"
"Tue Jul 22 2025 12:15:00 GMT+0530 (India Standard Time)","6178.00","6195.00","6178.00","6191.00"
"Tue Jul 22 2025 12:20:00 GMT+0530 (India Standard Time)","6191.00","6192.50","6190.00","6191.50"
"Tue Jul 22 2025 12:25:00 GMT+0530 (India Standard Time)","6191.50","6196.00","6190.00","6190.00"
"Tue Jul 22 2025 12:30:00 GMT+0530 (India Standard Time)","6190.00","6192.50","6190.00","6192.00"
"Tue Jul 22 2025 12:35:00 GMT+0530 (India Standard Time)","6192.00","6194.00","6190.50","6191.50"
"Tue Jul 22 2025 12:40:00 GMT+0530 (India Standard Time)","6191.50","6199.00","6190.00","6194.00"
"Tue Jul 22 2025 12:45:00 GMT+0530 (India Standard Time)","6194.00","6199.00","6190.00","6194.50"
"Tue Jul 22 2025 12:50:00 GMT+0530 (India Standard Time)","6192.00","6201.00","6190.50","6197.00"
"Tue Jul 22 2025 12:55:00 GMT+0530 (India Standard Time)","6197.00","6200.50","6195.50","6196.00"
"Tue Jul 22 2025 13:00:00 GMT+0530 (India Standard Time)","6198.00","6202.00","6193.00","6193.00"
"Tue Jul 22 2025 13:05:00 GMT+0530 (India Standard Time)","6193.00","6196.50","6191.00","6196.00"
"Tue Jul 22 2025 13:10:00 GMT+0530 (India Standard Time)","6196.00","6196.00","6190.00","6190.00"
"Tue Jul 22 2025 13:15:00 GMT+0530 (India Standard Time)","6190.00","6192.00","6190.00","6190.00"
"Tue Jul 22 2025 13:20:00 GMT+0530 (India Standard Time)","6190.00","6200.00","6190.00","6200.00"
"Tue Jul 22 2025 13:25:00 GMT+0530 (India Standard Time)","6200.00","6213.50","6199.50","6207.50"
"Tue Jul 22 2025 13:30:00 GMT+0530 (India Standard Time)","6207.50","6209.00","6204.00","6207.50"
"Tue Jul 22 2025 13:35:00 GMT+0530 (India Standard Time)","6207.50","6210.00","6207.50","6207.50"
"Tue Jul 22 2025 13:40:00 GMT+0530 (India Standard Time)","6207.50","6210.00","6207.00","6207.50"
"Tue Jul 22 2025 13:45:00 GMT+0530 (India Standard Time)","6207.50","6209.00","6206.00","6206.00"
"Tue Jul 22 2025 13:50:00 GMT+0530 (India Standard Time)","6206.00","6209.00","6206.00","6207.50"
"Tue Jul 22 2025 13:55:00 GMT+0530 (India Standard Time)","6207.50","6209.50","6207.00","6207.00"
"Tue Jul 22 2025 14:00:00 GMT+0530 (India Standard Time)","6209.00","6209.00","6207.00","6207.00"
"Tue Jul 22 2025 14:05:00 GMT+0530 (India Standard Time)","6207.00","6208.50","6207.00","6207.00"
"Tue Jul 22 2025 14:10:00 GMT+0530 (India Standard Time)","6207.00","6208.00","6205.00","6207.00"
"Tue Jul 22 2025 14:15:00 GMT+0530 (India Standard Time)","6207.50","6208.00","6204.00","6204.00"
"Tue Jul 22 2025 14:20:00 GMT+0530 (India Standard Time)","6204.00","6206.00","6203.00","6205.00"
"Tue Jul 22 2025 14:25:00 GMT+0530 (India Standard Time)","6205.00","6206.50","6203.00","6205.50"
"Tue Jul 22 2025 14:30:00 GMT+0530 (India Standard Time)","6205.50","6205.50","6189.50","6193.00"
"Tue Jul 22 2025 14:35:00 GMT+0530 (India Standard Time)","6192.00","6205.00","6192.00","6205.00"
"Tue Jul 22 2025 14:40:00 GMT+0530 (India Standard Time)","6205.00","6205.00","6201.50","6203.50"
"Tue Jul 22 2025 14:45:00 GMT+0530 (India Standard Time)","6201.50","6212.00","6201.00","6212.00"
"Tue Jul 22 2025 14:50:00 GMT+0530 (India Standard Time)","6212.00","6212.00","6207.50","6210.00"
"Tue Jul 22 2025 14:55:00 GMT+0530 (India Standard Time)","6210.00","6212.00","6208.00","6212.00"
"Tue Jul 22 2025 15:00:00 GMT+0530 (India Standard Time)","6211.00","6212.00","6206.50","6210.00"
"Tue Jul 22 2025 15:05:00 GMT+0530 (India Standard Time)","6211.00","6220.00","6204.50","6217.00"
"Tue Jul 22 2025 15:10:00 GMT+0530 (India Standard Time)","6216.00","6218.00","6206.00","6206.50"
"Tue Jul 22 2025 15:15:00 GMT+0530 (India Standard Time)","6209.50","6209.50","6200.50","6209.00"
"Tue Jul 22 2025 15:20:00 GMT+0530 (India Standard Time)","6209.50","6212.00","6207.50","6210.50"
"Tue Jul 22 2025 15:25:00 GMT+0530 (India Standard Time)","6210.50","6217.00","6207.00","6211.50"
"Wed Jul 23 2025 09:15:00 GMT+0530 (India Standard Time)","6210.00","6259.00","6200.00","6238.00"
"Wed Jul 23 2025 09:20:00 GMT+0530 (India Standard Time)","6238.50","6245.00","6226.00","6236.00"
"Wed Jul 23 2025 09:25:00 GMT+0530 (India Standard Time)","6236.00","6236.00","6222.50","6229.50"
"Wed Jul 23 2025 09:30:00 GMT+0530 (India Standard Time)","6229.50","6234.50","6223.50","6229.50"
"Wed Jul 23 2025 09:35:00 GMT+0530 (India Standard Time)","6229.50","6231.50","6204.00","6209.00"
"Wed Jul 23 2025 09:40:00 GMT+0530 (India Standard Time)","6209.00","6210.00","6201.50","6201.50"
"Wed Jul 23 2025 09:45:00 GMT+0530 (India Standard Time)","6201.50","6208.00","6194.50","6203.50"
"Wed Jul 23 2025 09:50:00 GMT+0530 (India Standard Time)","6207.00","6222.50","6207.00","6213.00"
"Wed Jul 23 2025 09:55:00 GMT+0530 (India Standard Time)","6213.00","6214.50","6205.50","6210.50"
"Wed Jul 23 2025 10:00:00 GMT+0530 (India Standard Time)","6210.50","6212.00","6201.00","6206.50"
"Wed Jul 23 2025 10:05:00 GMT+0530 (India Standard Time)","6206.50","6219.50","6204.50","6214.00"
"Wed Jul 23 2025 10:10:00 GMT+0530 (India Standard Time)","6214.00","6221.50","6209.00","6216.50"
"Wed Jul 23 2025 10:15:00 GMT+0530 (India Standard Time)","6216.50","6216.50","6202.00","6208.00"
"Wed Jul 23 2025 10:20:00 GMT+0530 (India Standard Time)","6205.50","6209.00","6198.00","6201.00"
"Wed Jul 23 2025 10:25:00 GMT+0530 (India Standard Time)","6201.00","6209.00","6201.00","6205.50"
"Wed Jul 23 2025 10:30:00 GMT+0530 (India Standard Time)","6205.50","6206.50","6198.50","6202.50"
"Wed Jul 23 2025 10:35:00 GMT+0530 (India Standard Time)","6202.50","6213.00","6202.50","6206.00"
"Wed Jul 23 2025 10:40:00 GMT+0530 (India Standard Time)","6206.00","6206.00","6195.00","6202.00"
"Wed Jul 23 2025 10:45:00 GMT+0530 (India Standard Time)","6202.00","6202.00","6190.00","6194.50"
"Wed Jul 23 2025 10:50:00 GMT+0530 (India Standard Time)","6194.50","6203.50","6194.50","6200.00"
"Wed Jul 23 2025 10:55:00 GMT+0530 (India Standard Time)","6200.00","6215.00","6200.00","6212.00"
"Wed Jul 23 2025 11:00:00 GMT+0530 (India Standard Time)","6212.00","6235.00","6210.00","6234.00"
"Wed Jul 23 2025 11:05:00 GMT+0530 (India Standard Time)","6234.00","6242.00","6228.00","6241.00"
"Wed Jul 23 2025 11:10:00 GMT+0530 (India Standard Time)","6241.00","6245.00","6225.00","6227.00"
"Wed Jul 23 2025 11:15:00 GMT+0530 (India Standard Time)","6227.00","6232.00","6222.50","6227.50"
"Wed Jul 23 2025 11:20:00 GMT+0530 (India Standard Time)","6227.50","6227.50","6216.00","6218.00"
"Wed Jul 23 2025 11:25:00 GMT+0530 (India Standard Time)","6218.00","6225.00","6218.00","6225.00"
"Wed Jul 23 2025 11:30:00 GMT+0530 (India Standard Time)","6225.00","6225.00","6216.00","6219.00"
"Wed Jul 23 2025 11:35:00 GMT+0530 (India Standard Time)","6217.00","6225.00","6217.00","6224.50"
"Wed Jul 23 2025 11:40:00 GMT+0530 (India Standard Time)","6224.50","6224.50","6219.50","6219.50"
"Wed Jul 23 2025 11:45:00 GMT+0530 (India Standard Time)","6219.50","6227.00","6219.50","6227.00"
"Wed Jul 23 2025 11:50:00 GMT+0530 (India Standard Time)","6227.00","6229.00","6226.00","6227.00"
"Wed Jul 23 2025 11:55:00 GMT+0530 (India Standard Time)","6227.00","6229.00","6226.00","6227.00"
"Wed Jul 23 2025 12:00:00 GMT+0530 (India Standard Time)","6229.00","6246.50","6227.00","6246.00"
"Wed Jul 23 2025 12:05:00 GMT+0530 (India Standard Time)","6247.50","6250.00","6236.00","6237.00"
"Wed Jul 23 2025 12:10:00 GMT+0530 (India Standard Time)","6237.00","6237.00","6227.00","6230.50"
"Wed Jul 23 2025 12:15:00 GMT+0530 (India Standard Time)","6230.50","6235.00","6227.00","6235.00"
"Wed Jul 23 2025 12:20:00 GMT+0530 (India Standard Time)","6235.00","6240.00","6232.00","6236.50"
"Wed Jul 23 2025 12:25:00 GMT+0530 (India Standard Time)","6236.50","6239.50","6232.00","6237.00"
"Wed Jul 23 2025 12:30:00 GMT+0530 (India Standard Time)","6237.00","6245.00","6232.00","6239.00"
"Wed Jul 23 2025 12:35:00 GMT+0530 (India Standard Time)","6239.00","6249.00","6239.00","6241.50"
"Wed Jul 23 2025 12:40:00 GMT+0530 (India Standard Time)","6241.50","6245.00","6240.50","6242.50"
"Wed Jul 23 2025 12:45:00 GMT+0530 (India Standard Time)","6239.50","6241.50","6234.50","6235.50"
"Wed Jul 23 2025 12:50:00 GMT+0530 (India Standard Time)","6235.50","6240.50","6231.50","6231.50"
"Wed Jul 23 2025 12:55:00 GMT+0530 (India Standard Time)","6231.50","6231.50","6220.00","6225.00"
"Wed Jul 23 2025 13:00:00 GMT+0530 (India Standard Time)","6225.00","6225.00","6223.00","6225.00"
"Wed Jul 23 2025 13:05:00 GMT+0530 (India Standard Time)","6225.00","6225.00","6215.00","6221.00"
"Wed Jul 23 2025 13:10:00 GMT+0530 (India Standard Time)","6221.00","6221.50","6212.00","6216.00"
"Wed Jul 23 2025 13:15:00 GMT+0530 (India Standard Time)","6216.00","6230.00","6212.00","6228.50"
"Wed Jul 23 2025 13:20:00 GMT+0530 (India Standard Time)","6228.50","6230.50","6227.00","6228.00"
"Wed Jul 23 2025 13:25:00 GMT+0530 (India Standard Time)","6227.00","6228.50","6222.50","6227.50"
"Wed Jul 23 2025 13:30:00 GMT+0530 (India Standard Time)","6227.50","6230.00","6224.50","6229.50"
"Wed Jul 23 2025 13:35:00 GMT+0530 (India Standard Time)","6229.50","6230.00","6226.50","6226.50"
"Wed Jul 23 2025 13:40:00 GMT+0530 (India Standard Time)","6227.50","6227.50","6221.00","6221.00"
"Wed Jul 23 2025 13:45:00 GMT+0530 (India Standard Time)","6221.00","6226.50","6221.00","6223.50"
"Wed Jul 23 2025 13:50:00 GMT+0530 (India Standard Time)","6223.50","6224.00","6220.50","6222.00"
"Wed Jul 23 2025 13:55:00 GMT+0530 (India Standard Time)","6222.00","6225.50","6221.00","6221.50"
"Wed Jul 23 2025 14:00:00 GMT+0530 (India Standard Time)","6221.50","6223.00","6220.00","6220.00"
"Wed Jul 23 2025 14:05:00 GMT+0530 (India Standard Time)","6220.00","6226.50","6220.00","6225.50"
"Wed Jul 23 2025 14:10:00 GMT+0530 (India Standard Time)","6226.00","6226.00","6221.50","6225.00"
"Wed Jul 23 2025 14:15:00 GMT+0530 (India Standard Time)","6225.00","6228.50","6220.50","6220.50"
"Wed Jul 23 2025 14:20:00 GMT+0530 (India Standard Time)","6220.50","6226.50","6220.50","6224.50"
"Wed Jul 23 2025 14:25:00 GMT+0530 (India Standard Time)","6222.50","6225.00","6221.00","6221.00"
"Wed Jul 23 2025 14:30:00 GMT+0530 (India Standard Time)","6221.00","6225.00","6221.00","6222.00"
"Wed Jul 23 2025 14:35:00 GMT+0530 (India Standard Time)","6222.00","6225.50","6221.00","6221.00"
"Wed Jul 23 2025 14:40:00 GMT+0530 (India Standard Time)","6221.00","6232.50","6220.50","6232.50"
"Wed Jul 23 2025 14:45:00 GMT+0530 (India Standard Time)","6232.50","6238.50","6230.50","6235.00"
"Wed Jul 23 2025 14:50:00 GMT+0530 (India Standard Time)","6235.00","6244.50","6233.00","6238.00"
"Wed Jul 23 2025 14:55:00 GMT+0530 (India Standard Time)","6238.00","6245.00","6234.00","6238.00"
"Wed Jul 23 2025 15:00:00 GMT+0530 (India Standard Time)","6238.00","6242.00","6234.00","6234.00"
"Wed Jul 23 2025 15:05:00 GMT+0530 (India Standard Time)","6236.50","6238.00","6231.00","6233.00"
"Wed Jul 23 2025 15:10:00 GMT+0530 (India Standard Time)","6234.50","6243.00","6230.00","6236.50"
"Wed Jul 23 2025 15:15:00 GMT+0530 (India Standard Time)","6237.00","6242.00","6230.00","6230.00"
"Wed Jul 23 2025 15:20:00 GMT+0530 (India Standard Time)","6234.00","6241.00","6224.50","6235.00"
"Wed Jul 23 2025 15:25:00 GMT+0530 (India Standard Time)","6235.00","6242.50","6227.50","6241.50"
"Thu Jul 24 2025 09:15:00 GMT+0530 (India Standard Time)","6235.50","6241.50","6225.00","6230.00"
"Thu Jul 24 2025 09:20:00 GMT+0530 (India Standard Time)","6230.00","6252.00","6230.00","6242.00"
"Thu Jul 24 2025 09:25:00 GMT+0530 (India Standard Time)","6240.00","6243.50","6213.50","6222.50"
"Thu Jul 24 2025 09:30:00 GMT+0530 (India Standard Time)","6220.00","6223.50","6202.00","6220.00"
"Thu Jul 24 2025 09:35:00 GMT+0530 (India Standard Time)","6220.00","6223.50","6206.50","6214.00"
"Thu Jul 24 2025 09:40:00 GMT+0530 (India Standard Time)","6214.00","6222.00","6206.00","6216.00"
"Thu Jul 24 2025 09:45:00 GMT+0530 (India Standard Time)","6215.50","6222.50","6208.00","6214.00"
"Thu Jul 24 2025 09:50:00 GMT+0530 (India Standard Time)","6212.00","6218.50","6209.50","6214.00"
"Thu Jul 24 2025 09:55:00 GMT+0530 (India Standard Time)","6214.00","6220.50","6208.00","6216.50"
"Thu Jul 24 2025 10:00:00 GMT+0530 (India Standard Time)","6215.00","6221.00","6211.00","6218.00"
"Thu Jul 24 2025 10:05:00 GMT+0530 (India Standard Time)","6214.50","6220.00","6200.00","6200.50"
"Thu Jul 24 2025 10:10:00 GMT+0530 (India Standard Time)","6200.50","6201.00","6188.50","6192.50"
"Thu Jul 24 2025 10:15:00 GMT+0530 (India Standard Time)","6193.50","6193.50","6180.50","6184.00"
"Thu Jul 24 2025 10:20:00 GMT+0530 (India Standard Time)","6184.00","6200.00","6184.00","6193.00"
"Thu Jul 24 2025 10:25:00 GMT+0530 (India Standard Time)","6193.00","6206.50","6192.00","6205.00"
"Thu Jul 24 2025 10:30:00 GMT+0530 (India Standard Time)","6205.00","6210.00","6199.50","6200.00"
"Thu Jul 24 2025 10:35:00 GMT+0530 (India Standard Time)","6199.00","6199.00","6191.00","6195.50"
"Thu Jul 24 2025 10:40:00 GMT+0530 (India Standard Time)","6195.50","6196.50","6182.50","6193.50"
"Thu Jul 24 2025 10:45:00 GMT+0530 (India Standard Time)","6193.50","6204.00","6186.50","6187.00"
"Thu Jul 24 2025 10:50:00 GMT+0530 (India Standard Time)","6187.00","6194.00","6187.00","6189.00"
"Thu Jul 24 2025 10:55:00 GMT+0530 (India Standard Time)","6189.00","6193.00","6181.50","6183.50"
"Thu Jul 24 2025 11:00:00 GMT+0530 (India Standard Time)","6184.00","6185.50","6176.50","6177.50"
"Thu Jul 24 2025 11:05:00 GMT+0530 (India Standard Time)","6177.50","6187.00","6176.50","6187.00"
"Thu Jul 24 2025 11:10:00 GMT+0530 (India Standard Time)","6187.00","6188.00","6179.00","6184.00"
"Thu Jul 24 2025 11:15:00 GMT+0530 (India Standard Time)","6184.00","6188.00","6181.50","6184.00"
"Thu Jul 24 2025 11:20:00 GMT+0530 (India Standard Time)","6185.00","6192.50","6179.50","6192.50"
"Thu Jul 24 2025 11:25:00 GMT+0530 (India Standard Time)","6192.50","6197.00","6188.50","6197.00"
"Thu Jul 24 2025 11:30:00 GMT+0530 (India Standard Time)","6197.00","6206.00","6194.00","6196.00"
"Thu Jul 24 2025 11:35:00 GMT+0530 (India Standard Time)","6195.50","6195.50","6184.50","6192.00"
"Thu Jul 24 2025 11:40:00 GMT+0530 (India Standard Time)","6192.00","6194.00","6186.50","6193.50"
"Thu Jul 24 2025 11:45:00 GMT+0530 (India Standard Time)","6193.50","6198.50","6188.50","6198.00"
"Thu Jul 24 2025 11:50:00 GMT+0530 (India Standard Time)","6194.00","6195.50","6188.50","6195.50"
"Thu Jul 24 2025 11:55:00 GMT+0530 (India Standard Time)","6195.50","6195.50","6185.50","6187.00"
"Thu Jul 24 2025 12:00:00 GMT+0530 (India Standard Time)","6189.00","6190.50","6185.00","6187.50"
"Thu Jul 24 2025 12:05:00 GMT+0530 (India Standard Time)","6187.50","6189.50","6184.00","6186.50"
"Thu Jul 24 2025 12:10:00 GMT+0530 (India Standard Time)","6186.50","6191.00","6184.00","6189.50"
"Thu Jul 24 2025 12:15:00 GMT+0530 (India Standard Time)","6189.50","6199.00","6187.50","6195.50"
"Thu Jul 24 2025 12:20:00 GMT+0530 (India Standard Time)","6195.50","6203.00","6194.50","6198.50"
"Thu Jul 24 2025 12:25:00 GMT+0530 (India Standard Time)","6198.50","6210.00","6198.00","6210.00"
"Thu Jul 24 2025 12:30:00 GMT+0530 (India Standard Time)","6205.50","6209.50","6201.50","6201.50"
"Thu Jul 24 2025 12:35:00 GMT+0530 (India Standard Time)","6201.50","6225.00","6201.50","6225.00"
"Thu Jul 24 2025 12:40:00 GMT+0530 (India Standard Time)","6225.00","6240.00","6220.00","6233.50"
"Thu Jul 24 2025 12:45:00 GMT+0530 (India Standard Time)","6233.50","6236.00","6219.00","6224.00"
"Thu Jul 24 2025 12:50:00 GMT+0530 (India Standard Time)","6224.00","6233.50","6224.00","6226.50"
"Thu Jul 24 2025 12:55:00 GMT+0530 (India Standard Time)","6226.50","6229.00","6224.00","6225.00"
"Thu Jul 24 2025 13:00:00 GMT+0530 (India Standard Time)","6225.00","6228.50","6225.00","6225.00"
"Thu Jul 24 2025 13:05:00 GMT+0530 (India Standard Time)","6225.00","6237.00","6225.00","6233.00"
"Thu Jul 24 2025 13:10:00 GMT+0530 (India Standard Time)","6233.00","6233.00","6225.00","6225.50"
"Thu Jul 24 2025 13:15:00 GMT+0530 (India Standard Time)","6225.50","6231.00","6225.00","6229.50"
"Thu Jul 24 2025 13:20:00 GMT+0530 (India Standard Time)","6229.50","6232.50","6225.00","6229.50"
"Thu Jul 24 2025 13:25:00 GMT+0530 (India Standard Time)","6229.50","6234.50","6228.00","6230.00"
"Thu Jul 24 2025 13:30:00 GMT+0530 (India Standard Time)","6230.00","6230.00","6225.00","6225.00"
"Thu Jul 24 2025 13:35:00 GMT+0530 (India Standard Time)","6225.00","6226.00","6223.00","6225.00"
"Thu Jul 24 2025 13:40:00 GMT+0530 (India Standard Time)","6225.00","6249.00","6225.00","6243.00"
"Thu Jul 24 2025 13:45:00 GMT+0530 (India Standard Time)","6247.00","6250.00","6233.50","6238.00"
"Thu Jul 24 2025 13:50:00 GMT+0530 (India Standard Time)","6238.00","6244.50","6236.50","6244.00"
"Thu Jul 24 2025 13:55:00 GMT+0530 (India Standard Time)","6244.00","6246.00","6240.00","6246.00"
"Thu Jul 24 2025 14:00:00 GMT+0530 (India Standard Time)","6246.00","6249.50","6243.50","6246.50"
"Thu Jul 24 2025 14:05:00 GMT+0530 (India Standard Time)","6250.00","6259.50","6244.00","6244.00"
"Thu Jul 24 2025 14:10:00 GMT+0530 (India Standard Time)","6244.00","6246.50","6241.00","6245.00"
"Thu Jul 24 2025 14:15:00 GMT+0530 (India Standard Time)","6245.00","6251.50","6241.00","6247.00"
"Thu Jul 24 2025 14:20:00 GMT+0530 (India Standard Time)","6247.00","6248.00","6240.50","6244.50"
"Thu Jul 24 2025 14:25:00 GMT+0530 (India Standard Time)","6244.50","6253.00","6235.00","6238.50"
"Thu Jul 24 2025 14:30:00 GMT+0530 (India Standard Time)","6238.50","6241.50","6235.00","6235.00"
"Thu Jul 24 2025 14:35:00 GMT+0530 (India Standard Time)","6235.00","6244.00","6220.00","6221.00"
"Thu Jul 24 2025 14:40:00 GMT+0530 (India Standard Time)","6221.00","6225.00","6213.50","6215.50"
"Thu Jul 24 2025 14:45:00 GMT+0530 (India Standard Time)","6215.50","6231.50","6214.50","6227.00"
"Thu Jul 24 2025 14:50:00 GMT+0530 (India Standard Time)","6225.00","6231.00","6225.00","6225.00"
"Thu Jul 24 2025 14:55:00 GMT+0530 (India Standard Time)","6225.00","6228.50","6225.00","6225.00"
"Thu Jul 24 2025 15:00:00 GMT+0530 (India Standard Time)","6227.50","6229.00","6225.00","6229.00"
"Thu Jul 24 2025 15:05:00 GMT+0530 (India Standard Time)","6229.00","6229.00","6225.00","6226.50"
"Thu Jul 24 2025 15:10:00 GMT+0530 (India Standard Time)","6227.00","6227.00","6220.50","6221.00"
"Thu Jul 24 2025 15:15:00 GMT+0530 (India Standard Time)","6222.00","6228.00","6221.00","6225.50"
"Thu Jul 24 2025 15:20:00 GMT+0530 (India Standard Time)","6225.00","6229.00","6225.00","6227.50"
"Thu Jul 24 2025 15:25:00 GMT+0530 (India Standard Time)","6227.50","6235.00","6225.00","6228.00"
"Fri Jul 25 2025 09:15:00 GMT+0530 (India Standard Time)","6226.00","6226.00","6203.50","6213.00"
"Fri Jul 25 2025 09:20:00 GMT+0530 (India Standard Time)","6210.00","6238.50","6210.00","6226.50"
"Fri Jul 25 2025 09:25:00 GMT+0530 (India Standard Time)","6226.00","6257.00","6220.00","6253.00"
"Fri Jul 25 2025 09:30:00 GMT+0530 (India Standard Time)","6253.00","6253.00","6240.00","6242.50"
"Fri Jul 25 2025 09:35:00 GMT+0530 (India Standard Time)","6242.50","6251.00","6232.00","6250.00"
"Fri Jul 25 2025 09:40:00 GMT+0530 (India Standard Time)","6250.00","6252.50","6224.50","6236.00"
"Fri Jul 25 2025 09:45:00 GMT+0530 (India Standard Time)","6236.00","6246.00","6220.50","6224.00"
"Fri Jul 25 2025 09:50:00 GMT+0530 (India Standard Time)","6227.00","6236.00","6218.00","6221.50"
"Fri Jul 25 2025 09:55:00 GMT+0530 (India Standard Time)","6221.50","6232.00","6220.00","6229.00"
"Fri Jul 25 2025 10:00:00 GMT+0530 (India Standard Time)","6239.00","6241.50","6227.50","6227.50"
"Fri Jul 25 2025 10:05:00 GMT+0530 (India Standard Time)","6227.50","6227.50","6205.50","6210.00"
"Fri Jul 25 2025 10:10:00 GMT+0530 (India Standard Time)","6210.00","6216.50","6205.00","6205.00"
"Fri Jul 25 2025 10:15:00 GMT+0530 (India Standard Time)","6205.00","6208.00","6192.00","6194.00"
"Fri Jul 25 2025 10:20:00 GMT+0530 (India Standard Time)","6194.00","6199.00","6181.50","6188.00"
"Fri Jul 25 2025 10:25:00 GMT+0530 (India Standard Time)","6188.00","6191.50","6185.00","6185.00"
"Fri Jul 25 2025 10:30:00 GMT+0530 (India Standard Time)","6185.00","6189.00","6180.00","6188.50"
"Fri Jul 25 2025 10:35:00 GMT+0530 (India Standard Time)","6188.50","6188.50","6167.50","6172.50"
"Fri Jul 25 2025 10:40:00 GMT+0530 (India Standard Time)","6172.50","6186.00","6170.00","6186.00"
"Fri Jul 25 2025 10:45:00 GMT+0530 (India Standard Time)","6183.00","6183.50","6175.50","6182.50"
"Fri Jul 25 2025 10:50:00 GMT+0530 (India Standard Time)","6182.50","6203.00","6175.00","6194.50"
"Fri Jul 25 2025 10:55:00 GMT+0530 (India Standard Time)","6194.50","6208.00","6190.00","6204.50"
"Fri Jul 25 2025 11:00:00 GMT+0530 (India Standard Time)","6204.50","6205.50","6195.00","6199.50"
"Fri Jul 25 2025 11:05:00 GMT+0530 (India Standard Time)","6199.50","6207.50","6196.00","6206.50"
"Fri Jul 25 2025 11:10:00 GMT+0530 (India Standard Time)","6206.50","6209.00","6199.50","6201.00"
"Fri Jul 25 2025 11:15:00 GMT+0530 (India Standard Time)","6201.00","6202.00","6195.00","6200.00"
"Fri Jul 25 2025 11:20:00 GMT+0530 (India Standard Time)","6200.00","6202.00","6196.00","6199.50"
"Fri Jul 25 2025 11:25:00 GMT+0530 (India Standard Time)","6199.50","6203.50","6193.50","6197.00"
"Fri Jul 25 2025 11:30:00 GMT+0530 (India Standard Time)","6197.00","6202.50","6196.50","6198.00"
"Fri Jul 25 2025 11:35:00 GMT+0530 (India Standard Time)","6198.00","6198.50","6193.00","6193.00"
"Fri Jul 25 2025 11:40:00 GMT+0530 (India Standard Time)","6193.00","6195.50","6190.50","6194.00"
"Fri Jul 25 2025 11:45:00 GMT+0530 (India Standard Time)","6194.00","6195.50","6180.50","6181.00"
"Fri Jul 25 2025 11:50:00 GMT+0530 (India Standard Time)","6181.00","6197.50","6176.00","6196.00"
"Fri Jul 25 2025 11:55:00 GMT+0530 (India Standard Time)","6196.00","6200.00","6195.00","6200.00"
"Fri Jul 25 2025 12:00:00 GMT+0530 (India Standard Time)","6200.50","6208.00","6196.00","6204.50"
"Fri Jul 25 2025 12:05:00 GMT+0530 (India Standard Time)","6204.50","6215.50","6202.50","6202.50"
"Fri Jul 25 2025 12:10:00 GMT+0530 (India Standard Time)","6202.50","6202.50","6190.50","6191.00"
"Fri Jul 25 2025 12:15:00 GMT+0530 (India Standard Time)","6191.00","6191.00","6181.50","6183.00"
"Fri Jul 25 2025 12:20:00 GMT+0530 (India Standard Time)","6183.00","6183.00","6163.50","6172.00"
"Fri Jul 25 2025 12:25:00 GMT+0530 (India Standard Time)","6172.00","6172.00","6160.00","6164.50"
"Fri Jul 25 2025 12:30:00 GMT+0530 (India Standard Time)","6164.50","6175.50","6164.00","6172.00"
"Fri Jul 25 2025 12:35:00 GMT+0530 (India Standard Time)","6172.00","6179.50","6171.00","6176.50"
"Fri Jul 25 2025 12:40:00 GMT+0530 (India Standard Time)","6176.50","6176.50","6167.00","6170.50"
"Fri Jul 25 2025 12:45:00 GMT+0530 (India Standard Time)","6170.50","6177.50","6170.50","6174.50"
"Fri Jul 25 2025 12:50:00 GMT+0530 (India Standard Time)","6177.00","6177.00","6170.00","6170.50"
"Fri Jul 25 2025 12:55:00 GMT+0530 (India Standard Time)","6167.00","6170.50","6167.00","6169.50"
"Fri Jul 25 2025 13:00:00 GMT+0530 (India Standard Time)","6169.50","6171.50","6153.00","6153.00"
"Fri Jul 25 2025 13:05:00 GMT+0530 (India Standard Time)","6153.00","6162.50","6153.00","6162.50"
"Fri Jul 25 2025 13:10:00 GMT+0530 (India Standard Time)","6162.50","6163.50","6158.50","6161.00"
"Fri Jul 25 2025 13:15:00 GMT+0530 (India Standard Time)","6161.00","6161.50","6151.50","6155.00"
"Fri Jul 25 2025 13:20:00 GMT+0530 (India Standard Time)","6155.00","6155.50","6151.50","6155.00"
"Fri Jul 25 2025 13:25:00 GMT+0530 (India Standard Time)","6155.00","6155.00","6133.00","6133.00"
"Fri Jul 25 2025 13:30:00 GMT+0530 (India Standard Time)","6133.00","6140.50","6133.00","6135.00"
"Fri Jul 25 2025 13:35:00 GMT+0530 (India Standard Time)","6135.00","6136.50","6131.50","6135.00"
"Fri Jul 25 2025 13:40:00 GMT+0530 (India Standard Time)","6135.00","6138.00","6134.50","6137.50"
"Fri Jul 25 2025 13:45:00 GMT+0530 (India Standard Time)","6137.50","6138.50","6131.50","6131.50"
"Fri Jul 25 2025 13:50:00 GMT+0530 (India Standard Time)","6134.50","6137.50","6132.00","6137.50"
"Fri Jul 25 2025 13:55:00 GMT+0530 (India Standard Time)","6137.50","6137.50","6126.00","6129.00"
"Fri Jul 25 2025 14:00:00 GMT+0530 (India Standard Time)","6126.50","6129.00","6105.50","6106.00"
"Fri Jul 25 2025 14:05:00 GMT+0530 (India Standard Time)","6108.00","6110.00","6093.00","6110.00"
"Fri Jul 25 2025 14:10:00 GMT+0530 (India Standard Time)","6110.00","6113.00","6104.50","6104.50"
"Fri Jul 25 2025 14:15:00 GMT+0530 (India Standard Time)","6104.50","6115.00","6104.50","6114.50"
"Fri Jul 25 2025 14:20:00 GMT+0530 (India Standard Time)","6114.50","6115.00","6110.00","6112.50"
"Fri Jul 25 2025 14:25:00 GMT+0530 (India Standard Time)","6113.50","6113.50","6106.50","6107.00"
"Fri Jul 25 2025 14:30:00 GMT+0530 (India Standard Time)","6108.50","6108.50","6095.50","6098.50"
"Fri Jul 25 2025 14:35:00 GMT+0530 (India Standard Time)","6098.50","6100.00","6095.00","6098.50"
"Fri Jul 25 2025 14:40:00 GMT+0530 (India Standard Time)","6098.50","6106.00","6061.50","6071.00"
"Fri Jul 25 2025 14:45:00 GMT+0530 (India Standard Time)","6070.00","6080.50","6070.00","6077.00"
"Fri Jul 25 2025 14:50:00 GMT+0530 (India Standard Time)","6077.00","6077.50","6060.50","6072.50"
"Fri Jul 25 2025 14:55:00 GMT+0530 (India Standard Time)","6072.50","6079.50","6071.00","6076.50"
"Fri Jul 25 2025 15:00:00 GMT+0530 (India Standard Time)","6076.50","6080.50","6051.50","6067.00"
"Fri Jul 25 2025 15:05:00 GMT+0530 (India Standard Time)","6067.00","6074.50","6062.00","6074.50"
"Fri Jul 25 2025 15:10:00 GMT+0530 (India Standard Time)","6072.50","6075.00","6067.50","6073.50"
"Fri Jul 25 2025 15:15:00 GMT+0530 (India Standard Time)","6073.00","6073.00","6061.00","6063.00"
"Fri Jul 25 2025 15:20:00 GMT+0530 (India Standard Time)","6064.00","6067.00","6059.50","6064.00"
"Fri Jul 25 2025 15:25:00 GMT+0530 (India Standard Time)","6062.00","6065.50","6031.00","6041.00"
"Mon Jul 28 2025 09:15:00 GMT+0530 (India Standard Time)","6090.00","6107.50","6065.50","6097.00"
"Mon Jul 28 2025 09:20:00 GMT+0530 (India Standard Time)","6097.00","6101.00","6084.00","6085.50"
"Mon Jul 28 2025 09:25:00 GMT+0530 (India Standard Time)","6089.00","6104.50","6084.50","6087.00"
"Mon Jul 28 2025 09:30:00 GMT+0530 (India Standard Time)","6094.50","6131.50","6094.50","6123.50"
"Mon Jul 28 2025 09:35:00 GMT+0530 (India Standard Time)","6123.50","6123.50","6105.00","6111.00"
"Mon Jul 28 2025 09:40:00 GMT+0530 (India Standard Time)","6110.00","6112.00","6090.00","6094.50"
"Mon Jul 28 2025 09:45:00 GMT+0530 (India Standard Time)","6094.50","6100.00","6092.00","6100.00"
"Mon Jul 28 2025 09:50:00 GMT+0530 (India Standard Time)","6100.00","6110.00","6090.50","6091.00"
"Mon Jul 28 2025 09:55:00 GMT+0530 (India Standard Time)","6091.00","6091.00","6053.00","6069.00"
"Mon Jul 28 2025 10:00:00 GMT+0530 (India Standard Time)","6071.00","6087.00","6071.00","6084.50"
"Mon Jul 28 2025 10:05:00 GMT+0530 (India Standard Time)","6084.50","6097.50","6080.50","6082.50"
"Mon Jul 28 2025 10:10:00 GMT+0530 (India Standard Time)","6082.50","6094.00","6078.00","6080.00"
"Mon Jul 28 2025 10:15:00 GMT+0530 (India Standard Time)","6081.50","6086.50","6080.00","6085.50"
"Mon Jul 28 2025 10:20:00 GMT+0530 (India Standard Time)","6080.00","6088.50","6072.50","6081.50"
"Mon Jul 28 2025 10:25:00 GMT+0530 (India Standard Time)","6081.50","6083.00","6072.00","6075.00"
"Mon Jul 28 2025 10:30:00 GMT+0530 (India Standard Time)","6075.00","6077.50","6060.50","6063.00"
"Mon Jul 28 2025 10:35:00 GMT+0530 (India Standard Time)","6063.00","6066.00","6043.00","6048.00"
"Mon Jul 28 2025 10:40:00 GMT+0530 (India Standard Time)","6048.00","6051.50","6043.00","6044.00"
"Mon Jul 28 2025 10:45:00 GMT+0530 (India Standard Time)","6044.00","6045.00","6016.50","6021.00"
"Mon Jul 28 2025 10:50:00 GMT+0530 (India Standard Time)","6020.00","6077.50","6020.00","6071.50"
"Mon Jul 28 2025 10:55:00 GMT+0530 (India Standard Time)","6071.50","6082.00","6065.00","6080.00"
"Mon Jul 28 2025 11:00:00 GMT+0530 (India Standard Time)","6080.00","6091.50","6060.00","6061.50"
"Mon Jul 28 2025 11:05:00 GMT+0530 (India Standard Time)","6061.50","6089.00","6061.50","6084.50"
"Mon Jul 28 2025 11:10:00 GMT+0530 (India Standard Time)","6084.50","6095.00","6084.50","6093.00"
"Mon Jul 28 2025 11:15:00 GMT+0530 (India Standard Time)","6093.00","6098.50","6085.50","6098.50"
"Mon Jul 28 2025 11:20:00 GMT+0530 (India Standard Time)","6095.00","6122.50","6080.00","6113.50"
"Mon Jul 28 2025 11:25:00 GMT+0530 (India Standard Time)","6113.50","6117.00","6108.50","6111.50"
"Mon Jul 28 2025 11:30:00 GMT+0530 (India Standard Time)","6111.50","6112.00","6105.00","6106.50"
"Mon Jul 28 2025 11:35:00 GMT+0530 (India Standard Time)","6106.50","6110.00","6099.00","6102.50"
"Mon Jul 28 2025 11:40:00 GMT+0530 (India Standard Time)","6102.50","6102.50","6083.50","6092.50"
"Mon Jul 28 2025 11:45:00 GMT+0530 (India Standard Time)","6092.50","6101.50","6089.00","6098.50"
"Mon Jul 28 2025 11:50:00 GMT+0530 (India Standard Time)","6098.50","6098.50","6093.00","6094.50"
"Mon Jul 28 2025 11:55:00 GMT+0530 (India Standard Time)","6094.50","6103.00","6094.50","6102.50"
"Mon Jul 28 2025 12:00:00 GMT+0530 (India Standard Time)","6103.00","6105.00","6099.50","6103.00"
"Mon Jul 28 2025 12:05:00 GMT+0530 (India Standard Time)","6101.50","6108.00","6092.50","6106.00"
"Mon Jul 28 2025 12:10:00 GMT+0530 (India Standard Time)","6106.00","6107.00","6097.50","6104.00"
"Mon Jul 28 2025 12:15:00 GMT+0530 (India Standard Time)","6104.00","6104.50","6078.50","6078.50"
"Mon Jul 28 2025 12:20:00 GMT+0530 (India Standard Time)","6078.50","6084.50","6072.00","6074.00"
"Mon Jul 28 2025 12:25:00 GMT+0530 (India Standard Time)","6074.00","6078.50","6071.00","6073.00"
"Mon Jul 28 2025 12:30:00 GMT+0530 (India Standard Time)","6073.00","6076.50","6071.00","6075.50"
"Mon Jul 28 2025 12:35:00 GMT+0530 (India Standard Time)","6075.50","6099.50","6074.50","6094.00"
"Mon Jul 28 2025 12:40:00 GMT+0530 (India Standard Time)","6094.00","6099.50","6094.00","6096.00"
"Mon Jul 28 2025 12:45:00 GMT+0530 (India Standard Time)","6096.00","6097.00","6075.00","6075.50"
"Mon Jul 28 2025 12:50:00 GMT+0530 (India Standard Time)","6075.00","6080.00","6060.00","6064.50"
"Mon Jul 28 2025 12:55:00 GMT+0530 (India Standard Time)","6064.50","6064.50","6057.00","6057.00"
"Mon Jul 28 2025 13:00:00 GMT+0530 (India Standard Time)","6055.00","6057.50","6046.50","6046.50"
"Mon Jul 28 2025 13:05:00 GMT+0530 (India Standard Time)","6046.50","6063.50","6044.50","6063.50"
"Mon Jul 28 2025 13:10:00 GMT+0530 (India Standard Time)","6063.50","6064.00","6057.00","6060.00"
"Mon Jul 28 2025 13:15:00 GMT+0530 (India Standard Time)","6060.00","6064.00","6056.00","6060.00"
"Mon Jul 28 2025 13:20:00 GMT+0530 (India Standard Time)","6056.50","6065.00","6056.00","6056.50"
"Mon Jul 28 2025 13:25:00 GMT+0530 (India Standard Time)","6056.50","6071.50","6056.50","6061.00"
"Mon Jul 28 2025 13:30:00 GMT+0530 (India Standard Time)","6065.00","6068.00","6042.00","6048.50"
"Mon Jul 28 2025 13:35:00 GMT+0530 (India Standard Time)","6047.50","6062.00","6040.00","6060.00"
"Mon Jul 28 2025 13:40:00 GMT+0530 (India Standard Time)","6060.00","6068.50","6052.00","6054.00"
"Mon Jul 28 2025 13:45:00 GMT+0530 (India Standard Time)","6053.50","6056.00","6045.50","6052.00"
"Mon Jul 28 2025 13:50:00 GMT+0530 (India Standard Time)","6052.00","6055.00","6045.00","6055.00"
"Mon Jul 28 2025 13:55:00 GMT+0530 (India Standard Time)","6055.00","6055.00","6040.00","6045.50"
"Mon Jul 28 2025 14:00:00 GMT+0530 (India Standard Time)","6049.00","6051.50","6038.00","6039.00"
"Mon Jul 28 2025 14:05:00 GMT+0530 (India Standard Time)","6039.00","6046.00","6035.50","6046.00"
"Mon Jul 28 2025 14:10:00 GMT+0530 (India Standard Time)","6046.00","6046.00","6036.50","6044.00"
"Mon Jul 28 2025 14:15:00 GMT+0530 (India Standard Time)","6044.00","6044.00","6035.00","6039.00"
"Mon Jul 28 2025 14:20:00 GMT+0530 (India Standard Time)","6035.50","6037.00","6027.50","6034.00"
"Mon Jul 28 2025 14:25:00 GMT+0530 (India Standard Time)","6034.00","6036.50","6020.00","6027.00"
"Mon Jul 28 2025 14:30:00 GMT+0530 (India Standard Time)","6027.00","6027.00","6020.00","6022.50"
"Mon Jul 28 2025 14:35:00 GMT+0530 (India Standard Time)","6022.50","6042.50","6022.00","6040.50"
"Mon Jul 28 2025 14:40:00 GMT+0530 (India Standard Time)","6040.50","6046.00","6030.50","6044.50"
"Mon Jul 28 2025 14:45:00 GMT+0530 (India Standard Time)","6044.50","6050.00","6026.50","6026.50"
"Mon Jul 28 2025 14:50:00 GMT+0530 (India Standard Time)","6026.50","6038.00","6025.00","6034.00"
"Mon Jul 28 2025 14:55:00 GMT+0530 (India Standard Time)","6034.00","6043.50","6033.50","6039.00"
"Mon Jul 28 2025 15:00:00 GMT+0530 (India Standard Time)","6041.00","6042.50","6023.00","6041.50"
"Mon Jul 28 2025 15:05:00 GMT+0530 (India Standard Time)","6041.00","6045.00","6040.00","6042.50"
"Mon Jul 28 2025 15:10:00 GMT+0530 (India Standard Time)","6041.50","6049.00","6038.50","6043.50"
"Mon Jul 28 2025 15:15:00 GMT+0530 (India Standard Time)","6043.50","6043.50","6031.00","6032.50"
"Mon Jul 28 2025 15:20:00 GMT+0530 (India Standard Time)","6033.00","6041.50","6030.00","6030.00"
"Mon Jul 28 2025 15:25:00 GMT+0530 (India Standard Time)","6033.00","6034.50","6017.50","6027.00"
"Tue Jul 29 2025 09:15:00 GMT+0530 (India Standard Time)","6009.50","6032.50","5999.00","6021.00"
"Tue Jul 29 2025 09:20:00 GMT+0530 (India Standard Time)","6021.00","6025.00","6003.00","6008.00"
"Tue Jul 29 2025 09:25:00 GMT+0530 (India Standard Time)","6007.50","6026.00","6007.50","6022.00"
"Tue Jul 29 2025 09:30:00 GMT+0530 (India Standard Time)","6022.50","6025.50","6001.50","6006.00"
"Tue Jul 29 2025 09:35:00 GMT+0530 (India Standard Time)","6006.00","6008.50","5990.00","5999.50"
"Tue Jul 29 2025 09:40:00 GMT+0530 (India Standard Time)","5999.50","6023.00","5999.50","6018.00"
"Tue Jul 29 2025 09:45:00 GMT+0530 (India Standard Time)","6018.00","6030.00","6005.50","6007.00"
"Tue Jul 29 2025 09:50:00 GMT+0530 (India Standard Time)","6007.50","6014.00","6003.00","6007.50"
"Tue Jul 29 2025 09:55:00 GMT+0530 (India Standard Time)","6007.50","6039.50","6007.50","6035.00"
"Tue Jul 29 2025 10:00:00 GMT+0530 (India Standard Time)","6035.00","6072.00","6027.50","6066.00"
"Tue Jul 29 2025 10:05:00 GMT+0530 (India Standard Time)","6066.00","6066.00","6032.00","6034.00"
"Tue Jul 29 2025 10:10:00 GMT+0530 (India Standard Time)","6034.00","6035.00","6009.50","6015.00"
"Tue Jul 29 2025 10:15:00 GMT+0530 (India Standard Time)","6015.00","6029.50","6013.00","6017.50"
"Tue Jul 29 2025 10:20:00 GMT+0530 (India Standard Time)","6017.50","6017.50","6006.50","6010.00"
"Tue Jul 29 2025 10:25:00 GMT+0530 (India Standard Time)","6010.00","6016.00","5996.50","6004.50"
"Tue Jul 29 2025 10:30:00 GMT+0530 (India Standard Time)","6004.50","6017.00","6002.00","6010.00"
"Tue Jul 29 2025 10:35:00 GMT+0530 (India Standard Time)","6010.00","6014.00","5988.50","5992.00"
"Tue Jul 29 2025 10:40:00 GMT+0530 (India Standard Time)","5992.00","6003.50","5990.00","5997.50"
"Tue Jul 29 2025 10:45:00 GMT+0530 (India Standard Time)","5999.50","6000.00","5979.00","5982.50"
"Tue Jul 29 2025 10:50:00 GMT+0530 (India Standard Time)","5982.50","5989.50","5977.50","5985.00"
"Tue Jul 29 2025 10:55:00 GMT+0530 (India Standard Time)","5985.00","5994.00","5978.50","5991.00"
"Tue Jul 29 2025 11:00:00 GMT+0530 (India Standard Time)","5991.00","5992.00","5985.00","5988.50"
"Tue Jul 29 2025 11:05:00 GMT+0530 (India Standard Time)","5988.50","5994.50","5983.50","5994.00"
"Tue Jul 29 2025 11:10:00 GMT+0530 (India Standard Time)","5994.00","6003.50","5988.00","6000.50"
"Tue Jul 29 2025 11:15:00 GMT+0530 (India Standard Time)","6000.50","6012.00","6000.00","6011.50"
"Tue Jul 29 2025 11:20:00 GMT+0530 (India Standard Time)","6011.50","6019.00","6005.50","6015.00"
"Tue Jul 29 2025 11:25:00 GMT+0530 (India Standard Time)","6015.00","6023.50","6015.00","6017.00"
"Tue Jul 29 2025 11:30:00 GMT+0530 (India Standard Time)","6017.00","6027.00","6017.00","6024.50"
"Tue Jul 29 2025 11:35:00 GMT+0530 (India Standard Time)","6024.50","6027.00","6020.00","6024.00"
"Tue Jul 29 2025 11:40:00 GMT+0530 (India Standard Time)","6024.00","6024.00","6015.00","6020.00"
"Tue Jul 29 2025 11:45:00 GMT+0530 (India Standard Time)","6020.00","6027.50","6015.00","6017.00"
"Tue Jul 29 2025 11:50:00 GMT+0530 (India Standard Time)","6017.00","6019.50","6015.50","6015.50"
"Tue Jul 29 2025 11:55:00 GMT+0530 (India Standard Time)","6015.50","6015.50","6008.50","6011.00"
"Tue Jul 29 2025 12:00:00 GMT+0530 (India Standard Time)","6011.00","6019.50","6009.50","6011.00"
"Tue Jul 29 2025 12:05:00 GMT+0530 (India Standard Time)","6011.00","6013.00","6008.00","6013.00"
"Tue Jul 29 2025 12:10:00 GMT+0530 (India Standard Time)","6013.00","6026.50","6013.00","6026.50"
"Tue Jul 29 2025 12:15:00 GMT+0530 (India Standard Time)","6026.50","6031.50","6024.00","6028.00"
"Tue Jul 29 2025 12:20:00 GMT+0530 (India Standard Time)","6028.00","6028.00","6024.00","6024.00"
"Tue Jul 29 2025 12:25:00 GMT+0530 (India Standard Time)","6024.00","6036.00","6021.00","6032.50"
"Tue Jul 29 2025 12:30:00 GMT+0530 (India Standard Time)","6036.50","6038.00","6033.50","6034.00"
"Tue Jul 29 2025 12:35:00 GMT+0530 (India Standard Time)","6034.00","6036.00","6028.00","6034.00"
"Tue Jul 29 2025 12:40:00 GMT+0530 (India Standard Time)","6034.00","6048.50","6031.50","6042.00"
"Tue Jul 29 2025 12:45:00 GMT+0530 (India Standard Time)","6042.00","6048.50","6042.00","6048.00"
"Tue Jul 29 2025 12:50:00 GMT+0530 (India Standard Time)","6048.00","6055.50","6046.00","6053.00"
"Tue Jul 29 2025 12:55:00 GMT+0530 (India Standard Time)","6053.00","6055.00","6050.50","6052.00"
"Tue Jul 29 2025 13:00:00 GMT+0530 (India Standard Time)","6052.00","6054.50","6046.00","6050.00"
"Tue Jul 29 2025 13:05:00 GMT+0530 (India Standard Time)","6050.00","6060.00","6048.00","6057.00"
"Tue Jul 29 2025 13:10:00 GMT+0530 (India Standard Time)","6057.00","6060.00","6055.00","6056.50"
"Tue Jul 29 2025 13:15:00 GMT+0530 (India Standard Time)","6056.50","6058.00","6050.00","6052.00"
"Tue Jul 29 2025 13:20:00 GMT+0530 (India Standard Time)","6051.00","6054.50","6041.00","6043.00"
"Tue Jul 29 2025 13:25:00 GMT+0530 (India Standard Time)","6042.50","6042.50","6032.50","6036.00"
"Tue Jul 29 2025 13:30:00 GMT+0530 (India Standard Time)","6036.00","6047.00","6032.00","6040.50"
"Tue Jul 29 2025 13:35:00 GMT+0530 (India Standard Time)","6040.50","6043.50","6036.50","6036.50"
"Tue Jul 29 2025 13:40:00 GMT+0530 (India Standard Time)","6038.50","6038.50","6031.00","6032.00"
"Tue Jul 29 2025 13:45:00 GMT+0530 (India Standard Time)","6032.00","6051.50","6032.00","6048.00"
"Tue Jul 29 2025 13:50:00 GMT+0530 (India Standard Time)","6048.00","6052.00","6045.00","6046.00"
"Tue Jul 29 2025 13:55:00 GMT+0530 (India Standard Time)","6049.00","6049.00","6043.00","6044.50"
"Tue Jul 29 2025 14:00:00 GMT+0530 (India Standard Time)","6043.00","6047.50","6037.50","6037.50"
"Tue Jul 29 2025 14:05:00 GMT+0530 (India Standard Time)","6037.50","6043.50","6037.50","6041.50"
"Tue Jul 29 2025 14:10:00 GMT+0530 (India Standard Time)","6041.50","6045.00","6041.00","6044.50"
"Tue Jul 29 2025 14:15:00 GMT+0530 (India Standard Time)","6044.50","6055.50","6043.00","6055.50"
"Tue Jul 29 2025 14:20:00 GMT+0530 (India Standard Time)","6056.50","6059.50","6053.00","6057.50"
"Tue Jul 29 2025 14:25:00 GMT+0530 (India Standard Time)","6058.00","6065.50","6055.50","6063.00"
"Tue Jul 29 2025 14:30:00 GMT+0530 (India Standard Time)","6063.00","6088.50","6063.00","6083.50"
"Tue Jul 29 2025 14:35:00 GMT+0530 (India Standard Time)","6082.00","6082.50","6071.00","6077.50"
"Tue Jul 29 2025 14:40:00 GMT+0530 (India Standard Time)","6077.50","6077.50","6072.00","6077.50"
"Tue Jul 29 2025 14:45:00 GMT+0530 (India Standard Time)","6079.00","6086.50","6076.00","6077.50"
"Tue Jul 29 2025 14:50:00 GMT+0530 (India Standard Time)","6077.50","6082.00","6074.00","6082.00"
"Tue Jul 29 2025 14:55:00 GMT+0530 (India Standard Time)","6082.00","6090.00","6079.50","6084.50"
"Tue Jul 29 2025 15:00:00 GMT+0530 (India Standard Time)","6087.00","6106.50","6077.00","6095.50"
"Tue Jul 29 2025 15:05:00 GMT+0530 (India Standard Time)","6095.00","6096.00","6085.50","6090.50"
"Tue Jul 29 2025 15:10:00 GMT+0530 (India Standard Time)","6090.50","6093.00","6086.00","6092.50"
"Tue Jul 29 2025 15:15:00 GMT+0530 (India Standard Time)","6092.50","6096.50","6090.00","6091.50"
"Tue Jul 29 2025 15:20:00 GMT+0530 (India Standard Time)","6091.50","6099.00","6090.50","6094.50"
"Tue Jul 29 2025 15:25:00 GMT+0530 (India Standard Time)","6097.00","6097.00","6051.00","6086.00"
"Wed Jul 30 2025 09:15:00 GMT+0530 (India Standard Time)","6070.00","6090.00","6062.00","6083.00"
"Wed Jul 30 2025 09:20:00 GMT+0530 (India Standard Time)","6082.50","6084.50","6066.00","6071.00"
"Wed Jul 30 2025 09:25:00 GMT+0530 (India Standard Time)","6071.00","6074.00","6066.00","6071.00"
"Wed Jul 30 2025 09:30:00 GMT+0530 (India Standard Time)","6074.00","6100.00","6074.00","6094.00"
"Wed Jul 30 2025 09:35:00 GMT+0530 (India Standard Time)","6093.00","6099.50","6088.00","6094.50"
"Wed Jul 30 2025 09:40:00 GMT+0530 (India Standard Time)","6094.50","6098.00","6085.00","6093.50"
"Wed Jul 30 2025 09:45:00 GMT+0530 (India Standard Time)","6093.50","6095.00","6080.00","6089.00"
"Wed Jul 30 2025 09:50:00 GMT+0530 (India Standard Time)","6089.00","6112.50","6083.50","6108.00"
"Wed Jul 30 2025 09:55:00 GMT+0530 (India Standard Time)","6108.00","6169.50","6102.00","6140.00"
"Wed Jul 30 2025 10:00:00 GMT+0530 (India Standard Time)","6140.00","6157.00","6135.00","6149.00"
"Wed Jul 30 2025 10:05:00 GMT+0530 (India Standard Time)","6149.00","6160.00","6147.00","6153.50"
"Wed Jul 30 2025 10:10:00 GMT+0530 (India Standard Time)","6153.50","6165.00","6146.00","6151.00"
"Wed Jul 30 2025 10:15:00 GMT+0530 (India Standard Time)","6151.00","6151.00","6139.00","6139.00"
"Wed Jul 30 2025 10:20:00 GMT+0530 (India Standard Time)","6139.00","6149.00","6137.50","6143.50"
"Wed Jul 30 2025 10:25:00 GMT+0530 (India Standard Time)","6143.50","6158.50","6143.50","6147.50"
"Wed Jul 30 2025 10:30:00 GMT+0530 (India Standard Time)","6143.50","6144.50","6130.50","6132.00"
"Wed Jul 30 2025 10:35:00 GMT+0530 (India Standard Time)","6132.00","6133.50","6065.50","6071.00"
"Wed Jul 30 2025 10:40:00 GMT+0530 (India Standard Time)","6071.00","6100.00","6068.50","6090.00"
"Wed Jul 30 2025 10:45:00 GMT+0530 (India Standard Time)","6091.00","6099.50","6086.00","6096.50"
"Wed Jul 30 2025 10:50:00 GMT+0530 (India Standard Time)","6096.50","6106.50","6095.00","6101.50"
"Wed Jul 30 2025 10:55:00 GMT+0530 (India Standard Time)","6101.50","6101.50","6095.50","6099.00"
"Wed Jul 30 2025 11:00:00 GMT+0530 (India Standard Time)","6099.00","6099.00","6092.50","6094.00"
"Wed Jul 30 2025 11:05:00 GMT+0530 (India Standard Time)","6094.00","6096.00","6090.00","6094.50"
"Wed Jul 30 2025 11:10:00 GMT+0530 (India Standard Time)","6094.50","6099.00","6090.00","6092.50"
"Wed Jul 30 2025 11:15:00 GMT+0530 (India Standard Time)","6092.50","6099.00","6092.50","6099.00"
"Wed Jul 30 2025 11:20:00 GMT+0530 (India Standard Time)","6099.00","6102.00","6094.50","6097.00"
"Wed Jul 30 2025 11:25:00 GMT+0530 (India Standard Time)","6097.00","6098.50","6094.00","6095.50"
"Wed Jul 30 2025 11:30:00 GMT+0530 (India Standard Time)","6095.50","6100.00","6093.50","6093.50"
"Wed Jul 30 2025 11:35:00 GMT+0530 (India Standard Time)","6093.50","6100.00","6093.50","6097.50"
"Wed Jul 30 2025 11:40:00 GMT+0530 (India Standard Time)","6097.50","6103.00","6092.50","6103.00"
"Wed Jul 30 2025 11:45:00 GMT+0530 (India Standard Time)","6104.00","6157.00","6104.00","6135.00"
"Wed Jul 30 2025 11:50:00 GMT+0530 (India Standard Time)","6135.00","6141.50","6115.00","6115.00"
"Wed Jul 30 2025 11:55:00 GMT+0530 (India Standard Time)","6115.00","6121.00","6113.50","6119.50"
"Wed Jul 30 2025 12:00:00 GMT+0530 (India Standard Time)","6119.50","6122.00","6113.00","6119.50"
"Wed Jul 30 2025 12:05:00 GMT+0530 (India Standard Time)","6119.50","6119.50","6113.00","6115.00"
"Wed Jul 30 2025 12:10:00 GMT+0530 (India Standard Time)","6115.00","6119.00","6105.50","6112.00"
"Wed Jul 30 2025 12:15:00 GMT+0530 (India Standard Time)","6112.00","6115.00","6108.00","6114.00"
"Wed Jul 30 2025 12:20:00 GMT+0530 (India Standard Time)","6114.00","6115.50","6111.00","6112.50"
"Wed Jul 30 2025 12:25:00 GMT+0530 (India Standard Time)","6112.50","6112.50","6101.00","6104.00"
"Wed Jul 30 2025 12:30:00 GMT+0530 (India Standard Time)","6104.00","6106.50","6081.50","6086.00"
"Wed Jul 30 2025 12:35:00 GMT+0530 (India Standard Time)","6086.00","6088.50","6083.00","6085.00"
"Wed Jul 30 2025 12:40:00 GMT+0530 (India Standard Time)","6085.00","6094.00","6075.50","6075.50"
"Wed Jul 30 2025 12:45:00 GMT+0530 (India Standard Time)","6075.50","6082.50","6075.50","6082.50"
"Wed Jul 30 2025 12:50:00 GMT+0530 (India Standard Time)","6084.50","6085.00","6081.00","6085.00"
"Wed Jul 30 2025 12:55:00 GMT+0530 (India Standard Time)","6085.00","6087.50","6081.50","6087.50"
"Wed Jul 30 2025 13:00:00 GMT+0530 (India Standard Time)","6087.50","6088.00","6081.50","6083.00"
"Wed Jul 30 2025 13:05:00 GMT+0530 (India Standard Time)","6083.00","6085.00","6082.00","6083.50"
"Wed Jul 30 2025 13:10:00 GMT+0530 (India Standard Time)","6083.50","6085.00","6083.00","6084.50"
"Wed Jul 30 2025 13:15:00 GMT+0530 (India Standard Time)","6084.50","6089.00","6083.50","6088.50"
"Wed Jul 30 2025 13:20:00 GMT+0530 (India Standard Time)","6088.50","6089.50","6083.00","6086.50"
"Wed Jul 30 2025 13:25:00 GMT+0530 (India Standard Time)","6086.50","6086.50","6083.00","6085.00"
"Wed Jul 30 2025 13:30:00 GMT+0530 (India Standard Time)","6085.00","6085.00","6081.50","6081.50"
"Wed Jul 30 2025 13:35:00 GMT+0530 (India Standard Time)","6081.50","6084.00","6081.50","6083.00"
"Wed Jul 30 2025 13:40:00 GMT+0530 (India Standard Time)","6083.00","6112.50","6081.50","6112.50"
"Wed Jul 30 2025 13:45:00 GMT+0530 (India Standard Time)","6112.50","6113.50","6096.50","6101.50"
"Wed Jul 30 2025 13:50:00 GMT+0530 (India Standard Time)","6101.50","6110.00","6095.50","6103.00"
"Wed Jul 30 2025 13:55:00 GMT+0530 (India Standard Time)","6103.00","6103.00","6092.50","6093.00"
"Wed Jul 30 2025 14:00:00 GMT+0530 (India Standard Time)","6093.00","6096.00","6092.00","6092.50"
"Wed Jul 30 2025 14:05:00 GMT+0530 (India Standard Time)","6092.50","6097.50","6091.50","6096.00"
"Wed Jul 30 2025 14:10:00 GMT+0530 (India Standard Time)","6096.00","6096.50","6091.50","6092.00"
"Wed Jul 30 2025 14:15:00 GMT+0530 (India Standard Time)","6092.00","6097.00","6091.50","6092.50"
"Wed Jul 30 2025 14:20:00 GMT+0530 (India Standard Time)","6092.50","6110.00","6092.50","6104.00"
"Wed Jul 30 2025 14:25:00 GMT+0530 (India Standard Time)","6102.00","6109.50","6101.50","6105.50"
"Wed Jul 30 2025 14:30:00 GMT+0530 (India Standard Time)","6107.50","6108.00","6100.00","6103.50"
"Wed Jul 30 2025 14:35:00 GMT+0530 (India Standard Time)","6102.50","6105.50","6098.00","6098.00"
"Wed Jul 30 2025 14:40:00 GMT+0530 (India Standard Time)","6098.00","6102.50","6098.00","6098.50"
"Wed Jul 30 2025 14:45:00 GMT+0530 (India Standard Time)","6098.50","6102.50","6098.00","6098.00"
"Wed Jul 30 2025 14:50:00 GMT+0530 (India Standard Time)","6098.50","6100.50","6098.00","6098.50"
"Wed Jul 30 2025 14:55:00 GMT+0530 (India Standard Time)","6098.50","6103.50","6098.50","6099.00"
"Wed Jul 30 2025 15:00:00 GMT+0530 (India Standard Time)","6101.00","6103.50","6100.00","6100.50"
"Wed Jul 30 2025 15:05:00 GMT+0530 (India Standard Time)","6100.50","6103.00","6100.50","6102.50"
"Wed Jul 30 2025 15:10:00 GMT+0530 (India Standard Time)","6103.00","6107.00","6100.50","6104.50"
"Wed Jul 30 2025 15:15:00 GMT+0530 (India Standard Time)","6105.50","6112.00","6103.00","6103.50"
"Wed Jul 30 2025 15:20:00 GMT+0530 (India Standard Time)","6102.50","6102.50","6093.00","6099.50"
"Wed Jul 30 2025 15:25:00 GMT+0530 (India Standard Time)","6102.00","6105.00","6080.50","6085.50"
"Thu Jul 31 2025 09:15:00 GMT+0530 (India Standard Time)","6084.00","6084.00","6001.50","6036.00"
"Thu Jul 31 2025 09:20:00 GMT+0530 (India Standard Time)","6037.00","6053.00","6037.00","6047.50"
"Thu Jul 31 2025 09:25:00 GMT+0530 (India Standard Time)","6047.50","6057.50","6036.00","6044.00"
"Thu Jul 31 2025 09:30:00 GMT+0530 (India Standard Time)","6043.00","6048.50","6031.00","6044.00"
"Thu Jul 31 2025 09:35:00 GMT+0530 (India Standard Time)","6044.00","6044.00","6030.50","6043.00"
"Thu Jul 31 2025 09:40:00 GMT+0530 (India Standard Time)","6043.00","6043.50","6027.50","6030.00"
"Thu Jul 31 2025 09:45:00 GMT+0530 (India Standard Time)","6030.00","6030.00","6010.50","6019.00"
"Thu Jul 31 2025 09:50:00 GMT+0530 (India Standard Time)","6019.00","6026.50","6017.00","6025.00"
"Thu Jul 31 2025 09:55:00 GMT+0530 (India Standard Time)","6025.00","6028.00","6018.00","6021.50"
"Thu Jul 31 2025 10:00:00 GMT+0530 (India Standard Time)","6021.50","6021.50","6001.50","6005.50"
"Thu Jul 31 2025 10:05:00 GMT+0530 (India Standard Time)","6005.50","6012.00","6004.00","6006.00"
"Thu Jul 31 2025 10:10:00 GMT+0530 (India Standard Time)","6006.00","6007.50","6001.00","6007.00"
"Thu Jul 31 2025 10:15:00 GMT+0530 (India Standard Time)","6004.50","6010.00","6004.00","6006.00"
"Thu Jul 31 2025 10:20:00 GMT+0530 (India Standard Time)","6006.00","6029.00","6005.00","6029.00"
"Thu Jul 31 2025 10:25:00 GMT+0530 (India Standard Time)","6029.00","6029.00","6018.50","6027.00"
"Thu Jul 31 2025 10:30:00 GMT+0530 (India Standard Time)","6027.00","6030.50","6022.00","6028.00"
"Thu Jul 31 2025 10:35:00 GMT+0530 (India Standard Time)","6028.00","6029.50","6018.00","6018.00"
"Thu Jul 31 2025 10:40:00 GMT+0530 (India Standard Time)","6018.00","6025.50","6006.50","6007.50"
"Thu Jul 31 2025 10:45:00 GMT+0530 (India Standard Time)","6007.50","6023.50","6007.50","6023.50"
"Thu Jul 31 2025 10:50:00 GMT+0530 (India Standard Time)","6023.50","6033.00","6023.50","6030.00"
"Thu Jul 31 2025 10:55:00 GMT+0530 (India Standard Time)","6030.00","6031.00","6021.50","6022.00"
"Thu Jul 31 2025 11:00:00 GMT+0530 (India Standard Time)","6022.00","6026.00","6020.50","6025.50"
"Thu Jul 31 2025 11:05:00 GMT+0530 (India Standard Time)","6025.50","6036.00","6024.50","6029.00"
"Thu Jul 31 2025 11:10:00 GMT+0530 (India Standard Time)","6029.00","6031.50","6020.50","6021.50"
"Thu Jul 31 2025 11:15:00 GMT+0530 (India Standard Time)","6021.50","6021.50","6015.00","6017.00"
"Thu Jul 31 2025 11:20:00 GMT+0530 (India Standard Time)","6017.00","6021.50","6016.50","6020.00"
"Thu Jul 31 2025 11:25:00 GMT+0530 (India Standard Time)","6020.00","6021.50","6020.00","6020.50"
"Thu Jul 31 2025 11:30:00 GMT+0530 (India Standard Time)","6020.50","6025.00","6019.50","6024.00"
"Thu Jul 31 2025 11:35:00 GMT+0530 (India Standard Time)","6024.00","6024.00","6018.00","6018.50"
"Thu Jul 31 2025 11:40:00 GMT+0530 (India Standard Time)","6018.50","6022.50","6018.00","6022.50"
"Thu Jul 31 2025 11:45:00 GMT+0530 (India Standard Time)","6022.50","6037.50","6021.50","6031.00"
"Thu Jul 31 2025 11:50:00 GMT+0530 (India Standard Time)","6031.00","6032.00","6025.50","6025.50"
"Thu Jul 31 2025 11:55:00 GMT+0530 (India Standard Time)","6025.50","6031.00","6021.50","6027.50"
"Thu Jul 31 2025 12:00:00 GMT+0530 (India Standard Time)","6027.50","6039.50","6022.00","6027.00"
"Thu Jul 31 2025 12:05:00 GMT+0530 (India Standard Time)","6027.00","6054.00","6027.00","6045.50"
"Thu Jul 31 2025 12:10:00 GMT+0530 (India Standard Time)","6045.50","6050.50","6041.00","6050.50"
"Thu Jul 31 2025 12:15:00 GMT+0530 (India Standard Time)","6050.50","6053.00","6045.00","6049.50"
"Thu Jul 31 2025 12:20:00 GMT+0530 (India Standard Time)","6049.50","6058.50","6049.50","6055.50"
"Thu Jul 31 2025 12:25:00 GMT+0530 (India Standard Time)","6055.50","6059.50","6047.50","6051.50"
"Thu Jul 31 2025 12:30:00 GMT+0530 (India Standard Time)","6051.50","6059.50","6047.50","6054.00"
"Thu Jul 31 2025 12:35:00 GMT+0530 (India Standard Time)","6054.00","6067.00","6051.00","6063.00"
"Thu Jul 31 2025 12:40:00 GMT+0530 (India Standard Time)","6063.00","6072.50","6061.00","6068.00"
"Thu Jul 31 2025 12:45:00 GMT+0530 (India Standard Time)","6068.00","6073.50","6063.50","6072.50"
"Thu Jul 31 2025 12:50:00 GMT+0530 (India Standard Time)","6073.50","6083.00","6072.50","6078.00"
"Thu Jul 31 2025 12:55:00 GMT+0530 (India Standard Time)","6078.00","6084.00","6074.50","6078.50"
"Thu Jul 31 2025 13:00:00 GMT+0530 (India Standard Time)","6078.50","6098.50","6078.00","6090.00"
"Thu Jul 31 2025 13:05:00 GMT+0530 (India Standard Time)","6090.00","6090.00","6076.50","6082.50"
"Thu Jul 31 2025 13:10:00 GMT+0530 (India Standard Time)","6082.50","6086.00","6077.00","6083.50"
"Thu Jul 31 2025 13:15:00 GMT+0530 (India Standard Time)","6083.50","6100.00","6081.00","6100.00"
"Thu Jul 31 2025 13:20:00 GMT+0530 (India Standard Time)","6100.00","6100.00","6086.50","6093.50"
"Thu Jul 31 2025 13:25:00 GMT+0530 (India Standard Time)","6093.50","6096.00","6085.00","6095.50"
"Thu Jul 31 2025 13:30:00 GMT+0530 (India Standard Time)","6095.50","6104.00","6093.00","6095.50"
"Thu Jul 31 2025 13:35:00 GMT+0530 (India Standard Time)","6095.50","6098.50","6090.00","6091.50"
"Thu Jul 31 2025 13:40:00 GMT+0530 (India Standard Time)","6091.50","6095.00","6079.00","6080.50"
"Thu Jul 31 2025 13:45:00 GMT+0530 (India Standard Time)","6080.50","6094.50","6079.50","6090.00"
"Thu Jul 31 2025 13:50:00 GMT+0530 (India Standard Time)","6090.00","6091.00","6081.00","6090.50"
"Thu Jul 31 2025 13:55:00 GMT+0530 (India Standard Time)","6089.00","6091.00","6084.50","6091.00"
"Thu Jul 31 2025 14:00:00 GMT+0530 (India Standard Time)","6091.00","6122.50","6091.00","6116.00"
"Thu Jul 31 2025 14:05:00 GMT+0530 (India Standard Time)","6117.50","6130.50","6114.00","6126.50"
"Thu Jul 31 2025 14:10:00 GMT+0530 (India Standard Time)","6126.50","6132.50","6121.00","6128.50"
"Thu Jul 31 2025 14:15:00 GMT+0530 (India Standard Time)","6128.50","6138.50","6122.00","6125.00"
"Thu Jul 31 2025 14:20:00 GMT+0530 (India Standard Time)","6125.00","6130.00","6118.00","6122.50"
"Thu Jul 31 2025 14:25:00 GMT+0530 (India Standard Time)","6118.00","6118.00","6104.00","6105.00"
"Thu Jul 31 2025 14:30:00 GMT+0530 (India Standard Time)","6105.00","6109.50","6095.00","6102.00"
"Thu Jul 31 2025 14:35:00 GMT+0530 (India Standard Time)","6102.00","6109.00","6100.00","6104.00"
"Thu Jul 31 2025 14:40:00 GMT+0530 (India Standard Time)","6104.00","6108.00","6095.50","6106.50"
"Thu Jul 31 2025 14:45:00 GMT+0530 (India Standard Time)","6106.50","6112.00","6096.50","6102.00"
"Thu Jul 31 2025 14:50:00 GMT+0530 (India Standard Time)","6102.00","6102.00","6090.00","6092.00"
"Thu Jul 31 2025 14:55:00 GMT+0530 (India Standard Time)","6092.00","6105.00","6090.00","6103.50"
"Thu Jul 31 2025 15:00:00 GMT+0530 (India Standard Time)","6103.00","6104.50","6087.00","6100.00"
"Thu Jul 31 2025 15:05:00 GMT+0530 (India Standard Time)","6100.00","6103.50","6094.00","6100.00"
"Thu Jul 31 2025 15:10:00 GMT+0530 (India Standard Time)","6099.50","6101.00","6095.00","6095.50"
"Thu Jul 31 2025 15:15:00 GMT+0530 (India Standard Time)","6096.00","6098.50","6088.00","6094.00"
"Thu Jul 31 2025 15:20:00 GMT+0530 (India Standard Time)","6094.00","6095.00","6085.50","6087.00"
"Thu Jul 31 2025 15:25:00 GMT+0530 (India Standard Time)","6087.50","6089.00","6066.50","6084.00"
"Fri Aug 01 2025 09:15:00 GMT+0530 (India Standard Time)","6087.50","6087.50","6061.00","6076.50"
"Fri Aug 01 2025 09:20:00 GMT+0530 (India Standard Time)","6076.50","6084.50","6075.00","6076.50"
"Fri Aug 01 2025 09:25:00 GMT+0530 (India Standard Time)","6076.50","6087.00","6070.00","6077.00"
"Fri Aug 01 2025 09:30:00 GMT+0530 (India Standard Time)","6073.00","6077.00","6072.50","6074.00"
"Fri Aug 01 2025 09:35:00 GMT+0530 (India Standard Time)","6074.00","6074.00","6050.00","6051.00"
"Fri Aug 01 2025 09:40:00 GMT+0530 (India Standard Time)","6051.00","6072.00","6051.00","6062.50"
"Fri Aug 01 2025 09:45:00 GMT+0530 (India Standard Time)","6062.50","6064.50","6058.00","6059.50"
"Fri Aug 01 2025 09:50:00 GMT+0530 (India Standard Time)","6059.50","6065.00","6051.50","6051.50"
"Fri Aug 01 2025 09:55:00 GMT+0530 (India Standard Time)","6051.50","6060.00","6050.00","6056.00"
"Fri Aug 01 2025 10:00:00 GMT+0530 (India Standard Time)","6056.00","6069.00","6048.50","6066.00"
"Fri Aug 01 2025 10:05:00 GMT+0530 (India Standard Time)","6066.00","6067.50","6060.00","6065.50"
"Fri Aug 01 2025 10:10:00 GMT+0530 (India Standard Time)","6065.50","6067.50","6061.50","6067.50"
"Fri Aug 01 2025 10:15:00 GMT+0530 (India Standard Time)","6067.50","6067.50","6058.50","6063.00"
"Fri Aug 01 2025 10:20:00 GMT+0530 (India Standard Time)","6063.00","6066.00","6063.00","6063.50"
"Fri Aug 01 2025 10:25:00 GMT+0530 (India Standard Time)","6063.50","6066.00","6057.00","6059.50"
"Fri Aug 01 2025 10:30:00 GMT+0530 (India Standard Time)","6059.50","6066.00","6059.00","6063.50"
"Fri Aug 01 2025 10:35:00 GMT+0530 (India Standard Time)","6063.50","6066.00","6057.00","6058.50"
"Fri Aug 01 2025 10:40:00 GMT+0530 (India Standard Time)","6058.50","6058.50","6052.50","6053.00"
"Fri Aug 01 2025 10:45:00 GMT+0530 (India Standard Time)","6053.00","6057.00","6050.00","6056.00"
"Fri Aug 01 2025 10:50:00 GMT+0530 (India Standard Time)","6056.00","6064.00","6053.50","6061.00"
"Fri Aug 01 2025 10:55:00 GMT+0530 (India Standard Time)","6061.00","6078.50","6061.00","6077.00"
"Fri Aug 01 2025 11:00:00 GMT+0530 (India Standard Time)","6081.00","6081.50","6075.50","6080.50"
"Fri Aug 01 2025 11:05:00 GMT+0530 (India Standard Time)","6080.00","6080.50","6070.50","6070.50"
"Fri Aug 01 2025 11:10:00 GMT+0530 (India Standard Time)","6071.00","6074.50","6066.00","6068.00"
"Fri Aug 01 2025 11:15:00 GMT+0530 (India Standard Time)","6070.50","6076.00","6066.50","6068.50"
"Fri Aug 01 2025 11:20:00 GMT+0530 (India Standard Time)","6068.50","6072.00","6064.00","6069.50"
"Fri Aug 01 2025 11:25:00 GMT+0530 (India Standard Time)","6069.50","6069.50","6067.50","6067.50"
"Fri Aug 01 2025 11:30:00 GMT+0530 (India Standard Time)","6067.50","6085.00","6065.00","6085.00"
"Fri Aug 01 2025 11:35:00 GMT+0530 (India Standard Time)","6085.00","6085.00","6081.50","6082.00"
"Fri Aug 01 2025 11:40:00 GMT+0530 (India Standard Time)","6082.00","6087.00","6067.50","6067.50"
"Fri Aug 01 2025 11:45:00 GMT+0530 (India Standard Time)","6067.50","6074.00","6065.00","6074.00"
"Fri Aug 01 2025 11:50:00 GMT+0530 (India Standard Time)","6069.50","6074.00","6066.50","6070.00"
"Fri Aug 01 2025 11:55:00 GMT+0530 (India Standard Time)","6070.00","6070.00","6065.00","6067.50"
"Fri Aug 01 2025 12:00:00 GMT+0530 (India Standard Time)","6065.00","6067.00","6065.00","6065.00"
"Fri Aug 01 2025 12:05:00 GMT+0530 (India Standard Time)","6065.00","6073.00","6065.00","6070.00"
"Fri Aug 01 2025 12:10:00 GMT+0530 (India Standard Time)","6070.00","6074.00","6069.50","6073.00"
"Fri Aug 01 2025 12:15:00 GMT+0530 (India Standard Time)","6073.00","6073.50","6070.50","6070.50"
"Fri Aug 01 2025 12:20:00 GMT+0530 (India Standard Time)","6070.50","6077.00","6070.50","6075.00"
"Fri Aug 01 2025 12:25:00 GMT+0530 (India Standard Time)","6075.00","6077.00","6070.00","6071.50"
"Fri Aug 01 2025 12:30:00 GMT+0530 (India Standard Time)","6073.50","6074.50","6070.00","6070.00"
"Fri Aug 01 2025 12:35:00 GMT+0530 (India Standard Time)","6070.00","6073.00","6065.50","6069.50"
"Fri Aug 01 2025 12:40:00 GMT+0530 (India Standard Time)","6069.50","6071.00","6060.00","6070.50"
"Fri Aug 01 2025 12:45:00 GMT+0530 (India Standard Time)","6070.50","6073.00","6070.00","6071.00"
"Fri Aug 01 2025 12:50:00 GMT+0530 (India Standard Time)","6071.00","6073.00","6070.00","6070.50"
"Fri Aug 01 2025 12:55:00 GMT+0530 (India Standard Time)","6070.50","6075.00","6070.50","6074.50"
"Fri Aug 01 2025 13:00:00 GMT+0530 (India Standard Time)","6074.50","6074.50","6070.00","6072.50"
"Fri Aug 01 2025 13:05:00 GMT+0530 (India Standard Time)","6072.50","6084.00","6072.00","6084.00"
"Fri Aug 01 2025 13:10:00 GMT+0530 (India Standard Time)","6084.00","6087.00","6081.00","6087.00"
"Fri Aug 01 2025 13:15:00 GMT+0530 (India Standard Time)","6087.00","6087.00","6084.00","6084.00"
"Fri Aug 01 2025 13:20:00 GMT+0530 (India Standard Time)","6084.00","6086.00","6079.00","6079.00"
"Fri Aug 01 2025 13:25:00 GMT+0530 (India Standard Time)","6079.00","6086.50","6078.50","6084.50"
"Fri Aug 01 2025 13:30:00 GMT+0530 (India Standard Time)","6084.50","6085.50","6082.00","6085.00"
"Fri Aug 01 2025 13:35:00 GMT+0530 (India Standard Time)","6085.00","6085.00","6068.50","6068.50"
"Fri Aug 01 2025 13:40:00 GMT+0530 (India Standard Time)","6068.50","6074.50","6068.50","6074.50"
"Fri Aug 01 2025 13:45:00 GMT+0530 (India Standard Time)","6074.50","6074.50","6069.00","6069.00"
"Fri Aug 01 2025 13:50:00 GMT+0530 (India Standard Time)","6072.00","6072.00","6068.00","6068.00"
"Fri Aug 01 2025 13:55:00 GMT+0530 (India Standard Time)","6068.00","6070.50","6066.00","6068.00"
"Fri Aug 01 2025 14:00:00 GMT+0530 (India Standard Time)","6068.00","6069.00","6065.50","6069.00"
"Fri Aug 01 2025 14:05:00 GMT+0530 (India Standard Time)","6067.50","6068.00","6065.00","6065.00"
"Fri Aug 01 2025 14:10:00 GMT+0530 (India Standard Time)","6065.00","6070.50","6065.00","6070.00"
"Fri Aug 01 2025 14:15:00 GMT+0530 (India Standard Time)","6070.00","6070.00","6065.00","6065.00"
"Fri Aug 01 2025 14:20:00 GMT+0530 (India Standard Time)","6065.00","6067.50","6055.50","6055.50"
"Fri Aug 01 2025 14:25:00 GMT+0530 (India Standard Time)","6055.50","6055.50","6045.00","6048.00"
"Fri Aug 01 2025 14:30:00 GMT+0530 (India Standard Time)","6048.00","6059.50","6046.00","6058.00"
"Fri Aug 01 2025 14:35:00 GMT+0530 (India Standard Time)","6058.00","6058.00","6046.00","6048.00"
"Fri Aug 01 2025 14:40:00 GMT+0530 (India Standard Time)","6048.00","6049.00","6032.50","6036.50"
"Fri Aug 01 2025 14:45:00 GMT+0530 (India Standard Time)","6036.50","6073.00","6033.00","6069.00"
"Fri Aug 01 2025 14:50:00 GMT+0530 (India Standard Time)","6069.00","6070.00","6065.00","6065.50"
"Fri Aug 01 2025 14:55:00 GMT+0530 (India Standard Time)","6065.00","6066.00","6056.00","6056.50"
"Fri Aug 01 2025 15:00:00 GMT+0530 (India Standard Time)","6055.50","6063.50","6053.00","6056.00"
"Fri Aug 01 2025 15:05:00 GMT+0530 (India Standard Time)","6056.00","6058.00","6038.50","6058.00"
"Fri Aug 01 2025 15:10:00 GMT+0530 (India Standard Time)","6059.00","6066.00","6035.50","6042.50"
"Fri Aug 01 2025 15:15:00 GMT+0530 (India Standard Time)","6044.00","6067.50","6043.00","6054.00"
"Fri Aug 01 2025 15:20:00 GMT+0530 (India Standard Time)","6054.00","6056.00","6045.00","6050.00"
"Fri Aug 01 2025 15:25:00 GMT+0530 (India Standard Time)","6044.00","6054.50","6021.00","6023.50"
"Mon Aug 04 2025 09:15:00 GMT+0530 (India Standard Time)","6022.00","6030.00","5988.00","6024.00"
"Mon Aug 04 2025 09:20:00 GMT+0530 (India Standard Time)","6020.50","6022.00","5991.00","6019.00"
"Mon Aug 04 2025 09:25:00 GMT+0530 (India Standard Time)","6024.50","6050.00","6015.00","6048.50"
"Mon Aug 04 2025 09:30:00 GMT+0530 (India Standard Time)","6044.50","6060.00","6026.50","6035.50"
"Mon Aug 04 2025 09:35:00 GMT+0530 (India Standard Time)","6031.50","6038.00","6022.00","6027.00"
"Mon Aug 04 2025 09:40:00 GMT+0530 (India Standard Time)","6024.50","6039.00","6015.00","6019.50"
"Mon Aug 04 2025 09:45:00 GMT+0530 (India Standard Time)","6011.50","6023.00","5996.50","6023.00"
"Mon Aug 04 2025 09:50:00 GMT+0530 (India Standard Time)","6025.00","6043.50","6025.00","6037.00"
"Mon Aug 04 2025 09:55:00 GMT+0530 (India Standard Time)","6035.50","6047.50","6035.50","6044.50"
"Mon Aug 04 2025 10:00:00 GMT+0530 (India Standard Time)","6045.00","6045.00","6016.50","6018.50"
"Mon Aug 04 2025 10:05:00 GMT+0530 (India Standard Time)","6018.50","6028.50","6013.00","6016.50"
"Mon Aug 04 2025 10:10:00 GMT+0530 (India Standard Time)","6016.50","6018.00","6010.00","6012.00"
"Mon Aug 04 2025 10:15:00 GMT+0530 (India Standard Time)","6012.00","6017.50","6007.50","6011.50"
"Mon Aug 04 2025 10:20:00 GMT+0530 (India Standard Time)","6011.50","6025.50","6011.50","6017.00"
"Mon Aug 04 2025 10:25:00 GMT+0530 (India Standard Time)","6017.50","6019.50","6000.00","6000.00"
"Mon Aug 04 2025 10:30:00 GMT+0530 (India Standard Time)","6000.00","6013.50","6000.00","6003.50"
"Mon Aug 04 2025 10:35:00 GMT+0530 (India Standard Time)","6004.00","6008.50","6001.00","6006.50"
"Mon Aug 04 2025 10:40:00 GMT+0530 (India Standard Time)","6005.00","6017.50","6005.00","6005.00"
"Mon Aug 04 2025 10:45:00 GMT+0530 (India Standard Time)","6005.00","6006.00","5995.00","5995.00"
"Mon Aug 04 2025 10:50:00 GMT+0530 (India Standard Time)","5995.00","5996.50","5973.00","5979.00"
"Mon Aug 04 2025 10:55:00 GMT+0530 (India Standard Time)","5989.50","5989.50","5980.00","5981.00"
"Mon Aug 04 2025 11:00:00 GMT+0530 (India Standard Time)","5981.00","5994.00","5980.50","5985.00"
"Mon Aug 04 2025 11:05:00 GMT+0530 (India Standard Time)","5985.00","5990.00","5978.00","5978.00"
"Mon Aug 04 2025 11:10:00 GMT+0530 (India Standard Time)","5978.00","5993.50","5978.00","5985.00"
"Mon Aug 04 2025 11:15:00 GMT+0530 (India Standard Time)","5982.50","5989.50","5982.00","5984.50"
"Mon Aug 04 2025 11:20:00 GMT+0530 (India Standard Time)","5983.00","5995.50","5982.50","5983.50"
"Mon Aug 04 2025 11:25:00 GMT+0530 (India Standard Time)","5985.50","5989.50","5981.00","5981.00"
"Mon Aug 04 2025 11:30:00 GMT+0530 (India Standard Time)","5981.00","5992.50","5981.00","5992.50"
"Mon Aug 04 2025 11:35:00 GMT+0530 (India Standard Time)","5991.00","5992.50","5985.00","5990.00"
"Mon Aug 04 2025 11:40:00 GMT+0530 (India Standard Time)","5990.50","5997.50","5989.50","5996.50"
"Mon Aug 04 2025 11:45:00 GMT+0530 (India Standard Time)","5995.00","5996.50","5985.00","5991.00"
"Mon Aug 04 2025 11:50:00 GMT+0530 (India Standard Time)","5989.00","5989.00","5985.50","5989.00"
"Mon Aug 04 2025 11:55:00 GMT+0530 (India Standard Time)","5991.50","5996.00","5990.00","5994.50"
"Mon Aug 04 2025 12:00:00 GMT+0530 (India Standard Time)","5993.50","5999.00","5991.50","5998.50"
"Mon Aug 04 2025 12:05:00 GMT+0530 (India Standard Time)","5998.50","6005.50","5996.50","6000.50"
"Mon Aug 04 2025 12:10:00 GMT+0530 (India Standard Time)","6001.00","6007.50","6000.00","6003.00"
"Mon Aug 04 2025 12:15:00 GMT+0530 (India Standard Time)","6003.50","6012.00","6002.00","6012.00"
"Mon Aug 04 2025 12:20:00 GMT+0530 (India Standard Time)","6010.50","6015.00","6007.00","6007.00"
"Mon Aug 04 2025 12:25:00 GMT+0530 (India Standard Time)","6007.00","6038.00","6007.00","6035.00"
"Mon Aug 04 2025 12:30:00 GMT+0530 (India Standard Time)","6035.00","6045.00","6027.00","6029.00"
"Mon Aug 04 2025 12:35:00 GMT+0530 (India Standard Time)","6029.00","6033.50","6029.00","6029.00"
"Mon Aug 04 2025 12:40:00 GMT+0530 (India Standard Time)","6029.00","6029.00","6003.50","6003.50"
"Mon Aug 04 2025 12:45:00 GMT+0530 (India Standard Time)","6006.00","6009.00","6000.00","6003.00"
"Mon Aug 04 2025 12:50:00 GMT+0530 (India Standard Time)","6003.00","6005.00","5991.00","5991.00"
"Mon Aug 04 2025 12:55:00 GMT+0530 (India Standard Time)","5991.00","6001.00","5991.00","6001.00"
"Mon Aug 04 2025 13:00:00 GMT+0530 (India Standard Time)","6003.00","6009.50","6002.50","6009.00"
"Mon Aug 04 2025 13:05:00 GMT+0530 (India Standard Time)","6009.00","6021.50","6000.00","6017.00"
"Mon Aug 04 2025 13:10:00 GMT+0530 (India Standard Time)","6017.00","6021.50","6012.50","6018.50"
"Mon Aug 04 2025 13:15:00 GMT+0530 (India Standard Time)","6018.50","6024.00","6015.50","6020.00"
"Mon Aug 04 2025 13:20:00 GMT+0530 (India Standard Time)","6020.00","6020.50","6011.00","6015.50"
"Mon Aug 04 2025 13:25:00 GMT+0530 (India Standard Time)","6015.50","6017.00","5999.50","6005.00"
"Mon Aug 04 2025 13:30:00 GMT+0530 (India Standard Time)","6005.00","6017.50","6003.00","6017.00"
"Mon Aug 04 2025 13:35:00 GMT+0530 (India Standard Time)","6017.00","6017.50","6015.00","6015.50"
"Mon Aug 04 2025 13:40:00 GMT+0530 (India Standard Time)","6015.50","6021.50","6015.50","6020.50"
"Mon Aug 04 2025 13:45:00 GMT+0530 (India Standard Time)","6020.50","6034.50","6020.50","6024.50"
"Mon Aug 04 2025 13:50:00 GMT+0530 (India Standard Time)","6024.50","6029.50","6022.00","6025.50"
"Mon Aug 04 2025 13:55:00 GMT+0530 (India Standard Time)","6025.50","6036.00","6025.50","6033.50"
"Mon Aug 04 2025 14:00:00 GMT+0530 (India Standard Time)","6033.50","6044.00","6030.50","6035.50"
"Mon Aug 04 2025 14:05:00 GMT+0530 (India Standard Time)","6035.50","6038.50","6025.00","6038.50"
"Mon Aug 04 2025 14:10:00 GMT+0530 (India Standard Time)","6038.50","6038.50","6029.00","6032.50"
"Mon Aug 04 2025 14:15:00 GMT+0530 (India Standard Time)","6032.50","6038.50","6032.00","6032.00"
"Mon Aug 04 2025 14:20:00 GMT+0530 (India Standard Time)","6032.00","6044.00","6029.00","6041.50"
"Mon Aug 04 2025 14:25:00 GMT+0530 (India Standard Time)","6041.50","6050.00","6033.00","6046.50"
"Mon Aug 04 2025 14:30:00 GMT+0530 (India Standard Time)","6050.00","6078.00","6049.00","6064.00"
"Mon Aug 04 2025 14:35:00 GMT+0530 (India Standard Time)","6064.00","6069.50","6055.50","6060.00"
"Mon Aug 04 2025 14:40:00 GMT+0530 (India Standard Time)","6060.00","6062.50","6056.00","6058.00"
"Mon Aug 04 2025 14:45:00 GMT+0530 (India Standard Time)","6060.00","6065.00","6055.00","6055.00"
"Mon Aug 04 2025 14:50:00 GMT+0530 (India Standard Time)","6055.00","6055.00","6048.00","6048.00"
"Mon Aug 04 2025 14:55:00 GMT+0530 (India Standard Time)","6048.00","6051.00","6021.50","6027.00"
"Mon Aug 04 2025 15:00:00 GMT+0530 (India Standard Time)","6027.00","6030.50","6015.50","6024.50"
"Mon Aug 04 2025 15:05:00 GMT+0530 (India Standard Time)","6024.00","6036.00","6024.00","6031.50"
"Mon Aug 04 2025 15:10:00 GMT+0530 (India Standard Time)","6031.00","6034.00","6028.50","6030.50"
"Mon Aug 04 2025 15:15:00 GMT+0530 (India Standard Time)","6030.50","6032.50","6027.00","6027.00"
"Mon Aug 04 2025 15:20:00 GMT+0530 (India Standard Time)","6027.00","6043.00","6020.50","6039.50"
"Mon Aug 04 2025 15:25:00 GMT+0530 (India Standard Time)","6040.00","6040.00","6020.00","6027.00"
"Tue Aug 05 2025 09:15:00 GMT+0530 (India Standard Time)","6036.00","6055.00","6021.50","6037.00"
"Tue Aug 05 2025 09:20:00 GMT+0530 (India Standard Time)","6037.00","6046.50","6031.00","6042.00"
"Tue Aug 05 2025 09:25:00 GMT+0530 (India Standard Time)","6042.00","6042.00","6032.50","6035.50"
"Tue Aug 05 2025 09:30:00 GMT+0530 (India Standard Time)","6035.50","6038.00","6012.00","6020.50"
"Tue Aug 05 2025 09:35:00 GMT+0530 (India Standard Time)","6025.00","6025.00","6010.50","6012.00"
"Tue Aug 05 2025 09:40:00 GMT+0530 (India Standard Time)","6012.00","6015.00","6005.00","6006.50"
"Tue Aug 05 2025 09:45:00 GMT+0530 (India Standard Time)","6005.50","6006.50","5985.50","5986.50"
"Tue Aug 05 2025 09:50:00 GMT+0530 (India Standard Time)","5986.50","5994.50","5980.00","5985.00"
"Tue Aug 05 2025 09:55:00 GMT+0530 (India Standard Time)","5985.00","5992.50","5980.00","5982.50"
"Tue Aug 05 2025 10:00:00 GMT+0530 (India Standard Time)","5982.50","5995.00","5974.50","5986.50"
"Tue Aug 05 2025 10:05:00 GMT+0530 (India Standard Time)","5986.50","5995.00","5985.00","5995.00"
"Tue Aug 05 2025 10:10:00 GMT+0530 (India Standard Time)","5995.00","5995.00","5983.00","5986.50"
"Tue Aug 05 2025 10:15:00 GMT+0530 (India Standard Time)","5986.50","5989.00","5980.00","5984.00"
"Tue Aug 05 2025 10:20:00 GMT+0530 (India Standard Time)","5984.00","5989.50","5975.50","5987.00"
"Tue Aug 05 2025 10:25:00 GMT+0530 (India Standard Time)","5987.00","5990.00","5979.50","5988.00"
"Tue Aug 05 2025 10:30:00 GMT+0530 (India Standard Time)","5988.00","5990.00","5984.00","5990.00"
"Tue Aug 05 2025 10:35:00 GMT+0530 (India Standard Time)","5990.00","5993.00","5987.00","5993.00"
"Tue Aug 05 2025 10:40:00 GMT+0530 (India Standard Time)","5993.00","5993.00","5985.50","5987.50"
"Tue Aug 05 2025 10:45:00 GMT+0530 (India Standard Time)","5987.50","5992.00","5985.50","5988.00"
"Tue Aug 05 2025 10:50:00 GMT+0530 (India Standard Time)","5988.00","5997.50","5988.00","5994.00"
"Tue Aug 05 2025 10:55:00 GMT+0530 (India Standard Time)","5994.00","5994.00","5990.00","5990.00"
"Tue Aug 05 2025 11:00:00 GMT+0530 (India Standard Time)","5990.00","5993.00","5984.00","5990.00"
"Tue Aug 05 2025 11:05:00 GMT+0530 (India Standard Time)","5990.00","5992.00","5987.00","5988.50"
"Tue Aug 05 2025 11:10:00 GMT+0530 (India Standard Time)","5988.50","5997.50","5985.50","5996.50"
"Tue Aug 05 2025 11:15:00 GMT+0530 (India Standard Time)","5996.50","5998.50","5993.00","5995.00"
"Tue Aug 05 2025 11:20:00 GMT+0530 (India Standard Time)","5995.00","6011.00","5993.00","6009.00"
"Tue Aug 05 2025 11:25:00 GMT+0530 (India Standard Time)","6009.00","6010.00","6000.00","6002.50"
"Tue Aug 05 2025 11:30:00 GMT+0530 (India Standard Time)","6002.50","6002.50","5994.00","5997.00"
"Tue Aug 05 2025 11:35:00 GMT+0530 (India Standard Time)","5997.00","6000.00","5994.00","5998.00"
"Tue Aug 05 2025 11:40:00 GMT+0530 (India Standard Time)","5997.50","6005.00","5995.00","5998.50"
"Tue Aug 05 2025 11:45:00 GMT+0530 (India Standard Time)","5999.00","6007.50","5996.00","6007.50"
"Tue Aug 05 2025 11:50:00 GMT+0530 (India Standard Time)","6007.50","6007.50","5999.50","6002.00"
"Tue Aug 05 2025 11:55:00 GMT+0530 (India Standard Time)","6002.00","6006.00","6000.50","6003.50"
"Tue Aug 05 2025 12:00:00 GMT+0530 (India Standard Time)","6003.50","6007.00","6000.50","6003.00"
"Tue Aug 05 2025 12:05:00 GMT+0530 (India Standard Time)","6003.00","6004.00","6000.00","6000.00"
"Tue Aug 05 2025 12:10:00 GMT+0530 (India Standard Time)","6000.00","6011.00","6000.00","6010.00"
"Tue Aug 05 2025 12:15:00 GMT+0530 (India Standard Time)","6009.00","6014.00","6005.00","6012.50"
"Tue Aug 05 2025 12:20:00 GMT+0530 (India Standard Time)","6012.50","6012.50","6001.50","6005.00"
"Tue Aug 05 2025 12:25:00 GMT+0530 (India Standard Time)","6005.00","6005.00","6000.50","6001.50"
"Tue Aug 05 2025 12:30:00 GMT+0530 (India Standard Time)","6001.50","6001.50","5995.50","5997.50"
"Tue Aug 05 2025 12:35:00 GMT+0530 (India Standard Time)","5997.50","5998.50","5990.50","5991.50"
"Tue Aug 05 2025 12:40:00 GMT+0530 (India Standard Time)","5993.50","5999.00","5993.50","5998.00"
"Tue Aug 05 2025 12:45:00 GMT+0530 (India Standard Time)","5998.00","5998.50","5992.00","5993.50"
"Tue Aug 05 2025 12:50:00 GMT+0530 (India Standard Time)","5993.50","5995.00","5990.00","5991.50"
"Tue Aug 05 2025 12:55:00 GMT+0530 (India Standard Time)","5991.50","5992.50","5990.00","5992.00"
"Tue Aug 05 2025 13:00:00 GMT+0530 (India Standard Time)","5992.00","5992.00","5980.00","5984.50"
"Tue Aug 05 2025 13:05:00 GMT+0530 (India Standard Time)","5984.50","5987.00","5982.00","5984.00"
"Tue Aug 05 2025 13:10:00 GMT+0530 (India Standard Time)","5984.00","5988.00","5981.00","5987.50"
"Tue Aug 05 2025 13:15:00 GMT+0530 (India Standard Time)","5988.00","5988.00","5981.00","5984.50"
"Tue Aug 05 2025 13:20:00 GMT+0530 (India Standard Time)","5984.50","5985.50","5975.00","5975.00"
"Tue Aug 05 2025 13:25:00 GMT+0530 (India Standard Time)","5975.00","5981.50","5975.00","5975.00"
"Tue Aug 05 2025 13:30:00 GMT+0530 (India Standard Time)","5975.00","5976.50","5962.00","5972.00"
"Tue Aug 05 2025 13:35:00 GMT+0530 (India Standard Time)","5972.00","5976.00","5970.50","5975.00"
"Tue Aug 05 2025 13:40:00 GMT+0530 (India Standard Time)","5975.00","5975.00","5970.50","5971.50"
"Tue Aug 05 2025 13:45:00 GMT+0530 (India Standard Time)","5971.50","5973.50","5970.00","5970.00"
"Tue Aug 05 2025 13:50:00 GMT+0530 (India Standard Time)","5968.00","5975.00","5968.00","5973.00"
"Tue Aug 05 2025 13:55:00 GMT+0530 (India Standard Time)","5973.00","5977.50","5970.00","5977.50"
"Tue Aug 05 2025 14:00:00 GMT+0530 (India Standard Time)","5974.00","5980.00","5968.00","5969.50"
"Tue Aug 05 2025 14:05:00 GMT+0530 (India Standard Time)","5969.50","5970.00","5963.00","5965.50"
"Tue Aug 05 2025 14:10:00 GMT+0530 (India Standard Time)","5964.00","5972.00","5963.00","5964.00"
"Tue Aug 05 2025 14:15:00 GMT+0530 (India Standard Time)","5964.00","5970.00","5962.00","5967.50"
"Tue Aug 05 2025 14:20:00 GMT+0530 (India Standard Time)","5967.50","5970.00","5965.50","5970.00"
"Tue Aug 05 2025 14:25:00 GMT+0530 (India Standard Time)","5968.00","5970.50","5965.50","5967.50"
"Tue Aug 05 2025 14:30:00 GMT+0530 (India Standard Time)","5967.00","5970.00","5965.00","5965.00"
"Tue Aug 05 2025 14:35:00 GMT+0530 (India Standard Time)","5965.00","5970.50","5965.00","5967.00"
"Tue Aug 05 2025 14:40:00 GMT+0530 (India Standard Time)","5967.00","5969.50","5965.50","5968.50"
"Tue Aug 05 2025 14:45:00 GMT+0530 (India Standard Time)","5968.50","5969.00","5963.00","5966.00"
"Tue Aug 05 2025 14:50:00 GMT+0530 (India Standard Time)","5963.00","5966.00","5951.50","5953.50"
"Tue Aug 05 2025 14:55:00 GMT+0530 (India Standard Time)","5953.50","5956.00","5950.50","5952.50"
"Tue Aug 05 2025 15:00:00 GMT+0530 (India Standard Time)","5951.00","5967.50","5941.50","5964.50"
"Tue Aug 05 2025 15:05:00 GMT+0530 (India Standard Time)","5964.50","5970.50","5958.00","5968.50"
"Tue Aug 05 2025 15:10:00 GMT+0530 (India Standard Time)","5968.50","5976.00","5967.00","5974.00"
"Tue Aug 05 2025 15:15:00 GMT+0530 (India Standard Time)","5974.00","5974.00","5954.50","5961.00"
"Tue Aug 05 2025 15:20:00 GMT+0530 (India Standard Time)","5961.00","5961.00","5952.50","5956.50"
"Tue Aug 05 2025 15:25:00 GMT+0530 (India Standard Time)","5955.50","5959.50","5950.00","5958.00"
"Wed Aug 06 2025 09:15:00 GMT+0530 (India Standard Time)","5968.50","5972.00","5945.50","5952.00"
"Wed Aug 06 2025 09:20:00 GMT+0530 (India Standard Time)","5954.50","5957.00","5940.50","5943.00"
"Wed Aug 06 2025 09:25:00 GMT+0530 (India Standard Time)","5943.50","5948.00","5936.00","5942.50"
"Wed Aug 06 2025 09:30:00 GMT+0530 (India Standard Time)","5942.50","5949.00","5930.50","5935.50"
"Wed Aug 06 2025 09:35:00 GMT+0530 (India Standard Time)","5935.50","5935.50","5914.00","5917.00"
"Wed Aug 06 2025 09:40:00 GMT+0530 (India Standard Time)","5917.00","5922.00","5914.00","5914.00"
"Wed Aug 06 2025 09:45:00 GMT+0530 (India Standard Time)","5914.00","5914.00","5900.00","5902.50"
"Wed Aug 06 2025 09:50:00 GMT+0530 (India Standard Time)","5902.50","5927.00","5902.00","5916.50"
"Wed Aug 06 2025 09:55:00 GMT+0530 (India Standard Time)","5916.50","5916.50","5902.00","5910.00"
"Wed Aug 06 2025 10:00:00 GMT+0530 (India Standard Time)","5908.50","5908.50","5896.50","5900.50"
"Wed Aug 06 2025 10:05:00 GMT+0530 (India Standard Time)","5900.00","5900.50","5885.50","5890.50"
"Wed Aug 06 2025 10:10:00 GMT+0530 (India Standard Time)","5890.50","5893.50","5877.00","5893.50"
"Wed Aug 06 2025 10:15:00 GMT+0530 (India Standard Time)","5893.50","5904.00","5882.50","5897.00"
"Wed Aug 06 2025 10:20:00 GMT+0530 (India Standard Time)","5897.00","5909.00","5895.00","5906.00"
"Wed Aug 06 2025 10:25:00 GMT+0530 (India Standard Time)","5906.00","5907.00","5892.00","5892.00"
"Wed Aug 06 2025 10:30:00 GMT+0530 (India Standard Time)","5890.00","5890.00","5880.50","5882.50"
"Wed Aug 06 2025 10:35:00 GMT+0530 (India Standard Time)","5882.50","5884.00","5876.50","5882.00"
"Wed Aug 06 2025 10:40:00 GMT+0530 (India Standard Time)","5882.00","5887.50","5878.00","5878.50"
"Wed Aug 06 2025 10:45:00 GMT+0530 (India Standard Time)","5878.50","5881.50","5866.00","5868.00"
"Wed Aug 06 2025 10:50:00 GMT+0530 (India Standard Time)","5871.00","5874.50","5866.00","5868.50"
"Wed Aug 06 2025 10:55:00 GMT+0530 (India Standard Time)","5868.50","5868.50","5860.00","5861.50"
"Wed Aug 06 2025 11:00:00 GMT+0530 (India Standard Time)","5861.50","5864.50","5855.00","5859.00"
"Wed Aug 06 2025 11:05:00 GMT+0530 (India Standard Time)","5859.00","5859.50","5853.00","5855.00"
"Wed Aug 06 2025 11:10:00 GMT+0530 (India Standard Time)","5855.00","5864.50","5851.00","5864.50"
"Wed Aug 06 2025 11:15:00 GMT+0530 (India Standard Time)","5864.50","5864.50","5855.50","5860.50"
"Wed Aug 06 2025 11:20:00 GMT+0530 (India Standard Time)","5860.50","5861.00","5850.00","5855.00"
"Wed Aug 06 2025 11:25:00 GMT+0530 (India Standard Time)","5852.50","5863.50","5851.50","5859.50"
"Wed Aug 06 2025 11:30:00 GMT+0530 (India Standard Time)","5856.50","5856.50","5847.50","5850.00"
"Wed Aug 06 2025 11:35:00 GMT+0530 (India Standard Time)","5850.00","5856.00","5845.00","5847.00"
"Wed Aug 06 2025 11:40:00 GMT+0530 (India Standard Time)","5847.00","5848.50","5842.00","5845.00"
"Wed Aug 06 2025 11:45:00 GMT+0530 (India Standard Time)","5845.00","5849.00","5840.50","5849.00"
"Wed Aug 06 2025 11:50:00 GMT+0530 (India Standard Time)","5849.00","5860.00","5848.50","5860.00"
"Wed Aug 06 2025 11:55:00 GMT+0530 (India Standard Time)","5860.00","5865.00","5846.50","5851.00"
"Wed Aug 06 2025 12:00:00 GMT+0530 (India Standard Time)","5854.00","5856.50","5840.00","5854.00"
"Wed Aug 06 2025 12:05:00 GMT+0530 (India Standard Time)","5854.00","5855.00","5846.00","5852.00"
"Wed Aug 06 2025 12:10:00 GMT+0530 (India Standard Time)","5852.00","5857.50","5848.50","5857.50"
"Wed Aug 06 2025 12:15:00 GMT+0530 (India Standard Time)","5857.50","5860.50","5856.00","5860.50"
"Wed Aug 06 2025 12:20:00 GMT+0530 (India Standard Time)","5864.00","5874.00","5864.00","5870.50"
"Wed Aug 06 2025 12:25:00 GMT+0530 (India Standard Time)","5872.00","5876.50","5865.00","5876.50"
"Wed Aug 06 2025 12:30:00 GMT+0530 (India Standard Time)","5877.50","5885.00","5873.50","5884.00"
"Wed Aug 06 2025 12:35:00 GMT+0530 (India Standard Time)","5883.00","5884.00","5874.00","5874.00"
"Wed Aug 06 2025 12:40:00 GMT+0530 (India Standard Time)","5874.00","5876.50","5868.50","5873.50"
"Wed Aug 06 2025 12:45:00 GMT+0530 (India Standard Time)","5873.50","5875.00","5871.50","5873.00"
"Wed Aug 06 2025 12:50:00 GMT+0530 (India Standard Time)","5873.00","5873.50","5864.00","5865.00"
"Wed Aug 06 2025 12:55:00 GMT+0530 (India Standard Time)","5865.00","5876.50","5865.00","5876.50"
"Wed Aug 06 2025 13:00:00 GMT+0530 (India Standard Time)","5876.50","5878.50","5875.50","5878.50"
"Wed Aug 06 2025 13:05:00 GMT+0530 (India Standard Time)","5878.50","5880.00","5870.50","5875.50"
"Wed Aug 06 2025 13:10:00 GMT+0530 (India Standard Time)","5872.50","5884.00","5870.00","5882.50"
"Wed Aug 06 2025 13:15:00 GMT+0530 (India Standard Time)","5882.50","5883.00","5875.50","5876.50"
"Wed Aug 06 2025 13:20:00 GMT+0530 (India Standard Time)","5876.50","5879.00","5861.50","5861.50"
"Wed Aug 06 2025 13:25:00 GMT+0530 (India Standard Time)","5861.50","5873.50","5859.00","5866.50"
"Wed Aug 06 2025 13:30:00 GMT+0530 (India Standard Time)","5862.50","5874.00","5862.50","5870.00"
"Wed Aug 06 2025 13:35:00 GMT+0530 (India Standard Time)","5870.00","5870.00","5868.50","5869.50"
"Wed Aug 06 2025 13:40:00 GMT+0530 (India Standard Time)","5869.50","5869.50","5853.00","5860.50"
"Wed Aug 06 2025 13:45:00 GMT+0530 (India Standard Time)","5860.50","5863.50","5851.00","5851.00"
"Wed Aug 06 2025 13:50:00 GMT+0530 (India Standard Time)","5851.00","5853.00","5845.50","5852.00"
"Wed Aug 06 2025 13:55:00 GMT+0530 (India Standard Time)","5852.00","5853.00","5850.00","5850.00"
"Wed Aug 06 2025 14:00:00 GMT+0530 (India Standard Time)","5850.00","5851.00","5844.00","5845.50"
"Wed Aug 06 2025 14:05:00 GMT+0530 (India Standard Time)","5845.50","5849.50","5843.00","5846.50"
"Wed Aug 06 2025 14:10:00 GMT+0530 (India Standard Time)","5846.50","5847.50","5834.50","5837.50"
"Wed Aug 06 2025 14:15:00 GMT+0530 (India Standard Time)","5837.00","5837.50","5823.50","5830.00"
"Wed Aug 06 2025 14:20:00 GMT+0530 (India Standard Time)","5831.00","5839.00","5821.50","5836.00"
"Wed Aug 06 2025 14:25:00 GMT+0530 (India Standard Time)","5836.00","5837.00","5828.00","5830.00"
"Wed Aug 06 2025 14:30:00 GMT+0530 (India Standard Time)","5830.00","5836.00","5827.50","5831.00"
"Wed Aug 06 2025 14:35:00 GMT+0530 (India Standard Time)","5831.00","5843.00","5826.00","5841.00"
"Wed Aug 06 2025 14:40:00 GMT+0530 (India Standard Time)","5841.00","5848.00","5839.50","5840.00"
"Wed Aug 06 2025 14:45:00 GMT+0530 (India Standard Time)","5840.00","5847.00","5840.00","5841.00"