"Date","Open","High","Low","Close"
"Mon Dec 01 2025 13:20:00 GMT+0530 (India Standard Time)","5115.50","5115.50","5111.00","5111.50"
"Mon Dec 01 2025 13:25:00 GMT+0530 (India Standard Time)","5111.50","5113.00","5110.50","5112.00"
"Mon Dec 01 2025 13:30:00 GMT+0530 (India Standard Time)","5112.00","5113.00","5108.00","5109.00"
"Mon Dec 01 2025 13:35:00 GMT+0530 (India Standard Time)","5109.00","5110.00","5108.00","5109.00"
"Mon Dec 01 2025 13:40:00 GMT+0530 (India Standard Time)","5110.00","5116.00","5109.00","5113.50"
"Mon Dec 01 2025 13:45:00 GMT+0530 (India Standard Time)","5114.00","5118.50","5111.00","5115.50"
"Mon Dec 01 2025 13:50:00 GMT+0530 (India Standard Time)","5115.50","5119.50","5115.00","5118.00"
"Mon Dec 01 2025 13:55:00 GMT+0530 (India Standard Time)","5118.00","5118.50","5115.50","5117.00"
"Mon Dec 01 2025 14:00:00 GMT+0530 (India Standard Time)","5120.00","5125.00","5120.00","5123.50"
"Mon Dec 01 2025 14:05:00 GMT+0530 (India Standard Time)","5123.50","5124.00","5118.50","5119.50"
"Mon Dec 01 2025 14:10:00 GMT+0530 (India Standard Time)","5122.50","5122.50","5118.00","5121.50"
"Mon Dec 01 2025 14:15:00 GMT+0530 (India Standard Time)","5121.50","5123.00","5118.00","5120.00"
"Mon Dec 01 2025 14:20:00 GMT+0530 (India Standard Time)","5120.00","5121.50","5116.50","5116.50"
"Mon Dec 01 2025 14:25:00 GMT+0530 (India Standard Time)","5118.50","5123.00","5116.00","5123.00"
"Mon Dec 01 2025 14:30:00 GMT+0530 (India Standard Time)","5124.00","5124.00","5118.00","5122.00"
"Mon Dec 01 2025 14:35:00 GMT+0530 (India Standard Time)","5122.00","5124.00","5120.50","5124.00"
"Mon Dec 01 2025 14:40:00 GMT+0530 (India Standard Time)","5123.00","5125.00","5121.00","5123.00"
"Mon Dec 01 2025 14:45:00 GMT+0530 (India Standard Time)","5123.50","5129.00","5120.00","5120.00"
"Mon Dec 01 2025 14:50:00 GMT+0530 (India Standard Time)","5120.00","5123.00","5110.00","5111.00"
"Mon Dec 01 2025 14:55:00 GMT+0530 (India Standard Time)","5111.00","5111.00","5106.00","5107.00"
"Mon Dec 01 2025 15:00:00 GMT+0530 (India Standard Time)","5110.00","5118.00","5110.00","5118.00"
"Mon Dec 01 2025 15:05:00 GMT+0530 (India Standard Time)","5117.50","5127.00","5117.50","5123.00"
"Mon Dec 01 2025 15:10:00 GMT+0530 (India Standard Time)","5123.00","5131.50","5122.50","5131.50"
"Mon Dec 01 2025 15:15:00 GMT+0530 (India Standard Time)","5131.00","5132.00","5125.50","5125.50"
"Mon Dec 01 2025 15:20:00 GMT+0530 (India Standard Time)","5127.50","5127.50","5120.50","5123.50"
"Mon Dec 01 2025 15:25:00 GMT+0530 (India Standard Time)","5124.00","5125.00","5115.00","5115.50"
"Tue Dec 02 2025 09:15:00 GMT+0530 (India Standard Time)","5123.00","5126.00","5097.00","5118.00"
"Tue Dec 02 2025 09:20:00 GMT+0530 (India Standard Time)","5118.00","5124.00","5111.00","5123.00"
"Tue Dec 02 2025 09:25:00 GMT+0530 (India Standard Time)","5122.50","5122.50","5111.00","5116.00"
"Tue Dec 02 2025 09:30:00 GMT+0530 (India Standard Time)","5116.00","5129.00","5110.50","5126.00"
"Tue Dec 02 2025 09:35:00 GMT+0530 (India Standard Time)","5124.50","5148.00","5124.00","5143.50"
"Tue Dec 02 2025 09:40:00 GMT+0530 (India Standard Time)","5144.50","5147.50","5137.50","5141.00"
"Tue Dec 02 2025 09:45:00 GMT+0530 (India Standard Time)","5140.00","5151.50","5140.00","5140.00"
"Tue Dec 02 2025 09:50:00 GMT+0530 (India Standard Time)","5140.00","5142.00","5138.50","5141.00"
"Tue Dec 02 2025 09:55:00 GMT+0530 (India Standard Time)","5141.00","5149.50","5134.00","5135.50"
"Tue Dec 02 2025 10:00:00 GMT+0530 (India Standard Time)","5135.50","5137.00","5131.50","5137.00"
"Tue Dec 02 2025 10:05:00 GMT+0530 (India Standard Time)","5137.00","5145.00","5135.00","5145.00"
"Tue Dec 02 2025 10:10:00 GMT+0530 (India Standard Time)","5145.00","5145.00","5135.00","5138.00"
"Tue Dec 02 2025 10:15:00 GMT+0530 (India Standard Time)","5138.00","5144.00","5136.00","5140.00"
"Tue Dec 02 2025 10:20:00 GMT+0530 (India Standard Time)","5140.00","5144.50","5138.00","5139.50"
"Tue Dec 02 2025 10:25:00 GMT+0530 (India Standard Time)","5139.50","5142.00","5133.50","5139.50"
"Tue Dec 02 2025 10:30:00 GMT+0530 (India Standard Time)","5144.50","5147.00","5141.00","5147.00"
"Tue Dec 02 2025 10:35:00 GMT+0530 (India Standard Time)","5147.00","5155.00","5146.00","5153.00"
"Tue Dec 02 2025 10:40:00 GMT+0530 (India Standard Time)","5153.00","5166.50","5149.50","5153.50"
"Tue Dec 02 2025 10:45:00 GMT+0530 (India Standard Time)","5153.50","5154.50","5141.00","5148.00"
"Tue Dec 02 2025 10:50:00 GMT+0530 (India Standard Time)","5148.00","5158.00","5146.00","5154.00"
"Tue Dec 02 2025 10:55:00 GMT+0530 (India Standard Time)","5154.00","5156.00","5152.50","5153.50"
"Tue Dec 02 2025 11:00:00 GMT+0530 (India Standard Time)","5153.50","5159.00","5152.50","5159.00"
"Tue Dec 02 2025 11:05:00 GMT+0530 (India Standard Time)","5158.50","5159.00","5152.00","5155.00"
"Tue Dec 02 2025 11:10:00 GMT+0530 (India Standard Time)","5154.00","5157.00","5144.00","5147.00"
"Tue Dec 02 2025 11:15:00 GMT+0530 (India Standard Time)","5145.00","5145.00","5138.50","5138.50"
"Tue Dec 02 2025 11:20:00 GMT+0530 (India Standard Time)","5138.50","5138.50","5126.00","5129.00"
"Tue Dec 02 2025 11:25:00 GMT+0530 (India Standard Time)","5129.00","5131.00","5125.50","5127.00"
"Tue Dec 02 2025 11:30:00 GMT+0530 (India Standard Time)","5127.00","5133.50","5126.00","5126.00"
"Tue Dec 02 2025 11:35:00 GMT+0530 (India Standard Time)","5126.00","5131.50","5125.00","5131.50"
"Tue Dec 02 2025 11:40:00 GMT+0530 (India Standard Time)","5131.50","5136.50","5131.00","5132.50"
"Tue Dec 02 2025 11:45:00 GMT+0530 (India Standard Time)","5133.00","5133.50","5128.00","5130.50"
"Tue Dec 02 2025 11:50:00 GMT+0530 (India Standard Time)","5131.00","5131.00","5116.00","5117.50"
"Tue Dec 02 2025 11:55:00 GMT+0530 (India Standard Time)","5117.50","5124.50","5116.00","5124.00"
"Tue Dec 02 2025 12:00:00 GMT+0530 (India Standard Time)","5124.00","5124.00","5120.00","5122.00"
"Tue Dec 02 2025 12:05:00 GMT+0530 (India Standard Time)","5122.00","5123.00","5116.00","5123.00"
"Tue Dec 02 2025 12:10:00 GMT+0530 (India Standard Time)","5123.00","5123.50","5118.00","5118.00"
"Tue Dec 02 2025 12:15:00 GMT+0530 (India Standard Time)","5118.00","5120.50","5117.00","5120.50"
"Tue Dec 02 2025 12:20:00 GMT+0530 (India Standard Time)","5120.50","5122.00","5119.50","5121.50"
"Tue Dec 02 2025 12:25:00 GMT+0530 (India Standard Time)","5121.50","5123.00","5118.00","5120.50"
"Tue Dec 02 2025 12:30:00 GMT+0530 (India Standard Time)","5120.50","5131.00","5118.50","5130.00"
"Tue Dec 02 2025 12:35:00 GMT+0530 (India Standard Time)","5129.50","5129.50","5125.00","5125.50"
"Tue Dec 02 2025 12:40:00 GMT+0530 (India Standard Time)","5125.50","5127.50","5124.00","5124.00"
"Tue Dec 02 2025 12:45:00 GMT+0530 (India Standard Time)","5124.00","5125.50","5124.00","5125.00"
"Tue Dec 02 2025 12:50:00 GMT+0530 (India Standard Time)","5125.00","5125.00","5111.50","5112.00"
"Tue Dec 02 2025 12:55:00 GMT+0530 (India Standard Time)","5112.00","5112.00","5110.00","5110.50"
"Tue Dec 02 2025 13:00:00 GMT+0530 (India Standard Time)","5110.50","5114.00","5110.00","5114.00"
"Tue Dec 02 2025 13:05:00 GMT+0530 (India Standard Time)","5114.00","5116.00","5105.00","5112.50"
"Tue Dec 02 2025 13:10:00 GMT+0530 (India Standard Time)","5112.50","5114.00","5109.00","5109.50"
"Tue Dec 02 2025 13:15:00 GMT+0530 (India Standard Time)","5110.00","5113.50","5109.00","5113.50"
"Tue Dec 02 2025 13:20:00 GMT+0530 (India Standard Time)","5113.50","5115.00","5111.50","5114.00"
"Tue Dec 02 2025 13:25:00 GMT+0530 (India Standard Time)","5114.00","5114.00","5110.50","5110.50"
"Tue Dec 02 2025 13:30:00 GMT+0530 (India Standard Time)","5110.50","5115.50","5106.50","5115.50"
"Tue Dec 02 2025 13:35:00 GMT+0530 (India Standard Time)","5115.50","5115.50","5110.00","5114.50"
"Tue Dec 02 2025 13:40:00 GMT+0530 (India Standard Time)","5114.50","5114.50","5107.50","5107.50"
"Tue Dec 02 2025 13:45:00 GMT+0530 (India Standard Time)","5107.50","5112.00","5107.50","5112.00"
"Tue Dec 02 2025 13:50:00 GMT+0530 (India Standard Time)","5111.50","5119.50","5111.00","5117.00"
"Tue Dec 02 2025 13:55:00 GMT+0530 (India Standard Time)","5117.00","5121.50","5115.00","5121.50"
"Tue Dec 02 2025 14:00:00 GMT+0530 (India Standard Time)","5121.50","5121.50","5113.00","5119.00"
"Tue Dec 02 2025 14:05:00 GMT+0530 (India Standard Time)","5119.00","5122.00","5116.50","5122.00"
"Tue Dec 02 2025 14:10:00 GMT+0530 (India Standard Time)","5122.00","5122.00","5116.00","5116.00"
"Tue Dec 02 2025 14:15:00 GMT+0530 (India Standard Time)","5116.00","5117.00","5115.50","5116.00"
"Tue Dec 02 2025 14:20:00 GMT+0530 (India Standard Time)","5116.00","5116.50","5113.50","5114.50"
"Tue Dec 02 2025 14:25:00 GMT+0530 (India Standard Time)","5114.50","5114.50","5112.50","5112.50"
"Tue Dec 02 2025 14:30:00 GMT+0530 (India Standard Time)","5113.00","5115.00","5112.50","5114.50"
"Tue Dec 02 2025 14:35:00 GMT+0530 (India Standard Time)","5115.00","5117.00","5106.00","5108.00"
"Tue Dec 02 2025 14:40:00 GMT+0530 (India Standard Time)","5108.50","5110.00","5106.50","5110.00"
"Tue Dec 02 2025 14:45:00 GMT+0530 (India Standard Time)","5110.00","5110.00","5106.00","5107.50"
"Tue Dec 02 2025 14:50:00 GMT+0530 (India Standard Time)","5107.50","5109.50","5101.00","5101.00"
"Tue Dec 02 2025 14:55:00 GMT+0530 (India Standard Time)","5101.50","5104.00","5101.00","5103.50"
"Tue Dec 02 2025 15:00:00 GMT+0530 (India Standard Time)","5104.00","5128.50","5104.00","5127.50"
"Tue Dec 02 2025 15:05:00 GMT+0530 (India Standard Time)","5127.00","5133.50","5125.00","5130.00"
"Tue Dec 02 2025 15:10:00 GMT+0530 (India Standard Time)","5130.50","5135.50","5130.00","5135.50"
"Tue Dec 02 2025 15:15:00 GMT+0530 (India Standard Time)","5135.50","5135.50","5131.00","5132.50"
"Tue Dec 02 2025 15:20:00 GMT+0530 (India Standard Time)","5132.00","5132.50","5123.00","5131.50"
"Tue Dec 02 2025 15:25:00 GMT+0530 (India Standard Time)","5130.50","5135.00","5101.50","5105.00"
"Wed Dec 03 2025 09:15:00 GMT+0530 (India Standard Time)","5130.00","5169.50","5130.00","5162.00"
"Wed Dec 03 2025 09:20:00 GMT+0530 (India Standard Time)","5162.00","5192.00","5159.00","5178.00"
"Wed Dec 03 2025 09:25:00 GMT+0530 (India Standard Time)","5179.00","5197.50","5168.50","5197.50"
"Wed Dec 03 2025 09:30:00 GMT+0530 (India Standard Time)","5197.50","5205.00","5175.00","5180.00"
"Wed Dec 03 2025 09:35:00 GMT+0530 (India Standard Time)","5178.50","5188.50","5177.00","5184.00"
"Wed Dec 03 2025 09:40:00 GMT+0530 (India Standard Time)","5183.00","5200.00","5179.50","5195.50"
"Wed Dec 03 2025 09:45:00 GMT+0530 (India Standard Time)","5196.50","5207.50","5196.00","5200.50"
"Wed Dec 03 2025 09:50:00 GMT+0530 (India Standard Time)","5200.50","5214.50","5196.00","5214.50"
"Wed Dec 03 2025 09:55:00 GMT+0530 (India Standard Time)","5215.00","5229.00","5175.00","5188.50"
"Wed Dec 03 2025 10:00:00 GMT+0530 (India Standard Time)","5188.50","5188.50","5167.00","5170.00"
"Wed Dec 03 2025 10:05:00 GMT+0530 (India Standard Time)","5169.00","5172.50","5157.00","5165.00"
"Wed Dec 03 2025 10:10:00 GMT+0530 (India Standard Time)","5168.00","5172.00","5163.50","5167.50"
"Wed Dec 03 2025 10:15:00 GMT+0530 (India Standard Time)","5167.50","5167.50","5148.50","5155.00"
"Wed Dec 03 2025 10:20:00 GMT+0530 (India Standard Time)","5153.50","5183.00","5153.50","5179.00"
"Wed Dec 03 2025 10:25:00 GMT+0530 (India Standard Time)","5176.50","5198.00","5176.50","5185.50"
"Wed Dec 03 2025 10:30:00 GMT+0530 (India Standard Time)","5185.00","5197.50","5178.50","5196.50"
"Wed Dec 03 2025 10:35:00 GMT+0530 (India Standard Time)","5192.50","5194.50","5186.00","5194.50"
"Wed Dec 03 2025 10:40:00 GMT+0530 (India Standard Time)","5194.50","5195.00","5182.00","5187.50"
"Wed Dec 03 2025 10:45:00 GMT+0530 (India Standard Time)","5185.00","5199.50","5181.50","5199.50"
"Wed Dec 03 2025 10:50:00 GMT+0530 (India Standard Time)","5199.00","5206.50","5196.00","5205.00"
"Wed Dec 03 2025 10:55:00 GMT+0530 (India Standard Time)","5205.00","5208.00","5201.50","5207.50"
"Wed Dec 03 2025 11:00:00 GMT+0530 (India Standard Time)","5204.00","5212.50","5204.00","5206.00"
"Wed Dec 03 2025 11:05:00 GMT+0530 (India Standard Time)","5206.00","5208.00","5192.50","5199.00"
"Wed Dec 03 2025 11:10:00 GMT+0530 (India Standard Time)","5197.00","5207.00","5196.00","5204.00"
"Wed Dec 03 2025 11:15:00 GMT+0530 (India Standard Time)","5204.00","5206.00","5202.00","5203.50"
"Wed Dec 03 2025 11:20:00 GMT+0530 (India Standard Time)","5203.50","5203.50","5192.00","5192.50"
"Wed Dec 03 2025 11:25:00 GMT+0530 (India Standard Time)","5192.50","5203.50","5192.00","5198.50"
"Wed Dec 03 2025 11:30:00 GMT+0530 (India Standard Time)","5197.50","5202.00","5193.00","5198.50"
"Wed Dec 03 2025 11:35:00 GMT+0530 (India Standard Time)","5198.50","5202.00","5194.50","5194.50"
"Wed Dec 03 2025 11:40:00 GMT+0530 (India Standard Time)","5194.50","5202.50","5194.00","5202.50"
"Wed Dec 03 2025 11:45:00 GMT+0530 (India Standard Time)","5202.50","5210.00","5202.50","5208.50"
"Wed Dec 03 2025 11:50:00 GMT+0530 (India Standard Time)","5208.50","5218.50","5207.00","5218.50"
"Wed Dec 03 2025 11:55:00 GMT+0530 (India Standard Time)","5218.50","5219.00","5213.50","5214.00"
"Wed Dec 03 2025 12:00:00 GMT+0530 (India Standard Time)","5214.00","5224.50","5214.00","5217.00"
"Wed Dec 03 2025 12:05:00 GMT+0530 (India Standard Time)","5217.00","5217.50","5212.00","5212.50"
"Wed Dec 03 2025 12:10:00 GMT+0530 (India Standard Time)","5212.50","5223.00","5212.50","5217.50"
"Wed Dec 03 2025 12:15:00 GMT+0530 (India Standard Time)","5217.50","5223.00","5215.50","5218.50"
"Wed Dec 03 2025 12:20:00 GMT+0530 (India Standard Time)","5219.00","5224.00","5216.50","5221.50"
"Wed Dec 03 2025 12:25:00 GMT+0530 (India Standard Time)","5221.50","5224.50","5213.00","5213.00"
"Wed Dec 03 2025 12:30:00 GMT+0530 (India Standard Time)","5213.00","5214.50","5202.00","5204.00"
"Wed Dec 03 2025 12:35:00 GMT+0530 (India Standard Time)","5204.00","5204.00","5189.00","5189.00"
"Wed Dec 03 2025 12:40:00 GMT+0530 (India Standard Time)","5190.00","5193.50","5184.50","5186.50"
"Wed Dec 03 2025 12:45:00 GMT+0530 (India Standard Time)","5186.50","5188.50","5183.50","5188.50"
"Wed Dec 03 2025 12:50:00 GMT+0530 (India Standard Time)","5188.50","5192.00","5185.00","5188.00"
"Wed Dec 03 2025 12:55:00 GMT+0530 (India Standard Time)","5188.00","5192.00","5185.00","5188.00"
"Wed Dec 03 2025 13:00:00 GMT+0530 (India Standard Time)","5188.00","5191.00","5183.00","5185.00"
"Wed Dec 03 2025 13:05:00 GMT+0530 (India Standard Time)","5185.00","5187.50","5182.00","5184.00"
"Wed Dec 03 2025 13:10:00 GMT+0530 (India Standard Time)","5185.00","5186.00","5180.00","5181.50"
"Wed Dec 03 2025 13:15:00 GMT+0530 (India Standard Time)","5181.50","5184.50","5176.00","5178.00"
"Wed Dec 03 2025 13:20:00 GMT+0530 (India Standard Time)","5178.00","5179.00","5175.00","5179.00"
"Wed Dec 03 2025 13:25:00 GMT+0530 (India Standard Time)","5179.00","5179.00","5172.00","5174.00"
"Wed Dec 03 2025 13:30:00 GMT+0530 (India Standard Time)","5174.00","5175.50","5172.50","5174.00"
"Wed Dec 03 2025 13:35:00 GMT+0530 (India Standard Time)","5175.00","5177.50","5174.00","5177.00"
"Wed Dec 03 2025 13:40:00 GMT+0530 (India Standard Time)","5175.50","5182.00","5175.50","5180.00"
"Wed Dec 03 2025 13:45:00 GMT+0530 (India Standard Time)","5179.00","5180.50","5169.50","5170.00"
"Wed Dec 03 2025 13:50:00 GMT+0530 (India Standard Time)","5170.00","5189.50","5169.00","5186.00"
"Wed Dec 03 2025 13:55:00 GMT+0530 (India Standard Time)","5186.00","5189.00","5184.50","5188.50"
"Wed Dec 03 2025 14:00:00 GMT+0530 (India Standard Time)","5190.50","5194.50","5187.50","5192.50"
"Wed Dec 03 2025 14:05:00 GMT+0530 (India Standard Time)","5192.50","5201.00","5192.50","5198.50"
"Wed Dec 03 2025 14:10:00 GMT+0530 (India Standard Time)","5198.50","5200.50","5198.00","5200.50"
"Wed Dec 03 2025 14:15:00 GMT+0530 (India Standard Time)","5200.50","5200.50","5188.50","5188.50"
"Wed Dec 03 2025 14:20:00 GMT+0530 (India Standard Time)","5188.50","5190.00","5181.00","5187.00"
"Wed Dec 03 2025 14:25:00 GMT+0530 (India Standard Time)","5187.00","5187.50","5183.00","5183.00"
"Wed Dec 03 2025 14:30:00 GMT+0530 (India Standard Time)","5183.00","5185.00","5179.00","5181.00"
"Wed Dec 03 2025 14:35:00 GMT+0530 (India Standard Time)","5182.00","5184.50","5180.00","5184.50"
"Wed Dec 03 2025 14:40:00 GMT+0530 (India Standard Time)","5183.00","5185.00","5182.00","5184.50"
"Wed Dec 03 2025 14:45:00 GMT+0530 (India Standard Time)","5183.50","5184.50","5180.00","5181.00"
"Wed Dec 03 2025 14:50:00 GMT+0530 (India Standard Time)","5180.50","5181.00","5163.00","5165.50"
"Wed Dec 03 2025 14:55:00 GMT+0530 (India Standard Time)","5163.50","5174.00","5163.50","5169.50"
"Wed Dec 03 2025 15:00:00 GMT+0530 (India Standard Time)","5177.00","5179.00","5168.50","5173.50"
"Wed Dec 03 2025 15:05:00 GMT+0530 (India Standard Time)","5172.00","5172.50","5166.50","5169.50"
"Wed Dec 03 2025 15:10:00 GMT+0530 (India Standard Time)","5171.00","5179.00","5169.50","5171.00"
"Wed Dec 03 2025 15:15:00 GMT+0530 (India Standard Time)","5170.50","5172.50","5165.50","5172.50"
"Wed Dec 03 2025 15:20:00 GMT+0530 (India Standard Time)","5175.00","5184.50","5173.00","5181.50"
"Wed Dec 03 2025 15:25:00 GMT+0530 (India Standard Time)","5183.00","5186.50","5172.00","5172.00"
"Thu Dec 04 2025 09:15:00 GMT+0530 (India Standard Time)","5171.50","5198.00","5170.50","5191.50"
"Thu Dec 04 2025 09:20:00 GMT+0530 (India Standard Time)","5191.50","5204.00","5188.50","5195.50"
"Thu Dec 04 2025 09:25:00 GMT+0530 (India Standard Time)","5195.50","5204.50","5192.00","5197.50"
"Thu Dec 04 2025 09:30:00 GMT+0530 (India Standard Time)","5197.50","5206.50","5196.50","5206.50"
"Thu Dec 04 2025 09:35:00 GMT+0530 (India Standard Time)","5206.50","5218.00","5204.00","5208.50"
"Thu Dec 04 2025 09:40:00 GMT+0530 (India Standard Time)","5208.50","5215.50","5204.00","5214.00"
"Thu Dec 04 2025 09:45:00 GMT+0530 (India Standard Time)","5214.00","5225.00","5211.00","5221.50"
"Thu Dec 04 2025 09:50:00 GMT+0530 (India Standard Time)","5221.50","5235.50","5216.50","5235.50"
"Thu Dec 04 2025 09:55:00 GMT+0530 (India Standard Time)","5234.50","5236.00","5227.00","5233.00"
"Thu Dec 04 2025 10:00:00 GMT+0530 (India Standard Time)","5234.00","5240.00","5232.50","5233.50"
"Thu Dec 04 2025 10:05:00 GMT+0530 (India Standard Time)","5233.50","5248.00","5226.50","5241.50"
"Thu Dec 04 2025 10:10:00 GMT+0530 (India Standard Time)","5241.50","5242.50","5234.00","5239.50"
"Thu Dec 04 2025 10:15:00 GMT+0530 (India Standard Time)","5239.50","5255.00","5239.50","5248.00"
"Thu Dec 04 2025 10:20:00 GMT+0530 (India Standard Time)","5248.00","5253.00","5247.00","5249.00"
"Thu Dec 04 2025 10:25:00 GMT+0530 (India Standard Time)","5249.00","5251.00","5243.00","5246.50"
"Thu Dec 04 2025 10:30:00 GMT+0530 (India Standard Time)","5246.50","5251.50","5242.00","5243.00"
"Thu Dec 04 2025 10:35:00 GMT+0530 (India Standard Time)","5243.00","5245.50","5240.50","5241.50"
"Thu Dec 04 2025 10:40:00 GMT+0530 (India Standard Time)","5244.50","5244.50","5241.50","5243.00"
"Thu Dec 04 2025 10:45:00 GMT+0530 (India Standard Time)","5243.00","5244.50","5231.00","5231.50"
"Thu Dec 04 2025 10:50:00 GMT+0530 (India Standard Time)","5231.50","5233.50","5222.00","5225.00"
"Thu Dec 04 2025 10:55:00 GMT+0530 (India Standard Time)","5225.00","5236.00","5222.00","5227.50"
"Thu Dec 04 2025 11:00:00 GMT+0530 (India Standard Time)","5227.50","5232.00","5227.50","5230.00"
"Thu Dec 04 2025 11:05:00 GMT+0530 (India Standard Time)","5229.50","5230.50","5228.00","5228.50"
"Thu Dec 04 2025 11:10:00 GMT+0530 (India Standard Time)","5228.50","5232.50","5224.00","5231.00"
"Thu Dec 04 2025 11:15:00 GMT+0530 (India Standard Time)","5231.00","5238.00","5231.00","5234.00"
"Thu Dec 04 2025 11:20:00 GMT+0530 (India Standard Time)","5234.00","5240.00","5232.50","5236.00"
"Thu Dec 04 2025 11:25:00 GMT+0530 (India Standard Time)","5234.50","5236.00","5229.00","5230.00"
"Thu Dec 04 2025 11:30:00 GMT+0530 (India Standard Time)","5230.00","5233.50","5225.00","5233.00"
"Thu Dec 04 2025 11:35:00 GMT+0530 (India Standard Time)","5233.00","5235.00","5228.50","5228.50"
"Thu Dec 04 2025 11:40:00 GMT+0530 (India Standard Time)","5228.50","5228.50","5200.50","5203.50"
"Thu Dec 04 2025 11:45:00 GMT+0530 (India Standard Time)","5203.50","5203.50","5193.00","5200.50"
"Thu Dec 04 2025 11:50:00 GMT+0530 (India Standard Time)","5200.50","5204.50","5198.50","5200.00"
"Thu Dec 04 2025 11:55:00 GMT+0530 (India Standard Time)","5200.00","5209.50","5197.50","5207.00"
"Thu Dec 04 2025 12:00:00 GMT+0530 (India Standard Time)","5207.00","5211.50","5206.50","5211.50"
"Thu Dec 04 2025 12:05:00 GMT+0530 (India Standard Time)","5211.50","5219.00","5211.50","5219.00"
"Thu Dec 04 2025 12:10:00 GMT+0530 (India Standard Time)","5219.00","5220.00","5216.50","5219.00"
"Thu Dec 04 2025 12:15:00 GMT+0530 (India Standard Time)","5219.00","5224.00","5215.00","5223.00"
"Thu Dec 04 2025 12:20:00 GMT+0530 (India Standard Time)","5223.00","5234.00","5220.50","5232.50"
"Thu Dec 04 2025 12:25:00 GMT+0530 (India Standard Time)","5232.50","5235.00","5225.00","5227.00"
"Thu Dec 04 2025 12:30:00 GMT+0530 (India Standard Time)","5227.00","5234.00","5224.00","5234.00"
"Thu Dec 04 2025 12:35:00 GMT+0530 (India Standard Time)","5234.00","5234.50","5231.00","5232.00"
"Thu Dec 04 2025 12:40:00 GMT+0530 (India Standard Time)","5232.00","5246.00","5230.50","5241.00"
"Thu Dec 04 2025 12:45:00 GMT+0530 (India Standard Time)","5239.50","5241.50","5230.00","5237.00"
"Thu Dec 04 2025 12:50:00 GMT+0530 (India Standard Time)","5237.00","5237.00","5231.00","5233.00"
"Thu Dec 04 2025 12:55:00 GMT+0530 (India Standard Time)","5233.00","5240.00","5230.50","5231.50"
"Thu Dec 04 2025 13:00:00 GMT+0530 (India Standard Time)","5233.00","5233.00","5230.50","5232.00"
"Thu Dec 04 2025 13:05:00 GMT+0530 (India Standard Time)","5232.00","5258.00","5232.00","5253.00"
"Thu Dec 04 2025 13:10:00 GMT+0530 (India Standard Time)","5253.00","5255.00","5236.50","5237.00"
"Thu Dec 04 2025 13:15:00 GMT+0530 (India Standard Time)","5237.00","5244.00","5237.00","5237.50"
"Thu Dec 04 2025 13:20:00 GMT+0530 (India Standard Time)","5237.50","5242.50","5237.00","5240.00"
"Thu Dec 04 2025 13:25:00 GMT+0530 (India Standard Time)","5240.00","5240.00","5234.50","5235.00"
"Thu Dec 04 2025 13:30:00 GMT+0530 (India Standard Time)","5235.00","5236.00","5227.50","5228.00"
"Thu Dec 04 2025 13:35:00 GMT+0530 (India Standard Time)","5228.00","5238.00","5228.00","5238.00"
"Thu Dec 04 2025 13:40:00 GMT+0530 (India Standard Time)","5238.00","5238.00","5231.50","5233.50"
"Thu Dec 04 2025 13:45:00 GMT+0530 (India Standard Time)","5233.50","5245.00","5232.00","5242.00"
"Thu Dec 04 2025 13:50:00 GMT+0530 (India Standard Time)","5242.00","5242.00","5233.50","5233.50"
"Thu Dec 04 2025 13:55:00 GMT+0530 (India Standard Time)","5233.50","5234.50","5223.00","5226.00"
"Thu Dec 04 2025 14:00:00 GMT+0530 (India Standard Time)","5226.00","5228.50","5223.50","5227.50"
"Thu Dec 04 2025 14:05:00 GMT+0530 (India Standard Time)","5227.50","5234.00","5227.00","5233.50"
"Thu Dec 04 2025 14:10:00 GMT+0530 (India Standard Time)","5233.50","5241.00","5233.50","5237.00"
"Thu Dec 04 2025 14:15:00 GMT+0530 (India Standard Time)","5237.00","5237.00","5231.50","5232.50"
"Thu Dec 04 2025 14:20:00 GMT+0530 (India Standard Time)","5233.50","5233.50","5228.00","5229.50"
"Thu Dec 04 2025 14:25:00 GMT+0530 (India Standard Time)","5230.00","5233.00","5229.00","5233.00"
"Thu Dec 04 2025 14:30:00 GMT+0530 (India Standard Time)","5233.00","5235.00","5230.00","5232.50"
"Thu Dec 04 2025 14:35:00 GMT+0530 (India Standard Time)","5232.50","5233.00","5227.00","5227.50"
"Thu Dec 04 2025 14:40:00 GMT+0530 (India Standard Time)","5227.50","5229.00","5221.00","5221.50"
"Thu Dec 04 2025 14:45:00 GMT+0530 (India Standard Time)","5221.50","5223.50","5207.50","5209.00"
"Thu Dec 04 2025 14:50:00 GMT+0530 (India Standard Time)","5209.00","5210.50","5206.50","5208.50"
"Thu Dec 04 2025 14:55:00 GMT+0530 (India Standard Time)","5208.50","5209.00","5208.00","5209.00"
"Thu Dec 04 2025 15:00:00 GMT+0530 (India Standard Time)","5211.50","5228.50","5211.50","5220.50"
"Thu Dec 04 2025 15:05:00 GMT+0530 (India Standard Time)","5220.50","5220.50","5216.00","5219.00"
"Thu Dec 04 2025 15:10:00 GMT+0530 (India Standard Time)","5216.50","5220.50","5215.50","5217.00"
"Thu Dec 04 2025 15:15:00 GMT+0530 (India Standard Time)","5217.00","5218.50","5212.00","5218.00"
"Thu Dec 04 2025 15:20:00 GMT+0530 (India Standard Time)","5217.50","5219.50","5210.50","5219.50"
"Thu Dec 04 2025 15:25:00 GMT+0530 (India Standard Time)","5219.50","5224.00","5213.50","5216.00"
"Fri Dec 05 2025 09:15:00 GMT+0530 (India Standard Time)","5220.00","5248.00","5208.00","5210.50"
"Fri Dec 05 2025 09:20:00 GMT+0530 (India Standard Time)","5209.50","5217.50","5202.50","5210.00"
"Fri Dec 05 2025 09:25:00 GMT+0530 (India Standard Time)","5210.00","5230.50","5210.00","5223.00"
"Fri Dec 05 2025 09:30:00 GMT+0530 (India Standard Time)","5221.00","5226.50","5218.50","5226.50"
"Fri Dec 05 2025 09:35:00 GMT+0530 (India Standard Time)","5226.50","5240.50","5224.00","5238.00"
"Fri Dec 05 2025 09:40:00 GMT+0530 (India Standard Time)","5235.50","5243.00","5233.00","5234.00"
"Fri Dec 05 2025 09:45:00 GMT+0530 (India Standard Time)","5234.50","5235.50","5231.50","5234.00"
"Fri Dec 05 2025 09:50:00 GMT+0530 (India Standard Time)","5234.00","5242.00","5227.50","5227.50"
"Fri Dec 05 2025 09:55:00 GMT+0530 (India Standard Time)","5227.50","5227.50","5216.50","5225.00"
"Fri Dec 05 2025 10:00:00 GMT+0530 (India Standard Time)","5225.00","5237.50","5215.00","5235.00"
"Fri Dec 05 2025 10:05:00 GMT+0530 (India Standard Time)","5234.50","5234.50","5218.50","5220.00"
"Fri Dec 05 2025 10:10:00 GMT+0530 (India Standard Time)","5223.50","5224.50","5216.00","5217.00"
"Fri Dec 05 2025 10:15:00 GMT+0530 (India Standard Time)","5217.00","5229.00","5215.00","5228.00"
"Fri Dec 05 2025 10:20:00 GMT+0530 (India Standard Time)","5227.50","5236.50","5225.50","5235.50"
"Fri Dec 05 2025 10:25:00 GMT+0530 (India Standard Time)","5235.50","5237.00","5222.00","5222.00"
"Fri Dec 05 2025 10:30:00 GMT+0530 (India Standard Time)","5222.00","5222.00","5208.00","5216.50"
"Fri Dec 05 2025 10:35:00 GMT+0530 (India Standard Time)","5216.50","5234.50","5216.50","5227.50"
"Fri Dec 05 2025 10:40:00 GMT+0530 (India Standard Time)","5228.00","5241.50","5228.00","5240.00"
"Fri Dec 05 2025 10:45:00 GMT+0530 (India Standard Time)","5240.00","5259.00","5238.50","5249.50"
"Fri Dec 05 2025 10:50:00 GMT+0530 (India Standard Time)","5249.50","5258.50","5241.50","5249.00"
"Fri Dec 05 2025 10:55:00 GMT+0530 (India Standard Time)","5249.00","5249.00","5235.00","5235.50"
"Fri Dec 05 2025 11:00:00 GMT+0530 (India Standard Time)","5235.50","5240.00","5235.00","5236.00"
"Fri Dec 05 2025 11:05:00 GMT+0530 (India Standard Time)","5236.00","5240.50","5235.50","5237.50"
"Fri Dec 05 2025 11:10:00 GMT+0530 (India Standard Time)","5237.50","5237.50","5226.50","5230.00"
"Fri Dec 05 2025 11:15:00 GMT+0530 (India Standard Time)","5230.00","5235.00","5229.00","5235.00"
"Fri Dec 05 2025 11:20:00 GMT+0530 (India Standard Time)","5235.00","5241.50","5233.00","5240.50"
"Fri Dec 05 2025 11:25:00 GMT+0530 (India Standard Time)","5240.50","5242.00","5239.00","5240.00"
"Fri Dec 05 2025 11:30:00 GMT+0530 (India Standard Time)","5240.00","5264.50","5240.00","5257.00"
"Fri Dec 05 2025 11:35:00 GMT+0530 (India Standard Time)","5259.00","5259.00","5252.50","5252.50"
"Fri Dec 05 2025 11:40:00 GMT+0530 (India Standard Time)","5252.50","5260.50","5252.50","5255.00"
"Fri Dec 05 2025 11:45:00 GMT+0530 (India Standard Time)","5255.00","5265.00","5255.00","5262.00"
"Fri Dec 05 2025 11:50:00 GMT+0530 (India Standard Time)","5262.00","5266.00","5261.00","5264.00"
"Fri Dec 05 2025 11:55:00 GMT+0530 (India Standard Time)","5264.00","5269.00","5258.00","5259.00"
"Fri Dec 05 2025 12:00:00 GMT+0530 (India Standard Time)","5259.00","5268.50","5258.50","5267.00"
"Fri Dec 05 2025 12:05:00 GMT+0530 (India Standard Time)","5268.00","5269.00","5264.50","5264.50"
"Fri Dec 05 2025 12:10:00 GMT+0530 (India Standard Time)","5264.50","5266.00","5260.00","5260.00"
"Fri Dec 05 2025 12:15:00 GMT+0530 (India Standard Time)","5261.00","5263.00","5258.00","5259.00"
"Fri Dec 05 2025 12:20:00 GMT+0530 (India Standard Time)","5259.00","5259.00","5247.50","5248.00"
"Fri Dec 05 2025 12:25:00 GMT+0530 (India Standard Time)","5248.00","5249.50","5247.50","5248.00"
"Fri Dec 05 2025 12:30:00 GMT+0530 (India Standard Time)","5248.00","5250.50","5244.50","5248.00"
"Fri Dec 05 2025 12:35:00 GMT+0530 (India Standard Time)","5248.00","5257.00","5246.00","5256.00"
"Fri Dec 05 2025 12:40:00 GMT+0530 (India Standard Time)","5253.00","5257.00","5252.00","5254.00"
"Fri Dec 05 2025 12:45:00 GMT+0530 (India Standard Time)","5254.00","5254.00","5251.50","5254.00"
"Fri Dec 05 2025 12:50:00 GMT+0530 (India Standard Time)","5254.00","5254.00","5246.00","5246.00"
"Fri Dec 05 2025 12:55:00 GMT+0530 (India Standard Time)","5244.00","5244.50","5226.00","5229.50"
"Fri Dec 05 2025 13:00:00 GMT+0530 (India Standard Time)","5229.50","5239.50","5229.50","5238.00"
"Fri Dec 05 2025 13:05:00 GMT+0530 (India Standard Time)","5238.00","5238.50","5233.50","5235.00"
"Fri Dec 05 2025 13:10:00 GMT+0530 (India Standard Time)","5235.00","5239.00","5235.00","5238.50"
"Fri Dec 05 2025 13:15:00 GMT+0530 (India Standard Time)","5240.00","5243.00","5236.50","5241.50"
"Fri Dec 05 2025 13:20:00 GMT+0530 (India Standard Time)","5241.50","5246.00","5241.50","5243.00"
"Fri Dec 05 2025 13:25:00 GMT+0530 (India Standard Time)","5243.00","5245.50","5240.50","5242.00"
"Fri Dec 05 2025 13:30:00 GMT+0530 (India Standard Time)","5242.50","5243.00","5238.00","5242.00"
"Fri Dec 05 2025 13:35:00 GMT+0530 (India Standard Time)","5242.00","5242.00","5237.00","5238.50"
"Fri Dec 05 2025 13:40:00 GMT+0530 (India Standard Time)","5238.50","5244.00","5237.00","5242.50"
"Fri Dec 05 2025 13:45:00 GMT+0530 (India Standard Time)","5242.50","5246.50","5242.50","5244.00"
"Fri Dec 05 2025 13:50:00 GMT+0530 (India Standard Time)","5244.50","5251.50","5244.50","5250.00"
"Fri Dec 05 2025 13:55:00 GMT+0530 (India Standard Time)","5250.00","5252.50","5246.50","5246.50"
"Fri Dec 05 2025 14:00:00 GMT+0530 (India Standard Time)","5247.50","5249.00","5243.50","5244.50"
"Fri Dec 05 2025 14:05:00 GMT+0530 (India Standard Time)","5244.50","5249.50","5244.00","5247.50"
"Fri Dec 05 2025 14:10:00 GMT+0530 (India Standard Time)","5247.50","5257.00","5247.00","5247.50"
"Fri Dec 05 2025 14:15:00 GMT+0530 (India Standard Time)","5247.50","5250.00","5246.50","5247.50"
"Fri Dec 05 2025 14:20:00 GMT+0530 (India Standard Time)","5247.50","5250.00","5246.50","5249.50"
"Fri Dec 05 2025 14:25:00 GMT+0530 (India Standard Time)","5249.50","5250.00","5243.50","5244.50"
"Fri Dec 05 2025 14:30:00 GMT+0530 (India Standard Time)","5244.50","5244.50","5242.50","5243.00"
"Fri Dec 05 2025 14:35:00 GMT+0530 (India Standard Time)","5243.00","5244.50","5196.00","5212.00"
"Fri Dec 05 2025 14:40:00 GMT+0530 (India Standard Time)","5212.00","5215.00","5210.00","5212.00"
"Fri Dec 05 2025 14:45:00 GMT+0530 (India Standard Time)","5212.00","5212.50","5196.00","5205.00"
"Fri Dec 05 2025 14:50:00 GMT+0530 (India Standard Time)","5205.00","5210.00","5200.50","5206.00"
"Fri Dec 05 2025 14:55:00 GMT+0530 (India Standard Time)","5206.00","5212.00","5206.00","5207.00"
"Fri Dec 05 2025 15:00:00 GMT+0530 (India Standard Time)","5207.00","5214.50","5203.00","5205.00"
"Fri Dec 05 2025 15:05:00 GMT+0530 (India Standard Time)","5206.00","5220.00","5206.00","5219.00"
"Fri Dec 05 2025 15:10:00 GMT+0530 (India Standard Time)","5224.00","5228.50","5221.00","5226.00"
"Fri Dec 05 2025 15:15:00 GMT+0530 (India Standard Time)","5226.50","5226.50","5223.00","5223.00"
"Fri Dec 05 2025 15:20:00 GMT+0530 (India Standard Time)","5224.00","5225.00","5216.50","5216.50"
"Fri Dec 05 2025 15:25:00 GMT+0530 (India Standard Time)","5217.50","5222.00","5200.00","5217.00"
"Mon Dec 08 2025 09:15:00 GMT+0530 (India Standard Time)","5217.50","5220.00","5178.50","5188.50"
"Mon Dec 08 2025 09:20:00 GMT+0530 (India Standard Time)","5188.50","5227.50","5176.50","5222.00"
"Mon Dec 08 2025 09:25:00 GMT+0530 (India Standard Time)","5222.00","5229.50","5212.00","5229.50"
"Mon Dec 08 2025 09:30:00 GMT+0530 (India Standard Time)","5227.00","5227.00","5208.50","5219.00"
"Mon Dec 08 2025 09:35:00 GMT+0530 (India Standard Time)","5221.00","5225.50","5210.00","5218.50"
"Mon Dec 08 2025 09:40:00 GMT+0530 (India Standard Time)","5217.00","5222.00","5212.00","5217.50"
"Mon Dec 08 2025 09:45:00 GMT+0530 (India Standard Time)","5218.00","5218.00","5200.00","5201.00"
"Mon Dec 08 2025 09:50:00 GMT+0530 (India Standard Time)","5198.50","5198.50","5181.50","5185.00"
"Mon Dec 08 2025 09:55:00 GMT+0530 (India Standard Time)","5183.00","5186.00","5178.00","5180.00"
"Mon Dec 08 2025 10:00:00 GMT+0530 (India Standard Time)","5180.00","5182.00","5174.00","5174.00"
"Mon Dec 08 2025 10:05:00 GMT+0530 (India Standard Time)","5175.00","5178.00","5166.00","5166.00"
"Mon Dec 08 2025 10:10:00 GMT+0530 (India Standard Time)","5168.50","5168.50","5158.50","5164.00"
"Mon Dec 08 2025 10:15:00 GMT+0530 (India Standard Time)","5164.50","5173.50","5160.50","5161.00"
"Mon Dec 08 2025 10:20:00 GMT+0530 (India Standard Time)","5161.00","5171.50","5159.50","5169.00"
"Mon Dec 08 2025 10:25:00 GMT+0530 (India Standard Time)","5169.00","5178.00","5165.50","5167.00"
"Mon Dec 08 2025 10:30:00 GMT+0530 (India Standard Time)","5167.00","5173.00","5164.50","5170.00"
"Mon Dec 08 2025 10:35:00 GMT+0530 (India Standard Time)","5169.00","5175.00","5166.00","5173.00"
"Mon Dec 08 2025 10:40:00 GMT+0530 (India Standard Time)","5173.50","5176.00","5167.50","5174.00"
"Mon Dec 08 2025 10:45:00 GMT+0530 (India Standard Time)","5172.50","5174.50","5169.00","5169.50"
"Mon Dec 08 2025 10:50:00 GMT+0530 (India Standard Time)","5169.50","5176.00","5168.50","5175.50"
"Mon Dec 08 2025 10:55:00 GMT+0530 (India Standard Time)","5175.50","5179.50","5167.50","5167.50"
"Mon Dec 08 2025 11:00:00 GMT+0530 (India Standard Time)","5168.00","5170.50","5163.00","5165.00"
"Mon Dec 08 2025 11:05:00 GMT+0530 (India Standard Time)","5165.00","5168.50","5161.00","5168.50"
"Mon Dec 08 2025 11:10:00 GMT+0530 (India Standard Time)","5168.50","5170.50","5163.00","5166.50"
"Mon Dec 08 2025 11:15:00 GMT+0530 (India Standard Time)","5164.50","5166.00","5153.50","5153.50"
"Mon Dec 08 2025 11:20:00 GMT+0530 (India Standard Time)","5155.00","5156.50","5150.00","5153.50"
"Mon Dec 08 2025 11:25:00 GMT+0530 (India Standard Time)","5153.50","5156.50","5151.00","5153.50"
"Mon Dec 08 2025 11:30:00 GMT+0530 (India Standard Time)","5153.50","5167.50","5150.00","5161.50"
"Mon Dec 08 2025 11:35:00 GMT+0530 (India Standard Time)","5162.50","5163.00","5153.00","5157.50"
"Mon Dec 08 2025 11:40:00 GMT+0530 (India Standard Time)","5158.50","5159.00","5151.00","5157.00"
"Mon Dec 08 2025 11:45:00 GMT+0530 (India Standard Time)","5157.00","5163.50","5157.00","5159.50"
"Mon Dec 08 2025 11:50:00 GMT+0530 (India Standard Time)","5160.50","5162.50","5156.00","5158.50"
"Mon Dec 08 2025 11:55:00 GMT+0530 (India Standard Time)","5158.50","5160.00","5150.00","5151.00"
"Mon Dec 08 2025 12:00:00 GMT+0530 (India Standard Time)","5153.50","5155.00","5147.00","5149.50"
"Mon Dec 08 2025 12:05:00 GMT+0530 (India Standard Time)","5149.50","5150.50","5143.50","5145.50"
"Mon Dec 08 2025 12:10:00 GMT+0530 (India Standard Time)","5145.50","5148.00","5135.50","5136.00"
"Mon Dec 08 2025 12:15:00 GMT+0530 (India Standard Time)","5138.50","5145.00","5127.50","5132.00"
"Mon Dec 08 2025 12:20:00 GMT+0530 (India Standard Time)","5132.00","5138.50","5128.00","5138.50"
"Mon Dec 08 2025 12:25:00 GMT+0530 (India Standard Time)","5138.50","5138.50","5130.00","5133.00"
"Mon Dec 08 2025 12:30:00 GMT+0530 (India Standard Time)","5133.50","5135.00","5129.00","5130.50"
"Mon Dec 08 2025 12:35:00 GMT+0530 (India Standard Time)","5130.50","5132.50","5124.50","5128.00"
"Mon Dec 08 2025 12:40:00 GMT+0530 (India Standard Time)","5128.00","5138.50","5128.00","5134.00"
"Mon Dec 08 2025 12:45:00 GMT+0530 (India Standard Time)","5133.00","5133.50","5123.00","5126.50"
"Mon Dec 08 2025 12:50:00 GMT+0530 (India Standard Time)","5127.00","5130.00","5121.00","5123.00"
"Mon Dec 08 2025 12:55:00 GMT+0530 (India Standard Time)","5124.50","5124.50","5120.00","5121.50"
"Mon Dec 08 2025 13:00:00 GMT+0530 (India Standard Time)","5121.50","5121.50","5115.00","5119.00"
"Mon Dec 08 2025 13:05:00 GMT+0530 (India Standard Time)","5119.00","5120.00","5110.50","5117.00"
"Mon Dec 08 2025 13:10:00 GMT+0530 (India Standard Time)","5117.00","5117.00","5113.50","5115.00"
"Mon Dec 08 2025 13:15:00 GMT+0530 (India Standard Time)","5116.00","5116.50","5105.00","5106.00"
"Mon Dec 08 2025 13:20:00 GMT+0530 (India Standard Time)","5106.00","5106.00","5098.00","5098.50"
"Mon Dec 08 2025 13:25:00 GMT+0530 (India Standard Time)","5098.50","5100.00","5067.50","5067.50"
"Mon Dec 08 2025 13:30:00 GMT+0530 (India Standard Time)","5073.50","5077.00","5056.50","5056.50"
"Mon Dec 08 2025 13:35:00 GMT+0530 (India Standard Time)","5053.50","5059.50","5013.00","5023.50"
"Mon Dec 08 2025 13:40:00 GMT+0530 (India Standard Time)","5018.00","5041.00","5008.00","5029.00"
"Mon Dec 08 2025 13:45:00 GMT+0530 (India Standard Time)","5029.00","5062.50","5025.00","5057.50"
"Mon Dec 08 2025 13:50:00 GMT+0530 (India Standard Time)","5059.00","5064.00","5040.00","5043.50"
"Mon Dec 08 2025 13:55:00 GMT+0530 (India Standard Time)","5043.50","5050.00","5040.00","5043.50"
"Mon Dec 08 2025 14:00:00 GMT+0530 (India Standard Time)","5044.00","5048.00","5031.00","5045.50"
"Mon Dec 08 2025 14:05:00 GMT+0530 (India Standard Time)","5048.00","5048.00","5029.50","5033.00"
"Mon Dec 08 2025 14:10:00 GMT+0530 (India Standard Time)","5035.50","5042.00","5031.00","5032.50"
"Mon Dec 08 2025 14:15:00 GMT+0530 (India Standard Time)","5032.00","5032.50","5021.00","5032.50"
"Mon Dec 08 2025 14:20:00 GMT+0530 (India Standard Time)","5032.50","5038.00","5025.00","5038.00"
"Mon Dec 08 2025 14:25:00 GMT+0530 (India Standard Time)","5039.50","5041.00","5027.50","5028.00"
"Mon Dec 08 2025 14:30:00 GMT+0530 (India Standard Time)","5032.50","5035.00","5022.00","5024.50"
"Mon Dec 08 2025 14:35:00 GMT+0530 (India Standard Time)","5024.50","5025.00","5012.50","5015.00"
"Mon Dec 08 2025 14:40:00 GMT+0530 (India Standard Time)","5014.00","5020.00","5012.00","5019.50"
"Mon Dec 08 2025 14:45:00 GMT+0530 (India Standard Time)","5013.50","5021.50","5011.00","5020.00"
"Mon Dec 08 2025 14:50:00 GMT+0530 (India Standard Time)","5021.50","5037.50","5016.50","5030.50"
"Mon Dec 08 2025 14:55:00 GMT+0530 (India Standard Time)","5030.50","5033.00","5022.00","5026.00"
"Mon Dec 08 2025 15:00:00 GMT+0530 (India Standard Time)","5026.00","5039.50","5024.00","5031.00"
"Mon Dec 08 2025 15:05:00 GMT+0530 (India Standard Time)","5030.50","5042.50","5028.50","5038.50"
"Mon Dec 08 2025 15:10:00 GMT+0530 (India Standard Time)","5036.50","5047.00","5032.50","5032.50"
"Mon Dec 08 2025 15:15:00 GMT+0530 (India Standard Time)","5033.00","5040.00","5031.00","5037.50"
"Mon Dec 08 2025 15:20:00 GMT+0530 (India Standard Time)","5037.50","5041.50","5031.00","5041.50"
"Mon Dec 08 2025 15:25:00 GMT+0530 (India Standard Time)","5041.00","5041.00","5024.50","5026.00"
"Tue Dec 09 2025 09:15:00 GMT+0530 (India Standard Time)","5034.00","5034.50","5010.50","5012.00"
"Tue Dec 09 2025 09:20:00 GMT+0530 (India Standard Time)","5012.00","5026.50","5005.50","5017.50"
"Tue Dec 09 2025 09:25:00 GMT+0530 (India Standard Time)","5015.00","5017.00","4992.00","4993.50"
"Tue Dec 09 2025 09:30:00 GMT+0530 (India Standard Time)","4992.50","4997.50","4965.00","4980.00"
"Tue Dec 09 2025 09:35:00 GMT+0530 (India Standard Time)","4981.50","4984.50","4970.00","4972.00"
"Tue Dec 09 2025 09:40:00 GMT+0530 (India Standard Time)","4970.00","4976.00","4964.00","4969.50"
"Tue Dec 09 2025 09:45:00 GMT+0530 (India Standard Time)","4970.00","4970.00","4956.50","4967.00"
"Tue Dec 09 2025 09:50:00 GMT+0530 (India Standard Time)","4968.00","4970.00","4948.00","4955.50"
"Tue Dec 09 2025 09:55:00 GMT+0530 (India Standard Time)","4955.50","4959.50","4950.00","4959.50"
"Tue Dec 09 2025 10:00:00 GMT+0530 (India Standard Time)","4959.50","4972.50","4959.00","4967.50"
"Tue Dec 09 2025 10:05:00 GMT+0530 (India Standard Time)","4967.50","4998.50","4966.00","4990.00"
"Tue Dec 09 2025 10:10:00 GMT+0530 (India Standard Time)","4992.00","5001.00","4991.00","5001.00"
"Tue Dec 09 2025 10:15:00 GMT+0530 (India Standard Time)","5001.00","5021.00","5000.00","5015.00"
"Tue Dec 09 2025 10:20:00 GMT+0530 (India Standard Time)","5015.00","5017.50","5004.00","5016.50"
"Tue Dec 09 2025 10:25:00 GMT+0530 (India Standard Time)","5016.50","5028.00","5013.50","5019.00"
"Tue Dec 09 2025 10:30:00 GMT+0530 (India Standard Time)","5019.00","5020.50","5005.50","5005.50"
"Tue Dec 09 2025 10:35:00 GMT+0530 (India Standard Time)","5005.50","5008.50","4997.00","5005.50"
"Tue Dec 09 2025 10:40:00 GMT+0530 (India Standard Time)","5005.50","5012.00","5001.50","5002.50"
"Tue Dec 09 2025 10:45:00 GMT+0530 (India Standard Time)","5002.50","5006.50","5000.00","5004.00"
"Tue Dec 09 2025 10:50:00 GMT+0530 (India Standard Time)","5004.00","5006.00","5000.00","5004.00"
"Tue Dec 09 2025 10:55:00 GMT+0530 (India Standard Time)","5004.00","5009.50","5000.50","5009.00"
"Tue Dec 09 2025 11:00:00 GMT+0530 (India Standard Time)","5009.00","5020.00","5009.00","5014.50"
"Tue Dec 09 2025 11:05:00 GMT+0530 (India Standard Time)","5014.50","5023.00","5013.00","5022.00"
"Tue Dec 09 2025 11:10:00 GMT+0530 (India Standard Time)","5022.00","5033.50","5015.00","5025.50"
"Tue Dec 09 2025 11:15:00 GMT+0530 (India Standard Time)","5025.50","5035.00","5019.00","5034.00"
"Tue Dec 09 2025 11:20:00 GMT+0530 (India Standard Time)","5034.00","5034.50","5028.00","5032.00"
"Tue Dec 09 2025 11:25:00 GMT+0530 (India Standard Time)","5034.50","5034.50","5030.00","5033.50"
"Tue Dec 09 2025 11:30:00 GMT+0530 (India Standard Time)","5033.50","5033.50","5019.00","5025.00"
"Tue Dec 09 2025 11:35:00 GMT+0530 (India Standard Time)","5025.00","5025.00","5005.50","5018.50"
"Tue Dec 09 2025 11:40:00 GMT+0530 (India Standard Time)","5018.50","5019.50","5009.00","5011.00"
"Tue Dec 09 2025 11:45:00 GMT+0530 (India Standard Time)","5008.50","5010.00","5002.50","5006.00"
"Tue Dec 09 2025 11:50:00 GMT+0530 (India Standard Time)","5006.00","5012.00","5004.00","5009.00"
"Tue Dec 09 2025 11:55:00 GMT+0530 (India Standard Time)","5009.00","5017.50","5008.50","5015.00"
"Tue Dec 09 2025 12:00:00 GMT+0530 (India Standard Time)","5015.00","5018.50","5005.00","5015.50"
"Tue Dec 09 2025 12:05:00 GMT+0530 (India Standard Time)","5015.50","5026.00","5015.50","5025.50"
"Tue Dec 09 2025 12:10:00 GMT+0530 (India Standard Time)","5025.50","5028.00","5020.50","5024.50"
"Tue Dec 09 2025 12:15:00 GMT+0530 (India Standard Time)","5027.00","5029.50","5021.00","5021.50"
"Tue Dec 09 2025 12:20:00 GMT+0530 (India Standard Time)","5021.50","5023.00","5011.50","5023.00"
"Tue Dec 09 2025 12:25:00 GMT+0530 (India Standard Time)","5022.50","5025.00","5016.50","5021.00"
"Tue Dec 09 2025 12:30:00 GMT+0530 (India Standard Time)","5019.00","5021.00","5008.00","5011.50"
"Tue Dec 09 2025 12:35:00 GMT+0530 (India Standard Time)","5011.50","5012.50","5001.00","5002.00"
"Tue Dec 09 2025 12:40:00 GMT+0530 (India Standard Time)","5002.00","5005.50","5001.00","5003.00"
"Tue Dec 09 2025 12:45:00 GMT+0530 (India Standard Time)","5005.00","5007.50","5002.00","5005.00"
"Tue Dec 09 2025 12:50:00 GMT+0530 (India Standard Time)","5003.50","5003.50","4994.00","4994.00"
"Tue Dec 09 2025 12:55:00 GMT+0530 (India Standard Time)","4994.00","4997.50","4988.50","4990.00"
"Tue Dec 09 2025 13:00:00 GMT+0530 (India Standard Time)","4990.00","4993.00","4979.00","4991.00"
"Tue Dec 09 2025 13:05:00 GMT+0530 (India Standard Time)","4991.00","4997.50","4990.50","4995.50"
"Tue Dec 09 2025 13:10:00 GMT+0530 (India Standard Time)","4993.50","5003.00","4991.00","5000.50"
"Tue Dec 09 2025 13:15:00 GMT+0530 (India Standard Time)","5000.50","5004.00","4996.50","5001.50"
"Tue Dec 09 2025 13:20:00 GMT+0530 (India Standard Time)","5001.50","5003.50","4996.50","5003.50"
"Tue Dec 09 2025 13:25:00 GMT+0530 (India Standard Time)","5003.50","5014.50","5001.00","5011.00"
"Tue Dec 09 2025 13:30:00 GMT+0530 (India Standard Time)","5014.00","5014.00","5007.50","5010.50"
"Tue Dec 09 2025 13:35:00 GMT+0530 (India Standard Time)","5010.50","5010.50","5001.00","5005.50"
"Tue Dec 09 2025 13:40:00 GMT+0530 (India Standard Time)","5005.50","5009.00","5004.00","5004.50"
"Tue Dec 09 2025 13:45:00 GMT+0530 (India Standard Time)","5004.50","5006.00","5001.50","5002.00"
"Tue Dec 09 2025 13:50:00 GMT+0530 (India Standard Time)","5004.50","5006.00","5001.00","5005.50"
"Tue Dec 09 2025 13:55:00 GMT+0530 (India Standard Time)","5005.50","5009.50","5003.50","5006.50"
"Tue Dec 09 2025 14:00:00 GMT+0530 (India Standard Time)","5006.50","5011.00","5001.00","5002.50"
"Tue Dec 09 2025 14:05:00 GMT+0530 (India Standard Time)","5002.50","5007.00","4996.00","5006.00"
"Tue Dec 09 2025 14:10:00 GMT+0530 (India Standard Time)","5006.00","5010.00","5003.00","5007.00"
"Tue Dec 09 2025 14:15:00 GMT+0530 (India Standard Time)","5007.00","5007.00","4996.00","4996.00"
"Tue Dec 09 2025 14:20:00 GMT+0530 (India Standard Time)","4997.00","4999.00","4987.50","4987.50"
"Tue Dec 09 2025 14:25:00 GMT+0530 (India Standard Time)","4987.50","4991.00","4986.00","4986.00"
"Tue Dec 09 2025 14:30:00 GMT+0530 (India Standard Time)","4984.50","4984.50","4976.50","4978.50"
"Tue Dec 09 2025 14:35:00 GMT+0530 (India Standard Time)","4978.50","4985.00","4974.00","4979.50"
"Tue Dec 09 2025 14:40:00 GMT+0530 (India Standard Time)","4979.50","4985.00","4974.50","4976.00"
"Tue Dec 09 2025 14:45:00 GMT+0530 (India Standard Time)","4978.50","4978.50","4973.50","4974.00"
"Tue Dec 09 2025 14:50:00 GMT+0530 (India Standard Time)","4975.50","4977.00","4969.00","4971.00"
"Tue Dec 09 2025 14:55:00 GMT+0530 (India Standard Time)","4969.50","4974.50","4968.00","4974.00"
"Tue Dec 09 2025 15:00:00 GMT+0530 (India Standard Time)","4975.50","4990.00","4975.50","4980.50"
"Tue Dec 09 2025 15:05:00 GMT+0530 (India Standard Time)","4980.50","4985.00","4977.50","4981.00"
"Tue Dec 09 2025 15:10:00 GMT+0530 (India Standard Time)","4981.50","4986.00","4978.00","4983.50"
"Tue Dec 09 2025 15:15:00 GMT+0530 (India Standard Time)","4983.50","4983.50","4975.00","4976.50"
"Tue Dec 09 2025 15:20:00 GMT+0530 (India Standard Time)","4976.00","4978.00","4973.00","4973.50"
"Tue Dec 09 2025 15:25:00 GMT+0530 (India Standard Time)","4974.00","4982.00","4970.50","4979.50"
"Wed Dec 10 2025 09:15:00 GMT+0530 (India Standard Time)","5002.50","5003.00","4979.50","4994.00"
"Wed Dec 10 2025 09:20:00 GMT+0530 (India Standard Time)","4992.00","4993.50","4970.00","4972.00"
"Wed Dec 10 2025 09:25:00 GMT+0530 (India Standard Time)","4972.00","4992.50","4963.50","4990.00"
"Wed Dec 10 2025 09:30:00 GMT+0530 (India Standard Time)","4991.50","4998.00","4982.50","4987.00"
"Wed Dec 10 2025 09:35:00 GMT+0530 (India Standard Time)","4987.50","4988.50","4981.00","4985.50"
"Wed Dec 10 2025 09:40:00 GMT+0530 (India Standard Time)","4983.50","4985.00","4975.00","4982.50"
"Wed Dec 10 2025 09:45:00 GMT+0530 (India Standard Time)","4982.00","4984.50","4967.00","4970.00"
"Wed Dec 10 2025 09:50:00 GMT+0530 (India Standard Time)","4970.00","4973.50","4962.50","4968.50"
"Wed Dec 10 2025 09:55:00 GMT+0530 (India Standard Time)","4968.50","4968.50","4955.00","4955.50"
"Wed Dec 10 2025 10:00:00 GMT+0530 (India Standard Time)","4955.00","4970.50","4954.00","4965.00"
"Wed Dec 10 2025 10:05:00 GMT+0530 (India Standard Time)","4965.00","4965.00","4960.50","4962.50"
"Wed Dec 10 2025 10:10:00 GMT+0530 (India Standard Time)","4962.50","4964.00","4950.00","4954.00"
"Wed Dec 10 2025 10:15:00 GMT+0530 (India Standard Time)","4954.00","4960.00","4951.00","4958.50"
"Wed Dec 10 2025 10:20:00 GMT+0530 (India Standard Time)","4958.50","4960.00","4955.00","4960.00"
"Wed Dec 10 2025 10:25:00 GMT+0530 (India Standard Time)","4960.00","4970.00","4955.00","4957.50"
"Wed Dec 10 2025 10:30:00 GMT+0530 (India Standard Time)","4957.50","4957.50","4954.00","4955.50"
"Wed Dec 10 2025 10:35:00 GMT+0530 (India Standard Time)","4955.50","4957.50","4942.00","4942.00"
"Wed Dec 10 2025 10:40:00 GMT+0530 (India Standard Time)","4942.00","4943.50","4931.00","4937.00"
"Wed Dec 10 2025 10:45:00 GMT+0530 (India Standard Time)","4936.00","4936.00","4916.50","4918.00"
"Wed Dec 10 2025 10:50:00 GMT+0530 (India Standard Time)","4918.00","4919.00","4909.00","4909.00"
"Wed Dec 10 2025 10:55:00 GMT+0530 (India Standard Time)","4909.00","4910.00","4900.50","4901.00"
"Wed Dec 10 2025 11:00:00 GMT+0530 (India Standard Time)","4901.00","4913.50","4900.00","4912.50"
"Wed Dec 10 2025 11:05:00 GMT+0530 (India Standard Time)","4912.50","4915.00","4908.00","4913.00"
"Wed Dec 10 2025 11:10:00 GMT+0530 (India Standard Time)","4913.00","4915.00","4911.00","4913.00"
"Wed Dec 10 2025 11:15:00 GMT+0530 (India Standard Time)","4913.00","4920.00","4912.00","4917.00"
"Wed Dec 10 2025 11:20:00 GMT+0530 (India Standard Time)","4917.00","4917.50","4906.50","4907.50"
"Wed Dec 10 2025 11:25:00 GMT+0530 (India Standard Time)","4907.00","4924.50","4907.00","4919.50"
"Wed Dec 10 2025 11:30:00 GMT+0530 (India Standard Time)","4919.50","4920.00","4915.00","4915.00"
"Wed Dec 10 2025 11:35:00 GMT+0530 (India Standard Time)","4915.00","4920.50","4914.00","4920.00"
"Wed Dec 10 2025 11:40:00 GMT+0530 (India Standard Time)","4920.00","4920.00","4909.00","4909.00"
"Wed Dec 10 2025 11:45:00 GMT+0530 (India Standard Time)","4909.00","4909.00","4902.00","4904.00"
"Wed Dec 10 2025 11:50:00 GMT+0530 (India Standard Time)","4904.00","4905.00","4900.00","4901.00"
"Wed Dec 10 2025 11:55:00 GMT+0530 (India Standard Time)","4901.50","4917.50","4900.00","4905.50"
"Wed Dec 10 2025 12:00:00 GMT+0530 (India Standard Time)","4907.50","4910.00","4900.50","4910.00"
"Wed Dec 10 2025 12:05:00 GMT+0530 (India Standard Time)","4909.50","4917.00","4907.00","4914.00"
"Wed Dec 10 2025 12:10:00 GMT+0530 (India Standard Time)","4914.00","4914.50","4909.50","4914.50"
"Wed Dec 10 2025 12:15:00 GMT+0530 (India Standard Time)","4914.50","4915.00","4909.00","4913.00"
"Wed Dec 10 2025 12:20:00 GMT+0530 (India Standard Time)","4913.00","4914.00","4909.00","4911.50"
"Wed Dec 10 2025 12:25:00 GMT+0530 (India Standard Time)","4911.50","4911.50","4905.50","4908.00"
"Wed Dec 10 2025 12:30:00 GMT+0530 (India Standard Time)","4908.00","4908.00","4900.00","4900.50"
"Wed Dec 10 2025 12:35:00 GMT+0530 (India Standard Time)","4902.00","4903.00","4890.00","4898.50"
"Wed Dec 10 2025 12:40:00 GMT+0530 (India Standard Time)","4898.50","4899.00","4895.00","4896.00"
"Wed Dec 10 2025 12:45:00 GMT+0530 (India Standard Time)","4896.00","4898.50","4891.00","4894.00"
"Wed Dec 10 2025 12:50:00 GMT+0530 (India Standard Time)","4894.00","4897.00","4892.00","4894.50"
"Wed Dec 10 2025 12:55:00 GMT+0530 (India Standard Time)","4896.00","4897.00","4882.00","4884.50"
"Wed Dec 10 2025 13:00:00 GMT+0530 (India Standard Time)","4884.50","4888.50","4881.50","4884.00"
"Wed Dec 10 2025 13:05:00 GMT+0530 (India Standard Time)","4884.00","4890.00","4882.50","4887.00"
"Wed Dec 10 2025 13:10:00 GMT+0530 (India Standard Time)","4887.50","4893.00","4886.00","4886.50"
"Wed Dec 10 2025 13:15:00 GMT+0530 (India Standard Time)","4886.00","4892.00","4884.50","4892.00"
"Wed Dec 10 2025 13:20:00 GMT+0530 (India Standard Time)","4892.00","4900.50","4892.00","4894.50"
"Wed Dec 10 2025 13:25:00 GMT+0530 (India Standard Time)","4893.50","4897.50","4891.00","4895.00"
"Wed Dec 10 2025 13:30:00 GMT+0530 (India Standard Time)","4896.00","4896.00","4890.00","4892.00"
"Wed Dec 10 2025 13:35:00 GMT+0530 (India Standard Time)","4894.50","4898.50","4888.50","4888.50"
"Wed Dec 10 2025 13:40:00 GMT+0530 (India Standard Time)","4888.50","4892.00","4886.00","4887.50"
"Wed Dec 10 2025 13:45:00 GMT+0530 (India Standard Time)","4887.50","4888.50","4883.00","4884.00"
"Wed Dec 10 2025 13:50:00 GMT+0530 (India Standard Time)","4885.00","4888.50","4875.00","4886.50"
"Wed Dec 10 2025 13:55:00 GMT+0530 (India Standard Time)","4887.00","4888.50","4881.00","4884.00"
"Wed Dec 10 2025 14:00:00 GMT+0530 (India Standard Time)","4884.00","4886.50","4880.50","4882.00"
"Wed Dec 10 2025 14:05:00 GMT+0530 (India Standard Time)","4882.00","4886.50","4875.00","4883.50"
"Wed Dec 10 2025 14:10:00 GMT+0530 (India Standard Time)","4883.50","4886.50","4881.50","4882.50"
"Wed Dec 10 2025 14:15:00 GMT+0530 (India Standard Time)","4883.50","4883.50","4878.00","4879.50"
"Wed Dec 10 2025 14:20:00 GMT+0530 (India Standard Time)","4877.00","4878.00","4871.50","4873.50"
"Wed Dec 10 2025 14:25:00 GMT+0530 (India Standard Time)","4873.50","4874.50","4870.50","4872.50"
"Wed Dec 10 2025 14:30:00 GMT+0530 (India Standard Time)","4873.00","4881.00","4871.50","4878.00"
"Wed Dec 10 2025 14:35:00 GMT+0530 (India Standard Time)","4881.50","4884.00","4870.00","4875.00"
"Wed Dec 10 2025 14:40:00 GMT+0530 (India Standard Time)","4874.00","4874.50","4863.50","4867.00"
"Wed Dec 10 2025 14:45:00 GMT+0530 (India Standard Time)","4867.00","4870.00","4863.50","4866.50"
"Wed Dec 10 2025 14:50:00 GMT+0530 (India Standard Time)","4865.50","4868.50","4860.50","4863.50"
"Wed Dec 10 2025 14:55:00 GMT+0530 (India Standard Time)","4863.50","4867.50","4856.50","4867.50"
"Wed Dec 10 2025 15:00:00 GMT+0530 (India Standard Time)","4868.00","4875.00","4865.00","4868.00"
"Wed Dec 10 2025 15:05:00 GMT+0530 (India Standard Time)","4869.50","4872.00","4862.50","4863.00"
"Wed Dec 10 2025 15:10:00 GMT+0530 (India Standard Time)","4865.00","4865.00","4859.00","4861.50"
"Wed Dec 10 2025 15:15:00 GMT+0530 (India Standard Time)","4861.50","4867.00","4857.00","4862.50"
"Wed Dec 10 2025 15:20:00 GMT+0530 (India Standard Time)","4863.50","4867.00","4859.50","4862.00"
"Wed Dec 10 2025 15:25:00 GMT+0530 (India Standard Time)","4862.50","4865.00","4855.00","4861.00"
"Thu Dec 11 2025 09:15:00 GMT+0530 (India Standard Time)","4895.00","4900.00","4864.00","4878.00"
"Thu Dec 11 2025 09:20:00 GMT+0530 (India Standard Time)","4878.00","4898.00","4875.00","4889.50"
"Thu Dec 11 2025 09:25:00 GMT+0530 (India Standard Time)","4889.50","4897.00","4884.50","4893.00"
"Thu Dec 11 2025 09:30:00 GMT+0530 (India Standard Time)","4894.50","4896.50","4880.00","4896.00"
"Thu Dec 11 2025 09:35:00 GMT+0530 (India Standard Time)","4896.00","4896.00","4881.00","4884.00"
"Thu Dec 11 2025 09:40:00 GMT+0530 (India Standard Time)","4884.00","4890.00","4880.50","4883.00"
"Thu Dec 11 2025 09:45:00 GMT+0530 (India Standard Time)","4881.00","4885.00","4874.00","4884.50"
"Thu Dec 11 2025 09:50:00 GMT+0530 (India Standard Time)","4884.50","4887.00","4874.50","4879.00"
"Thu Dec 11 2025 09:55:00 GMT+0530 (India Standard Time)","4879.00","4883.50","4875.00","4880.00"
"Thu Dec 11 2025 10:00:00 GMT+0530 (India Standard Time)","4880.50","4890.00","4880.50","4888.00"
"Thu Dec 11 2025 10:05:00 GMT+0530 (India Standard Time)","4888.00","4912.50","4885.50","4910.50"
"Thu Dec 11 2025 10:10:00 GMT+0530 (India Standard Time)","4910.50","4916.00","4905.00","4913.00"
"Thu Dec 11 2025 10:15:00 GMT+0530 (India Standard Time)","4920.00","4925.00","4913.50","4914.50"
"Thu Dec 11 2025 10:20:00 GMT+0530 (India Standard Time)","4914.50","4920.00","4909.00","4916.00"
"Thu Dec 11 2025 10:25:00 GMT+0530 (India Standard Time)","4916.00","4918.50","4913.00","4915.00"
"Thu Dec 11 2025 10:30:00 GMT+0530 (India Standard Time)","4915.00","4917.50","4909.00","4915.00"
"Thu Dec 11 2025 10:35:00 GMT+0530 (India Standard Time)","4915.00","4916.50","4913.00","4915.00"
"Thu Dec 11 2025 10:40:00 GMT+0530 (India Standard Time)","4915.00","4915.00","4909.00","4912.00"
"Thu Dec 11 2025 10:45:00 GMT+0530 (India Standard Time)","4912.00","4913.50","4909.00","4913.00"
"Thu Dec 11 2025 10:50:00 GMT+0530 (India Standard Time)","4913.00","4918.50","4910.00","4911.50"
"Thu Dec 11 2025 10:55:00 GMT+0530 (India Standard Time)","4911.50","4911.50","4902.00","4902.00"
"Thu Dec 11 2025 11:00:00 GMT+0530 (India Standard Time)","4902.00","4907.00","4901.00","4904.50"
"Thu Dec 11 2025 11:05:00 GMT+0530 (India Standard Time)","4904.50","4905.50","4899.00","4900.00"
"Thu Dec 11 2025 11:10:00 GMT+0530 (India Standard Time)","4900.00","4903.00","4900.00","4902.50"
"Thu Dec 11 2025 11:15:00 GMT+0530 (India Standard Time)","4902.50","4911.00","4901.50","4909.50"
"Thu Dec 11 2025 11:20:00 GMT+0530 (India Standard Time)","4909.50","4912.50","4908.50","4912.50"
"Thu Dec 11 2025 11:25:00 GMT+0530 (India Standard Time)","4912.50","4917.50","4911.50","4913.00"
"Thu Dec 11 2025 11:30:00 GMT+0530 (India Standard Time)","4913.00","4917.50","4913.00","4915.50"
"Thu Dec 11 2025 11:35:00 GMT+0530 (India Standard Time)","4914.50","4950.00","4914.50","4933.50"
"Thu Dec 11 2025 11:40:00 GMT+0530 (India Standard Time)","4933.50","4941.50","4928.00","4933.00"
"Thu Dec 11 2025 11:45:00 GMT+0530 (India Standard Time)","4933.00","4933.50","4928.50","4932.50"
"Thu Dec 11 2025 11:50:00 GMT+0530 (India Standard Time)","4932.50","4933.50","4927.00","4929.50"
"Thu Dec 11 2025 11:55:00 GMT+0530 (India Standard Time)","4929.50","4937.50","4929.00","4935.00"
"Thu Dec 11 2025 12:00:00 GMT+0530 (India Standard Time)","4935.00","4939.50","4933.50","4936.50"
"Thu Dec 11 2025 12:05:00 GMT+0530 (India Standard Time)","4936.50","4939.00","4935.50","4938.00"
"Thu Dec 11 2025 12:10:00 GMT+0530 (India Standard Time)","4938.00","4947.50","4937.50","4947.50"
"Thu Dec 11 2025 12:15:00 GMT+0530 (India Standard Time)","4947.50","4950.00","4945.50","4946.50"
"Thu Dec 11 2025 12:20:00 GMT+0530 (India Standard Time)","4946.50","4948.00","4938.50","4938.50"
"Thu Dec 11 2025 12:25:00 GMT+0530 (India Standard Time)","4938.50","4947.50","4938.50","4946.50"
"Thu Dec 11 2025 12:30:00 GMT+0530 (India Standard Time)","4946.50","4948.00","4942.00","4944.00"
"Thu Dec 11 2025 12:35:00 GMT+0530 (India Standard Time)","4944.00","4953.00","4938.50","4946.50"
"Thu Dec 11 2025 12:40:00 GMT+0530 (India Standard Time)","4946.50","4961.00","4946.00","4961.00"
"Thu Dec 11 2025 12:45:00 GMT+0530 (India Standard Time)","4961.00","4961.00","4956.00","4960.50"
"Thu Dec 11 2025 12:50:00 GMT+0530 (India Standard Time)","4960.50","4965.00","4956.50","4962.00"
"Thu Dec 11 2025 12:55:00 GMT+0530 (India Standard Time)","4962.00","4962.50","4958.00","4958.00"
"Thu Dec 11 2025 13:00:00 GMT+0530 (India Standard Time)","4958.00","4960.50","4950.50","4950.50"
"Thu Dec 11 2025 13:05:00 GMT+0530 (India Standard Time)","4952.00","4952.00","4941.00","4942.50"
"Thu Dec 11 2025 13:10:00 GMT+0530 (India Standard Time)","4941.00","4942.50","4938.00","4938.00"
"Thu Dec 11 2025 13:15:00 GMT+0530 (India Standard Time)","4939.00","4945.00","4938.00","4942.50"
"Thu Dec 11 2025 13:20:00 GMT+0530 (India Standard Time)","4942.50","4946.00","4941.00","4946.00"
"Thu Dec 11 2025 13:25:00 GMT+0530 (India Standard Time)","4946.00","4950.50","4943.00","4943.00"
"Thu Dec 11 2025 13:30:00 GMT+0530 (India Standard Time)","4944.50","4953.00","4944.50","4952.00"
"Thu Dec 11 2025 13:35:00 GMT+0530 (India Standard Time)","4952.00","4956.00","4950.50","4954.00"
"Thu Dec 11 2025 13:40:00 GMT+0530 (India Standard Time)","4954.00","4957.50","4952.00","4953.50"
"Thu Dec 11 2025 13:45:00 GMT+0530 (India Standard Time)","4953.50","4960.00","4953.50","4957.50"
"Thu Dec 11 2025 13:50:00 GMT+0530 (India Standard Time)","4957.50","4959.00","4956.00","4958.50"
"Thu Dec 11 2025 13:55:00 GMT+0530 (India Standard Time)","4958.50","4959.50","4955.00","4958.00"
"Thu Dec 11 2025 14:00:00 GMT+0530 (India Standard Time)","4959.50","4960.50","4956.50","4956.50"
"Thu Dec 11 2025 14:05:00 GMT+0530 (India Standard Time)","4956.50","4961.50","4953.50","4957.50"
"Thu Dec 11 2025 14:10:00 GMT+0530 (India Standard Time)","4957.50","4971.00","4957.50","4964.00"
"Thu Dec 11 2025 14:15:00 GMT+0530 (India Standard Time)","4964.00","4983.00","4963.50","4980.00"
"Thu Dec 11 2025 14:20:00 GMT+0530 (India Standard Time)","4979.50","5000.00","4979.50","4994.00"
"Thu Dec 11 2025 14:25:00 GMT+0530 (India Standard Time)","4993.00","4997.00","4991.50","4994.00"
"Thu Dec 11 2025 14:30:00 GMT+0530 (India Standard Time)","4994.00","5002.50","4993.00","4999.50"
"Thu Dec 11 2025 14:35:00 GMT+0530 (India Standard Time)","4999.50","5015.00","4999.00","5005.50"
"Thu Dec 11 2025 14:40:00 GMT+0530 (India Standard Time)","5005.50","5009.00","4998.50","5005.00"
"Thu Dec 11 2025 14:45:00 GMT+0530 (India Standard Time)","5004.50","5006.00","4998.50","5000.00"
"Thu Dec 11 2025 14:50:00 GMT+0530 (India Standard Time)","5000.00","5005.00","4999.50","5005.00"
"Thu Dec 11 2025 14:55:00 GMT+0530 (India Standard Time)","5004.00","5015.00","5003.50","5013.50"
"Thu Dec 11 2025 15:00:00 GMT+0530 (India Standard Time)","5020.00","5026.50","5019.00","5020.50"
"Thu Dec 11 2025 15:05:00 GMT+0530 (India Standard Time)","5021.00","5023.00","5020.00","5020.00"
"Thu Dec 11 2025 15:10:00 GMT+0530 (India Standard Time)","5020.00","5020.50","5015.00","5018.50"
"Thu Dec 11 2025 15:15:00 GMT+0530 (India Standard Time)","5019.00","5019.50","5012.00","5013.00"
"Thu Dec 11 2025 15:20:00 GMT+0530 (India Standard Time)","5014.50","5014.50","5007.50","5014.00"
"Thu Dec 11 2025 15:25:00 GMT+0530 (India Standard Time)","5014.00","5014.00","5009.00","5013.00"
"Fri Dec 12 2025 09:15:00 GMT+0530 (India Standard Time)","5026.50","5040.00","5011.50","5029.00"
"Fri Dec 12 2025 09:20:00 GMT+0530 (India Standard Time)","5027.00","5031.00","5020.00","5023.50"
"Fri Dec 12 2025 09:25:00 GMT+0530 (India Standard Time)","5023.50","5034.00","5017.50","5028.00"
"Fri Dec 12 2025 09:30:00 GMT+0530 (India Standard Time)","5028.00","5035.00","5023.00","5032.00"
"Fri Dec 12 2025 09:35:00 GMT+0530 (India Standard Time)","5027.50","5029.00","5021.00","5025.50"
"Fri Dec 12 2025 09:40:00 GMT+0530 (India Standard Time)","5023.50","5030.50","5020.50","5026.00"
"Fri Dec 12 2025 09:45:00 GMT+0530 (India Standard Time)","5025.50","5027.50","5012.00","5014.50"
"Fri Dec 12 2025 09:50:00 GMT+0530 (India Standard Time)","5014.50","5016.50","5011.00","5012.50"
"Fri Dec 12 2025 09:55:00 GMT+0530 (India Standard Time)","5012.50","5022.00","5006.50","5009.00"
"Fri Dec 12 2025 10:00:00 GMT+0530 (India Standard Time)","5009.00","5018.50","5003.00","5006.00"
"Fri Dec 12 2025 10:05:00 GMT+0530 (India Standard Time)","5006.00","5010.00","4992.00","5005.00"
"Fri Dec 12 2025 10:10:00 GMT+0530 (India Standard Time)","5002.00","5005.50","4999.50","5001.50"
"Fri Dec 12 2025 10:15:00 GMT+0530 (India Standard Time)","5001.50","5008.00","4996.00","4999.50"
"Fri Dec 12 2025 10:20:00 GMT+0530 (India Standard Time)","4999.50","5002.50","4995.00","4995.00"
"Fri Dec 12 2025 10:25:00 GMT+0530 (India Standard Time)","4995.50","5006.50","4993.00","5004.00"
"Fri Dec 12 2025 10:30:00 GMT+0530 (India Standard Time)","5004.00","5011.00","5002.50","5006.50"
"Fri Dec 12 2025 10:35:00 GMT+0530 (India Standard Time)","5006.50","5006.50","4998.50","5001.50"
"Fri Dec 12 2025 10:40:00 GMT+0530 (India Standard Time)","5001.50","5002.00","4998.00","4998.00"
"Fri Dec 12 2025 10:45:00 GMT+0530 (India Standard Time)","4997.50","5001.50","4997.00","4999.50"
"Fri Dec 12 2025 10:50:00 GMT+0530 (India Standard Time)","4999.50","5003.00","4998.00","5000.50"
"Fri Dec 12 2025 10:55:00 GMT+0530 (India Standard Time)","4999.50","5002.50","4988.50","4994.50"
"Fri Dec 12 2025 11:00:00 GMT+0530 (India Standard Time)","4993.00","5006.50","4993.00","5006.50"
"Fri Dec 12 2025 11:05:00 GMT+0530 (India Standard Time)","5006.50","5007.50","5004.00","5007.00"
"Fri Dec 12 2025 11:10:00 GMT+0530 (India Standard Time)","5007.50","5009.50","5004.00","5004.50"
"Fri Dec 12 2025 11:15:00 GMT+0530 (India Standard Time)","5004.50","5009.50","5004.50","5005.00"
"Fri Dec 12 2025 11:20:00 GMT+0530 (India Standard Time)","5007.50","5012.50","5005.00","5009.50"
"Fri Dec 12 2025 11:25:00 GMT+0530 (India Standard Time)","5009.50","5011.00","5001.50","5004.00"
"Fri Dec 12 2025 11:30:00 GMT+0530 (India Standard Time)","5004.00","5008.00","5003.00","5006.50"
"Fri Dec 12 2025 11:35:00 GMT+0530 (India Standard Time)","5006.50","5008.50","5003.50","5006.00"
"Fri Dec 12 2025 11:40:00 GMT+0530 (India Standard Time)","5006.00","5007.50","5004.00","5004.00"
"Fri Dec 12 2025 11:45:00 GMT+0530 (India Standard Time)","5004.00","5007.50","4999.00","5000.00"
"Fri Dec 12 2025 11:50:00 GMT+0530 (India Standard Time)","5000.00","5004.00","4997.50","5002.00"
"Fri Dec 12 2025 11:55:00 GMT+0530 (India Standard Time)","5002.00","5008.00","5002.00","5005.00"
"Fri Dec 12 2025 12:00:00 GMT+0530 (India Standard Time)","5005.00","5010.00","5004.50","5009.00"
"Fri Dec 12 2025 12:05:00 GMT+0530 (India Standard Time)","5009.00","5010.00","5003.00","5003.50"
"Fri Dec 12 2025 12:10:00 GMT+0530 (India Standard Time)","5003.50","5008.50","5002.00","5007.00"
"Fri Dec 12 2025 12:15:00 GMT+0530 (India Standard Time)","5007.00","5007.50","5003.00","5003.00"
"Fri Dec 12 2025 12:20:00 GMT+0530 (India Standard Time)","5003.00","5007.00","5003.00","5004.50"
"Fri Dec 12 2025 12:25:00 GMT+0530 (India Standard Time)","5004.50","5010.50","5003.50","5008.50"
"Fri Dec 12 2025 12:30:00 GMT+0530 (India Standard Time)","5008.50","5010.50","5004.50","5006.00"
"Fri Dec 12 2025 12:35:00 GMT+0530 (India Standard Time)","5006.00","5007.50","4999.00","4999.00"
"Fri Dec 12 2025 12:40:00 GMT+0530 (India Standard Time)","4999.00","5005.50","4999.00","5002.00"
"Fri Dec 12 2025 12:45:00 GMT+0530 (India Standard Time)","5002.00","5004.00","4998.50","4998.50"
"Fri Dec 12 2025 12:50:00 GMT+0530 (India Standard Time)","4998.50","5004.00","4998.00","5002.50"
"Fri Dec 12 2025 12:55:00 GMT+0530 (India Standard Time)","5002.50","5007.00","5000.00","5002.00"
"Fri Dec 12 2025 13:00:00 GMT+0530 (India Standard Time)","5004.50","5008.50","5004.00","5004.00"
"Fri Dec 12 2025 13:05:00 GMT+0530 (India Standard Time)","5004.00","5006.50","5000.00","5005.50"
"Fri Dec 12 2025 13:10:00 GMT+0530 (India Standard Time)","5005.50","5008.00","5004.50","5008.00"
"Fri Dec 12 2025 13:15:00 GMT+0530 (India Standard Time)","5008.00","5008.00","5004.50","5005.50"
"Fri Dec 12 2025 13:20:00 GMT+0530 (India Standard Time)","5005.50","5007.50","5004.00","5006.00"
"Fri Dec 12 2025 13:25:00 GMT+0530 (India Standard Time)","5007.00","5007.00","5001.00","5001.00"
"Fri Dec 12 2025 13:30:00 GMT+0530 (India Standard Time)","5001.00","5003.00","4998.00","4998.00"
"Fri Dec 12 2025 13:35:00 GMT+0530 (India Standard Time)","5000.50","5003.50","5000.50","5002.00"
"Fri Dec 12 2025 13:40:00 GMT+0530 (India Standard Time)","5002.00","5007.50","5002.00","5007.50"
"Fri Dec 12 2025 13:45:00 GMT+0530 (India Standard Time)","5007.50","5014.50","5006.50","5011.00"
"Fri Dec 12 2025 13:50:00 GMT+0530 (India Standard Time)","5011.00","5011.00","5006.00","5010.00"
"Fri Dec 12 2025 13:55:00 GMT+0530 (India Standard Time)","5010.00","5011.00","5007.50","5007.50"
"Fri Dec 12 2025 14:00:00 GMT+0530 (India Standard Time)","5007.50","5021.50","5007.50","5021.50"
"Fri Dec 12 2025 14:05:00 GMT+0530 (India Standard Time)","5020.50","5029.00","5019.50","5026.00"
"Fri Dec 12 2025 14:10:00 GMT+0530 (India Standard Time)","5026.00","5028.00","5021.00","5024.00"
"Fri Dec 12 2025 14:15:00 GMT+0530 (India Standard Time)","5024.00","5026.50","5023.00","5025.00"
"Fri Dec 12 2025 14:20:00 GMT+0530 (India Standard Time)","5025.00","5025.00","5021.00","5021.00"
"Fri Dec 12 2025 14:25:00 GMT+0530 (India Standard Time)","5021.00","5022.00","5015.00","5018.00"
"Fri Dec 12 2025 14:30:00 GMT+0530 (India Standard Time)","5018.00","5019.00","5013.00","5014.50"
"Fri Dec 12 2025 14:35:00 GMT+0530 (India Standard Time)","5014.50","5016.00","5010.00","5011.00"
"Fri Dec 12 2025 14:40:00 GMT+0530 (India Standard Time)","5011.00","5015.00","5011.00","5015.00"
"Fri Dec 12 2025 14:45:00 GMT+0530 (India Standard Time)","5015.00","5015.00","5011.00","5012.50"
"Fri Dec 12 2025 14:50:00 GMT+0530 (India Standard Time)","5012.50","5018.50","5011.50","5012.00"
"Fri Dec 12 2025 14:55:00 GMT+0530 (India Standard Time)","5012.00","5016.00","5010.50","5015.50"
"Fri Dec 12 2025 15:00:00 GMT+0530 (India Standard Time)","5020.00","5027.00","5016.00","5022.50"
"Fri Dec 12 2025 15:05:00 GMT+0530 (India Standard Time)","5025.00","5029.00","5022.50","5029.00"
"Fri Dec 12 2025 15:10:00 GMT+0530 (India Standard Time)","5029.00","5035.00","5027.00","5027.50"
"Fri Dec 12 2025 15:15:00 GMT+0530 (India Standard Time)","5029.50","5037.00","5026.50","5034.50"
"Fri Dec 12 2025 15:20:00 GMT+0530 (India Standard Time)","5034.50","5039.00","5031.00","5036.00"
"Fri Dec 12 2025 15:25:00 GMT+0530 (India Standard Time)","5035.50","5035.50","5025.00","5032.00"
"Mon Dec 15 2025 09:15:00 GMT+0530 (India Standard Time)","5045.50","5059.50","5028.50","5039.00"
"Mon Dec 15 2025 09:20:00 GMT+0530 (India Standard Time)","5039.00","5079.50","5038.00","5066.50"
"Mon Dec 15 2025 09:25:00 GMT+0530 (India Standard Time)","5066.50","5067.50","5046.50","5056.00"
"Mon Dec 15 2025 09:30:00 GMT+0530 (India Standard Time)","5056.00","5067.50","5056.00","5064.50"
"Mon Dec 15 2025 09:35:00 GMT+0530 (India Standard Time)","5064.50","5064.50","5042.50","5044.00"
"Mon Dec 15 2025 09:40:00 GMT+0530 (India Standard Time)","5043.50","5045.00","5030.50","5034.50"
"Mon Dec 15 2025 09:45:00 GMT+0530 (India Standard Time)","5032.00","5042.00","5023.50","5033.00"
"Mon Dec 15 2025 09:50:00 GMT+0530 (India Standard Time)","5033.00","5033.00","5022.00","5022.00"
"Mon Dec 15 2025 09:55:00 GMT+0530 (India Standard Time)","5022.00","5030.00","5016.00","5029.50"
"Mon Dec 15 2025 10:00:00 GMT+0530 (India Standard Time)","5027.50","5040.00","5027.50","5035.00"
"Mon Dec 15 2025 10:05:00 GMT+0530 (India Standard Time)","5034.00","5035.50","5028.50","5030.50"
"Mon Dec 15 2025 10:10:00 GMT+0530 (India Standard Time)","5028.50","5038.50","5028.00","5038.50"
"Mon Dec 15 2025 10:15:00 GMT+0530 (India Standard Time)","5038.50","5039.50","5034.00","5038.00"
"Mon Dec 15 2025 10:20:00 GMT+0530 (India Standard Time)","5038.00","5044.50","5038.00","5040.00"
"Mon Dec 15 2025 10:25:00 GMT+0530 (India Standard Time)","5043.50","5125.00","5040.00","5120.00"
"Mon Dec 15 2025 10:30:00 GMT+0530 (India Standard Time)","5120.00","5126.00","5093.50","5107.00"
"Mon Dec 15 2025 10:35:00 GMT+0530 (India Standard Time)","5107.00","5107.00","5082.00","5083.50"
"Mon Dec 15 2025 10:40:00 GMT+0530 (India Standard Time)","5083.50","5087.00","5075.00","5077.50"
"Mon Dec 15 2025 10:45:00 GMT+0530 (India Standard Time)","5080.00","5081.50","5070.00","5075.00"
"Mon Dec 15 2025 10:50:00 GMT+0530 (India Standard Time)","5075.00","5085.00","5075.00","5085.00"
"Mon Dec 15 2025 10:55:00 GMT+0530 (India Standard Time)","5085.00","5087.50","5082.00","5084.00"
"Mon Dec 15 2025 11:00:00 GMT+0530 (India Standard Time)","5084.00","5099.00","5084.00","5090.50"
"Mon Dec 15 2025 11:05:00 GMT+0530 (India Standard Time)","5092.00","5092.00","5081.50","5081.50"
"Mon Dec 15 2025 11:10:00 GMT+0530 (India Standard Time)","5081.50","5083.50","5080.00","5080.00"
"Mon Dec 15 2025 11:15:00 GMT+0530 (India Standard Time)","5080.00","5081.00","5078.00","5078.00"
"Mon Dec 15 2025 11:20:00 GMT+0530 (India Standard Time)","5078.50","5078.50","5064.00","5065.50"
"Mon Dec 15 2025 11:25:00 GMT+0530 (India Standard Time)","5066.00","5074.00","5066.00","5074.00"
"Mon Dec 15 2025 11:30:00 GMT+0530 (India Standard Time)","5074.00","5075.00","5059.50","5061.50"
"Mon Dec 15 2025 11:35:00 GMT+0530 (India Standard Time)","5061.50","5063.00","5056.00","5059.00"
"Mon Dec 15 2025 11:40:00 GMT+0530 (India Standard Time)","5059.00","5061.00","5055.50","5059.00"
"Mon Dec 15 2025 11:45:00 GMT+0530 (India Standard Time)","5059.00","5062.00","5057.00","5061.50"
"Mon Dec 15 2025 11:50:00 GMT+0530 (India Standard Time)","5061.50","5064.00","5058.00","5063.00"
"Mon Dec 15 2025 11:55:00 GMT+0530 (India Standard Time)","5063.00","5064.50","5060.00","5060.50"
"Mon Dec 15 2025 12:00:00 GMT+0530 (India Standard Time)","5060.50","5063.50","5060.50","5063.00"
"Mon Dec 15 2025 12:05:00 GMT+0530 (India Standard Time)","5063.00","5065.50","5057.00","5060.00"
"Mon Dec 15 2025 12:10:00 GMT+0530 (India Standard Time)","5060.00","5063.50","5060.00","5062.00"
"Mon Dec 15 2025 12:15:00 GMT+0530 (India Standard Time)","5062.50","5063.50","5060.00","5062.00"
"Mon Dec 15 2025 12:20:00 GMT+0530 (India Standard Time)","5062.00","5065.00","5060.50","5063.50"
"Mon Dec 15 2025 12:25:00 GMT+0530 (India Standard Time)","5061.50","5067.00","5059.50","5060.00"
"Mon Dec 15 2025 12:30:00 GMT+0530 (India Standard Time)","5060.00","5066.00","5058.50","5063.00"
"Mon Dec 15 2025 12:35:00 GMT+0530 (India Standard Time)","5063.00","5065.50","5061.50","5064.00"
"Mon Dec 15 2025 12:40:00 GMT+0530 (India Standard Time)","5064.00","5065.00","5057.00","5058.50"
"Mon Dec 15 2025 12:45:00 GMT+0530 (India Standard Time)","5056.00","5056.00","5052.00","5053.00"
"Mon Dec 15 2025 12:50:00 GMT+0530 (India Standard Time)","5053.00","5056.50","5050.50","5054.00"
"Mon Dec 15 2025 12:55:00 GMT+0530 (India Standard Time)","5054.00","5054.50","5052.00","5054.00"
"Mon Dec 15 2025 13:00:00 GMT+0530 (India Standard Time)","5054.00","5059.00","5054.00","5057.50"
"Mon Dec 15 2025 13:05:00 GMT+0530 (India Standard Time)","5057.50","5060.50","5047.50","5047.50"
"Mon Dec 15 2025 13:10:00 GMT+0530 (India Standard Time)","5047.50","5053.00","5047.00","5051.50"
"Mon Dec 15 2025 13:15:00 GMT+0530 (India Standard Time)","5051.50","5056.00","5050.00","5050.00"
"Mon Dec 15 2025 13:20:00 GMT+0530 (India Standard Time)","5050.00","5059.50","5048.50","5058.50"
"Mon Dec 15 2025 13:25:00 GMT+0530 (India Standard Time)","5058.50","5063.50","5055.00","5058.50"
"Mon Dec 15 2025 13:30:00 GMT+0530 (India Standard Time)","5058.50","5058.50","5056.00","5058.50"
"Mon Dec 15 2025 13:35:00 GMT+0530 (India Standard Time)","5058.50","5062.00","5056.50","5061.50"
"Mon Dec 15 2025 13:40:00 GMT+0530 (India Standard Time)","5061.50","5068.50","5061.00","5063.50"
"Mon Dec 15 2025 13:45:00 GMT+0530 (India Standard Time)","5063.50","5064.00","5060.50","5064.00"
"Mon Dec 15 2025 13:50:00 GMT+0530 (India Standard Time)","5062.50","5064.00","5057.00","5062.50"
"Mon Dec 15 2025 13:55:00 GMT+0530 (India Standard Time)","5062.50","5062.50","5051.50","5056.50"
"Mon Dec 15 2025 14:00:00 GMT+0530 (India Standard Time)","5055.50","5057.50","5051.50","5057.00"
"Mon Dec 15 2025 14:05:00 GMT+0530 (India Standard Time)","5057.00","5057.00","5048.50","5050.00"
"Mon Dec 15 2025 14:10:00 GMT+0530 (India Standard Time)","5050.00","5050.00","5046.00","5047.00"
"Mon Dec 15 2025 14:15:00 GMT+0530 (India Standard Time)","5047.00","5047.50","5043.00","5045.50"
"Mon Dec 15 2025 14:20:00 GMT+0530 (India Standard Time)","5045.50","5049.50","5040.00","5040.00"
"Mon Dec 15 2025 14:25:00 GMT+0530 (India Standard Time)","5040.00","5044.50","5040.00","5044.00"
"Mon Dec 15 2025 14:30:00 GMT+0530 (India Standard Time)","5044.00","5049.00","5044.00","5046.00"
"Mon Dec 15 2025 14:35:00 GMT+0530 (India Standard Time)","5046.00","5049.00","5043.50","5043.50"
"Mon Dec 15 2025 14:40:00 GMT+0530 (India Standard Time)","5043.50","5053.00","5043.50","5051.50"
"Mon Dec 15 2025 14:45:00 GMT+0530 (India Standard Time)","5053.00","5057.50","5051.00","5053.50"
"Mon Dec 15 2025 14:50:00 GMT+0530 (India Standard Time)","5053.50","5056.50","5052.50","5055.00"
"Mon Dec 15 2025 14:55:00 GMT+0530 (India Standard Time)","5056.50","5058.00","5053.00","5058.00"
"Mon Dec 15 2025 15:00:00 GMT+0530 (India Standard Time)","5058.00","5059.50","5048.50","5050.00"
"Mon Dec 15 2025 15:05:00 GMT+0530 (India Standard Time)","5051.00","5054.00","5048.50","5054.00"
"Mon Dec 15 2025 15:10:00 GMT+0530 (India Standard Time)","5054.00","5057.00","5048.50","5051.00"
"Mon Dec 15 2025 15:15:00 GMT+0530 (India Standard Time)","5048.00","5049.00","5043.50","5043.50"
"Mon Dec 15 2025 15:20:00 GMT+0530 (India Standard Time)","5047.00","5049.00","5042.50","5045.50"
"Mon Dec 15 2025 15:25:00 GMT+0530 (India Standard Time)","5045.50","5048.00","5040.50","5045.00"
"Tue Dec 16 2025 09:15:00 GMT+0530 (India Standard Time)","5044.00","5044.00","4991.50","5003.00"
"Tue Dec 16 2025 09:20:00 GMT+0530 (India Standard Time)","5000.50","5008.00","4995.50","5001.50"
"Tue Dec 16 2025 09:25:00 GMT+0530 (India Standard Time)","5000.50","5006.00","4990.00","4994.50"
"Tue Dec 16 2025 09:30:00 GMT+0530 (India Standard Time)","4994.50","4998.50","4991.50","4997.50"
"Tue Dec 16 2025 09:35:00 GMT+0530 (India Standard Time)","4997.50","4997.50","4990.00","4996.00"
"Tue Dec 16 2025 09:40:00 GMT+0530 (India Standard Time)","4996.00","5008.50","4995.00","5005.00"
"Tue Dec 16 2025 09:45:00 GMT+0530 (India Standard Time)","5005.00","5007.50","5000.50","5007.00"
"Tue Dec 16 2025 09:50:00 GMT+0530 (India Standard Time)","5006.50","5008.00","5004.00","5007.00"
"Tue Dec 16 2025 09:55:00 GMT+0530 (India Standard Time)","5007.00","5008.00","5000.00","5000.00"
"Tue Dec 16 2025 10:00:00 GMT+0530 (India Standard Time)","5002.00","5002.00","4991.50","4996.50"
"Tue Dec 16 2025 10:05:00 GMT+0530 (India Standard Time)","4996.50","5000.00","4993.50","4997.50"
"Tue Dec 16 2025 10:10:00 GMT+0530 (India Standard Time)","4997.50","4998.50","4993.00","4996.50"
"Tue Dec 16 2025 10:15:00 GMT+0530 (India Standard Time)","4996.50","5005.50","4994.50","5005.50"
"Tue Dec 16 2025 10:20:00 GMT+0530 (India Standard Time)","5005.50","5008.00","5001.00","5003.00"
"Tue Dec 16 2025 10:25:00 GMT+0530 (India Standard Time)","5003.00","5007.00","5002.50","5003.00"
"Tue Dec 16 2025 10:30:00 GMT+0530 (India Standard Time)","5003.00","5005.00","5002.00","5002.00"
"Tue Dec 16 2025 10:35:00 GMT+0530 (India Standard Time)","5002.00","5009.00","5000.00","5003.00"
"Tue Dec 16 2025 10:40:00 GMT+0530 (India Standard Time)","5003.00","5006.00","5001.50","5005.00"
"Tue Dec 16 2025 10:45:00 GMT+0530 (India Standard Time)","5005.00","5005.00","4999.50","5004.00"
"Tue Dec 16 2025 10:50:00 GMT+0530 (India Standard Time)","5004.00","5005.00","5001.00","5003.00"
"Tue Dec 16 2025 10:55:00 GMT+0530 (India Standard Time)","5003.00","5004.00","5001.00","5002.50"
"Tue Dec 16 2025 11:00:00 GMT+0530 (India Standard Time)","5002.50","5004.50","4999.00","5004.50"
"Tue Dec 16 2025 11:05:00 GMT+0530 (India Standard Time)","5003.00","5008.00","5001.50","5008.00"
"Tue Dec 16 2025 11:10:00 GMT+0530 (India Standard Time)","5008.00","5008.00","5002.50","5004.00"
"Tue Dec 16 2025 11:15:00 GMT+0530 (India Standard Time)","5001.50","5004.50","4999.50","5003.50"
"Tue Dec 16 2025 11:20:00 GMT+0530 (India Standard Time)","5003.50","5010.00","5001.00","5010.00"
"Tue Dec 16 2025 11:25:00 GMT+0530 (India Standard Time)","5007.50","5010.00","5007.00","5009.50"
"Tue Dec 16 2025 11:30:00 GMT+0530 (India Standard Time)","5008.00","5009.50","5005.50","5006.50"
"Tue Dec 16 2025 11:35:00 GMT+0530 (India Standard Time)","5006.50","5006.50","5000.50","5001.50"
"Tue Dec 16 2025 11:40:00 GMT+0530 (India Standard Time)","5001.50","5007.50","5001.50","5006.50"
"Tue Dec 16 2025 11:45:00 GMT+0530 (India Standard Time)","5007.00","5008.00","5003.00","5005.00"
"Tue Dec 16 2025 11:50:00 GMT+0530 (India Standard Time)","5005.00","5006.50","5003.50","5005.00"
"Tue Dec 16 2025 11:55:00 GMT+0530 (India Standard Time)","5009.50","5010.00","5002.50","5007.00"
"Tue Dec 16 2025 12:00:00 GMT+0530 (India Standard Time)","5007.00","5015.00","5003.00","5012.50"
"Tue Dec 16 2025 12:05:00 GMT+0530 (India Standard Time)","5012.50","5031.50","5011.00","5026.00"
"Tue Dec 16 2025 12:10:00 GMT+0530 (India Standard Time)","5026.00","5026.00","5017.00","5021.00"
"Tue Dec 16 2025 12:15:00 GMT+0530 (India Standard Time)","5021.00","5021.00","5017.50","5019.50"
"Tue Dec 16 2025 12:20:00 GMT+0530 (India Standard Time)","5019.50","5028.50","5019.50","5027.00"
"Tue Dec 16 2025 12:25:00 GMT+0530 (India Standard Time)","5027.00","5030.00","5026.50","5030.00"
"Tue Dec 16 2025 12:30:00 GMT+0530 (India Standard Time)","5030.00","5030.00","5019.50","5019.50"
"Tue Dec 16 2025 12:35:00 GMT+0530 (India Standard Time)","5019.50","5024.50","5019.50","5022.50"
"Tue Dec 16 2025 12:40:00 GMT+0530 (India Standard Time)","5022.50","5029.00","5022.00","5029.00"
"Tue Dec 16 2025 12:45:00 GMT+0530 (India Standard Time)","5029.00","5030.00","5024.00","5027.00"
"Tue Dec 16 2025 12:50:00 GMT+0530 (India Standard Time)","5027.00","5035.00","5025.00","5030.50"
"Tue Dec 16 2025 12:55:00 GMT+0530 (India Standard Time)","5032.50","5032.50","5026.00","5029.50"
"Tue Dec 16 2025 13:00:00 GMT+0530 (India Standard Time)","5029.50","5029.50","5021.50","5024.00"
"Tue Dec 16 2025 13:05:00 GMT+0530 (India Standard Time)","5024.00","5024.00","5021.50","5022.00"
"Tue Dec 16 2025 13:10:00 GMT+0530 (India Standard Time)","5022.00","5027.00","5020.00","5021.50"
"Tue Dec 16 2025 13:15:00 GMT+0530 (India Standard Time)","5021.50","5021.50","5011.50","5014.00"
"Tue Dec 16 2025 13:20:00 GMT+0530 (India Standard Time)","5014.00","5016.50","5006.50","5010.50"
"Tue Dec 16 2025 13:25:00 GMT+0530 (India Standard Time)","5010.00","5013.00","5010.00","5012.50"
"Tue Dec 16 2025 13:30:00 GMT+0530 (India Standard Time)","5012.50","5014.50","5010.50","5014.50"
"Tue Dec 16 2025 13:35:00 GMT+0530 (India Standard Time)","5014.50","5016.50","5011.00","5016.50"
"Tue Dec 16 2025 13:40:00 GMT+0530 (India Standard Time)","5016.50","5022.00","5015.50","5020.00"
"Tue Dec 16 2025 13:45:00 GMT+0530 (India Standard Time)","5020.00","5023.00","5018.50","5019.00"
"Tue Dec 16 2025 13:50:00 GMT+0530 (India Standard Time)","5019.00","5022.00","5015.50","5018.50"
"Tue Dec 16 2025 13:55:00 GMT+0530 (India Standard Time)","5018.50","5018.50","5011.00","5012.00"
"Tue Dec 16 2025 14:00:00 GMT+0530 (India Standard Time)","5011.00","5013.50","5007.00","5012.50"
"Tue Dec 16 2025 14:05:00 GMT+0530 (India Standard Time)","5012.50","5018.00","5006.00","5011.50"
"Tue Dec 16 2025 14:10:00 GMT+0530 (India Standard Time)","5011.50","5012.00","5007.50","5009.00"
"Tue Dec 16 2025 14:15:00 GMT+0530 (India Standard Time)","5009.00","5010.00","5001.00","5001.00"
"Tue Dec 16 2025 14:20:00 GMT+0530 (India Standard Time)","5001.00","5005.00","5001.00","5005.00"
"Tue Dec 16 2025 14:25:00 GMT+0530 (India Standard Time)","5005.00","5005.50","5002.00","5004.00"
"Tue Dec 16 2025 14:30:00 GMT+0530 (India Standard Time)","5004.00","5004.00","5000.00","5000.00"
"Tue Dec 16 2025 14:35:00 GMT+0530 (India Standard Time)","5001.00","5001.00","4997.00","4999.00"
"Tue Dec 16 2025 14:40:00 GMT+0530 (India Standard Time)","4999.00","5002.50","4999.00","5001.00"
"Tue Dec 16 2025 14:45:00 GMT+0530 (India Standard Time)","5001.00","5001.00","4996.50","4998.50"
"Tue Dec 16 2025 14:50:00 GMT+0530 (India Standard Time)","4998.50","5002.50","4997.00","5001.00"
"Tue Dec 16 2025 14:55:00 GMT+0530 (India Standard Time)","5001.00","5008.50","5000.00","5005.00"
"Tue Dec 16 2025 15:00:00 GMT+0530 (India Standard Time)","5005.00","5017.00","5005.00","5010.50"
"Tue Dec 16 2025 15:05:00 GMT+0530 (India Standard Time)","5010.00","5010.50","5006.50","5006.50"
"Tue Dec 16 2025 15:10:00 GMT+0530 (India Standard Time)","5007.00","5009.50","5002.50","5004.00"
"Tue Dec 16 2025 15:15:00 GMT+0530 (India Standard Time)","5004.00","5006.50","4998.00","4998.50"
"Tue Dec 16 2025 15:20:00 GMT+0530 (India Standard Time)","4998.00","4998.00","4988.00","4991.50"
"Tue Dec 16 2025 15:25:00 GMT+0530 (India Standard Time)","4992.00","4994.00","4980.00","4994.00"
"Wed Dec 17 2025 09:15:00 GMT+0530 (India Standard Time)","5000.00","5009.50","4985.00","5001.50"
"Wed Dec 17 2025 09:20:00 GMT+0530 (India Standard Time)","5003.00","5010.00","4998.00","5007.00"
"Wed Dec 17 2025 09:25:00 GMT+0530 (India Standard Time)","5005.50","5014.00","5000.00","5011.00"
"Wed Dec 17 2025 09:30:00 GMT+0530 (India Standard Time)","5011.00","5028.50","5011.00","5023.00"
"Wed Dec 17 2025 09:35:00 GMT+0530 (India Standard Time)","5021.00","5052.50","5020.50","5038.50"
"Wed Dec 17 2025 09:40:00 GMT+0530 (India Standard Time)","5038.50","5038.50","5022.50","5024.00"
"Wed Dec 17 2025 09:45:00 GMT+0530 (India Standard Time)","5024.00","5040.00","5024.00","5029.00"
"Wed Dec 17 2025 09:50:00 GMT+0530 (India Standard Time)","5028.50","5033.50","5022.00","5030.00"
"Wed Dec 17 2025 09:55:00 GMT+0530 (India Standard Time)","5032.50","5035.00","5028.00","5035.00"
"Wed Dec 17 2025 10:00:00 GMT+0530 (India Standard Time)","5035.00","5035.00","5015.50","5017.00"
"Wed Dec 17 2025 10:05:00 GMT+0530 (India Standard Time)","5015.00","5017.50","5002.50","5006.50"
"Wed Dec 17 2025 10:10:00 GMT+0530 (India Standard Time)","5006.50","5007.50","5000.50","5005.00"
"Wed Dec 17 2025 10:15:00 GMT+0530 (India Standard Time)","5005.00","5005.00","4993.00","5002.00"
"Wed Dec 17 2025 10:20:00 GMT+0530 (India Standard Time)","5002.00","5002.00","4997.00","5000.00"
"Wed Dec 17 2025 10:25:00 GMT+0530 (India Standard Time)","5000.00","5000.00","4990.00","4990.50"
"Wed Dec 17 2025 10:30:00 GMT+0530 (India Standard Time)","4990.50","5000.00","4990.00","4998.00"
"Wed Dec 17 2025 10:35:00 GMT+0530 (India Standard Time)","4998.00","4999.50","4992.00","4994.00"
"Wed Dec 17 2025 10:40:00 GMT+0530 (India Standard Time)","4994.00","5000.00","4988.00","4999.50"
"Wed Dec 17 2025 10:45:00 GMT+0530 (India Standard Time)","4999.50","5002.00","4996.50","4998.00"
"Wed Dec 17 2025 10:50:00 GMT+0530 (India Standard Time)","4998.00","5000.00","4993.50","4995.00"
"Wed Dec 17 2025 10:55:00 GMT+0530 (India Standard Time)","4995.00","4995.00","4983.50","4990.00"
"Wed Dec 17 2025 11:00:00 GMT+0530 (India Standard Time)","4993.50","4998.00","4993.50","4994.50"
"Wed Dec 17 2025 11:05:00 GMT+0530 (India Standard Time)","4994.50","4997.50","4994.00","4996.00"
"Wed Dec 17 2025 11:10:00 GMT+0530 (India Standard Time)","4996.00","5000.50","4996.00","4999.00"
"Wed Dec 17 2025 11:15:00 GMT+0530 (India Standard Time)","4999.00","5003.50","4998.50","4999.00"
"Wed Dec 17 2025 11:20:00 GMT+0530 (India Standard Time)","4999.00","5001.00","4995.50","4998.00"
"Wed Dec 17 2025 11:25:00 GMT+0530 (India Standard Time)","4998.00","4998.50","4993.00","4998.50"
"Wed Dec 17 2025 11:30:00 GMT+0530 (India Standard Time)","4998.50","4998.50","4993.00","4993.50"
"Wed Dec 17 2025 11:35:00 GMT+0530 (India Standard Time)","4993.50","4998.00","4992.50","4996.00"
"Wed Dec 17 2025 11:40:00 GMT+0530 (India Standard Time)","4996.00","5003.00","4996.00","4998.50"
"Wed Dec 17 2025 11:45:00 GMT+0530 (India Standard Time)","4998.50","5001.50","4996.50","5001.00"
"Wed Dec 17 2025 11:50:00 GMT+0530 (India Standard Time)","5001.00","5002.50","4995.00","4996.50"
"Wed Dec 17 2025 11:55:00 GMT+0530 (India Standard Time)","4996.50","4998.00","4992.00","4995.00"
"Wed Dec 17 2025 12:00:00 GMT+0530 (India Standard Time)","4995.00","4995.00","4986.50","4988.00"
"Wed Dec 17 2025 12:05:00 GMT+0530 (India Standard Time)","4988.00","4991.00","4987.50","4989.50"
"Wed Dec 17 2025 12:10:00 GMT+0530 (India Standard Time)","4989.50","4996.00","4988.00","4993.00"
"Wed Dec 17 2025 12:15:00 GMT+0530 (India Standard Time)","4993.00","4998.00","4990.50","4992.00"
"Wed Dec 17 2025 12:20:00 GMT+0530 (India Standard Time)","4992.00","4992.00","4986.00","4986.00"
"Wed Dec 17 2025 12:25:00 GMT+0530 (India Standard Time)","4986.00","4986.50","4982.50","4986.00"
"Wed Dec 17 2025 12:30:00 GMT+0530 (India Standard Time)","4986.00","4986.50","4981.50","4983.50"
"Wed Dec 17 2025 12:35:00 GMT+0530 (India Standard Time)","4983.00","4984.50","4980.50","4983.00"
"Wed Dec 17 2025 12:40:00 GMT+0530 (India Standard Time)","4983.00","4984.50","4980.00","4982.00"
"Wed Dec 17 2025 12:45:00 GMT+0530 (India Standard Time)","4982.00","4982.00","4975.00","4976.00"
"Wed Dec 17 2025 12:50:00 GMT+0530 (India Standard Time)","4976.00","4984.50","4976.00","4981.00"
"Wed Dec 17 2025 12:55:00 GMT+0530 (India Standard Time)","4981.00","4982.00","4978.50","4980.50"
"Wed Dec 17 2025 13:00:00 GMT+0530 (India Standard Time)","4980.50","4981.50","4976.50","4980.50"
"Wed Dec 17 2025 13:05:00 GMT+0530 (India Standard Time)","4980.50","4986.50","4979.00","4982.00"
"Wed Dec 17 2025 13:10:00 GMT+0530 (India Standard Time)","4982.00","4985.50","4981.00","4981.00"
"Wed Dec 17 2025 13:15:00 GMT+0530 (India Standard Time)","4981.00","4981.00","4977.50","4977.50"
"Wed Dec 17 2025 13:20:00 GMT+0530 (India Standard Time)","4977.50","4981.50","4975.50","4981.00"
"Wed Dec 17 2025 13:25:00 GMT+0530 (India Standard Time)","4981.00","4983.50","4978.50","4980.00"
"Wed Dec 17 2025 13:30:00 GMT+0530 (India Standard Time)","4982.50","4982.50","4977.00","4978.00"
"Wed Dec 17 2025 13:35:00 GMT+0530 (India Standard Time)","4978.00","4978.50","4973.00","4977.50"
"Wed Dec 17 2025 13:40:00 GMT+0530 (India Standard Time)","4975.00","4977.50","4971.00","4973.50"
"Wed Dec 17 2025 13:45:00 GMT+0530 (India Standard Time)","4973.50","4973.50","4968.00","4973.00"
"Wed Dec 17 2025 13:50:00 GMT+0530 (India Standard Time)","4973.00","4973.00","4964.00","4969.50"
"Wed Dec 17 2025 13:55:00 GMT+0530 (India Standard Time)","4969.50","4971.00","4964.00","4969.00"
"Wed Dec 17 2025 14:00:00 GMT+0530 (India Standard Time)","4969.00","4969.00","4961.00","4967.00"
"Wed Dec 17 2025 14:05:00 GMT+0530 (India Standard Time)","4966.50","4969.00","4965.00","4967.00"
"Wed Dec 17 2025 14:10:00 GMT+0530 (India Standard Time)","4967.00","4968.50","4963.00","4968.50"
"Wed Dec 17 2025 14:15:00 GMT+0530 (India Standard Time)","4968.50","4974.50","4963.50","4974.00"
"Wed Dec 17 2025 14:20:00 GMT+0530 (India Standard Time)","4974.00","4975.00","4965.00","4965.00"
"Wed Dec 17 2025 14:25:00 GMT+0530 (India Standard Time)","4966.50","4970.00","4961.50","4962.00"
"Wed Dec 17 2025 14:30:00 GMT+0530 (India Standard Time)","4962.00","4966.00","4962.00","4964.00"
"Wed Dec 17 2025 14:35:00 GMT+0530 (India Standard Time)","4965.50","4965.50","4950.50","4956.00"
"Wed Dec 17 2025 14:40:00 GMT+0530 (India Standard Time)","4956.00","4965.00","4956.00","4963.50"
"Wed Dec 17 2025 14:45:00 GMT+0530 (India Standard Time)","4963.50","4970.00","4959.00","4967.50"
"Wed Dec 17 2025 14:50:00 GMT+0530 (India Standard Time)","4967.50","4970.00","4963.50","4968.50"
"Wed Dec 17 2025 14:55:00 GMT+0530 (India Standard Time)","4968.50","4968.50","4960.00","4965.00"
"Wed Dec 17 2025 15:00:00 GMT+0530 (India Standard Time)","4971.50","4984.00","4971.50","4972.50"
"Wed Dec 17 2025 15:05:00 GMT+0530 (India Standard Time)","4972.50","4976.50","4967.50","4969.50"
"Wed Dec 17 2025 15:10:00 GMT+0530 (India Standard Time)","4969.50","4975.00","4969.50","4975.00"
"Wed Dec 17 2025 15:15:00 GMT+0530 (India Standard Time)","4973.50","4973.50","4961.50","4964.00"
"Wed Dec 17 2025 15:20:00 GMT+0530 (India Standard Time)","4964.50","4966.00","4960.00","4964.00"
"Wed Dec 17 2025 15:25:00 GMT+0530 (India Standard Time)","4963.00","4963.50","4955.00","4962.00"
"Thu Dec 18 2025 09:15:00 GMT+0530 (India Standard Time)","4980.00","5008.50","4969.00","5008.50"
"Thu Dec 18 2025 09:20:00 GMT+0530 (India Standard Time)","5006.00","5010.00","4988.00","5007.50"
"Thu Dec 18 2025 09:25:00 GMT+0530 (India Standard Time)","5006.50","5008.00","4998.00","4998.00"
"Thu Dec 18 2025 09:30:00 GMT+0530 (India Standard Time)","4998.00","5000.00","4978.50","4981.00"
"Thu Dec 18 2025 09:35:00 GMT+0530 (India Standard Time)","4981.00","4981.00","4970.00","4973.50"
"Thu Dec 18 2025 09:40:00 GMT+0530 (India Standard Time)","4972.00","4973.50","4952.50","4954.00"
"Thu Dec 18 2025 09:45:00 GMT+0530 (India Standard Time)","4954.50","4954.50","4941.00","4949.00"
"Thu Dec 18 2025 09:50:00 GMT+0530 (India Standard Time)","4949.00","4949.00","4938.00","4946.00"
"Thu Dec 18 2025 09:55:00 GMT+0530 (India Standard Time)","4946.00","4947.50","4939.50","4942.50"
"Thu Dec 18 2025 10:00:00 GMT+0530 (India Standard Time)","4942.50","4943.00","4934.50","4937.00"
"Thu Dec 18 2025 10:05:00 GMT+0530 (India Standard Time)","4937.00","4948.50","4936.00","4948.00"
"Thu Dec 18 2025 10:10:00 GMT+0530 (India Standard Time)","4948.00","4959.00","4943.50","4958.00"
"Thu Dec 18 2025 10:15:00 GMT+0530 (India Standard Time)","4955.50","4961.00","4950.50","4961.00"
"Thu Dec 18 2025 10:20:00 GMT+0530 (India Standard Time)","4961.00","4969.00","4954.00","4967.50"
"Thu Dec 18 2025 10:25:00 GMT+0530 (India Standard Time)","4967.50","4967.50","4957.00","4957.00"
"Thu Dec 18 2025 10:30:00 GMT+0530 (India Standard Time)","4958.00","4962.50","4955.00","4961.50"
"Thu Dec 18 2025 10:35:00 GMT+0530 (India Standard Time)","4961.50","4968.00","4952.00","4956.50"
"Thu Dec 18 2025 10:40:00 GMT+0530 (India Standard Time)","4956.00","4969.50","4956.00","4969.00"
"Thu Dec 18 2025 10:45:00 GMT+0530 (India Standard Time)","4969.00","4976.00","4966.00","4970.00"
"Thu Dec 18 2025 10:50:00 GMT+0530 (India Standard Time)","4970.00","4970.00","4960.00","4962.50"
"Thu Dec 18 2025 10:55:00 GMT+0530 (India Standard Time)","4963.50","4965.00","4962.00","4963.50"
"Thu Dec 18 2025 11:00:00 GMT+0530 (India Standard Time)","4962.50","4977.50","4962.00","4977.00"
"Thu Dec 18 2025 11:05:00 GMT+0530 (India Standard Time)","4977.00","4977.50","4974.00","4977.50"
"Thu Dec 18 2025 11:10:00 GMT+0530 (India Standard Time)","4977.50","4977.50","4969.00","4969.50"
"Thu Dec 18 2025 11:15:00 GMT+0530 (India Standard Time)","4969.50","4978.50","4968.50","4978.50"
"Thu Dec 18 2025 11:20:00 GMT+0530 (India Standard Time)","4978.50","4983.50","4976.50","4983.00"
"Thu Dec 18 2025 11:25:00 GMT+0530 (India Standard Time)","4984.00","4996.50","4983.00","4992.50"
"Thu Dec 18 2025 11:30:00 GMT+0530 (India Standard Time)","4994.50","5004.00","4992.00","4995.50"
"Thu Dec 18 2025 11:35:00 GMT+0530 (India Standard Time)","4995.50","4996.00","4985.50","4986.50"
"Thu Dec 18 2025 11:40:00 GMT+0530 (India Standard Time)","4986.50","4998.00","4986.50","4998.00"
"Thu Dec 18 2025 11:45:00 GMT+0530 (India Standard Time)","4998.00","4999.50","4990.50","4999.00"
"Thu Dec 18 2025 11:50:00 GMT+0530 (India Standard Time)","4999.50","5006.50","4999.00","5006.50"
"Thu Dec 18 2025 11:55:00 GMT+0530 (India Standard Time)","5006.50","5007.00","5004.00","5007.00"
"Thu Dec 18 2025 12:00:00 GMT+0530 (India Standard Time)","5007.00","5007.50","5001.00","5001.00"
"Thu Dec 18 2025 12:05:00 GMT+0530 (India Standard Time)","5001.00","5001.00","4993.50","5000.50"
"Thu Dec 18 2025 12:10:00 GMT+0530 (India Standard Time)","5000.50","5000.50","4996.50","4996.50"
"Thu Dec 18 2025 12:15:00 GMT+0530 (India Standard Time)","4995.50","4998.00","4994.50","4997.00"
"Thu Dec 18 2025 12:20:00 GMT+0530 (India Standard Time)","4997.00","4997.00","4990.50","4992.50"
"Thu Dec 18 2025 12:25:00 GMT+0530 (India Standard Time)","4992.50","4995.00","4989.50","4994.00"
"Thu Dec 18 2025 12:30:00 GMT+0530 (India Standard Time)","4994.00","5000.00","4992.50","4998.00"
"Thu Dec 18 2025 12:35:00 GMT+0530 (India Standard Time)","4998.00","5000.00","4993.50","5000.00"
"Thu Dec 18 2025 12:40:00 GMT+0530 (India Standard Time)","5000.00","5000.00","4995.00","5000.00"
"Thu Dec 18 2025 12:45:00 GMT+0530 (India Standard Time)","5001.00","5006.00","5001.00","5004.50"
"Thu Dec 18 2025 12:50:00 GMT+0530 (India Standard Time)","5004.50","5004.50","4999.00","5001.00"
"Thu Dec 18 2025 12:55:00 GMT+0530 (India Standard Time)","5001.00","5001.50","4995.50","4996.50"
"Thu Dec 18 2025 13:00:00 GMT+0530 (India Standard Time)","4996.50","5004.50","4996.00","5003.00"
"Thu Dec 18 2025 13:05:00 GMT+0530 (India Standard Time)","5003.00","5008.50","5002.50","5007.00"
"Thu Dec 18 2025 13:10:00 GMT+0530 (India Standard Time)","5007.00","5007.00","5001.00","5002.00"
"Thu Dec 18 2025 13:15:00 GMT+0530 (India Standard Time)","5002.00","5004.00","5001.50","5003.50"
"Thu Dec 18 2025 13:20:00 GMT+0530 (India Standard Time)","5003.50","5003.50","4995.00","4997.00"
"Thu Dec 18 2025 13:25:00 GMT+0530 (India Standard Time)","4997.00","5000.00","4995.00","4996.50"
"Thu Dec 18 2025 13:30:00 GMT+0530 (India Standard Time)","4995.00","4997.00","4991.00","4993.00"
"Thu Dec 18 2025 13:35:00 GMT+0530 (India Standard Time)","4990.50","4994.50","4990.50","4991.00"
"Thu Dec 18 2025 13:40:00 GMT+0530 (India Standard Time)","4991.00","4995.00","4990.50","4990.50"
"Thu Dec 18 2025 13:45:00 GMT+0530 (India Standard Time)","4990.50","4993.00","4989.00","4991.00"
"Thu Dec 18 2025 13:50:00 GMT+0530 (India Standard Time)","4991.00","4991.00","4987.00","4990.00"
"Thu Dec 18 2025 13:55:00 GMT+0530 (India Standard Time)","4990.00","4991.00","4983.50","4986.00"
"Thu Dec 18 2025 14:00:00 GMT+0530 (India Standard Time)","4985.00","4985.00","4979.00","4981.00"
"Thu Dec 18 2025 14:05:00 GMT+0530 (India Standard Time)","4981.00","4983.00","4978.00","4981.00"
"Thu Dec 18 2025 14:10:00 GMT+0530 (India Standard Time)","4981.00","4981.00","4973.00","4975.50"
"Thu Dec 18 2025 14:15:00 GMT+0530 (India Standard Time)","4975.50","4975.50","4969.00","4969.00"
"Thu Dec 18 2025 14:20:00 GMT+0530 (India Standard Time)","4967.00","4967.00","4956.00","4959.00"
"Thu Dec 18 2025 14:25:00 GMT+0530 (India Standard Time)","4959.00","4964.00","4952.50","4959.50"
"Thu Dec 18 2025 14:30:00 GMT+0530 (India Standard Time)","4961.50","4979.00","4959.50","4972.50"
"Thu Dec 18 2025 14:35:00 GMT+0530 (India Standard Time)","4972.50","4979.00","4966.50","4968.50"
"Thu Dec 18 2025 14:40:00 GMT+0530 (India Standard Time)","4968.50","4972.00","4965.00","4965.00"
"Thu Dec 18 2025 14:45:00 GMT+0530 (India Standard Time)","4965.00","4977.00","4963.50","4972.00"
"Thu Dec 18 2025 14:50:00 GMT+0530 (India Standard Time)","4972.00","4974.00","4969.50","4970.50"
"Thu Dec 18 2025 14:55:00 GMT+0530 (India Standard Time)","4970.50","4989.00","4970.00","4989.00"
"Thu Dec 18 2025 15:00:00 GMT+0530 (India Standard Time)","4996.00","5002.00","4987.50","4997.00"
"Thu Dec 18 2025 15:05:00 GMT+0530 (India Standard Time)","4997.00","5000.00","4992.50","4996.50"
"Thu Dec 18 2025 15:10:00 GMT+0530 (India Standard Time)","4997.00","5001.50","4992.00","4997.00"
"Thu Dec 18 2025 15:15:00 GMT+0530 (India Standard Time)","4995.50","5019.50","4993.00","5018.00"
"Thu Dec 18 2025 15:20:00 GMT+0530 (India Standard Time)","5018.00","5027.00","5008.50","5024.50"
"Thu Dec 18 2025 15:25:00 GMT+0530 (India Standard Time)","5024.50","5049.50","5018.50","5046.00"
"Fri Dec 19 2025 09:15:00 GMT+0530 (India Standard Time)","5116.00","5127.00","5062.00","5086.50"
"Fri Dec 19 2025 09:20:00 GMT+0530 (India Standard Time)","5086.50","5157.00","5082.50","5151.50"
"Fri Dec 19 2025 09:25:00 GMT+0530 (India Standard Time)","5150.50","5175.00","5140.00","5164.50"
"Fri Dec 19 2025 09:30:00 GMT+0530 (India Standard Time)","5163.50","5168.00","5151.00","5161.00"
"Fri Dec 19 2025 09:35:00 GMT+0530 (India Standard Time)","5161.00","5181.50","5160.00","5165.50"
"Fri Dec 19 2025 09:40:00 GMT+0530 (India Standard Time)","5165.50","5174.00","5155.00","5168.50"
"Fri Dec 19 2025 09:45:00 GMT+0530 (India Standard Time)","5171.00","5172.00","5154.00","5163.00"
"Fri Dec 19 2025 09:50:00 GMT+0530 (India Standard Time)","5163.00","5163.50","5152.00","5156.50"
"Fri Dec 19 2025 09:55:00 GMT+0530 (India Standard Time)","5159.00","5162.00","5155.50","5159.50"
"Fri Dec 19 2025 10:00:00 GMT+0530 (India Standard Time)","5156.50","5165.00","5155.50","5162.50"
"Fri Dec 19 2025 10:05:00 GMT+0530 (India Standard Time)","5162.50","5184.50","5156.00","5179.50"
"Fri Dec 19 2025 10:10:00 GMT+0530 (India Standard Time)","5179.50","5181.50","5171.00","5176.00"
"Fri Dec 19 2025 10:15:00 GMT+0530 (India Standard Time)","5175.50","5177.00","5166.50","5167.50"
"Fri Dec 19 2025 10:20:00 GMT+0530 (India Standard Time)","5169.00","5197.00","5168.00","5194.50"
"Fri Dec 19 2025 10:25:00 GMT+0530 (India Standard Time)","5195.50","5233.00","5194.50","5222.00"
"Fri Dec 19 2025 10:30:00 GMT+0530 (India Standard Time)","5221.50","5250.00","5214.50","5247.00"
"Fri Dec 19 2025 10:35:00 GMT+0530 (India Standard Time)","5247.00","5275.00","5245.50","5275.00"
"Fri Dec 19 2025 10:40:00 GMT+0530 (India Standard Time)","5274.50","5283.50","5257.50","5260.00"
"Fri Dec 19 2025 10:45:00 GMT+0530 (India Standard Time)","5262.50","5263.00","5231.00","5254.50"
"Fri Dec 19 2025 10:50:00 GMT+0530 (India Standard Time)","5251.00","5259.00","5243.50","5249.00"
"Fri Dec 19 2025 10:55:00 GMT+0530 (India Standard Time)","5249.00","5256.50","5231.50","5235.00"
"Fri Dec 19 2025 11:00:00 GMT+0530 (India Standard Time)","5235.00","5253.00","5234.00","5243.00"
"Fri Dec 19 2025 11:05:00 GMT+0530 (India Standard Time)","5242.50","5251.00","5235.50","5238.50"
"Fri Dec 19 2025 11:10:00 GMT+0530 (India Standard Time)","5238.50","5250.00","5233.50","5247.50"
"Fri Dec 19 2025 11:15:00 GMT+0530 (India Standard Time)","5249.00","5258.00","5236.50","5253.00"
"Fri Dec 19 2025 11:20:00 GMT+0530 (India Standard Time)","5253.00","5270.00","5253.00","5266.50"
"Fri Dec 19 2025 11:25:00 GMT+0530 (India Standard Time)","5266.50","5284.50","5259.00","5270.00"
"Fri Dec 19 2025 11:30:00 GMT+0530 (India Standard Time)","5270.00","5277.00","5266.00","5270.00"
"Fri Dec 19 2025 11:35:00 GMT+0530 (India Standard Time)","5270.00","5321.00","5264.50","5319.00"
"Fri Dec 19 2025 11:40:00 GMT+0530 (India Standard Time)","5319.00","5335.00","5311.00","5314.00"
"Fri Dec 19 2025 11:45:00 GMT+0530 (India Standard Time)","5314.00","5325.00","5312.00","5323.00"
"Fri Dec 19 2025 11:50:00 GMT+0530 (India Standard Time)","5323.00","5323.00","5301.00","5312.00"
"Fri Dec 19 2025 11:55:00 GMT+0530 (India Standard Time)","5313.00","5313.00","5300.00","5306.00"
"Fri Dec 19 2025 12:00:00 GMT+0530 (India Standard Time)","5306.00","5321.00","5306.00","5313.00"
"Fri Dec 19 2025 12:05:00 GMT+0530 (India Standard Time)","5311.00","5319.50","5311.00","5315.50"
"Fri Dec 19 2025 12:10:00 GMT+0530 (India Standard Time)","5315.50","5341.50","5315.50","5332.00"
"Fri Dec 19 2025 12:15:00 GMT+0530 (India Standard Time)","5332.00","5339.00","5328.50","5334.00"
"Fri Dec 19 2025 12:20:00 GMT+0530 (India Standard Time)","5334.00","5347.00","5333.00","5339.00"
"Fri Dec 19 2025 12:25:00 GMT+0530 (India Standard Time)","5339.00","5350.00","5338.00","5341.00"
"Fri Dec 19 2025 12:30:00 GMT+0530 (India Standard Time)","5341.00","5346.50","5325.00","5345.50"
"Fri Dec 19 2025 12:35:00 GMT+0530 (India Standard Time)","5345.50","5358.00","5340.00","5358.00"
"Fri Dec 19 2025 12:40:00 GMT+0530 (India Standard Time)","5357.50","5364.00","5355.00","5355.50"
"Fri Dec 19 2025 12:45:00 GMT+0530 (India Standard Time)","5358.00","5364.00","5346.50","5361.50"
"Fri Dec 19 2025 12:50:00 GMT+0530 (India Standard Time)","5361.50","5364.00","5351.00","5360.00"
"Fri Dec 19 2025 12:55:00 GMT+0530 (India Standard Time)","5360.00","5361.50","5356.00","5359.00"
"Fri Dec 19 2025 13:00:00 GMT+0530 (India Standard Time)","5359.00","5367.50","5351.00","5352.50"
"Fri Dec 19 2025 13:05:00 GMT+0530 (India Standard Time)","5351.50","5362.00","5351.00","5356.00"
"Fri Dec 19 2025 13:10:00 GMT+0530 (India Standard Time)","5356.00","5362.00","5345.00","5353.50"
"Fri Dec 19 2025 13:15:00 GMT+0530 (India Standard Time)","5352.50","5357.00","5348.00","5353.00"
"Fri Dec 19 2025 13:20:00 GMT+0530 (India Standard Time)","5353.50","5380.00","5353.50","5369.50"
"Fri Dec 19 2025 13:25:00 GMT+0530 (India Standard Time)","5369.50","5398.50","5365.50","5396.50"
"Fri Dec 19 2025 13:30:00 GMT+0530 (India Standard Time)","5398.00","5425.00","5396.00","5422.50"
"Fri Dec 19 2025 13:35:00 GMT+0530 (India Standard Time)","5423.00","5434.50","5401.50","5413.50"
"Fri Dec 19 2025 13:40:00 GMT+0530 (India Standard Time)","5413.50","5418.00","5405.50","5413.00"
"Fri Dec 19 2025 13:45:00 GMT+0530 (India Standard Time)","5412.00","5415.00","5401.50","5405.00"
"Fri Dec 19 2025 13:50:00 GMT+0530 (India Standard Time)","5405.00","5415.00","5403.00","5404.00"
"Fri Dec 19 2025 13:55:00 GMT+0530 (India Standard Time)","5404.00","5423.50","5403.50","5423.00"
"Fri Dec 19 2025 14:00:00 GMT+0530 (India Standard Time)","5423.50","5433.50","5419.00","5424.00"
"Fri Dec 19 2025 14:05:00 GMT+0530 (India Standard Time)","5424.00","5428.50","5416.00","5421.50"
"Fri Dec 19 2025 14:10:00 GMT+0530 (India Standard Time)","5421.50","5450.00","5420.00","5445.00"
"Fri Dec 19 2025 14:15:00 GMT+0530 (India Standard Time)","5447.50","5447.50","5427.00","5432.00"
"Fri Dec 19 2025 14:20:00 GMT+0530 (India Standard Time)","5430.50","5439.00","5430.50","5435.00"
"Fri Dec 19 2025 14:25:00 GMT+0530 (India Standard Time)","5435.00","5435.00","5412.00","5426.00"
"Fri Dec 19 2025 14:30:00 GMT+0530 (India Standard Time)","5426.00","5434.50","5421.00","5422.00"
"Fri Dec 19 2025 14:35:00 GMT+0530 (India Standard Time)","5424.50","5433.00","5422.00","5431.00"
"Fri Dec 19 2025 14:40:00 GMT+0530 (India Standard Time)","5431.00","5438.00","5425.00","5431.50"
"Fri Dec 19 2025 14:45:00 GMT+0530 (India Standard Time)","5431.50","5434.50","5425.00","5429.00"
"Fri Dec 19 2025 14:50:00 GMT+0530 (India Standard Time)","5430.00","5433.00","5422.50","5427.00"
"Fri Dec 19 2025 14:55:00 GMT+0530 (India Standard Time)","5427.00","5430.00","5421.50","5428.50"
"Fri Dec 19 2025 15:00:00 GMT+0530 (India Standard Time)","5426.00","5428.00","5379.00","5407.50"
"Fri Dec 19 2025 15:05:00 GMT+0530 (India Standard Time)","5408.00","5425.00","5408.00","5418.00"
"Fri Dec 19 2025 15:10:00 GMT+0530 (India Standard Time)","5414.50","5426.50","5412.50","5414.00"
"Fri Dec 19 2025 15:15:00 GMT+0530 (India Standard Time)","5414.00","5425.00","5410.50","5422.00"
"Fri Dec 19 2025 15:20:00 GMT+0530 (India Standard Time)","5422.00","5426.00","5412.50","5418.50"
"Fri Dec 19 2025 15:25:00 GMT+0530 (India Standard Time)","5418.50","5422.50","5403.50","5410.00"
"Mon Dec 22 2025 09:15:00 GMT+0530 (India Standard Time)","5410.50","5500.00","5397.50","5490.50"
"Mon Dec 22 2025 09:20:00 GMT+0530 (India Standard Time)","5489.00","5506.50","5461.00","5481.00"
"Mon Dec 22 2025 09:25:00 GMT+0530 (India Standard Time)","5481.00","5487.00","5460.50","5467.50"
"Mon Dec 22 2025 09:30:00 GMT+0530 (India Standard Time)","5467.50","5480.50","5445.00","5445.00"
"Mon Dec 22 2025 09:35:00 GMT+0530 (India Standard Time)","5445.00","5478.50","5444.00","5456.00"
"Mon Dec 22 2025 09:40:00 GMT+0530 (India Standard Time)","5456.00","5470.50","5445.00","5454.00"
"Mon Dec 22 2025 09:45:00 GMT+0530 (India Standard Time)","5451.50","5464.00","5448.00","5457.50"
"Mon Dec 22 2025 09:50:00 GMT+0530 (India Standard Time)","5464.00","5476.00","5457.00","5462.00"
"Mon Dec 22 2025 09:55:00 GMT+0530 (India Standard Time)","5460.50","5472.00","5454.50","5471.50"
"Mon Dec 22 2025 10:00:00 GMT+0530 (India Standard Time)","5470.00","5484.50","5470.00","5473.00"
"Mon Dec 22 2025 10:05:00 GMT+0530 (India Standard Time)","5473.00","5476.00","5464.00","5466.50"
"Mon Dec 22 2025 10:10:00 GMT+0530 (India Standard Time)","5464.00","5482.00","5464.00","5476.00"
"Mon Dec 22 2025 10:15:00 GMT+0530 (India Standard Time)","5477.00","5503.00","5475.50","5502.00"
"Mon Dec 22 2025 10:20:00 GMT+0530 (India Standard Time)","5502.00","5503.00","5490.00","5495.00"
"Mon Dec 22 2025 10:25:00 GMT+0530 (India Standard Time)","5495.00","5495.00","5487.00","5488.50"
"Mon Dec 22 2025 10:30:00 GMT+0530 (India Standard Time)","5488.50","5490.50","5462.50","5479.50"
"Mon Dec 22 2025 10:35:00 GMT+0530 (India Standard Time)","5477.50","5480.00","5473.50","5479.50"
"Mon Dec 22 2025 10:40:00 GMT+0530 (India Standard Time)","5479.50","5481.50","5474.50","5476.00"
"Mon Dec 22 2025 10:45:00 GMT+0530 (India Standard Time)","5477.00","5497.00","5472.00","5497.00"
"Mon Dec 22 2025 10:50:00 GMT+0530 (India Standard Time)","5497.50","5498.50","5483.00","5485.50"
"Mon Dec 22 2025 10:55:00 GMT+0530 (India Standard Time)","5485.50","5485.50","5477.00","5481.50"
"Mon Dec 22 2025 11:00:00 GMT+0530 (India Standard Time)","5481.00","5481.00","5467.00","5477.00"
"Mon Dec 22 2025 11:05:00 GMT+0530 (India Standard Time)","5477.50","5479.00","5476.50","5478.00"
"Mon Dec 22 2025 11:10:00 GMT+0530 (India Standard Time)","5478.00","5490.00","5476.50","5480.00"
"Mon Dec 22 2025 11:15:00 GMT+0530 (India Standard Time)","5480.00","5484.50","5474.00","5478.00"
"Mon Dec 22 2025 11:20:00 GMT+0530 (India Standard Time)","5478.00","5480.00","5473.00","5475.00"
"Mon Dec 22 2025 11:25:00 GMT+0530 (India Standard Time)","5475.00","5484.00","5474.00","5484.00"
"Mon Dec 22 2025 11:30:00 GMT+0530 (India Standard Time)","5484.00","5485.00","5473.50","5476.00"
"Mon Dec 22 2025 11:35:00 GMT+0530 (India Standard Time)","5476.00","5481.00","5475.00","5478.00"
"Mon Dec 22 2025 11:40:00 GMT+0530 (India Standard Time)","5478.00","5484.00","5475.00","5479.00"
"Mon Dec 22 2025 11:45:00 GMT+0530 (India Standard Time)","5479.00","5482.00","5477.00","5481.00"
"Mon Dec 22 2025 11:50:00 GMT+0530 (India Standard Time)","5481.00","5485.00","5478.50","5481.50"
"Mon Dec 22 2025 11:55:00 GMT+0530 (India Standard Time)","5480.50","5493.00","5480.50","5492.00"
"Mon Dec 22 2025 12:00:00 GMT+0530 (India Standard Time)","5489.00","5491.50","5483.00","5484.00"
"Mon Dec 22 2025 12:05:00 GMT+0530 (India Standard Time)","5484.00","5489.00","5484.00","5489.00"
"Mon Dec 22 2025 12:10:00 GMT+0530 (India Standard Time)","5488.50","5488.50","5478.00","5479.50"
"Mon Dec 22 2025 12:15:00 GMT+0530 (India Standard Time)","5479.50","5483.50","5478.00","5480.00"
"Mon Dec 22 2025 12:20:00 GMT+0530 (India Standard Time)","5480.00","5488.00","5480.00","5483.00"
"Mon Dec 22 2025 12:25:00 GMT+0530 (India Standard Time)","5483.00","5485.00","5476.00","5477.00"
"Mon Dec 22 2025 12:30:00 GMT+0530 (India Standard Time)","5477.00","5480.50","5471.00","5474.00"
"Mon Dec 22 2025 12:35:00 GMT+0530 (India Standard Time)","5474.00","5486.50","5473.50","5480.00"
"Mon Dec 22 2025 12:40:00 GMT+0530 (India Standard Time)","5480.00","5480.00","5474.00","5474.50"
"Mon Dec 22 2025 12:45:00 GMT+0530 (India Standard Time)","5474.50","5478.00","5447.50","5447.50"
"Mon Dec 22 2025 12:50:00 GMT+0530 (India Standard Time)","5442.00","5463.50","5438.00","5456.00"
"Mon Dec 22 2025 12:55:00 GMT+0530 (India Standard Time)","5456.00","5459.50","5450.50","5455.50"
"Mon Dec 22 2025 13:00:00 GMT+0530 (India Standard Time)","5454.50","5459.00","5444.00","5447.50"
"Mon Dec 22 2025 13:05:00 GMT+0530 (India Standard Time)","5447.50","5450.00","5422.00","5422.00"
"Mon Dec 22 2025 13:10:00 GMT+0530 (India Standard Time)","5422.00","5437.00","5421.00","5422.50"
"Mon Dec 22 2025 13:15:00 GMT+0530 (India Standard Time)","5422.50","5449.00","5421.00","5442.00"
"Mon Dec 22 2025 13:20:00 GMT+0530 (India Standard Time)","5441.50","5455.00","5436.00","5454.50"
"Mon Dec 22 2025 13:25:00 GMT+0530 (India Standard Time)","5454.50","5478.00","5450.00","5471.50"
"Mon Dec 22 2025 13:30:00 GMT+0530 (India Standard Time)","5473.00","5473.00","5461.00","5462.50"
"Mon Dec 22 2025 13:35:00 GMT+0530 (India Standard Time)","5462.00","5468.50","5456.50","5465.00"
"Mon Dec 22 2025 13:40:00 GMT+0530 (India Standard Time)","5465.00","5473.50","5465.00","5465.50"
"Mon Dec 22 2025 13:45:00 GMT+0530 (India Standard Time)","5465.50","5473.00","5465.50","5472.00"
"Mon Dec 22 2025 13:50:00 GMT+0530 (India Standard Time)","5472.00","5472.00","5468.50","5472.00"
"Mon Dec 22 2025 13:55:00 GMT+0530 (India Standard Time)","5472.00","5473.00","5466.00","5471.50"
"Mon Dec 22 2025 14:00:00 GMT+0530 (India Standard Time)","5471.50","5472.00","5469.00","5470.00"
"Mon Dec 22 2025 14:05:00 GMT+0530 (India Standard Time)","5470.00","5490.00","5470.00","5480.50"
"Mon Dec 22 2025 14:10:00 GMT+0530 (India Standard Time)","5480.50","5481.50","5465.00","5476.00"
"Mon Dec 22 2025 14:15:00 GMT+0530 (India Standard Time)","5474.50","5476.00","5464.00","5464.00"
"Mon Dec 22 2025 14:20:00 GMT+0530 (India Standard Time)","5464.50","5471.50","5456.00","5471.50"
"Mon Dec 22 2025 14:25:00 GMT+0530 (India Standard Time)","5471.00","5473.50","5466.00","5469.00"
"Mon Dec 22 2025 14:30:00 GMT+0530 (India Standard Time)","5469.00","5469.50","5462.50","5466.50"
"Mon Dec 22 2025 14:35:00 GMT+0530 (India Standard Time)","5466.50","5470.00","5453.00","5455.50"
"Mon Dec 22 2025 14:40:00 GMT+0530 (India Standard Time)","5455.50","5459.00","5453.00","5458.50"
"Mon Dec 22 2025 14:45:00 GMT+0530 (India Standard Time)","5458.50","5458.50","5440.50","5443.00"
"Mon Dec 22 2025 14:50:00 GMT+0530 (India Standard Time)","5443.00","5453.00","5442.50","5452.50"
"Mon Dec 22 2025 14:55:00 GMT+0530 (India Standard Time)","5453.00","5466.50","5450.50","5461.00"
"Mon Dec 22 2025 15:00:00 GMT+0530 (India Standard Time)","5461.00","5470.00","5460.50","5462.00"
"Mon Dec 22 2025 15:05:00 GMT+0530 (India Standard Time)","5464.50","5466.50","5460.50","5465.50"
"Mon Dec 22 2025 15:10:00 GMT+0530 (India Standard Time)","5465.50","5466.50","5457.50","5457.50"
"Mon Dec 22 2025 15:15:00 GMT+0530 (India Standard Time)","5457.50","5464.50","5453.50","5460.50"
"Mon Dec 22 2025 15:20:00 GMT+0530 (India Standard Time)","5461.50","5463.50","5448.00","5458.00"
"Mon Dec 22 2025 15:25:00 GMT+0530 (India Standard Time)","5454.50","5460.00","5445.00","5446.00"
"Tue Dec 23 2025 09:15:00 GMT+0530 (India Standard Time)","5440.00","5450.00","5422.50","5427.50"
"Tue Dec 23 2025 09:20:00 GMT+0530 (India Standard Time)","5430.00","5434.00","5410.00","5428.00"
"Tue Dec 23 2025 09:25:00 GMT+0530 (India Standard Time)","5428.00","5428.50","5402.50","5413.00"
"Tue Dec 23 2025 09:30:00 GMT+0530 (India Standard Time)","5416.00","5423.50","5409.50","5419.00"
"Tue Dec 23 2025 09:35:00 GMT+0530 (India Standard Time)","5419.00","5465.00","5415.50","5450.00"
"Tue Dec 23 2025 09:40:00 GMT+0530 (India Standard Time)","5450.00","5450.00","5420.50","5428.50"
"Tue Dec 23 2025 09:45:00 GMT+0530 (India Standard Time)","5428.50","5440.00","5425.50","5437.00"
"Tue Dec 23 2025 09:50:00 GMT+0530 (India Standard Time)","5435.00","5455.00","5425.00","5454.00"
"Tue Dec 23 2025 09:55:00 GMT+0530 (India Standard Time)","5452.00","5483.50","5451.00","5465.00"
"Tue Dec 23 2025 10:00:00 GMT+0530 (India Standard Time)","5465.00","5475.00","5460.00","5471.00"
"Tue Dec 23 2025 10:05:00 GMT+0530 (India Standard Time)","5471.00","5471.50","5460.50","5467.50"
"Tue Dec 23 2025 10:10:00 GMT+0530 (India Standard Time)","5467.00","5476.50","5467.00","5468.00"
"Tue Dec 23 2025 10:15:00 GMT+0530 (India Standard Time)","5468.00","5468.00","5446.00","5449.50"
"Tue Dec 23 2025 10:20:00 GMT+0530 (India Standard Time)","5449.50","5450.00","5441.50","5447.00"
"Tue Dec 23 2025 10:25:00 GMT+0530 (India Standard Time)","5447.00","5449.00","5436.50","5438.50"
"Tue Dec 23 2025 10:30:00 GMT+0530 (India Standard Time)","5438.50","5443.00","5435.00","5438.50"
"Tue Dec 23 2025 10:35:00 GMT+0530 (India Standard Time)","5439.50","5440.00","5432.00","5434.50"
"Tue Dec 23 2025 10:40:00 GMT+0530 (India Standard Time)","5435.00","5444.00","5434.50","5441.00"
"Tue Dec 23 2025 10:45:00 GMT+0530 (India Standard Time)","5441.00","5444.00","5440.00","5442.50"
"Tue Dec 23 2025 10:50:00 GMT+0530 (India Standard Time)","5442.50","5446.00","5441.00","5444.00"
"Tue Dec 23 2025 10:55:00 GMT+0530 (India Standard Time)","5444.00","5449.00","5440.00","5442.00"
"Tue Dec 23 2025 11:00:00 GMT+0530 (India Standard Time)","5442.00","5444.00","5438.50","5441.50"
"Tue Dec 23 2025 11:05:00 GMT+0530 (India Standard Time)","5443.50","5456.50","5443.50","5451.50"
"Tue Dec 23 2025 11:10:00 GMT+0530 (India Standard Time)","5451.50","5459.00","5450.50","5455.50"
"Tue Dec 23 2025 11:15:00 GMT+0530 (India Standard Time)","5455.50","5462.50","5448.50","5462.50"
"Tue Dec 23 2025 11:20:00 GMT+0530 (India Standard Time)","5462.50","5465.50","5451.00","5456.00"
"Tue Dec 23 2025 11:25:00 GMT+0530 (India Standard Time)","5456.00","5456.00","5448.50","5448.50"
"Tue Dec 23 2025 11:30:00 GMT+0530 (India Standard Time)","5448.50","5450.00","5445.00","5445.00"
"Tue Dec 23 2025 11:35:00 GMT+0530 (India Standard Time)","5445.00","5447.00","5432.00","5442.00"
"Tue Dec 23 2025 11:40:00 GMT+0530 (India Standard Time)","5441.50","5454.50","5438.50","5452.50"
"Tue Dec 23 2025 11:45:00 GMT+0530 (India Standard Time)","5452.50","5459.50","5445.00","5448.50"
"Tue Dec 23 2025 11:50:00 GMT+0530 (India Standard Time)","5448.50","5455.50","5444.50","5455.00"
"Tue Dec 23 2025 11:55:00 GMT+0530 (India Standard Time)","5455.00","5455.00","5447.50","5450.00"
"Tue Dec 23 2025 12:00:00 GMT+0530 (India Standard Time)","5450.00","5454.50","5447.00","5450.00"
"Tue Dec 23 2025 12:05:00 GMT+0530 (India Standard Time)","5450.00","5453.50","5446.50","5448.50"
"Tue Dec 23 2025 12:10:00 GMT+0530 (India Standard Time)","5448.50","5448.50","5444.00","5444.00"
"Tue Dec 23 2025 12:15:00 GMT+0530 (India Standard Time)","5444.00","5444.00","5440.50","5441.00"
"Tue Dec 23 2025 12:20:00 GMT+0530 (India Standard Time)","5441.00","5445.50","5440.50","5441.50"
"Tue Dec 23 2025 12:25:00 GMT+0530 (India Standard Time)","5441.50","5445.00","5440.50","5444.00"
"Tue Dec 23 2025 12:30:00 GMT+0530 (India Standard Time)","5444.00","5448.00","5441.50","5448.00"
"Tue Dec 23 2025 12:35:00 GMT+0530 (India Standard Time)","5448.00","5450.00","5444.50","5446.00"
"Tue Dec 23 2025 12:40:00 GMT+0530 (India Standard Time)","5446.00","5446.00","5441.00","5442.50"
"Tue Dec 23 2025 12:45:00 GMT+0530 (India Standard Time)","5442.50","5443.50","5432.00","5434.50"
"Tue Dec 23 2025 12:50:00 GMT+0530 (India Standard Time)","5434.50","5436.00","5431.50","5435.50"
"Tue Dec 23 2025 12:55:00 GMT+0530 (India Standard Time)","5435.50","5438.50","5431.50","5435.00"
"Tue Dec 23 2025 13:00:00 GMT+0530 (India Standard Time)","5435.00","5436.00","5431.50","5433.50"
"Tue Dec 23 2025 13:05:00 GMT+0530 (India Standard Time)","5433.50","5437.00","5431.00","5437.00"
"Tue Dec 23 2025 13:10:00 GMT+0530 (India Standard Time)","5437.00","5438.50","5431.00","5434.00"
"Tue Dec 23 2025 13:15:00 GMT+0530 (India Standard Time)","5432.00","5438.50","5431.50","5435.50"
"Tue Dec 23 2025 13:20:00 GMT+0530 (India Standard Time)","5435.50","5437.00","5432.50","5432.50"
"Tue Dec 23 2025 13:25:00 GMT+0530 (India Standard Time)","5432.50","5435.00","5432.50","5434.50"
"Tue Dec 23 2025 13:30:00 GMT+0530 (India Standard Time)","5434.50","5439.50","5433.00","5434.50"
"Tue Dec 23 2025 13:35:00 GMT+0530 (India Standard Time)","5434.50","5435.50","5426.50","5434.50"
"Tue Dec 23 2025 13:40:00 GMT+0530 (India Standard Time)","5434.50","5440.50","5430.00","5433.50"
"Tue Dec 23 2025 13:45:00 GMT+0530 (India Standard Time)","5433.50","5433.50","5430.00","5431.00"
"Tue Dec 23 2025 13:50:00 GMT+0530 (India Standard Time)","5431.00","5437.00","5427.00","5433.50"
"Tue Dec 23 2025 13:55:00 GMT+0530 (India Standard Time)","5433.50","5435.00","5430.00","5431.00"
"Tue Dec 23 2025 14:00:00 GMT+0530 (India Standard Time)","5431.00","5435.00","5430.50","5432.00"
"Tue Dec 23 2025 14:05:00 GMT+0530 (India Standard Time)","5430.50","5433.50","5427.00","5428.00"
"Tue Dec 23 2025 14:10:00 GMT+0530 (India Standard Time)","5428.00","5434.50","5428.00","5432.50"
"Tue Dec 23 2025 14:15:00 GMT+0530 (India Standard Time)","5432.50","5440.00","5430.50","5433.50"
"Tue Dec 23 2025 14:20:00 GMT+0530 (India Standard Time)","5433.50","5433.50","5428.00","5432.00"
"Tue Dec 23 2025 14:25:00 GMT+0530 (India Standard Time)","5432.00","5432.50","5425.50","5425.50"
"Tue Dec 23 2025 14:30:00 GMT+0530 (India Standard Time)","5425.50","5433.50","5420.50","5425.00"
"Tue Dec 23 2025 14:35:00 GMT+0530 (India Standard Time)","5425.00","5428.00","5421.00","5428.00"
"Tue Dec 23 2025 14:40:00 GMT+0530 (India Standard Time)","5428.00","5428.00","5410.50","5410.50"
"Tue Dec 23 2025 14:45:00 GMT+0530 (India Standard Time)","5410.50","5423.00","5410.00","5421.00"
"Tue Dec 23 2025 14:50:00 GMT+0530 (India Standard Time)","5421.00","5429.00","5421.00","5426.00"
"Tue Dec 23 2025 14:55:00 GMT+0530 (India Standard Time)","5428.00","5438.50","5426.00","5432.50"
"Tue Dec 23 2025 15:00:00 GMT+0530 (India Standard Time)","5432.50","5443.00","5432.50","5435.00"
"Tue Dec 23 2025 15:05:00 GMT+0530 (India Standard Time)","5435.00","5438.00","5426.00","5430.00"
"Tue Dec 23 2025 15:10:00 GMT+0530 (India Standard Time)","5433.00","5433.00","5428.00","5432.00"
"Tue Dec 23 2025 15:15:00 GMT+0530 (India Standard Time)","5432.00","5432.00","5425.50","5427.00"
"Tue Dec 23 2025 15:20:00 GMT+0530 (India Standard Time)","5428.50","5430.00","5420.00","5422.50"
"Tue Dec 23 2025 15:25:00 GMT+0530 (India Standard Time)","5422.50","5422.50","5417.00","5420.00"
"Wed Dec 24 2025 09:15:00 GMT+0530 (India Standard Time)","5429.50","5435.00","5404.00","5416.50"
"Wed Dec 24 2025 09:20:00 GMT+0530 (India Standard Time)","5414.50","5421.00","5410.00","5419.50"
"Wed Dec 24 2025 09:25:00 GMT+0530 (India Standard Time)","5419.50","5421.50","5410.50","5414.00"
"Wed Dec 24 2025 09:30:00 GMT+0530 (India Standard Time)","5414.50","5414.50","5405.00","5408.00"
"Wed Dec 24 2025 09:35:00 GMT+0530 (India Standard Time)","5408.00","5412.50","5390.50","5395.00"
"Wed Dec 24 2025 09:40:00 GMT+0530 (India Standard Time)","5395.50","5401.50","5389.00","5401.00"
"Wed Dec 24 2025 09:45:00 GMT+0530 (India Standard Time)","5401.00","5402.00","5390.00","5391.00"
"Wed Dec 24 2025 09:50:00 GMT+0530 (India Standard Time)","5390.00","5392.50","5383.50","5386.00"
"Wed Dec 24 2025 09:55:00 GMT+0530 (India Standard Time)","5386.00","5390.50","5383.50","5387.50"
"Wed Dec 24 2025 10:00:00 GMT+0530 (India Standard Time)","5388.50","5403.00","5388.00","5399.00"
"Wed Dec 24 2025 10:05:00 GMT+0530 (India Standard Time)","5399.00","5399.00","5390.00","5395.50"
"Wed Dec 24 2025 10:10:00 GMT+0530 (India Standard Time)","5395.50","5397.00","5390.50","5394.00"
"Wed Dec 24 2025 10:15:00 GMT+0530 (India Standard Time)","5390.50","5400.00","5390.50","5394.50"
"Wed Dec 24 2025 10:20:00 GMT+0530 (India Standard Time)","5394.00","5403.50","5393.50","5403.50"
"Wed Dec 24 2025 10:25:00 GMT+0530 (India Standard Time)","5400.50","5404.50","5396.00","5399.50"
"Wed Dec 24 2025 10:30:00 GMT+0530 (India Standard Time)","5399.50","5401.00","5395.50","5399.00"
"Wed Dec 24 2025 10:35:00 GMT+0530 (India Standard Time)","5399.00","5402.50","5396.00","5397.00"
"Wed Dec 24 2025 10:40:00 GMT+0530 (India Standard Time)","5397.00","5401.50","5392.00","5392.00"
"Wed Dec 24 2025 10:45:00 GMT+0530 (India Standard Time)","5392.50","5396.50","5390.00","5394.00"
"Wed Dec 24 2025 10:50:00 GMT+0530 (India Standard Time)","5394.00","5394.00","5388.00","5388.00"
"Wed Dec 24 2025 10:55:00 GMT+0530 (India Standard Time)","5388.00","5393.50","5388.00","5390.00"
"Wed Dec 24 2025 11:00:00 GMT+0530 (India Standard Time)","5390.00","5392.00","5385.00","5387.50"
"Wed Dec 24 2025 11:05:00 GMT+0530 (India Standard Time)","5387.50","5390.50","5386.00","5387.00"
"Wed Dec 24 2025 11:10:00 GMT+0530 (India Standard Time)","5387.00","5391.00","5387.00","5390.50"
"Wed Dec 24 2025 11:15:00 GMT+0530 (India Standard Time)","5390.50","5391.50","5387.00","5390.00"
"Wed Dec 24 2025 11:20:00 GMT+0530 (India Standard Time)","5393.00","5394.00","5391.50","5391.50"
"Wed Dec 24 2025 11:25:00 GMT+0530 (India Standard Time)","5391.50","5400.00","5391.50","5395.50"
"Wed Dec 24 2025 11:30:00 GMT+0530 (India Standard Time)","5395.50","5398.50","5392.00","5394.00"
"Wed Dec 24 2025 11:35:00 GMT+0530 (India Standard Time)","5394.00","5396.00","5394.00","5395.00"
"Wed Dec 24 2025 11:40:00 GMT+0530 (India Standard Time)","5395.00","5395.00","5387.00","5387.00"
"Wed Dec 24 2025 11:45:00 GMT+0530 (India Standard Time)","5388.00","5388.00","5383.50","5384.50"
"Wed Dec 24 2025 11:50:00 GMT+0530 (India Standard Time)","5387.00","5390.50","5384.50","5389.00"
"Wed Dec 24 2025 11:55:00 GMT+0530 (India Standard Time)","5389.00","5394.00","5387.00","5391.00"
"Wed Dec 24 2025 12:00:00 GMT+0530 (India Standard Time)","5391.50","5393.50","5390.00","5390.00"
"Wed Dec 24 2025 12:05:00 GMT+0530 (India Standard Time)","5390.00","5391.00","5385.00","5386.50"
"Wed Dec 24 2025 12:10:00 GMT+0530 (India Standard Time)","5386.50","5390.00","5384.50","5388.00"
"Wed Dec 24 2025 12:15:00 GMT+0530 (India Standard Time)","5385.00","5392.00","5385.00","5385.50"
"Wed Dec 24 2025 12:20:00 GMT+0530 (India Standard Time)","5385.50","5387.50","5377.00","5380.00"
"Wed Dec 24 2025 12:25:00 GMT+0530 (India Standard Time)","5380.00","5385.00","5377.00","5382.00"
"Wed Dec 24 2025 12:30:00 GMT+0530 (India Standard Time)","5382.00","5384.00","5380.00","5382.00"
"Wed Dec 24 2025 12:35:00 GMT+0530 (India Standard Time)","5382.00","5386.00","5380.50","5382.50"
"Wed Dec 24 2025 12:40:00 GMT+0530 (India Standard Time)","5382.50","5382.50","5375.00","5376.50"
"Wed Dec 24 2025 12:45:00 GMT+0530 (India Standard Time)","5376.50","5380.50","5375.50","5376.00"
"Wed Dec 24 2025 12:50:00 GMT+0530 (India Standard Time)","5376.00","5379.50","5374.00","5374.00"
"Wed Dec 24 2025 12:55:00 GMT+0530 (India Standard Time)","5374.50","5380.00","5363.00","5379.00"
"Wed Dec 24 2025 13:00:00 GMT+0530 (India Standard Time)","5380.50","5380.50","5375.00","5377.50"
"Wed Dec 24 2025 13:05:00 GMT+0530 (India Standard Time)","5377.50","5380.00","5373.00","5374.00"
"Wed Dec 24 2025 13:10:00 GMT+0530 (India Standard Time)","5374.00","5384.50","5374.00","5382.50"
"Wed Dec 24 2025 13:15:00 GMT+0530 (India Standard Time)","5382.50","5383.50","5377.50","5383.50"
"Wed Dec 24 2025 13:20:00 GMT+0530 (India Standard Time)","5383.50","5383.50","5380.00","5380.00"
"Wed Dec 24 2025 13:25:00 GMT+0530 (India Standard Time)","5380.00","5381.50","5376.50","5376.50"
"Wed Dec 24 2025 13:30:00 GMT+0530 (India Standard Time)","5379.50","5379.50","5375.00","5375.50"
"Wed Dec 24 2025 13:35:00 GMT+0530 (India Standard Time)","5375.00","5378.00","5374.00","5375.00"
"Wed Dec 24 2025 13:40:00 GMT+0530 (India Standard Time)","5375.00","5390.50","5375.00","5387.50"
"Wed Dec 24 2025 13:45:00 GMT+0530 (India Standard Time)","5386.00","5394.00","5383.50","5393.50"
"Wed Dec 24 2025 13:50:00 GMT+0530 (India Standard Time)","5393.50","5394.00","5388.00","5390.00"
"Wed Dec 24 2025 13:55:00 GMT+0530 (India Standard Time)","5391.50","5393.50","5385.50","5391.00"
"Wed Dec 24 2025 14:00:00 GMT+0530 (India Standard Time)","5391.00","5391.00","5384.00","5386.50"
"Wed Dec 24 2025 14:05:00 GMT+0530 (India Standard Time)","5386.50","5388.00","5380.00","5381.50"
"Wed Dec 24 2025 14:10:00 GMT+0530 (India Standard Time)","5381.50","5388.00","5380.00","5382.00"
"Wed Dec 24 2025 14:15:00 GMT+0530 (India Standard Time)","5382.00","5386.50","5380.00","5386.50"
"Wed Dec 24 2025 14:20:00 GMT+0530 (India Standard Time)","5386.50","5386.50","5382.00","5384.50"
"Wed Dec 24 2025 14:25:00 GMT+0530 (India Standard Time)","5384.50","5388.00","5382.50","5382.50"
"Wed Dec 24 2025 14:30:00 GMT+0530 (India Standard Time)","5382.50","5386.00","5380.50","5382.50"
"Wed Dec 24 2025 14:35:00 GMT+0530 (India Standard Time)","5382.50","5384.50","5380.00","5382.50"
"Wed Dec 24 2025 14:40:00 GMT+0530 (India Standard Time)","5384.00","5384.00","5374.50","5378.00"
"Wed Dec 24 2025 14:45:00 GMT+0530 (India Standard Time)","5378.00","5382.50","5375.00","5377.00"
"Wed Dec 24 2025 14:50:00 GMT+0530 (India Standard Time)","5377.00","5378.00","5368.50","5370.50"
"Wed Dec 24 2025 14:55:00 GMT+0530 (India Standard Time)","5374.50","5384.00","5370.00","5379.00"
"Wed Dec 24 2025 15:00:00 GMT+0530 (India Standard Time)","5383.00","5385.00","5379.00","5382.00"
"Wed Dec 24 2025 15:05:00 GMT+0530 (India Standard Time)","5382.00","5387.00","5374.50","5382.00"
"Wed Dec 24 2025 15:10:00 GMT+0530 (India Standard Time)","5381.00","5391.00","5376.50","5390.50"
"Wed Dec 24 2025 15:15:00 GMT+0530 (India Standard Time)","5389.50","5394.00","5386.50","5393.00"
"Wed Dec 24 2025 15:20:00 GMT+0530 (India Standard Time)","5392.50","5395.00","5388.50","5391.50"
"Wed Dec 24 2025 15:25:00 GMT+0530 (India Standard Time)","5390.50","5393.00","5384.50","5393.00"
"Fri Dec 26 2025 09:15:00 GMT+0530 (India Standard Time)","5370.00","5420.00","5346.00","5418.00"
"Fri Dec 26 2025 09:20:00 GMT+0530 (India Standard Time)","5418.50","5425.00","5409.00","5420.50"
"Fri Dec 26 2025 09:25:00 GMT+0530 (India Standard Time)","5417.00","5424.00","5412.00","5423.00"
"Fri Dec 26 2025 09:30:00 GMT+0530 (India Standard Time)","5423.00","5424.50","5404.00","5416.00"
"Fri Dec 26 2025 09:35:00 GMT+0530 (India Standard Time)","5415.50","5415.50","5400.00","5401.00"
"Fri Dec 26 2025 09:40:00 GMT+0530 (India Standard Time)","5400.00","5400.00","5393.00","5397.00"
"Fri Dec 26 2025 09:45:00 GMT+0530 (India Standard Time)","5398.00","5398.50","5390.00","5392.50"
"Fri Dec 26 2025 09:50:00 GMT+0530 (India Standard Time)","5392.50","5392.50","5380.00","5387.50"
"Fri Dec 26 2025 09:55:00 GMT+0530 (India Standard Time)","5386.00","5402.50","5381.50","5401.00"
"Fri Dec 26 2025 10:00:00 GMT+0530 (India Standard Time)","5401.00","5401.50","5390.00","5392.00"
"Fri Dec 26 2025 10:05:00 GMT+0530 (India Standard Time)","5392.00","5395.00","5385.50","5385.50"
"Fri Dec 26 2025 10:10:00 GMT+0530 (India Standard Time)","5385.50","5395.00","5382.00","5395.00"
"Fri Dec 26 2025 10:15:00 GMT+0530 (India Standard Time)","5395.00","5395.00","5390.00","5392.00"
"Fri Dec 26 2025 10:20:00 GMT+0530 (India Standard Time)","5392.00","5394.00","5387.50","5389.50"
"Fri Dec 26 2025 10:25:00 GMT+0530 (India Standard Time)","5389.50","5399.00","5389.50","5396.50"
"Fri Dec 26 2025 10:30:00 GMT+0530 (India Standard Time)","5399.00","5399.00","5394.00","5397.50"
"Fri Dec 26 2025 10:35:00 GMT+0530 (India Standard Time)","5397.50","5397.50","5390.00","5390.00"
"Fri Dec 26 2025 10:40:00 GMT+0530 (India Standard Time)","5390.00","5393.50","5386.00","5392.00"
"Fri Dec 26 2025 10:45:00 GMT+0530 (India Standard Time)","5393.00","5394.00","5390.00","5390.00"
"Fri Dec 26 2025 10:50:00 GMT+0530 (India Standard Time)","5390.50","5394.50","5390.50","5393.00"
"Fri Dec 26 2025 10:55:00 GMT+0530 (India Standard Time)","5394.00","5397.00","5390.00","5390.00"
"Fri Dec 26 2025 11:00:00 GMT+0530 (India Standard Time)","5390.00","5394.50","5390.00","5391.50"
"Fri Dec 26 2025 11:05:00 GMT+0530 (India Standard Time)","5391.50","5391.50","5386.00","5386.50"
"Fri Dec 26 2025 11:10:00 GMT+0530 (India Standard Time)","5389.00","5389.00","5382.00","5382.50"
"Fri Dec 26 2025 11:15:00 GMT+0530 (India Standard Time)","5382.50","5383.50","5374.00","5378.00"
"Fri Dec 26 2025 11:20:00 GMT+0530 (India Standard Time)","5378.00","5378.50","5370.00","5375.00"
"Fri Dec 26 2025 11:25:00 GMT+0530 (India Standard Time)","5375.00","5380.50","5374.00","5374.00"
"Fri Dec 26 2025 11:30:00 GMT+0530 (India Standard Time)","5374.00","5375.00","5372.00","5373.50"
"Fri Dec 26 2025 11:35:00 GMT+0530 (India Standard Time)","5373.50","5373.50","5363.00","5367.50"
"Fri Dec 26 2025 11:40:00 GMT+0530 (India Standard Time)","5367.50","5367.50","5357.00","5359.00"
"Fri Dec 26 2025 11:45:00 GMT+0530 (India Standard Time)","5359.00","5361.00","5358.50","5358.50"
"Fri Dec 26 2025 11:50:00 GMT+0530 (India Standard Time)","5358.50","5361.00","5353.00","5361.00"
"Fri Dec 26 2025 11:55:00 GMT+0530 (India Standard Time)","5359.00","5364.50","5358.50","5364.50"
"Fri Dec 26 2025 12:00:00 GMT+0530 (India Standard Time)","5364.50","5369.00","5360.50","5362.00"
"Fri Dec 26 2025 12:05:00 GMT+0530 (India Standard Time)","5362.00","5364.50","5360.50","5361.50"
"Fri Dec 26 2025 12:10:00 GMT+0530 (India Standard Time)","5361.50","5364.50","5361.50","5362.50"
"Fri Dec 26 2025 12:15:00 GMT+0530 (India Standard Time)","5363.50","5364.50","5360.00","5363.50"
"Fri Dec 26 2025 12:20:00 GMT+0530 (India Standard Time)","5363.50","5369.50","5360.00","5362.50"
"Fri Dec 26 2025 12:25:00 GMT+0530 (India Standard Time)","5362.00","5365.50","5360.00","5362.00"
"Fri Dec 26 2025 12:30:00 GMT+0530 (India Standard Time)","5362.00","5364.00","5355.50","5360.50"
"Fri Dec 26 2025 12:35:00 GMT+0530 (India Standard Time)","5360.50","5361.00","5357.00","5358.00"
"Fri Dec 26 2025 12:40:00 GMT+0530 (India Standard Time)","5358.00","5360.50","5357.00","5360.50"
"Fri Dec 26 2025 12:45:00 GMT+0530 (India Standard Time)","5360.50","5362.00","5357.00","5362.00"
"Fri Dec 26 2025 12:50:00 GMT+0530 (India Standard Time)","5362.00","5362.00","5354.50","5356.50"
"Fri Dec 26 2025 12:55:00 GMT+0530 (India Standard Time)","5356.50","5359.50","5350.50","5351.50"
"Fri Dec 26 2025 13:00:00 GMT+0530 (India Standard Time)","5356.00","5356.00","5350.50","5355.00"
"Fri Dec 26 2025 13:05:00 GMT+0530 (India Standard Time)","5355.00","5356.50","5353.00","5354.00"
"Fri Dec 26 2025 13:10:00 GMT+0530 (India Standard Time)","5355.00","5357.00","5352.50","5356.00"
"Fri Dec 26 2025 13:15:00 GMT+0530 (India Standard Time)","5356.00","5357.00","5352.50","5353.00"
"Fri Dec 26 2025 13:20:00 GMT+0530 (India Standard Time)","5353.00","5356.00","5352.00","5352.00"
"Fri Dec 26 2025 13:25:00 GMT+0530 (India Standard Time)","5353.50","5353.50","5347.50","5352.00"
"Fri Dec 26 2025 13:30:00 GMT+0530 (India Standard Time)","5352.00","5354.00","5351.00","5353.50"
"Fri Dec 26 2025 13:35:00 GMT+0530 (India Standard Time)","5353.50","5353.50","5347.00","5347.50"
"Fri Dec 26 2025 13:40:00 GMT+0530 (India Standard Time)","5347.50","5361.00","5346.50","5361.00"
"Fri Dec 26 2025 13:45:00 GMT+0530 (India Standard Time)","5361.00","5363.50","5353.00","5363.00"
"Fri Dec 26 2025 13:50:00 GMT+0530 (India Standard Time)","5363.00","5366.00","5360.50","5364.50"
"Fri Dec 26 2025 13:55:00 GMT+0530 (India Standard Time)","5364.50","5365.50","5360.50","5364.00"
"Fri Dec 26 2025 14:00:00 GMT+0530 (India Standard Time)","5364.00","5366.00","5362.00","5364.00"
"Fri Dec 26 2025 14:05:00 GMT+0530 (India Standard Time)","5364.00","5364.50","5360.00","5360.00"
"Fri Dec 26 2025 14:10:00 GMT+0530 (India Standard Time)","5360.00","5360.00","5352.50","5358.00"
"Fri Dec 26 2025 14:15:00 GMT+0530 (India Standard Time)","5358.00","5360.00","5352.50","5356.00"
"Fri Dec 26 2025 14:20:00 GMT+0530 (India Standard Time)","5356.00","5356.00","5351.50","5351.50"
"Fri Dec 26 2025 14:25:00 GMT+0530 (India Standard Time)","5351.50","5354.00","5346.00","5354.00"
"Fri Dec 26 2025 14:30:00 GMT+0530 (India Standard Time)","5352.00","5357.50","5347.00","5352.50"
"Fri Dec 26 2025 14:35:00 GMT+0530 (India Standard Time)","5352.50","5362.50","5350.00","5351.50"
"Fri Dec 26 2025 14:40:00 GMT+0530 (India Standard Time)","5351.50","5353.00","5348.00","5349.00"
"Fri Dec 26 2025 14:45:00 GMT+0530 (India Standard Time)","5349.00","5352.00","5343.00","5343.50"
"Fri Dec 26 2025 14:50:00 GMT+0530 (India Standard Time)","5343.50","5348.50","5339.00","5344.50"
"Fri Dec 26 2025 14:55:00 GMT+0530 (India Standard Time)","5344.50","5359.00","5342.00","5358.50"
"Fri Dec 26 2025 15:00:00 GMT+0530 (India Standard Time)","5356.00","5369.00","5353.00","5356.00"
"Fri Dec 26 2025 15:05:00 GMT+0530 (India Standard Time)","5356.00","5361.00","5350.50","5354.50"
"Fri Dec 26 2025 15:10:00 GMT+0530 (India Standard Time)","5354.50","5357.50","5350.50","5352.50"
"Fri Dec 26 2025 15:15:00 GMT+0530 (India Standard Time)","5352.50","5356.00","5341.50","5342.00"
"Fri Dec 26 2025 15:20:00 GMT+0530 (India Standard Time)","5345.50","5347.00","5340.00","5343.50"
"Fri Dec 26 2025 15:25:00 GMT+0530 (India Standard Time)","5340.50","5344.50","5335.00","5340.00"
"Mon Dec 29 2025 09:15:00 GMT+0530 (India Standard Time)","5349.00","5358.00","5320.00","5325.00"
"Mon Dec 29 2025 09:20:00 GMT+0530 (India Standard Time)","5325.00","5343.00","5316.00","5339.50"
"Mon Dec 29 2025 09:25:00 GMT+0530 (India Standard Time)","5339.50","5340.00","5328.50","5334.50"
"Mon Dec 29 2025 09:30:00 GMT+0530 (India Standard Time)","5334.50","5369.50","5332.50","5360.00"
"Mon Dec 29 2025 09:35:00 GMT+0530 (India Standard Time)","5365.00","5365.00","5350.00","5351.50"
"Mon Dec 29 2025 09:40:00 GMT+0530 (India Standard Time)","5351.50","5359.50","5347.00","5347.00"
"Mon Dec 29 2025 09:45:00 GMT+0530 (India Standard Time)","5347.00","5357.00","5347.00","5347.00"
"Mon Dec 29 2025 09:50:00 GMT+0530 (India Standard Time)","5347.00","5355.00","5347.00","5349.50"
"Mon Dec 29 2025 09:55:00 GMT+0530 (India Standard Time)","5349.00","5349.50","5337.50","5339.00"
"Mon Dec 29 2025 10:00:00 GMT+0530 (India Standard Time)","5339.00","5339.00","5333.50","5334.50"
"Mon Dec 29 2025 10:05:00 GMT+0530 (India Standard Time)","5333.50","5337.00","5331.00","5336.50"
"Mon Dec 29 2025 10:10:00 GMT+0530 (India Standard Time)","5333.00","5336.50","5327.00","5328.00"
"Mon Dec 29 2025 10:15:00 GMT+0530 (India Standard Time)","5328.00","5330.50","5323.00","5323.00"
"Mon Dec 29 2025 10:20:00 GMT+0530 (India Standard Time)","5323.00","5325.00","5318.50","5323.50"
"Mon Dec 29 2025 10:25:00 GMT+0530 (India Standard Time)","5323.50","5327.50","5316.50","5317.00"
"Mon Dec 29 2025 10:30:00 GMT+0530 (India Standard Time)","5320.00","5320.00","5310.50","5314.00"
"Mon Dec 29 2025 10:35:00 GMT+0530 (India Standard Time)","5314.00","5315.00","5310.50","5315.00"
"Mon Dec 29 2025 10:40:00 GMT+0530 (India Standard Time)","5315.00","5315.00","5301.00","5304.00"
"Mon Dec 29 2025 10:45:00 GMT+0530 (India Standard Time)","5304.00","5307.50","5301.50","5306.00"
"Mon Dec 29 2025 10:50:00 GMT+0530 (India Standard Time)","5306.50","5307.00","5301.50","5302.00"
"Mon Dec 29 2025 10:55:00 GMT+0530 (India Standard Time)","5302.00","5311.50","5302.00","5308.00"
"Mon Dec 29 2025 11:00:00 GMT+0530 (India Standard Time)","5308.00","5309.00","5296.00","5304.00"
"Mon Dec 29 2025 11:05:00 GMT+0530 (India Standard Time)","5304.00","5304.00","5299.00","5300.00"
"Mon Dec 29 2025 11:10:00 GMT+0530 (India Standard Time)","5300.00","5305.00","5299.50","5299.50"
"Mon Dec 29 2025 11:15:00 GMT+0530 (India Standard Time)","5299.50","5300.00","5283.50","5291.00"
"Mon Dec 29 2025 11:20:00 GMT+0530 (India Standard Time)","5291.00","5294.00","5287.50","5291.00"
"Mon Dec 29 2025 11:25:00 GMT+0530 (India Standard Time)","5291.00","5293.00","5287.00","5290.00"
"Mon Dec 29 2025 11:30:00 GMT+0530 (India Standard Time)","5290.00","5302.00","5286.00","5289.50"
"Mon Dec 29 2025 11:35:00 GMT+0530 (India Standard Time)","5291.50","5292.50","5287.50","5288.00"
"Mon Dec 29 2025 11:40:00 GMT+0530 (India Standard Time)","5288.00","5299.00","5288.00","5297.50"
"Mon Dec 29 2025 11:45:00 GMT+0530 (India Standard Time)","5297.50","5304.50","5295.50","5303.50"
"Mon Dec 29 2025 11:50:00 GMT+0530 (India Standard Time)","5303.50","5304.00","5299.50","5300.00"
"Mon Dec 29 2025 11:55:00 GMT+0530 (India Standard Time)","5300.00","5303.50","5297.50","5298.00"
"Mon Dec 29 2025 12:00:00 GMT+0530 (India Standard Time)","5298.00","5301.50","5290.50","5294.00"
"Mon Dec 29 2025 12:05:00 GMT+0530 (India Standard Time)","5294.00","5294.00","5290.50","5292.00"
"Mon Dec 29 2025 12:10:00 GMT+0530 (India Standard Time)","5292.00","5294.50","5290.00","5290.00"
"Mon Dec 29 2025 12:15:00 GMT+0530 (India Standard Time)","5289.00","5292.00","5285.50","5288.50"
"Mon Dec 29 2025 12:20:00 GMT+0530 (India Standard Time)","5288.50","5288.50","5280.50","5281.50"
"Mon Dec 29 2025 12:25:00 GMT+0530 (India Standard Time)","5281.50","5286.50","5280.50","5283.50"
"Mon Dec 29 2025 12:30:00 GMT+0530 (India Standard Time)","5283.50","5289.00","5279.50","5289.00"
"Mon Dec 29 2025 12:35:00 GMT+0530 (India Standard Time)","5289.00","5299.50","5285.50","5296.50"
"Mon Dec 29 2025 12:40:00 GMT+0530 (India Standard Time)","5296.50","5299.50","5288.50","5297.50"
"Mon Dec 29 2025 12:45:00 GMT+0530 (India Standard Time)","5297.50","5298.00","5294.00","5295.00"
"Mon Dec 29 2025 12:50:00 GMT+0530 (India Standard Time)","5295.00","5298.00","5289.00","5294.50"
"Mon Dec 29 2025 12:55:00 GMT+0530 (India Standard Time)","5294.50","5299.00","5293.00","5295.00"
"Mon Dec 29 2025 13:00:00 GMT+0530 (India Standard Time)","5294.00","5295.00","5290.50","5290.50"
"Mon Dec 29 2025 13:05:00 GMT+0530 (India Standard Time)","5290.50","5299.00","5288.50","5297.00"
"Mon Dec 29 2025 13:10:00 GMT+0530 (India Standard Time)","5297.00","5299.50","5292.00","5293.00"
"Mon Dec 29 2025 13:15:00 GMT+0530 (India Standard Time)","5293.00","5303.00","5285.50","5296.50"
"Mon Dec 29 2025 13:20:00 GMT+0530 (India Standard Time)","5298.50","5299.00","5291.00","5291.00"
"Mon Dec 29 2025 13:25:00 GMT+0530 (India Standard Time)","5291.00","5294.50","5289.00","5294.00"
"Mon Dec 29 2025 13:30:00 GMT+0530 (India Standard Time)","5295.00","5298.00","5292.00","5293.50"
"Mon Dec 29 2025 13:35:00 GMT+0530 (India Standard Time)","5293.50","5297.00","5292.50","5294.00"
"Mon Dec 29 2025 13:40:00 GMT+0530 (India Standard Time)","5296.50","5297.00","5293.00","5294.00"
"Mon Dec 29 2025 13:45:00 GMT+0530 (India Standard Time)","5294.00","5304.00","5293.50","5300.00"
"Mon Dec 29 2025 13:50:00 GMT+0530 (India Standard Time)","5300.00","5303.00","5297.50","5300.00"
"Mon Dec 29 2025 13:55:00 GMT+0530 (India Standard Time)","5300.00","5301.00","5296.50","5297.50"
"Mon Dec 29 2025 14:00:00 GMT+0530 (India Standard Time)","5297.50","5300.00","5294.50","5295.50"
"Mon Dec 29 2025 14:05:00 GMT+0530 (India Standard Time)","5295.00","5298.00","5293.50","5294.00"
"Mon Dec 29 2025 14:10:00 GMT+0530 (India Standard Time)","5294.00","5296.00","5292.50","5294.00"
"Mon Dec 29 2025 14:15:00 GMT+0530 (India Standard Time)","5294.00","5294.50","5286.00","5286.50"
"Mon Dec 29 2025 14:20:00 GMT+0530 (India Standard Time)","5287.00","5291.00","5285.00","5288.00"
"Mon Dec 29 2025 14:25:00 GMT+0530 (India Standard Time)","5295.50","5306.50","5292.00","5298.00"
"Mon Dec 29 2025 14:30:00 GMT+0530 (India Standard Time)","5298.00","5302.00","5296.00","5300.50"
"Mon Dec 29 2025 14:35:00 GMT+0530 (India Standard Time)","5300.50","5302.00","5291.50","5291.50"
"Mon Dec 29 2025 14:40:00 GMT+0530 (India Standard Time)","5295.00","5302.00","5288.00","5297.00"
"Mon Dec 29 2025 14:45:00 GMT+0530 (India Standard Time)","5297.00","5305.50","5295.50","5303.00"
"Mon Dec 29 2025 14:50:00 GMT+0530 (India Standard Time)","5303.00","5313.50","5300.50","5308.00"
"Mon Dec 29 2025 14:55:00 GMT+0530 (India Standard Time)","5308.00","5312.00","5301.00","5308.00"
"Mon Dec 29 2025 15:00:00 GMT+0530 (India Standard Time)","5311.50","5316.00","5301.00","5313.50"
"Mon Dec 29 2025 15:05:00 GMT+0530 (India Standard Time)","5313.50","5320.00","5313.50","5320.00"
"Mon Dec 29 2025 15:10:00 GMT+0530 (India Standard Time)","5320.00","5320.50","5315.00","5318.50"
"Mon Dec 29 2025 15:15:00 GMT+0530 (India Standard Time)","5318.50","5319.50","5311.00","5311.50"
"Mon Dec 29 2025 15:20:00 GMT+0530 (India Standard Time)","5310.50","5319.00","5310.50","5316.50"
"Mon Dec 29 2025 15:25:00 GMT+0530 (India Standard Time)","5316.50","5325.00","5304.50","5320.00"
"Tue Dec 30 2025 09:15:00 GMT+0530 (India Standard Time)","5318.00","5342.00","5308.00","5318.50"
"Tue Dec 30 2025 09:20:00 GMT+0530 (India Standard Time)","5318.50","5318.50","5302.50","5305.50"
"Tue Dec 30 2025 09:25:00 GMT+0530 (India Standard Time)","5307.00","5307.00","5296.50","5298.50"
"Tue Dec 30 2025 09:30:00 GMT+0530 (India Standard Time)","5298.50","5300.00","5293.50","5295.50"
"Tue Dec 30 2025 09:35:00 GMT+0530 (India Standard Time)","5298.00","5298.00","5290.50","5295.50"
"Tue Dec 30 2025 09:40:00 GMT+0530 (India Standard Time)","5294.00","5306.50","5294.00","5303.00"
"Tue Dec 30 2025 09:45:00 GMT+0530 (India Standard Time)","5303.00","5304.50","5285.50","5287.50"
"Tue Dec 30 2025 09:50:00 GMT+0530 (India Standard Time)","5287.50","5298.50","5287.00","5292.00"
"Tue Dec 30 2025 09:55:00 GMT+0530 (India Standard Time)","5292.00","5297.50","5288.00","5290.00"
"Tue Dec 30 2025 10:00:00 GMT+0530 (India Standard Time)","5291.50","5292.00","5287.50","5291.50"
"Tue Dec 30 2025 10:05:00 GMT+0530 (India Standard Time)","5291.50","5291.50","5285.00","5288.50"
"Tue Dec 30 2025 10:10:00 GMT+0530 (India Standard Time)","5288.50","5290.00","5284.00","5287.00"
"Tue Dec 30 2025 10:15:00 GMT+0530 (India Standard Time)","5288.50","5292.00","5285.50","5290.50"
"Tue Dec 30 2025 10:20:00 GMT+0530 (India Standard Time)","5292.00","5295.00","5290.00","5291.00"
"Tue Dec 30 2025 10:25:00 GMT+0530 (India Standard Time)","5291.00","5291.50","5275.00","5277.50"
"Tue Dec 30 2025 10:30:00 GMT+0530 (India Standard Time)","5277.50","5286.00","5275.00","5279.50"
"Tue Dec 30 2025 10:35:00 GMT+0530 (India Standard Time)","5279.50","5279.50","5272.00","5272.00"
"Tue Dec 30 2025 10:40:00 GMT+0530 (India Standard Time)","5272.50","5280.00","5270.00","5275.00"
"Tue Dec 30 2025 10:45:00 GMT+0530 (India Standard Time)","5275.00","5276.50","5270.50","5273.50"
"Tue Dec 30 2025 10:50:00 GMT+0530 (India Standard Time)","5273.50","5280.00","5270.50","5272.50"
"Tue Dec 30 2025 10:55:00 GMT+0530 (India Standard Time)","5273.00","5274.00","5267.00","5268.00"
"Tue Dec 30 2025 11:00:00 GMT+0530 (India Standard Time)","5270.00","5271.00","5258.00","5262.00"
"Tue Dec 30 2025 11:05:00 GMT+0530 (India Standard Time)","5262.00","5270.00","5260.00","5266.00"
"Tue Dec 30 2025 11:10:00 GMT+0530 (India Standard Time)","5266.00","5272.00","5263.50","5267.50"
"Tue Dec 30 2025 11:15:00 GMT+0530 (India Standard Time)","5267.50","5275.00","5261.00","5261.00"
"Tue Dec 30 2025 11:20:00 GMT+0530 (India Standard Time)","5261.00","5269.50","5252.50","5255.00"