"Date","Open","High","Low","Close"
"Wed Dec 18 2024 13:05:00 GMT+0530 (India Standard Time)","7280.00","7287.15","7270.05","7273.30"
"Wed Dec 18 2024 13:10:00 GMT+0530 (India Standard Time)","7273.30","7277.60","7268.90","7269.70"
"Wed Dec 18 2024 13:15:00 GMT+0530 (India Standard Time)","7269.70","7275.05","7265.55","7270.20"
"Wed Dec 18 2024 13:20:00 GMT+0530 (India Standard Time)","7273.60","7273.60","7270.20","7271.85"
"Wed Dec 18 2024 13:25:00 GMT+0530 (India Standard Time)","7273.05","7291.85","7272.00","7284.95"
"Wed Dec 18 2024 13:30:00 GMT+0530 (India Standard Time)","7284.95","7284.95","7270.00","7273.80"
"Wed Dec 18 2024 13:35:00 GMT+0530 (India Standard Time)","7273.55","7278.05","7267.10","7277.80"
"Wed Dec 18 2024 13:40:00 GMT+0530 (India Standard Time)","7277.80","7278.45","7270.05","7270.10"
"Wed Dec 18 2024 13:45:00 GMT+0530 (India Standard Time)","7270.10","7273.60","7266.10","7266.10"
"Wed Dec 18 2024 13:50:00 GMT+0530 (India Standard Time)","7266.10","7269.90","7265.75","7269.80"
"Wed Dec 18 2024 13:55:00 GMT+0530 (India Standard Time)","7269.80","7278.35","7267.65","7275.05"
"Wed Dec 18 2024 14:00:00 GMT+0530 (India Standard Time)","7274.30","7278.40","7271.15","7271.15"
"Wed Dec 18 2024 14:05:00 GMT+0530 (India Standard Time)","7271.15","7277.15","7270.00","7270.45"
"Wed Dec 18 2024 14:10:00 GMT+0530 (India Standard Time)","7270.10","7274.75","7266.00","7266.00"
"Wed Dec 18 2024 14:15:00 GMT+0530 (India Standard Time)","7266.00","7268.95","7252.75","7262.85"
"Wed Dec 18 2024 14:20:00 GMT+0530 (India Standard Time)","7262.00","7270.55","7255.30","7266.20"
"Wed Dec 18 2024 14:25:00 GMT+0530 (India Standard Time)","7266.20","7266.20","7257.50","7258.45"
"Wed Dec 18 2024 14:30:00 GMT+0530 (India Standard Time)","7260.80","7260.80","7225.35","7230.30"
"Wed Dec 18 2024 14:35:00 GMT+0530 (India Standard Time)","7230.30","7231.20","7216.05","7223.00"
"Wed Dec 18 2024 14:40:00 GMT+0530 (India Standard Time)","7223.00","7227.15","7214.55","7227.15"
"Wed Dec 18 2024 14:45:00 GMT+0530 (India Standard Time)","7227.10","7235.95","7225.20","7228.00"
"Wed Dec 18 2024 14:50:00 GMT+0530 (India Standard Time)","7228.00","7233.35","7222.40","7228.70"
"Wed Dec 18 2024 14:55:00 GMT+0530 (India Standard Time)","7228.70","7231.20","7224.40","7230.35"
"Wed Dec 18 2024 15:00:00 GMT+0530 (India Standard Time)","7230.35","7230.35","7220.00","7225.00"
"Wed Dec 18 2024 15:05:00 GMT+0530 (India Standard Time)","7222.30","7225.10","7220.85","7223.25"
"Wed Dec 18 2024 15:10:00 GMT+0530 (India Standard Time)","7225.00","7230.00","7223.20","7224.30"
"Wed Dec 18 2024 15:15:00 GMT+0530 (India Standard Time)","7226.95","7238.25","7222.70","7236.20"
"Wed Dec 18 2024 15:20:00 GMT+0530 (India Standard Time)","7236.20","7243.70","7232.85","7240.00"
"Wed Dec 18 2024 15:25:00 GMT+0530 (India Standard Time)","7239.95","7244.00","7220.60","7228.20"
"Thu Dec 19 2024 09:15:00 GMT+0530 (India Standard Time)","7150.00","7203.90","7095.05","7166.05"
"Thu Dec 19 2024 09:20:00 GMT+0530 (India Standard Time)","7164.05","7184.50","7112.05","7156.25"
"Thu Dec 19 2024 09:25:00 GMT+0530 (India Standard Time)","7160.00","7216.00","7150.05","7177.00"
"Thu Dec 19 2024 09:30:00 GMT+0530 (India Standard Time)","7177.00","7179.05","7142.15","7157.90"
"Thu Dec 19 2024 09:35:00 GMT+0530 (India Standard Time)","7159.95","7189.95","7159.95","7184.10"
"Thu Dec 19 2024 09:40:00 GMT+0530 (India Standard Time)","7184.10","7201.65","7178.20","7199.35"
"Thu Dec 19 2024 09:45:00 GMT+0530 (India Standard Time)","7200.00","7239.80","7192.30","7234.35"
"Thu Dec 19 2024 09:50:00 GMT+0530 (India Standard Time)","7236.05","7308.40","7233.05","7272.20"
"Thu Dec 19 2024 09:55:00 GMT+0530 (India Standard Time)","7272.20","7284.55","7231.25","7237.80"
"Thu Dec 19 2024 10:00:00 GMT+0530 (India Standard Time)","7237.80","7237.80","7205.05","7219.75"
"Thu Dec 19 2024 10:05:00 GMT+0530 (India Standard Time)","7219.45","7234.85","7212.00","7218.00"
"Thu Dec 19 2024 10:10:00 GMT+0530 (India Standard Time)","7218.00","7218.00","7193.40","7206.75"
"Thu Dec 19 2024 10:15:00 GMT+0530 (India Standard Time)","7205.00","7207.50","7179.80","7186.75"
"Thu Dec 19 2024 10:20:00 GMT+0530 (India Standard Time)","7186.75","7219.90","7185.80","7218.90"
"Thu Dec 19 2024 10:25:00 GMT+0530 (India Standard Time)","7218.90","7228.00","7209.00","7228.00"
"Thu Dec 19 2024 10:30:00 GMT+0530 (India Standard Time)","7228.00","7253.30","7225.15","7234.25"
"Thu Dec 19 2024 10:35:00 GMT+0530 (India Standard Time)","7234.25","7250.00","7228.80","7249.95"
"Thu Dec 19 2024 10:40:00 GMT+0530 (India Standard Time)","7249.95","7252.00","7242.15","7244.00"
"Thu Dec 19 2024 10:45:00 GMT+0530 (India Standard Time)","7244.00","7246.05","7235.25","7235.25"
"Thu Dec 19 2024 10:50:00 GMT+0530 (India Standard Time)","7231.05","7239.45","7227.05","7237.50"
"Thu Dec 19 2024 10:55:00 GMT+0530 (India Standard Time)","7237.50","7247.00","7230.05","7246.75"
"Thu Dec 19 2024 11:00:00 GMT+0530 (India Standard Time)","7246.75","7246.75","7208.50","7214.60"
"Thu Dec 19 2024 11:05:00 GMT+0530 (India Standard Time)","7214.60","7234.05","7214.60","7234.00"
"Thu Dec 19 2024 11:10:00 GMT+0530 (India Standard Time)","7234.00","7235.00","7224.30","7225.15"
"Thu Dec 19 2024 11:15:00 GMT+0530 (India Standard Time)","7225.15","7245.95","7225.15","7245.45"
"Thu Dec 19 2024 11:20:00 GMT+0530 (India Standard Time)","7245.45","7245.45","7230.00","7240.60"
"Thu Dec 19 2024 11:25:00 GMT+0530 (India Standard Time)","7240.60","7242.85","7232.10","7239.05"
"Thu Dec 19 2024 11:30:00 GMT+0530 (India Standard Time)","7239.05","7240.00","7229.00","7229.00"
"Thu Dec 19 2024 11:35:00 GMT+0530 (India Standard Time)","7229.00","7236.95","7228.00","7229.55"
"Thu Dec 19 2024 11:40:00 GMT+0530 (India Standard Time)","7229.55","7248.00","7227.15","7244.40"
"Thu Dec 19 2024 11:45:00 GMT+0530 (India Standard Time)","7244.40","7245.95","7235.60","7235.60"
"Thu Dec 19 2024 11:50:00 GMT+0530 (India Standard Time)","7237.35","7241.00","7231.55","7236.50"
"Thu Dec 19 2024 11:55:00 GMT+0530 (India Standard Time)","7236.50","7237.65","7230.05","7233.00"
"Thu Dec 19 2024 12:00:00 GMT+0530 (India Standard Time)","7233.00","7233.00","7225.55","7228.10"
"Thu Dec 19 2024 12:05:00 GMT+0530 (India Standard Time)","7228.10","7230.00","7224.10","7225.35"
"Thu Dec 19 2024 12:10:00 GMT+0530 (India Standard Time)","7228.55","7249.00","7223.00","7245.95"
"Thu Dec 19 2024 12:15:00 GMT+0530 (India Standard Time)","7245.95","7266.40","7244.00","7253.45"
"Thu Dec 19 2024 12:20:00 GMT+0530 (India Standard Time)","7253.45","7258.65","7250.25","7257.00"
"Thu Dec 19 2024 12:25:00 GMT+0530 (India Standard Time)","7257.00","7266.45","7255.10","7256.05"
"Thu Dec 19 2024 12:30:00 GMT+0530 (India Standard Time)","7256.05","7265.00","7256.05","7260.05"
"Thu Dec 19 2024 12:35:00 GMT+0530 (India Standard Time)","7260.05","7260.30","7251.60","7256.25"
"Thu Dec 19 2024 12:40:00 GMT+0530 (India Standard Time)","7256.20","7257.65","7250.00","7253.95"
"Thu Dec 19 2024 12:45:00 GMT+0530 (India Standard Time)","7253.95","7253.95","7229.50","7234.00"
"Thu Dec 19 2024 12:50:00 GMT+0530 (India Standard Time)","7234.00","7242.65","7229.10","7237.40"
"Thu Dec 19 2024 12:55:00 GMT+0530 (India Standard Time)","7237.40","7242.95","7232.05","7237.00"
"Thu Dec 19 2024 13:00:00 GMT+0530 (India Standard Time)","7237.00","7247.90","7237.00","7242.05"
"Thu Dec 19 2024 13:05:00 GMT+0530 (India Standard Time)","7242.05","7259.50","7238.40","7257.10"
"Thu Dec 19 2024 13:10:00 GMT+0530 (India Standard Time)","7255.05","7268.00","7253.00","7266.65"
"Thu Dec 19 2024 13:15:00 GMT+0530 (India Standard Time)","7268.10","7268.10","7240.15","7241.00"
"Thu Dec 19 2024 13:20:00 GMT+0530 (India Standard Time)","7241.00","7250.00","7239.75","7250.00"
"Thu Dec 19 2024 13:25:00 GMT+0530 (India Standard Time)","7250.00","7250.00","7244.80","7246.75"
"Thu Dec 19 2024 13:30:00 GMT+0530 (India Standard Time)","7246.75","7258.00","7243.15","7256.15"
"Thu Dec 19 2024 13:35:00 GMT+0530 (India Standard Time)","7256.15","7256.15","7249.70","7253.70"
"Thu Dec 19 2024 13:40:00 GMT+0530 (India Standard Time)","7253.70","7253.70","7248.30","7248.30"
"Thu Dec 19 2024 13:45:00 GMT+0530 (India Standard Time)","7248.30","7251.45","7232.10","7233.20"
"Thu Dec 19 2024 13:50:00 GMT+0530 (India Standard Time)","7233.20","7237.55","7230.00","7233.30"
"Thu Dec 19 2024 13:55:00 GMT+0530 (India Standard Time)","7233.30","7239.25","7233.30","7237.00"
"Thu Dec 19 2024 14:00:00 GMT+0530 (India Standard Time)","7237.00","7248.55","7234.05","7241.85"
"Thu Dec 19 2024 14:05:00 GMT+0530 (India Standard Time)","7241.85","7243.45","7237.40","7240.40"
"Thu Dec 19 2024 14:10:00 GMT+0530 (India Standard Time)","7240.40","7244.45","7238.80","7240.00"
"Thu Dec 19 2024 14:15:00 GMT+0530 (India Standard Time)","7240.05","7245.75","7237.75","7238.15"
"Thu Dec 19 2024 14:20:00 GMT+0530 (India Standard Time)","7238.15","7242.50","7228.00","7231.65"
"Thu Dec 19 2024 14:25:00 GMT+0530 (India Standard Time)","7228.05","7237.50","7222.35","7222.35"
"Thu Dec 19 2024 14:30:00 GMT+0530 (India Standard Time)","7221.00","7228.95","7219.90","7224.95"
"Thu Dec 19 2024 14:35:00 GMT+0530 (India Standard Time)","7224.95","7225.00","7221.25","7224.95"
"Thu Dec 19 2024 14:40:00 GMT+0530 (India Standard Time)","7224.95","7230.00","7222.00","7226.30"
"Thu Dec 19 2024 14:45:00 GMT+0530 (India Standard Time)","7226.30","7233.70","7225.15","7232.00"
"Thu Dec 19 2024 14:50:00 GMT+0530 (India Standard Time)","7229.20","7232.90","7222.00","7222.10"
"Thu Dec 19 2024 14:55:00 GMT+0530 (India Standard Time)","7222.10","7227.25","7221.05","7222.05"
"Thu Dec 19 2024 15:00:00 GMT+0530 (India Standard Time)","7222.05","7235.00","7216.15","7231.00"
"Thu Dec 19 2024 15:05:00 GMT+0530 (India Standard Time)","7231.00","7245.95","7230.50","7235.25"
"Thu Dec 19 2024 15:10:00 GMT+0530 (India Standard Time)","7235.25","7242.00","7235.20","7239.40"
"Thu Dec 19 2024 15:15:00 GMT+0530 (India Standard Time)","7239.40","7241.95","7229.05","7231.45"
"Thu Dec 19 2024 15:20:00 GMT+0530 (India Standard Time)","7231.45","7245.95","7230.15","7244.10"
"Thu Dec 19 2024 15:25:00 GMT+0530 (India Standard Time)","7246.35","7246.35","7230.80","7235.10"
"Fri Dec 20 2024 09:15:00 GMT+0530 (India Standard Time)","7301.05","7325.00","7223.35","7227.65"
"Fri Dec 20 2024 09:20:00 GMT+0530 (India Standard Time)","7233.15","7241.45","7195.30","7239.00"
"Fri Dec 20 2024 09:25:00 GMT+0530 (India Standard Time)","7239.00","7242.10","7126.55","7166.85"
"Fri Dec 20 2024 09:30:00 GMT+0530 (India Standard Time)","7166.25","7167.60","7114.10","7116.80"
"Fri Dec 20 2024 09:35:00 GMT+0530 (India Standard Time)","7116.80","7187.35","7115.05","7180.00"
"Fri Dec 20 2024 09:40:00 GMT+0530 (India Standard Time)","7180.00","7182.00","7165.40","7170.10"
"Fri Dec 20 2024 09:45:00 GMT+0530 (India Standard Time)","7174.75","7179.95","7141.60","7147.90"
"Fri Dec 20 2024 09:50:00 GMT+0530 (India Standard Time)","7147.90","7158.30","7138.95","7144.95"
"Fri Dec 20 2024 09:55:00 GMT+0530 (India Standard Time)","7144.95","7145.00","7121.00","7127.45"
"Fri Dec 20 2024 10:00:00 GMT+0530 (India Standard Time)","7127.45","7130.00","7106.20","7111.00"
"Fri Dec 20 2024 10:05:00 GMT+0530 (India Standard Time)","7111.00","7114.85","7080.00","7088.50"
"Fri Dec 20 2024 10:10:00 GMT+0530 (India Standard Time)","7088.50","7093.10","7056.00","7066.40"
"Fri Dec 20 2024 10:15:00 GMT+0530 (India Standard Time)","7066.40","7115.00","7057.50","7114.40"
"Fri Dec 20 2024 10:20:00 GMT+0530 (India Standard Time)","7114.95","7118.95","7090.00","7095.10"
"Fri Dec 20 2024 10:25:00 GMT+0530 (India Standard Time)","7093.00","7096.55","7076.85","7093.40"
"Fri Dec 20 2024 10:30:00 GMT+0530 (India Standard Time)","7093.40","7097.15","7070.15","7080.95"
"Fri Dec 20 2024 10:35:00 GMT+0530 (India Standard Time)","7083.20","7095.00","7076.10","7094.70"
"Fri Dec 20 2024 10:40:00 GMT+0530 (India Standard Time)","7094.65","7095.10","7068.30","7070.00"
"Fri Dec 20 2024 10:45:00 GMT+0530 (India Standard Time)","7070.00","7076.45","7052.00","7064.20"
"Fri Dec 20 2024 10:50:00 GMT+0530 (India Standard Time)","7065.50","7090.00","7056.45","7090.00"
"Fri Dec 20 2024 10:55:00 GMT+0530 (India Standard Time)","7090.00","7090.00","7055.10","7055.55"
"Fri Dec 20 2024 11:00:00 GMT+0530 (India Standard Time)","7055.55","7070.00","7021.90","7038.00"
"Fri Dec 20 2024 11:05:00 GMT+0530 (India Standard Time)","7041.65","7065.00","7013.50","7061.85"
"Fri Dec 20 2024 11:10:00 GMT+0530 (India Standard Time)","7061.85","7069.95","7048.75","7056.10"
"Fri Dec 20 2024 11:15:00 GMT+0530 (India Standard Time)","7056.10","7056.10","7032.15","7042.40"
"Fri Dec 20 2024 11:20:00 GMT+0530 (India Standard Time)","7042.40","7058.15","7036.50","7043.45"
"Fri Dec 20 2024 11:25:00 GMT+0530 (India Standard Time)","7043.45","7047.30","7033.05","7041.65"
"Fri Dec 20 2024 11:30:00 GMT+0530 (India Standard Time)","7041.65","7043.40","7031.05","7042.25"
"Fri Dec 20 2024 11:35:00 GMT+0530 (India Standard Time)","7042.25","7047.95","7038.05","7044.75"
"Fri Dec 20 2024 11:40:00 GMT+0530 (India Standard Time)","7044.75","7048.00","7034.90","7044.60"
"Fri Dec 20 2024 11:45:00 GMT+0530 (India Standard Time)","7044.60","7047.50","7038.00","7040.00"
"Fri Dec 20 2024 11:50:00 GMT+0530 (India Standard Time)","7040.00","7058.10","7035.30","7052.35"
"Fri Dec 20 2024 11:55:00 GMT+0530 (India Standard Time)","7052.35","7083.20","7050.00","7076.00"
"Fri Dec 20 2024 12:00:00 GMT+0530 (India Standard Time)","7079.40","7088.80","7072.05","7080.30"
"Fri Dec 20 2024 12:05:00 GMT+0530 (India Standard Time)","7082.80","7085.00","7068.25","7071.10"
"Fri Dec 20 2024 12:10:00 GMT+0530 (India Standard Time)","7071.10","7074.45","7045.25","7046.30"
"Fri Dec 20 2024 12:15:00 GMT+0530 (India Standard Time)","7046.30","7049.95","7040.10","7045.15"
"Fri Dec 20 2024 12:20:00 GMT+0530 (India Standard Time)","7045.15","7049.25","7040.10","7045.55"
"Fri Dec 20 2024 12:25:00 GMT+0530 (India Standard Time)","7045.55","7062.55","7041.70","7046.20"
"Fri Dec 20 2024 12:30:00 GMT+0530 (India Standard Time)","7046.20","7055.00","7045.00","7050.80"
"Fri Dec 20 2024 12:35:00 GMT+0530 (India Standard Time)","7050.80","7054.50","7040.00","7044.40"
"Fri Dec 20 2024 12:40:00 GMT+0530 (India Standard Time)","7040.00","7049.35","7036.35","7039.35"
"Fri Dec 20 2024 12:45:00 GMT+0530 (India Standard Time)","7039.40","7047.00","7033.05","7033.50"
"Fri Dec 20 2024 12:50:00 GMT+0530 (India Standard Time)","7035.00","7040.00","7035.00","7036.80"
"Fri Dec 20 2024 12:55:00 GMT+0530 (India Standard Time)","7035.45","7043.00","7032.00","7042.75"
"Fri Dec 20 2024 13:00:00 GMT+0530 (India Standard Time)","7042.75","7047.50","7030.75","7033.00"
"Fri Dec 20 2024 13:05:00 GMT+0530 (India Standard Time)","7032.15","7035.00","7012.00","7030.05"
"Fri Dec 20 2024 13:10:00 GMT+0530 (India Standard Time)","7028.50","7028.50","7012.00","7015.05"
"Fri Dec 20 2024 13:15:00 GMT+0530 (India Standard Time)","7015.05","7023.60","7014.25","7021.70"
"Fri Dec 20 2024 13:20:00 GMT+0530 (India Standard Time)","7021.70","7026.95","7015.30","7025.00"
"Fri Dec 20 2024 13:25:00 GMT+0530 (India Standard Time)","7023.20","7039.10","7020.05","7024.35"
"Fri Dec 20 2024 13:30:00 GMT+0530 (India Standard Time)","7024.35","7026.50","7013.90","7020.00"
"Fri Dec 20 2024 13:35:00 GMT+0530 (India Standard Time)","7020.00","7022.40","6985.00","6985.00"
"Fri Dec 20 2024 13:40:00 GMT+0530 (India Standard Time)","6985.45","6985.45","6956.60","6959.50"
"Fri Dec 20 2024 13:45:00 GMT+0530 (India Standard Time)","6959.50","6965.90","6945.95","6956.00"
"Fri Dec 20 2024 13:50:00 GMT+0530 (India Standard Time)","6956.00","6962.20","6942.75","6959.65"
"Fri Dec 20 2024 13:55:00 GMT+0530 (India Standard Time)","6959.65","6960.70","6947.85","6957.50"
"Fri Dec 20 2024 14:00:00 GMT+0530 (India Standard Time)","6957.90","6960.00","6944.90","6949.00"
"Fri Dec 20 2024 14:05:00 GMT+0530 (India Standard Time)","6949.00","6958.20","6948.00","6953.70"
"Fri Dec 20 2024 14:10:00 GMT+0530 (India Standard Time)","6953.70","6953.75","6943.10","6948.55"
"Fri Dec 20 2024 14:15:00 GMT+0530 (India Standard Time)","6948.55","6974.95","6948.00","6971.50"
"Fri Dec 20 2024 14:20:00 GMT+0530 (India Standard Time)","6971.50","6975.00","6965.00","6971.45"
"Fri Dec 20 2024 14:25:00 GMT+0530 (India Standard Time)","6971.45","6974.00","6959.65","6962.50"
"Fri Dec 20 2024 14:30:00 GMT+0530 (India Standard Time)","6962.50","6975.00","6955.00","6965.50"
"Fri Dec 20 2024 14:35:00 GMT+0530 (India Standard Time)","6965.50","6979.80","6952.00","6974.45"
"Fri Dec 20 2024 14:40:00 GMT+0530 (India Standard Time)","6974.45","6996.00","6970.10","6993.00"
"Fri Dec 20 2024 14:45:00 GMT+0530 (India Standard Time)","6995.40","6996.60","6974.05","6987.95"
"Fri Dec 20 2024 14:50:00 GMT+0530 (India Standard Time)","6987.95","6992.00","6970.00","6973.35"
"Fri Dec 20 2024 14:55:00 GMT+0530 (India Standard Time)","6973.35","6973.65","6953.00","6959.65"
"Fri Dec 20 2024 15:00:00 GMT+0530 (India Standard Time)","6957.05","6959.70","6941.90","6942.30"
"Fri Dec 20 2024 15:05:00 GMT+0530 (India Standard Time)","6942.35","6944.85","6930.55","6938.65"
"Fri Dec 20 2024 15:10:00 GMT+0530 (India Standard Time)","6938.65","6939.00","6909.65","6910.00"
"Fri Dec 20 2024 15:15:00 GMT+0530 (India Standard Time)","6912.55","6914.55","6900.00","6907.35"
"Fri Dec 20 2024 15:20:00 GMT+0530 (India Standard Time)","6908.00","6930.50","6907.75","6909.05"
"Fri Dec 20 2024 15:25:00 GMT+0530 (India Standard Time)","6910.00","6930.10","6901.05","6925.10"
"Mon Dec 23 2024 09:15:00 GMT+0530 (India Standard Time)","7037.70","7037.70","6952.30","7001.00"
"Mon Dec 23 2024 09:20:00 GMT+0530 (India Standard Time)","6996.75","7000.25","6961.05","6985.65"
"Mon Dec 23 2024 09:25:00 GMT+0530 (India Standard Time)","6985.65","6988.30","6921.60","6949.90"
"Mon Dec 23 2024 09:30:00 GMT+0530 (India Standard Time)","6949.90","7000.00","6948.20","6992.10"
"Mon Dec 23 2024 09:35:00 GMT+0530 (India Standard Time)","6992.05","6999.80","6962.60","6972.40"
"Mon Dec 23 2024 09:40:00 GMT+0530 (India Standard Time)","6972.40","6984.95","6949.35","6983.15"
"Mon Dec 23 2024 09:45:00 GMT+0530 (India Standard Time)","6983.15","6984.00","6966.05","6976.95"
"Mon Dec 23 2024 09:50:00 GMT+0530 (India Standard Time)","6974.95","6983.50","6951.00","6952.05"
"Mon Dec 23 2024 09:55:00 GMT+0530 (India Standard Time)","6948.85","6953.10","6911.75","6940.80"
"Mon Dec 23 2024 10:00:00 GMT+0530 (India Standard Time)","6942.85","6949.05","6922.05","6941.00"
"Mon Dec 23 2024 10:05:00 GMT+0530 (India Standard Time)","6941.00","6942.00","6926.25","6941.20"
"Mon Dec 23 2024 10:10:00 GMT+0530 (India Standard Time)","6941.20","6947.30","6920.75","6920.75"
"Mon Dec 23 2024 10:15:00 GMT+0530 (India Standard Time)","6920.75","6927.30","6903.00","6907.10"
"Mon Dec 23 2024 10:20:00 GMT+0530 (India Standard Time)","6907.10","6915.95","6901.10","6906.10"
"Mon Dec 23 2024 10:25:00 GMT+0530 (India Standard Time)","6906.10","6916.65","6887.80","6916.00"
"Mon Dec 23 2024 10:30:00 GMT+0530 (India Standard Time)","6916.00","6936.05","6906.90","6935.00"
"Mon Dec 23 2024 10:35:00 GMT+0530 (India Standard Time)","6935.00","6935.00","6919.90","6928.20"
"Mon Dec 23 2024 10:40:00 GMT+0530 (India Standard Time)","6928.20","6939.25","6924.05","6928.95"
"Mon Dec 23 2024 10:45:00 GMT+0530 (India Standard Time)","6928.45","6947.00","6923.30","6947.00"
"Mon Dec 23 2024 10:50:00 GMT+0530 (India Standard Time)","6947.00","6965.65","6942.95","6955.20"
"Mon Dec 23 2024 10:55:00 GMT+0530 (India Standard Time)","6955.20","6959.20","6947.05","6953.65"
"Mon Dec 23 2024 11:00:00 GMT+0530 (India Standard Time)","6953.65","6959.95","6952.05","6956.00"
"Mon Dec 23 2024 11:05:00 GMT+0530 (India Standard Time)","6956.70","6963.75","6948.10","6950.00"
"Mon Dec 23 2024 11:10:00 GMT+0530 (India Standard Time)","6950.00","6951.15","6935.00","6943.50"
"Mon Dec 23 2024 11:15:00 GMT+0530 (India Standard Time)","6940.00","6950.00","6940.00","6949.30"
"Mon Dec 23 2024 11:20:00 GMT+0530 (India Standard Time)","6949.30","6949.30","6932.00","6932.00"
"Mon Dec 23 2024 11:25:00 GMT+0530 (India Standard Time)","6932.00","6946.80","6927.85","6944.85"
"Mon Dec 23 2024 11:30:00 GMT+0530 (India Standard Time)","6944.85","6944.85","6937.00","6944.85"
"Mon Dec 23 2024 11:35:00 GMT+0530 (India Standard Time)","6941.60","6944.80","6938.95","6941.10"
"Mon Dec 23 2024 11:40:00 GMT+0530 (India Standard Time)","6941.10","6941.10","6926.05","6935.20"
"Mon Dec 23 2024 11:45:00 GMT+0530 (India Standard Time)","6935.20","6938.95","6930.00","6930.00"
"Mon Dec 23 2024 11:50:00 GMT+0530 (India Standard Time)","6930.00","6940.00","6930.00","6934.90"
"Mon Dec 23 2024 11:55:00 GMT+0530 (India Standard Time)","6934.90","6934.90","6925.70","6929.70"
"Mon Dec 23 2024 12:00:00 GMT+0530 (India Standard Time)","6929.85","6930.05","6920.00","6924.90"
"Mon Dec 23 2024 12:05:00 GMT+0530 (India Standard Time)","6924.90","6925.00","6905.00","6905.05"
"Mon Dec 23 2024 12:10:00 GMT+0530 (India Standard Time)","6905.05","6918.80","6903.00","6909.80"
"Mon Dec 23 2024 12:15:00 GMT+0530 (India Standard Time)","6909.80","6915.90","6909.00","6912.05"
"Mon Dec 23 2024 12:20:00 GMT+0530 (India Standard Time)","6915.00","6917.75","6910.00","6912.40"
"Mon Dec 23 2024 12:25:00 GMT+0530 (India Standard Time)","6912.40","6915.25","6889.90","6912.40"
"Mon Dec 23 2024 12:30:00 GMT+0530 (India Standard Time)","6912.40","6912.40","6883.10","6894.25"
"Mon Dec 23 2024 12:35:00 GMT+0530 (India Standard Time)","6894.25","6894.25","6870.80","6872.75"
"Mon Dec 23 2024 12:40:00 GMT+0530 (India Standard Time)","6872.75","6880.00","6861.00","6876.50"
"Mon Dec 23 2024 12:45:00 GMT+0530 (India Standard Time)","6876.50","6878.40","6870.00","6873.00"
"Mon Dec 23 2024 12:50:00 GMT+0530 (India Standard Time)","6873.00","6873.00","6855.00","6858.55"
"Mon Dec 23 2024 12:55:00 GMT+0530 (India Standard Time)","6858.55","6863.10","6852.00","6855.75"
"Mon Dec 23 2024 13:00:00 GMT+0530 (India Standard Time)","6855.75","6864.80","6850.00","6860.40"
"Mon Dec 23 2024 13:05:00 GMT+0530 (India Standard Time)","6860.40","6862.00","6851.80","6851.80"
"Mon Dec 23 2024 13:10:00 GMT+0530 (India Standard Time)","6851.80","6862.40","6840.00","6840.80"
"Mon Dec 23 2024 13:15:00 GMT+0530 (India Standard Time)","6840.80","6855.00","6840.00","6842.50"
"Mon Dec 23 2024 13:20:00 GMT+0530 (India Standard Time)","6842.50","6859.95","6841.00","6841.05"
"Mon Dec 23 2024 13:25:00 GMT+0530 (India Standard Time)","6841.05","6851.60","6835.00","6837.90"
"Mon Dec 23 2024 13:30:00 GMT+0530 (India Standard Time)","6839.75","6839.75","6825.00","6831.05"
"Mon Dec 23 2024 13:35:00 GMT+0530 (India Standard Time)","6831.05","6851.60","6831.05","6844.25"
"Mon Dec 23 2024 13:40:00 GMT+0530 (India Standard Time)","6844.25","6850.60","6836.70","6848.70"
"Mon Dec 23 2024 13:45:00 GMT+0530 (India Standard Time)","6848.70","6863.90","6841.55","6856.00"
"Mon Dec 23 2024 13:50:00 GMT+0530 (India Standard Time)","6856.00","6859.80","6842.40","6845.45"
"Mon Dec 23 2024 13:55:00 GMT+0530 (India Standard Time)","6845.45","6847.90","6835.50","6840.45"
"Mon Dec 23 2024 14:00:00 GMT+0530 (India Standard Time)","6840.45","6844.45","6837.85","6839.45"
"Mon Dec 23 2024 14:05:00 GMT+0530 (India Standard Time)","6837.85","6845.70","6833.35","6841.95"
"Mon Dec 23 2024 14:10:00 GMT+0530 (India Standard Time)","6841.95","6850.00","6841.05","6850.00"
"Mon Dec 23 2024 14:15:00 GMT+0530 (India Standard Time)","6849.40","6873.65","6849.00","6870.10"
"Mon Dec 23 2024 14:20:00 GMT+0530 (India Standard Time)","6871.45","6913.95","6870.00","6900.00"
"Mon Dec 23 2024 14:25:00 GMT+0530 (India Standard Time)","6900.00","6909.75","6890.25","6897.70"
"Mon Dec 23 2024 14:30:00 GMT+0530 (India Standard Time)","6897.70","6903.55","6891.50","6899.20"
"Mon Dec 23 2024 14:35:00 GMT+0530 (India Standard Time)","6899.20","6903.35","6891.15","6902.20"
"Mon Dec 23 2024 14:40:00 GMT+0530 (India Standard Time)","6902.20","6915.95","6895.00","6898.30"
"Mon Dec 23 2024 14:45:00 GMT+0530 (India Standard Time)","6891.30","6898.85","6887.90","6891.45"
"Mon Dec 23 2024 14:50:00 GMT+0530 (India Standard Time)","6891.45","6917.35","6888.45","6905.00"
"Mon Dec 23 2024 14:55:00 GMT+0530 (India Standard Time)","6905.00","6909.95","6900.05","6906.50"
"Mon Dec 23 2024 15:00:00 GMT+0530 (India Standard Time)","6909.60","6923.95","6909.60","6912.10"
"Mon Dec 23 2024 15:05:00 GMT+0530 (India Standard Time)","6912.10","6915.85","6905.40","6911.65"
"Mon Dec 23 2024 15:10:00 GMT+0530 (India Standard Time)","6908.55","6911.95","6905.05","6909.95"
"Mon Dec 23 2024 15:15:00 GMT+0530 (India Standard Time)","6909.95","6909.95","6897.85","6903.60"
"Mon Dec 23 2024 15:20:00 GMT+0530 (India Standard Time)","6903.60","6903.95","6889.60","6892.60"
"Mon Dec 23 2024 15:25:00 GMT+0530 (India Standard Time)","6893.95","6895.40","6872.00","6889.45"
"Tue Dec 24 2024 09:15:00 GMT+0530 (India Standard Time)","6930.00","6949.00","6900.00","6925.00"
"Tue Dec 24 2024 09:20:00 GMT+0530 (India Standard Time)","6924.95","6945.00","6908.55","6915.00"
"Tue Dec 24 2024 09:25:00 GMT+0530 (India Standard Time)","6915.00","6931.25","6895.20","6920.00"
"Tue Dec 24 2024 09:30:00 GMT+0530 (India Standard Time)","6920.95","6923.60","6900.60","6904.45"
"Tue Dec 24 2024 09:35:00 GMT+0530 (India Standard Time)","6904.45","6928.30","6900.00","6919.60"
"Tue Dec 24 2024 09:40:00 GMT+0530 (India Standard Time)","6919.60","6955.00","6919.60","6944.60"
"Tue Dec 24 2024 09:45:00 GMT+0530 (India Standard Time)","6948.95","6980.55","6946.50","6973.70"
"Tue Dec 24 2024 09:50:00 GMT+0530 (India Standard Time)","6973.70","7004.00","6970.00","7000.00"
"Tue Dec 24 2024 09:55:00 GMT+0530 (India Standard Time)","6997.05","7003.50","6989.95","6999.00"
"Tue Dec 24 2024 10:00:00 GMT+0530 (India Standard Time)","6999.00","7009.95","6996.50","7001.05"
"Tue Dec 24 2024 10:05:00 GMT+0530 (India Standard Time)","7001.05","7005.60","6985.30","7004.00"
"Tue Dec 24 2024 10:10:00 GMT+0530 (India Standard Time)","7000.10","7005.80","6979.75","6995.00"
"Tue Dec 24 2024 10:15:00 GMT+0530 (India Standard Time)","6995.00","6995.00","6979.10","6986.45"
"Tue Dec 24 2024 10:20:00 GMT+0530 (India Standard Time)","6986.45","6990.00","6970.00","6970.00"
"Tue Dec 24 2024 10:25:00 GMT+0530 (India Standard Time)","6970.00","6990.00","6966.55","6989.95"
"Tue Dec 24 2024 10:30:00 GMT+0530 (India Standard Time)","6989.95","6991.90","6978.05","6991.90"
"Tue Dec 24 2024 10:35:00 GMT+0530 (India Standard Time)","6993.30","7015.00","6990.00","7003.90"
"Tue Dec 24 2024 10:40:00 GMT+0530 (India Standard Time)","7003.90","7004.85","6985.00","6985.00"
"Tue Dec 24 2024 10:45:00 GMT+0530 (India Standard Time)","6985.00","6994.65","6981.00","6982.95"
"Tue Dec 24 2024 10:50:00 GMT+0530 (India Standard Time)","6982.95","7003.85","6981.00","6990.00"
"Tue Dec 24 2024 10:55:00 GMT+0530 (India Standard Time)","6990.00","6997.05","6985.35","6986.75"
"Tue Dec 24 2024 11:00:00 GMT+0530 (India Standard Time)","6986.75","6994.00","6985.00","6991.90"
"Tue Dec 24 2024 11:05:00 GMT+0530 (India Standard Time)","6991.90","6991.90","6983.90","6990.00"
"Tue Dec 24 2024 11:10:00 GMT+0530 (India Standard Time)","6990.00","6990.65","6981.00","6983.00"
"Tue Dec 24 2024 11:15:00 GMT+0530 (India Standard Time)","6983.00","6986.00","6973.70","6984.95"
"Tue Dec 24 2024 11:20:00 GMT+0530 (India Standard Time)","6984.95","6988.80","6976.45","6988.80"
"Tue Dec 24 2024 11:25:00 GMT+0530 (India Standard Time)","6988.80","6988.80","6982.10","6987.40"
"Tue Dec 24 2024 11:30:00 GMT+0530 (India Standard Time)","6987.40","6987.40","6966.35","6971.50"
"Tue Dec 24 2024 11:35:00 GMT+0530 (India Standard Time)","6971.50","6973.80","6965.20","6973.80"
"Tue Dec 24 2024 11:40:00 GMT+0530 (India Standard Time)","6973.90","6973.90","6968.10","6971.95"
"Tue Dec 24 2024 11:45:00 GMT+0530 (India Standard Time)","6971.95","6981.90","6968.15","6976.65"
"Tue Dec 24 2024 11:50:00 GMT+0530 (India Standard Time)","6976.65","6977.60","6965.25","6974.60"
"Tue Dec 24 2024 11:55:00 GMT+0530 (India Standard Time)","6974.60","6981.90","6970.00","6977.50"
"Tue Dec 24 2024 12:00:00 GMT+0530 (India Standard Time)","6977.50","6979.95","6966.05","6966.05"
"Tue Dec 24 2024 12:05:00 GMT+0530 (India Standard Time)","6966.05","6972.60","6966.00","6969.75"
"Tue Dec 24 2024 12:10:00 GMT+0530 (India Standard Time)","6966.00","6969.25","6945.10","6951.15"
"Tue Dec 24 2024 12:15:00 GMT+0530 (India Standard Time)","6950.25","6953.55","6942.00","6946.95"
"Tue Dec 24 2024 12:20:00 GMT+0530 (India Standard Time)","6946.95","6946.95","6943.00","6946.95"
"Tue Dec 24 2024 12:25:00 GMT+0530 (India Standard Time)","6946.95","6964.55","6936.10","6964.55"
"Tue Dec 24 2024 12:30:00 GMT+0530 (India Standard Time)","6959.60","6966.20","6956.20","6961.85"
"Tue Dec 24 2024 12:35:00 GMT+0530 (India Standard Time)","6960.35","6964.90","6957.60","6960.50"
"Tue Dec 24 2024 12:40:00 GMT+0530 (India Standard Time)","6960.50","6962.95","6952.05","6956.25"
"Tue Dec 24 2024 12:45:00 GMT+0530 (India Standard Time)","6960.10","6962.90","6952.00","6952.50"
"Tue Dec 24 2024 12:50:00 GMT+0530 (India Standard Time)","6952.50","6958.60","6949.25","6952.00"
"Tue Dec 24 2024 12:55:00 GMT+0530 (India Standard Time)","6951.95","6955.80","6944.65","6950.25"
"Tue Dec 24 2024 13:00:00 GMT+0530 (India Standard Time)","6950.25","6953.95","6944.05","6944.05"
"Tue Dec 24 2024 13:05:00 GMT+0530 (India Standard Time)","6944.05","6951.55","6942.90","6946.15"
"Tue Dec 24 2024 13:10:00 GMT+0530 (India Standard Time)","6946.15","6949.20","6932.15","6932.15"
"Tue Dec 24 2024 13:15:00 GMT+0530 (India Standard Time)","6931.00","6934.85","6911.15","6914.70"
"Tue Dec 24 2024 13:20:00 GMT+0530 (India Standard Time)","6914.70","6923.55","6911.15","6918.10"
"Tue Dec 24 2024 13:25:00 GMT+0530 (India Standard Time)","6918.10","6920.00","6900.00","6900.70"
"Tue Dec 24 2024 13:30:00 GMT+0530 (India Standard Time)","6900.70","6905.15","6885.20","6897.95"
"Tue Dec 24 2024 13:35:00 GMT+0530 (India Standard Time)","6897.95","6907.85","6894.90","6907.65"
"Tue Dec 24 2024 13:40:00 GMT+0530 (India Standard Time)","6907.65","6909.85","6891.20","6894.40"
"Tue Dec 24 2024 13:45:00 GMT+0530 (India Standard Time)","6891.20","6893.45","6881.00","6883.80"
"Tue Dec 24 2024 13:50:00 GMT+0530 (India Standard Time)","6883.80","6891.85","6881.15","6889.85"
"Tue Dec 24 2024 13:55:00 GMT+0530 (India Standard Time)","6889.85","6890.65","6882.80","6886.30"
"Tue Dec 24 2024 14:00:00 GMT+0530 (India Standard Time)","6886.30","6886.30","6880.10","6881.95"
"Tue Dec 24 2024 14:05:00 GMT+0530 (India Standard Time)","6881.95","6884.50","6870.05","6872.50"
"Tue Dec 24 2024 14:10:00 GMT+0530 (India Standard Time)","6872.50","6884.45","6870.85","6884.30"
"Tue Dec 24 2024 14:15:00 GMT+0530 (India Standard Time)","6883.90","6887.65","6858.40","6861.85"
"Tue Dec 24 2024 14:20:00 GMT+0530 (India Standard Time)","6861.85","6863.60","6828.05","6855.00"
"Tue Dec 24 2024 14:25:00 GMT+0530 (India Standard Time)","6857.75","6859.30","6850.00","6850.50"
"Tue Dec 24 2024 14:30:00 GMT+0530 (India Standard Time)","6850.50","6861.30","6850.00","6855.15"
"Tue Dec 24 2024 14:35:00 GMT+0530 (India Standard Time)","6855.15","6860.30","6850.00","6857.85"
"Tue Dec 24 2024 14:40:00 GMT+0530 (India Standard Time)","6857.85","6865.00","6855.05","6864.40"
"Tue Dec 24 2024 14:45:00 GMT+0530 (India Standard Time)","6864.40","6864.45","6850.00","6850.00"
"Tue Dec 24 2024 14:50:00 GMT+0530 (India Standard Time)","6850.00","6860.50","6850.00","6859.55"
"Tue Dec 24 2024 14:55:00 GMT+0530 (India Standard Time)","6859.55","6864.90","6852.10","6864.90"
"Tue Dec 24 2024 15:00:00 GMT+0530 (India Standard Time)","6861.00","6866.60","6855.75","6862.00"
"Tue Dec 24 2024 15:05:00 GMT+0530 (India Standard Time)","6862.00","6866.40","6855.20","6861.75"
"Tue Dec 24 2024 15:10:00 GMT+0530 (India Standard Time)","6858.65","6863.95","6851.65","6855.00"
"Tue Dec 24 2024 15:15:00 GMT+0530 (India Standard Time)","6854.95","6859.55","6850.10","6855.75"
"Tue Dec 24 2024 15:20:00 GMT+0530 (India Standard Time)","6856.00","6859.00","6850.05","6857.40"
"Tue Dec 24 2024 15:25:00 GMT+0530 (India Standard Time)","6857.50","6865.00","6855.00","6860.10"
"Thu Dec 26 2024 09:15:00 GMT+0530 (India Standard Time)","6865.00","6900.00","6865.00","6881.30"
"Thu Dec 26 2024 09:20:00 GMT+0530 (India Standard Time)","6881.30","6885.90","6835.05","6838.40"
"Thu Dec 26 2024 09:25:00 GMT+0530 (India Standard Time)","6838.40","6838.40","6791.75","6821.10"
"Thu Dec 26 2024 09:30:00 GMT+0530 (India Standard Time)","6821.15","6825.80","6782.70","6792.05"
"Thu Dec 26 2024 09:35:00 GMT+0530 (India Standard Time)","6792.30","6819.75","6787.80","6810.00"
"Thu Dec 26 2024 09:40:00 GMT+0530 (India Standard Time)","6809.40","6811.20","6790.00","6793.20"
"Thu Dec 26 2024 09:45:00 GMT+0530 (India Standard Time)","6793.20","6804.65","6784.00","6793.10"
"Thu Dec 26 2024 09:50:00 GMT+0530 (India Standard Time)","6798.60","6799.35","6764.40","6785.45"
"Thu Dec 26 2024 09:55:00 GMT+0530 (India Standard Time)","6785.45","6815.00","6784.55","6812.95"
"Thu Dec 26 2024 10:00:00 GMT+0530 (India Standard Time)","6812.95","6825.60","6806.10","6808.35"
"Thu Dec 26 2024 10:05:00 GMT+0530 (India Standard Time)","6813.00","6820.20","6806.55","6817.00"
"Thu Dec 26 2024 10:10:00 GMT+0530 (India Standard Time)","6817.00","6821.60","6810.05","6821.60"
"Thu Dec 26 2024 10:15:00 GMT+0530 (India Standard Time)","6821.60","6825.00","6805.85","6805.95"
"Thu Dec 26 2024 10:20:00 GMT+0530 (India Standard Time)","6810.35","6815.90","6805.85","6814.75"
"Thu Dec 26 2024 10:25:00 GMT+0530 (India Standard Time)","6814.75","6817.90","6810.05","6814.95"
"Thu Dec 26 2024 10:30:00 GMT+0530 (India Standard Time)","6814.95","6818.00","6811.00","6815.00"
"Thu Dec 26 2024 10:35:00 GMT+0530 (India Standard Time)","6812.00","6814.95","6810.00","6812.00"
"Thu Dec 26 2024 10:40:00 GMT+0530 (India Standard Time)","6812.00","6814.00","6810.00","6814.00"
"Thu Dec 26 2024 10:45:00 GMT+0530 (India Standard Time)","6810.55","6814.85","6809.05","6809.25"
"Thu Dec 26 2024 10:50:00 GMT+0530 (India Standard Time)","6809.25","6845.00","6809.25","6843.10"
"Thu Dec 26 2024 10:55:00 GMT+0530 (India Standard Time)","6843.10","6860.00","6836.65","6857.80"
"Thu Dec 26 2024 11:00:00 GMT+0530 (India Standard Time)","6857.80","6869.10","6852.05","6869.10"
"Thu Dec 26 2024 11:05:00 GMT+0530 (India Standard Time)","6869.10","6889.30","6862.00","6883.45"
"Thu Dec 26 2024 11:10:00 GMT+0530 (India Standard Time)","6883.45","6888.80","6876.05","6886.00"
"Thu Dec 26 2024 11:15:00 GMT+0530 (India Standard Time)","6886.00","6899.00","6881.35","6882.35"
"Thu Dec 26 2024 11:20:00 GMT+0530 (India Standard Time)","6882.35","6884.55","6869.00","6873.95"
"Thu Dec 26 2024 11:25:00 GMT+0530 (India Standard Time)","6873.95","6885.20","6868.05","6881.60"
"Thu Dec 26 2024 11:30:00 GMT+0530 (India Standard Time)","6881.60","6903.00","6880.75","6902.65"
"Thu Dec 26 2024 11:35:00 GMT+0530 (India Standard Time)","6902.65","6905.95","6898.05","6903.95"
"Thu Dec 26 2024 11:40:00 GMT+0530 (India Standard Time)","6903.95","6916.20","6898.05","6900.00"
"Thu Dec 26 2024 11:45:00 GMT+0530 (India Standard Time)","6900.00","6914.95","6898.10","6914.95"
"Thu Dec 26 2024 11:50:00 GMT+0530 (India Standard Time)","6914.95","6918.50","6900.20","6907.50"
"Thu Dec 26 2024 11:55:00 GMT+0530 (India Standard Time)","6907.50","6907.50","6900.00","6901.15"
"Thu Dec 26 2024 12:00:00 GMT+0530 (India Standard Time)","6901.15","6904.70","6884.75","6892.25"
"Thu Dec 26 2024 12:05:00 GMT+0530 (India Standard Time)","6892.25","6903.95","6892.25","6899.85"
"Thu Dec 26 2024 12:10:00 GMT+0530 (India Standard Time)","6899.85","6899.85","6880.00","6883.55"
"Thu Dec 26 2024 12:15:00 GMT+0530 (India Standard Time)","6883.55","6895.60","6883.30","6889.95"
"Thu Dec 26 2024 12:20:00 GMT+0530 (India Standard Time)","6889.95","6895.55","6880.00","6884.05"
"Thu Dec 26 2024 12:25:00 GMT+0530 (India Standard Time)","6884.05","6887.95","6880.00","6882.95"
"Thu Dec 26 2024 12:30:00 GMT+0530 (India Standard Time)","6882.00","6886.00","6880.00","6886.00"
"Thu Dec 26 2024 12:35:00 GMT+0530 (India Standard Time)","6886.00","6891.70","6880.00","6884.90"
"Thu Dec 26 2024 12:40:00 GMT+0530 (India Standard Time)","6884.90","6884.90","6880.60","6881.40"
"Thu Dec 26 2024 12:45:00 GMT+0530 (India Standard Time)","6881.40","6884.45","6880.00","6883.70"
"Thu Dec 26 2024 12:50:00 GMT+0530 (India Standard Time)","6882.05","6883.65","6868.00","6871.20"
"Thu Dec 26 2024 12:55:00 GMT+0530 (India Standard Time)","6871.20","6871.25","6849.55","6855.40"
"Thu Dec 26 2024 13:00:00 GMT+0530 (India Standard Time)","6855.40","6895.00","6852.70","6893.20"
"Thu Dec 26 2024 13:05:00 GMT+0530 (India Standard Time)","6893.20","6893.20","6875.00","6876.30"
"Thu Dec 26 2024 13:10:00 GMT+0530 (India Standard Time)","6875.00","6887.85","6875.00","6887.85"
"Thu Dec 26 2024 13:15:00 GMT+0530 (India Standard Time)","6887.85","6889.00","6884.85","6885.55"
"Thu Dec 26 2024 13:20:00 GMT+0530 (India Standard Time)","6885.55","6888.00","6883.05","6885.00"
"Thu Dec 26 2024 13:25:00 GMT+0530 (India Standard Time)","6885.00","6885.00","6878.00","6880.95"
"Thu Dec 26 2024 13:30:00 GMT+0530 (India Standard Time)","6880.95","6881.00","6866.45","6867.85"
"Thu Dec 26 2024 13:35:00 GMT+0530 (India Standard Time)","6868.00","6885.65","6864.00","6880.30"
"Thu Dec 26 2024 13:40:00 GMT+0530 (India Standard Time)","6880.30","6888.85","6875.10","6888.85"
"Thu Dec 26 2024 13:45:00 GMT+0530 (India Standard Time)","6888.85","6888.85","6865.00","6871.45"
"Thu Dec 26 2024 13:50:00 GMT+0530 (India Standard Time)","6871.45","6873.65","6863.00","6872.50"
"Thu Dec 26 2024 13:55:00 GMT+0530 (India Standard Time)","6872.50","6872.50","6857.60","6857.60"
"Thu Dec 26 2024 14:00:00 GMT+0530 (India Standard Time)","6857.60","6862.00","6851.40","6857.55"
"Thu Dec 26 2024 14:05:00 GMT+0530 (India Standard Time)","6857.55","6873.00","6857.55","6873.00"
"Thu Dec 26 2024 14:10:00 GMT+0530 (India Standard Time)","6873.00","6873.95","6863.30","6868.25"
"Thu Dec 26 2024 14:15:00 GMT+0530 (India Standard Time)","6868.25","6879.25","6868.25","6868.40"
"Thu Dec 26 2024 14:20:00 GMT+0530 (India Standard Time)","6868.40","6878.35","6867.00","6878.35"
"Thu Dec 26 2024 14:25:00 GMT+0530 (India Standard Time)","6878.35","6879.00","6865.00","6865.00"
"Thu Dec 26 2024 14:30:00 GMT+0530 (India Standard Time)","6865.00","6873.85","6862.80","6865.70"
"Thu Dec 26 2024 14:35:00 GMT+0530 (India Standard Time)","6865.70","6868.30","6852.70","6868.30"
"Thu Dec 26 2024 14:40:00 GMT+0530 (India Standard Time)","6868.30","6873.95","6858.55","6866.35"
"Thu Dec 26 2024 14:45:00 GMT+0530 (India Standard Time)","6866.35","6877.45","6866.00","6870.80"
"Thu Dec 26 2024 14:50:00 GMT+0530 (India Standard Time)","6870.80","6875.85","6865.00","6867.80"
"Thu Dec 26 2024 14:55:00 GMT+0530 (India Standard Time)","6867.80","6868.60","6855.00","6860.00"
"Thu Dec 26 2024 15:00:00 GMT+0530 (India Standard Time)","6860.00","6899.95","6858.25","6895.95"
"Thu Dec 26 2024 15:05:00 GMT+0530 (India Standard Time)","6894.95","6907.90","6884.15","6897.25"
"Thu Dec 26 2024 15:10:00 GMT+0530 (India Standard Time)","6897.25","6909.75","6897.25","6907.65"
"Thu Dec 26 2024 15:15:00 GMT+0530 (India Standard Time)","6907.65","6909.00","6894.95","6900.00"
"Thu Dec 26 2024 15:20:00 GMT+0530 (India Standard Time)","6900.00","6906.00","6888.50","6893.55"
"Thu Dec 26 2024 15:25:00 GMT+0530 (India Standard Time)","6894.25","6896.55","6866.50","6893.00"
"Fri Dec 27 2024 09:15:00 GMT+0530 (India Standard Time)","6920.00","6974.80","6920.00","6936.30"
"Fri Dec 27 2024 09:20:00 GMT+0530 (India Standard Time)","6937.50","6940.00","6922.65","6934.50"
"Fri Dec 27 2024 09:25:00 GMT+0530 (India Standard Time)","6938.25","6938.25","6914.05","6926.30"
"Fri Dec 27 2024 09:30:00 GMT+0530 (India Standard Time)","6926.30","6929.15","6919.00","6919.00"
"Fri Dec 27 2024 09:35:00 GMT+0530 (India Standard Time)","6919.00","6921.70","6910.00","6921.70"
"Fri Dec 27 2024 09:40:00 GMT+0530 (India Standard Time)","6921.70","6929.95","6914.05","6927.15"
"Fri Dec 27 2024 09:45:00 GMT+0530 (India Standard Time)","6927.15","6935.90","6919.90","6935.30"
"Fri Dec 27 2024 09:50:00 GMT+0530 (India Standard Time)","6935.30","6947.45","6934.90","6940.00"
"Fri Dec 27 2024 09:55:00 GMT+0530 (India Standard Time)","6940.00","6942.50","6925.90","6928.95"
"Fri Dec 27 2024 10:00:00 GMT+0530 (India Standard Time)","6928.95","6929.25","6908.20","6910.00"
"Fri Dec 27 2024 10:05:00 GMT+0530 (India Standard Time)","6910.00","6916.70","6901.00","6905.85"
"Fri Dec 27 2024 10:10:00 GMT+0530 (India Standard Time)","6905.15","6913.45","6900.45","6908.50"
"Fri Dec 27 2024 10:15:00 GMT+0530 (India Standard Time)","6908.50","6921.65","6900.30","6921.65"
"Fri Dec 27 2024 10:20:00 GMT+0530 (India Standard Time)","6921.00","6924.00","6916.00","6916.10"
"Fri Dec 27 2024 10:25:00 GMT+0530 (India Standard Time)","6919.10","6919.10","6905.00","6909.00"
"Fri Dec 27 2024 10:30:00 GMT+0530 (India Standard Time)","6909.00","6913.50","6900.00","6901.75"
"Fri Dec 27 2024 10:35:00 GMT+0530 (India Standard Time)","6901.75","6910.55","6901.40","6905.80"
"Fri Dec 27 2024 10:40:00 GMT+0530 (India Standard Time)","6905.80","6905.80","6887.00","6887.00"
"Fri Dec 27 2024 10:45:00 GMT+0530 (India Standard Time)","6887.00","6893.85","6880.30","6891.95"
"Fri Dec 27 2024 10:50:00 GMT+0530 (India Standard Time)","6891.95","6891.95","6877.35","6885.00"
"Fri Dec 27 2024 10:55:00 GMT+0530 (India Standard Time)","6885.00","6888.90","6878.10","6883.50"
"Fri Dec 27 2024 11:00:00 GMT+0530 (India Standard Time)","6883.50","6883.50","6856.85","6865.30"
"Fri Dec 27 2024 11:05:00 GMT+0530 (India Standard Time)","6865.30","6888.05","6860.05","6882.05"
"Fri Dec 27 2024 11:10:00 GMT+0530 (India Standard Time)","6882.05","6888.45","6876.55","6884.00"
"Fri Dec 27 2024 11:15:00 GMT+0530 (India Standard Time)","6884.00","6887.75","6876.60","6879.95"
"Fri Dec 27 2024 11:20:00 GMT+0530 (India Standard Time)","6879.95","6879.95","6855.00","6859.40"
"Fri Dec 27 2024 11:25:00 GMT+0530 (India Standard Time)","6859.40","6870.00","6857.60","6870.00"
"Fri Dec 27 2024 11:30:00 GMT+0530 (India Standard Time)","6870.00","6870.85","6860.70","6865.90"
"Fri Dec 27 2024 11:35:00 GMT+0530 (India Standard Time)","6865.90","6867.25","6857.65","6860.00"
"Fri Dec 27 2024 11:40:00 GMT+0530 (India Standard Time)","6860.00","6867.55","6857.65","6860.15"
"Fri Dec 27 2024 11:45:00 GMT+0530 (India Standard Time)","6860.15","6863.65","6856.40","6860.90"
"Fri Dec 27 2024 11:50:00 GMT+0530 (India Standard Time)","6860.90","6861.00","6842.45","6842.45"
"Fri Dec 27 2024 11:55:00 GMT+0530 (India Standard Time)","6842.45","6850.60","6840.00","6848.45"
"Fri Dec 27 2024 12:00:00 GMT+0530 (India Standard Time)","6848.45","6851.95","6842.05","6845.50"
"Fri Dec 27 2024 12:05:00 GMT+0530 (India Standard Time)","6845.50","6848.35","6831.00","6840.00"
"Fri Dec 27 2024 12:10:00 GMT+0530 (India Standard Time)","6840.00","6842.95","6832.00","6842.95"
"Fri Dec 27 2024 12:15:00 GMT+0530 (India Standard Time)","6842.95","6846.00","6841.45","6844.50"
"Fri Dec 27 2024 12:20:00 GMT+0530 (India Standard Time)","6844.50","6857.70","6843.00","6854.05"
"Fri Dec 27 2024 12:25:00 GMT+0530 (India Standard Time)","6854.05","6861.30","6850.00","6859.20"
"Fri Dec 27 2024 12:30:00 GMT+0530 (India Standard Time)","6859.20","6869.65","6854.00","6860.75"
"Fri Dec 27 2024 12:35:00 GMT+0530 (India Standard Time)","6860.75","6870.00","6860.20","6865.35"
"Fri Dec 27 2024 12:40:00 GMT+0530 (India Standard Time)","6865.35","6865.35","6860.00","6860.00"
"Fri Dec 27 2024 12:45:00 GMT+0530 (India Standard Time)","6860.00","6861.90","6852.05","6852.50"
"Fri Dec 27 2024 12:50:00 GMT+0530 (India Standard Time)","6852.50","6853.00","6844.00","6848.30"
"Fri Dec 27 2024 12:55:00 GMT+0530 (India Standard Time)","6848.30","6848.30","6833.80","6838.95"
"Fri Dec 27 2024 13:00:00 GMT+0530 (India Standard Time)","6838.95","6850.00","6838.95","6850.00"
"Fri Dec 27 2024 13:05:00 GMT+0530 (India Standard Time)","6849.30","6851.00","6848.00","6850.60"
"Fri Dec 27 2024 13:10:00 GMT+0530 (India Standard Time)","6850.60","6858.05","6845.45","6857.00"
"Fri Dec 27 2024 13:15:00 GMT+0530 (India Standard Time)","6857.00","6863.70","6845.30","6858.70"
"Fri Dec 27 2024 13:20:00 GMT+0530 (India Standard Time)","6858.70","6867.75","6852.55","6863.90"
"Fri Dec 27 2024 13:25:00 GMT+0530 (India Standard Time)","6863.90","6868.90","6860.05","6860.05"
"Fri Dec 27 2024 13:30:00 GMT+0530 (India Standard Time)","6866.10","6867.90","6860.55","6866.90"
"Fri Dec 27 2024 13:35:00 GMT+0530 (India Standard Time)","6863.15","6874.00","6860.00","6873.20"
"Fri Dec 27 2024 13:40:00 GMT+0530 (India Standard Time)","6873.20","6876.15","6870.00","6872.10"
"Fri Dec 27 2024 13:45:00 GMT+0530 (India Standard Time)","6872.10","6878.00","6866.60","6873.70"
"Fri Dec 27 2024 13:50:00 GMT+0530 (India Standard Time)","6873.70","6876.15","6867.05","6869.45"
"Fri Dec 27 2024 13:55:00 GMT+0530 (India Standard Time)","6869.45","6878.00","6869.45","6876.20"
"Fri Dec 27 2024 14:00:00 GMT+0530 (India Standard Time)","6876.20","6889.45","6872.25","6889.00"
"Fri Dec 27 2024 14:05:00 GMT+0530 (India Standard Time)","6889.00","6894.95","6887.00","6892.95"
"Fri Dec 27 2024 14:10:00 GMT+0530 (India Standard Time)","6892.95","6894.85","6887.35","6890.20"
"Fri Dec 27 2024 14:15:00 GMT+0530 (India Standard Time)","6890.20","6896.25","6890.20","6893.95"
"Fri Dec 27 2024 14:20:00 GMT+0530 (India Standard Time)","6893.95","6893.95","6885.55","6889.65"
"Fri Dec 27 2024 14:25:00 GMT+0530 (India Standard Time)","6889.65","6895.80","6884.55","6888.00"
"Fri Dec 27 2024 14:30:00 GMT+0530 (India Standard Time)","6888.10","6899.90","6884.35","6895.00"
"Fri Dec 27 2024 14:35:00 GMT+0530 (India Standard Time)","6895.00","6905.15","6888.00","6903.00"
"Fri Dec 27 2024 14:40:00 GMT+0530 (India Standard Time)","6903.00","6903.40","6892.30","6898.00"
"Fri Dec 27 2024 14:45:00 GMT+0530 (India Standard Time)","6898.00","6902.95","6895.10","6900.00"
"Fri Dec 27 2024 14:50:00 GMT+0530 (India Standard Time)","6896.20","6899.45","6884.35","6888.00"
"Fri Dec 27 2024 14:55:00 GMT+0530 (India Standard Time)","6888.00","6891.15","6884.50","6887.90"
"Fri Dec 27 2024 15:00:00 GMT+0530 (India Standard Time)","6887.90","6894.60","6886.20","6889.80"
"Fri Dec 27 2024 15:05:00 GMT+0530 (India Standard Time)","6891.15","6893.15","6884.15","6888.10"
"Fri Dec 27 2024 15:10:00 GMT+0530 (India Standard Time)","6888.10","6893.00","6885.05","6892.55"
"Fri Dec 27 2024 15:15:00 GMT+0530 (India Standard Time)","6892.55","6895.00","6888.00","6888.00"
"Fri Dec 27 2024 15:20:00 GMT+0530 (India Standard Time)","6888.00","6891.80","6880.00","6883.85"
"Fri Dec 27 2024 15:25:00 GMT+0530 (India Standard Time)","6883.85","6888.50","6861.30","6870.00"
"Mon Dec 30 2024 09:15:00 GMT+0530 (India Standard Time)","6881.00","6911.75","6881.00","6891.50"
"Mon Dec 30 2024 09:20:00 GMT+0530 (India Standard Time)","6891.70","6897.50","6872.10","6881.90"
"Mon Dec 30 2024 09:25:00 GMT+0530 (India Standard Time)","6881.90","6887.05","6872.55","6872.55"
"Mon Dec 30 2024 09:30:00 GMT+0530 (India Standard Time)","6872.55","6880.45","6862.75","6876.80"
"Mon Dec 30 2024 09:35:00 GMT+0530 (India Standard Time)","6876.80","6880.45","6863.00","6866.30"
"Mon Dec 30 2024 09:40:00 GMT+0530 (India Standard Time)","6866.30","6866.30","6856.00","6865.40"
"Mon Dec 30 2024 09:45:00 GMT+0530 (India Standard Time)","6865.40","6870.00","6858.05","6869.35"
"Mon Dec 30 2024 09:50:00 GMT+0530 (India Standard Time)","6869.35","6896.10","6869.35","6894.45"
"Mon Dec 30 2024 09:55:00 GMT+0530 (India Standard Time)","6894.45","6908.00","6883.50","6887.40"
"Mon Dec 30 2024 10:00:00 GMT+0530 (India Standard Time)","6887.40","6900.00","6884.45","6896.05"
"Mon Dec 30 2024 10:05:00 GMT+0530 (India Standard Time)","6896.05","6896.05","6866.05","6878.10"
"Mon Dec 30 2024 10:10:00 GMT+0530 (India Standard Time)","6878.10","6882.35","6862.55","6866.00"
"Mon Dec 30 2024 10:15:00 GMT+0530 (India Standard Time)","6866.00","6871.05","6852.65","6857.75"
"Mon Dec 30 2024 10:20:00 GMT+0530 (India Standard Time)","6857.75","6866.80","6853.20","6864.80"
"Mon Dec 30 2024 10:25:00 GMT+0530 (India Standard Time)","6864.80","6870.00","6857.35","6857.35"
"Mon Dec 30 2024 10:30:00 GMT+0530 (India Standard Time)","6859.75","6867.15","6855.00","6862.55"
"Mon Dec 30 2024 10:35:00 GMT+0530 (India Standard Time)","6862.55","6865.00","6851.00","6856.00"
"Mon Dec 30 2024 10:40:00 GMT+0530 (India Standard Time)","6856.00","6856.00","6840.00","6852.85"
"Mon Dec 30 2024 10:45:00 GMT+0530 (India Standard Time)","6852.85","6871.85","6850.70","6866.00"
"Mon Dec 30 2024 10:50:00 GMT+0530 (India Standard Time)","6866.00","6871.10","6861.70","6864.50"
"Mon Dec 30 2024 10:55:00 GMT+0530 (India Standard Time)","6864.50","6864.95","6849.25","6857.10"
"Mon Dec 30 2024 11:00:00 GMT+0530 (India Standard Time)","6857.10","6857.10","6840.05","6850.00"
"Mon Dec 30 2024 11:05:00 GMT+0530 (India Standard Time)","6850.00","6857.15","6842.05","6855.00"
"Mon Dec 30 2024 11:10:00 GMT+0530 (India Standard Time)","6855.00","6857.35","6848.65","6851.75"
"Mon Dec 30 2024 11:15:00 GMT+0530 (India Standard Time)","6851.75","6853.00","6846.95","6851.40"
"Mon Dec 30 2024 11:20:00 GMT+0530 (India Standard Time)","6851.40","6866.15","6848.55","6859.85"
"Mon Dec 30 2024 11:25:00 GMT+0530 (India Standard Time)","6859.85","6870.00","6859.15","6868.95"
"Mon Dec 30 2024 11:30:00 GMT+0530 (India Standard Time)","6868.95","6894.00","6868.95","6890.75"
"Mon Dec 30 2024 11:35:00 GMT+0530 (India Standard Time)","6890.75","6896.25","6887.00","6891.65"
"Mon Dec 30 2024 11:40:00 GMT+0530 (India Standard Time)","6891.65","6895.40","6881.65","6890.75"
"Mon Dec 30 2024 11:45:00 GMT+0530 (India Standard Time)","6888.10","6891.25","6876.25","6889.65"
"Mon Dec 30 2024 11:50:00 GMT+0530 (India Standard Time)","6891.20","6903.70","6885.30","6885.30"
"Mon Dec 30 2024 11:55:00 GMT+0530 (India Standard Time)","6885.30","6887.80","6871.55","6872.00"
"Mon Dec 30 2024 12:00:00 GMT+0530 (India Standard Time)","6872.00","6873.50","6864.55","6867.05"
"Mon Dec 30 2024 12:05:00 GMT+0530 (India Standard Time)","6867.05","6873.75","6861.10","6862.25"
"Mon Dec 30 2024 12:10:00 GMT+0530 (India Standard Time)","6862.25","6865.85","6858.00","6858.85"
"Mon Dec 30 2024 12:15:00 GMT+0530 (India Standard Time)","6858.85","6859.55","6854.00","6854.00"
"Mon Dec 30 2024 12:20:00 GMT+0530 (India Standard Time)","6855.00","6859.15","6852.05","6858.60"
"Mon Dec 30 2024 12:25:00 GMT+0530 (India Standard Time)","6858.60","6858.85","6842.50","6842.50"
"Mon Dec 30 2024 12:30:00 GMT+0530 (India Standard Time)","6842.50","6852.20","6833.25","6849.05"
"Mon Dec 30 2024 12:35:00 GMT+0530 (India Standard Time)","6849.10","6849.10","6842.25","6844.05"
"Mon Dec 30 2024 12:40:00 GMT+0530 (India Standard Time)","6844.05","6851.05","6843.30","6850.05"
"Mon Dec 30 2024 12:45:00 GMT+0530 (India Standard Time)","6850.05","6867.25","6850.05","6860.80"
"Mon Dec 30 2024 12:50:00 GMT+0530 (India Standard Time)","6860.80","6867.90","6857.85","6863.95"
"Mon Dec 30 2024 12:55:00 GMT+0530 (India Standard Time)","6863.95","6870.00","6855.60","6867.70"
"Mon Dec 30 2024 13:00:00 GMT+0530 (India Standard Time)","6865.75","6867.45","6853.10","6853.10"
"Mon Dec 30 2024 13:05:00 GMT+0530 (India Standard Time)","6853.10","6862.00","6851.05","6856.05"
"Mon Dec 30 2024 13:10:00 GMT+0530 (India Standard Time)","6856.05","6860.65","6855.05","6860.65"
"Mon Dec 30 2024 13:15:00 GMT+0530 (India Standard Time)","6860.65","6863.45","6853.05","6861.45"
"Mon Dec 30 2024 13:20:00 GMT+0530 (India Standard Time)","6861.45","6861.45","6852.70","6852.75"
"Mon Dec 30 2024 13:25:00 GMT+0530 (India Standard Time)","6852.75","6856.40","6850.00","6855.65"
"Mon Dec 30 2024 13:30:00 GMT+0530 (India Standard Time)","6853.20","6856.25","6841.10","6847.40"
"Mon Dec 30 2024 13:35:00 GMT+0530 (India Standard Time)","6847.40","6847.40","6840.00","6842.50"
"Mon Dec 30 2024 13:40:00 GMT+0530 (India Standard Time)","6842.50","6848.95","6839.70","6843.55"
"Mon Dec 30 2024 13:45:00 GMT+0530 (India Standard Time)","6843.55","6843.55","6828.05","6832.75"
"Mon Dec 30 2024 13:50:00 GMT+0530 (India Standard Time)","6832.75","6838.25","6825.00","6828.25"
"Mon Dec 30 2024 13:55:00 GMT+0530 (India Standard Time)","6828.25","6839.55","6828.25","6831.00"
"Mon Dec 30 2024 14:00:00 GMT+0530 (India Standard Time)","6831.00","6833.90","6814.05","6826.20"
"Mon Dec 30 2024 14:05:00 GMT+0530 (India Standard Time)","6826.20","6836.70","6825.45","6829.30"
"Mon Dec 30 2024 14:10:00 GMT+0530 (India Standard Time)","6829.30","6842.00","6826.25","6841.60"
"Mon Dec 30 2024 14:15:00 GMT+0530 (India Standard Time)","6838.70","6853.95","6836.55","6850.00"
"Mon Dec 30 2024 14:20:00 GMT+0530 (India Standard Time)","6850.00","6853.30","6836.10","6839.90"
"Mon Dec 30 2024 14:25:00 GMT+0530 (India Standard Time)","6839.90","6843.90","6835.45","6838.85"
"Mon Dec 30 2024 14:30:00 GMT+0530 (India Standard Time)","6838.85","6858.95","6835.45","6858.95"
"Mon Dec 30 2024 14:35:00 GMT+0530 (India Standard Time)","6858.95","6875.95","6851.90","6867.85"
"Mon Dec 30 2024 14:40:00 GMT+0530 (India Standard Time)","6867.85","6876.15","6853.50","6871.25"
"Mon Dec 30 2024 14:45:00 GMT+0530 (India Standard Time)","6873.00","6898.00","6870.05","6894.20"
"Mon Dec 30 2024 14:50:00 GMT+0530 (India Standard Time)","6894.20","6930.00","6890.00","6924.80"
"Mon Dec 30 2024 14:55:00 GMT+0530 (India Standard Time)","6924.80","6965.70","6919.50","6943.10"
"Mon Dec 30 2024 15:00:00 GMT+0530 (India Standard Time)","6942.70","6947.80","6910.15","6929.10"
"Mon Dec 30 2024 15:05:00 GMT+0530 (India Standard Time)","6929.10","6939.95","6917.75","6939.95"
"Mon Dec 30 2024 15:10:00 GMT+0530 (India Standard Time)","6938.70","6950.65","6919.55","6919.55"
"Mon Dec 30 2024 15:15:00 GMT+0530 (India Standard Time)","6919.55","6925.55","6902.40","6924.95"
"Mon Dec 30 2024 15:20:00 GMT+0530 (India Standard Time)","6924.95","6929.00","6913.70","6924.05"
"Mon Dec 30 2024 15:25:00 GMT+0530 (India Standard Time)","6924.25","6924.25","6879.30","6885.00"
"Tue Dec 31 2024 09:15:00 GMT+0530 (India Standard Time)","6906.30","6925.55","6838.10","6843.15"
"Tue Dec 31 2024 09:20:00 GMT+0530 (India Standard Time)","6845.55","6858.65","6827.00","6843.30"
"Tue Dec 31 2024 09:25:00 GMT+0530 (India Standard Time)","6843.30","6868.25","6841.05","6847.35"
"Tue Dec 31 2024 09:30:00 GMT+0530 (India Standard Time)","6847.95","6847.95","6827.00","6828.00"
"Tue Dec 31 2024 09:35:00 GMT+0530 (India Standard Time)","6828.00","6845.95","6818.55","6845.00"
"Tue Dec 31 2024 09:40:00 GMT+0530 (India Standard Time)","6837.35","6843.45","6804.00","6808.00"
"Tue Dec 31 2024 09:45:00 GMT+0530 (India Standard Time)","6808.10","6818.95","6800.55","6814.45"
"Tue Dec 31 2024 09:50:00 GMT+0530 (India Standard Time)","6814.50","6818.40","6807.90","6814.05"
"Tue Dec 31 2024 09:55:00 GMT+0530 (India Standard Time)","6810.00","6812.00","6780.00","6791.45"
"Tue Dec 31 2024 10:00:00 GMT+0530 (India Standard Time)","6789.95","6795.00","6770.25","6778.80"
"Tue Dec 31 2024 10:05:00 GMT+0530 (India Standard Time)","6778.80","6783.85","6741.40","6765.30"
"Tue Dec 31 2024 10:10:00 GMT+0530 (India Standard Time)","6765.00","6770.60","6752.90","6762.05"
"Tue Dec 31 2024 10:15:00 GMT+0530 (India Standard Time)","6762.05","6777.95","6724.10","6729.95"
"Tue Dec 31 2024 10:20:00 GMT+0530 (India Standard Time)","6729.95","6782.00","6729.95","6775.25"
"Tue Dec 31 2024 10:25:00 GMT+0530 (India Standard Time)","6775.25","6776.15","6750.00","6752.35"
"Tue Dec 31 2024 10:30:00 GMT+0530 (India Standard Time)","6752.35","6773.20","6752.35","6761.85"
"Tue Dec 31 2024 10:35:00 GMT+0530 (India Standard Time)","6761.85","6775.00","6761.85","6774.35"
"Tue Dec 31 2024 10:40:00 GMT+0530 (India Standard Time)","6768.05","6779.95","6764.05","6775.00"
"Tue Dec 31 2024 10:45:00 GMT+0530 (India Standard Time)","6778.00","6779.00","6754.90","6758.75"
"Tue Dec 31 2024 10:50:00 GMT+0530 (India Standard Time)","6758.75","6785.00","6750.00","6782.50"
"Tue Dec 31 2024 10:55:00 GMT+0530 (India Standard Time)","6782.50","6789.95","6777.00","6782.45"
"Tue Dec 31 2024 11:00:00 GMT+0530 (India Standard Time)","6782.45","6784.80","6762.00","6765.00"
"Tue Dec 31 2024 11:05:00 GMT+0530 (India Standard Time)","6763.85","6784.45","6757.60","6784.45"
"Tue Dec 31 2024 11:10:00 GMT+0530 (India Standard Time)","6784.45","6802.60","6774.80","6797.10"
"Tue Dec 31 2024 11:15:00 GMT+0530 (India Standard Time)","6797.10","6803.15","6783.95","6793.85"
"Tue Dec 31 2024 11:20:00 GMT+0530 (India Standard Time)","6793.85","6799.95","6783.95","6790.00"
"Tue Dec 31 2024 11:25:00 GMT+0530 (India Standard Time)","6790.00","6799.00","6784.45","6785.00"
"Tue Dec 31 2024 11:30:00 GMT+0530 (India Standard Time)","6785.00","6788.25","6750.05","6754.30"
"Tue Dec 31 2024 11:35:00 GMT+0530 (India Standard Time)","6754.30","6758.05","6750.00","6751.00"
"Tue Dec 31 2024 11:40:00 GMT+0530 (India Standard Time)","6751.00","6767.35","6750.00","6763.20"
"Tue Dec 31 2024 11:45:00 GMT+0530 (India Standard Time)","6763.20","6771.80","6762.40","6763.05"
"Tue Dec 31 2024 11:50:00 GMT+0530 (India Standard Time)","6763.05","6769.80","6760.25","6764.00"
"Tue Dec 31 2024 11:55:00 GMT+0530 (India Standard Time)","6764.00","6764.60","6751.40","6764.45"
"Tue Dec 31 2024 12:00:00 GMT+0530 (India Standard Time)","6764.45","6776.95","6764.45","6771.25"
"Tue Dec 31 2024 12:05:00 GMT+0530 (India Standard Time)","6771.25","6780.05","6768.70","6778.20"
"Tue Dec 31 2024 12:10:00 GMT+0530 (India Standard Time)","6778.20","6784.00","6772.50","6780.50"
"Tue Dec 31 2024 12:15:00 GMT+0530 (India Standard Time)","6780.50","6788.75","6778.00","6782.20"
"Tue Dec 31 2024 12:20:00 GMT+0530 (India Standard Time)","6782.20","6794.00","6782.20","6794.00"
"Tue Dec 31 2024 12:25:00 GMT+0530 (India Standard Time)","6794.00","6797.90","6788.05","6793.65"
"Tue Dec 31 2024 12:30:00 GMT+0530 (India Standard Time)","6793.65","6794.30","6785.00","6793.10"
"Tue Dec 31 2024 12:35:00 GMT+0530 (India Standard Time)","6792.95","6793.00","6787.55","6792.85"
"Tue Dec 31 2024 12:40:00 GMT+0530 (India Standard Time)","6792.85","6794.00","6785.35","6787.25"
"Tue Dec 31 2024 12:45:00 GMT+0530 (India Standard Time)","6787.25","6790.85","6782.60","6790.00"
"Tue Dec 31 2024 12:50:00 GMT+0530 (India Standard Time)","6790.00","6793.90","6785.00","6786.65"
"Tue Dec 31 2024 12:55:00 GMT+0530 (India Standard Time)","6786.65","6795.00","6777.80","6794.90"
"Tue Dec 31 2024 13:00:00 GMT+0530 (India Standard Time)","6794.90","6795.80","6787.05","6790.00"
"Tue Dec 31 2024 13:05:00 GMT+0530 (India Standard Time)","6790.00","6804.00","6784.30","6799.85"
"Tue Dec 31 2024 13:10:00 GMT+0530 (India Standard Time)","6799.85","6799.85","6792.05","6799.25"
"Tue Dec 31 2024 13:15:00 GMT+0530 (India Standard Time)","6799.25","6799.25","6785.40","6789.45"
"Tue Dec 31 2024 13:20:00 GMT+0530 (India Standard Time)","6789.45","6799.50","6785.60","6799.50"
"Tue Dec 31 2024 13:25:00 GMT+0530 (India Standard Time)","6799.50","6808.60","6796.05","6808.00"
"Tue Dec 31 2024 13:30:00 GMT+0530 (India Standard Time)","6808.00","6810.50","6800.05","6800.40"
"Tue Dec 31 2024 13:35:00 GMT+0530 (India Standard Time)","6800.40","6813.95","6800.40","6812.80"
"Tue Dec 31 2024 13:40:00 GMT+0530 (India Standard Time)","6811.90","6814.00","6804.50","6804.50"
"Tue Dec 31 2024 13:45:00 GMT+0530 (India Standard Time)","6804.50","6812.60","6804.50","6807.00"
"Tue Dec 31 2024 13:50:00 GMT+0530 (India Standard Time)","6807.00","6815.85","6806.00","6813.70"
"Tue Dec 31 2024 13:55:00 GMT+0530 (India Standard Time)","6813.70","6815.85","6808.60","6815.00"
"Tue Dec 31 2024 14:00:00 GMT+0530 (India Standard Time)","6815.00","6820.90","6812.55","6820.00"
"Tue Dec 31 2024 14:05:00 GMT+0530 (India Standard Time)","6820.00","6823.80","6816.35","6820.00"
"Tue Dec 31 2024 14:10:00 GMT+0530 (India Standard Time)","6820.00","6823.85","6812.65","6818.55"
"Tue Dec 31 2024 14:15:00 GMT+0530 (India Standard Time)","6810.20","6818.70","6809.00","6809.00"
"Tue Dec 31 2024 14:20:00 GMT+0530 (India Standard Time)","6809.00","6811.60","6790.00","6799.60"
"Tue Dec 31 2024 14:25:00 GMT+0530 (India Standard Time)","6799.60","6800.00","6793.10","6797.05"
"Tue Dec 31 2024 14:30:00 GMT+0530 (India Standard Time)","6797.05","6800.95","6785.00","6791.15"
"Tue Dec 31 2024 14:35:00 GMT+0530 (India Standard Time)","6791.15","6799.90","6786.20","6799.90"
"Tue Dec 31 2024 14:40:00 GMT+0530 (India Standard Time)","6799.90","6804.95","6792.05","6800.00"
"Tue Dec 31 2024 14:45:00 GMT+0530 (India Standard Time)","6800.00","6810.00","6795.85","6807.70"
"Tue Dec 31 2024 14:50:00 GMT+0530 (India Standard Time)","6807.70","6813.60","6795.55","6800.10"
"Tue Dec 31 2024 14:55:00 GMT+0530 (India Standard Time)","6800.10","6803.95","6796.25","6802.95"
"Tue Dec 31 2024 15:00:00 GMT+0530 (India Standard Time)","6802.95","6802.95","6776.00","6778.90"
"Tue Dec 31 2024 15:05:00 GMT+0530 (India Standard Time)","6778.90","6793.60","6776.15","6790.25"
"Tue Dec 31 2024 15:10:00 GMT+0530 (India Standard Time)","6794.00","6810.00","6791.25","6807.40"
"Tue Dec 31 2024 15:15:00 GMT+0530 (India Standard Time)","6808.00","6812.95","6800.00","6806.65"
"Tue Dec 31 2024 15:20:00 GMT+0530 (India Standard Time)","6806.65","6808.40","6791.85","6797.00"
"Tue Dec 31 2024 15:25:00 GMT+0530 (India Standard Time)","6796.95","6800.00","6783.10","6787.00"
"Wed Jan 01 2025 09:15:00 GMT+0530 (India Standard Time)","6810.50","6840.00","6777.05","6820.75"
"Wed Jan 01 2025 09:20:00 GMT+0530 (India Standard Time)","6819.95","6825.80","6807.15","6820.00"
"Wed Jan 01 2025 09:25:00 GMT+0530 (India Standard Time)","6820.00","6822.05","6806.05","6810.05"
"Wed Jan 01 2025 09:30:00 GMT+0530 (India Standard Time)","6810.05","6819.00","6799.00","6800.20"
"Wed Jan 01 2025 09:35:00 GMT+0530 (India Standard Time)","6799.15","6809.00","6794.00","6807.30"
"Wed Jan 01 2025 09:40:00 GMT+0530 (India Standard Time)","6807.30","6810.00","6800.15","6809.40"
"Wed Jan 01 2025 09:45:00 GMT+0530 (India Standard Time)","6809.40","6809.40","6777.00","6777.00"
"Wed Jan 01 2025 09:50:00 GMT+0530 (India Standard Time)","6777.00","6780.00","6767.10","6770.00"
"Wed Jan 01 2025 09:55:00 GMT+0530 (India Standard Time)","6770.00","6779.95","6765.00","6779.55"
"Wed Jan 01 2025 10:00:00 GMT+0530 (India Standard Time)","6775.35","6782.00","6773.60","6780.00"
"Wed Jan 01 2025 10:05:00 GMT+0530 (India Standard Time)","6780.00","6780.00","6770.00","6770.20"
"Wed Jan 01 2025 10:10:00 GMT+0530 (India Standard Time)","6771.00","6784.40","6770.25","6779.65"
"Wed Jan 01 2025 10:15:00 GMT+0530 (India Standard Time)","6779.65","6783.95","6775.05","6783.40"
"Wed Jan 01 2025 10:20:00 GMT+0530 (India Standard Time)","6783.40","6783.95","6770.60","6774.60"
"Wed Jan 01 2025 10:25:00 GMT+0530 (India Standard Time)","6774.60","6783.95","6774.60","6776.50"
"Wed Jan 01 2025 10:30:00 GMT+0530 (India Standard Time)","6776.50","6778.60","6771.00","6778.60"
"Wed Jan 01 2025 10:35:00 GMT+0530 (India Standard Time)","6778.60","6782.30","6775.00","6782.00"
"Wed Jan 01 2025 10:40:00 GMT+0530 (India Standard Time)","6782.90","6783.95","6776.30","6780.65"
"Wed Jan 01 2025 10:45:00 GMT+0530 (India Standard Time)","6780.65","6783.00","6771.00","6778.05"
"Wed Jan 01 2025 10:50:00 GMT+0530 (India Standard Time)","6778.05","6783.65","6774.10","6779.65"
"Wed Jan 01 2025 10:55:00 GMT+0530 (India Standard Time)","6779.65","6780.35","6772.20","6779.10"
"Wed Jan 01 2025 11:00:00 GMT+0530 (India Standard Time)","6779.15","6779.15","6740.00","6742.00"
"Wed Jan 01 2025 11:05:00 GMT+0530 (India Standard Time)","6742.00","6742.00","6711.60","6727.85"
"Wed Jan 01 2025 11:10:00 GMT+0530 (India Standard Time)","6727.85","6736.75","6724.05","6734.70"
"Wed Jan 01 2025 11:15:00 GMT+0530 (India Standard Time)","6734.70","6745.00","6730.00","6740.40"
"Wed Jan 01 2025 11:20:00 GMT+0530 (India Standard Time)","6740.40","6742.85","6738.25","6740.00"
"Wed Jan 01 2025 11:25:00 GMT+0530 (India Standard Time)","6740.00","6742.75","6732.70","6732.80"
"Wed Jan 01 2025 11:30:00 GMT+0530 (India Standard Time)","6732.80","6737.10","6725.00","6726.00"
"Wed Jan 01 2025 11:35:00 GMT+0530 (India Standard Time)","6726.90","6729.95","6720.00","6721.60"
"Wed Jan 01 2025 11:40:00 GMT+0530 (India Standard Time)","6721.60","6737.00","6721.60","6736.00"
"Wed Jan 01 2025 11:45:00 GMT+0530 (India Standard Time)","6736.00","6741.90","6733.45","6740.85"
"Wed Jan 01 2025 11:50:00 GMT+0530 (India Standard Time)","6740.85","6745.00","6737.10","6741.60"
"Wed Jan 01 2025 11:55:00 GMT+0530 (India Standard Time)","6739.00","6742.90","6735.50","6742.90"
"Wed Jan 01 2025 12:00:00 GMT+0530 (India Standard Time)","6742.90","6742.90","6734.65","6738.65"
"Wed Jan 01 2025 12:05:00 GMT+0530 (India Standard Time)","6738.65","6742.95","6736.55","6742.00"
"Wed Jan 01 2025 12:10:00 GMT+0530 (India Standard Time)","6742.00","6742.00","6737.00","6739.90"
"Wed Jan 01 2025 12:15:00 GMT+0530 (India Standard Time)","6739.90","6739.90","6737.00","6738.00"
"Wed Jan 01 2025 12:20:00 GMT+0530 (India Standard Time)","6738.00","6748.00","6737.00","6746.00"
"Wed Jan 01 2025 12:25:00 GMT+0530 (India Standard Time)","6746.00","6748.00","6741.00","6744.00"
"Wed Jan 01 2025 12:30:00 GMT+0530 (India Standard Time)","6744.00","6746.00","6741.00","6746.00"
"Wed Jan 01 2025 12:35:00 GMT+0530 (India Standard Time)","6746.00","6747.00","6741.30","6747.00"
"Wed Jan 01 2025 12:40:00 GMT+0530 (India Standard Time)","6747.00","6747.00","6740.00","6742.00"
"Wed Jan 01 2025 12:45:00 GMT+0530 (India Standard Time)","6742.00","6746.40","6735.00","6744.00"
"Wed Jan 01 2025 12:50:00 GMT+0530 (India Standard Time)","6744.00","6744.00","6730.00","6733.45"
"Wed Jan 01 2025 12:55:00 GMT+0530 (India Standard Time)","6733.45","6733.55","6725.65","6728.40"
"Wed Jan 01 2025 13:00:00 GMT+0530 (India Standard Time)","6728.40","6733.50","6723.00","6733.50"
"Wed Jan 01 2025 13:05:00 GMT+0530 (India Standard Time)","6733.50","6738.40","6718.00","6722.55"
"Wed Jan 01 2025 13:10:00 GMT+0530 (India Standard Time)","6722.55","6727.00","6720.05","6723.90"
"Wed Jan 01 2025 13:15:00 GMT+0530 (India Standard Time)","6723.90","6733.00","6721.40","6733.00"
"Wed Jan 01 2025 13:20:00 GMT+0530 (India Standard Time)","6733.00","6733.00","6731.00","6731.00"
"Wed Jan 01 2025 13:25:00 GMT+0530 (India Standard Time)","6731.00","6735.20","6727.90","6734.65"
"Wed Jan 01 2025 13:30:00 GMT+0530 (India Standard Time)","6734.65","6734.65","6727.50","6732.25"
"Wed Jan 01 2025 13:35:00 GMT+0530 (India Standard Time)","6732.45","6732.50","6727.00","6732.25"
"Wed Jan 01 2025 13:40:00 GMT+0530 (India Standard Time)","6732.25","6738.20","6729.55","6734.85"
"Wed Jan 01 2025 13:45:00 GMT+0530 (India Standard Time)","6734.85","6738.00","6729.00","6734.30"
"Wed Jan 01 2025 13:50:00 GMT+0530 (India Standard Time)","6734.25","6737.95","6730.00","6737.90"
"Wed Jan 01 2025 13:55:00 GMT+0530 (India Standard Time)","6737.90","6737.95","6729.40","6737.00"
"Wed Jan 01 2025 14:00:00 GMT+0530 (India Standard Time)","6737.00","6743.95","6735.35","6740.40"
"Wed Jan 01 2025 14:05:00 GMT+0530 (India Standard Time)","6740.40","6742.00","6735.00","6737.95"
"Wed Jan 01 2025 14:10:00 GMT+0530 (India Standard Time)","6735.00","6742.75","6730.00","6736.45"
"Wed Jan 01 2025 14:15:00 GMT+0530 (India Standard Time)","6736.45","6736.45","6731.20","6734.35"
"Wed Jan 01 2025 14:20:00 GMT+0530 (India Standard Time)","6734.35","6741.70","6733.85","6738.05"
"Wed Jan 01 2025 14:25:00 GMT+0530 (India Standard Time)","6738.05","6741.45","6732.50","6733.00"
"Wed Jan 01 2025 14:30:00 GMT+0530 (India Standard Time)","6731.00","6739.90","6731.00","6735.00"
"Wed Jan 01 2025 14:35:00 GMT+0530 (India Standard Time)","6735.60","6739.00","6733.00","6737.00"
"Wed Jan 01 2025 14:40:00 GMT+0530 (India Standard Time)","6737.00","6737.50","6730.00","6730.80"
"Wed Jan 01 2025 14:45:00 GMT+0530 (India Standard Time)","6734.00","6735.00","6729.40","6732.00"
"Wed Jan 01 2025 14:50:00 GMT+0530 (India Standard Time)","6732.00","6735.00","6730.00","6734.00"
"Wed Jan 01 2025 14:55:00 GMT+0530 (India Standard Time)","6734.00","6743.90","6734.00","6741.95"
"Wed Jan 01 2025 15:00:00 GMT+0530 (India Standard Time)","6743.95","6745.00","6739.00","6739.15"
"Wed Jan 01 2025 15:05:00 GMT+0530 (India Standard Time)","6739.15","6743.15","6733.65","6743.00"
"Wed Jan 01 2025 15:10:00 GMT+0530 (India Standard Time)","6745.85","6749.80","6742.95","6748.35"
"Wed Jan 01 2025 15:15:00 GMT+0530 (India Standard Time)","6748.35","6754.80","6737.05","6754.40"
"Wed Jan 01 2025 15:20:00 GMT+0530 (India Standard Time)","6750.50","6754.95","6740.80","6748.00"
"Wed Jan 01 2025 15:25:00 GMT+0530 (India Standard Time)","6747.95","6749.95","6733.00","6740.00"
"Thu Jan 02 2025 09:15:00 GMT+0530 (India Standard Time)","6743.75","6779.95","6662.05","6673.85"
"Thu Jan 02 2025 09:20:00 GMT+0530 (India Standard Time)","6664.70","6689.45","6644.35","6679.00"
"Thu Jan 02 2025 09:25:00 GMT+0530 (India Standard Time)","6680.00","6682.15","6615.90","6621.90"
"Thu Jan 02 2025 09:30:00 GMT+0530 (India Standard Time)","6625.25","6641.00","6555.25","6583.95"
"Thu Jan 02 2025 09:35:00 GMT+0530 (India Standard Time)","6583.10","6624.55","6565.05","6611.90"
"Thu Jan 02 2025 09:40:00 GMT+0530 (India Standard Time)","6611.90","6616.00","6596.00","6610.00"
"Thu Jan 02 2025 09:45:00 GMT+0530 (India Standard Time)","6610.00","6612.00","6588.10","6589.80"
"Thu Jan 02 2025 09:50:00 GMT+0530 (India Standard Time)","6588.00","6588.95","6512.05","6516.00"
"Thu Jan 02 2025 09:55:00 GMT+0530 (India Standard Time)","6516.00","6543.50","6512.00","6528.80"
"Thu Jan 02 2025 10:00:00 GMT+0530 (India Standard Time)","6530.00","6540.00","6508.20","6530.00"
"Thu Jan 02 2025 10:05:00 GMT+0530 (India Standard Time)","6530.00","6559.80","6529.95","6557.30"
"Thu Jan 02 2025 10:10:00 GMT+0530 (India Standard Time)","6559.80","6601.45","6559.80","6597.20"
"Thu Jan 02 2025 10:15:00 GMT+0530 (India Standard Time)","6597.20","6633.00","6584.35","6625.25"
"Thu Jan 02 2025 10:20:00 GMT+0530 (India Standard Time)","6625.25","6631.60","6590.00","6610.10"
"Thu Jan 02 2025 10:25:00 GMT+0530 (India Standard Time)","6610.50","6610.85","6596.00","6603.10"
"Thu Jan 02 2025 10:30:00 GMT+0530 (India Standard Time)","6603.10","6625.00","6602.25","6618.65"
"Thu Jan 02 2025 10:35:00 GMT+0530 (India Standard Time)","6618.45","6622.00","6606.05","6614.95"
"Thu Jan 02 2025 10:40:00 GMT+0530 (India Standard Time)","6614.95","6622.00","6610.00","6622.00"
"Thu Jan 02 2025 10:45:00 GMT+0530 (India Standard Time)","6622.00","6624.00","6617.35","6620.00"
"Thu Jan 02 2025 10:50:00 GMT+0530 (India Standard Time)","6620.00","6620.00","6601.50","6612.95"
"Thu Jan 02 2025 10:55:00 GMT+0530 (India Standard Time)","6612.95","6623.95","6609.35","6620.00"
"Thu Jan 02 2025 11:00:00 GMT+0530 (India Standard Time)","6623.20","6648.00","6620.60","6645.00"
"Thu Jan 02 2025 11:05:00 GMT+0530 (India Standard Time)","6645.00","6656.00","6630.00","6632.65"
"Thu Jan 02 2025 11:10:00 GMT+0530 (India Standard Time)","6632.65","6633.60","6620.00","6624.30"
"Thu Jan 02 2025 11:15:00 GMT+0530 (India Standard Time)","6624.30","6629.00","6620.00","6627.40"
"Thu Jan 02 2025 11:20:00 GMT+0530 (India Standard Time)","6627.40","6633.00","6622.00","6630.00"
"Thu Jan 02 2025 11:25:00 GMT+0530 (India Standard Time)","6630.00","6636.95","6626.40","6634.80"
"Thu Jan 02 2025 11:30:00 GMT+0530 (India Standard Time)","6635.00","6640.00","6633.00","6636.00"
"Thu Jan 02 2025 11:35:00 GMT+0530 (India Standard Time)","6639.40","6650.00","6636.05","6645.00"
"Thu Jan 02 2025 11:40:00 GMT+0530 (India Standard Time)","6645.00","6645.00","6620.00","6620.00"
"Thu Jan 02 2025 11:45:00 GMT+0530 (India Standard Time)","6623.10","6627.00","6610.65","6613.35"
"Thu Jan 02 2025 11:50:00 GMT+0530 (India Standard Time)","6613.35","6629.05","6610.00","6625.00"
"Thu Jan 02 2025 11:55:00 GMT+0530 (India Standard Time)","6625.00","6635.25","6622.50","6632.80"
"Thu Jan 02 2025 12:00:00 GMT+0530 (India Standard Time)","6632.50","6640.00","6632.00","6636.45"
"Thu Jan 02 2025 12:05:00 GMT+0530 (India Standard Time)","6636.45","6639.90","6632.10","6634.10"
"Thu Jan 02 2025 12:10:00 GMT+0530 (India Standard Time)","6635.00","6639.00","6634.00","6636.65"
"Thu Jan 02 2025 12:15:00 GMT+0530 (India Standard Time)","6636.65","6637.00","6632.00","6634.90"
"Thu Jan 02 2025 12:20:00 GMT+0530 (India Standard Time)","6634.90","6649.00","6631.50","6647.00"
"Thu Jan 02 2025 12:25:00 GMT+0530 (India Standard Time)","6647.00","6650.00","6645.00","6649.00"
"Thu Jan 02 2025 12:30:00 GMT+0530 (India Standard Time)","6649.00","6659.00","6644.40","6655.00"
"Thu Jan 02 2025 12:35:00 GMT+0530 (India Standard Time)","6650.75","6656.15","6650.00","6654.20"
"Thu Jan 02 2025 12:40:00 GMT+0530 (India Standard Time)","6654.20","6659.00","6651.00","6657.90"
"Thu Jan 02 2025 12:45:00 GMT+0530 (India Standard Time)","6657.00","6658.00","6651.60","6652.30"
"Thu Jan 02 2025 12:50:00 GMT+0530 (India Standard Time)","6652.30","6655.85","6640.00","6649.05"
"Thu Jan 02 2025 12:55:00 GMT+0530 (India Standard Time)","6652.65","6655.00","6649.15","6654.95"
"Thu Jan 02 2025 13:00:00 GMT+0530 (India Standard Time)","6656.00","6657.00","6650.00","6654.00"
"Thu Jan 02 2025 13:05:00 GMT+0530 (India Standard Time)","6654.00","6660.50","6650.20","6657.40"
"Thu Jan 02 2025 13:10:00 GMT+0530 (India Standard Time)","6657.40","6666.00","6654.45","6665.00"
"Thu Jan 02 2025 13:15:00 GMT+0530 (India Standard Time)","6665.00","6673.25","6661.90","6665.40"
"Thu Jan 02 2025 13:20:00 GMT+0530 (India Standard Time)","6666.10","6670.65","6659.50","6665.20"
"Thu Jan 02 2025 13:25:00 GMT+0530 (India Standard Time)","6665.20","6672.50","6661.50","6672.00"
"Thu Jan 02 2025 13:30:00 GMT+0530 (India Standard Time)","6672.00","6681.95","6669.40","6680.90"
"Thu Jan 02 2025 13:35:00 GMT+0530 (India Standard Time)","6678.20","6683.00","6677.65","6683.00"
"Thu Jan 02 2025 13:40:00 GMT+0530 (India Standard Time)","6683.00","6683.05","6670.95","6679.00"
"Thu Jan 02 2025 13:45:00 GMT+0530 (India Standard Time)","6681.30","6681.55","6676.65","6680.00"
"Thu Jan 02 2025 13:50:00 GMT+0530 (India Standard Time)","6680.00","6681.30","6670.20","6674.00"
"Thu Jan 02 2025 13:55:00 GMT+0530 (India Standard Time)","6672.00","6678.30","6664.65","6671.00"
"Thu Jan 02 2025 14:00:00 GMT+0530 (India Standard Time)","6671.00","6672.40","6662.80","6664.30"
"Thu Jan 02 2025 14:05:00 GMT+0530 (India Standard Time)","6664.70","6677.00","6663.05","6676.70"
"Thu Jan 02 2025 14:10:00 GMT+0530 (India Standard Time)","6676.70","6680.00","6667.00","6679.95"
"Thu Jan 02 2025 14:15:00 GMT+0530 (India Standard Time)","6677.20","6684.00","6677.20","6680.10"
"Thu Jan 02 2025 14:20:00 GMT+0530 (India Standard Time)","6684.20","6694.95","6677.25","6694.90"
"Thu Jan 02 2025 14:25:00 GMT+0530 (India Standard Time)","6694.90","6694.90","6686.35","6690.00"
"Thu Jan 02 2025 14:30:00 GMT+0530 (India Standard Time)","6690.00","6693.00","6685.00","6690.70"
"Thu Jan 02 2025 14:35:00 GMT+0530 (India Standard Time)","6690.70","6710.55","6690.10","6704.70"
"Thu Jan 02 2025 14:40:00 GMT+0530 (India Standard Time)","6706.55","6710.00","6706.00","6708.00"
"Thu Jan 02 2025 14:45:00 GMT+0530 (India Standard Time)","6708.00","6715.15","6708.00","6713.85"
"Thu Jan 02 2025 14:50:00 GMT+0530 (India Standard Time)","6713.85","6714.95","6710.00","6710.10"
"Thu Jan 02 2025 14:55:00 GMT+0530 (India Standard Time)","6710.10","6711.40","6701.10","6703.00"
"Thu Jan 02 2025 15:00:00 GMT+0530 (India Standard Time)","6703.00","6709.95","6701.40","6704.00"
"Thu Jan 02 2025 15:05:00 GMT+0530 (India Standard Time)","6699.00","6699.95","6690.05","6693.50"
"Thu Jan 02 2025 15:10:00 GMT+0530 (India Standard Time)","6695.90","6699.00","6691.20","6698.15"
"Thu Jan 02 2025 15:15:00 GMT+0530 (India Standard Time)","6698.15","6707.65","6698.15","6703.00"
"Thu Jan 02 2025 15:20:00 GMT+0530 (India Standard Time)","6703.00","6721.55","6702.85","6709.95"
"Thu Jan 02 2025 15:25:00 GMT+0530 (India Standard Time)","6709.50","6715.90","6694.65","6702.00"
"Fri Jan 03 2025 09:15:00 GMT+0530 (India Standard Time)","6710.00","6759.80","6680.40","6696.80"
"Fri Jan 03 2025 09:20:00 GMT+0530 (India Standard Time)","6696.15","6697.35","6654.00","6679.00"
"Fri Jan 03 2025 09:25:00 GMT+0530 (India Standard Time)","6679.00","6705.95","6673.35","6696.00"
"Fri Jan 03 2025 09:30:00 GMT+0530 (India Standard Time)","6696.00","6700.00","6670.00","6676.35"
"Fri Jan 03 2025 09:35:00 GMT+0530 (India Standard Time)","6676.35","6679.75","6650.10","6664.00"
"Fri Jan 03 2025 09:40:00 GMT+0530 (India Standard Time)","6664.00","6672.50","6655.00","6658.95"
"Fri Jan 03 2025 09:45:00 GMT+0530 (India Standard Time)","6658.95","6660.00","6635.00","6636.75"
"Fri Jan 03 2025 09:50:00 GMT+0530 (India Standard Time)","6638.95","6645.90","6635.00","6639.15"
"Fri Jan 03 2025 09:55:00 GMT+0530 (India Standard Time)","6638.95","6645.05","6630.25","6640.00"
"Fri Jan 03 2025 10:00:00 GMT+0530 (India Standard Time)","6639.45","6651.95","6633.00","6636.00"
"Fri Jan 03 2025 10:05:00 GMT+0530 (India Standard Time)","6636.00","6646.75","6626.00","6630.70"
"Fri Jan 03 2025 10:10:00 GMT+0530 (India Standard Time)","6630.70","6639.70","6612.00","6614.00"
"Fri Jan 03 2025 10:15:00 GMT+0530 (India Standard Time)","6614.00","6631.50","6612.00","6627.10"
"Fri Jan 03 2025 10:20:00 GMT+0530 (India Standard Time)","6627.15","6654.80","6622.00","6654.80"
"Fri Jan 03 2025 10:25:00 GMT+0530 (India Standard Time)","6656.00","6660.00","6650.05","6650.05"
"Fri Jan 03 2025 10:30:00 GMT+0530 (India Standard Time)","6650.05","6653.45","6639.65","6645.45"
"Fri Jan 03 2025 10:35:00 GMT+0530 (India Standard Time)","6641.00","6647.25","6640.00","6643.25"
"Fri Jan 03 2025 10:40:00 GMT+0530 (India Standard Time)","6643.50","6643.55","6625.00","6640.00"
"Fri Jan 03 2025 10:45:00 GMT+0530 (India Standard Time)","6639.95","6641.00","6630.00","6639.35"
"Fri Jan 03 2025 10:50:00 GMT+0530 (India Standard Time)","6640.00","6650.00","6635.00","6641.80"
"Fri Jan 03 2025 10:55:00 GMT+0530 (India Standard Time)","6641.80","6641.80","6629.00","6631.05"
"Fri Jan 03 2025 11:00:00 GMT+0530 (India Standard Time)","6631.05","6644.80","6631.00","6631.00"
"Fri Jan 03 2025 11:05:00 GMT+0530 (India Standard Time)","6633.80","6642.00","6628.30","6636.20"
"Fri Jan 03 2025 11:10:00 GMT+0530 (India Standard Time)","6638.25","6640.00","6629.15","6630.65"
"Fri Jan 03 2025 11:15:00 GMT+0530 (India Standard Time)","6633.10","6639.00","6627.15","6635.55"
"Fri Jan 03 2025 11:20:00 GMT+0530 (India Standard Time)","6635.55","6641.25","6630.25","6639.70"
"Fri Jan 03 2025 11:25:00 GMT+0530 (India Standard Time)","6639.70","6654.00","6638.00","6648.25"
"Fri Jan 03 2025 11:30:00 GMT+0530 (India Standard Time)","6648.25","6651.95","6642.75","6648.00"
"Fri Jan 03 2025 11:35:00 GMT+0530 (India Standard Time)","6648.00","6648.75","6641.60","6643.95"
"Fri Jan 03 2025 11:40:00 GMT+0530 (India Standard Time)","6643.95","6648.00","6641.30","6647.50"
"Fri Jan 03 2025 11:45:00 GMT+0530 (India Standard Time)","6647.50","6647.50","6641.00","6644.00"
"Fri Jan 03 2025 11:50:00 GMT+0530 (India Standard Time)","6644.00","6647.40","6640.00","6644.85"
"Fri Jan 03 2025 11:55:00 GMT+0530 (India Standard Time)","6644.85","6646.85","6640.10","6645.00"
"Fri Jan 03 2025 12:00:00 GMT+0530 (India Standard Time)","6645.00","6654.00","6645.00","6648.45"
"Fri Jan 03 2025 12:05:00 GMT+0530 (India Standard Time)","6652.90","6652.90","6640.00","6644.00"
"Fri Jan 03 2025 12:10:00 GMT+0530 (India Standard Time)","6644.00","6649.50","6630.00","6631.55"
"Fri Jan 03 2025 12:15:00 GMT+0530 (India Standard Time)","6631.55","6642.70","6623.35","6629.75"
"Fri Jan 03 2025 12:20:00 GMT+0530 (India Standard Time)","6629.75","6644.00","6625.05","6643.70"
"Fri Jan 03 2025 12:25:00 GMT+0530 (India Standard Time)","6643.70","6650.65","6635.00","6638.10"
"Fri Jan 03 2025 12:30:00 GMT+0530 (India Standard Time)","6638.10","6644.65","6636.00","6641.00"
"Fri Jan 03 2025 12:35:00 GMT+0530 (India Standard Time)","6638.45","6644.95","6637.00","6641.95"
"Fri Jan 03 2025 12:40:00 GMT+0530 (India Standard Time)","6642.00","6646.00","6637.45","6645.00"
"Fri Jan 03 2025 12:45:00 GMT+0530 (India Standard Time)","6645.00","6645.00","6637.00","6639.75"
"Fri Jan 03 2025 12:50:00 GMT+0530 (India Standard Time)","6639.75","6646.00","6636.10","6646.00"
"Fri Jan 03 2025 12:55:00 GMT+0530 (India Standard Time)","6646.00","6648.50","6642.10","6646.20"
"Fri Jan 03 2025 13:00:00 GMT+0530 (India Standard Time)","6646.20","6653.00","6645.05","6653.00"
"Fri Jan 03 2025 13:05:00 GMT+0530 (India Standard Time)","6653.00","6655.00","6650.00","6650.05"
"Fri Jan 03 2025 13:10:00 GMT+0530 (India Standard Time)","6650.05","6653.00","6647.05","6652.65"
"Fri Jan 03 2025 13:15:00 GMT+0530 (India Standard Time)","6652.65","6653.00","6645.65","6648.80"
"Fri Jan 03 2025 13:20:00 GMT+0530 (India Standard Time)","6648.80","6649.90","6645.00","6647.50"
"Fri Jan 03 2025 13:25:00 GMT+0530 (India Standard Time)","6647.50","6649.45","6645.00","6648.00"
"Fri Jan 03 2025 13:30:00 GMT+0530 (India Standard Time)","6648.00","6649.30","6645.05","6648.45"
"Fri Jan 03 2025 13:35:00 GMT+0530 (India Standard Time)","6648.45","6648.45","6645.00","6645.00"
"Fri Jan 03 2025 13:40:00 GMT+0530 (India Standard Time)","6646.95","6647.00","6636.70","6636.70"
"Fri Jan 03 2025 13:45:00 GMT+0530 (India Standard Time)","6636.70","6644.00","6636.25","6643.85"
"Fri Jan 03 2025 13:50:00 GMT+0530 (India Standard Time)","6643.85","6643.85","6636.05","6642.15"
"Fri Jan 03 2025 13:55:00 GMT+0530 (India Standard Time)","6642.15","6643.35","6629.00","6637.00"
"Fri Jan 03 2025 14:00:00 GMT+0530 (India Standard Time)","6633.65","6637.00","6622.00","6628.85"
"Fri Jan 03 2025 14:05:00 GMT+0530 (India Standard Time)","6626.00","6629.70","6620.00","6621.85"
"Fri Jan 03 2025 14:10:00 GMT+0530 (India Standard Time)","6621.95","6624.80","6620.00","6621.40"
"Fri Jan 03 2025 14:15:00 GMT+0530 (India Standard Time)","6621.40","6624.00","6615.00","6615.80"
"Fri Jan 03 2025 14:20:00 GMT+0530 (India Standard Time)","6615.80","6620.00","6610.05","6610.05"
"Fri Jan 03 2025 14:25:00 GMT+0530 (India Standard Time)","6612.05","6616.75","6607.00","6612.95"
"Fri Jan 03 2025 14:30:00 GMT+0530 (India Standard Time)","6612.00","6621.40","6612.00","6619.90"
"Fri Jan 03 2025 14:35:00 GMT+0530 (India Standard Time)","6619.90","6638.80","6617.45","6632.95"
"Fri Jan 03 2025 14:40:00 GMT+0530 (India Standard Time)","6632.95","6633.80","6621.95","6629.90"
"Fri Jan 03 2025 14:45:00 GMT+0530 (India Standard Time)","6629.90","6643.45","6622.75","6637.55"
"Fri Jan 03 2025 14:50:00 GMT+0530 (India Standard Time)","6637.55","6643.70","6632.05","6643.70"
"Fri Jan 03 2025 14:55:00 GMT+0530 (India Standard Time)","6643.70","6644.00","6638.00","6641.00"
"Fri Jan 03 2025 15:00:00 GMT+0530 (India Standard Time)","6641.00","6641.10","6625.00","6634.90"
"Fri Jan 03 2025 15:05:00 GMT+0530 (India Standard Time)","6636.45","6651.95","6630.05","6651.05"
"Fri Jan 03 2025 15:10:00 GMT+0530 (India Standard Time)","6655.00","6655.00","6649.65","6652.00"
"Fri Jan 03 2025 15:15:00 GMT+0530 (India Standard Time)","6651.95","6655.00","6643.80","6647.55"
"Fri Jan 03 2025 15:20:00 GMT+0530 (India Standard Time)","6646.25","6653.00","6646.00","6649.45"
"Fri Jan 03 2025 15:25:00 GMT+0530 (India Standard Time)","6652.00","6665.00","6645.05","6652.80"
"Mon Jan 06 2025 09:15:00 GMT+0530 (India Standard Time)","6690.00","6710.90","6668.00","6698.85"
"Mon Jan 06 2025 09:20:00 GMT+0530 (India Standard Time)","6698.90","6709.00","6660.90","6660.90"
"Mon Jan 06 2025 09:25:00 GMT+0530 (India Standard Time)","6660.90","6671.90","6640.05","6654.90"
"Mon Jan 06 2025 09:30:00 GMT+0530 (India Standard Time)","6653.60","6670.00","6649.45","6650.00"
"Mon Jan 06 2025 09:35:00 GMT+0530 (India Standard Time)","6650.00","6685.15","6645.00","6681.00"
"Mon Jan 06 2025 09:40:00 GMT+0530 (India Standard Time)","6676.65","6690.00","6670.00","6674.65"
"Mon Jan 06 2025 09:45:00 GMT+0530 (India Standard Time)","6674.65","6674.95","6653.05","6672.55"
"Mon Jan 06 2025 09:50:00 GMT+0530 (India Standard Time)","6672.55","6675.35","6652.00","6652.00"
"Mon Jan 06 2025 09:55:00 GMT+0530 (India Standard Time)","6654.85","6668.05","6650.00","6659.65"
"Mon Jan 06 2025 10:00:00 GMT+0530 (India Standard Time)","6659.65","6674.95","6659.65","6662.50"
"Mon Jan 06 2025 10:05:00 GMT+0530 (India Standard Time)","6665.75","6666.10","6652.40","6653.30"
"Mon Jan 06 2025 10:10:00 GMT+0530 (India Standard Time)","6658.85","6662.75","6647.00","6647.00"
"Mon Jan 06 2025 10:15:00 GMT+0530 (India Standard Time)","6647.00","6662.90","6641.00","6649.00"
"Mon Jan 06 2025 10:20:00 GMT+0530 (India Standard Time)","6649.05","6652.20","6623.10","6623.10"
"Mon Jan 06 2025 10:25:00 GMT+0530 (India Standard Time)","6625.85","6631.70","6621.00","6624.55"
"Mon Jan 06 2025 10:30:00 GMT+0530 (India Standard Time)","6624.35","6624.35","6610.00","6612.65"
"Mon Jan 06 2025 10:35:00 GMT+0530 (India Standard Time)","6612.65","6615.55","6603.70","6610.00"
"Mon Jan 06 2025 10:40:00 GMT+0530 (India Standard Time)","6610.00","6616.20","6588.00","6594.80"
"Mon Jan 06 2025 10:45:00 GMT+0530 (India Standard Time)","6594.80","6603.25","6590.00","6597.00"
"Mon Jan 06 2025 10:50:00 GMT+0530 (India Standard Time)","6597.00","6598.65","6586.05","6587.00"
"Mon Jan 06 2025 10:55:00 GMT+0530 (India Standard Time)","6587.00","6592.35","6580.00","6589.95"
"Mon Jan 06 2025 11:00:00 GMT+0530 (India Standard Time)","6591.00","6591.00","6571.65","6576.00"
"Mon Jan 06 2025 11:05:00 GMT+0530 (India Standard Time)","6576.00","6584.15","6571.00","6580.25"
"Mon Jan 06 2025 11:10:00 GMT+0530 (India Standard Time)","6580.25","6584.40","6563.70","6583.00"
"Mon Jan 06 2025 11:15:00 GMT+0530 (India Standard Time)","6583.00","6583.75","6566.80","6580.00"
"Mon Jan 06 2025 11:20:00 GMT+0530 (India Standard Time)","6580.00","6580.00","6565.00","6566.80"
"Mon Jan 06 2025 11:25:00 GMT+0530 (India Standard Time)","6566.80","6590.00","6566.80","6581.65"
"Mon Jan 06 2025 11:30:00 GMT+0530 (India Standard Time)","6580.00","6588.05","6579.00","6580.00"
"Mon Jan 06 2025 11:35:00 GMT+0530 (India Standard Time)","6580.00","6585.00","6570.05","6572.75"
"Mon Jan 06 2025 11:40:00 GMT+0530 (India Standard Time)","6572.75","6574.95","6540.00","6543.45"
"Mon Jan 06 2025 11:45:00 GMT+0530 (India Standard Time)","6542.45","6547.20","6526.05","6529.00"
"Mon Jan 06 2025 11:50:00 GMT+0530 (India Standard Time)","6529.00","6553.05","6529.00","6537.10"
"Mon Jan 06 2025 11:55:00 GMT+0530 (India Standard Time)","6536.00","6541.25","6527.00","6527.00"
"Mon Jan 06 2025 12:00:00 GMT+0530 (India Standard Time)","6526.10","6567.80","6526.00","6556.55"
"Mon Jan 06 2025 12:05:00 GMT+0530 (India Standard Time)","6556.55","6581.80","6556.40","6565.45"
"Mon Jan 06 2025 12:10:00 GMT+0530 (India Standard Time)","6565.45","6585.00","6562.30","6576.75"
"Mon Jan 06 2025 12:15:00 GMT+0530 (India Standard Time)","6576.95","6580.20","6565.00","6565.00"
"Mon Jan 06 2025 12:20:00 GMT+0530 (India Standard Time)","6565.00","6579.35","6562.25","6571.90"
"Mon Jan 06 2025 12:25:00 GMT+0530 (India Standard Time)","6571.90","6577.80","6560.00","6567.30"
"Mon Jan 06 2025 12:30:00 GMT+0530 (India Standard Time)","6567.30","6584.00","6566.00","6583.00"
"Mon Jan 06 2025 12:35:00 GMT+0530 (India Standard Time)","6584.00","6590.00","6578.75","6580.50"
"Mon Jan 06 2025 12:40:00 GMT+0530 (India Standard Time)","6580.50","6588.55","6578.75","6584.45"
"Mon Jan 06 2025 12:45:00 GMT+0530 (India Standard Time)","6584.45","6584.95","6569.50","6580.30"
"Mon Jan 06 2025 12:50:00 GMT+0530 (India Standard Time)","6580.30","6580.30","6570.00","6574.50"
"Mon Jan 06 2025 12:55:00 GMT+0530 (India Standard Time)","6574.50","6582.95","6566.00","6582.95"
"Mon Jan 06 2025 13:00:00 GMT+0530 (India Standard Time)","6581.95","6582.95","6565.00","6579.60"
"Mon Jan 06 2025 13:05:00 GMT+0530 (India Standard Time)","6579.60","6582.00","6568.80","6571.10"
"Mon Jan 06 2025 13:10:00 GMT+0530 (India Standard Time)","6573.35","6573.35","6556.00","6558.80"
"Mon Jan 06 2025 13:15:00 GMT+0530 (India Standard Time)","6558.80","6562.85","6543.95","6543.95"
"Mon Jan 06 2025 13:20:00 GMT+0530 (India Standard Time)","6543.95","6560.55","6540.00","6546.00"
"Mon Jan 06 2025 13:25:00 GMT+0530 (India Standard Time)","6546.00","6550.00","6530.00","6540.40"
"Mon Jan 06 2025 13:30:00 GMT+0530 (India Standard Time)","6541.95","6541.95","6526.00","6534.75"
"Mon Jan 06 2025 13:35:00 GMT+0530 (India Standard Time)","6534.80","6539.35","6530.00","6536.95"
"Mon Jan 06 2025 13:40:00 GMT+0530 (India Standard Time)","6536.95","6536.95","6504.00","6505.80"
"Mon Jan 06 2025 13:45:00 GMT+0530 (India Standard Time)","6505.00","6513.90","6501.00","6508.10"
"Mon Jan 06 2025 13:50:00 GMT+0530 (India Standard Time)","6508.10","6508.10","6496.10","6499.90"
"Mon Jan 06 2025 13:55:00 GMT+0530 (India Standard Time)","6500.00","6513.45","6496.50","6511.60"
"Mon Jan 06 2025 14:00:00 GMT+0530 (India Standard Time)","6511.60","6527.70","6508.00","6520.00"
"Mon Jan 06 2025 14:05:00 GMT+0530 (India Standard Time)","6520.95","6527.50","6515.60","6527.45"
"Mon Jan 06 2025 14:10:00 GMT+0530 (India Standard Time)","6527.45","6528.90","6507.00","6508.80"
"Mon Jan 06 2025 14:15:00 GMT+0530 (India Standard Time)","6507.00","6519.30","6507.00","6514.10"
"Mon Jan 06 2025 14:20:00 GMT+0530 (India Standard Time)","6514.10","6519.95","6508.00","6508.15"
"Mon Jan 06 2025 14:25:00 GMT+0530 (India Standard Time)","6508.15","6513.00","6507.00","6509.00"
"Mon Jan 06 2025 14:30:00 GMT+0530 (India Standard Time)","6510.15","6515.85","6495.00","6495.70"
"Mon Jan 06 2025 14:35:00 GMT+0530 (India Standard Time)","6495.70","6498.00","6480.00","6483.05"
"Mon Jan 06 2025 14:40:00 GMT+0530 (India Standard Time)","6483.05","6498.00","6476.40","6482.55"
"Mon Jan 06 2025 14:45:00 GMT+0530 (India Standard Time)","6482.55","6505.00","6476.25","6505.00"
"Mon Jan 06 2025 14:50:00 GMT+0530 (India Standard Time)","6505.00","6515.00","6500.00","6508.85"
"Mon Jan 06 2025 14:55:00 GMT+0530 (India Standard Time)","6508.85","6514.35","6500.00","6514.35"
"Mon Jan 06 2025 15:00:00 GMT+0530 (India Standard Time)","6514.35","6514.80","6496.05","6501.00"
"Mon Jan 06 2025 15:05:00 GMT+0530 (India Standard Time)","6501.00","6505.00","6490.75","6496.45"
"Mon Jan 06 2025 15:10:00 GMT+0530 (India Standard Time)","6499.45","6500.00","6476.80","6482.90"
"Mon Jan 06 2025 15:15:00 GMT+0530 (India Standard Time)","6482.90","6488.45","6470.15","6477.00"
"Mon Jan 06 2025 15:20:00 GMT+0530 (India Standard Time)","6476.45","6493.95","6475.00","6483.95"
"Mon Jan 06 2025 15:25:00 GMT+0530 (India Standard Time)","6483.95","6498.00","6480.00","6495.00"
"Tue Jan 07 2025 09:15:00 GMT+0530 (India Standard Time)","6540.00","6557.25","6500.00","6525.05"
"Tue Jan 07 2025 09:20:00 GMT+0530 (India Standard Time)","6521.30","6530.95","6510.00","6523.00"
"Tue Jan 07 2025 09:25:00 GMT+0530 (India Standard Time)","6523.00","6530.00","6505.10","6517.50"
"Tue Jan 07 2025 09:30:00 GMT+0530 (India Standard Time)","6517.50","6535.00","6516.85","6533.00"
"Tue Jan 07 2025 09:35:00 GMT+0530 (India Standard Time)","6533.00","6541.20","6522.05","6529.10"
"Tue Jan 07 2025 09:40:00 GMT+0530 (India Standard Time)","6529.10","6536.20","6518.90","6524.80"
"Tue Jan 07 2025 09:45:00 GMT+0530 (India Standard Time)","6524.75","6526.35","6472.60","6476.20"
"Tue Jan 07 2025 09:50:00 GMT+0530 (India Standard Time)","6475.95","6485.80","6451.20","6465.85"
"Tue Jan 07 2025 09:55:00 GMT+0530 (India Standard Time)","6465.85","6474.75","6456.55","6467.70"
"Tue Jan 07 2025 10:00:00 GMT+0530 (India Standard Time)","6467.70","6475.35","6458.40","6458.40"
"Tue Jan 07 2025 10:05:00 GMT+0530 (India Standard Time)","6458.00","6475.45","6451.00","6461.85"
"Tue Jan 07 2025 10:10:00 GMT+0530 (India Standard Time)","6461.85","6478.00","6457.85","6478.00"
"Tue Jan 07 2025 10:15:00 GMT+0530 (India Standard Time)","6481.05","6482.10","6455.60","6461.10"
"Tue Jan 07 2025 10:20:00 GMT+0530 (India Standard Time)","6461.10","6469.95","6452.00","6467.35"
"Tue Jan 07 2025 10:25:00 GMT+0530 (India Standard Time)","6468.45","6473.00","6460.00","6471.05"
"Tue Jan 07 2025 10:30:00 GMT+0530 (India Standard Time)","6471.05","6474.90","6463.70","6467.00"
"Tue Jan 07 2025 10:35:00 GMT+0530 (India Standard Time)","6467.00","6470.00","6450.00","6452.00"
"Tue Jan 07 2025 10:40:00 GMT+0530 (India Standard Time)","6452.00","6463.90","6441.00","6462.65"
"Tue Jan 07 2025 10:45:00 GMT+0530 (India Standard Time)","6462.65","6463.20","6452.15","6459.05"
"Tue Jan 07 2025 10:50:00 GMT+0530 (India Standard Time)","6459.05","6463.90","6448.50","6448.50"
"Tue Jan 07 2025 10:55:00 GMT+0530 (India Standard Time)","6448.50","6470.75","6448.50","6467.55"
"Tue Jan 07 2025 11:00:00 GMT+0530 (India Standard Time)","6464.65","6491.65","6464.65","6491.00"
"Tue Jan 07 2025 11:05:00 GMT+0530 (India Standard Time)","6491.00","6491.60","6477.60","6485.00"
"Tue Jan 07 2025 11:10:00 GMT+0530 (India Standard Time)","6485.00","6485.55","6470.00","6479.00"
"Tue Jan 07 2025 11:15:00 GMT+0530 (India Standard Time)","6479.00","6489.90","6476.15","6489.70"
"Tue Jan 07 2025 11:20:00 GMT+0530 (India Standard Time)","6489.70","6489.70","6480.35","6487.75"
"Tue Jan 07 2025 11:25:00 GMT+0530 (India Standard Time)","6487.75","6509.55","6483.55","6508.00"
"Tue Jan 07 2025 11:30:00 GMT+0530 (India Standard Time)","6500.95","6511.05","6496.00","6501.95"
"Tue Jan 07 2025 11:35:00 GMT+0530 (India Standard Time)","6502.25","6502.50","6486.80","6495.00"
"Tue Jan 07 2025 11:40:00 GMT+0530 (India Standard Time)","6495.00","6495.80","6464.85","6465.75"
"Tue Jan 07 2025 11:45:00 GMT+0530 (India Standard Time)","6465.75","6468.40","6460.00","6464.00"
"Tue Jan 07 2025 11:50:00 GMT+0530 (India Standard Time)","6464.00","6464.90","6455.00","6461.35"
"Tue Jan 07 2025 11:55:00 GMT+0530 (India Standard Time)","6462.25","6464.85","6450.00","6451.85"
"Tue Jan 07 2025 12:00:00 GMT+0530 (India Standard Time)","6451.85","6456.45","6445.00","6448.80"
"Tue Jan 07 2025 12:05:00 GMT+0530 (India Standard Time)","6448.80","6454.00","6440.90","6441.10"
"Tue Jan 07 2025 12:10:00 GMT+0530 (India Standard Time)","6441.10","6444.00","6425.00","6430.35"
"Tue Jan 07 2025 12:15:00 GMT+0530 (India Standard Time)","6430.35","6439.80","6430.00","6432.30"
"Tue Jan 07 2025 12:20:00 GMT+0530 (India Standard Time)","6432.30","6434.90","6422.50","6434.90"
"Tue Jan 07 2025 12:25:00 GMT+0530 (India Standard Time)","6434.90","6443.15","6434.90","6440.00"
"Tue Jan 07 2025 12:30:00 GMT+0530 (India Standard Time)","6440.00","6444.90","6432.60","6442.55"
"Tue Jan 07 2025 12:35:00 GMT+0530 (India Standard Time)","6442.55","6450.35","6433.90","6439.60"
"Tue Jan 07 2025 12:40:00 GMT+0530 (India Standard Time)","6439.60","6445.00","6433.65","6442.40"
"Tue Jan 07 2025 12:45:00 GMT+0530 (India Standard Time)","6440.00","6462.30","6439.00","6457.70"
"Tue Jan 07 2025 12:50:00 GMT+0530 (India Standard Time)","6457.70","6472.00","6455.15","6470.00"
"Tue Jan 07 2025 12:55:00 GMT+0530 (India Standard Time)","6470.00","6472.15","6452.80","6463.35"
"Tue Jan 07 2025 13:00:00 GMT+0530 (India Standard Time)","6463.35","6467.10","6458.25","6466.00"
"Tue Jan 07 2025 13:05:00 GMT+0530 (India Standard Time)","6466.00","6477.95","6460.00","6477.00"
"Tue Jan 07 2025 13:10:00 GMT+0530 (India Standard Time)","6477.00","6484.70","6471.50","6474.95"
"Tue Jan 07 2025 13:15:00 GMT+0530 (India Standard Time)","6474.95","6482.00","6473.55","6479.00"
"Tue Jan 07 2025 13:20:00 GMT+0530 (India Standard Time)","6477.75","6483.60","6475.00","6482.00"
"Tue Jan 07 2025 13:25:00 GMT+0530 (India Standard Time)","6482.00","6482.00","6473.60","6482.00"
"Tue Jan 07 2025 13:30:00 GMT+0530 (India Standard Time)","6480.30","6495.00","6480.30","6493.00"
"Tue Jan 07 2025 13:35:00 GMT+0530 (India Standard Time)","6492.00","6495.55","6490.10","6490.15"
"Tue Jan 07 2025 13:40:00 GMT+0530 (India Standard Time)","6490.15","6493.90","6483.65","6487.90"
"Tue Jan 07 2025 13:45:00 GMT+0530 (India Standard Time)","6487.90","6491.00","6480.85","6485.45"
"Tue Jan 07 2025 13:50:00 GMT+0530 (India Standard Time)","6485.45","6489.10","6465.00","6470.00"
"Tue Jan 07 2025 13:55:00 GMT+0530 (India Standard Time)","6470.00","6475.00","6465.90","6469.80"
"Tue Jan 07 2025 14:00:00 GMT+0530 (India Standard Time)","6469.80","6481.00","6467.15","6470.65"
"Tue Jan 07 2025 14:05:00 GMT+0530 (India Standard Time)","6470.65","6488.00","6470.65","6487.65"
"Tue Jan 07 2025 14:10:00 GMT+0530 (India Standard Time)","6487.65","6490.95","6480.35","6487.00"
"Tue Jan 07 2025 14:15:00 GMT+0530 (India Standard Time)","6487.00","6499.20","6485.00","6499.20"
"Tue Jan 07 2025 14:20:00 GMT+0530 (India Standard Time)","6499.20","6500.00","6485.05","6494.95"
"Tue Jan 07 2025 14:25:00 GMT+0530 (India Standard Time)","6494.95","6498.75","6485.50","6489.95"
"Tue Jan 07 2025 14:30:00 GMT+0530 (India Standard Time)","6489.95","6496.00","6488.00","6493.00"
"Tue Jan 07 2025 14:35:00 GMT+0530 (India Standard Time)","6493.00","6498.00","6491.40","6494.75"
"Tue Jan 07 2025 14:40:00 GMT+0530 (India Standard Time)","6497.55","6497.95","6490.00","6496.95"
"Tue Jan 07 2025 14:45:00 GMT+0530 (India Standard Time)","6496.95","6502.00","6492.75","6499.00"
"Tue Jan 07 2025 14:50:00 GMT+0530 (India Standard Time)","6499.00","6529.95","6499.00","6528.40"
"Tue Jan 07 2025 14:55:00 GMT+0530 (India Standard Time)","6528.40","6540.00","6525.25","6530.70"
"Tue Jan 07 2025 15:00:00 GMT+0530 (India Standard Time)","6534.65","6577.75","6523.05","6564.00"
"Tue Jan 07 2025 15:05:00 GMT+0530 (India Standard Time)","6564.00","6568.05","6541.25","6541.25"
"Tue Jan 07 2025 15:10:00 GMT+0530 (India Standard Time)","6541.20","6547.90","6518.70","6528.00"
"Tue Jan 07 2025 15:15:00 GMT+0530 (India Standard Time)","6528.00","6529.40","6515.75","6520.70"
"Tue Jan 07 2025 15:20:00 GMT+0530 (India Standard Time)","6520.70","6529.95","6516.40","6529.10"
"Tue Jan 07 2025 15:25:00 GMT+0530 (India Standard Time)","6528.00","6539.00","6525.00","6530.30"
"Wed Jan 08 2025 09:15:00 GMT+0530 (India Standard Time)","6575.00","6591.85","6453.80","6462.85"
"Wed Jan 08 2025 09:20:00 GMT+0530 (India Standard Time)","6462.85","6469.85","6426.60","6443.65"
"Wed Jan 08 2025 09:25:00 GMT+0530 (India Standard Time)","6446.85","6456.40","6407.45","6408.10"
"Wed Jan 08 2025 09:30:00 GMT+0530 (India Standard Time)","6408.15","6438.35","6408.15","6421.90"
"Wed Jan 08 2025 09:35:00 GMT+0530 (India Standard Time)","6421.90","6448.00","6415.70","6422.25"
"Wed Jan 08 2025 09:40:00 GMT+0530 (India Standard Time)","6422.25","6441.95","6410.00","6412.15"
"Wed Jan 08 2025 09:45:00 GMT+0530 (India Standard Time)","6416.40","6416.70","6391.00","6394.00"
"Wed Jan 08 2025 09:50:00 GMT+0530 (India Standard Time)","6397.05","6438.00","6390.00","6436.00"
"Wed Jan 08 2025 09:55:00 GMT+0530 (India Standard Time)","6438.00","6458.00","6431.85","6444.00"
"Wed Jan 08 2025 10:00:00 GMT+0530 (India Standard Time)","6444.00","6450.00","6432.15","6444.85"
"Wed Jan 08 2025 10:05:00 GMT+0530 (India Standard Time)","6444.85","6446.65","6437.50","6443.00"
"Wed Jan 08 2025 10:10:00 GMT+0530 (India Standard Time)","6440.45","6457.85","6440.00","6452.45"
"Wed Jan 08 2025 10:15:00 GMT+0530 (India Standard Time)","6455.00","6457.45","6443.70","6446.50"
"Wed Jan 08 2025 10:20:00 GMT+0530 (India Standard Time)","6446.50","6447.50","6423.70","6429.00"
"Wed Jan 08 2025 10:25:00 GMT+0530 (India Standard Time)","6425.00","6432.95","6415.50","6422.00"
"Wed Jan 08 2025 10:30:00 GMT+0530 (India Standard Time)","6424.95","6425.00","6403.45","6406.40"
"Wed Jan 08 2025 10:35:00 GMT+0530 (India Standard Time)","6406.40","6421.35","6401.80","6419.05"
"Wed Jan 08 2025 10:40:00 GMT+0530 (India Standard Time)","6420.00","6435.35","6410.05","6426.20"
"Wed Jan 08 2025 10:45:00 GMT+0530 (India Standard Time)","6426.20","6438.00","6423.65","6435.00"
"Wed Jan 08 2025 10:50:00 GMT+0530 (India Standard Time)","6435.00","6450.00","6434.95","6447.30"
"Wed Jan 08 2025 10:55:00 GMT+0530 (India Standard Time)","6447.30","6447.90","6432.05","6445.65"
"Wed Jan 08 2025 11:00:00 GMT+0530 (India Standard Time)","6442.65","6454.00","6442.05","6444.75"
"Wed Jan 08 2025 11:05:00 GMT+0530 (India Standard Time)","6444.50","6446.95","6435.00","6435.05"
"Wed Jan 08 2025 11:10:00 GMT+0530 (India Standard Time)","6439.25","6448.95","6436.55","6440.00"
"Wed Jan 08 2025 11:15:00 GMT+0530 (India Standard Time)","6440.00","6441.00","6420.00","6430.70"
"Wed Jan 08 2025 11:20:00 GMT+0530 (India Standard Time)","6430.70","6430.70","6409.00","6415.15"
"Wed Jan 08 2025 11:25:00 GMT+0530 (India Standard Time)","6415.15","6431.00","6410.10","6427.30"
"Wed Jan 08 2025 11:30:00 GMT+0530 (India Standard Time)","6427.30","6435.55","6424.00","6430.80"
"Wed Jan 08 2025 11:35:00 GMT+0530 (India Standard Time)","6430.80","6437.60","6419.75","6419.75"
"Wed Jan 08 2025 11:40:00 GMT+0530 (India Standard Time)","6419.65","6420.45","6396.50","6399.80"
"Wed Jan 08 2025 11:45:00 GMT+0530 (India Standard Time)","6399.85","6408.00","6385.00","6395.20"
"Wed Jan 08 2025 11:50:00 GMT+0530 (India Standard Time)","6395.70","6397.55","6390.00","6390.30"
"Wed Jan 08 2025 11:55:00 GMT+0530 (India Standard Time)","6390.30","6397.40","6386.00","6391.55"
"Wed Jan 08 2025 12:00:00 GMT+0530 (India Standard Time)","6391.55","6397.70","6386.55","6393.25"
"Wed Jan 08 2025 12:05:00 GMT+0530 (India Standard Time)","6393.25","6395.00","6382.00","6394.10"
"Wed Jan 08 2025 12:10:00 GMT+0530 (India Standard Time)","6394.10","6394.10","6382.05","6384.55"
"Wed Jan 08 2025 12:15:00 GMT+0530 (India Standard Time)","6384.55","6385.85","6365.00","6373.50"
"Wed Jan 08 2025 12:20:00 GMT+0530 (India Standard Time)","6373.50","6381.00","6360.05","6362.35"
"Wed Jan 08 2025 12:25:00 GMT+0530 (India Standard Time)","6362.35","6364.75","6354.00","6357.35"
"Wed Jan 08 2025 12:30:00 GMT+0530 (India Standard Time)","6357.35","6359.85","6345.00","6349.70"
"Wed Jan 08 2025 12:35:00 GMT+0530 (India Standard Time)","6349.80","6354.15","6341.00","6344.00"
"Wed Jan 08 2025 12:40:00 GMT+0530 (India Standard Time)","6344.00","6352.00","6338.80","6352.00"
"Wed Jan 08 2025 12:45:00 GMT+0530 (India Standard Time)","6352.00","6352.00","6338.00","6339.55"
"Wed Jan 08 2025 12:50:00 GMT+0530 (India Standard Time)","6339.55","6358.00","6338.00","6355.55"
"Wed Jan 08 2025 12:55:00 GMT+0530 (India Standard Time)","6355.55","6364.95","6352.95","6361.85"
"Wed Jan 08 2025 13:00:00 GMT+0530 (India Standard Time)","6361.85","6364.00","6350.00","6355.20"
"Wed Jan 08 2025 13:05:00 GMT+0530 (India Standard Time)","6355.20","6359.00","6345.80","6346.60"
"Wed Jan 08 2025 13:10:00 GMT+0530 (India Standard Time)","6346.55","6355.00","6345.50","6346.00"
"Wed Jan 08 2025 13:15:00 GMT+0530 (India Standard Time)","6346.30","6351.00","6340.20","6348.00"
"Wed Jan 08 2025 13:20:00 GMT+0530 (India Standard Time)","6348.25","6376.20","6346.70","6375.20"
"Wed Jan 08 2025 13:25:00 GMT+0530 (India Standard Time)","6375.20","6378.50","6367.95","6375.10"
"Wed Jan 08 2025 13:30:00 GMT+0530 (India Standard Time)","6375.10","6378.60","6364.85","6366.40"
"Wed Jan 08 2025 13:35:00 GMT+0530 (India Standard Time)","6366.40","6376.80","6365.05","6376.00"
"Wed Jan 08 2025 13:40:00 GMT+0530 (India Standard Time)","6376.00","6388.00","6375.00","6387.95"
"Wed Jan 08 2025 13:45:00 GMT+0530 (India Standard Time)","6388.00","6403.25","6386.10","6403.00"
"Wed Jan 08 2025 13:50:00 GMT+0530 (India Standard Time)","6401.00","6414.80","6395.70","6412.80"
"Wed Jan 08 2025 13:55:00 GMT+0530 (India Standard Time)","6410.95","6424.70","6408.00","6421.90"
"Wed Jan 08 2025 14:00:00 GMT+0530 (India Standard Time)","6421.35","6446.00","6421.35","6446.00"
"Wed Jan 08 2025 14:05:00 GMT+0530 (India Standard Time)","6446.00","6449.80","6443.00","6447.00"
"Wed Jan 08 2025 14:10:00 GMT+0530 (India Standard Time)","6447.00","6467.75","6444.00","6465.95"
"Wed Jan 08 2025 14:15:00 GMT+0530 (India Standard Time)","6465.95","6465.95","6451.80","6452.10"
"Wed Jan 08 2025 14:20:00 GMT+0530 (India Standard Time)","6451.90","6463.25","6449.35","6459.55"
"Wed Jan 08 2025 14:25:00 GMT+0530 (India Standard Time)","6459.55","6459.80","6427.15","6429.15"
"Wed Jan 08 2025 14:30:00 GMT+0530 (India Standard Time)","6429.60","6443.15","6419.25","6442.80"
"Wed Jan 08 2025 14:35:00 GMT+0530 (India Standard Time)","6442.80","6453.00","6431.05","6453.00"
"Wed Jan 08 2025 14:40:00 GMT+0530 (India Standard Time)","6451.00","6465.00","6451.00","6460.00"
"Wed Jan 08 2025 14:45:00 GMT+0530 (India Standard Time)","6460.00","6475.25","6455.00","6473.80"
"Wed Jan 08 2025 14:50:00 GMT+0530 (India Standard Time)","6473.85","6510.00","6473.85","6497.00"
"Wed Jan 08 2025 14:55:00 GMT+0530 (India Standard Time)","6496.50","6500.00","6467.10","6476.50"
"Wed Jan 08 2025 15:00:00 GMT+0530 (India Standard Time)","6476.50","6485.25","6470.60","6479.35"
"Wed Jan 08 2025 15:05:00 GMT+0530 (India Standard Time)","6479.00","6479.00","6467.35","6474.25"
"Wed Jan 08 2025 15:10:00 GMT+0530 (India Standard Time)","6474.05","6480.00","6467.35","6478.55"
"Wed Jan 08 2025 15:15:00 GMT+0530 (India Standard Time)","6478.65","6479.00","6468.80","6473.95"
"Wed Jan 08 2025 15:20:00 GMT+0530 (India Standard Time)","6473.95","6478.00","6470.05","6476.20"
"Wed Jan 08 2025 15:25:00 GMT+0530 (India Standard Time)","6475.10","6479.70","6465.00","6479.00"
"Thu Jan 09 2025 09:15:00 GMT+0530 (India Standard Time)","6525.00","6539.05","6500.00","6522.65"
"Thu Jan 09 2025 09:20:00 GMT+0530 (India Standard Time)","6525.05","6525.05","6451.15","6457.20"
"Thu Jan 09 2025 09:25:00 GMT+0530 (India Standard Time)","6456.85","6490.00","6452.75","6487.70"
"Thu Jan 09 2025 09:30:00 GMT+0530 (India Standard Time)","6487.70","6504.00","6476.00","6492.25"
"Thu Jan 09 2025 09:35:00 GMT+0530 (India Standard Time)","6492.25","6500.00","6470.00","6472.20"
"Thu Jan 09 2025 09:40:00 GMT+0530 (India Standard Time)","6475.00","6513.95","6470.00","6506.15"
"Thu Jan 09 2025 09:45:00 GMT+0530 (India Standard Time)","6506.15","6529.95","6503.30","6524.95"
"Thu Jan 09 2025 09:50:00 GMT+0530 (India Standard Time)","6524.95","6540.00","6516.40","6537.75"
"Thu Jan 09 2025 09:55:00 GMT+0530 (India Standard Time)","6537.75","6555.05","6529.00","6552.55"
"Thu Jan 09 2025 10:00:00 GMT+0530 (India Standard Time)","6549.05","6570.00","6545.05","6564.95"
"Thu Jan 09 2025 10:05:00 GMT+0530 (India Standard Time)","6565.00","6565.00","6530.00","6530.00"
"Thu Jan 09 2025 10:10:00 GMT+0530 (India Standard Time)","6530.00","6596.00","6523.85","6592.90"
"Thu Jan 09 2025 10:15:00 GMT+0530 (India Standard Time)","6596.00","6615.25","6585.30","6598.75"
"Thu Jan 09 2025 10:20:00 GMT+0530 (India Standard Time)","6598.95","6609.00","6585.45","6609.00"
"Thu Jan 09 2025 10:25:00 GMT+0530 (India Standard Time)","6609.00","6615.00","6600.00","6606.80"
"Thu Jan 09 2025 10:30:00 GMT+0530 (India Standard Time)","6606.80","6625.00","6597.95","6617.95"
"Thu Jan 09 2025 10:35:00 GMT+0530 (India Standard Time)","6617.95","6635.00","6615.00","6631.45"
"Thu Jan 09 2025 10:40:00 GMT+0530 (India Standard Time)","6631.45","6631.95","6600.20","6602.85"
"Thu Jan 09 2025 10:45:00 GMT+0530 (India Standard Time)","6602.85","6604.95","6576.05","6580.00"
"Thu Jan 09 2025 10:50:00 GMT+0530 (India Standard Time)","6580.00","6588.45","6572.50","6577.55"
"Thu Jan 09 2025 10:55:00 GMT+0530 (India Standard Time)","6577.55","6585.90","6544.15","6544.15"
"Thu Jan 09 2025 11:00:00 GMT+0530 (India Standard Time)","6544.15","6549.10","6535.00","6541.00"
"Thu Jan 09 2025 11:05:00 GMT+0530 (India Standard Time)","6541.00","6549.05","6540.00","6547.30"
"Thu Jan 09 2025 11:10:00 GMT+0530 (India Standard Time)","6547.30","6547.30","6517.50","6544.05"
"Thu Jan 09 2025 11:15:00 GMT+0530 (India Standard Time)","6544.05","6549.00","6537.05","6548.35"
"Thu Jan 09 2025 11:20:00 GMT+0530 (India Standard Time)","6548.35","6549.00","6532.90","6547.25"
"Thu Jan 09 2025 11:25:00 GMT+0530 (India Standard Time)","6547.25","6550.00","6541.55","6549.60"
"Thu Jan 09 2025 11:30:00 GMT+0530 (India Standard Time)","6549.60","6549.95","6529.00","6544.50"
"Thu Jan 09 2025 11:35:00 GMT+0530 (India Standard Time)","6544.50","6567.55","6540.00","6561.50"
"Thu Jan 09 2025 11:40:00 GMT+0530 (India Standard Time)","6564.45","6565.95","6542.25","6549.25"
"Thu Jan 09 2025 11:45:00 GMT+0530 (India Standard Time)","6549.25","6555.80","6531.90","6536.35"
"Thu Jan 09 2025 11:50:00 GMT+0530 (India Standard Time)","6536.35","6552.65","6532.85","6548.00"
"Thu Jan 09 2025 11:55:00 GMT+0530 (India Standard Time)","6548.00","6551.35","6535.00","6540.15"
"Thu Jan 09 2025 12:00:00 GMT+0530 (India Standard Time)","6540.15","6548.85","6537.95","6545.55"
"Thu Jan 09 2025 12:05:00 GMT+0530 (India Standard Time)","6545.55","6549.90","6536.95","6541.00"
"Thu Jan 09 2025 12:10:00 GMT+0530 (India Standard Time)","6541.00","6566.10","6533.00","6566.10"
"Thu Jan 09 2025 12:15:00 GMT+0530 (India Standard Time)","6560.00","6569.55","6554.00","6561.20"
"Thu Jan 09 2025 12:20:00 GMT+0530 (India Standard Time)","6561.20","6565.95","6551.05","6558.40"
"Thu Jan 09 2025 12:25:00 GMT+0530 (India Standard Time)","6558.40","6560.00","6551.00","6551.00"
"Thu Jan 09 2025 12:30:00 GMT+0530 (India Standard Time)","6551.00","6556.05","6539.20","6547.10"
"Thu Jan 09 2025 12:35:00 GMT+0530 (India Standard Time)","6547.10","6553.70","6531.90","6537.60"
"Thu Jan 09 2025 12:40:00 GMT+0530 (India Standard Time)","6537.60","6537.60","6505.00","6510.00"
"Thu Jan 09 2025 12:45:00 GMT+0530 (India Standard Time)","6510.00","6520.00","6500.05","6500.80"
"Thu Jan 09 2025 12:50:00 GMT+0530 (India Standard Time)","6500.75","6519.40","6490.00","6493.50"
"Thu Jan 09 2025 12:55:00 GMT+0530 (India Standard Time)","6493.50","6504.45","6480.00","6491.50"
"Thu Jan 09 2025 13:00:00 GMT+0530 (India Standard Time)","6488.80","6497.00","6475.40","6475.40"
"Thu Jan 09 2025 13:05:00 GMT+0530 (India Standard Time)","6475.40","6488.85","6470.00","6470.00"
"Thu Jan 09 2025 13:10:00 GMT+0530 (India Standard Time)","6470.00","6483.20","6468.30","6471.00"
"Thu Jan 09 2025 13:15:00 GMT+0530 (India Standard Time)","6471.00","6474.60","6460.20","6470.75"
"Thu Jan 09 2025 13:20:00 GMT+0530 (India Standard Time)","6471.30","6482.70","6465.00","6467.90"
"Thu Jan 09 2025 13:25:00 GMT+0530 (India Standard Time)","6467.90","6474.55","6465.00","6470.40"
"Thu Jan 09 2025 13:30:00 GMT+0530 (India Standard Time)","6470.40","6473.55","6460.00","6465.70"
"Thu Jan 09 2025 13:35:00 GMT+0530 (India Standard Time)","6465.70","6467.40","6455.05","6463.80"
"Thu Jan 09 2025 13:40:00 GMT+0530 (India Standard Time)","6463.80","6469.25","6460.00","6465.95"
"Thu Jan 09 2025 13:45:00 GMT+0530 (India Standard Time)","6465.95","6482.70","6462.60","6479.00"
"Thu Jan 09 2025 13:50:00 GMT+0530 (India Standard Time)","6479.00","6490.00","6473.00","6489.00"
"Thu Jan 09 2025 13:55:00 GMT+0530 (India Standard Time)","6489.00","6491.15","6477.00","6487.50"
"Thu Jan 09 2025 14:00:00 GMT+0530 (India Standard Time)","6487.50","6495.50","6483.00","6495.50"
"Thu Jan 09 2025 14:05:00 GMT+0530 (India Standard Time)","6495.50","6504.40","6492.00","6492.00"
"Thu Jan 09 2025 14:10:00 GMT+0530 (India Standard Time)","6492.00","6500.70","6480.00","6481.95"
"Thu Jan 09 2025 14:15:00 GMT+0530 (India Standard Time)","6478.00","6490.40","6470.95","6486.85"
"Thu Jan 09 2025 14:20:00 GMT+0530 (India Standard Time)","6486.85","6488.00","6459.05","6463.00"
"Thu Jan 09 2025 14:25:00 GMT+0530 (India Standard Time)","6463.00","6475.65","6455.10","6459.00"
"Thu Jan 09 2025 14:30:00 GMT+0530 (India Standard Time)","6459.00","6459.00","6440.20","6442.30"
"Thu Jan 09 2025 14:35:00 GMT+0530 (India Standard Time)","6442.30","6446.90","6425.00","6444.60"
"Thu Jan 09 2025 14:40:00 GMT+0530 (India Standard Time)","6444.60","6464.30","6442.75","6460.45"
"Thu Jan 09 2025 14:45:00 GMT+0530 (India Standard Time)","6460.45","6462.45","6443.00","6453.70"
"Thu Jan 09 2025 14:50:00 GMT+0530 (India Standard Time)","6453.70","6454.95","6440.10","6450.00"
"Thu Jan 09 2025 14:55:00 GMT+0530 (India Standard Time)","6453.95","6463.65","6444.80","6448.70"
"Thu Jan 09 2025 15:00:00 GMT+0530 (India Standard Time)","6448.85","6455.00","6430.40","6430.40"
"Thu Jan 09 2025 15:05:00 GMT+0530 (India Standard Time)","6430.40","6439.95","6428.00","6433.20"
"Thu Jan 09 2025 15:10:00 GMT+0530 (India Standard Time)","6434.00","6459.95","6431.45","6455.25"
"Thu Jan 09 2025 15:15:00 GMT+0530 (India Standard Time)","6454.00","6456.60","6428.55","6440.00"
"Thu Jan 09 2025 15:20:00 GMT+0530 (India Standard Time)","6440.00","6454.95","6427.15","6443.20"
"Thu Jan 09 2025 15:25:00 GMT+0530 (India Standard Time)","6440.05","6452.00","6440.00","6451.95"
"Fri Jan 10 2025 09:15:00 GMT+0530 (India Standard Time)","5950.00","6200.00","5929.85","5995.35"
"Fri Jan 10 2025 09:20:00 GMT+0530 (India Standard Time)","5998.60","6000.35","5960.00","5977.00"
"Fri Jan 10 2025 09:25:00 GMT+0530 (India Standard Time)","5977.00","6006.35","5948.25","5972.30"
"Fri Jan 10 2025 09:30:00 GMT+0530 (India Standard Time)","5972.25","5975.00","5942.00","5956.10"
"Fri Jan 10 2025 09:35:00 GMT+0530 (India Standard Time)","5958.50","5983.25","5940.00","5942.20"
"Fri Jan 10 2025 09:40:00 GMT+0530 (India Standard Time)","5942.00","5967.65","5941.35","5948.85"
"Fri Jan 10 2025 09:45:00 GMT+0530 (India Standard Time)","5948.90","5954.95","5921.00","5943.10"
"Fri Jan 10 2025 09:50:00 GMT+0530 (India Standard Time)","5943.10","5952.30","5940.00","5945.60"
"Fri Jan 10 2025 09:55:00 GMT+0530 (India Standard Time)","5945.65","5951.60","5928.30","5939.00"
"Fri Jan 10 2025 10:00:00 GMT+0530 (India Standard Time)","5939.00","5994.40","5935.00","5973.20"
"Fri Jan 10 2025 10:05:00 GMT+0530 (India Standard Time)","5973.20","5992.95","5965.95","5989.05"
"Fri Jan 10 2025 10:10:00 GMT+0530 (India Standard Time)","5989.05","5998.00","5980.00","5998.00"
"Fri Jan 10 2025 10:15:00 GMT+0530 (India Standard Time)","5998.10","6011.95","5987.50","6009.20"
"Fri Jan 10 2025 10:20:00 GMT+0530 (India Standard Time)","6007.40","6018.35","6001.50","6010.25"
"Fri Jan 10 2025 10:25:00 GMT+0530 (India Standard Time)","6012.00","6012.85","5975.75","5988.00"
"Fri Jan 10 2025 10:30:00 GMT+0530 (India Standard Time)","5988.00","5990.00","5975.00","5990.00"
"Fri Jan 10 2025 10:35:00 GMT+0530 (India Standard Time)","5990.00","5999.80","5982.20","5985.20"
"Fri Jan 10 2025 10:40:00 GMT+0530 (India Standard Time)","5985.20","5995.60","5984.00","5991.00"
"Fri Jan 10 2025 10:45:00 GMT+0530 (India Standard Time)","5991.00","5999.50","5985.30","5997.85"
"Fri Jan 10 2025 10:50:00 GMT+0530 (India Standard Time)","5997.85","6007.00","5995.00","6004.05"
"Fri Jan 10 2025 10:55:00 GMT+0530 (India Standard Time)","6004.05","6029.90","6004.00","6019.90"
"Fri Jan 10 2025 11:00:00 GMT+0530 (India Standard Time)","6019.95","6036.95","6014.90","6029.00"
"Fri Jan 10 2025 11:05:00 GMT+0530 (India Standard Time)","6028.00","6036.00","6025.85","6034.00"
"Fri Jan 10 2025 11:10:00 GMT+0530 (India Standard Time)","6035.20","6038.00","6016.85","6037.50"
"Fri Jan 10 2025 11:15:00 GMT+0530 (India Standard Time)","6035.30","6050.00","6035.00","6037.05"
"Fri Jan 10 2025 11:20:00 GMT+0530 (India Standard Time)","6037.00","6039.00","6006.00","6014.35"
"Fri Jan 10 2025 11:25:00 GMT+0530 (India Standard Time)","6014.35","6019.00","5999.05","6019.00"
"Fri Jan 10 2025 11:30:00 GMT+0530 (India Standard Time)","6018.00","6028.00","6010.05","6021.80"
"Fri Jan 10 2025 11:35:00 GMT+0530 (India Standard Time)","6021.55","6049.45","6018.00","6047.00"
"Fri Jan 10 2025 11:40:00 GMT+0530 (India Standard Time)","6047.00","6050.00","6025.50","6029.95"
"Fri Jan 10 2025 11:45:00 GMT+0530 (India Standard Time)","6030.00","6030.00","6003.25","6020.05"
"Fri Jan 10 2025 11:50:00 GMT+0530 (India Standard Time)","6020.05","6023.20","6003.00","6007.40"
"Fri Jan 10 2025 11:55:00 GMT+0530 (India Standard Time)","6007.40","6019.85","6003.00","6010.00"
"Fri Jan 10 2025 12:00:00 GMT+0530 (India Standard Time)","6010.00","6013.20","6005.00","6007.00"
"Fri Jan 10 2025 12:05:00 GMT+0530 (India Standard Time)","6007.00","6007.00","5972.00","5978.95"
"Fri Jan 10 2025 12:10:00 GMT+0530 (India Standard Time)","5978.95","5987.90","5968.00","5986.15"
"Fri Jan 10 2025 12:15:00 GMT+0530 (India Standard Time)","5986.60","5995.20","5980.00","5981.00"
"Fri Jan 10 2025 12:20:00 GMT+0530 (India Standard Time)","5982.45","5983.85","5957.50","5972.95"
"Fri Jan 10 2025 12:25:00 GMT+0530 (India Standard Time)","5972.95","5979.00","5965.05","5975.00"
"Fri Jan 10 2025 12:30:00 GMT+0530 (India Standard Time)","5975.00","5991.60","5972.00","5978.20"
"Fri Jan 10 2025 12:35:00 GMT+0530 (India Standard Time)","5977.85","6003.85","5977.50","6001.70"
"Fri Jan 10 2025 12:40:00 GMT+0530 (India Standard Time)","6001.70","6009.00","6000.05","6007.90"
"Fri Jan 10 2025 12:45:00 GMT+0530 (India Standard Time)","6010.05","6011.00","6000.00","6004.80"
"Fri Jan 10 2025 12:50:00 GMT+0530 (India Standard Time)","6004.80","6010.00","6002.70","6006.95"
"Fri Jan 10 2025 12:55:00 GMT+0530 (India Standard Time)","6006.95","6009.00","6000.00","6003.60"
"Fri Jan 10 2025 13:00:00 GMT+0530 (India Standard Time)","6002.00","6019.65","6001.00","6010.00"
"Fri Jan 10 2025 13:05:00 GMT+0530 (India Standard Time)","6012.65","6019.95","6010.05","6016.75"
"Fri Jan 10 2025 13:10:00 GMT+0530 (India Standard Time)","6016.75","6019.00","6013.65","6017.95"
"Fri Jan 10 2025 13:15:00 GMT+0530 (India Standard Time)","6017.95","6018.45","6006.80","6016.80"
"Fri Jan 10 2025 13:20:00 GMT+0530 (India Standard Time)","6015.00","6025.00","6015.00","6016.10"
"Fri Jan 10 2025 13:25:00 GMT+0530 (India Standard Time)","6016.10","6016.10","6002.00","6004.00"
"Fri Jan 10 2025 13:30:00 GMT+0530 (India Standard Time)","6004.00","6004.00","5991.80","5999.00"
"Fri Jan 10 2025 13:35:00 GMT+0530 (India Standard Time)","5999.00","6009.40","5995.10","6003.40"
"Fri Jan 10 2025 13:40:00 GMT+0530 (India Standard Time)","6003.40","6008.75","5997.00","6005.00"
"Fri Jan 10 2025 13:45:00 GMT+0530 (India Standard Time)","6005.00","6017.55","6004.00","6017.55"
"Fri Jan 10 2025 13:50:00 GMT+0530 (India Standard Time)","6017.50","6020.50","6005.00","6007.50"
"Fri Jan 10 2025 13:55:00 GMT+0530 (India Standard Time)","6007.50","6010.00","5998.65","6003.85"
"Fri Jan 10 2025 14:00:00 GMT+0530 (India Standard Time)","6003.85","6005.05","6000.00","6002.00"
"Fri Jan 10 2025 14:05:00 GMT+0530 (India Standard Time)","6002.00","6003.00","5996.20","5997.00"
"Fri Jan 10 2025 14:10:00 GMT+0530 (India Standard Time)","5997.00","6000.00","5991.00","5993.45"
"Fri Jan 10 2025 14:15:00 GMT+0530 (India Standard Time)","5993.65","6004.85","5985.00","5997.10"
"Fri Jan 10 2025 14:20:00 GMT+0530 (India Standard Time)","6000.80","6001.00","5987.00","5991.15"
"Fri Jan 10 2025 14:25:00 GMT+0530 (India Standard Time)","5989.00","5995.00","5980.65","5987.00"
"Fri Jan 10 2025 14:30:00 GMT+0530 (India Standard Time)","5988.40","5993.70","5985.70","5990.55"
"Fri Jan 10 2025 14:35:00 GMT+0530 (India Standard Time)","5989.00","5995.00","5985.00","5994.85"
"Fri Jan 10 2025 14:40:00 GMT+0530 (India Standard Time)","5994.85","6005.00","5991.00","6003.80"
"Fri Jan 10 2025 14:45:00 GMT+0530 (India Standard Time)","6003.85","6014.90","6000.00","6011.90"
"Fri Jan 10 2025 14:50:00 GMT+0530 (India Standard Time)","6011.90","6011.90","6005.05","6011.00"
"Fri Jan 10 2025 14:55:00 GMT+0530 (India Standard Time)","6011.60","6011.65","6005.05","6005.05"
"Fri Jan 10 2025 15:00:00 GMT+0530 (India Standard Time)","6005.05","6007.50","6003.00","6006.00"
"Fri Jan 10 2025 15:05:00 GMT+0530 (India Standard Time)","6006.05","6007.45","6000.00","6001.55"
"Fri Jan 10 2025 15:10:00 GMT+0530 (India Standard Time)","6002.00","6004.00","5991.00","5991.00"
"Fri Jan 10 2025 15:15:00 GMT+0530 (India Standard Time)","5992.95","6000.00","5990.00","6000.00"
"Fri Jan 10 2025 15:20:00 GMT+0530 (India Standard Time)","5999.95","6008.00","5998.40","6003.40"
"Fri Jan 10 2025 15:25:00 GMT+0530 (India Standard Time)","6003.35","6005.00","5995.00","6004.00"
"Mon Jan 13 2025 09:15:00 GMT+0530 (India Standard Time)","5975.00","6066.15","5955.60","6051.00"
"Mon Jan 13 2025 09:20:00 GMT+0530 (India Standard Time)","6052.00","6073.85","6000.00","6050.30"
"Mon Jan 13 2025 09:25:00 GMT+0530 (India Standard Time)","6050.30","6065.00","6025.00","6054.00"
"Mon Jan 13 2025 09:30:00 GMT+0530 (India Standard Time)","6054.00","6078.00","6045.00","6064.20"
"Mon Jan 13 2025 09:35:00 GMT+0530 (India Standard Time)","6064.20","6069.45","6026.00","6034.95"
"Mon Jan 13 2025 09:40:00 GMT+0530 (India Standard Time)","6034.95","6088.95","6032.00","6078.10"
"Mon Jan 13 2025 09:45:00 GMT+0530 (India Standard Time)","6078.10","6080.80","6037.00","6037.00"
"Mon Jan 13 2025 09:50:00 GMT+0530 (India Standard Time)","6037.00","6049.00","6025.00","6041.60"
"Mon Jan 13 2025 09:55:00 GMT+0530 (India Standard Time)","6041.55","6051.65","6035.00","6041.40"
"Mon Jan 13 2025 10:00:00 GMT+0530 (India Standard Time)","6041.40","6049.75","6015.05","6041.20"
"Mon Jan 13 2025 10:05:00 GMT+0530 (India Standard Time)","6041.20","6049.80","6030.00","6038.50"
"Mon Jan 13 2025 10:10:00 GMT+0530 (India Standard Time)","6038.50","6039.00","6029.60","6034.00"
"Mon Jan 13 2025 10:15:00 GMT+0530 (India Standard Time)","6034.00","6065.00","6030.00","6034.95"
"Mon Jan 13 2025 10:20:00 GMT+0530 (India Standard Time)","6034.90","6044.50","6026.15","6038.15"
"Mon Jan 13 2025 10:25:00 GMT+0530 (India Standard Time)","6038.15","6056.10","6033.90","6053.70"
"Mon Jan 13 2025 10:30:00 GMT+0530 (India Standard Time)","6053.70","6053.70","6016.00","6018.00"
"Mon Jan 13 2025 10:35:00 GMT+0530 (India Standard Time)","6018.00","6022.70","6005.00","6005.55"
"Mon Jan 13 2025 10:40:00 GMT+0530 (India Standard Time)","6005.55","6018.70","6005.00","6013.05"
"Mon Jan 13 2025 10:45:00 GMT+0530 (India Standard Time)","6013.05","6018.00","6005.00","6011.90"
"Mon Jan 13 2025 10:50:00 GMT+0530 (India Standard Time)","6010.00","6030.00","6009.00","6025.00"
"Mon Jan 13 2025 10:55:00 GMT+0530 (India Standard Time)","6025.00","6028.00","6012.80","6019.60"
"Mon Jan 13 2025 11:00:00 GMT+0530 (India Standard Time)","6019.55","6026.95","6011.00","6011.05"
"Mon Jan 13 2025 11:05:00 GMT+0530 (India Standard Time)","6011.05","6015.15","6005.00","6009.00"
"Mon Jan 13 2025 11:10:00 GMT+0530 (India Standard Time)","6009.00","6012.75","6001.15","6008.15"
"Mon Jan 13 2025 11:15:00 GMT+0530 (India Standard Time)","6008.15","6039.80","6008.15","6028.70"
"Mon Jan 13 2025 11:20:00 GMT+0530 (India Standard Time)","6029.35","6039.95","6025.25","6035.80"
"Mon Jan 13 2025 11:25:00 GMT+0530 (India Standard Time)","6035.80","6038.00","6025.00","6025.00"
"Mon Jan 13 2025 11:30:00 GMT+0530 (India Standard Time)","6025.00","6026.45","6013.00","6021.00"
"Mon Jan 13 2025 11:35:00 GMT+0530 (India Standard Time)","6021.00","6022.35","6012.00","6013.00"
"Mon Jan 13 2025 11:40:00 GMT+0530 (India Standard Time)","6013.00","6021.95","6012.00","6018.00"
"Mon Jan 13 2025 11:45:00 GMT+0530 (India Standard Time)","6018.00","6023.00","6012.05","6015.80"
"Mon Jan 13 2025 11:50:00 GMT+0530 (India Standard Time)","6015.80","6040.00","6014.70","6021.20"
"Mon Jan 13 2025 11:55:00 GMT+0530 (India Standard Time)","6021.60","6045.00","6020.05","6040.60"
"Mon Jan 13 2025 12:00:00 GMT+0530 (India Standard Time)","6042.20","6042.20","6033.35","6037.00"
"Mon Jan 13 2025 12:05:00 GMT+0530 (India Standard Time)","6040.50","6044.00","6033.00","6035.05"
"Mon Jan 13 2025 12:10:00 GMT+0530 (India Standard Time)","6035.05","6037.65","6022.00","6022.00"
"Mon Jan 13 2025 12:15:00 GMT+0530 (India Standard Time)","6022.10","6023.95","6012.10","6012.10"
"Mon Jan 13 2025 12:20:00 GMT+0530 (India Standard Time)","6012.10","6034.50","6012.10","6029.80"
"Mon Jan 13 2025 12:25:00 GMT+0530 (India Standard Time)","6029.80","6034.00","6025.00","6029.65"
"Mon Jan 13 2025 12:30:00 GMT+0530 (India Standard Time)","6029.65","6029.65","6021.00","6022.05"
"Mon Jan 13 2025 12:35:00 GMT+0530 (India Standard Time)","6023.90","6023.90","6012.00","6014.95"
"Mon Jan 13 2025 12:40:00 GMT+0530 (India Standard Time)","6015.35","6017.00","6003.95","6004.90"
"Mon Jan 13 2025 12:45:00 GMT+0530 (India Standard Time)","6004.90","6010.35","6000.10","6009.95"
"Mon Jan 13 2025 12:50:00 GMT+0530 (India Standard Time)","6009.95","6010.75","6002.10","6007.05"
"Mon Jan 13 2025 12:55:00 GMT+0530 (India Standard Time)","6007.05","6009.10","5998.85","6002.40"
"Mon Jan 13 2025 13:00:00 GMT+0530 (India Standard Time)","6000.00","6003.00","5986.45","5990.40"
"Mon Jan 13 2025 13:05:00 GMT+0530 (India Standard Time)","5987.15","5999.45","5984.20","5993.80"
"Mon Jan 13 2025 13:10:00 GMT+0530 (India Standard Time)","5992.40","5994.85","5982.15","5985.00"
"Mon Jan 13 2025 13:15:00 GMT+0530 (India Standard Time)","5984.00","5989.00","5979.95","5979.95"
"Mon Jan 13 2025 13:20:00 GMT+0530 (India Standard Time)","5980.00","6004.20","5976.30","6000.10"
"Mon Jan 13 2025 13:25:00 GMT+0530 (India Standard Time)","6001.20","6008.00","5998.25","6002.25"
"Mon Jan 13 2025 13:30:00 GMT+0530 (India Standard Time)","6000.00","6004.20","5990.00","5999.15"
"Mon Jan 13 2025 13:35:00 GMT+0530 (India Standard Time)","5999.15","5999.95","5980.00","5988.95"
"Mon Jan 13 2025 13:40:00 GMT+0530 (India Standard Time)","5988.95","5989.00","5975.10","5988.05"
"Mon Jan 13 2025 13:45:00 GMT+0530 (India Standard Time)","5988.05","5988.05","5975.00","5976.95"
"Mon Jan 13 2025 13:50:00 GMT+0530 (India Standard Time)","5976.95","5990.95","5972.50","5989.40"
"Mon Jan 13 2025 13:55:00 GMT+0530 (India Standard Time)","5986.30","5992.60","5980.85","5984.35"
"Mon Jan 13 2025 14:00:00 GMT+0530 (India Standard Time)","5979.80","5984.30","5975.10","5978.00"
"Mon Jan 13 2025 14:05:00 GMT+0530 (India Standard Time)","5978.60","5987.40","5976.65","5984.75"
"Mon Jan 13 2025 14:10:00 GMT+0530 (India Standard Time)","5984.75","5985.65","5976.55","5983.30"
"Mon Jan 13 2025 14:15:00 GMT+0530 (India Standard Time)","5982.60","5991.95","5980.05","5989.90"
"Mon Jan 13 2025 14:20:00 GMT+0530 (India Standard Time)","5989.90","5992.50","5981.35","5985.65"
"Mon Jan 13 2025 14:25:00 GMT+0530 (India Standard Time)","5985.65","5985.65","5973.00","5976.80"
"Mon Jan 13 2025 14:30:00 GMT+0530 (India Standard Time)","5973.50","5976.80","5950.00","5950.55"
"Mon Jan 13 2025 14:35:00 GMT+0530 (India Standard Time)","5954.65","5956.00","5935.00","5942.80"
"Mon Jan 13 2025 14:40:00 GMT+0530 (India Standard Time)","5942.00","5964.05","5940.05","5957.90"
"Mon Jan 13 2025 14:45:00 GMT+0530 (India Standard Time)","5957.90","5998.75","5957.90","5989.20"
"Mon Jan 13 2025 14:50:00 GMT+0530 (India Standard Time)","5993.95","5997.25","5984.85","5992.85"
"Mon Jan 13 2025 14:55:00 GMT+0530 (India Standard Time)","5992.90","5995.90","5985.25","5995.90"
"Mon Jan 13 2025 15:00:00 GMT+0530 (India Standard Time)","5995.90","5998.00","5949.25","5953.85"
"Mon Jan 13 2025 15:05:00 GMT+0530 (India Standard Time)","5952.95","5960.00","5941.55","5947.00"
"Mon Jan 13 2025 15:10:00 GMT+0530 (India Standard Time)","5947.00","5954.75","5940.35","5947.05"
"Mon Jan 13 2025 15:15:00 GMT+0530 (India Standard Time)","5945.35","5947.05","5934.00","5942.95"
"Mon Jan 13 2025 15:20:00 GMT+0530 (India Standard Time)","5939.70","5942.95","5920.00","5937.00"
"Mon Jan 13 2025 15:25:00 GMT+0530 (India Standard Time)","5937.00","5950.00","5923.20","5930.00"
"Tue Jan 14 2025 09:15:00 GMT+0530 (India Standard Time)","5959.90","6058.00","5959.90","6053.70"
"Tue Jan 14 2025 09:20:00 GMT+0530 (India Standard Time)","6053.70","6056.00","6017.75","6020.50"
"Tue Jan 14 2025 09:25:00 GMT+0530 (India Standard Time)","6018.90","6039.70","6013.85","6024.15"
"Tue Jan 14 2025 09:30:00 GMT+0530 (India Standard Time)","6017.65","6030.00","6001.55","6008.00"
"Tue Jan 14 2025 09:35:00 GMT+0530 (India Standard Time)","6008.45","6012.00","6000.00","6010.00"
"Tue Jan 14 2025 09:40:00 GMT+0530 (India Standard Time)","6010.00","6031.30","6000.20","6031.30"
"Tue Jan 14 2025 09:45:00 GMT+0530 (India Standard Time)","6029.25","6035.00","6017.00","6017.00"
"Tue Jan 14 2025 09:50:00 GMT+0530 (India Standard Time)","6019.90","6020.05","6011.35","6015.15"
"Tue Jan 14 2025 09:55:00 GMT+0530 (India Standard Time)","6015.15","6045.70","6006.55","6042.00"
"Tue Jan 14 2025 10:00:00 GMT+0530 (India Standard Time)","6041.40","6060.00","6038.05","6042.95"
"Tue Jan 14 2025 10:05:00 GMT+0530 (India Standard Time)","6042.95","6055.10","6042.00","6053.75"
"Tue Jan 14 2025 10:10:00 GMT+0530 (India Standard Time)","6053.75","6080.00","6050.75","6068.90"
"Tue Jan 14 2025 10:15:00 GMT+0530 (India Standard Time)","6066.60","6068.35","6051.65","6057.00"
"Tue Jan 14 2025 10:20:00 GMT+0530 (India Standard Time)","6057.00","6065.00","6044.25","6059.95"
"Tue Jan 14 2025 10:25:00 GMT+0530 (India Standard Time)","6059.95","6070.00","6049.55","6061.55"
"Tue Jan 14 2025 10:30:00 GMT+0530 (India Standard Time)","6061.55","6068.40","6051.50","6054.75"
"Tue Jan 14 2025 10:35:00 GMT+0530 (India Standard Time)","6054.75","6066.00","6047.75","6063.40"
"Tue Jan 14 2025 10:40:00 GMT+0530 (India Standard Time)","6063.40","6078.90","6062.40","6075.00"
"Tue Jan 14 2025 10:45:00 GMT+0530 (India Standard Time)","6075.00","6080.05","6060.15","6063.60"
"Tue Jan 14 2025 10:50:00 GMT+0530 (India Standard Time)","6063.60","6088.80","6061.30","6087.80"
"Tue Jan 14 2025 10:55:00 GMT+0530 (India Standard Time)","6087.80","6108.30","6083.95","6099.45"
"Tue Jan 14 2025 11:00:00 GMT+0530 (India Standard Time)","6099.45","6120.00","6095.50","6119.95"
"Tue Jan 14 2025 11:05:00 GMT+0530 (India Standard Time)","6119.95","6125.00","6106.10","6117.10"
"Tue Jan 14 2025 11:10:00 GMT+0530 (India Standard Time)","6116.60","6124.00","6101.80","6118.30"
"Tue Jan 14 2025 11:15:00 GMT+0530 (India Standard Time)","6118.30","6119.50","6102.65","6105.00"
"Tue Jan 14 2025 11:20:00 GMT+0530 (India Standard Time)","6105.00","6122.00","6103.50","6115.00"
"Tue Jan 14 2025 11:25:00 GMT+0530 (India Standard Time)","6115.00","6118.00","6106.50","6110.50"
"Tue Jan 14 2025 11:30:00 GMT+0530 (India Standard Time)","6108.15","6117.00","6105.00","6115.15"
"Tue Jan 14 2025 11:35:00 GMT+0530 (India Standard Time)","6115.15","6125.00","6113.00","6120.00"
"Tue Jan 14 2025 11:40:00 GMT+0530 (India Standard Time)","6120.00","6124.45","6107.90","6108.55"
"Tue Jan 14 2025 11:45:00 GMT+0530 (India Standard Time)","6108.55","6119.70","6108.55","6112.35"
"Tue Jan 14 2025 11:50:00 GMT+0530 (India Standard Time)","6112.35","6118.75","6103.30","6104.30"
"Tue Jan 14 2025 11:55:00 GMT+0530 (India Standard Time)","6104.30","6107.00","6092.05","6099.40"
"Tue Jan 14 2025 12:00:00 GMT+0530 (India Standard Time)","6099.40","6103.00","6090.00","6098.00"
"Tue Jan 14 2025 12:05:00 GMT+0530 (India Standard Time)","6098.00","6112.30","6090.65","6112.30"
"Tue Jan 14 2025 12:10:00 GMT+0530 (India Standard Time)","6112.30","6125.00","6112.05","6115.60"
"Tue Jan 14 2025 12:15:00 GMT+0530 (India Standard Time)","6115.60","6118.80","6099.20","6104.20"
"Tue Jan 14 2025 12:20:00 GMT+0530 (India Standard Time)","6104.20","6105.50","6087.05","6088.85"
"Tue Jan 14 2025 12:25:00 GMT+0530 (India Standard Time)","6088.85","6091.10","6087.05","6088.20"
"Tue Jan 14 2025 12:30:00 GMT+0530 (India Standard Time)","6088.20","6088.20","6073.10","6077.05"
"Tue Jan 14 2025 12:35:00 GMT+0530 (India Standard Time)","6077.05","6082.00","6072.00","6082.00"
"Tue Jan 14 2025 12:40:00 GMT+0530 (India Standard Time)","6082.00","6082.20","6070.70","6073.85"
"Tue Jan 14 2025 12:45:00 GMT+0530 (India Standard Time)","6073.85","6074.95","6065.60","6074.00"
"Tue Jan 14 2025 12:50:00 GMT+0530 (India Standard Time)","6074.00","6079.55","6040.35","6046.85"
"Tue Jan 14 2025 12:55:00 GMT+0530 (India Standard Time)","6040.90","6046.50","6027.70","6033.15"
"Tue Jan 14 2025 13:00:00 GMT+0530 (India Standard Time)","6033.15","6035.15","6025.25","6032.20"
"Tue Jan 14 2025 13:05:00 GMT+0530 (India Standard Time)","6035.00","6047.20","6032.65","6045.00"
"Tue Jan 14 2025 13:10:00 GMT+0530 (India Standard Time)","6045.00","6045.40","6035.70","6040.10"
"Tue Jan 14 2025 13:15:00 GMT+0530 (India Standard Time)","6040.10","6047.40","6036.95","6036.95"
"Tue Jan 14 2025 13:20:00 GMT+0530 (India Standard Time)","6039.00","6041.70","6035.00","6037.00"
"Tue Jan 14 2025 13:25:00 GMT+0530 (India Standard Time)","6037.00","6037.00","6031.35","6031.65"
"Tue Jan 14 2025 13:30:00 GMT+0530 (India Standard Time)","6033.30","6040.00","6028.00","6037.00"
"Tue Jan 14 2025 13:35:00 GMT+0530 (India Standard Time)","6037.00","6038.00","6034.00","6037.95"
"Tue Jan 14 2025 13:40:00 GMT+0530 (India Standard Time)","6037.95","6054.75","6035.70","6051.30"
"Tue Jan 14 2025 13:45:00 GMT+0530 (India Standard Time)","6051.30","6055.00","6047.75","6050.40"
"Tue Jan 14 2025 13:50:00 GMT+0530 (India Standard Time)","6050.40","6050.40","6043.15","6048.00"
"Tue Jan 14 2025 13:55:00 GMT+0530 (India Standard Time)","6048.00","6048.55","6037.45","6048.55"
"Tue Jan 14 2025 14:00:00 GMT+0530 (India Standard Time)","6048.55","6060.05","6048.55","6059.35"
"Tue Jan 14 2025 14:05:00 GMT+0530 (India Standard Time)","6059.35","6059.35","6050.40","6053.65"
"Tue Jan 14 2025 14:10:00 GMT+0530 (India Standard Time)","6053.65","6075.00","6051.65","6069.00"
"Tue Jan 14 2025 14:15:00 GMT+0530 (India Standard Time)","6065.20","6079.95","6065.20","6079.95"
"Tue Jan 14 2025 14:20:00 GMT+0530 (India Standard Time)","6079.95","6084.00","6074.20","6079.90"
"Tue Jan 14 2025 14:25:00 GMT+0530 (India Standard Time)","6079.90","6083.40","6079.90","6083.15"
"Tue Jan 14 2025 14:30:00 GMT+0530 (India Standard Time)","6083.15","6084.00","6077.15","6079.00"
"Tue Jan 14 2025 14:35:00 GMT+0530 (India Standard Time)","6079.00","6079.00","6063.80","6066.75"
"Tue Jan 14 2025 14:40:00 GMT+0530 (India Standard Time)","6066.75","6069.75","6059.95","6063.20"
"Tue Jan 14 2025 14:45:00 GMT+0530 (India Standard Time)","6063.20","6067.20","6055.20","6058.60"
"Tue Jan 14 2025 14:50:00 GMT+0530 (India Standard Time)","6058.60","6073.55","6058.00","6071.75"
"Tue Jan 14 2025 14:55:00 GMT+0530 (India Standard Time)","6071.75","6077.20","6066.00","6076.00"
"Tue Jan 14 2025 15:00:00 GMT+0530 (India Standard Time)","6075.00","6081.55","6070.75","6074.00"
"Tue Jan 14 2025 15:05:00 GMT+0530 (India Standard Time)","6073.65","6081.95","6073.65","6081.90"
"Tue Jan 14 2025 15:10:00 GMT+0530 (India Standard Time)","6083.95","6086.00","6075.00","6080.00"
"Tue Jan 14 2025 15:15:00 GMT+0530 (India Standard Time)","6080.00","6084.15","6078.45","6082.75"
"Tue Jan 14 2025 15:20:00 GMT+0530 (India Standard Time)","6083.90","6094.85","6082.55","6088.05"
"Tue Jan 14 2025 15:25:00 GMT+0530 (India Standard Time)","6088.05","6093.00","6086.15","6093.00"
"Wed Jan 15 2025 09:15:00 GMT+0530 (India Standard Time)","6093.90","6135.05","6085.80","6089.95"
"Wed Jan 15 2025 09:20:00 GMT+0530 (India Standard Time)","6089.95","6119.00","6085.05","6086.15"
"Wed Jan 15 2025 09:25:00 GMT+0530 (India Standard Time)","6086.15","6098.00","6061.00","6061.00"
"Wed Jan 15 2025 09:30:00 GMT+0530 (India Standard Time)","6061.00","6067.45","6042.40","6056.65"
"Wed Jan 15 2025 09:35:00 GMT+0530 (India Standard Time)","6058.35","6059.80","6047.95","6051.00"
"Wed Jan 15 2025 09:40:00 GMT+0530 (India Standard Time)","6051.00","6070.15","6047.65","6065.05"
"Wed Jan 15 2025 09:45:00 GMT+0530 (India Standard Time)","6065.05","6065.05","6045.05","6045.05"
"Wed Jan 15 2025 09:50:00 GMT+0530 (India Standard Time)","6045.00","6054.55","6042.00","6048.05"
"Wed Jan 15 2025 09:55:00 GMT+0530 (India Standard Time)","6048.05","6050.65","6040.60","6049.95"
"Wed Jan 15 2025 10:00:00 GMT+0530 (India Standard Time)","6049.50","6059.30","6045.90","6052.25"
"Wed Jan 15 2025 10:05:00 GMT+0530 (India Standard Time)","6054.65","6055.00","6048.00","6048.90"
"Wed Jan 15 2025 10:10:00 GMT+0530 (India Standard Time)","6049.05","6049.05","6026.60","6035.85"
"Wed Jan 15 2025 10:15:00 GMT+0530 (India Standard Time)","6035.85","6039.95","6026.70","6038.00"
"Wed Jan 15 2025 10:20:00 GMT+0530 (India Standard Time)","6038.00","6060.70","6033.90","6060.00"
"Wed Jan 15 2025 10:25:00 GMT+0530 (India Standard Time)","6060.00","6060.00","6045.25","6052.65"
"Wed Jan 15 2025 10:30:00 GMT+0530 (India Standard Time)","6052.65","6052.65","6043.80","6050.00"
"Wed Jan 15 2025 10:35:00 GMT+0530 (India Standard Time)","6050.00","6070.00","6050.00","6069.30"
"Wed Jan 15 2025 10:40:00 GMT+0530 (India Standard Time)","6069.30","6072.60","6066.00","6072.60"
"Wed Jan 15 2025 10:45:00 GMT+0530 (India Standard Time)","6072.60","6072.60","6065.15","6070.40"
"Wed Jan 15 2025 10:50:00 GMT+0530 (India Standard Time)","6067.00","6078.00","6067.00","6074.00"
"Wed Jan 15 2025 10:55:00 GMT+0530 (India Standard Time)","6074.00","6074.00","6066.05","6068.90"
"Wed Jan 15 2025 11:00:00 GMT+0530 (India Standard Time)","6068.90","6069.95","6050.80","6054.80"
"Wed Jan 15 2025 11:05:00 GMT+0530 (India Standard Time)","6054.80","6060.70","6050.40","6058.05"
"Wed Jan 15 2025 11:10:00 GMT+0530 (India Standard Time)","6058.05","6063.55","6058.05","6062.80"
"Wed Jan 15 2025 11:15:00 GMT+0530 (India Standard Time)","6065.20","6077.00","6064.15","6077.00"
"Wed Jan 15 2025 11:20:00 GMT+0530 (India Standard Time)","6077.00","6080.00","6072.20","6075.05"
"Wed Jan 15 2025 11:25:00 GMT+0530 (India Standard Time)","6075.05","6075.05","6070.15","6071.50"
"Wed Jan 15 2025 11:30:00 GMT+0530 (India Standard Time)","6070.00","6070.90","6060.00","6065.85"
"Wed Jan 15 2025 11:35:00 GMT+0530 (India Standard Time)","6065.85","6091.95","6064.00","6089.20"
"Wed Jan 15 2025 11:40:00 GMT+0530 (India Standard Time)","6089.20","6096.30","6088.00","6093.00"
"Wed Jan 15 2025 11:45:00 GMT+0530 (India Standard Time)","6093.00","6105.00","6090.00","6095.45"
"Wed Jan 15 2025 11:50:00 GMT+0530 (India Standard Time)","6095.45","6095.95","6083.45","6083.45"
"Wed Jan 15 2025 11:55:00 GMT+0530 (India Standard Time)","6083.45","6086.55","6081.20","6086.00"
"Wed Jan 15 2025 12:00:00 GMT+0530 (India Standard Time)","6084.35","6087.75","6081.35","6086.00"
"Wed Jan 15 2025 12:05:00 GMT+0530 (India Standard Time)","6086.00","6088.70","6082.70","6084.45"
"Wed Jan 15 2025 12:10:00 GMT+0530 (India Standard Time)","6084.45","6088.60","6080.85","6083.30"
"Wed Jan 15 2025 12:15:00 GMT+0530 (India Standard Time)","6083.30","6084.90","6076.10","6079.15"
"Wed Jan 15 2025 12:20:00 GMT+0530 (India Standard Time)","6079.15","6079.15","6065.00","6069.05"
"Wed Jan 15 2025 12:25:00 GMT+0530 (India Standard Time)","6069.05","6069.15","6062.15","6065.90"
"Wed Jan 15 2025 12:30:00 GMT+0530 (India Standard Time)","6065.90","6069.80","6060.50","6067.10"
"Wed Jan 15 2025 12:35:00 GMT+0530 (India Standard Time)","6069.65","6087.95","6069.20","6087.00"
"Wed Jan 15 2025 12:40:00 GMT+0530 (India Standard Time)","6087.00","6090.85","6080.35","6083.15"
"Wed Jan 15 2025 12:45:00 GMT+0530 (India Standard Time)","6083.15","6083.60","6080.20","6080.50"
"Wed Jan 15 2025 12:50:00 GMT+0530 (India Standard Time)","6080.50","6085.65","6080.00","6083.40"
"Wed Jan 15 2025 12:55:00 GMT+0530 (India Standard Time)","6083.40","6085.60","6080.00","6081.00"
"Wed Jan 15 2025 13:00:00 GMT+0530 (India Standard Time)","6081.00","6083.50","6079.35","6081.60"
"Wed Jan 15 2025 13:05:00 GMT+0530 (India Standard Time)","6081.00","6082.00","6078.00","6080.00"
"Wed Jan 15 2025 13:10:00 GMT+0530 (India Standard Time)","6080.00","6081.15","6076.20","6077.40"
"Wed Jan 15 2025 13:15:00 GMT+0530 (India Standard Time)","6075.40","6077.95","6066.00","6072.00"
"Wed Jan 15 2025 13:20:00 GMT+0530 (India Standard Time)","6072.00","6076.00","6067.00","6075.70"
"Wed Jan 15 2025 13:25:00 GMT+0530 (India Standard Time)","6075.70","6080.45","6063.00","6065.50"
"Wed Jan 15 2025 13:30:00 GMT+0530 (India Standard Time)","6065.50","6073.90","6060.00","6070.55"
"Wed Jan 15 2025 13:35:00 GMT+0530 (India Standard Time)","6070.55","6073.90","6066.20","6071.45"
"Wed Jan 15 2025 13:40:00 GMT+0530 (India Standard Time)","6071.45","6080.00","6068.60","6076.85"
"Wed Jan 15 2025 13:45:00 GMT+0530 (India Standard Time)","6076.85","6076.85","6070.00","6072.10"
"Wed Jan 15 2025 13:50:00 GMT+0530 (India Standard Time)","6072.10","6076.75","6070.00","6070.00"
"Wed Jan 15 2025 13:55:00 GMT+0530 (India Standard Time)","6070.00","6077.90","6070.00","6077.65"
"Wed Jan 15 2025 14:00:00 GMT+0530 (India Standard Time)","6077.65","6079.55","6075.00","6075.20"
"Wed Jan 15 2025 14:05:00 GMT+0530 (India Standard Time)","6075.20","6079.25","6075.00","6075.60"
"Wed Jan 15 2025 14:10:00 GMT+0530 (India Standard Time)","6075.60","6078.30","6075.00","6076.00"
"Wed Jan 15 2025 14:15:00 GMT+0530 (India Standard Time)","6076.00","6078.45","6075.00","6078.45"
"Wed Jan 15 2025 14:20:00 GMT+0530 (India Standard Time)","6078.45","6082.00","6075.00","6076.10"
"Wed Jan 15 2025 14:25:00 GMT+0530 (India Standard Time)","6076.10","6078.95","6075.00","6078.60"
"Wed Jan 15 2025 14:30:00 GMT+0530 (India Standard Time)","6078.60","6088.70","6078.60","6086.70"
"Wed Jan 15 2025 14:35:00 GMT+0530 (India Standard Time)","6086.70","6092.00","6084.00","6089.80"
"Wed Jan 15 2025 14:40:00 GMT+0530 (India Standard Time)","6089.80","6119.00","6089.80","6109.40"
"Wed Jan 15 2025 14:45:00 GMT+0530 (India Standard Time)","6109.40","6124.65","6109.30","6115.00"
"Wed Jan 15 2025 14:50:00 GMT+0530 (India Standard Time)","6115.00","6115.00","6110.00","6114.95"
"Wed Jan 15 2025 14:55:00 GMT+0530 (India Standard Time)","6114.95","6118.85","6112.00","6112.00"
"Wed Jan 15 2025 15:00:00 GMT+0530 (India Standard Time)","6110.00","6127.30","6110.00","6110.95"
"Wed Jan 15 2025 15:05:00 GMT+0530 (India Standard Time)","6111.65","6115.85","6111.65","6113.45"
"Wed Jan 15 2025 15:10:00 GMT+0530 (India Standard Time)","6113.45","6118.75","6112.05","6114.05"
"Wed Jan 15 2025 15:15:00 GMT+0530 (India Standard Time)","6114.25","6118.65","6105.00","6113.10"
"Wed Jan 15 2025 15:20:00 GMT+0530 (India Standard Time)","6113.05","6124.95","6113.05","6118.10"
"Wed Jan 15 2025 15:25:00 GMT+0530 (India Standard Time)","6119.50","6120.35","6110.00","6111.00"
"Thu Jan 16 2025 09:15:00 GMT+0530 (India Standard Time)","6140.00","6181.00","6130.00","6149.00"
"Thu Jan 16 2025 09:20:00 GMT+0530 (India Standard Time)","6149.00","6155.00","6135.60","6153.55"
"Thu Jan 16 2025 09:25:00 GMT+0530 (India Standard Time)","6153.55","6164.00","6140.20","6143.55"
"Thu Jan 16 2025 09:30:00 GMT+0530 (India Standard Time)","6143.55","6146.80","6130.00","6138.00"
"Thu Jan 16 2025 09:35:00 GMT+0530 (India Standard Time)","6140.45","6151.35","6140.00","6145.55"
"Thu Jan 16 2025 09:40:00 GMT+0530 (India Standard Time)","6145.55","6155.00","6136.80","6154.65"
"Thu Jan 16 2025 09:45:00 GMT+0530 (India Standard Time)","6155.00","6184.25","6152.05","6184.25"
"Thu Jan 16 2025 09:50:00 GMT+0530 (India Standard Time)","6184.25","6185.00","6170.95","6172.50"
"Thu Jan 16 2025 09:55:00 GMT+0530 (India Standard Time)","6172.50","6195.20","6160.85","6184.85"
"Thu Jan 16 2025 10:00:00 GMT+0530 (India Standard Time)","6184.85","6190.15","6170.70","6179.90"
"Thu Jan 16 2025 10:05:00 GMT+0530 (India Standard Time)","6179.90","6181.60","6173.00","6173.50"
"Thu Jan 16 2025 10:10:00 GMT+0530 (India Standard Time)","6173.50","6177.95","6162.55","6164.05"
"Thu Jan 16 2025 10:15:00 GMT+0530 (India Standard Time)","6164.05","6221.00","6163.45","6221.00"
"Thu Jan 16 2025 10:20:00 GMT+0530 (India Standard Time)","6220.40","6224.95","6215.05","6222.80"
"Thu Jan 16 2025 10:25:00 GMT+0530 (India Standard Time)","6222.80","6224.00","6215.05","6219.05"
"Thu Jan 16 2025 10:30:00 GMT+0530 (India Standard Time)","6219.05","6236.85","6217.20","6226.70"
"Thu Jan 16 2025 10:35:00 GMT+0530 (India Standard Time)","6226.70","6245.20","6223.35","6241.15"
"Thu Jan 16 2025 10:40:00 GMT+0530 (India Standard Time)","6241.15","6241.60","6228.00","6230.00"
"Thu Jan 16 2025 10:45:00 GMT+0530 (India Standard Time)","6230.00","6235.00","6226.00","6235.00"
"Thu Jan 16 2025 10:50:00 GMT+0530 (India Standard Time)","6235.00","6238.80","6222.55","6223.35"
"Thu Jan 16 2025 10:55:00 GMT+0530 (India Standard Time)","6223.35","6239.75","6222.65","6225.00"
"Thu Jan 16 2025 11:00:00 GMT+0530 (India Standard Time)","6225.00","6235.00","6225.00","6233.70"
"Thu Jan 16 2025 11:05:00 GMT+0530 (India Standard Time)","6233.70","6233.70","6192.60","6198.00"