"Date","Open","High","Low","Close"
"Wed Apr 09 2025 09:55:00 GMT+0530 (India Standard Time)","4754.90","4761.95","4752.95","4755.60"
"Wed Apr 09 2025 10:00:00 GMT+0530 (India Standard Time)","4755.60","4785.60","4755.60","4785.60"
"Wed Apr 09 2025 10:05:00 GMT+0530 (India Standard Time)","4785.60","4790.30","4777.80","4782.90"
"Wed Apr 09 2025 10:10:00 GMT+0530 (India Standard Time)","4782.90","4787.75","4770.10","4772.00"
"Wed Apr 09 2025 10:15:00 GMT+0530 (India Standard Time)","4770.85","4775.35","4758.00","4775.25"
"Wed Apr 09 2025 10:20:00 GMT+0530 (India Standard Time)","4775.25","4784.10","4771.60","4781.20"
"Wed Apr 09 2025 10:25:00 GMT+0530 (India Standard Time)","4781.20","4789.05","4775.00","4778.75"
"Wed Apr 09 2025 10:30:00 GMT+0530 (India Standard Time)","4778.75","4779.70","4758.15","4761.65"
"Wed Apr 09 2025 10:35:00 GMT+0530 (India Standard Time)","4761.65","4768.50","4760.20","4766.35"
"Wed Apr 09 2025 10:40:00 GMT+0530 (India Standard Time)","4766.35","4774.65","4761.00","4763.45"
"Wed Apr 09 2025 10:45:00 GMT+0530 (India Standard Time)","4764.00","4767.20","4758.10","4766.40"
"Wed Apr 09 2025 10:50:00 GMT+0530 (India Standard Time)","4766.40","4776.00","4764.50","4770.00"
"Wed Apr 09 2025 10:55:00 GMT+0530 (India Standard Time)","4770.00","4770.40","4765.00","4765.50"
"Wed Apr 09 2025 11:00:00 GMT+0530 (India Standard Time)","4765.50","4765.50","4750.00","4753.00"
"Wed Apr 09 2025 11:05:00 GMT+0530 (India Standard Time)","4751.75","4754.10","4729.05","4734.00"
"Wed Apr 09 2025 11:10:00 GMT+0530 (India Standard Time)","4734.00","4740.00","4732.05","4737.45"
"Wed Apr 09 2025 11:15:00 GMT+0530 (India Standard Time)","4737.45","4747.90","4735.75","4744.90"
"Wed Apr 09 2025 11:20:00 GMT+0530 (India Standard Time)","4744.90","4750.00","4744.90","4748.75"
"Wed Apr 09 2025 11:25:00 GMT+0530 (India Standard Time)","4748.75","4748.75","4739.95","4742.00"
"Wed Apr 09 2025 11:30:00 GMT+0530 (India Standard Time)","4742.00","4757.95","4742.00","4756.00"
"Wed Apr 09 2025 11:35:00 GMT+0530 (India Standard Time)","4756.00","4756.00","4750.40","4752.00"
"Wed Apr 09 2025 11:40:00 GMT+0530 (India Standard Time)","4752.00","4754.95","4748.15","4753.20"
"Wed Apr 09 2025 11:45:00 GMT+0530 (India Standard Time)","4754.95","4757.50","4747.00","4754.85"
"Wed Apr 09 2025 11:50:00 GMT+0530 (India Standard Time)","4754.85","4759.90","4751.05","4757.70"
"Wed Apr 09 2025 11:55:00 GMT+0530 (India Standard Time)","4757.70","4757.70","4750.00","4753.80"
"Wed Apr 09 2025 12:00:00 GMT+0530 (India Standard Time)","4753.80","4764.50","4753.15","4764.50"
"Wed Apr 09 2025 12:05:00 GMT+0530 (India Standard Time)","4764.50","4768.70","4763.50","4767.95"
"Wed Apr 09 2025 12:10:00 GMT+0530 (India Standard Time)","4767.95","4770.00","4765.10","4770.00"
"Wed Apr 09 2025 12:15:00 GMT+0530 (India Standard Time)","4770.00","4773.60","4767.10","4769.25"
"Wed Apr 09 2025 12:20:00 GMT+0530 (India Standard Time)","4769.25","4779.55","4762.90","4776.30"
"Wed Apr 09 2025 12:25:00 GMT+0530 (India Standard Time)","4776.30","4779.40","4773.05","4774.10"
"Wed Apr 09 2025 12:30:00 GMT+0530 (India Standard Time)","4774.10","4789.00","4773.75","4788.40"
"Wed Apr 09 2025 12:35:00 GMT+0530 (India Standard Time)","4786.95","4797.45","4780.25","4780.25"
"Wed Apr 09 2025 12:40:00 GMT+0530 (India Standard Time)","4780.05","4795.55","4780.05","4795.55"
"Wed Apr 09 2025 12:45:00 GMT+0530 (India Standard Time)","4795.55","4818.80","4795.55","4817.95"
"Wed Apr 09 2025 12:50:00 GMT+0530 (India Standard Time)","4817.95","4817.95","4805.65","4808.65"
"Wed Apr 09 2025 12:55:00 GMT+0530 (India Standard Time)","4808.65","4818.80","4802.45","4815.25"
"Wed Apr 09 2025 13:00:00 GMT+0530 (India Standard Time)","4815.25","4815.25","4806.50","4812.40"
"Wed Apr 09 2025 13:05:00 GMT+0530 (India Standard Time)","4812.40","4814.90","4808.55","4814.00"
"Wed Apr 09 2025 13:10:00 GMT+0530 (India Standard Time)","4814.00","4818.00","4807.15","4812.80"
"Wed Apr 09 2025 13:15:00 GMT+0530 (India Standard Time)","4812.00","4814.40","4810.00","4810.60"
"Wed Apr 09 2025 13:20:00 GMT+0530 (India Standard Time)","4810.00","4812.10","4802.10","4803.65"
"Wed Apr 09 2025 13:25:00 GMT+0530 (India Standard Time)","4803.65","4819.00","4803.65","4811.00"
"Wed Apr 09 2025 13:30:00 GMT+0530 (India Standard Time)","4813.60","4817.75","4807.00","4807.00"
"Wed Apr 09 2025 13:35:00 GMT+0530 (India Standard Time)","4807.00","4809.30","4796.50","4804.80"
"Wed Apr 09 2025 13:40:00 GMT+0530 (India Standard Time)","4804.80","4810.00","4800.00","4809.95"
"Wed Apr 09 2025 13:45:00 GMT+0530 (India Standard Time)","4809.95","4812.65","4807.10","4809.05"
"Wed Apr 09 2025 13:50:00 GMT+0530 (India Standard Time)","4809.05","4811.55","4808.00","4811.00"
"Wed Apr 09 2025 13:55:00 GMT+0530 (India Standard Time)","4811.00","4811.40","4807.40","4810.00"
"Wed Apr 09 2025 14:00:00 GMT+0530 (India Standard Time)","4810.00","4811.40","4801.10","4805.70"
"Wed Apr 09 2025 14:05:00 GMT+0530 (India Standard Time)","4802.85","4811.95","4802.85","4810.10"
"Wed Apr 09 2025 14:10:00 GMT+0530 (India Standard Time)","4810.10","4812.00","4780.45","4784.70"
"Wed Apr 09 2025 14:15:00 GMT+0530 (India Standard Time)","4784.70","4787.55","4774.35","4783.40"
"Wed Apr 09 2025 14:20:00 GMT+0530 (India Standard Time)","4783.40","4794.75","4778.65","4789.75"
"Wed Apr 09 2025 14:25:00 GMT+0530 (India Standard Time)","4789.75","4791.80","4781.15","4781.15"
"Wed Apr 09 2025 14:30:00 GMT+0530 (India Standard Time)","4781.15","4782.50","4766.10","4775.70"
"Wed Apr 09 2025 14:35:00 GMT+0530 (India Standard Time)","4775.70","4779.00","4769.00","4773.00"
"Wed Apr 09 2025 14:40:00 GMT+0530 (India Standard Time)","4772.00","4772.00","4755.00","4755.00"
"Wed Apr 09 2025 14:45:00 GMT+0530 (India Standard Time)","4758.10","4771.00","4757.90","4769.00"
"Wed Apr 09 2025 14:50:00 GMT+0530 (India Standard Time)","4771.15","4779.55","4761.00","4768.70"
"Wed Apr 09 2025 14:55:00 GMT+0530 (India Standard Time)","4768.60","4769.20","4757.00","4760.35"
"Wed Apr 09 2025 15:00:00 GMT+0530 (India Standard Time)","4760.00","4767.60","4758.10","4760.00"
"Wed Apr 09 2025 15:05:00 GMT+0530 (India Standard Time)","4760.05","4763.90","4758.15","4760.80"
"Wed Apr 09 2025 15:10:00 GMT+0530 (India Standard Time)","4760.80","4760.80","4757.80","4758.20"
"Wed Apr 09 2025 15:15:00 GMT+0530 (India Standard Time)","4758.20","4759.45","4751.00","4751.00"
"Wed Apr 09 2025 15:20:00 GMT+0530 (India Standard Time)","4751.00","4756.30","4750.00","4755.00"
"Wed Apr 09 2025 15:25:00 GMT+0530 (India Standard Time)","4755.25","4765.00","4754.10","4762.00"
"Fri Apr 11 2025 09:15:00 GMT+0530 (India Standard Time)","4762.00","4897.00","4761.00","4836.60"
"Fri Apr 11 2025 09:20:00 GMT+0530 (India Standard Time)","4839.00","4842.00","4815.20","4826.20"
"Fri Apr 11 2025 09:25:00 GMT+0530 (India Standard Time)","4827.45","4836.90","4811.00","4831.10"
"Fri Apr 11 2025 09:30:00 GMT+0530 (India Standard Time)","4831.10","4842.20","4821.90","4842.20"
"Fri Apr 11 2025 09:35:00 GMT+0530 (India Standard Time)","4842.20","4849.50","4836.00","4839.10"
"Fri Apr 11 2025 09:40:00 GMT+0530 (India Standard Time)","4839.10","4856.00","4821.05","4827.45"
"Fri Apr 11 2025 09:45:00 GMT+0530 (India Standard Time)","4828.70","4834.90","4819.90","4825.00"
"Fri Apr 11 2025 09:50:00 GMT+0530 (India Standard Time)","4821.55","4825.60","4812.15","4814.55"
"Fri Apr 11 2025 09:55:00 GMT+0530 (India Standard Time)","4814.55","4816.10","4801.00","4802.65"
"Fri Apr 11 2025 10:00:00 GMT+0530 (India Standard Time)","4802.65","4810.60","4796.20","4800.00"
"Fri Apr 11 2025 10:05:00 GMT+0530 (India Standard Time)","4800.00","4805.55","4795.00","4796.40"
"Fri Apr 11 2025 10:10:00 GMT+0530 (India Standard Time)","4796.40","4806.85","4785.10","4798.00"
"Fri Apr 11 2025 10:15:00 GMT+0530 (India Standard Time)","4798.00","4808.40","4795.00","4798.30"
"Fri Apr 11 2025 10:20:00 GMT+0530 (India Standard Time)","4798.30","4798.30","4782.00","4787.40"
"Fri Apr 11 2025 10:25:00 GMT+0530 (India Standard Time)","4787.40","4805.75","4784.65","4805.35"
"Fri Apr 11 2025 10:30:00 GMT+0530 (India Standard Time)","4802.65","4817.05","4802.65","4807.90"
"Fri Apr 11 2025 10:35:00 GMT+0530 (India Standard Time)","4807.90","4811.40","4791.70","4798.55"
"Fri Apr 11 2025 10:40:00 GMT+0530 (India Standard Time)","4798.55","4798.55","4788.00","4792.90"
"Fri Apr 11 2025 10:45:00 GMT+0530 (India Standard Time)","4792.90","4795.00","4782.15","4792.00"
"Fri Apr 11 2025 10:50:00 GMT+0530 (India Standard Time)","4792.00","4793.00","4781.00","4786.95"
"Fri Apr 11 2025 10:55:00 GMT+0530 (India Standard Time)","4786.95","4797.80","4783.00","4797.80"
"Fri Apr 11 2025 11:00:00 GMT+0530 (India Standard Time)","4795.30","4798.60","4790.00","4794.00"
"Fri Apr 11 2025 11:05:00 GMT+0530 (India Standard Time)","4794.00","4797.95","4790.00","4793.25"
"Fri Apr 11 2025 11:10:00 GMT+0530 (India Standard Time)","4793.60","4800.00","4790.00","4799.90"
"Fri Apr 11 2025 11:15:00 GMT+0530 (India Standard Time)","4799.90","4803.10","4790.55","4792.50"
"Fri Apr 11 2025 11:20:00 GMT+0530 (India Standard Time)","4792.50","4798.55","4790.00","4792.85"
"Fri Apr 11 2025 11:25:00 GMT+0530 (India Standard Time)","4792.85","4797.65","4791.65","4796.75"
"Fri Apr 11 2025 11:30:00 GMT+0530 (India Standard Time)","4796.75","4808.95","4792.90","4804.70"
"Fri Apr 11 2025 11:35:00 GMT+0530 (India Standard Time)","4804.70","4819.35","4803.40","4812.10"
"Fri Apr 11 2025 11:40:00 GMT+0530 (India Standard Time)","4814.75","4819.90","4800.00","4802.95"
"Fri Apr 11 2025 11:45:00 GMT+0530 (India Standard Time)","4802.95","4806.15","4792.55","4799.40"
"Fri Apr 11 2025 11:50:00 GMT+0530 (India Standard Time)","4796.95","4799.55","4792.55","4793.15"
"Fri Apr 11 2025 11:55:00 GMT+0530 (India Standard Time)","4793.15","4803.00","4791.60","4792.10"
"Fri Apr 11 2025 12:00:00 GMT+0530 (India Standard Time)","4792.10","4801.00","4790.00","4801.00"
"Fri Apr 11 2025 12:05:00 GMT+0530 (India Standard Time)","4801.00","4805.00","4800.00","4803.00"
"Fri Apr 11 2025 12:10:00 GMT+0530 (India Standard Time)","4803.65","4814.75","4800.15","4813.80"
"Fri Apr 11 2025 12:15:00 GMT+0530 (India Standard Time)","4813.80","4813.80","4806.10","4809.95"
"Fri Apr 11 2025 12:20:00 GMT+0530 (India Standard Time)","4809.95","4813.50","4803.20","4811.50"
"Fri Apr 11 2025 12:25:00 GMT+0530 (India Standard Time)","4811.50","4813.00","4806.15","4809.10"
"Fri Apr 11 2025 12:30:00 GMT+0530 (India Standard Time)","4809.10","4809.15","4801.60","4803.65"
"Fri Apr 11 2025 12:35:00 GMT+0530 (India Standard Time)","4803.65","4803.65","4790.10","4793.35"
"Fri Apr 11 2025 12:40:00 GMT+0530 (India Standard Time)","4790.75","4802.25","4790.75","4801.85"
"Fri Apr 11 2025 12:45:00 GMT+0530 (India Standard Time)","4801.85","4802.00","4794.95","4801.95"
"Fri Apr 11 2025 12:50:00 GMT+0530 (India Standard Time)","4800.50","4802.35","4795.80","4802.15"
"Fri Apr 11 2025 12:55:00 GMT+0530 (India Standard Time)","4802.25","4803.95","4796.65","4801.20"
"Fri Apr 11 2025 13:00:00 GMT+0530 (India Standard Time)","4803.95","4803.95","4775.00","4780.60"
"Fri Apr 11 2025 13:05:00 GMT+0530 (India Standard Time)","4780.60","4784.60","4777.00","4781.85"
"Fri Apr 11 2025 13:10:00 GMT+0530 (India Standard Time)","4782.25","4788.30","4778.60","4786.00"
"Fri Apr 11 2025 13:15:00 GMT+0530 (India Standard Time)","4786.10","4786.30","4770.10","4770.10"
"Fri Apr 11 2025 13:20:00 GMT+0530 (India Standard Time)","4770.25","4773.70","4751.80","4755.20"
"Fri Apr 11 2025 13:25:00 GMT+0530 (India Standard Time)","4755.20","4764.40","4752.00","4755.30"
"Fri Apr 11 2025 13:30:00 GMT+0530 (India Standard Time)","4755.60","4761.55","4750.50","4757.55"
"Fri Apr 11 2025 13:35:00 GMT+0530 (India Standard Time)","4757.55","4763.90","4752.10","4759.60"
"Fri Apr 11 2025 13:40:00 GMT+0530 (India Standard Time)","4759.25","4759.25","4732.20","4737.00"
"Fri Apr 11 2025 13:45:00 GMT+0530 (India Standard Time)","4737.00","4740.00","4730.00","4733.00"
"Fri Apr 11 2025 13:50:00 GMT+0530 (India Standard Time)","4733.00","4733.00","4720.00","4723.00"
"Fri Apr 11 2025 13:55:00 GMT+0530 (India Standard Time)","4723.00","4735.00","4721.00","4729.15"
"Fri Apr 11 2025 14:00:00 GMT+0530 (India Standard Time)","4729.15","4729.15","4709.00","4714.15"
"Fri Apr 11 2025 14:05:00 GMT+0530 (India Standard Time)","4714.15","4721.50","4711.10","4721.35"
"Fri Apr 11 2025 14:10:00 GMT+0530 (India Standard Time)","4720.85","4722.00","4716.30","4722.00"
"Fri Apr 11 2025 14:15:00 GMT+0530 (India Standard Time)","4720.95","4727.00","4720.95","4724.90"
"Fri Apr 11 2025 14:20:00 GMT+0530 (India Standard Time)","4724.90","4732.95","4720.05","4732.95"
"Fri Apr 11 2025 14:25:00 GMT+0530 (India Standard Time)","4732.95","4737.20","4726.65","4731.60"
"Fri Apr 11 2025 14:30:00 GMT+0530 (India Standard Time)","4731.65","4740.75","4731.65","4734.00"
"Fri Apr 11 2025 14:35:00 GMT+0530 (India Standard Time)","4732.00","4733.95","4728.00","4732.55"
"Fri Apr 11 2025 14:40:00 GMT+0530 (India Standard Time)","4732.55","4754.95","4728.00","4754.65"
"Fri Apr 11 2025 14:45:00 GMT+0530 (India Standard Time)","4752.75","4759.60","4744.20","4757.55"
"Fri Apr 11 2025 14:50:00 GMT+0530 (India Standard Time)","4759.55","4759.60","4751.55","4757.00"
"Fri Apr 11 2025 14:55:00 GMT+0530 (India Standard Time)","4758.00","4761.80","4752.05","4755.85"
"Fri Apr 11 2025 15:00:00 GMT+0530 (India Standard Time)","4755.80","4758.30","4739.85","4744.95"
"Fri Apr 11 2025 15:05:00 GMT+0530 (India Standard Time)","4744.55","4757.60","4736.70","4756.40"
"Fri Apr 11 2025 15:10:00 GMT+0530 (India Standard Time)","4757.85","4760.00","4754.75","4754.75"
"Fri Apr 11 2025 15:15:00 GMT+0530 (India Standard Time)","4754.75","4756.50","4750.40","4753.50"
"Fri Apr 11 2025 15:20:00 GMT+0530 (India Standard Time)","4751.55","4754.45","4750.05","4753.45"
"Fri Apr 11 2025 15:25:00 GMT+0530 (India Standard Time)","4753.60","4763.95","4750.00","4754.80"
"Tue Apr 15 2025 09:15:00 GMT+0530 (India Standard Time)","4849.00","4879.00","4801.00","4876.00"
"Tue Apr 15 2025 09:20:00 GMT+0530 (India Standard Time)","4876.50","4933.00","4876.50","4918.50"
"Tue Apr 15 2025 09:25:00 GMT+0530 (India Standard Time)","4921.00","4921.00","4900.00","4900.00"
"Tue Apr 15 2025 09:30:00 GMT+0530 (India Standard Time)","4899.50","4918.50","4888.00","4896.00"
"Tue Apr 15 2025 09:35:00 GMT+0530 (India Standard Time)","4896.00","4899.50","4880.00","4881.50"
"Tue Apr 15 2025 09:40:00 GMT+0530 (India Standard Time)","4884.50","4888.50","4860.00","4860.00"
"Tue Apr 15 2025 09:45:00 GMT+0530 (India Standard Time)","4860.00","4865.50","4851.50","4857.50"
"Tue Apr 15 2025 09:50:00 GMT+0530 (India Standard Time)","4861.50","4862.00","4839.50","4855.50"
"Tue Apr 15 2025 09:55:00 GMT+0530 (India Standard Time)","4853.00","4878.50","4852.00","4861.00"
"Tue Apr 15 2025 10:00:00 GMT+0530 (India Standard Time)","4860.00","4867.50","4832.50","4832.50"
"Tue Apr 15 2025 10:05:00 GMT+0530 (India Standard Time)","4832.00","4853.00","4832.00","4842.00"
"Tue Apr 15 2025 10:10:00 GMT+0530 (India Standard Time)","4842.00","4858.50","4841.50","4847.50"
"Tue Apr 15 2025 10:15:00 GMT+0530 (India Standard Time)","4845.50","4847.50","4832.50","4835.00"
"Tue Apr 15 2025 10:20:00 GMT+0530 (India Standard Time)","4835.00","4843.50","4827.00","4834.00"
"Tue Apr 15 2025 10:25:00 GMT+0530 (India Standard Time)","4834.00","4848.00","4833.00","4835.50"
"Tue Apr 15 2025 10:30:00 GMT+0530 (India Standard Time)","4837.00","4844.00","4835.00","4844.00"
"Tue Apr 15 2025 10:35:00 GMT+0530 (India Standard Time)","4840.50","4842.00","4828.00","4838.50"
"Tue Apr 15 2025 10:40:00 GMT+0530 (India Standard Time)","4837.00","4858.00","4837.00","4849.50"
"Tue Apr 15 2025 10:45:00 GMT+0530 (India Standard Time)","4849.50","4855.50","4839.50","4848.50"
"Tue Apr 15 2025 10:50:00 GMT+0530 (India Standard Time)","4850.00","4850.00","4832.50","4839.50"
"Tue Apr 15 2025 10:55:00 GMT+0530 (India Standard Time)","4836.00","4846.00","4835.50","4843.50"
"Tue Apr 15 2025 11:00:00 GMT+0530 (India Standard Time)","4842.50","4847.50","4839.00","4843.50"
"Tue Apr 15 2025 11:05:00 GMT+0530 (India Standard Time)","4844.50","4845.00","4835.00","4838.00"
"Tue Apr 15 2025 11:10:00 GMT+0530 (India Standard Time)","4838.00","4838.50","4828.50","4832.00"
"Tue Apr 15 2025 11:15:00 GMT+0530 (India Standard Time)","4832.00","4845.00","4831.00","4844.50"
"Tue Apr 15 2025 11:20:00 GMT+0530 (India Standard Time)","4844.50","4846.50","4840.00","4845.50"
"Tue Apr 15 2025 11:25:00 GMT+0530 (India Standard Time)","4846.00","4864.00","4844.00","4860.50"
"Tue Apr 15 2025 11:30:00 GMT+0530 (India Standard Time)","4858.00","4862.00","4845.00","4845.00"
"Tue Apr 15 2025 11:35:00 GMT+0530 (India Standard Time)","4847.00","4847.00","4842.00","4844.00"
"Tue Apr 15 2025 11:40:00 GMT+0530 (India Standard Time)","4844.00","4845.00","4835.00","4835.00"
"Tue Apr 15 2025 11:45:00 GMT+0530 (India Standard Time)","4835.00","4839.00","4828.00","4828.50"
"Tue Apr 15 2025 11:50:00 GMT+0530 (India Standard Time)","4828.50","4836.50","4823.00","4835.00"
"Tue Apr 15 2025 11:55:00 GMT+0530 (India Standard Time)","4835.00","4845.50","4834.00","4840.00"
"Tue Apr 15 2025 12:00:00 GMT+0530 (India Standard Time)","4840.00","4850.00","4837.00","4850.00"
"Tue Apr 15 2025 12:05:00 GMT+0530 (India Standard Time)","4848.00","4909.50","4846.50","4897.00"
"Tue Apr 15 2025 12:10:00 GMT+0530 (India Standard Time)","4897.00","4899.00","4877.00","4890.00"
"Tue Apr 15 2025 12:15:00 GMT+0530 (India Standard Time)","4884.50","4919.00","4884.50","4911.00"
"Tue Apr 15 2025 12:20:00 GMT+0530 (India Standard Time)","4911.00","4911.00","4892.50","4895.50"
"Tue Apr 15 2025 12:25:00 GMT+0530 (India Standard Time)","4897.50","4900.00","4889.00","4895.50"
"Tue Apr 15 2025 12:30:00 GMT+0530 (India Standard Time)","4895.00","4901.00","4887.00","4899.00"
"Tue Apr 15 2025 12:35:00 GMT+0530 (India Standard Time)","4901.00","4901.00","4891.50","4892.50"
"Tue Apr 15 2025 12:40:00 GMT+0530 (India Standard Time)","4892.50","4895.00","4877.00","4880.00"
"Tue Apr 15 2025 12:45:00 GMT+0530 (India Standard Time)","4880.00","4894.50","4876.50","4894.00"
"Tue Apr 15 2025 12:50:00 GMT+0530 (India Standard Time)","4894.00","4898.00","4892.50","4893.00"
"Tue Apr 15 2025 12:55:00 GMT+0530 (India Standard Time)","4893.00","4899.50","4888.00","4895.00"
"Tue Apr 15 2025 13:00:00 GMT+0530 (India Standard Time)","4895.00","4895.00","4888.00","4889.00"
"Tue Apr 15 2025 13:05:00 GMT+0530 (India Standard Time)","4889.00","4904.50","4887.50","4901.50"
"Tue Apr 15 2025 13:10:00 GMT+0530 (India Standard Time)","4901.50","4907.50","4898.00","4902.50"
"Tue Apr 15 2025 13:15:00 GMT+0530 (India Standard Time)","4902.50","4904.50","4901.00","4904.00"
"Tue Apr 15 2025 13:20:00 GMT+0530 (India Standard Time)","4904.00","4906.00","4902.00","4903.50"
"Tue Apr 15 2025 13:25:00 GMT+0530 (India Standard Time)","4903.50","4913.50","4901.00","4910.00"
"Tue Apr 15 2025 13:30:00 GMT+0530 (India Standard Time)","4910.00","4911.00","4898.00","4905.00"
"Tue Apr 15 2025 13:35:00 GMT+0530 (India Standard Time)","4905.00","4905.00","4898.50","4900.00"
"Tue Apr 15 2025 13:40:00 GMT+0530 (India Standard Time)","4900.00","4900.00","4891.50","4895.00"
"Tue Apr 15 2025 13:45:00 GMT+0530 (India Standard Time)","4895.00","4901.50","4895.00","4900.00"
"Tue Apr 15 2025 13:50:00 GMT+0530 (India Standard Time)","4901.00","4910.00","4901.00","4907.00"
"Tue Apr 15 2025 13:55:00 GMT+0530 (India Standard Time)","4907.00","4910.00","4902.00","4902.00"
"Tue Apr 15 2025 14:00:00 GMT+0530 (India Standard Time)","4904.00","4917.50","4896.50","4901.00"
"Tue Apr 15 2025 14:05:00 GMT+0530 (India Standard Time)","4901.00","4901.00","4886.50","4887.00"
"Tue Apr 15 2025 14:10:00 GMT+0530 (India Standard Time)","4884.00","4891.50","4883.00","4891.50"
"Tue Apr 15 2025 14:15:00 GMT+0530 (India Standard Time)","4891.00","4894.50","4886.50","4890.00"
"Tue Apr 15 2025 14:20:00 GMT+0530 (India Standard Time)","4890.00","4895.50","4890.00","4891.00"
"Tue Apr 15 2025 14:25:00 GMT+0530 (India Standard Time)","4890.00","4896.00","4886.00","4890.00"
"Tue Apr 15 2025 14:30:00 GMT+0530 (India Standard Time)","4890.00","4890.00","4882.00","4882.50"
"Tue Apr 15 2025 14:35:00 GMT+0530 (India Standard Time)","4882.50","4900.00","4882.50","4898.00"
"Tue Apr 15 2025 14:40:00 GMT+0530 (India Standard Time)","4898.00","4901.50","4885.50","4896.50"
"Tue Apr 15 2025 14:45:00 GMT+0530 (India Standard Time)","4899.50","4915.00","4897.50","4905.50"
"Tue Apr 15 2025 14:50:00 GMT+0530 (India Standard Time)","4908.00","4911.50","4900.00","4902.50"
"Tue Apr 15 2025 14:55:00 GMT+0530 (India Standard Time)","4902.50","4906.00","4893.50","4895.50"
"Tue Apr 15 2025 15:00:00 GMT+0530 (India Standard Time)","4894.50","4907.50","4894.50","4904.50"
"Tue Apr 15 2025 15:05:00 GMT+0530 (India Standard Time)","4905.00","4914.00","4903.50","4914.00"
"Tue Apr 15 2025 15:10:00 GMT+0530 (India Standard Time)","4917.00","4917.00","4903.50","4914.50"
"Tue Apr 15 2025 15:15:00 GMT+0530 (India Standard Time)","4914.50","4951.00","4914.00","4942.50"
"Tue Apr 15 2025 15:20:00 GMT+0530 (India Standard Time)","4944.00","4973.50","4943.00","4948.50"
"Tue Apr 15 2025 15:25:00 GMT+0530 (India Standard Time)","4948.50","4948.50","4928.00","4931.50"
"Wed Apr 16 2025 09:15:00 GMT+0530 (India Standard Time)","4948.00","4948.00","4890.50","4899.00"
"Wed Apr 16 2025 09:20:00 GMT+0530 (India Standard Time)","4895.50","4907.50","4881.00","4893.50"
"Wed Apr 16 2025 09:25:00 GMT+0530 (India Standard Time)","4894.50","4924.00","4887.50","4917.00"
"Wed Apr 16 2025 09:30:00 GMT+0530 (India Standard Time)","4918.00","4928.00","4916.00","4926.50"
"Wed Apr 16 2025 09:35:00 GMT+0530 (India Standard Time)","4926.50","4948.00","4925.00","4937.50"
"Wed Apr 16 2025 09:40:00 GMT+0530 (India Standard Time)","4937.00","4942.00","4928.00","4941.00"
"Wed Apr 16 2025 09:45:00 GMT+0530 (India Standard Time)","4942.00","4942.00","4920.00","4920.00"
"Wed Apr 16 2025 09:50:00 GMT+0530 (India Standard Time)","4920.00","4931.00","4919.50","4924.50"
"Wed Apr 16 2025 09:55:00 GMT+0530 (India Standard Time)","4924.00","4924.50","4901.00","4904.50"
"Wed Apr 16 2025 10:00:00 GMT+0530 (India Standard Time)","4904.50","4933.50","4903.50","4908.50"
"Wed Apr 16 2025 10:05:00 GMT+0530 (India Standard Time)","4910.50","4912.50","4892.00","4910.50"
"Wed Apr 16 2025 10:10:00 GMT+0530 (India Standard Time)","4910.50","4917.00","4900.00","4907.00"
"Wed Apr 16 2025 10:15:00 GMT+0530 (India Standard Time)","4909.50","4909.50","4875.50","4875.50"
"Wed Apr 16 2025 10:20:00 GMT+0530 (India Standard Time)","4878.00","4878.00","4853.00","4862.00"
"Wed Apr 16 2025 10:25:00 GMT+0530 (India Standard Time)","4862.00","4883.50","4856.00","4883.50"
"Wed Apr 16 2025 10:30:00 GMT+0530 (India Standard Time)","4883.50","4890.00","4872.00","4889.00"
"Wed Apr 16 2025 10:35:00 GMT+0530 (India Standard Time)","4889.00","4890.50","4873.00","4878.50"
"Wed Apr 16 2025 10:40:00 GMT+0530 (India Standard Time)","4878.50","4889.50","4878.50","4879.50"
"Wed Apr 16 2025 10:45:00 GMT+0530 (India Standard Time)","4879.50","4889.50","4878.00","4887.00"
"Wed Apr 16 2025 10:50:00 GMT+0530 (India Standard Time)","4887.00","4905.00","4887.00","4900.00"
"Wed Apr 16 2025 10:55:00 GMT+0530 (India Standard Time)","4902.00","4905.00","4895.00","4897.00"
"Wed Apr 16 2025 11:00:00 GMT+0530 (India Standard Time)","4895.00","4896.00","4887.00","4893.00"
"Wed Apr 16 2025 11:05:00 GMT+0530 (India Standard Time)","4893.00","4905.00","4886.00","4904.50"
"Wed Apr 16 2025 11:10:00 GMT+0530 (India Standard Time)","4904.00","4909.00","4900.00","4903.00"
"Wed Apr 16 2025 11:15:00 GMT+0530 (India Standard Time)","4903.50","4910.00","4900.00","4909.00"
"Wed Apr 16 2025 11:20:00 GMT+0530 (India Standard Time)","4909.00","4910.00","4902.50","4907.00"
"Wed Apr 16 2025 11:25:00 GMT+0530 (India Standard Time)","4907.00","4910.00","4898.00","4898.00"
"Wed Apr 16 2025 11:30:00 GMT+0530 (India Standard Time)","4898.00","4903.50","4880.00","4880.00"
"Wed Apr 16 2025 11:35:00 GMT+0530 (India Standard Time)","4880.00","4884.00","4860.00","4862.50"
"Wed Apr 16 2025 11:40:00 GMT+0530 (India Standard Time)","4862.50","4896.00","4860.00","4894.00"
"Wed Apr 16 2025 11:45:00 GMT+0530 (India Standard Time)","4896.00","4903.50","4892.50","4894.00"
"Wed Apr 16 2025 11:50:00 GMT+0530 (India Standard Time)","4894.00","4894.50","4878.00","4881.00"
"Wed Apr 16 2025 11:55:00 GMT+0530 (India Standard Time)","4881.00","4889.00","4875.50","4880.50"
"Wed Apr 16 2025 12:00:00 GMT+0530 (India Standard Time)","4880.50","4885.50","4856.50","4867.50"
"Wed Apr 16 2025 12:05:00 GMT+0530 (India Standard Time)","4867.50","4878.00","4862.00","4878.00"
"Wed Apr 16 2025 12:10:00 GMT+0530 (India Standard Time)","4878.00","4887.50","4878.00","4881.00"
"Wed Apr 16 2025 12:15:00 GMT+0530 (India Standard Time)","4881.00","4895.00","4877.50","4893.50"
"Wed Apr 16 2025 12:20:00 GMT+0530 (India Standard Time)","4893.50","4899.00","4891.00","4895.00"
"Wed Apr 16 2025 12:25:00 GMT+0530 (India Standard Time)","4895.00","4895.00","4881.50","4881.50"
"Wed Apr 16 2025 12:30:00 GMT+0530 (India Standard Time)","4884.50","4887.00","4872.00","4879.50"
"Wed Apr 16 2025 12:35:00 GMT+0530 (India Standard Time)","4880.00","4889.50","4880.00","4882.00"
"Wed Apr 16 2025 12:40:00 GMT+0530 (India Standard Time)","4882.00","4887.50","4875.00","4879.50"
"Wed Apr 16 2025 12:45:00 GMT+0530 (India Standard Time)","4880.50","4888.00","4870.00","4878.00"
"Wed Apr 16 2025 12:50:00 GMT+0530 (India Standard Time)","4878.00","4884.00","4877.00","4880.00"
"Wed Apr 16 2025 12:55:00 GMT+0530 (India Standard Time)","4880.00","4882.00","4867.00","4874.50"
"Wed Apr 16 2025 13:00:00 GMT+0530 (India Standard Time)","4874.50","4876.00","4867.00","4871.00"
"Wed Apr 16 2025 13:05:00 GMT+0530 (India Standard Time)","4870.00","4875.50","4866.00","4871.50"
"Wed Apr 16 2025 13:10:00 GMT+0530 (India Standard Time)","4871.50","4882.00","4865.00","4882.00"
"Wed Apr 16 2025 13:15:00 GMT+0530 (India Standard Time)","4882.00","4886.00","4872.00","4884.00"
"Wed Apr 16 2025 13:20:00 GMT+0530 (India Standard Time)","4882.50","4886.00","4880.00","4881.50"
"Wed Apr 16 2025 13:25:00 GMT+0530 (India Standard Time)","4881.50","4883.00","4872.00","4874.00"
"Wed Apr 16 2025 13:30:00 GMT+0530 (India Standard Time)","4874.50","4877.50","4867.50","4867.50"
"Wed Apr 16 2025 13:35:00 GMT+0530 (India Standard Time)","4867.50","4880.00","4867.50","4872.50"
"Wed Apr 16 2025 13:40:00 GMT+0530 (India Standard Time)","4874.50","4880.50","4874.50","4879.00"
"Wed Apr 16 2025 13:45:00 GMT+0530 (India Standard Time)","4879.00","4880.00","4870.00","4878.50"
"Wed Apr 16 2025 13:50:00 GMT+0530 (India Standard Time)","4878.50","4880.00","4875.50","4877.50"
"Wed Apr 16 2025 13:55:00 GMT+0530 (India Standard Time)","4877.50","4893.00","4877.50","4890.00"
"Wed Apr 16 2025 14:00:00 GMT+0530 (India Standard Time)","4890.50","4922.00","4889.00","4904.50"
"Wed Apr 16 2025 14:05:00 GMT+0530 (India Standard Time)","4904.50","4918.50","4903.50","4912.50"
"Wed Apr 16 2025 14:10:00 GMT+0530 (India Standard Time)","4912.50","4915.00","4910.50","4914.50"
"Wed Apr 16 2025 14:15:00 GMT+0530 (India Standard Time)","4914.00","4914.00","4903.00","4911.50"
"Wed Apr 16 2025 14:20:00 GMT+0530 (India Standard Time)","4909.50","4911.50","4904.50","4905.00"
"Wed Apr 16 2025 14:25:00 GMT+0530 (India Standard Time)","4905.00","4909.00","4902.50","4906.50"
"Wed Apr 16 2025 14:30:00 GMT+0530 (India Standard Time)","4906.50","4910.50","4898.00","4900.00"
"Wed Apr 16 2025 14:35:00 GMT+0530 (India Standard Time)","4900.00","4909.00","4895.50","4908.50"
"Wed Apr 16 2025 14:40:00 GMT+0530 (India Standard Time)","4908.50","4912.00","4904.50","4912.00"
"Wed Apr 16 2025 14:45:00 GMT+0530 (India Standard Time)","4911.00","4918.50","4906.50","4914.00"
"Wed Apr 16 2025 14:50:00 GMT+0530 (India Standard Time)","4915.00","4920.00","4913.50","4918.00"
"Wed Apr 16 2025 14:55:00 GMT+0530 (India Standard Time)","4918.00","4926.50","4917.00","4926.50"
"Wed Apr 16 2025 15:00:00 GMT+0530 (India Standard Time)","4927.00","4936.00","4920.00","4931.00"
"Wed Apr 16 2025 15:05:00 GMT+0530 (India Standard Time)","4931.00","4933.00","4927.50","4931.50"
"Wed Apr 16 2025 15:10:00 GMT+0530 (India Standard Time)","4931.50","4931.50","4922.50","4922.50"
"Wed Apr 16 2025 15:15:00 GMT+0530 (India Standard Time)","4925.00","4928.50","4921.00","4924.50"
"Wed Apr 16 2025 15:20:00 GMT+0530 (India Standard Time)","4925.00","4934.00","4923.00","4931.00"
"Wed Apr 16 2025 15:25:00 GMT+0530 (India Standard Time)","4932.50","4945.00","4923.50","4940.00"
"Thu Apr 17 2025 09:15:00 GMT+0530 (India Standard Time)","4906.00","4919.00","4850.50","4858.00"
"Thu Apr 17 2025 09:20:00 GMT+0530 (India Standard Time)","4859.00","4870.00","4831.00","4838.00"
"Thu Apr 17 2025 09:25:00 GMT+0530 (India Standard Time)","4830.00","4856.00","4826.50","4832.00"
"Thu Apr 17 2025 09:30:00 GMT+0530 (India Standard Time)","4837.50","4855.50","4827.50","4855.50"
"Thu Apr 17 2025 09:35:00 GMT+0530 (India Standard Time)","4848.50","4875.00","4848.50","4865.50"
"Thu Apr 17 2025 09:40:00 GMT+0530 (India Standard Time)","4868.00","4870.00","4854.00","4862.50"
"Thu Apr 17 2025 09:45:00 GMT+0530 (India Standard Time)","4863.50","4885.00","4862.50","4870.00"
"Thu Apr 17 2025 09:50:00 GMT+0530 (India Standard Time)","4869.00","4878.00","4862.50","4875.50"
"Thu Apr 17 2025 09:55:00 GMT+0530 (India Standard Time)","4872.00","4875.00","4867.00","4870.00"
"Thu Apr 17 2025 10:00:00 GMT+0530 (India Standard Time)","4870.00","4870.00","4852.00","4857.00"
"Thu Apr 17 2025 10:05:00 GMT+0530 (India Standard Time)","4860.00","4866.50","4855.00","4861.50"
"Thu Apr 17 2025 10:10:00 GMT+0530 (India Standard Time)","4859.00","4859.00","4850.50","4856.00"
"Thu Apr 17 2025 10:15:00 GMT+0530 (India Standard Time)","4856.00","4875.00","4852.00","4875.00"
"Thu Apr 17 2025 10:20:00 GMT+0530 (India Standard Time)","4874.00","4877.00","4867.00","4876.00"
"Thu Apr 17 2025 10:25:00 GMT+0530 (India Standard Time)","4876.00","4888.00","4870.50","4873.50"
"Thu Apr 17 2025 10:30:00 GMT+0530 (India Standard Time)","4873.50","4880.00","4872.50","4880.00"
"Thu Apr 17 2025 10:35:00 GMT+0530 (India Standard Time)","4879.50","4884.50","4867.00","4873.50"
"Thu Apr 17 2025 10:40:00 GMT+0530 (India Standard Time)","4873.50","4879.50","4872.50","4876.50"
"Thu Apr 17 2025 10:45:00 GMT+0530 (India Standard Time)","4876.50","4883.00","4872.00","4877.50"
"Thu Apr 17 2025 10:50:00 GMT+0530 (India Standard Time)","4877.50","4877.50","4865.50","4865.50"
"Thu Apr 17 2025 10:55:00 GMT+0530 (India Standard Time)","4865.50","4880.00","4865.50","4872.50"
"Thu Apr 17 2025 11:00:00 GMT+0530 (India Standard Time)","4872.00","4873.50","4860.00","4866.50"
"Thu Apr 17 2025 11:05:00 GMT+0530 (India Standard Time)","4866.50","4873.50","4866.00","4873.50"
"Thu Apr 17 2025 11:10:00 GMT+0530 (India Standard Time)","4873.50","4877.50","4866.50","4874.50"
"Thu Apr 17 2025 11:15:00 GMT+0530 (India Standard Time)","4878.00","4884.00","4875.50","4883.50"
"Thu Apr 17 2025 11:20:00 GMT+0530 (India Standard Time)","4883.50","4886.00","4871.50","4873.50"
"Thu Apr 17 2025 11:25:00 GMT+0530 (India Standard Time)","4873.50","4878.00","4869.00","4874.00"
"Thu Apr 17 2025 11:30:00 GMT+0530 (India Standard Time)","4874.00","4880.00","4869.00","4870.00"
"Thu Apr 17 2025 11:35:00 GMT+0530 (India Standard Time)","4870.00","4875.50","4863.00","4867.00"
"Thu Apr 17 2025 11:40:00 GMT+0530 (India Standard Time)","4867.00","4880.00","4867.00","4879.50"
"Thu Apr 17 2025 11:45:00 GMT+0530 (India Standard Time)","4878.00","4884.00","4877.50","4882.50"
"Thu Apr 17 2025 11:50:00 GMT+0530 (India Standard Time)","4882.50","4882.50","4866.50","4867.50"
"Thu Apr 17 2025 11:55:00 GMT+0530 (India Standard Time)","4867.50","4881.00","4864.00","4876.00"
"Thu Apr 17 2025 12:00:00 GMT+0530 (India Standard Time)","4878.00","4880.00","4871.00","4874.00"
"Thu Apr 17 2025 12:05:00 GMT+0530 (India Standard Time)","4876.50","4880.00","4870.00","4880.00"
"Thu Apr 17 2025 12:10:00 GMT+0530 (India Standard Time)","4880.00","4881.00","4875.00","4879.50"
"Thu Apr 17 2025 12:15:00 GMT+0530 (India Standard Time)","4877.00","4895.50","4876.50","4893.50"
"Thu Apr 17 2025 12:20:00 GMT+0530 (India Standard Time)","4893.50","4912.50","4891.00","4905.00"
"Thu Apr 17 2025 12:25:00 GMT+0530 (India Standard Time)","4905.00","4928.00","4903.50","4919.50"
"Thu Apr 17 2025 12:30:00 GMT+0530 (India Standard Time)","4916.50","4919.50","4905.00","4911.50"
"Thu Apr 17 2025 12:35:00 GMT+0530 (India Standard Time)","4911.50","4911.50","4901.00","4905.00"
"Thu Apr 17 2025 12:40:00 GMT+0530 (India Standard Time)","4905.00","4906.50","4880.00","4897.00"
"Thu Apr 17 2025 12:45:00 GMT+0530 (India Standard Time)","4897.00","4921.00","4897.00","4919.00"
"Thu Apr 17 2025 12:50:00 GMT+0530 (India Standard Time)","4919.00","4922.50","4912.00","4922.50"
"Thu Apr 17 2025 12:55:00 GMT+0530 (India Standard Time)","4922.50","4926.50","4915.50","4921.50"
"Thu Apr 17 2025 13:00:00 GMT+0530 (India Standard Time)","4924.00","4928.00","4915.50","4927.50"
"Thu Apr 17 2025 13:05:00 GMT+0530 (India Standard Time)","4930.50","4935.00","4921.00","4923.00"
"Thu Apr 17 2025 13:10:00 GMT+0530 (India Standard Time)","4923.00","4923.00","4912.50","4916.00"
"Thu Apr 17 2025 13:15:00 GMT+0530 (India Standard Time)","4915.50","4917.00","4905.50","4911.50"
"Thu Apr 17 2025 13:20:00 GMT+0530 (India Standard Time)","4911.50","4914.50","4897.50","4907.00"
"Thu Apr 17 2025 13:25:00 GMT+0530 (India Standard Time)","4907.00","4912.50","4903.00","4910.00"
"Thu Apr 17 2025 13:30:00 GMT+0530 (India Standard Time)","4910.50","4911.00","4903.50","4903.50"
"Thu Apr 17 2025 13:35:00 GMT+0530 (India Standard Time)","4905.50","4921.00","4900.00","4921.00"
"Thu Apr 17 2025 13:40:00 GMT+0530 (India Standard Time)","4921.00","4921.50","4912.00","4919.00"
"Thu Apr 17 2025 13:45:00 GMT+0530 (India Standard Time)","4919.50","4919.50","4906.50","4918.50"
"Thu Apr 17 2025 13:50:00 GMT+0530 (India Standard Time)","4918.50","4918.50","4908.50","4910.00"
"Thu Apr 17 2025 13:55:00 GMT+0530 (India Standard Time)","4910.50","4935.50","4907.00","4930.00"
"Thu Apr 17 2025 14:00:00 GMT+0530 (India Standard Time)","4930.00","4936.00","4924.00","4927.50"
"Thu Apr 17 2025 14:05:00 GMT+0530 (India Standard Time)","4927.50","4929.00","4894.00","4902.50"
"Thu Apr 17 2025 14:10:00 GMT+0530 (India Standard Time)","4901.50","4903.00","4887.00","4889.00"
"Thu Apr 17 2025 14:15:00 GMT+0530 (India Standard Time)","4889.00","4895.50","4880.00","4881.50"
"Thu Apr 17 2025 14:20:00 GMT+0530 (India Standard Time)","4881.00","4892.50","4881.00","4884.50"
"Thu Apr 17 2025 14:25:00 GMT+0530 (India Standard Time)","4882.50","4896.00","4882.50","4896.00"
"Thu Apr 17 2025 14:30:00 GMT+0530 (India Standard Time)","4896.00","4899.00","4882.50","4898.00"
"Thu Apr 17 2025 14:35:00 GMT+0530 (India Standard Time)","4898.00","4907.50","4896.00","4903.50"
"Thu Apr 17 2025 14:40:00 GMT+0530 (India Standard Time)","4903.50","4905.50","4895.00","4899.50"
"Thu Apr 17 2025 14:45:00 GMT+0530 (India Standard Time)","4899.50","4899.50","4885.50","4892.00"
"Thu Apr 17 2025 14:50:00 GMT+0530 (India Standard Time)","4896.00","4898.50","4892.00","4896.50"
"Thu Apr 17 2025 14:55:00 GMT+0530 (India Standard Time)","4898.50","4898.50","4888.00","4890.00"
"Thu Apr 17 2025 15:00:00 GMT+0530 (India Standard Time)","4890.00","4892.00","4885.00","4890.00"
"Thu Apr 17 2025 15:05:00 GMT+0530 (India Standard Time)","4892.00","4896.00","4889.00","4896.00"
"Thu Apr 17 2025 15:10:00 GMT+0530 (India Standard Time)","4898.50","4908.00","4897.00","4906.50"
"Thu Apr 17 2025 15:15:00 GMT+0530 (India Standard Time)","4906.50","4906.50","4897.50","4902.00"
"Thu Apr 17 2025 15:20:00 GMT+0530 (India Standard Time)","4903.50","4914.50","4898.50","4902.00"
"Thu Apr 17 2025 15:25:00 GMT+0530 (India Standard Time)","4900.00","4904.00","4889.00","4895.00"
"Mon Apr 21 2025 09:15:00 GMT+0530 (India Standard Time)","4805.00","5014.00","4805.00","4987.50"
"Mon Apr 21 2025 09:20:00 GMT+0530 (India Standard Time)","4982.50","5029.00","4982.00","4988.50"
"Mon Apr 21 2025 09:25:00 GMT+0530 (India Standard Time)","4988.00","5055.00","4988.00","5036.50"
"Mon Apr 21 2025 09:30:00 GMT+0530 (India Standard Time)","5036.00","5080.50","5031.50","5072.00"
"Mon Apr 21 2025 09:35:00 GMT+0530 (India Standard Time)","5073.00","5108.00","5064.00","5101.00"
"Mon Apr 21 2025 09:40:00 GMT+0530 (India Standard Time)","5101.00","5135.50","5080.00","5122.00"
"Mon Apr 21 2025 09:45:00 GMT+0530 (India Standard Time)","5124.00","5128.50","5091.00","5105.00"
"Mon Apr 21 2025 09:50:00 GMT+0530 (India Standard Time)","5102.00","5107.00","5062.50","5099.50"
"Mon Apr 21 2025 09:55:00 GMT+0530 (India Standard Time)","5099.50","5124.50","5097.00","5119.00"
"Mon Apr 21 2025 10:00:00 GMT+0530 (India Standard Time)","5119.50","5153.00","5112.00","5153.00"
"Mon Apr 21 2025 10:05:00 GMT+0530 (India Standard Time)","5150.50","5158.50","5137.50","5141.50"
"Mon Apr 21 2025 10:10:00 GMT+0530 (India Standard Time)","5141.00","5147.50","5132.00","5142.50"
"Mon Apr 21 2025 10:15:00 GMT+0530 (India Standard Time)","5140.00","5155.00","5137.50","5142.50"
"Mon Apr 21 2025 10:20:00 GMT+0530 (India Standard Time)","5144.00","5154.50","5142.50","5145.00"
"Mon Apr 21 2025 10:25:00 GMT+0530 (India Standard Time)","5145.50","5173.00","5145.00","5173.00"
"Mon Apr 21 2025 10:30:00 GMT+0530 (India Standard Time)","5170.00","5170.00","5162.00","5168.00"
"Mon Apr 21 2025 10:35:00 GMT+0530 (India Standard Time)","5168.00","5168.00","5146.00","5151.00"
"Mon Apr 21 2025 10:40:00 GMT+0530 (India Standard Time)","5151.00","5154.50","5120.00","5131.00"
"Mon Apr 21 2025 10:45:00 GMT+0530 (India Standard Time)","5133.00","5153.50","5131.00","5150.50"
"Mon Apr 21 2025 10:50:00 GMT+0530 (India Standard Time)","5152.00","5154.00","5139.50","5145.00"
"Mon Apr 21 2025 10:55:00 GMT+0530 (India Standard Time)","5145.00","5153.50","5143.00","5148.00"
"Mon Apr 21 2025 11:00:00 GMT+0530 (India Standard Time)","5148.50","5188.00","5145.00","5185.50"
"Mon Apr 21 2025 11:05:00 GMT+0530 (India Standard Time)","5185.50","5187.50","5175.00","5180.50"
"Mon Apr 21 2025 11:10:00 GMT+0530 (India Standard Time)","5180.50","5194.00","5180.50","5187.00"
"Mon Apr 21 2025 11:15:00 GMT+0530 (India Standard Time)","5190.50","5210.00","5189.50","5199.50"
"Mon Apr 21 2025 11:20:00 GMT+0530 (India Standard Time)","5199.50","5207.00","5199.50","5204.00"
"Mon Apr 21 2025 11:25:00 GMT+0530 (India Standard Time)","5204.00","5259.00","5204.00","5250.00"
"Mon Apr 21 2025 11:30:00 GMT+0530 (India Standard Time)","5249.00","5270.00","5247.50","5262.00"
"Mon Apr 21 2025 11:35:00 GMT+0530 (India Standard Time)","5263.00","5266.00","5241.50","5252.00"
"Mon Apr 21 2025 11:40:00 GMT+0530 (India Standard Time)","5252.00","5286.50","5252.00","5286.50"
"Mon Apr 21 2025 11:45:00 GMT+0530 (India Standard Time)","5280.50","5317.00","5280.00","5315.00"
"Mon Apr 21 2025 11:50:00 GMT+0530 (India Standard Time)","5315.00","5334.00","5304.00","5314.50"
"Mon Apr 21 2025 11:55:00 GMT+0530 (India Standard Time)","5314.50","5324.00","5312.00","5322.00"
"Mon Apr 21 2025 12:00:00 GMT+0530 (India Standard Time)","5322.00","5323.50","5285.00","5287.00"
"Mon Apr 21 2025 12:05:00 GMT+0530 (India Standard Time)","5290.00","5323.00","5283.00","5314.50"
"Mon Apr 21 2025 12:10:00 GMT+0530 (India Standard Time)","5314.50","5314.50","5300.00","5302.00"
"Mon Apr 21 2025 12:15:00 GMT+0530 (India Standard Time)","5302.00","5316.00","5300.00","5303.00"
"Mon Apr 21 2025 12:20:00 GMT+0530 (India Standard Time)","5303.00","5307.00","5283.00","5290.00"
"Mon Apr 21 2025 12:25:00 GMT+0530 (India Standard Time)","5290.00","5291.50","5275.00","5282.00"
"Mon Apr 21 2025 12:30:00 GMT+0530 (India Standard Time)","5281.00","5306.00","5281.00","5294.50"
"Mon Apr 21 2025 12:35:00 GMT+0530 (India Standard Time)","5294.50","5310.00","5285.00","5308.00"
"Mon Apr 21 2025 12:40:00 GMT+0530 (India Standard Time)","5309.50","5313.00","5301.50","5307.00"
"Mon Apr 21 2025 12:45:00 GMT+0530 (India Standard Time)","5306.50","5318.50","5302.50","5310.00"
"Mon Apr 21 2025 12:50:00 GMT+0530 (India Standard Time)","5310.00","5315.00","5296.50","5310.00"
"Mon Apr 21 2025 12:55:00 GMT+0530 (India Standard Time)","5309.00","5318.50","5307.00","5318.50"
"Mon Apr 21 2025 13:00:00 GMT+0530 (India Standard Time)","5320.00","5327.00","5315.00","5325.00"
"Mon Apr 21 2025 13:05:00 GMT+0530 (India Standard Time)","5325.00","5350.00","5325.00","5347.00"
"Mon Apr 21 2025 13:10:00 GMT+0530 (India Standard Time)","5347.00","5367.50","5346.50","5365.50"
"Mon Apr 21 2025 13:15:00 GMT+0530 (India Standard Time)","5365.00","5396.50","5365.00","5372.50"
"Mon Apr 21 2025 13:20:00 GMT+0530 (India Standard Time)","5370.00","5373.00","5316.00","5317.00"
"Mon Apr 21 2025 13:25:00 GMT+0530 (India Standard Time)","5312.00","5338.00","5310.00","5335.00"
"Mon Apr 21 2025 13:30:00 GMT+0530 (India Standard Time)","5335.00","5346.00","5327.00","5343.50"
"Mon Apr 21 2025 13:35:00 GMT+0530 (India Standard Time)","5343.50","5354.50","5338.50","5350.00"
"Mon Apr 21 2025 13:40:00 GMT+0530 (India Standard Time)","5352.00","5352.00","5322.00","5326.00"
"Mon Apr 21 2025 13:45:00 GMT+0530 (India Standard Time)","5326.00","5339.50","5320.00","5336.00"
"Mon Apr 21 2025 13:50:00 GMT+0530 (India Standard Time)","5338.00","5353.00","5332.00","5347.00"
"Mon Apr 21 2025 13:55:00 GMT+0530 (India Standard Time)","5347.00","5351.00","5334.00","5348.00"
"Mon Apr 21 2025 14:00:00 GMT+0530 (India Standard Time)","5348.00","5350.00","5330.00","5340.00"
"Mon Apr 21 2025 14:05:00 GMT+0530 (India Standard Time)","5339.50","5347.00","5332.00","5346.00"
"Mon Apr 21 2025 14:10:00 GMT+0530 (India Standard Time)","5346.00","5347.00","5322.00","5329.50"
"Mon Apr 21 2025 14:15:00 GMT+0530 (India Standard Time)","5328.00","5335.00","5325.00","5333.50"
"Mon Apr 21 2025 14:20:00 GMT+0530 (India Standard Time)","5333.50","5339.00","5324.00","5332.50"
"Mon Apr 21 2025 14:25:00 GMT+0530 (India Standard Time)","5331.00","5339.00","5326.00","5327.50"
"Mon Apr 21 2025 14:30:00 GMT+0530 (India Standard Time)","5327.50","5335.00","5317.50","5319.00"
"Mon Apr 21 2025 14:35:00 GMT+0530 (India Standard Time)","5316.00","5322.50","5290.00","5295.50"
"Mon Apr 21 2025 14:40:00 GMT+0530 (India Standard Time)","5295.50","5312.00","5294.00","5310.00"
"Mon Apr 21 2025 14:45:00 GMT+0530 (India Standard Time)","5310.00","5316.50","5300.50","5309.50"
"Mon Apr 21 2025 14:50:00 GMT+0530 (India Standard Time)","5309.50","5319.00","5307.00","5315.00"
"Mon Apr 21 2025 14:55:00 GMT+0530 (India Standard Time)","5315.00","5322.00","5311.00","5320.00"
"Mon Apr 21 2025 15:00:00 GMT+0530 (India Standard Time)","5320.00","5320.00","5306.00","5310.00"
"Mon Apr 21 2025 15:05:00 GMT+0530 (India Standard Time)","5310.00","5329.50","5309.50","5329.00"
"Mon Apr 21 2025 15:10:00 GMT+0530 (India Standard Time)","5329.00","5349.00","5325.00","5345.00"
"Mon Apr 21 2025 15:15:00 GMT+0530 (India Standard Time)","5343.50","5365.00","5341.50","5364.00"
"Mon Apr 21 2025 15:20:00 GMT+0530 (India Standard Time)","5364.50","5366.00","5344.50","5358.00"
"Mon Apr 21 2025 15:25:00 GMT+0530 (India Standard Time)","5358.00","5364.50","5342.00","5342.00"
"Tue Apr 22 2025 09:15:00 GMT+0530 (India Standard Time)","5335.00","5335.00","5268.50","5285.50"
"Tue Apr 22 2025 09:20:00 GMT+0530 (India Standard Time)","5280.00","5297.00","5273.00","5297.00"
"Tue Apr 22 2025 09:25:00 GMT+0530 (India Standard Time)","5294.50","5332.50","5286.00","5330.00"
"Tue Apr 22 2025 09:30:00 GMT+0530 (India Standard Time)","5334.50","5347.50","5322.00","5337.00"
"Tue Apr 22 2025 09:35:00 GMT+0530 (India Standard Time)","5329.50","5400.00","5329.50","5398.00"
"Tue Apr 22 2025 09:40:00 GMT+0530 (India Standard Time)","5397.00","5409.50","5376.50","5388.00"
"Tue Apr 22 2025 09:45:00 GMT+0530 (India Standard Time)","5386.00","5427.00","5381.00","5424.00"
"Tue Apr 22 2025 09:50:00 GMT+0530 (India Standard Time)","5423.50","5434.00","5395.00","5396.00"
"Tue Apr 22 2025 09:55:00 GMT+0530 (India Standard Time)","5397.00","5397.00","5374.50","5393.00"
"Tue Apr 22 2025 10:00:00 GMT+0530 (India Standard Time)","5393.00","5404.00","5386.00","5390.00"
"Tue Apr 22 2025 10:05:00 GMT+0530 (India Standard Time)","5389.00","5400.00","5386.00","5399.00"
"Tue Apr 22 2025 10:10:00 GMT+0530 (India Standard Time)","5398.00","5400.00","5379.50","5389.50"
"Tue Apr 22 2025 10:15:00 GMT+0530 (India Standard Time)","5389.00","5396.00","5384.50","5393.00"
"Tue Apr 22 2025 10:20:00 GMT+0530 (India Standard Time)","5393.00","5397.50","5385.00","5391.00"
"Tue Apr 22 2025 10:25:00 GMT+0530 (India Standard Time)","5390.00","5396.50","5385.50","5390.00"
"Tue Apr 22 2025 10:30:00 GMT+0530 (India Standard Time)","5391.00","5422.00","5387.50","5406.00"
"Tue Apr 22 2025 10:35:00 GMT+0530 (India Standard Time)","5408.00","5422.00","5406.00","5414.50"
"Tue Apr 22 2025 10:40:00 GMT+0530 (India Standard Time)","5414.50","5423.00","5405.00","5423.00"
"Tue Apr 22 2025 10:45:00 GMT+0530 (India Standard Time)","5426.00","5479.50","5424.00","5456.50"
"Tue Apr 22 2025 10:50:00 GMT+0530 (India Standard Time)","5460.00","5460.00","5443.00","5448.00"
"Tue Apr 22 2025 10:55:00 GMT+0530 (India Standard Time)","5448.00","5453.00","5435.50","5443.00"
"Tue Apr 22 2025 11:00:00 GMT+0530 (India Standard Time)","5442.00","5449.50","5436.00","5438.00"
"Tue Apr 22 2025 11:05:00 GMT+0530 (India Standard Time)","5440.00","5441.00","5427.00","5428.50"
"Tue Apr 22 2025 11:10:00 GMT+0530 (India Standard Time)","5428.50","5430.50","5423.00","5430.00"
"Tue Apr 22 2025 11:15:00 GMT+0530 (India Standard Time)","5427.50","5430.00","5426.50","5429.50"
"Tue Apr 22 2025 11:20:00 GMT+0530 (India Standard Time)","5428.00","5436.00","5425.00","5427.50"
"Tue Apr 22 2025 11:25:00 GMT+0530 (India Standard Time)","5427.50","5430.50","5414.00","5424.50"
"Tue Apr 22 2025 11:30:00 GMT+0530 (India Standard Time)","5424.50","5432.00","5417.50","5420.50"
"Tue Apr 22 2025 11:35:00 GMT+0530 (India Standard Time)","5418.00","5441.50","5417.50","5440.50"
"Tue Apr 22 2025 11:40:00 GMT+0530 (India Standard Time)","5441.50","5468.00","5441.00","5460.50"
"Tue Apr 22 2025 11:45:00 GMT+0530 (India Standard Time)","5460.50","5467.00","5445.00","5465.00"
"Tue Apr 22 2025 11:50:00 GMT+0530 (India Standard Time)","5467.00","5484.00","5456.00","5477.00"
"Tue Apr 22 2025 11:55:00 GMT+0530 (India Standard Time)","5477.00","5479.00","5466.00","5471.50"
"Tue Apr 22 2025 12:00:00 GMT+0530 (India Standard Time)","5473.00","5473.00","5464.00","5467.00"
"Tue Apr 22 2025 12:05:00 GMT+0530 (India Standard Time)","5468.50","5473.50","5464.50","5466.00"
"Tue Apr 22 2025 12:10:00 GMT+0530 (India Standard Time)","5466.00","5469.50","5460.00","5461.00"
"Tue Apr 22 2025 12:15:00 GMT+0530 (India Standard Time)","5460.50","5471.00","5460.00","5466.00"
"Tue Apr 22 2025 12:20:00 GMT+0530 (India Standard Time)","5466.00","5471.50","5462.00","5470.00"
"Tue Apr 22 2025 12:25:00 GMT+0530 (India Standard Time)","5470.00","5472.00","5468.00","5470.00"
"Tue Apr 22 2025 12:30:00 GMT+0530 (India Standard Time)","5472.00","5472.00","5466.50","5470.00"
"Tue Apr 22 2025 12:35:00 GMT+0530 (India Standard Time)","5469.00","5469.50","5465.00","5467.50"
"Tue Apr 22 2025 12:40:00 GMT+0530 (India Standard Time)","5467.50","5469.00","5460.50","5466.50"
"Tue Apr 22 2025 12:45:00 GMT+0530 (India Standard Time)","5466.50","5467.00","5461.50","5462.00"
"Tue Apr 22 2025 12:50:00 GMT+0530 (India Standard Time)","5461.00","5462.00","5452.00","5457.50"
"Tue Apr 22 2025 12:55:00 GMT+0530 (India Standard Time)","5454.50","5461.50","5454.00","5455.00"
"Tue Apr 22 2025 13:00:00 GMT+0530 (India Standard Time)","5455.00","5455.00","5445.00","5449.00"
"Tue Apr 22 2025 13:05:00 GMT+0530 (India Standard Time)","5449.00","5455.00","5445.00","5446.00"
"Tue Apr 22 2025 13:10:00 GMT+0530 (India Standard Time)","5448.50","5464.50","5445.00","5460.00"
"Tue Apr 22 2025 13:15:00 GMT+0530 (India Standard Time)","5460.00","5463.00","5454.00","5463.00"
"Tue Apr 22 2025 13:20:00 GMT+0530 (India Standard Time)","5463.00","5469.00","5456.00","5460.50"
"Tue Apr 22 2025 13:25:00 GMT+0530 (India Standard Time)","5460.50","5464.00","5455.50","5457.50"
"Tue Apr 22 2025 13:30:00 GMT+0530 (India Standard Time)","5457.50","5459.50","5450.00","5453.00"
"Tue Apr 22 2025 13:35:00 GMT+0530 (India Standard Time)","5453.00","5458.50","5450.00","5454.50"
"Tue Apr 22 2025 13:40:00 GMT+0530 (India Standard Time)","5454.50","5454.50","5448.00","5452.00"
"Tue Apr 22 2025 13:45:00 GMT+0530 (India Standard Time)","5452.00","5454.00","5447.00","5447.50"
"Tue Apr 22 2025 13:50:00 GMT+0530 (India Standard Time)","5447.50","5451.50","5442.00","5442.50"
"Tue Apr 22 2025 13:55:00 GMT+0530 (India Standard Time)","5442.50","5447.50","5438.00","5444.50"
"Tue Apr 22 2025 14:00:00 GMT+0530 (India Standard Time)","5444.50","5452.00","5441.00","5450.00"
"Tue Apr 22 2025 14:05:00 GMT+0530 (India Standard Time)","5450.50","5454.50","5450.00","5451.00"
"Tue Apr 22 2025 14:10:00 GMT+0530 (India Standard Time)","5451.00","5453.50","5446.00","5449.00"
"Tue Apr 22 2025 14:15:00 GMT+0530 (India Standard Time)","5448.00","5455.00","5446.00","5454.50"
"Tue Apr 22 2025 14:20:00 GMT+0530 (India Standard Time)","5454.50","5454.50","5445.00","5447.00"
"Tue Apr 22 2025 14:25:00 GMT+0530 (India Standard Time)","5449.00","5453.00","5445.50","5448.00"
"Tue Apr 22 2025 14:30:00 GMT+0530 (India Standard Time)","5448.00","5454.50","5444.00","5453.50"
"Tue Apr 22 2025 14:35:00 GMT+0530 (India Standard Time)","5454.00","5469.00","5452.00","5466.00"
"Tue Apr 22 2025 14:40:00 GMT+0530 (India Standard Time)","5467.00","5495.00","5457.00","5491.50"
"Tue Apr 22 2025 14:45:00 GMT+0530 (India Standard Time)","5486.50","5489.50","5466.00","5469.50"
"Tue Apr 22 2025 14:50:00 GMT+0530 (India Standard Time)","5473.50","5482.00","5470.00","5475.50"
"Tue Apr 22 2025 14:55:00 GMT+0530 (India Standard Time)","5476.50","5479.50","5470.00","5477.50"
"Tue Apr 22 2025 15:00:00 GMT+0530 (India Standard Time)","5477.50","5480.00","5471.50","5477.00"
"Tue Apr 22 2025 15:05:00 GMT+0530 (India Standard Time)","5477.00","5478.50","5464.00","5472.00"
"Tue Apr 22 2025 15:10:00 GMT+0530 (India Standard Time)","5474.50","5480.00","5471.50","5478.00"
"Tue Apr 22 2025 15:15:00 GMT+0530 (India Standard Time)","5478.50","5495.50","5476.50","5489.00"
"Tue Apr 22 2025 15:20:00 GMT+0530 (India Standard Time)","5489.00","5489.00","5475.00","5475.00"
"Tue Apr 22 2025 15:25:00 GMT+0530 (India Standard Time)","5474.50","5481.50","5470.00","5476.00"
"Wed Apr 23 2025 09:15:00 GMT+0530 (India Standard Time)","5480.00","5565.00","5465.00","5548.00"
"Wed Apr 23 2025 09:20:00 GMT+0530 (India Standard Time)","5551.00","5596.00","5534.50","5592.00"
"Wed Apr 23 2025 09:25:00 GMT+0530 (India Standard Time)","5590.00","5655.00","5581.00","5620.50"
"Wed Apr 23 2025 09:30:00 GMT+0530 (India Standard Time)","5620.50","5632.00","5577.00","5583.00"
"Wed Apr 23 2025 09:35:00 GMT+0530 (India Standard Time)","5583.00","5585.00","5554.50","5562.50"
"Wed Apr 23 2025 09:40:00 GMT+0530 (India Standard Time)","5562.00","5607.00","5557.50","5605.00"
"Wed Apr 23 2025 09:45:00 GMT+0530 (India Standard Time)","5605.00","5626.00","5588.50","5625.00"
"Wed Apr 23 2025 09:50:00 GMT+0530 (India Standard Time)","5623.00","5655.00","5622.50","5651.50"
"Wed Apr 23 2025 09:55:00 GMT+0530 (India Standard Time)","5651.50","5654.00","5635.50","5648.00"
"Wed Apr 23 2025 10:00:00 GMT+0530 (India Standard Time)","5648.00","5654.50","5580.00","5584.00"
"Wed Apr 23 2025 10:05:00 GMT+0530 (India Standard Time)","5584.50","5590.00","5546.50","5548.00"
"Wed Apr 23 2025 10:10:00 GMT+0530 (India Standard Time)","5548.00","5549.50","5519.50","5520.50"
"Wed Apr 23 2025 10:15:00 GMT+0530 (India Standard Time)","5520.50","5555.00","5519.00","5547.50"
"Wed Apr 23 2025 10:20:00 GMT+0530 (India Standard Time)","5547.50","5554.00","5540.50","5541.00"
"Wed Apr 23 2025 10:25:00 GMT+0530 (India Standard Time)","5541.00","5559.00","5529.50","5556.00"
"Wed Apr 23 2025 10:30:00 GMT+0530 (India Standard Time)","5554.00","5567.00","5523.00","5525.00"
"Wed Apr 23 2025 10:35:00 GMT+0530 (India Standard Time)","5525.00","5530.50","5515.00","5527.50"
"Wed Apr 23 2025 10:40:00 GMT+0530 (India Standard Time)","5527.50","5537.50","5502.00","5503.00"
"Wed Apr 23 2025 10:45:00 GMT+0530 (India Standard Time)","5503.00","5519.00","5490.50","5490.50"
"Wed Apr 23 2025 10:50:00 GMT+0530 (India Standard Time)","5490.50","5520.00","5485.00","5502.50"
"Wed Apr 23 2025 10:55:00 GMT+0530 (India Standard Time)","5506.00","5544.00","5490.00","5542.00"
"Wed Apr 23 2025 11:00:00 GMT+0530 (India Standard Time)","5541.50","5564.00","5529.50","5545.00"
"Wed Apr 23 2025 11:05:00 GMT+0530 (India Standard Time)","5541.00","5565.00","5541.00","5550.00"
"Wed Apr 23 2025 11:10:00 GMT+0530 (India Standard Time)","5550.00","5559.00","5542.00","5550.00"
"Wed Apr 23 2025 11:15:00 GMT+0530 (India Standard Time)","5550.00","5564.00","5544.50","5559.00"
"Wed Apr 23 2025 11:20:00 GMT+0530 (India Standard Time)","5557.00","5567.00","5546.00","5546.50"
"Wed Apr 23 2025 11:25:00 GMT+0530 (India Standard Time)","5546.50","5559.50","5546.00","5555.00"
"Wed Apr 23 2025 11:30:00 GMT+0530 (India Standard Time)","5555.00","5565.00","5550.50","5562.00"
"Wed Apr 23 2025 11:35:00 GMT+0530 (India Standard Time)","5563.50","5579.00","5560.00","5579.00"
"Wed Apr 23 2025 11:40:00 GMT+0530 (India Standard Time)","5579.00","5587.00","5569.50","5575.50"
"Wed Apr 23 2025 11:45:00 GMT+0530 (India Standard Time)","5575.50","5580.50","5551.50","5558.00"
"Wed Apr 23 2025 11:50:00 GMT+0530 (India Standard Time)","5560.00","5567.00","5556.00","5566.50"
"Wed Apr 23 2025 11:55:00 GMT+0530 (India Standard Time)","5562.50","5575.00","5562.50","5570.00"
"Wed Apr 23 2025 12:00:00 GMT+0530 (India Standard Time)","5570.00","5580.00","5565.50","5572.50"
"Wed Apr 23 2025 12:05:00 GMT+0530 (India Standard Time)","5577.00","5580.00","5568.50","5574.50"
"Wed Apr 23 2025 12:10:00 GMT+0530 (India Standard Time)","5574.50","5580.00","5571.00","5577.50"
"Wed Apr 23 2025 12:15:00 GMT+0530 (India Standard Time)","5577.50","5580.00","5573.00","5576.50"
"Wed Apr 23 2025 12:20:00 GMT+0530 (India Standard Time)","5575.50","5578.50","5568.00","5568.00"
"Wed Apr 23 2025 12:25:00 GMT+0530 (India Standard Time)","5568.00","5572.00","5565.00","5567.00"
"Wed Apr 23 2025 12:30:00 GMT+0530 (India Standard Time)","5567.00","5577.50","5567.00","5570.00"
"Wed Apr 23 2025 12:35:00 GMT+0530 (India Standard Time)","5570.00","5574.00","5554.00","5559.50"
"Wed Apr 23 2025 12:40:00 GMT+0530 (India Standard Time)","5559.50","5584.00","5555.50","5584.00"
"Wed Apr 23 2025 12:45:00 GMT+0530 (India Standard Time)","5586.50","5586.50","5570.50","5575.00"
"Wed Apr 23 2025 12:50:00 GMT+0530 (India Standard Time)","5575.00","5578.50","5570.00","5573.50"
"Wed Apr 23 2025 12:55:00 GMT+0530 (India Standard Time)","5573.50","5584.00","5573.50","5583.50"
"Wed Apr 23 2025 13:00:00 GMT+0530 (India Standard Time)","5583.50","5610.00","5580.00","5608.50"
"Wed Apr 23 2025 13:05:00 GMT+0530 (India Standard Time)","5610.00","5610.00","5600.00","5603.50"
"Wed Apr 23 2025 13:10:00 GMT+0530 (India Standard Time)","5603.50","5606.00","5595.00","5600.50"
"Wed Apr 23 2025 13:15:00 GMT+0530 (India Standard Time)","5600.50","5605.50","5598.50","5598.50"
"Wed Apr 23 2025 13:20:00 GMT+0530 (India Standard Time)","5598.50","5612.00","5596.50","5605.50"
"Wed Apr 23 2025 13:25:00 GMT+0530 (India Standard Time)","5606.00","5607.50","5579.50","5586.50"
"Wed Apr 23 2025 13:30:00 GMT+0530 (India Standard Time)","5586.50","5594.50","5583.50","5590.50"
"Wed Apr 23 2025 13:35:00 GMT+0530 (India Standard Time)","5588.00","5597.50","5585.50","5588.00"
"Wed Apr 23 2025 13:40:00 GMT+0530 (India Standard Time)","5591.50","5598.00","5587.50","5597.50"
"Wed Apr 23 2025 13:45:00 GMT+0530 (India Standard Time)","5597.00","5625.00","5596.00","5624.00"
"Wed Apr 23 2025 13:50:00 GMT+0530 (India Standard Time)","5624.00","5630.00","5614.00","5623.00"
"Wed Apr 23 2025 13:55:00 GMT+0530 (India Standard Time)","5623.00","5625.50","5615.50","5622.00"
"Wed Apr 23 2025 14:00:00 GMT+0530 (India Standard Time)","5619.00","5625.00","5616.50","5623.50"
"Wed Apr 23 2025 14:05:00 GMT+0530 (India Standard Time)","5623.50","5623.50","5618.00","5620.50"
"Wed Apr 23 2025 14:10:00 GMT+0530 (India Standard Time)","5620.00","5648.00","5620.00","5641.50"
"Wed Apr 23 2025 14:15:00 GMT+0530 (India Standard Time)","5641.50","5642.50","5620.00","5626.00"
"Wed Apr 23 2025 14:20:00 GMT+0530 (India Standard Time)","5627.00","5639.00","5627.00","5639.00"
"Wed Apr 23 2025 14:25:00 GMT+0530 (India Standard Time)","5639.00","5645.00","5629.50","5641.00"
"Wed Apr 23 2025 14:30:00 GMT+0530 (India Standard Time)","5642.00","5643.00","5633.00","5637.00"
"Wed Apr 23 2025 14:35:00 GMT+0530 (India Standard Time)","5637.00","5644.50","5636.00","5644.00"
"Wed Apr 23 2025 14:40:00 GMT+0530 (India Standard Time)","5643.50","5655.00","5640.00","5652.00"
"Wed Apr 23 2025 14:45:00 GMT+0530 (India Standard Time)","5652.00","5654.00","5645.00","5650.00"
"Wed Apr 23 2025 14:50:00 GMT+0530 (India Standard Time)","5652.00","5660.00","5646.00","5653.50"
"Wed Apr 23 2025 14:55:00 GMT+0530 (India Standard Time)","5653.50","5664.50","5653.50","5657.00"
"Wed Apr 23 2025 15:00:00 GMT+0530 (India Standard Time)","5655.50","5668.00","5655.50","5668.00"
"Wed Apr 23 2025 15:05:00 GMT+0530 (India Standard Time)","5668.00","5668.00","5652.50","5655.50"
"Wed Apr 23 2025 15:10:00 GMT+0530 (India Standard Time)","5655.50","5667.00","5654.00","5665.50"
"Wed Apr 23 2025 15:15:00 GMT+0530 (India Standard Time)","5667.50","5672.00","5658.00","5670.00"
"Wed Apr 23 2025 15:20:00 GMT+0530 (India Standard Time)","5670.00","5678.50","5656.00","5664.50"
"Wed Apr 23 2025 15:25:00 GMT+0530 (India Standard Time)","5663.00","5670.00","5660.00","5662.50"
"Thu Apr 24 2025 09:15:00 GMT+0530 (India Standard Time)","5678.00","5810.50","5664.00","5808.00"
"Thu Apr 24 2025 09:20:00 GMT+0530 (India Standard Time)","5810.00","5834.50","5782.00","5814.00"
"Thu Apr 24 2025 09:25:00 GMT+0530 (India Standard Time)","5815.00","5859.00","5791.50","5843.00"
"Thu Apr 24 2025 09:30:00 GMT+0530 (India Standard Time)","5843.00","5875.00","5841.00","5875.00"
"Thu Apr 24 2025 09:35:00 GMT+0530 (India Standard Time)","5872.00","5925.00","5872.00","5925.00"
"Thu Apr 24 2025 09:40:00 GMT+0530 (India Standard Time)","5921.00","5926.00","5885.00","5885.00"
"Thu Apr 24 2025 09:45:00 GMT+0530 (India Standard Time)","5885.00","5894.50","5851.00","5860.50"
"Thu Apr 24 2025 09:50:00 GMT+0530 (India Standard Time)","5860.00","5885.00","5852.00","5863.50"
"Thu Apr 24 2025 09:55:00 GMT+0530 (India Standard Time)","5858.00","5875.00","5850.50","5869.00"
"Thu Apr 24 2025 10:00:00 GMT+0530 (India Standard Time)","5869.50","5873.00","5855.00","5862.00"
"Thu Apr 24 2025 10:05:00 GMT+0530 (India Standard Time)","5858.50","5889.00","5858.50","5880.00"
"Thu Apr 24 2025 10:10:00 GMT+0530 (India Standard Time)","5880.00","5893.00","5870.50","5885.50"
"Thu Apr 24 2025 10:15:00 GMT+0530 (India Standard Time)","5886.00","5934.00","5885.50","5921.50"
"Thu Apr 24 2025 10:20:00 GMT+0530 (India Standard Time)","5921.50","5940.00","5905.50","5933.00"
"Thu Apr 24 2025 10:25:00 GMT+0530 (India Standard Time)","5932.00","5932.00","5920.50","5925.00"
"Thu Apr 24 2025 10:30:00 GMT+0530 (India Standard Time)","5925.00","5928.00","5905.00","5909.00"
"Thu Apr 24 2025 10:35:00 GMT+0530 (India Standard Time)","5908.00","5912.00","5887.50","5895.00"
"Thu Apr 24 2025 10:40:00 GMT+0530 (India Standard Time)","5895.00","5895.50","5874.00","5881.00"
"Thu Apr 24 2025 10:45:00 GMT+0530 (India Standard Time)","5883.00","5884.00","5860.00","5868.00"
"Thu Apr 24 2025 10:50:00 GMT+0530 (India Standard Time)","5867.50","5881.50","5864.50","5866.00"
"Thu Apr 24 2025 10:55:00 GMT+0530 (India Standard Time)","5868.00","5868.00","5855.00","5855.00"
"Thu Apr 24 2025 11:00:00 GMT+0530 (India Standard Time)","5857.00","5870.00","5854.50","5863.50"
"Thu Apr 24 2025 11:05:00 GMT+0530 (India Standard Time)","5863.50","5890.00","5856.50","5882.00"
"Thu Apr 24 2025 11:10:00 GMT+0530 (India Standard Time)","5882.00","5886.00","5870.50","5886.00"
"Thu Apr 24 2025 11:15:00 GMT+0530 (India Standard Time)","5886.00","5886.50","5880.00","5883.00"
"Thu Apr 24 2025 11:20:00 GMT+0530 (India Standard Time)","5883.00","5886.00","5862.00","5867.00"
"Thu Apr 24 2025 11:25:00 GMT+0530 (India Standard Time)","5866.50","5883.00","5863.50","5864.00"
"Thu Apr 24 2025 11:30:00 GMT+0530 (India Standard Time)","5864.00","5872.50","5859.00","5867.00"
"Thu Apr 24 2025 11:35:00 GMT+0530 (India Standard Time)","5867.00","5879.50","5866.50","5872.50"
"Thu Apr 24 2025 11:40:00 GMT+0530 (India Standard Time)","5873.50","5873.50","5861.00","5864.00"
"Thu Apr 24 2025 11:45:00 GMT+0530 (India Standard Time)","5861.50","5866.00","5845.00","5861.00"
"Thu Apr 24 2025 11:50:00 GMT+0530 (India Standard Time)","5861.00","5862.00","5830.50","5834.50"
"Thu Apr 24 2025 11:55:00 GMT+0530 (India Standard Time)","5834.50","5845.00","5830.00","5841.50"
"Thu Apr 24 2025 12:00:00 GMT+0530 (India Standard Time)","5841.50","5842.50","5821.00","5830.00"
"Thu Apr 24 2025 12:05:00 GMT+0530 (India Standard Time)","5832.00","5841.00","5827.50","5838.50"
"Thu Apr 24 2025 12:10:00 GMT+0530 (India Standard Time)","5838.50","5842.00","5825.00","5825.00"
"Thu Apr 24 2025 12:15:00 GMT+0530 (India Standard Time)","5825.00","5835.00","5825.00","5834.00"
"Thu Apr 24 2025 12:20:00 GMT+0530 (India Standard Time)","5834.00","5854.50","5833.50","5846.50"
"Thu Apr 24 2025 12:25:00 GMT+0530 (India Standard Time)","5846.50","5850.00","5841.00","5842.00"
"Thu Apr 24 2025 12:30:00 GMT+0530 (India Standard Time)","5842.00","5847.50","5839.00","5847.50"
"Thu Apr 24 2025 12:35:00 GMT+0530 (India Standard Time)","5847.50","5860.00","5840.00","5856.00"
"Thu Apr 24 2025 12:40:00 GMT+0530 (India Standard Time)","5856.00","5860.00","5848.50","5859.50"
"Thu Apr 24 2025 12:45:00 GMT+0530 (India Standard Time)","5859.50","5862.00","5851.50","5853.00"
"Thu Apr 24 2025 12:50:00 GMT+0530 (India Standard Time)","5853.00","5860.00","5850.00","5853.50"
"Thu Apr 24 2025 12:55:00 GMT+0530 (India Standard Time)","5853.50","5856.50","5852.00","5856.50"
"Thu Apr 24 2025 13:00:00 GMT+0530 (India Standard Time)","5856.50","5870.00","5851.50","5869.50"
"Thu Apr 24 2025 13:05:00 GMT+0530 (India Standard Time)","5869.50","5889.00","5864.00","5875.50"
"Thu Apr 24 2025 13:10:00 GMT+0530 (India Standard Time)","5875.50","5883.00","5874.00","5880.00"
"Thu Apr 24 2025 13:15:00 GMT+0530 (India Standard Time)","5881.00","5899.00","5878.00","5895.00"
"Thu Apr 24 2025 13:20:00 GMT+0530 (India Standard Time)","5895.00","5908.50","5885.00","5887.00"
"Thu Apr 24 2025 13:25:00 GMT+0530 (India Standard Time)","5887.00","5895.00","5883.00","5890.00"
"Thu Apr 24 2025 13:30:00 GMT+0530 (India Standard Time)","5890.00","5903.50","5886.00","5893.50"
"Thu Apr 24 2025 13:35:00 GMT+0530 (India Standard Time)","5893.50","5900.00","5888.50","5898.00"
"Thu Apr 24 2025 13:40:00 GMT+0530 (India Standard Time)","5897.50","5899.00","5888.50","5896.00"
"Thu Apr 24 2025 13:45:00 GMT+0530 (India Standard Time)","5895.50","5899.00","5882.50","5885.00"
"Thu Apr 24 2025 13:50:00 GMT+0530 (India Standard Time)","5885.00","5901.50","5883.50","5898.50"
"Thu Apr 24 2025 13:55:00 GMT+0530 (India Standard Time)","5898.50","5910.00","5892.50","5903.50"
"Thu Apr 24 2025 14:00:00 GMT+0530 (India Standard Time)","5903.50","5903.50","5890.00","5896.50"
"Thu Apr 24 2025 14:05:00 GMT+0530 (India Standard Time)","5896.50","5900.00","5888.00","5893.00"
"Thu Apr 24 2025 14:10:00 GMT+0530 (India Standard Time)","5893.00","5904.50","5889.50","5899.50"
"Thu Apr 24 2025 14:15:00 GMT+0530 (India Standard Time)","5899.50","5909.00","5890.00","5892.00"
"Thu Apr 24 2025 14:20:00 GMT+0530 (India Standard Time)","5890.00","5903.00","5885.50","5895.00"
"Thu Apr 24 2025 14:25:00 GMT+0530 (India Standard Time)","5892.00","5900.00","5886.50","5894.00"
"Thu Apr 24 2025 14:30:00 GMT+0530 (India Standard Time)","5891.50","5900.00","5891.50","5900.00"
"Thu Apr 24 2025 14:35:00 GMT+0530 (India Standard Time)","5900.50","5909.00","5899.00","5901.00"
"Thu Apr 24 2025 14:40:00 GMT+0530 (India Standard Time)","5901.00","5906.00","5892.00","5897.50"
"Thu Apr 24 2025 14:45:00 GMT+0530 (India Standard Time)","5897.50","5906.00","5892.00","5893.00"
"Thu Apr 24 2025 14:50:00 GMT+0530 (India Standard Time)","5893.50","5902.00","5888.00","5889.00"
"Thu Apr 24 2025 14:55:00 GMT+0530 (India Standard Time)","5889.50","5893.50","5871.50","5887.50"
"Thu Apr 24 2025 15:00:00 GMT+0530 (India Standard Time)","5887.50","5897.00","5880.00","5890.50"
"Thu Apr 24 2025 15:05:00 GMT+0530 (India Standard Time)","5890.00","5904.50","5887.00","5902.00"
"Thu Apr 24 2025 15:10:00 GMT+0530 (India Standard Time)","5905.00","5924.50","5900.50","5918.50"
"Thu Apr 24 2025 15:15:00 GMT+0530 (India Standard Time)","5921.50","5940.00","5915.00","5929.00"
"Thu Apr 24 2025 15:20:00 GMT+0530 (India Standard Time)","5928.00","5935.00","5920.00","5923.00"
"Thu Apr 24 2025 15:25:00 GMT+0530 (India Standard Time)","5923.00","5935.00","5920.00","5926.00"
"Fri Apr 25 2025 09:15:00 GMT+0530 (India Standard Time)","5949.50","5958.00","5847.50","5892.00"
"Fri Apr 25 2025 09:20:00 GMT+0530 (India Standard Time)","5893.00","5915.00","5892.50","5897.00"
"Fri Apr 25 2025 09:25:00 GMT+0530 (India Standard Time)","5893.00","5907.50","5870.00","5870.00"
"Fri Apr 25 2025 09:30:00 GMT+0530 (India Standard Time)","5870.00","5874.00","5842.00","5847.00"
"Fri Apr 25 2025 09:35:00 GMT+0530 (India Standard Time)","5846.50","5858.50","5822.50","5822.50"
"Fri Apr 25 2025 09:40:00 GMT+0530 (India Standard Time)","5825.50","5828.00","5797.00","5800.00"
"Fri Apr 25 2025 09:45:00 GMT+0530 (India Standard Time)","5797.00","5812.00","5780.00","5786.00"
"Fri Apr 25 2025 09:50:00 GMT+0530 (India Standard Time)","5788.50","5798.50","5760.00","5760.00"
"Fri Apr 25 2025 09:55:00 GMT+0530 (India Standard Time)","5760.50","5766.50","5747.50","5759.50"
"Fri Apr 25 2025 10:00:00 GMT+0530 (India Standard Time)","5758.00","5758.00","5691.50","5692.50"
"Fri Apr 25 2025 10:05:00 GMT+0530 (India Standard Time)","5697.00","5738.00","5691.00","5706.00"
"Fri Apr 25 2025 10:10:00 GMT+0530 (India Standard Time)","5706.00","5739.00","5705.50","5732.00"
"Fri Apr 25 2025 10:15:00 GMT+0530 (India Standard Time)","5730.50","5735.00","5705.00","5718.50"
"Fri Apr 25 2025 10:20:00 GMT+0530 (India Standard Time)","5714.00","5717.00","5685.00","5706.50"
"Fri Apr 25 2025 10:25:00 GMT+0530 (India Standard Time)","5709.50","5712.50","5653.00","5663.00"
"Fri Apr 25 2025 10:30:00 GMT+0530 (India Standard Time)","5661.00","5685.00","5650.50","5656.50"
"Fri Apr 25 2025 10:35:00 GMT+0530 (India Standard Time)","5656.50","5681.50","5655.50","5674.00"
"Fri Apr 25 2025 10:40:00 GMT+0530 (India Standard Time)","5673.00","5707.00","5673.00","5705.50"
"Fri Apr 25 2025 10:45:00 GMT+0530 (India Standard Time)","5705.50","5735.00","5694.50","5718.00"
"Fri Apr 25 2025 10:50:00 GMT+0530 (India Standard Time)","5718.00","5723.00","5701.00","5705.00"
"Fri Apr 25 2025 10:55:00 GMT+0530 (India Standard Time)","5705.00","5719.00","5697.50","5709.50"
"Fri Apr 25 2025 11:00:00 GMT+0530 (India Standard Time)","5709.50","5709.50","5670.00","5670.00"
"Fri Apr 25 2025 11:05:00 GMT+0530 (India Standard Time)","5670.00","5693.50","5670.00","5689.00"
"Fri Apr 25 2025 11:10:00 GMT+0530 (India Standard Time)","5689.00","5703.00","5676.50","5697.50"
"Fri Apr 25 2025 11:15:00 GMT+0530 (India Standard Time)","5694.50","5699.00","5668.00","5674.50"
"Fri Apr 25 2025 11:20:00 GMT+0530 (India Standard Time)","5671.00","5673.50","5649.00","5663.00"
"Fri Apr 25 2025 11:25:00 GMT+0530 (India Standard Time)","5663.00","5676.00","5659.50","5674.00"
"Fri Apr 25 2025 11:30:00 GMT+0530 (India Standard Time)","5675.00","5679.50","5664.00","5664.00"
"Fri Apr 25 2025 11:35:00 GMT+0530 (India Standard Time)","5663.00","5685.00","5659.50","5685.00"
"Fri Apr 25 2025 11:40:00 GMT+0530 (India Standard Time)","5685.00","5693.00","5680.00","5680.00"
"Fri Apr 25 2025 11:45:00 GMT+0530 (India Standard Time)","5680.00","5683.00","5663.50","5664.00"
"Fri Apr 25 2025 11:50:00 GMT+0530 (India Standard Time)","5664.00","5670.00","5654.50","5664.00"
"Fri Apr 25 2025 11:55:00 GMT+0530 (India Standard Time)","5667.50","5673.00","5654.00","5654.00"
"Fri Apr 25 2025 12:00:00 GMT+0530 (India Standard Time)","5654.00","5678.00","5654.00","5675.50"
"Fri Apr 25 2025 12:05:00 GMT+0530 (India Standard Time)","5677.00","5687.00","5669.00","5684.50"
"Fri Apr 25 2025 12:10:00 GMT+0530 (India Standard Time)","5687.00","5708.50","5682.00","5699.00"
"Fri Apr 25 2025 12:15:00 GMT+0530 (India Standard Time)","5701.50","5716.00","5690.50","5708.50"
"Fri Apr 25 2025 12:20:00 GMT+0530 (India Standard Time)","5708.50","5713.50","5701.50","5705.50"
"Fri Apr 25 2025 12:25:00 GMT+0530 (India Standard Time)","5705.50","5705.50","5680.00","5690.00"
"Fri Apr 25 2025 12:30:00 GMT+0530 (India Standard Time)","5690.00","5694.00","5678.00","5688.50"
"Fri Apr 25 2025 12:35:00 GMT+0530 (India Standard Time)","5688.50","5688.50","5672.00","5682.50"
"Fri Apr 25 2025 12:40:00 GMT+0530 (India Standard Time)","5684.00","5690.00","5661.00","5664.50"
"Fri Apr 25 2025 12:45:00 GMT+0530 (India Standard Time)","5666.00","5677.50","5666.00","5674.50"
"Fri Apr 25 2025 12:50:00 GMT+0530 (India Standard Time)","5674.50","5683.50","5672.50","5683.50"
"Fri Apr 25 2025 12:55:00 GMT+0530 (India Standard Time)","5680.50","5688.00","5669.00","5688.00"
"Fri Apr 25 2025 13:00:00 GMT+0530 (India Standard Time)","5689.00","5699.00","5673.50","5680.00"
"Fri Apr 25 2025 13:05:00 GMT+0530 (India Standard Time)","5680.00","5696.50","5677.50","5687.00"
"Fri Apr 25 2025 13:10:00 GMT+0530 (India Standard Time)","5687.00","5692.00","5682.50","5692.00"
"Fri Apr 25 2025 13:15:00 GMT+0530 (India Standard Time)","5692.00","5695.00","5689.00","5693.00"
"Fri Apr 25 2025 13:20:00 GMT+0530 (India Standard Time)","5693.00","5698.00","5692.50","5695.00"
"Fri Apr 25 2025 13:25:00 GMT+0530 (India Standard Time)","5694.00","5694.50","5680.00","5680.00"
"Fri Apr 25 2025 13:30:00 GMT+0530 (India Standard Time)","5683.00","5713.00","5683.00","5710.50"
"Fri Apr 25 2025 13:35:00 GMT+0530 (India Standard Time)","5710.50","5718.00","5702.00","5703.00"
"Fri Apr 25 2025 13:40:00 GMT+0530 (India Standard Time)","5703.00","5712.00","5703.00","5712.00"
"Fri Apr 25 2025 13:45:00 GMT+0530 (India Standard Time)","5711.00","5718.50","5700.00","5717.50"
"Fri Apr 25 2025 13:50:00 GMT+0530 (India Standard Time)","5717.50","5722.00","5704.50","5705.50"
"Fri Apr 25 2025 13:55:00 GMT+0530 (India Standard Time)","5705.50","5714.50","5701.50","5708.50"
"Fri Apr 25 2025 14:00:00 GMT+0530 (India Standard Time)","5709.00","5710.00","5685.00","5690.00"
"Fri Apr 25 2025 14:05:00 GMT+0530 (India Standard Time)","5691.50","5692.50","5665.50","5667.50"
"Fri Apr 25 2025 14:10:00 GMT+0530 (India Standard Time)","5667.50","5672.50","5656.00","5669.50"
"Fri Apr 25 2025 14:15:00 GMT+0530 (India Standard Time)","5668.50","5688.00","5668.50","5675.50"
"Fri Apr 25 2025 14:20:00 GMT+0530 (India Standard Time)","5675.50","5675.50","5665.00","5670.50"
"Fri Apr 25 2025 14:25:00 GMT+0530 (India Standard Time)","5670.50","5674.00","5661.00","5662.00"
"Fri Apr 25 2025 14:30:00 GMT+0530 (India Standard Time)","5663.00","5667.00","5650.00","5652.00"
"Fri Apr 25 2025 14:35:00 GMT+0530 (India Standard Time)","5653.00","5654.00","5627.50","5641.00"
"Fri Apr 25 2025 14:40:00 GMT+0530 (India Standard Time)","5641.00","5649.50","5635.00","5644.50"
"Fri Apr 25 2025 14:45:00 GMT+0530 (India Standard Time)","5644.50","5644.50","5613.50","5630.00"
"Fri Apr 25 2025 14:50:00 GMT+0530 (India Standard Time)","5630.00","5638.00","5620.00","5623.50"
"Fri Apr 25 2025 14:55:00 GMT+0530 (India Standard Time)","5623.50","5628.00","5614.00","5616.50"
"Fri Apr 25 2025 15:00:00 GMT+0530 (India Standard Time)","5618.00","5631.50","5612.50","5622.50"
"Fri Apr 25 2025 15:05:00 GMT+0530 (India Standard Time)","5625.00","5630.00","5620.50","5627.50"
"Fri Apr 25 2025 15:10:00 GMT+0530 (India Standard Time)","5632.00","5632.00","5610.50","5616.00"
"Fri Apr 25 2025 15:15:00 GMT+0530 (India Standard Time)","5614.50","5617.50","5593.00","5599.00"
"Fri Apr 25 2025 15:20:00 GMT+0530 (India Standard Time)","5600.00","5618.50","5599.00","5614.50"
"Fri Apr 25 2025 15:25:00 GMT+0530 (India Standard Time)","5612.50","5615.00","5603.00","5609.50"
"Mon Apr 28 2025 09:15:00 GMT+0530 (India Standard Time)","5612.50","5668.50","5568.00","5642.50"
"Mon Apr 28 2025 09:20:00 GMT+0530 (India Standard Time)","5654.00","5662.00","5607.50","5610.00"
"Mon Apr 28 2025 09:25:00 GMT+0530 (India Standard Time)","5602.00","5637.00","5568.00","5615.00"
"Mon Apr 28 2025 09:30:00 GMT+0530 (India Standard Time)","5614.00","5637.00","5602.00","5637.00"
"Mon Apr 28 2025 09:35:00 GMT+0530 (India Standard Time)","5637.00","5637.00","5589.00","5594.50"
"Mon Apr 28 2025 09:40:00 GMT+0530 (India Standard Time)","5592.50","5598.00","5570.00","5591.00"
"Mon Apr 28 2025 09:45:00 GMT+0530 (India Standard Time)","5590.00","5629.00","5590.00","5621.50"
"Mon Apr 28 2025 09:50:00 GMT+0530 (India Standard Time)","5622.00","5628.50","5601.50","5616.50"
"Mon Apr 28 2025 09:55:00 GMT+0530 (India Standard Time)","5616.50","5620.00","5594.00","5618.50"
"Mon Apr 28 2025 10:00:00 GMT+0530 (India Standard Time)","5618.50","5620.00","5603.00","5610.00"
"Mon Apr 28 2025 10:05:00 GMT+0530 (India Standard Time)","5613.00","5629.50","5610.00","5621.00"
"Mon Apr 28 2025 10:10:00 GMT+0530 (India Standard Time)","5618.00","5628.50","5609.00","5626.50"
"Mon Apr 28 2025 10:15:00 GMT+0530 (India Standard Time)","5626.50","5626.50","5615.50","5620.00"
"Mon Apr 28 2025 10:20:00 GMT+0530 (India Standard Time)","5620.00","5620.00","5601.50","5605.00"
"Mon Apr 28 2025 10:25:00 GMT+0530 (India Standard Time)","5605.00","5615.00","5600.00","5605.00"
"Mon Apr 28 2025 10:30:00 GMT+0530 (India Standard Time)","5611.00","5612.50","5603.50","5608.00"
"Mon Apr 28 2025 10:35:00 GMT+0530 (India Standard Time)","5608.50","5615.00","5585.00","5613.00"
"Mon Apr 28 2025 10:40:00 GMT+0530 (India Standard Time)","5612.50","5615.00","5605.00","5605.00"
"Mon Apr 28 2025 10:45:00 GMT+0530 (India Standard Time)","5605.00","5611.00","5602.00","5604.50"
"Mon Apr 28 2025 10:50:00 GMT+0530 (India Standard Time)","5604.50","5630.00","5602.00","5627.50"
"Mon Apr 28 2025 10:55:00 GMT+0530 (India Standard Time)","5627.50","5632.50","5623.00","5623.00"
"Mon Apr 28 2025 11:00:00 GMT+0530 (India Standard Time)","5624.00","5628.50","5615.50","5623.50"
"Mon Apr 28 2025 11:05:00 GMT+0530 (India Standard Time)","5623.50","5627.50","5619.50","5626.50"
"Mon Apr 28 2025 11:10:00 GMT+0530 (India Standard Time)","5626.50","5627.50","5610.00","5610.00"
"Mon Apr 28 2025 11:15:00 GMT+0530 (India Standard Time)","5610.50","5615.00","5603.50","5612.50"
"Mon Apr 28 2025 11:20:00 GMT+0530 (India Standard Time)","5612.50","5626.00","5610.00","5624.00"
"Mon Apr 28 2025 11:25:00 GMT+0530 (India Standard Time)","5621.50","5705.50","5620.50","5693.00"
"Mon Apr 28 2025 11:30:00 GMT+0530 (India Standard Time)","5693.00","5705.00","5676.00","5686.50"
"Mon Apr 28 2025 11:35:00 GMT+0530 (India Standard Time)","5686.50","5689.00","5657.50","5661.00"
"Mon Apr 28 2025 11:40:00 GMT+0530 (India Standard Time)","5664.00","5664.00","5650.00","5654.50"
"Mon Apr 28 2025 11:45:00 GMT+0530 (India Standard Time)","5654.50","5658.00","5645.00","5654.00"
"Mon Apr 28 2025 11:50:00 GMT+0530 (India Standard Time)","5654.00","5664.00","5650.50","5652.50"
"Mon Apr 28 2025 11:55:00 GMT+0530 (India Standard Time)","5655.50","5656.00","5649.50","5652.00"
"Mon Apr 28 2025 12:00:00 GMT+0530 (India Standard Time)","5654.50","5666.50","5652.50","5660.50"
"Mon Apr 28 2025 12:05:00 GMT+0530 (India Standard Time)","5660.00","5664.50","5654.50","5656.50"
"Mon Apr 28 2025 12:10:00 GMT+0530 (India Standard Time)","5656.50","5661.50","5655.50","5657.00"
"Mon Apr 28 2025 12:15:00 GMT+0530 (India Standard Time)","5657.00","5669.50","5656.00","5668.50"
"Mon Apr 28 2025 12:20:00 GMT+0530 (India Standard Time)","5668.50","5679.00","5658.00","5670.00"
"Mon Apr 28 2025 12:25:00 GMT+0530 (India Standard Time)","5670.00","5674.00","5661.50","5664.50"
"Mon Apr 28 2025 12:30:00 GMT+0530 (India Standard Time)","5667.00","5673.50","5662.00","5671.00"
"Mon Apr 28 2025 12:35:00 GMT+0530 (India Standard Time)","5671.00","5684.00","5667.00","5681.00"
"Mon Apr 28 2025 12:40:00 GMT+0530 (India Standard Time)","5681.00","5690.00","5670.50","5689.50"
"Mon Apr 28 2025 12:45:00 GMT+0530 (India Standard Time)","5685.00","5687.00","5671.50","5681.00"
"Mon Apr 28 2025 12:50:00 GMT+0530 (India Standard Time)","5678.00","5685.00","5678.00","5681.00"
"Mon Apr 28 2025 12:55:00 GMT+0530 (India Standard Time)","5681.00","5690.00","5680.00","5690.00"
"Mon Apr 28 2025 13:00:00 GMT+0530 (India Standard Time)","5690.00","5692.50","5663.50","5665.00"
"Mon Apr 28 2025 13:05:00 GMT+0530 (India Standard Time)","5667.50","5672.00","5660.00","5671.00"
"Mon Apr 28 2025 13:10:00 GMT+0530 (India Standard Time)","5671.00","5677.00","5665.00","5674.50"
"Mon Apr 28 2025 13:15:00 GMT+0530 (India Standard Time)","5674.50","5688.50","5674.50","5676.00"
"Mon Apr 28 2025 13:20:00 GMT+0530 (India Standard Time)","5676.00","5680.00","5669.00","5672.50"
"Mon Apr 28 2025 13:25:00 GMT+0530 (India Standard Time)","5672.50","5680.00","5668.00","5676.50"
"Mon Apr 28 2025 13:30:00 GMT+0530 (India Standard Time)","5676.50","5680.00","5670.50","5671.50"
"Mon Apr 28 2025 13:35:00 GMT+0530 (India Standard Time)","5674.50","5683.50","5672.50","5673.00"
"Mon Apr 28 2025 13:40:00 GMT+0530 (India Standard Time)","5673.00","5675.00","5670.00","5675.00"
"Mon Apr 28 2025 13:45:00 GMT+0530 (India Standard Time)","5675.00","5690.00","5672.00","5688.00"
"Mon Apr 28 2025 13:50:00 GMT+0530 (India Standard Time)","5690.00","5690.00","5670.00","5671.00"
"Mon Apr 28 2025 13:55:00 GMT+0530 (India Standard Time)","5671.00","5674.50","5670.00","5674.00"
"Mon Apr 28 2025 14:00:00 GMT+0530 (India Standard Time)","5674.00","5680.00","5672.50","5676.50"
"Mon Apr 28 2025 14:05:00 GMT+0530 (India Standard Time)","5675.00","5678.00","5672.00","5674.00"
"Mon Apr 28 2025 14:10:00 GMT+0530 (India Standard Time)","5672.00","5676.50","5668.50","5676.50"
"Mon Apr 28 2025 14:15:00 GMT+0530 (India Standard Time)","5676.50","5677.00","5655.00","5659.50"
"Mon Apr 28 2025 14:20:00 GMT+0530 (India Standard Time)","5659.50","5678.00","5652.00","5661.50"
"Mon Apr 28 2025 14:25:00 GMT+0530 (India Standard Time)","5661.00","5662.00","5650.00","5652.00"
"Mon Apr 28 2025 14:30:00 GMT+0530 (India Standard Time)","5652.00","5670.00","5652.00","5668.00"
"Mon Apr 28 2025 14:35:00 GMT+0530 (India Standard Time)","5668.00","5669.50","5661.00","5665.50"
"Mon Apr 28 2025 14:40:00 GMT+0530 (India Standard Time)","5665.50","5684.00","5660.00","5672.50"
"Mon Apr 28 2025 14:45:00 GMT+0530 (India Standard Time)","5672.50","5680.50","5668.50","5676.00"
"Mon Apr 28 2025 14:50:00 GMT+0530 (India Standard Time)","5674.50","5700.00","5674.00","5695.50"
"Mon Apr 28 2025 14:55:00 GMT+0530 (India Standard Time)","5695.50","5708.00","5688.50","5701.00"
"Mon Apr 28 2025 15:00:00 GMT+0530 (India Standard Time)","5702.00","5705.00","5688.50","5695.00"
"Mon Apr 28 2025 15:05:00 GMT+0530 (India Standard Time)","5693.50","5693.50","5683.50","5687.50"
"Mon Apr 28 2025 15:10:00 GMT+0530 (India Standard Time)","5688.00","5690.00","5680.00","5685.00"
"Mon Apr 28 2025 15:15:00 GMT+0530 (India Standard Time)","5686.50","5690.00","5680.00","5688.50"
"Mon Apr 28 2025 15:20:00 GMT+0530 (India Standard Time)","5689.50","5692.50","5685.00","5690.50"
"Mon Apr 28 2025 15:25:00 GMT+0530 (India Standard Time)","5691.50","5698.00","5690.00","5697.00"
"Tue Apr 29 2025 09:15:00 GMT+0530 (India Standard Time)","5702.50","5762.50","5702.50","5759.00"
"Tue Apr 29 2025 09:20:00 GMT+0530 (India Standard Time)","5757.50","5810.00","5757.50","5803.00"
"Tue Apr 29 2025 09:25:00 GMT+0530 (India Standard Time)","5801.50","5817.00","5789.00","5811.50"
"Tue Apr 29 2025 09:30:00 GMT+0530 (India Standard Time)","5811.50","5815.00","5791.50","5797.00"
"Tue Apr 29 2025 09:35:00 GMT+0530 (India Standard Time)","5799.00","5805.00","5773.00","5777.50"
"Tue Apr 29 2025 09:40:00 GMT+0530 (India Standard Time)","5779.00","5784.50","5760.00","5767.00"
"Tue Apr 29 2025 09:45:00 GMT+0530 (India Standard Time)","5767.00","5780.50","5765.00","5777.00"
"Tue Apr 29 2025 09:50:00 GMT+0530 (India Standard Time)","5776.00","5776.50","5760.00","5769.00"
"Tue Apr 29 2025 09:55:00 GMT+0530 (India Standard Time)","5769.00","5786.50","5765.00","5778.00"
"Tue Apr 29 2025 10:00:00 GMT+0530 (India Standard Time)","5778.00","5778.00","5761.00","5767.00"
"Tue Apr 29 2025 10:05:00 GMT+0530 (India Standard Time)","5767.00","5767.50","5753.00","5763.50"
"Tue Apr 29 2025 10:10:00 GMT+0530 (India Standard Time)","5763.50","5764.50","5755.00","5755.00"
"Tue Apr 29 2025 10:15:00 GMT+0530 (India Standard Time)","5755.00","5769.00","5746.50","5753.50"
"Tue Apr 29 2025 10:20:00 GMT+0530 (India Standard Time)","5753.50","5759.50","5750.00","5755.00"
"Tue Apr 29 2025 10:25:00 GMT+0530 (India Standard Time)","5755.00","5766.50","5753.00","5755.00"
"Tue Apr 29 2025 10:30:00 GMT+0530 (India Standard Time)","5753.00","5759.00","5747.00","5747.50"
"Tue Apr 29 2025 10:35:00 GMT+0530 (India Standard Time)","5747.50","5757.50","5747.50","5753.00"
"Tue Apr 29 2025 10:40:00 GMT+0530 (India Standard Time)","5753.00","5760.00","5748.00","5754.50"
"Tue Apr 29 2025 10:45:00 GMT+0530 (India Standard Time)","5754.50","5765.00","5747.50","5761.50"
"Tue Apr 29 2025 10:50:00 GMT+0530 (India Standard Time)","5761.50","5764.00","5753.50","5754.00"
"Tue Apr 29 2025 10:55:00 GMT+0530 (India Standard Time)","5754.50","5761.00","5753.50","5757.50"
"Tue Apr 29 2025 11:00:00 GMT+0530 (India Standard Time)","5757.50","5765.00","5755.00","5756.00"
"Tue Apr 29 2025 11:05:00 GMT+0530 (India Standard Time)","5758.50","5778.50","5758.00","5770.50"
"Tue Apr 29 2025 11:10:00 GMT+0530 (India Standard Time)","5770.50","5773.50","5758.00","5763.00"
"Tue Apr 29 2025 11:15:00 GMT+0530 (India Standard Time)","5763.00","5763.00","5756.00","5758.00"
"Tue Apr 29 2025 11:20:00 GMT+0530 (India Standard Time)","5758.00","5763.00","5754.50","5757.50"
"Tue Apr 29 2025 11:25:00 GMT+0530 (India Standard Time)","5757.50","5760.50","5751.00","5755.50"
"Tue Apr 29 2025 11:30:00 GMT+0530 (India Standard Time)","5755.50","5759.00","5753.00","5757.00"
"Tue Apr 29 2025 11:35:00 GMT+0530 (India Standard Time)","5757.00","5757.00","5749.00","5749.00"
"Tue Apr 29 2025 11:40:00 GMT+0530 (India Standard Time)","5749.00","5752.00","5744.00","5747.50"
"Tue Apr 29 2025 11:45:00 GMT+0530 (India Standard Time)","5747.50","5747.50","5738.00","5745.00"
"Tue Apr 29 2025 11:50:00 GMT+0530 (India Standard Time)","5745.00","5745.00","5732.00","5735.00"
"Tue Apr 29 2025 11:55:00 GMT+0530 (India Standard Time)","5735.00","5739.50","5731.00","5739.50"
"Tue Apr 29 2025 12:00:00 GMT+0530 (India Standard Time)","5739.50","5745.00","5735.00","5744.00"
"Tue Apr 29 2025 12:05:00 GMT+0530 (India Standard Time)","5744.00","5748.00","5744.00","5744.00"
"Tue Apr 29 2025 12:10:00 GMT+0530 (India Standard Time)","5744.00","5748.00","5744.00","5747.50"
"Tue Apr 29 2025 12:15:00 GMT+0530 (India Standard Time)","5747.50","5753.00","5740.50","5750.00"
"Tue Apr 29 2025 12:20:00 GMT+0530 (India Standard Time)","5750.00","5750.00","5740.00","5741.00"
"Tue Apr 29 2025 12:25:00 GMT+0530 (India Standard Time)","5741.00","5746.00","5735.50","5737.00"
"Tue Apr 29 2025 12:30:00 GMT+0530 (India Standard Time)","5737.00","5745.00","5737.00","5740.00"
"Tue Apr 29 2025 12:35:00 GMT+0530 (India Standard Time)","5740.00","5765.00","5737.00","5759.00"
"Tue Apr 29 2025 12:40:00 GMT+0530 (India Standard Time)","5759.00","5759.00","5746.50","5748.00"
"Tue Apr 29 2025 12:45:00 GMT+0530 (India Standard Time)","5748.00","5751.50","5743.00","5745.50"
"Tue Apr 29 2025 12:50:00 GMT+0530 (India Standard Time)","5749.00","5754.00","5746.00","5750.00"
"Tue Apr 29 2025 12:55:00 GMT+0530 (India Standard Time)","5750.00","5751.50","5745.50","5746.00"
"Tue Apr 29 2025 13:00:00 GMT+0530 (India Standard Time)","5748.50","5753.50","5745.50","5752.00"
"Tue Apr 29 2025 13:05:00 GMT+0530 (India Standard Time)","5752.00","5754.00","5745.50","5749.00"
"Tue Apr 29 2025 13:10:00 GMT+0530 (India Standard Time)","5749.00","5793.00","5744.50","5784.00"
"Tue Apr 29 2025 13:15:00 GMT+0530 (India Standard Time)","5784.00","5787.50","5760.00","5765.00"
"Tue Apr 29 2025 13:20:00 GMT+0530 (India Standard Time)","5765.00","5770.00","5760.00","5770.00"
"Tue Apr 29 2025 13:25:00 GMT+0530 (India Standard Time)","5771.50","5776.50","5767.00","5774.50"
"Tue Apr 29 2025 13:30:00 GMT+0530 (India Standard Time)","5774.50","5784.00","5768.50","5776.00"
"Tue Apr 29 2025 13:35:00 GMT+0530 (India Standard Time)","5776.00","5778.00","5772.00","5778.00"
"Tue Apr 29 2025 13:40:00 GMT+0530 (India Standard Time)","5778.00","5783.50","5774.50","5779.50"
"Tue Apr 29 2025 13:45:00 GMT+0530 (India Standard Time)","5775.00","5789.00","5774.50","5783.50"
"Tue Apr 29 2025 13:50:00 GMT+0530 (India Standard Time)","5782.50","5786.50","5775.00","5775.50"
"Tue Apr 29 2025 13:55:00 GMT+0530 (India Standard Time)","5775.50","5778.00","5766.00","5772.50"
"Tue Apr 29 2025 14:00:00 GMT+0530 (India Standard Time)","5772.50","5784.00","5772.50","5779.50"
"Tue Apr 29 2025 14:05:00 GMT+0530 (India Standard Time)","5779.50","5795.00","5778.00","5787.00"
"Tue Apr 29 2025 14:10:00 GMT+0530 (India Standard Time)","5787.00","5787.00","5780.00","5780.00"
"Tue Apr 29 2025 14:15:00 GMT+0530 (India Standard Time)","5780.00","5782.00","5775.50","5777.50"
"Tue Apr 29 2025 14:20:00 GMT+0530 (India Standard Time)","5780.00","5780.50","5771.50","5771.50"
"Tue Apr 29 2025 14:25:00 GMT+0530 (India Standard Time)","5771.50","5773.50","5763.00","5764.50"
"Tue Apr 29 2025 14:30:00 GMT+0530 (India Standard Time)","5767.50","5767.50","5752.00","5752.00"
"Tue Apr 29 2025 14:35:00 GMT+0530 (India Standard Time)","5752.00","5761.50","5750.50","5753.50"
"Tue Apr 29 2025 14:40:00 GMT+0530 (India Standard Time)","5756.00","5768.50","5756.00","5765.00"
"Tue Apr 29 2025 14:45:00 GMT+0530 (India Standard Time)","5765.00","5765.00","5754.50","5758.00"
"Tue Apr 29 2025 14:50:00 GMT+0530 (India Standard Time)","5758.00","5774.50","5758.00","5768.00"
"Tue Apr 29 2025 14:55:00 GMT+0530 (India Standard Time)","5768.00","5775.50","5768.00","5773.00"
"Tue Apr 29 2025 15:00:00 GMT+0530 (India Standard Time)","5773.00","5773.00","5765.00","5768.00"
"Tue Apr 29 2025 15:05:00 GMT+0530 (India Standard Time)","5768.00","5768.00","5756.50","5763.00"
"Tue Apr 29 2025 15:10:00 GMT+0530 (India Standard Time)","5767.00","5770.00","5758.00","5762.50"
"Tue Apr 29 2025 15:15:00 GMT+0530 (India Standard Time)","5762.50","5765.00","5755.00","5763.00"
"Tue Apr 29 2025 15:20:00 GMT+0530 (India Standard Time)","5763.00","5767.00","5760.00","5761.00"
"Tue Apr 29 2025 15:25:00 GMT+0530 (India Standard Time)","5762.00","5780.00","5760.00","5765.00"
"Wed Apr 30 2025 09:15:00 GMT+0530 (India Standard Time)","5765.00","5777.50","5655.00","5702.50"
"Wed Apr 30 2025 09:20:00 GMT+0530 (India Standard Time)","5702.50","5749.00","5700.00","5712.50"
"Wed Apr 30 2025 09:25:00 GMT+0530 (India Standard Time)","5712.50","5712.50","5685.00","5701.50"
"Wed Apr 30 2025 09:30:00 GMT+0530 (India Standard Time)","5701.50","5738.50","5696.00","5730.00"
"Wed Apr 30 2025 09:35:00 GMT+0530 (India Standard Time)","5730.00","5733.50","5713.00","5731.50"
"Wed Apr 30 2025 09:40:00 GMT+0530 (India Standard Time)","5730.00","5730.00","5713.00","5727.50"
"Wed Apr 30 2025 09:45:00 GMT+0530 (India Standard Time)","5727.50","5743.50","5714.50","5743.50"
"Wed Apr 30 2025 09:50:00 GMT+0530 (India Standard Time)","5743.50","5748.50","5728.50","5728.50"
"Wed Apr 30 2025 09:55:00 GMT+0530 (India Standard Time)","5728.50","5731.50","5718.50","5720.00"
"Wed Apr 30 2025 10:00:00 GMT+0530 (India Standard Time)","5720.00","5750.00","5720.00","5738.50"
"Wed Apr 30 2025 10:05:00 GMT+0530 (India Standard Time)","5738.50","5745.00","5733.00","5742.50"
"Wed Apr 30 2025 10:10:00 GMT+0530 (India Standard Time)","5742.50","5746.00","5731.00","5738.50"
"Wed Apr 30 2025 10:15:00 GMT+0530 (India Standard Time)","5738.50","5755.00","5738.50","5755.00"
"Wed Apr 30 2025 10:20:00 GMT+0530 (India Standard Time)","5755.00","5756.50","5746.00","5756.00"
"Wed Apr 30 2025 10:25:00 GMT+0530 (India Standard Time)","5756.00","5760.00","5738.00","5738.00"
"Wed Apr 30 2025 10:30:00 GMT+0530 (India Standard Time)","5740.50","5754.00","5733.50","5743.50"
"Wed Apr 30 2025 10:35:00 GMT+0530 (India Standard Time)","5742.00","5747.00","5731.50","5746.00"
"Wed Apr 30 2025 10:40:00 GMT+0530 (India Standard Time)","5745.00","5755.00","5741.50","5748.00"
"Wed Apr 30 2025 10:45:00 GMT+0530 (India Standard Time)","5748.00","5755.00","5740.50","5750.50"
"Wed Apr 30 2025 10:50:00 GMT+0530 (India Standard Time)","5750.50","5754.00","5743.00","5743.00"
"Wed Apr 30 2025 10:55:00 GMT+0530 (India Standard Time)","5743.00","5770.50","5742.50","5767.00"
"Wed Apr 30 2025 11:00:00 GMT+0530 (India Standard Time)","5765.50","5787.00","5760.50","5784.00"
"Wed Apr 30 2025 11:05:00 GMT+0530 (India Standard Time)","5781.00","5784.00","5770.00","5774.00"
"Wed Apr 30 2025 11:10:00 GMT+0530 (India Standard Time)","5774.00","5786.00","5768.50","5778.00"
"Wed Apr 30 2025 11:15:00 GMT+0530 (India Standard Time)","5775.00","5782.50","5770.50","5779.00"
"Wed Apr 30 2025 11:20:00 GMT+0530 (India Standard Time)","5779.00","5782.50","5771.50","5777.00"
"Wed Apr 30 2025 11:25:00 GMT+0530 (India Standard Time)","5777.00","5782.00","5770.50","5776.50"
"Wed Apr 30 2025 11:30:00 GMT+0530 (India Standard Time)","5775.50","5779.00","5762.00","5768.00"
"Wed Apr 30 2025 11:35:00 GMT+0530 (India Standard Time)","5768.50","5780.00","5762.50","5773.00"
"Wed Apr 30 2025 11:40:00 GMT+0530 (India Standard Time)","5773.00","5778.50","5762.50","5762.50"
"Wed Apr 30 2025 11:45:00 GMT+0530 (India Standard Time)","5762.50","5780.50","5756.00","5772.00"
"Wed Apr 30 2025 11:50:00 GMT+0530 (India Standard Time)","5772.00","5782.00","5770.50","5777.50"
"Wed Apr 30 2025 11:55:00 GMT+0530 (India Standard Time)","5777.50","5785.00","5773.50","5780.00"
"Wed Apr 30 2025 12:00:00 GMT+0530 (India Standard Time)","5780.00","5800.00","5780.00","5793.50"
"Wed Apr 30 2025 12:05:00 GMT+0530 (India Standard Time)","5793.00","5793.50","5782.00","5782.50"
"Wed Apr 30 2025 12:10:00 GMT+0530 (India Standard Time)","5782.50","5789.00","5782.00","5783.00"
"Wed Apr 30 2025 12:15:00 GMT+0530 (India Standard Time)","5783.00","5786.50","5776.50","5777.00"
"Wed Apr 30 2025 12:20:00 GMT+0530 (India Standard Time)","5776.50","5783.00","5775.50","5776.00"
"Wed Apr 30 2025 12:25:00 GMT+0530 (India Standard Time)","5776.00","5785.00","5743.00","5758.00"
"Wed Apr 30 2025 12:30:00 GMT+0530 (India Standard Time)","5760.00","5768.00","5752.50","5766.00"
"Wed Apr 30 2025 12:35:00 GMT+0530 (India Standard Time)","5766.00","5770.00","5755.50","5766.50"
"Wed Apr 30 2025 12:40:00 GMT+0530 (India Standard Time)","5766.50","5770.00","5755.50","5762.50"
"Wed Apr 30 2025 12:45:00 GMT+0530 (India Standard Time)","5762.50","5771.00","5761.00","5771.00"
"Wed Apr 30 2025 12:50:00 GMT+0530 (India Standard Time)","5771.00","5777.00","5769.50","5775.00"
"Wed Apr 30 2025 12:55:00 GMT+0530 (India Standard Time)","5775.00","5781.00","5772.00","5776.00"
"Wed Apr 30 2025 13:00:00 GMT+0530 (India Standard Time)","5776.00","5779.00","5766.00","5775.00"
"Wed Apr 30 2025 13:05:00 GMT+0530 (India Standard Time)","5775.00","5775.50","5765.00","5770.50"
"Wed Apr 30 2025 13:10:00 GMT+0530 (India Standard Time)","5770.50","5780.00","5769.50","5778.50"
"Wed Apr 30 2025 13:15:00 GMT+0530 (India Standard Time)","5778.50","5779.00","5767.00","5769.50"
"Wed Apr 30 2025 13:20:00 GMT+0530 (India Standard Time)","5769.50","5772.00","5766.00","5766.50"
"Wed Apr 30 2025 13:25:00 GMT+0530 (India Standard Time)","5766.50","5781.00","5766.50","5779.50"
"Wed Apr 30 2025 13:30:00 GMT+0530 (India Standard Time)","5779.50","5794.50","5779.50","5790.00"
"Wed Apr 30 2025 13:35:00 GMT+0530 (India Standard Time)","5792.00","5795.00","5782.50","5791.50"
"Wed Apr 30 2025 13:40:00 GMT+0530 (India Standard Time)","5791.50","5794.00","5785.00","5789.00"
"Wed Apr 30 2025 13:45:00 GMT+0530 (India Standard Time)","5788.50","5793.50","5780.50","5780.50"
"Wed Apr 30 2025 13:50:00 GMT+0530 (India Standard Time)","5780.50","5786.00","5776.00","5777.50"
"Wed Apr 30 2025 13:55:00 GMT+0530 (India Standard Time)","5777.50","5780.00","5772.50","5776.50"
"Wed Apr 30 2025 14:00:00 GMT+0530 (India Standard Time)","5776.50","5782.50","5775.00","5780.50"
"Wed Apr 30 2025 14:05:00 GMT+0530 (India Standard Time)","5778.50","5780.50","5775.00","5775.00"
"Wed Apr 30 2025 14:10:00 GMT+0530 (India Standard Time)","5775.00","5775.00","5770.00","5771.00"
"Wed Apr 30 2025 14:15:00 GMT+0530 (India Standard Time)","5772.50","5774.00","5767.00","5767.00"
"Wed Apr 30 2025 14:20:00 GMT+0530 (India Standard Time)","5768.00","5772.50","5757.50","5757.50"
"Wed Apr 30 2025 14:25:00 GMT+0530 (India Standard Time)","5757.50","5763.50","5754.00","5758.50"
"Wed Apr 30 2025 14:30:00 GMT+0530 (India Standard Time)","5758.50","5766.50","5751.00","5752.00"
"Wed Apr 30 2025 14:35:00 GMT+0530 (India Standard Time)","5755.50","5768.00","5752.00","5763.50"
"Wed Apr 30 2025 14:40:00 GMT+0530 (India Standard Time)","5763.50","5770.00","5757.50","5761.00"
"Wed Apr 30 2025 14:45:00 GMT+0530 (India Standard Time)","5761.00","5769.00","5761.00","5764.00"
"Wed Apr 30 2025 14:50:00 GMT+0530 (India Standard Time)","5767.50","5775.00","5767.00","5772.50"
"Wed Apr 30 2025 14:55:00 GMT+0530 (India Standard Time)","5771.00","5772.00","5764.00","5768.00"
"Wed Apr 30 2025 15:00:00 GMT+0530 (India Standard Time)","5768.50","5795.00","5768.50","5776.00"
"Wed Apr 30 2025 15:05:00 GMT+0530 (India Standard Time)","5777.50","5787.00","5772.00","5775.00"
"Wed Apr 30 2025 15:10:00 GMT+0530 (India Standard Time)","5775.00","5780.00","5771.00","5773.00"
"Wed Apr 30 2025 15:15:00 GMT+0530 (India Standard Time)","5773.00","5777.50","5770.00","5773.50"
"Wed Apr 30 2025 15:20:00 GMT+0530 (India Standard Time)","5774.00","5774.00","5746.00","5748.00"
"Wed Apr 30 2025 15:25:00 GMT+0530 (India Standard Time)","5749.50","5749.50","5725.50","5740.00"
"Fri May 02 2025 09:15:00 GMT+0530 (India Standard Time)","5750.00","5849.50","5727.50","5812.00"
"Fri May 02 2025 09:20:00 GMT+0530 (India Standard Time)","5810.00","5843.00","5784.00","5840.00"
"Fri May 02 2025 09:25:00 GMT+0530 (India Standard Time)","5840.00","5864.00","5828.50","5840.00"
"Fri May 02 2025 09:30:00 GMT+0530 (India Standard Time)","5841.50","5855.00","5834.00","5848.50"
"Fri May 02 2025 09:35:00 GMT+0530 (India Standard Time)","5848.50","5860.00","5844.00","5860.00"
"Fri May 02 2025 09:40:00 GMT+0530 (India Standard Time)","5860.00","5874.00","5845.00","5855.00"
"Fri May 02 2025 09:45:00 GMT+0530 (India Standard Time)","5855.00","5862.50","5847.50","5860.00"
"Fri May 02 2025 09:50:00 GMT+0530 (India Standard Time)","5862.50","5873.50","5852.50","5867.00"
"Fri May 02 2025 09:55:00 GMT+0530 (India Standard Time)","5866.50","5869.50","5852.00","5856.00"
"Fri May 02 2025 10:00:00 GMT+0530 (India Standard Time)","5856.50","5879.00","5854.50","5857.00"
"Fri May 02 2025 10:05:00 GMT+0530 (India Standard Time)","5857.00","5865.00","5847.00","5862.00"
"Fri May 02 2025 10:10:00 GMT+0530 (India Standard Time)","5864.00","5865.50","5853.50","5857.00"
"Fri May 02 2025 10:15:00 GMT+0530 (India Standard Time)","5857.00","5859.00","5850.00","5851.00"
"Fri May 02 2025 10:20:00 GMT+0530 (India Standard Time)","5851.00","5864.00","5844.00","5859.00"
"Fri May 02 2025 10:25:00 GMT+0530 (India Standard Time)","5860.50","5860.50","5837.00","5837.00"
"Fri May 02 2025 10:30:00 GMT+0530 (India Standard Time)","5840.00","5852.50","5830.50","5845.50"
"Fri May 02 2025 10:35:00 GMT+0530 (India Standard Time)","5845.50","5858.00","5838.50","5856.00"
"Fri May 02 2025 10:40:00 GMT+0530 (India Standard Time)","5856.00","5859.50","5850.50","5854.00"
"Fri May 02 2025 10:45:00 GMT+0530 (India Standard Time)","5854.00","5858.00","5849.00","5849.00"
"Fri May 02 2025 10:50:00 GMT+0530 (India Standard Time)","5849.00","5855.50","5831.00","5831.00"
"Fri May 02 2025 10:55:00 GMT+0530 (India Standard Time)","5833.00","5845.00","5830.50","5839.00"
"Fri May 02 2025 11:00:00 GMT+0530 (India Standard Time)","5839.00","5844.50","5835.00","5838.00"
"Fri May 02 2025 11:05:00 GMT+0530 (India Standard Time)","5838.00","5849.50","5837.00","5842.00"
"Fri May 02 2025 11:10:00 GMT+0530 (India Standard Time)","5844.00","5847.50","5839.00","5843.50"
"Fri May 02 2025 11:15:00 GMT+0530 (India Standard Time)","5843.50","5844.50","5830.00","5830.00"
"Fri May 02 2025 11:20:00 GMT+0530 (India Standard Time)","5830.50","5835.50","5812.00","5820.00"
"Fri May 02 2025 11:25:00 GMT+0530 (India Standard Time)","5820.00","5825.00","5816.00","5824.00"
"Fri May 02 2025 11:30:00 GMT+0530 (India Standard Time)","5823.50","5824.50","5798.50","5801.50"
"Fri May 02 2025 11:35:00 GMT+0530 (India Standard Time)","5803.00","5815.50","5801.00","5815.50"
"Fri May 02 2025 11:40:00 GMT+0530 (India Standard Time)","5815.50","5816.00","5800.00","5804.00"
"Fri May 02 2025 11:45:00 GMT+0530 (India Standard Time)","5804.00","5809.00","5795.00","5801.50"
"Fri May 02 2025 11:50:00 GMT+0530 (India Standard Time)","5801.50","5804.50","5796.00","5803.50"
"Fri May 02 2025 11:55:00 GMT+0530 (India Standard Time)","5803.50","5810.50","5800.00","5809.50"
"Fri May 02 2025 12:00:00 GMT+0530 (India Standard Time)","5809.50","5809.50","5795.00","5797.50"
"Fri May 02 2025 12:05:00 GMT+0530 (India Standard Time)","5797.50","5797.50","5782.00","5789.50"
"Fri May 02 2025 12:10:00 GMT+0530 (India Standard Time)","5789.50","5793.00","5781.50","5785.00"
"Fri May 02 2025 12:15:00 GMT+0530 (India Standard Time)","5784.50","5785.00","5770.00","5771.50"
"Fri May 02 2025 12:20:00 GMT+0530 (India Standard Time)","5771.50","5784.50","5771.50","5782.00"
"Fri May 02 2025 12:25:00 GMT+0530 (India Standard Time)","5782.00","5787.50","5760.50","5785.00"
"Fri May 02 2025 12:30:00 GMT+0530 (India Standard Time)","5785.00","5799.00","5780.00","5785.00"
"Fri May 02 2025 12:35:00 GMT+0530 (India Standard Time)","5785.50","5800.00","5784.50","5797.00"
"Fri May 02 2025 12:40:00 GMT+0530 (India Standard Time)","5797.00","5803.00","5778.00","5803.00"
"Fri May 02 2025 12:45:00 GMT+0530 (India Standard Time)","5803.00","5830.00","5803.00","5814.00"
"Fri May 02 2025 12:50:00 GMT+0530 (India Standard Time)","5817.00","5827.00","5812.50","5816.00"
"Fri May 02 2025 12:55:00 GMT+0530 (India Standard Time)","5816.00","5820.00","5810.00","5811.00"
"Fri May 02 2025 13:00:00 GMT+0530 (India Standard Time)","5813.00","5825.00","5807.50","5813.00"
"Fri May 02 2025 13:05:00 GMT+0530 (India Standard Time)","5813.00","5829.50","5813.00","5820.00"
"Fri May 02 2025 13:10:00 GMT+0530 (India Standard Time)","5820.00","5823.50","5813.00","5814.00"
"Fri May 02 2025 13:15:00 GMT+0530 (India Standard Time)","5813.50","5846.00","5813.50","5839.50"
"Fri May 02 2025 13:20:00 GMT+0530 (India Standard Time)","5839.50","5844.00","5832.00","5838.00"
"Fri May 02 2025 13:25:00 GMT+0530 (India Standard Time)","5838.00","5843.00","5835.50","5839.50"
"Fri May 02 2025 13:30:00 GMT+0530 (India Standard Time)","5842.00","5847.50","5837.50","5845.50"
"Fri May 02 2025 13:35:00 GMT+0530 (India Standard Time)","5845.50","5854.50","5840.50","5852.50"
"Fri May 02 2025 13:40:00 GMT+0530 (India Standard Time)","5852.50","5852.50","5835.00","5841.50"
"Fri May 02 2025 13:45:00 GMT+0530 (India Standard Time)","5841.50","5850.50","5840.00","5840.00"
"Fri May 02 2025 13:50:00 GMT+0530 (India Standard Time)","5841.50","5850.00","5837.00","5844.00"
"Fri May 02 2025 13:55:00 GMT+0530 (India Standard Time)","5844.00","5855.00","5841.50","5845.00"
"Fri May 02 2025 14:00:00 GMT+0530 (India Standard Time)","5845.00","5851.00","5835.50","5850.00"
"Fri May 02 2025 14:05:00 GMT+0530 (India Standard Time)","5850.00","5853.00","5845.00","5851.50"
"Fri May 02 2025 14:10:00 GMT+0530 (India Standard Time)","5851.50","5851.50","5832.50","5842.50"
"Fri May 02 2025 14:15:00 GMT+0530 (India Standard Time)","5839.50","5844.50","5832.00","5839.50"
"Fri May 02 2025 14:20:00 GMT+0530 (India Standard Time)","5833.50","5841.00","5827.50","5829.50"
"Fri May 02 2025 14:25:00 GMT+0530 (India Standard Time)","5829.50","5830.50","5821.00","5824.50"
"Fri May 02 2025 14:30:00 GMT+0530 (India Standard Time)","5824.50","5826.00","5818.00","5819.00"
"Fri May 02 2025 14:35:00 GMT+0530 (India Standard Time)","5820.00","5829.50","5814.00","5829.50"
"Fri May 02 2025 14:40:00 GMT+0530 (India Standard Time)","5829.50","5836.50","5824.50","5830.00"
"Fri May 02 2025 14:45:00 GMT+0530 (India Standard Time)","5827.00","5843.00","5827.00","5840.50"
"Fri May 02 2025 14:50:00 GMT+0530 (India Standard Time)","5840.50","5845.00","5837.00","5838.00"
"Fri May 02 2025 14:55:00 GMT+0530 (India Standard Time)","5839.50","5844.50","5836.00","5839.00"
"Fri May 02 2025 15:00:00 GMT+0530 (India Standard Time)","5841.50","5844.00","5827.50","5831.50"
"Fri May 02 2025 15:05:00 GMT+0530 (India Standard Time)","5830.50","5833.00","5824.00","5828.50"
"Fri May 02 2025 15:10:00 GMT+0530 (India Standard Time)","5828.50","5834.50","5824.50","5826.00"
"Fri May 02 2025 15:15:00 GMT+0530 (India Standard Time)","5829.00","5829.00","5815.00","5818.00"
"Fri May 02 2025 15:20:00 GMT+0530 (India Standard Time)","5818.00","5822.00","5810.00","5815.00"
"Fri May 02 2025 15:25:00 GMT+0530 (India Standard Time)","5812.00","5820.00","5800.00","5800.00"
"Mon May 05 2025 09:15:00 GMT+0530 (India Standard Time)","5845.00","5857.00","5817.50","5842.50"
"Mon May 05 2025 09:20:00 GMT+0530 (India Standard Time)","5837.50","5849.50","5820.00","5840.00"
"Mon May 05 2025 09:25:00 GMT+0530 (India Standard Time)","5840.00","5840.00","5802.50","5813.00"
"Mon May 05 2025 09:30:00 GMT+0530 (India Standard Time)","5810.00","5816.00","5790.50","5801.50"
"Mon May 05 2025 09:35:00 GMT+0530 (India Standard Time)","5801.50","5824.00","5801.50","5808.50"
"Mon May 05 2025 09:40:00 GMT+0530 (India Standard Time)","5812.00","5817.50","5808.50","5811.00"
"Mon May 05 2025 09:45:00 GMT+0530 (India Standard Time)","5810.00","5839.00","5810.00","5838.00"
"Mon May 05 2025 09:50:00 GMT+0530 (India Standard Time)","5836.50","5841.00","5822.00","5833.50"
"Mon May 05 2025 09:55:00 GMT+0530 (India Standard Time)","5833.50","5835.50","5826.50","5830.00"
"Mon May 05 2025 10:00:00 GMT+0530 (India Standard Time)","5830.00","5836.50","5805.00","5808.50"
"Mon May 05 2025 10:05:00 GMT+0530 (India Standard Time)","5811.50","5812.00","5791.00","5801.00"
"Mon May 05 2025 10:10:00 GMT+0530 (India Standard Time)","5801.00","5807.50","5796.00","5805.50"
"Mon May 05 2025 10:15:00 GMT+0530 (India Standard Time)","5805.50","5812.50","5801.50","5803.50"
"Mon May 05 2025 10:20:00 GMT+0530 (India Standard Time)","5803.50","5809.00","5797.00","5805.50"
"Mon May 05 2025 10:25:00 GMT+0530 (India Standard Time)","5803.00","5831.50","5803.00","5822.50"
"Mon May 05 2025 10:30:00 GMT+0530 (India Standard Time)","5822.50","5824.50","5812.50","5815.50"
"Mon May 05 2025 10:35:00 GMT+0530 (India Standard Time)","5815.50","5821.50","5815.50","5815.50"
"Mon May 05 2025 10:40:00 GMT+0530 (India Standard Time)","5815.50","5819.00","5809.00","5815.50"
"Mon May 05 2025 10:45:00 GMT+0530 (India Standard Time)","5815.50","5831.50","5815.00","5826.50"
"Mon May 05 2025 10:50:00 GMT+0530 (India Standard Time)","5826.50","5829.50","5815.00","5820.50"
"Mon May 05 2025 10:55:00 GMT+0530 (India Standard Time)","5820.50","5820.50","5809.00","5813.00"
"Mon May 05 2025 11:00:00 GMT+0530 (India Standard Time)","5813.00","5813.00","5804.00","5806.50"
"Mon May 05 2025 11:05:00 GMT+0530 (India Standard Time)","5806.50","5813.00","5805.50","5813.00"
"Mon May 05 2025 11:10:00 GMT+0530 (India Standard Time)","5813.00","5815.00","5807.00","5810.00"
"Mon May 05 2025 11:15:00 GMT+0530 (India Standard Time)","5810.00","5819.00","5809.50","5811.00"
"Mon May 05 2025 11:20:00 GMT+0530 (India Standard Time)","5811.00","5829.00","5811.00","5826.00"
"Mon May 05 2025 11:25:00 GMT+0530 (India Standard Time)","5826.00","5829.50","5821.00","5821.00"
"Mon May 05 2025 11:30:00 GMT+0530 (India Standard Time)","5821.00","5824.50","5815.00","5815.00"
"Mon May 05 2025 11:35:00 GMT+0530 (India Standard Time)","5815.00","5815.00","5800.50","5804.50"
"Mon May 05 2025 11:40:00 GMT+0530 (India Standard Time)","5802.50","5807.00","5800.50","5806.50"
"Mon May 05 2025 11:45:00 GMT+0530 (India Standard Time)","5806.50","5808.50","5797.00","5803.50"
"Mon May 05 2025 11:50:00 GMT+0530 (India Standard Time)","5803.50","5809.50","5800.00","5801.50"
"Mon May 05 2025 11:55:00 GMT+0530 (India Standard Time)","5801.50","5812.00","5800.50","5812.00"
"Mon May 05 2025 12:00:00 GMT+0530 (India Standard Time)","5812.00","5818.00","5809.50","5814.00"
"Mon May 05 2025 12:05:00 GMT+0530 (India Standard Time)","5814.00","5817.50","5810.00","5811.50"
"Mon May 05 2025 12:10:00 GMT+0530 (India Standard Time)","5811.50","5817.50","5809.00","5809.00"
"Mon May 05 2025 12:15:00 GMT+0530 (India Standard Time)","5809.00","5811.00","5805.00","5811.00"
"Mon May 05 2025 12:20:00 GMT+0530 (India Standard Time)","5811.00","5815.00","5810.00","5814.00"
"Mon May 05 2025 12:25:00 GMT+0530 (India Standard Time)","5813.50","5814.00","5806.00","5813.50"
"Mon May 05 2025 12:30:00 GMT+0530 (India Standard Time)","5814.00","5815.50","5807.00","5815.00"
"Mon May 05 2025 12:35:00 GMT+0530 (India Standard Time)","5815.00","5816.00","5810.00","5811.00"
"Mon May 05 2025 12:40:00 GMT+0530 (India Standard Time)","5811.00","5811.00","5803.50","5805.00"
"Mon May 05 2025 12:45:00 GMT+0530 (India Standard Time)","5805.00","5807.50","5794.50","5799.00"
"Mon May 05 2025 12:50:00 GMT+0530 (India Standard Time)","5799.00","5808.00","5799.00","5803.50"
"Mon May 05 2025 12:55:00 GMT+0530 (India Standard Time)","5803.50","5808.50","5803.50","5806.50"
"Mon May 05 2025 13:00:00 GMT+0530 (India Standard Time)","5806.50","5811.00","5806.00","5809.50"
"Mon May 05 2025 13:05:00 GMT+0530 (India Standard Time)","5809.50","5809.50","5803.50","5808.50"
"Mon May 05 2025 13:10:00 GMT+0530 (India Standard Time)","5806.50","5808.50","5802.00","5802.00"
"Mon May 05 2025 13:15:00 GMT+0530 (India Standard Time)","5804.50","5806.50","5796.00","5799.00"
"Mon May 05 2025 13:20:00 GMT+0530 (India Standard Time)","5799.00","5806.50","5794.50","5803.00"
"Mon May 05 2025 13:25:00 GMT+0530 (India Standard Time)","5803.00","5803.50","5791.50","5795.50"
"Mon May 05 2025 13:30:00 GMT+0530 (India Standard Time)","5797.00","5803.00","5795.50","5800.00"
"Mon May 05 2025 13:35:00 GMT+0530 (India Standard Time)","5800.00","5800.00","5785.00","5791.50"
"Mon May 05 2025 13:40:00 GMT+0530 (India Standard Time)","5791.50","5804.00","5789.00","5804.00"
"Mon May 05 2025 13:45:00 GMT+0530 (India Standard Time)","5804.00","5808.00","5800.00","5804.00"
"Mon May 05 2025 13:50:00 GMT+0530 (India Standard Time)","5804.00","5810.00","5803.50","5809.00"
"Mon May 05 2025 13:55:00 GMT+0530 (India Standard Time)","5809.00","5813.00","5803.50","5803.50"
"Mon May 05 2025 14:00:00 GMT+0530 (India Standard Time)","5806.00","5811.00","5801.50","5805.50"
"Mon May 05 2025 14:05:00 GMT+0530 (India Standard Time)","5802.50","5815.00","5802.00","5813.50"
"Mon May 05 2025 14:10:00 GMT+0530 (India Standard Time)","5810.00","5814.50","5807.00","5808.00"
"Mon May 05 2025 14:15:00 GMT+0530 (India Standard Time)","5808.00","5818.00","5808.00","5818.00"
"Mon May 05 2025 14:20:00 GMT+0530 (India Standard Time)","5814.00","5824.00","5809.50","5821.50"
"Mon May 05 2025 14:25:00 GMT+0530 (India Standard Time)","5821.50","5823.00","5817.50","5822.00"
"Mon May 05 2025 14:30:00 GMT+0530 (India Standard Time)","5822.00","5828.00","5818.00","5825.00"
"Mon May 05 2025 14:35:00 GMT+0530 (India Standard Time)","5825.00","5827.50","5814.00","5814.00"
"Mon May 05 2025 14:40:00 GMT+0530 (India Standard Time)","5814.00","5820.00","5810.50","5818.50"
"Mon May 05 2025 14:45:00 GMT+0530 (India Standard Time)","5818.50","5820.00","5812.00","5812.00"
"Mon May 05 2025 14:50:00 GMT+0530 (India Standard Time)","5817.00","5824.00","5813.50","5816.50"
"Mon May 05 2025 14:55:00 GMT+0530 (India Standard Time)","5816.50","5822.50","5815.50","5819.50"
"Mon May 05 2025 15:00:00 GMT+0530 (India Standard Time)","5819.50","5820.50","5811.00","5814.50"
"Mon May 05 2025 15:05:00 GMT+0530 (India Standard Time)","5813.00","5818.00","5811.00","5817.50"
"Mon May 05 2025 15:10:00 GMT+0530 (India Standard Time)","5818.00","5818.50","5812.00","5814.50"
"Mon May 05 2025 15:15:00 GMT+0530 (India Standard Time)","5814.00","5818.00","5811.00","5816.50"
"Mon May 05 2025 15:20:00 GMT+0530 (India Standard Time)","5818.00","5823.50","5812.00","5819.50"
"Mon May 05 2025 15:25:00 GMT+0530 (India Standard Time)","5819.50","5825.00","5808.00","5808.00"
"Tue May 06 2025 09:15:00 GMT+0530 (India Standard Time)","5830.00","5857.50","5811.00","5811.00"
"Tue May 06 2025 09:20:00 GMT+0530 (India Standard Time)","5811.50","5811.50","5776.50","5782.50"
"Tue May 06 2025 09:25:00 GMT+0530 (India Standard Time)","5782.50","5792.00","5765.50","5782.00"
"Tue May 06 2025 09:30:00 GMT+0530 (India Standard Time)","5782.00","5798.50","5770.00","5793.00"
"Tue May 06 2025 09:35:00 GMT+0530 (India Standard Time)","5789.00","5791.50","5779.00","5784.00"
"Tue May 06 2025 09:40:00 GMT+0530 (India Standard Time)","5782.50","5787.00","5775.50","5780.00"
"Tue May 06 2025 09:45:00 GMT+0530 (India Standard Time)","5780.00","5782.00","5772.00","5773.00"
"Tue May 06 2025 09:50:00 GMT+0530 (India Standard Time)","5773.00","5774.50","5730.00","5730.00"
"Tue May 06 2025 09:55:00 GMT+0530 (India Standard Time)","5730.00","5739.50","5725.00","5735.50"
"Tue May 06 2025 10:00:00 GMT+0530 (India Standard Time)","5735.50","5760.00","5734.00","5750.50"
"Tue May 06 2025 10:05:00 GMT+0530 (India Standard Time)","5750.50","5760.50","5742.00","5750.00"
"Tue May 06 2025 10:10:00 GMT+0530 (India Standard Time)","5750.00","5777.00","5744.50","5763.00"
"Tue May 06 2025 10:15:00 GMT+0530 (India Standard Time)","5762.50","5770.00","5754.50","5758.00"
"Tue May 06 2025 10:20:00 GMT+0530 (India Standard Time)","5758.00","5758.00","5750.00","5751.50"
"Tue May 06 2025 10:25:00 GMT+0530 (India Standard Time)","5751.50","5765.50","5750.00","5756.00"
"Tue May 06 2025 10:30:00 GMT+0530 (India Standard Time)","5756.00","5763.50","5748.50","5759.00"
"Tue May 06 2025 10:35:00 GMT+0530 (India Standard Time)","5759.00","5762.50","5755.00","5758.50"
"Tue May 06 2025 10:40:00 GMT+0530 (India Standard Time)","5758.50","5782.50","5757.50","5781.00"
"Tue May 06 2025 10:45:00 GMT+0530 (India Standard Time)","5781.00","5785.50","5770.50","5774.00"
"Tue May 06 2025 10:50:00 GMT+0530 (India Standard Time)","5774.00","5776.00","5766.50","5772.50"
"Tue May 06 2025 10:55:00 GMT+0530 (India Standard Time)","5771.50","5782.00","5766.00","5782.00"
"Tue May 06 2025 11:00:00 GMT+0530 (India Standard Time)","5782.00","5783.50","5767.00","5767.00"
"Tue May 06 2025 11:05:00 GMT+0530 (India Standard Time)","5767.00","5774.50","5765.00","5773.00"
"Tue May 06 2025 11:10:00 GMT+0530 (India Standard Time)","5773.00","5773.00","5755.00","5757.00"
"Tue May 06 2025 11:15:00 GMT+0530 (India Standard Time)","5757.00","5764.00","5755.00","5755.00"
"Tue May 06 2025 11:20:00 GMT+0530 (India Standard Time)","5755.00","5760.50","5752.00","5752.50"
"Tue May 06 2025 11:25:00 GMT+0530 (India Standard Time)","5752.50","5755.50","5748.00","5750.00"
"Tue May 06 2025 11:30:00 GMT+0530 (India Standard Time)","5750.00","5750.50","5736.00","5740.00"
"Tue May 06 2025 11:35:00 GMT+0530 (India Standard Time)","5740.00","5747.50","5735.50","5736.50"
"Tue May 06 2025 11:40:00 GMT+0530 (India Standard Time)","5736.50","5743.00","5727.50","5733.50"
"Tue May 06 2025 11:45:00 GMT+0530 (India Standard Time)","5733.50","5739.00","5730.00","5737.00"
"Tue May 06 2025 11:50:00 GMT+0530 (India Standard Time)","5737.00","5753.00","5730.00","5753.00"
"Tue May 06 2025 11:55:00 GMT+0530 (India Standard Time)","5753.00","5759.00","5747.50","5752.00"
"Tue May 06 2025 12:00:00 GMT+0530 (India Standard Time)","5755.00","5758.00","5746.00","5751.50"
"Tue May 06 2025 12:05:00 GMT+0530 (India Standard Time)","5751.50","5751.50","5746.00","5748.00"
"Tue May 06 2025 12:10:00 GMT+0530 (India Standard Time)","5748.00","5754.50","5744.00","5754.50"
"Tue May 06 2025 12:15:00 GMT+0530 (India Standard Time)","5754.50","5754.50","5743.50","5749.50"
"Tue May 06 2025 12:20:00 GMT+0530 (India Standard Time)","5749.50","5749.50","5740.00","5740.00"
"Tue May 06 2025 12:25:00 GMT+0530 (India Standard Time)","5740.00","5743.00","5733.50","5735.00"
"Tue May 06 2025 12:30:00 GMT+0530 (India Standard Time)","5735.00","5736.50","5731.00","5732.50"
"Tue May 06 2025 12:35:00 GMT+0530 (India Standard Time)","5732.50","5732.50","5714.00","5716.50"
"Tue May 06 2025 12:40:00 GMT+0530 (India Standard Time)","5716.50","5727.50","5715.00","5720.00"
"Tue May 06 2025 12:45:00 GMT+0530 (India Standard Time)","5720.00","5724.50","5718.50","5724.50"
"Tue May 06 2025 12:50:00 GMT+0530 (India Standard Time)","5720.50","5725.00","5720.00","5720.50"
"Tue May 06 2025 12:55:00 GMT+0530 (India Standard Time)","5720.50","5724.00","5714.50","5715.00"
"Tue May 06 2025 13:00:00 GMT+0530 (India Standard Time)","5715.00","5716.00","5706.00","5706.00"
"Tue May 06 2025 13:05:00 GMT+0530 (India Standard Time)","5706.00","5716.50","5703.50","5710.00"
"Tue May 06 2025 13:10:00 GMT+0530 (India Standard Time)","5710.00","5711.00","5706.50","5706.50"
"Tue May 06 2025 13:15:00 GMT+0530 (India Standard Time)","5706.50","5708.50","5702.00","5707.50"
"Tue May 06 2025 13:20:00 GMT+0530 (India Standard Time)","5704.50","5707.50","5694.50","5699.00"
"Tue May 06 2025 13:25:00 GMT+0530 (India Standard Time)","5699.00","5704.50","5692.50","5700.00"
"Tue May 06 2025 13:30:00 GMT+0530 (India Standard Time)","5702.00","5702.00","5691.00","5691.00"
"Tue May 06 2025 13:35:00 GMT+0530 (India Standard Time)","5690.50","5699.00","5682.00","5696.50"
"Tue May 06 2025 13:40:00 GMT+0530 (India Standard Time)","5696.50","5705.50","5687.50","5705.50"
"Tue May 06 2025 13:45:00 GMT+0530 (India Standard Time)","5705.50","5706.50","5700.00","5702.00"
"Tue May 06 2025 13:50:00 GMT+0530 (India Standard Time)","5704.50","5710.00","5700.00","5709.50"
"Tue May 06 2025 13:55:00 GMT+0530 (India Standard Time)","5709.50","5711.50","5705.50","5708.50"
"Tue May 06 2025 14:00:00 GMT+0530 (India Standard Time)","5711.50","5712.00","5705.00","5705.00"
"Tue May 06 2025 14:05:00 GMT+0530 (India Standard Time)","5705.00","5709.50","5705.00","5705.00"
"Tue May 06 2025 14:10:00 GMT+0530 (India Standard Time)","5705.00","5705.00","5691.00","5693.00"
"Tue May 06 2025 14:15:00 GMT+0530 (India Standard Time)","5691.00","5697.50","5685.00","5689.50"
"Tue May 06 2025 14:20:00 GMT+0530 (India Standard Time)","5689.50","5692.50","5682.00","5685.00"
"Tue May 06 2025 14:25:00 GMT+0530 (India Standard Time)","5685.00","5689.00","5680.00","5681.50"
"Tue May 06 2025 14:30:00 GMT+0530 (India Standard Time)","5681.50","5687.50","5680.50","5686.50"
"Tue May 06 2025 14:35:00 GMT+0530 (India Standard Time)","5684.00","5690.00","5681.50","5685.00"
"Tue May 06 2025 14:40:00 GMT+0530 (India Standard Time)","5685.00","5689.50","5680.50","5683.50"
"Tue May 06 2025 14:45:00 GMT+0530 (India Standard Time)","5686.50","5687.50","5680.50","5682.00"
"Tue May 06 2025 14:50:00 GMT+0530 (India Standard Time)","5687.00","5696.00","5686.00","5686.00"
"Tue May 06 2025 14:55:00 GMT+0530 (India Standard Time)","5686.50","5689.00","5685.00","5688.00"
"Tue May 06 2025 15:00:00 GMT+0530 (India Standard Time)","5688.00","5693.00","5685.50","5690.00"
"Tue May 06 2025 15:05:00 GMT+0530 (India Standard Time)","5691.50","5700.00","5690.00","5700.00"
"Tue May 06 2025 15:10:00 GMT+0530 (India Standard Time)","5704.00","5704.50","5699.50","5700.00"
"Tue May 06 2025 15:15:00 GMT+0530 (India Standard Time)","5700.00","5703.50","5686.50","5701.00"
"Tue May 06 2025 15:20:00 GMT+0530 (India Standard Time)","5698.50","5707.50","5698.00","5705.00"
"Tue May 06 2025 15:25:00 GMT+0530 (India Standard Time)","5705.00","5716.00","5691.50","5705.00"
"Wed May 07 2025 09:15:00 GMT+0530 (India Standard Time)","5589.00","5732.50","5575.00","5723.50"
"Wed May 07 2025 09:20:00 GMT+0530 (India Standard Time)","5722.00","5723.50","5673.00","5683.50"
"Wed May 07 2025 09:25:00 GMT+0530 (India Standard Time)","5683.50","5714.50","5680.50","5691.50"
"Wed May 07 2025 09:30:00 GMT+0530 (India Standard Time)","5691.50","5714.00","5691.50","5708.00"
"Wed May 07 2025 09:35:00 GMT+0530 (India Standard Time)","5708.00","5709.50","5674.50","5676.50"
"Wed May 07 2025 09:40:00 GMT+0530 (India Standard Time)","5677.50","5684.00","5661.00","5669.50"
"Wed May 07 2025 09:45:00 GMT+0530 (India Standard Time)","5665.00","5665.50","5630.00","5637.00"
"Wed May 07 2025 09:50:00 GMT+0530 (India Standard Time)","5642.50","5648.00","5626.50","5635.50"
"Wed May 07 2025 09:55:00 GMT+0530 (India Standard Time)","5635.50","5676.00","5635.50","5669.50"
"Wed May 07 2025 10:00:00 GMT+0530 (India Standard Time)","5669.50","5672.50","5652.00","5669.00"
"Wed May 07 2025 10:05:00 GMT+0530 (India Standard Time)","5669.00","5669.00","5645.00","5646.00"
"Wed May 07 2025 10:10:00 GMT+0530 (India Standard Time)","5646.00","5664.00","5641.00","5650.50"
"Wed May 07 2025 10:15:00 GMT+0530 (India Standard Time)","5650.50","5663.00","5643.50","5657.50"
"Wed May 07 2025 10:20:00 GMT+0530 (India Standard Time)","5657.50","5686.00","5650.00","5684.50"
"Wed May 07 2025 10:25:00 GMT+0530 (India Standard Time)","5684.50","5684.50","5664.50","5666.00"
"Wed May 07 2025 10:30:00 GMT+0530 (India Standard Time)","5666.00","5695.00","5666.00","5691.00"
"Wed May 07 2025 10:35:00 GMT+0530 (India Standard Time)","5691.00","5694.50","5680.50","5688.00"
"Wed May 07 2025 10:40:00 GMT+0530 (India Standard Time)","5688.00","5697.00","5685.00","5685.00"
"Wed May 07 2025 10:45:00 GMT+0530 (India Standard Time)","5686.00","5703.00","5685.50","5700.00"
"Wed May 07 2025 10:50:00 GMT+0530 (India Standard Time)","5700.00","5702.50","5686.50","5686.50"
"Wed May 07 2025 10:55:00 GMT+0530 (India Standard Time)","5686.50","5688.50","5674.00","5688.00"
"Wed May 07 2025 11:00:00 GMT+0530 (India Standard Time)","5688.00","5707.50","5688.00","5707.50"
"Wed May 07 2025 11:05:00 GMT+0530 (India Standard Time)","5707.50","5715.00","5704.00","5712.00"
"Wed May 07 2025 11:10:00 GMT+0530 (India Standard Time)","5712.00","5730.00","5711.50","5728.50"
"Wed May 07 2025 11:15:00 GMT+0530 (India Standard Time)","5725.00","5746.00","5725.00","5740.00"
"Wed May 07 2025 11:20:00 GMT+0530 (India Standard Time)","5741.00","5744.50","5730.50","5733.00"
"Wed May 07 2025 11:25:00 GMT+0530 (India Standard Time)","5735.50","5739.00","5716.00","5716.00"
"Wed May 07 2025 11:30:00 GMT+0530 (India Standard Time)","5715.50","5734.50","5715.50","5731.50"
"Wed May 07 2025 11:35:00 GMT+0530 (India Standard Time)","5731.50","5732.00","5720.50","5722.50"
"Wed May 07 2025 11:40:00 GMT+0530 (India Standard Time)","5722.50","5733.00","5720.50","5729.50"
"Wed May 07 2025 11:45:00 GMT+0530 (India Standard Time)","5729.50","5730.00","5705.50","5708.00"
"Wed May 07 2025 11:50:00 GMT+0530 (India Standard Time)","5708.00","5713.50","5704.00","5707.50"
"Wed May 07 2025 11:55:00 GMT+0530 (India Standard Time)","5707.50","5716.00","5707.50","5710.50"
"Wed May 07 2025 12:00:00 GMT+0530 (India Standard Time)","5710.50","5718.00","5704.00","5715.50"
"Wed May 07 2025 12:05:00 GMT+0530 (India Standard Time)","5715.50","5722.00","5715.50","5716.00"
"Wed May 07 2025 12:10:00 GMT+0530 (India Standard Time)","5716.00","5720.00","5707.00","5716.50"
"Wed May 07 2025 12:15:00 GMT+0530 (India Standard Time)","5716.50","5720.00","5713.50","5720.00"
"Wed May 07 2025 12:20:00 GMT+0530 (India Standard Time)","5720.00","5722.50","5714.50","5714.50"
"Wed May 07 2025 12:25:00 GMT+0530 (India Standard Time)","5714.50","5721.50","5713.50","5717.50"
"Wed May 07 2025 12:30:00 GMT+0530 (India Standard Time)","5717.50","5730.00","5715.50","5727.00"
"Wed May 07 2025 12:35:00 GMT+0530 (India Standard Time)","5729.00","5729.00","5720.00","5727.50"
"Wed May 07 2025 12:40:00 GMT+0530 (India Standard Time)","5727.50","5730.00","5719.50","5722.00"
"Wed May 07 2025 12:45:00 GMT+0530 (India Standard Time)","5722.00","5731.00","5722.00","5726.00"
"Wed May 07 2025 12:50:00 GMT+0530 (India Standard Time)","5723.00","5736.00","5722.50","5725.50"
"Wed May 07 2025 12:55:00 GMT+0530 (India Standard Time)","5725.50","5731.50","5723.50","5726.00"
"Wed May 07 2025 13:00:00 GMT+0530 (India Standard Time)","5726.00","5735.50","5717.00","5728.50"
"Wed May 07 2025 13:05:00 GMT+0530 (India Standard Time)","5728.50","5731.00","5725.50","5730.00"
"Wed May 07 2025 13:10:00 GMT+0530 (India Standard Time)","5730.00","5745.00","5727.50","5738.50"
"Wed May 07 2025 13:15:00 GMT+0530 (India Standard Time)","5738.50","5750.00","5738.50","5742.50"
"Wed May 07 2025 13:20:00 GMT+0530 (India Standard Time)","5739.50","5749.00","5738.50","5739.00"
"Wed May 07 2025 13:25:00 GMT+0530 (India Standard Time)","5739.00","5743.00","5735.50","5735.50"
"Wed May 07 2025 13:30:00 GMT+0530 (India Standard Time)","5735.50","5743.50","5732.50","5733.00"
"Wed May 07 2025 13:35:00 GMT+0530 (India Standard Time)","5733.00","5737.00","5732.00","5734.00"
"Wed May 07 2025 13:40:00 GMT+0530 (India Standard Time)","5734.00","5739.50","5730.50","5734.50"
"Wed May 07 2025 13:45:00 GMT+0530 (India Standard Time)","5734.50","5740.00","5732.00","5732.00"
"Wed May 07 2025 13:50:00 GMT+0530 (India Standard Time)","5732.00","5738.50","5732.00","5738.50"
"Wed May 07 2025 13:55:00 GMT+0530 (India Standard Time)","5738.50","5745.50","5733.00","5742.50"
"Wed May 07 2025 14:00:00 GMT+0530 (India Standard Time)","5742.50","5767.00","5742.50","5762.50"
"Wed May 07 2025 14:05:00 GMT+0530 (India Standard Time)","5762.50","5768.00","5761.50","5763.50"
"Wed May 07 2025 14:10:00 GMT+0530 (India Standard Time)","5762.00","5768.00","5758.00","5762.00"
"Wed May 07 2025 14:15:00 GMT+0530 (India Standard Time)","5762.00","5767.50","5754.00","5760.50"
"Wed May 07 2025 14:20:00 GMT+0530 (India Standard Time)","5760.50","5765.00","5750.00","5754.00"
"Wed May 07 2025 14:25:00 GMT+0530 (India Standard Time)","5754.00","5764.00","5745.00","5759.00"
"Wed May 07 2025 14:30:00 GMT+0530 (India Standard Time)","5759.00","5774.00","5755.50","5772.50"
"Wed May 07 2025 14:35:00 GMT+0530 (India Standard Time)","5772.50","5775.00","5765.50","5765.50"
"Wed May 07 2025 14:40:00 GMT+0530 (India Standard Time)","5765.00","5774.50","5760.00","5770.50"
"Wed May 07 2025 14:45:00 GMT+0530 (India Standard Time)","5768.00","5770.50","5764.50","5768.00"
"Wed May 07 2025 14:50:00 GMT+0530 (India Standard Time)","5767.00","5772.00","5760.00","5762.50"
"Wed May 07 2025 14:55:00 GMT+0530 (India Standard Time)","5762.50","5767.00","5760.00","5762.00"
"Wed May 07 2025 15:00:00 GMT+0530 (India Standard Time)","5763.50","5768.50","5763.50","5764.50"
"Wed May 07 2025 15:05:00 GMT+0530 (India Standard Time)","5765.00","5765.00","5755.00","5756.50"
"Wed May 07 2025 15:10:00 GMT+0530 (India Standard Time)","5756.50","5759.50","5747.00","5749.00"
"Wed May 07 2025 15:15:00 GMT+0530 (India Standard Time)","5748.00","5773.00","5746.50","5762.00"
"Wed May 07 2025 15:20:00 GMT+0530 (India Standard Time)","5759.50","5767.00","5745.50","5745.50"
"Wed May 07 2025 15:25:00 GMT+0530 (India Standard Time)","5751.50","5759.00","5740.50","5755.00"
"Thu May 08 2025 09:15:00 GMT+0530 (India Standard Time)","5758.00","5842.50","5758.00","5796.50"
"Thu May 08 2025 09:20:00 GMT+0530 (India Standard Time)","5796.50","5805.50","5765.50","5790.50"
"Thu May 08 2025 09:25:00 GMT+0530 (India Standard Time)","5790.50","5798.00","5780.00","5786.00"
"Thu May 08 2025 09:30:00 GMT+0530 (India Standard Time)","5786.00","5795.00","5775.00","5789.00"
"Thu May 08 2025 09:35:00 GMT+0530 (India Standard Time)","5789.00","5815.00","5789.00","5812.00"
"Thu May 08 2025 09:40:00 GMT+0530 (India Standard Time)","5815.00","5815.00","5795.00","5795.50"
"Thu May 08 2025 09:45:00 GMT+0530 (India Standard Time)","5795.50","5799.00","5780.00","5783.50"
"Thu May 08 2025 09:50:00 GMT+0530 (India Standard Time)","5783.50","5797.00","5780.00","5794.50"
"Thu May 08 2025 09:55:00 GMT+0530 (India Standard Time)","5794.50","5800.00","5789.00","5789.00"
"Thu May 08 2025 10:00:00 GMT+0530 (India Standard Time)","5789.00","5798.50","5786.00","5788.50"
"Thu May 08 2025 10:05:00 GMT+0530 (India Standard Time)","5788.50","5804.00","5786.00","5798.50"
"Thu May 08 2025 10:10:00 GMT+0530 (India Standard Time)","5798.50","5804.00","5786.00","5787.00"
"Thu May 08 2025 10:15:00 GMT+0530 (India Standard Time)","5787.00","5803.50","5786.00","5795.00"
"Thu May 08 2025 10:20:00 GMT+0530 (India Standard Time)","5795.00","5797.50","5792.50","5795.00"
"Thu May 08 2025 10:25:00 GMT+0530 (India Standard Time)","5795.00","5797.50","5789.50","5793.00"
"Thu May 08 2025 10:30:00 GMT+0530 (India Standard Time)","5793.00","5800.00","5787.00","5800.00"
"Thu May 08 2025 10:35:00 GMT+0530 (India Standard Time)","5800.00","5800.00","5784.50","5789.50"
"Thu May 08 2025 10:40:00 GMT+0530 (India Standard Time)","5789.50","5800.00","5789.50","5795.00"
"Thu May 08 2025 10:45:00 GMT+0530 (India Standard Time)","5795.00","5797.00","5790.00","5790.00"
"Thu May 08 2025 10:50:00 GMT+0530 (India Standard Time)","5790.00","5830.00","5790.00","5830.00"
"Thu May 08 2025 10:55:00 GMT+0530 (India Standard Time)","5833.00","5838.00","5821.50","5827.50"
"Thu May 08 2025 11:00:00 GMT+0530 (India Standard Time)","5827.50","5841.00","5820.50","5840.00"
"Thu May 08 2025 11:05:00 GMT+0530 (India Standard Time)","5840.00","5858.00","5830.50","5852.50"
"Thu May 08 2025 11:10:00 GMT+0530 (India Standard Time)","5852.50","5853.50","5837.50","5838.00"
"Thu May 08 2025 11:15:00 GMT+0530 (India Standard Time)","5838.00","5848.50","5837.50","5847.50"
"Thu May 08 2025 11:20:00 GMT+0530 (India Standard Time)","5847.50","5869.00","5840.50","5865.00"
"Thu May 08 2025 11:25:00 GMT+0530 (India Standard Time)","5865.00","5910.50","5856.50","5909.00"
"Thu May 08 2025 11:30:00 GMT+0530 (India Standard Time)","5909.00","5933.00","5900.00","5902.50"
"Thu May 08 2025 11:35:00 GMT+0530 (India Standard Time)","5902.50","5917.00","5883.00","5890.50"
"Thu May 08 2025 11:40:00 GMT+0530 (India Standard Time)","5890.50","5908.50","5890.50","5895.50"
"Thu May 08 2025 11:45:00 GMT+0530 (India Standard Time)","5899.00","5910.00","5872.50","5876.50"
"Thu May 08 2025 11:50:00 GMT+0530 (India Standard Time)","5876.00","5885.00","5876.00","5876.00"
"Thu May 08 2025 11:55:00 GMT+0530 (India Standard Time)","5876.00","5879.00","5865.50","5872.00"
"Thu May 08 2025 12:00:00 GMT+0530 (India Standard Time)","5872.00","5879.00","5859.00","5861.00"
"Thu May 08 2025 12:05:00 GMT+0530 (India Standard Time)","5861.00","5888.50","5859.00","5888.50"
"Thu May 08 2025 12:10:00 GMT+0530 (India Standard Time)","5888.50","5892.00","5880.50","5882.50"
"Thu May 08 2025 12:15:00 GMT+0530 (India Standard Time)","5882.50","5885.00","5870.00","5876.00"
"Thu May 08 2025 12:20:00 GMT+0530 (India Standard Time)","5876.00","5876.00","5864.00","5864.00"
"Thu May 08 2025 12:25:00 GMT+0530 (India Standard Time)","5864.00","5869.00","5860.50","5864.00"
"Thu May 08 2025 12:30:00 GMT+0530 (India Standard Time)","5864.00","5867.50","5860.50","5860.50"
"Thu May 08 2025 12:35:00 GMT+0530 (India Standard Time)","5857.50","5858.00","5846.00","5850.00"
"Thu May 08 2025 12:40:00 GMT+0530 (India Standard Time)","5850.00","5857.00","5847.00","5850.00"
"Thu May 08 2025 12:45:00 GMT+0530 (India Standard Time)","5850.00","5854.00","5841.50","5841.50"
"Thu May 08 2025 12:50:00 GMT+0530 (India Standard Time)","5841.50","5845.00","5822.00","5828.00"
"Thu May 08 2025 12:55:00 GMT+0530 (India Standard Time)","5828.00","5838.50","5827.50","5832.00"
"Thu May 08 2025 13:00:00 GMT+0530 (India Standard Time)","5832.00","5832.00","5821.00","5822.50"
"Thu May 08 2025 13:05:00 GMT+0530 (India Standard Time)","5822.50","5825.50","5812.00","5814.00"
"Thu May 08 2025 13:10:00 GMT+0530 (India Standard Time)","5814.00","5817.50","5805.50","5813.00"
"Thu May 08 2025 13:15:00 GMT+0530 (India Standard Time)","5813.00","5813.00","5801.00","5809.50"
"Thu May 08 2025 13:20:00 GMT+0530 (India Standard Time)","5810.00","5814.50","5789.00","5789.00"
"Thu May 08 2025 13:25:00 GMT+0530 (India Standard Time)","5789.50","5801.50","5786.00","5793.00"
"Thu May 08 2025 13:30:00 GMT+0530 (India Standard Time)","5793.00","5793.00","5782.50","5782.50"
"Thu May 08 2025 13:35:00 GMT+0530 (India Standard Time)","5782.50","5784.50","5760.50","5762.00"
"Thu May 08 2025 13:40:00 GMT+0530 (India Standard Time)","5762.00","5765.00","5753.00","5753.00"
"Thu May 08 2025 13:45:00 GMT+0530 (India Standard Time)","5753.00","5767.00","5745.00","5764.00"
"Thu May 08 2025 13:50:00 GMT+0530 (India Standard Time)","5764.00","5765.00","5747.50","5753.50"
"Thu May 08 2025 13:55:00 GMT+0530 (India Standard Time)","5753.50","5753.50","5733.50","5740.00"
"Thu May 08 2025 14:00:00 GMT+0530 (India Standard Time)","5740.00","5749.50","5739.00","5745.00"
"Thu May 08 2025 14:05:00 GMT+0530 (India Standard Time)","5745.00","5749.00","5735.00","5739.50"
"Thu May 08 2025 14:10:00 GMT+0530 (India Standard Time)","5739.50","5744.00","5731.00","5734.00"
"Thu May 08 2025 14:15:00 GMT+0530 (India Standard Time)","5734.00","5758.50","5731.00","5740.50"
"Thu May 08 2025 14:20:00 GMT+0530 (India Standard Time)","5742.50","5751.00","5742.00","5750.00"
"Thu May 08 2025 14:25:00 GMT+0530 (India Standard Time)","5750.00","5768.00","5750.00","5763.50"
"Thu May 08 2025 14:30:00 GMT+0530 (India Standard Time)","5763.00","5766.00","5752.50","5754.50"
"Thu May 08 2025 14:35:00 GMT+0530 (India Standard Time)","5754.50","5764.00","5751.50","5755.50"
"Thu May 08 2025 14:40:00 GMT+0530 (India Standard Time)","5755.50","5763.50","5752.00","5761.00"
"Thu May 08 2025 14:45:00 GMT+0530 (India Standard Time)","5761.00","5761.50","5735.50","5737.50"
"Thu May 08 2025 14:50:00 GMT+0530 (India Standard Time)","5737.50","5737.50","5720.50","5723.50"
"Thu May 08 2025 14:55:00 GMT+0530 (India Standard Time)","5722.50","5730.00","5712.00","5723.00"
"Thu May 08 2025 15:00:00 GMT+0530 (India Standard Time)","5722.00","5749.50","5721.50","5730.50"
"Thu May 08 2025 15:05:00 GMT+0530 (India Standard Time)","5730.50","5741.00","5729.50","5733.00"
"Thu May 08 2025 15:10:00 GMT+0530 (India Standard Time)","5734.50","5735.50","5711.50","5711.50"
"Thu May 08 2025 15:15:00 GMT+0530 (India Standard Time)","5712.00","5715.50","5707.00","5710.50"
"Thu May 08 2025 15:20:00 GMT+0530 (India Standard Time)","5710.50","5711.00","5682.00","5682.00"
"Thu May 08 2025 15:25:00 GMT+0530 (India Standard Time)","5684.00","5697.50","5656.50","5656.50"
"Fri May 09 2025 09:15:00 GMT+0530 (India Standard Time)","5400.00","5709.00","5400.00","5674.50"
"Fri May 09 2025 09:20:00 GMT+0530 (India Standard Time)","5671.50","5689.00","5634.50","5649.50"
"Fri May 09 2025 09:25:00 GMT+0530 (India Standard Time)","5645.50","5694.50","5631.00","5631.00"
"Fri May 09 2025 09:30:00 GMT+0530 (India Standard Time)","5630.50","5663.50","5618.50","5649.00"
"Fri May 09 2025 09:35:00 GMT+0530 (India Standard Time)","5649.00","5705.50","5645.00","5700.00"
"Fri May 09 2025 09:40:00 GMT+0530 (India Standard Time)","5699.50","5769.50","5699.50","5746.50"
"Fri May 09 2025 09:45:00 GMT+0530 (India Standard Time)","5756.00","5775.00","5713.50","5720.00"
"Fri May 09 2025 09:50:00 GMT+0530 (India Standard Time)","5716.50","5727.00","5705.00","5705.00"
"Fri May 09 2025 09:55:00 GMT+0530 (India Standard Time)","5701.00","5720.50","5700.00","5702.00"
"Fri May 09 2025 10:00:00 GMT+0530 (India Standard Time)","5702.00","5704.00","5676.00","5684.00"
"Fri May 09 2025 10:05:00 GMT+0530 (India Standard Time)","5680.50","5699.00","5669.00","5689.00"
"Fri May 09 2025 10:10:00 GMT+0530 (India Standard Time)","5690.50","5744.00","5690.00","5743.00"
"Fri May 09 2025 10:15:00 GMT+0530 (India Standard Time)","5743.00","5748.00","5729.00","5733.00"
"Fri May 09 2025 10:20:00 GMT+0530 (India Standard Time)","5733.00","5755.00","5723.50","5750.00"
"Fri May 09 2025 10:25:00 GMT+0530 (India Standard Time)","5748.00","5748.00","5725.00","5729.50"
"Fri May 09 2025 10:30:00 GMT+0530 (India Standard Time)","5729.50","5735.00","5721.50","5723.50"
"Fri May 09 2025 10:35:00 GMT+0530 (India Standard Time)","5723.50","5740.00","5716.00","5716.50"
"Fri May 09 2025 10:40:00 GMT+0530 (India Standard Time)","5716.50","5721.00","5713.50","5715.00"
"Fri May 09 2025 10:45:00 GMT+0530 (India Standard Time)","5715.00","5721.00","5711.00","5711.00"
"Fri May 09 2025 10:50:00 GMT+0530 (India Standard Time)","5711.00","5716.00","5691.50","5696.50"
"Fri May 09 2025 10:55:00 GMT+0530 (India Standard Time)","5695.50","5710.00","5695.50","5704.50"
"Fri May 09 2025 11:00:00 GMT+0530 (India Standard Time)","5704.50","5721.00","5704.50","5715.00"
"Fri May 09 2025 11:05:00 GMT+0530 (India Standard Time)","5711.50","5722.00","5696.00","5696.00"
"Fri May 09 2025 11:10:00 GMT+0530 (India Standard Time)","5698.50","5702.50","5688.00","5702.50"
"Fri May 09 2025 11:15:00 GMT+0530 (India Standard Time)","5702.50","5706.00","5697.50","5703.00"
"Fri May 09 2025 11:20:00 GMT+0530 (India Standard Time)","5703.00","5730.00","5693.00","5730.00"
"Fri May 09 2025 11:25:00 GMT+0530 (India Standard Time)","5730.00","5755.50","5724.50","5747.00"
"Fri May 09 2025 11:30:00 GMT+0530 (India Standard Time)","5746.50","5770.00","5745.00","5760.00"
"Fri May 09 2025 11:35:00 GMT+0530 (India Standard Time)","5760.00","5760.00","5742.50","5755.00"
"Fri May 09 2025 11:40:00 GMT+0530 (India Standard Time)","5755.00","5763.50","5745.00","5745.00"
"Fri May 09 2025 11:45:00 GMT+0530 (India Standard Time)","5745.00","5747.50","5730.50","5733.00"
"Fri May 09 2025 11:50:00 GMT+0530 (India Standard Time)","5733.00","5743.00","5730.00","5734.50"
"Fri May 09 2025 11:55:00 GMT+0530 (India Standard Time)","5734.50","5750.00","5734.50","5750.00"
"Fri May 09 2025 12:00:00 GMT+0530 (India Standard Time)","5750.00","5752.00","5738.00","5738.50"
"Fri May 09 2025 12:05:00 GMT+0530 (India Standard Time)","5738.50","5745.00","5736.50","5745.00"
"Fri May 09 2025 12:10:00 GMT+0530 (India Standard Time)","5745.00","5750.00","5735.50","5742.50"
"Fri May 09 2025 12:15:00 GMT+0530 (India Standard Time)","5742.50","5746.00","5730.00","5730.00"
"Fri May 09 2025 12:20:00 GMT+0530 (India Standard Time)","5730.00","5737.50","5725.00","5737.50"
"Fri May 09 2025 12:25:00 GMT+0530 (India Standard Time)","5737.50","5740.00","5735.00","5737.00"
"Fri May 09 2025 12:30:00 GMT+0530 (India Standard Time)","5737.00","5737.00","5731.00","5733.50"
"Fri May 09 2025 12:35:00 GMT+0530 (India Standard Time)","5733.50","5739.50","5728.00","5732.00"
"Fri May 09 2025 12:40:00 GMT+0530 (India Standard Time)","5732.00","5734.50","5713.50","5716.00"
"Fri May 09 2025 12:45:00 GMT+0530 (India Standard Time)","5713.50","5733.00","5710.00","5733.00"
"Fri May 09 2025 12:50:00 GMT+0530 (India Standard Time)","5733.00","5740.00","5731.50","5740.00"
"Fri May 09 2025 12:55:00 GMT+0530 (India Standard Time)","5740.00","5740.00","5720.50","5726.00"
"Fri May 09 2025 13:00:00 GMT+0530 (India Standard Time)","5726.00","5735.00","5724.00","5734.50"
"Fri May 09 2025 13:05:00 GMT+0530 (India Standard Time)","5734.50","5734.50","5720.00","5725.00"
"Fri May 09 2025 13:10:00 GMT+0530 (India Standard Time)","5725.00","5740.00","5722.00","5737.00"
"Fri May 09 2025 13:15:00 GMT+0530 (India Standard Time)","5737.00","5745.00","5737.00","5744.00"
"Fri May 09 2025 13:20:00 GMT+0530 (India Standard Time)","5744.00","5744.00","5724.50","5727.50"
"Fri May 09 2025 13:25:00 GMT+0530 (India Standard Time)","5727.50","5729.50","5724.00","5728.00"
"Fri May 09 2025 13:30:00 GMT+0530 (India Standard Time)","5728.00","5738.50","5725.50","5729.50"
"Fri May 09 2025 13:35:00 GMT+0530 (India Standard Time)","5729.50","5736.50","5728.00","5734.00"
"Fri May 09 2025 13:40:00 GMT+0530 (India Standard Time)","5734.00","5736.50","5725.00","5732.00"
"Fri May 09 2025 13:45:00 GMT+0530 (India Standard Time)","5732.00","5734.50","5729.00","5730.00"
"Fri May 09 2025 13:50:00 GMT+0530 (India Standard Time)","5730.00","5745.00","5725.00","5742.50"
"Fri May 09 2025 13:55:00 GMT+0530 (India Standard Time)","5742.50","5744.50","5728.00","5731.00"
"Fri May 09 2025 14:00:00 GMT+0530 (India Standard Time)","5731.00","5745.00","5731.00","5735.00"
"Fri May 09 2025 14:05:00 GMT+0530 (India Standard Time)","5735.00","5737.50","5730.00","5736.00"
"Fri May 09 2025 14:10:00 GMT+0530 (India Standard Time)","5736.00","5739.00","5732.00","5735.00"
"Fri May 09 2025 14:15:00 GMT+0530 (India Standard Time)","5735.00","5745.00","5735.00","5745.00"
"Fri May 09 2025 14:20:00 GMT+0530 (India Standard Time)","5745.00","5745.50","5732.00","5732.00"
"Fri May 09 2025 14:25:00 GMT+0530 (India Standard Time)","5732.00","5733.50","5724.00","5724.50"
"Fri May 09 2025 14:30:00 GMT+0530 (India Standard Time)","5724.50","5738.00","5724.50","5729.00"
"Fri May 09 2025 14:35:00 GMT+0530 (India Standard Time)","5729.50","5735.00","5727.50","5729.50"
"Fri May 09 2025 14:40:00 GMT+0530 (India Standard Time)","5729.50","5739.50","5725.50","5730.00"
"Fri May 09 2025 14:45:00 GMT+0530 (India Standard Time)","5730.00","5739.00","5730.00","5738.50"
"Fri May 09 2025 14:50:00 GMT+0530 (India Standard Time)","5738.50","5750.00","5736.00","5745.00"
"Fri May 09 2025 14:55:00 GMT+0530 (India Standard Time)","5745.00","5746.50","5719.50","5727.00"
"Fri May 09 2025 15:00:00 GMT+0530 (India Standard Time)","5730.00","5736.00","5727.00","5728.00"
"Fri May 09 2025 15:05:00 GMT+0530 (India Standard Time)","5729.00","5736.00","5726.50","5734.00"
"Fri May 09 2025 15:10:00 GMT+0530 (India Standard Time)","5733.00","5737.50","5728.00","5733.50"
"Fri May 09 2025 15:15:00 GMT+0530 (India Standard Time)","5733.00","5750.00","5732.00","5749.00"
"Fri May 09 2025 15:20:00 GMT+0530 (India Standard Time)","5746.00","5753.50","5733.50","5734.00"
"Fri May 09 2025 15:25:00 GMT+0530 (India Standard Time)","5736.00","5738.50","5726.00","5730.00"
"Mon May 12 2025 09:15:00 GMT+0530 (India Standard Time)","5851.50","5897.50","5824.00","5837.00"
"Mon May 12 2025 09:20:00 GMT+0530 (India Standard Time)","5837.00","5852.00","5820.00","5824.00"
"Mon May 12 2025 09:25:00 GMT+0530 (India Standard Time)","5824.00","5829.00","5794.00","5804.50"
"Mon May 12 2025 09:30:00 GMT+0530 (India Standard Time)","5804.50","5827.00","5799.00","5823.50"
"Mon May 12 2025 09:35:00 GMT+0530 (India Standard Time)","5823.50","5838.50","5823.50","5833.50"
"Mon May 12 2025 09:40:00 GMT+0530 (India Standard Time)","5833.50","5852.50","5823.50","5829.00"
"Mon May 12 2025 09:45:00 GMT+0530 (India Standard Time)","5829.00","5865.00","5829.00","5854.50"
"Mon May 12 2025 09:50:00 GMT+0530 (India Standard Time)","5854.50","5877.00","5854.50","5873.50"
"Mon May 12 2025 09:55:00 GMT+0530 (India Standard Time)","5872.00","5880.00","5870.00","5873.50"
"Mon May 12 2025 10:00:00 GMT+0530 (India Standard Time)","5873.50","5919.00","5873.50","5919.00"
"Mon May 12 2025 10:05:00 GMT+0530 (India Standard Time)","5916.50","5948.50","5915.50","5946.00"
"Mon May 12 2025 10:10:00 GMT+0530 (India Standard Time)","5946.00","5949.00","5916.50","5922.00"
"Mon May 12 2025 10:15:00 GMT+0530 (India Standard Time)","5922.00","5933.00","5921.00","5932.00"
"Mon May 12 2025 10:20:00 GMT+0530 (India Standard Time)","5932.00","5939.00","5920.00","5925.00"
"Mon May 12 2025 10:25:00 GMT+0530 (India Standard Time)","5925.00","5927.50","5905.50","5913.00"
"Mon May 12 2025 10:30:00 GMT+0530 (India Standard Time)","5912.00","5916.50","5891.50","5900.00"
"Mon May 12 2025 10:35:00 GMT+0530 (India Standard Time)","5899.50","5902.50","5889.00","5897.00"
"Mon May 12 2025 10:40:00 GMT+0530 (India Standard Time)","5897.00","5910.00","5892.00","5900.00"
"Mon May 12 2025 10:45:00 GMT+0530 (India Standard Time)","5900.00","5904.50","5892.00","5904.50"
"Mon May 12 2025 10:50:00 GMT+0530 (India Standard Time)","5904.50","5905.00","5896.00","5904.00"
"Mon May 12 2025 10:55:00 GMT+0530 (India Standard Time)","5904.00","5914.00","5901.00","5914.00"
"Mon May 12 2025 11:00:00 GMT+0530 (India Standard Time)","5914.00","5929.50","5912.00","5913.00"
"Mon May 12 2025 11:05:00 GMT+0530 (India Standard Time)","5915.00","5929.50","5913.50","5927.50"
"Mon May 12 2025 11:10:00 GMT+0530 (India Standard Time)","5927.50","5934.00","5921.50","5929.00"
"Mon May 12 2025 11:15:00 GMT+0530 (India Standard Time)","5929.00","5935.00","5926.00","5928.50"
"Mon May 12 2025 11:20:00 GMT+0530 (India Standard Time)","5928.50","5935.00","5928.50","5932.00"
"Mon May 12 2025 11:25:00 GMT+0530 (India Standard Time)","5932.00","5945.50","5932.00","5940.50"
"Mon May 12 2025 11:30:00 GMT+0530 (India Standard Time)","5941.00","5947.50","5938.00","5944.50"
"Mon May 12 2025 11:35:00 GMT+0530 (India Standard Time)","5944.50","5950.50","5942.50","5950.50"
"Mon May 12 2025 11:40:00 GMT+0530 (India Standard Time)","5949.50","5968.00","5949.50","5961.50"
"Mon May 12 2025 11:45:00 GMT+0530 (India Standard Time)","5961.50","5963.00","5952.50","5957.50"
"Mon May 12 2025 11:50:00 GMT+0530 (India Standard Time)","5957.50","5958.50","5942.00","5950.50"
"Mon May 12 2025 11:55:00 GMT+0530 (India Standard Time)","5950.50","5954.50","5945.50","5945.50"
"Mon May 12 2025 12:00:00 GMT+0530 (India Standard Time)","5946.00","5967.00","5945.50","5964.00"
"Mon May 12 2025 12:05:00 GMT+0530 (India Standard Time)","5964.00","5966.50","5951.50","5954.50"
"Mon May 12 2025 12:10:00 GMT+0530 (India Standard Time)","5954.50","5965.00","5950.00","5963.50"
"Mon May 12 2025 12:15:00 GMT+0530 (India Standard Time)","5963.50","5964.50","5960.00","5960.00"
"Mon May 12 2025 12:20:00 GMT+0530 (India Standard Time)","5960.00","5962.00","5950.00","5952.00"
"Mon May 12 2025 12:25:00 GMT+0530 (India Standard Time)","5952.00","5954.50","5941.00","5945.00"
"Mon May 12 2025 12:30:00 GMT+0530 (India Standard Time)","5945.00","5970.00","5945.00","5967.50"
"Mon May 12 2025 12:35:00 GMT+0530 (India Standard Time)","5967.50","5990.00","5961.50","5979.50"
"Mon May 12 2025 12:40:00 GMT+0530 (India Standard Time)","5979.50","5979.50","5960.00","5967.00"
"Mon May 12 2025 12:45:00 GMT+0530 (India Standard Time)","5967.00","5981.00","5964.50","5968.50"
"Mon May 12 2025 12:50:00 GMT+0530 (India Standard Time)","5968.50","5981.50","5967.00","5980.00"
"Mon May 12 2025 12:55:00 GMT+0530 (India Standard Time)","5980.00","5997.00","5980.00","5995.00"
"Mon May 12 2025 13:00:00 GMT+0530 (India Standard Time)","5995.00","6029.50","5995.00","6014.00"
"Mon May 12 2025 13:05:00 GMT+0530 (India Standard Time)","6014.00","6028.00","6005.00","6024.00"
"Mon May 12 2025 13:10:00 GMT+0530 (India Standard Time)","6023.50","6057.00","6023.50","6033.00"
"Mon May 12 2025 13:15:00 GMT+0530 (India Standard Time)","6033.00","6040.50","6032.00","6037.00"
"Mon May 12 2025 13:20:00 GMT+0530 (India Standard Time)","6037.00","6045.00","6030.00","6040.00"
"Mon May 12 2025 13:25:00 GMT+0530 (India Standard Time)","6040.00","6045.00","6031.00","6042.00"
"Mon May 12 2025 13:30:00 GMT+0530 (India Standard Time)","6042.00","6050.00","6040.00","6040.50"
"Mon May 12 2025 13:35:00 GMT+0530 (India Standard Time)","6040.50","6063.00","6040.50","6063.00"
"Mon May 12 2025 13:40:00 GMT+0530 (India Standard Time)","6063.00","6063.00","6037.00","6043.00"
"Mon May 12 2025 13:45:00 GMT+0530 (India Standard Time)","6043.00","6055.00","6040.50","6050.00"
"Mon May 12 2025 13:50:00 GMT+0530 (India Standard Time)","6050.00","6051.00","6032.00","6032.50"
"Mon May 12 2025 13:55:00 GMT+0530 (India Standard Time)","6032.50","6042.50","6032.00","6039.00"
"Mon May 12 2025 14:00:00 GMT+0530 (India Standard Time)","6039.00","6088.00","6039.00","6075.00"
"Mon May 12 2025 14:05:00 GMT+0530 (India Standard Time)","6075.00","6086.00","6066.50","6084.00"
"Mon May 12 2025 14:10:00 GMT+0530 (India Standard Time)","6084.00","6099.00","6082.00","6099.00"