"Date","Open","High","Low","Close"
"Wed Jun 26 2024 12:10:00 GMT+0530 (India Standard Time)","7115.95","7124.00","7111.00","7115.00"
"Wed Jun 26 2024 12:15:00 GMT+0530 (India Standard Time)","7111.05","7120.35","7110.00","7113.95"
"Wed Jun 26 2024 12:20:00 GMT+0530 (India Standard Time)","7113.95","7123.00","7113.95","7115.95"
"Wed Jun 26 2024 12:25:00 GMT+0530 (India Standard Time)","7115.95","7124.00","7115.55","7120.00"
"Wed Jun 26 2024 12:30:00 GMT+0530 (India Standard Time)","7120.00","7124.00","7120.00","7120.00"
"Wed Jun 26 2024 12:35:00 GMT+0530 (India Standard Time)","7120.00","7123.50","7113.95","7116.80"
"Wed Jun 26 2024 12:40:00 GMT+0530 (India Standard Time)","7116.30","7121.35","7113.40","7113.40"
"Wed Jun 26 2024 12:45:00 GMT+0530 (India Standard Time)","7113.40","7123.90","7110.00","7113.95"
"Wed Jun 26 2024 12:50:00 GMT+0530 (India Standard Time)","7113.95","7117.05","7110.00","7110.25"
"Wed Jun 26 2024 12:55:00 GMT+0530 (India Standard Time)","7110.25","7117.70","7092.90","7098.10"
"Wed Jun 26 2024 13:00:00 GMT+0530 (India Standard Time)","7098.10","7101.80","7092.90","7097.00"
"Wed Jun 26 2024 13:05:00 GMT+0530 (India Standard Time)","7096.20","7099.65","7091.00","7093.85"
"Wed Jun 26 2024 13:10:00 GMT+0530 (India Standard Time)","7091.25","7097.10","7091.00","7096.10"
"Wed Jun 26 2024 13:15:00 GMT+0530 (India Standard Time)","7092.00","7097.45","7092.00","7093.55"
"Wed Jun 26 2024 13:20:00 GMT+0530 (India Standard Time)","7095.00","7103.95","7093.70","7096.90"
"Wed Jun 26 2024 13:25:00 GMT+0530 (India Standard Time)","7096.90","7099.90","7095.00","7097.00"
"Wed Jun 26 2024 13:30:00 GMT+0530 (India Standard Time)","7097.00","7100.65","7095.00","7099.45"
"Wed Jun 26 2024 13:35:00 GMT+0530 (India Standard Time)","7096.35","7099.55","7092.00","7092.10"
"Wed Jun 26 2024 13:40:00 GMT+0530 (India Standard Time)","7092.10","7101.30","7092.00","7094.70"
"Wed Jun 26 2024 13:45:00 GMT+0530 (India Standard Time)","7094.70","7104.25","7094.00","7102.30"
"Wed Jun 26 2024 13:50:00 GMT+0530 (India Standard Time)","7102.30","7103.75","7095.55","7099.05"
"Wed Jun 26 2024 13:55:00 GMT+0530 (India Standard Time)","7099.40","7108.95","7099.05","7099.85"
"Wed Jun 26 2024 14:00:00 GMT+0530 (India Standard Time)","7099.85","7099.85","7091.00","7093.85"
"Wed Jun 26 2024 14:05:00 GMT+0530 (India Standard Time)","7096.95","7102.90","7093.85","7101.65"
"Wed Jun 26 2024 14:10:00 GMT+0530 (India Standard Time)","7097.70","7102.95","7097.00","7097.05"
"Wed Jun 26 2024 14:15:00 GMT+0530 (India Standard Time)","7097.05","7104.10","7097.00","7103.35"
"Wed Jun 26 2024 14:20:00 GMT+0530 (India Standard Time)","7103.35","7108.95","7100.00","7102.90"
"Wed Jun 26 2024 14:25:00 GMT+0530 (India Standard Time)","7100.05","7102.90","7097.00","7097.45"
"Wed Jun 26 2024 14:30:00 GMT+0530 (India Standard Time)","7097.45","7102.85","7095.00","7095.00"
"Wed Jun 26 2024 14:35:00 GMT+0530 (India Standard Time)","7095.00","7100.00","7095.00","7099.75"
"Wed Jun 26 2024 14:40:00 GMT+0530 (India Standard Time)","7098.00","7102.85","7096.15","7100.00"
"Wed Jun 26 2024 14:45:00 GMT+0530 (India Standard Time)","7100.00","7102.70","7095.00","7096.95"
"Wed Jun 26 2024 14:50:00 GMT+0530 (India Standard Time)","7097.05","7101.00","7095.05","7096.05"
"Wed Jun 26 2024 14:55:00 GMT+0530 (India Standard Time)","7096.00","7100.85","7095.05","7098.75"
"Wed Jun 26 2024 15:00:00 GMT+0530 (India Standard Time)","7095.15","7098.55","7095.00","7097.35"
"Wed Jun 26 2024 15:05:00 GMT+0530 (India Standard Time)","7096.95","7098.00","7091.00","7091.05"
"Wed Jun 26 2024 15:10:00 GMT+0530 (India Standard Time)","7091.05","7095.10","7091.00","7092.75"
"Wed Jun 26 2024 15:15:00 GMT+0530 (India Standard Time)","7092.75","7092.75","7084.35","7085.65"
"Wed Jun 26 2024 15:20:00 GMT+0530 (India Standard Time)","7085.60","7090.45","7084.35","7090.45"
"Wed Jun 26 2024 15:25:00 GMT+0530 (India Standard Time)","7089.10","7093.00","7089.10","7090.00"
"Thu Jun 27 2024 09:15:00 GMT+0530 (India Standard Time)","7095.05","7099.00","6981.00","7013.60"
"Thu Jun 27 2024 09:20:00 GMT+0530 (India Standard Time)","7012.60","7014.35","6983.50","6996.35"
"Thu Jun 27 2024 09:25:00 GMT+0530 (India Standard Time)","7000.00","7011.00","6990.60","7011.00"
"Thu Jun 27 2024 09:30:00 GMT+0530 (India Standard Time)","7010.00","7030.00","7005.00","7030.00"
"Thu Jun 27 2024 09:35:00 GMT+0530 (India Standard Time)","7030.00","7039.90","7025.00","7033.55"
"Thu Jun 27 2024 09:40:00 GMT+0530 (India Standard Time)","7033.55","7038.00","7027.30","7034.70"
"Thu Jun 27 2024 09:45:00 GMT+0530 (India Standard Time)","7034.70","7034.75","7028.00","7030.15"
"Thu Jun 27 2024 09:50:00 GMT+0530 (India Standard Time)","7030.15","7033.00","6985.00","7001.80"
"Thu Jun 27 2024 09:55:00 GMT+0530 (India Standard Time)","7004.15","7009.55","7000.10","7005.00"
"Thu Jun 27 2024 10:00:00 GMT+0530 (India Standard Time)","7005.00","7013.75","7003.10","7011.00"
"Thu Jun 27 2024 10:05:00 GMT+0530 (India Standard Time)","7011.00","7011.00","7005.00","7009.20"
"Thu Jun 27 2024 10:10:00 GMT+0530 (India Standard Time)","7009.20","7010.00","6990.50","6997.50"
"Thu Jun 27 2024 10:15:00 GMT+0530 (India Standard Time)","6997.65","7005.55","6994.90","7004.65"
"Thu Jun 27 2024 10:20:00 GMT+0530 (India Standard Time)","7004.65","7007.00","6995.00","7002.80"
"Thu Jun 27 2024 10:25:00 GMT+0530 (India Standard Time)","7002.45","7009.90","7002.45","7007.25"
"Thu Jun 27 2024 10:30:00 GMT+0530 (India Standard Time)","7007.25","7012.65","7005.00","7008.00"
"Thu Jun 27 2024 10:35:00 GMT+0530 (India Standard Time)","7008.00","7018.00","7003.30","7014.80"
"Thu Jun 27 2024 10:40:00 GMT+0530 (India Standard Time)","7015.00","7015.00","6998.00","6998.00"
"Thu Jun 27 2024 10:45:00 GMT+0530 (India Standard Time)","6998.00","7006.90","6995.00","7006.90"
"Thu Jun 27 2024 10:50:00 GMT+0530 (India Standard Time)","7006.90","7011.00","7000.00","7008.80"
"Thu Jun 27 2024 10:55:00 GMT+0530 (India Standard Time)","7008.80","7012.70","7000.05","7009.00"
"Thu Jun 27 2024 11:00:00 GMT+0530 (India Standard Time)","7009.00","7015.00","6998.50","7000.00"
"Thu Jun 27 2024 11:05:00 GMT+0530 (India Standard Time)","7000.00","7000.00","6995.55","6999.90"
"Thu Jun 27 2024 11:10:00 GMT+0530 (India Standard Time)","6999.90","7006.75","6998.50","7001.45"
"Thu Jun 27 2024 11:15:00 GMT+0530 (India Standard Time)","7004.95","7005.00","6999.05","7005.00"
"Thu Jun 27 2024 11:20:00 GMT+0530 (India Standard Time)","7005.00","7012.00","7002.50","7011.00"
"Thu Jun 27 2024 11:25:00 GMT+0530 (India Standard Time)","7011.00","7011.00","7001.00","7008.00"
"Thu Jun 27 2024 11:30:00 GMT+0530 (India Standard Time)","7008.00","7008.00","7002.00","7002.00"
"Thu Jun 27 2024 11:35:00 GMT+0530 (India Standard Time)","7004.55","7008.80","7002.00","7003.00"
"Thu Jun 27 2024 11:40:00 GMT+0530 (India Standard Time)","7003.00","7010.00","7002.50","7009.75"
"Thu Jun 27 2024 11:45:00 GMT+0530 (India Standard Time)","7009.75","7012.00","7006.05","7006.85"
"Thu Jun 27 2024 11:50:00 GMT+0530 (India Standard Time)","7006.85","7014.00","7006.50","7009.50"
"Thu Jun 27 2024 11:55:00 GMT+0530 (India Standard Time)","7010.00","7014.85","7009.50","7012.50"
"Thu Jun 27 2024 12:00:00 GMT+0530 (India Standard Time)","7012.50","7015.00","7010.00","7014.45"
"Thu Jun 27 2024 12:05:00 GMT+0530 (India Standard Time)","7014.45","7016.00","7011.10","7015.00"
"Thu Jun 27 2024 12:10:00 GMT+0530 (India Standard Time)","7015.40","7024.90","7015.00","7019.20"
"Thu Jun 27 2024 12:15:00 GMT+0530 (India Standard Time)","7020.00","7022.00","7012.50","7012.50"
"Thu Jun 27 2024 12:20:00 GMT+0530 (India Standard Time)","7014.00","7017.60","7010.00","7010.05"
"Thu Jun 27 2024 12:25:00 GMT+0530 (India Standard Time)","7010.05","7014.40","7009.50","7010.00"
"Thu Jun 27 2024 12:30:00 GMT+0530 (India Standard Time)","7009.50","7013.70","7009.50","7012.00"
"Thu Jun 27 2024 12:35:00 GMT+0530 (India Standard Time)","7012.00","7012.85","7009.00","7011.20"
"Thu Jun 27 2024 12:40:00 GMT+0530 (India Standard Time)","7011.20","7011.20","7006.05","7007.00"
"Thu Jun 27 2024 12:45:00 GMT+0530 (India Standard Time)","7007.00","7009.00","7006.05","7006.10"
"Thu Jun 27 2024 12:50:00 GMT+0530 (India Standard Time)","7007.00","7009.85","7001.00","7001.00"
"Thu Jun 27 2024 12:55:00 GMT+0530 (India Standard Time)","7001.00","7001.50","6995.20","6997.95"
"Thu Jun 27 2024 13:00:00 GMT+0530 (India Standard Time)","6997.95","6997.95","6993.00","6995.00"
"Thu Jun 27 2024 13:05:00 GMT+0530 (India Standard Time)","6993.00","6996.75","6990.10","6992.00"
"Thu Jun 27 2024 13:10:00 GMT+0530 (India Standard Time)","6992.00","6994.50","6983.00","6983.00"
"Thu Jun 27 2024 13:15:00 GMT+0530 (India Standard Time)","6983.10","6986.60","6970.00","6972.30"
"Thu Jun 27 2024 13:20:00 GMT+0530 (India Standard Time)","6972.55","6985.95","6971.00","6984.95"
"Thu Jun 27 2024 13:25:00 GMT+0530 (India Standard Time)","6983.05","6986.00","6983.00","6983.95"
"Thu Jun 27 2024 13:30:00 GMT+0530 (India Standard Time)","6983.95","6984.05","6983.00","6983.00"
"Thu Jun 27 2024 13:35:00 GMT+0530 (India Standard Time)","6983.00","6988.55","6983.00","6985.05"
"Thu Jun 27 2024 13:40:00 GMT+0530 (India Standard Time)","6985.05","6988.00","6981.00","6981.05"
"Thu Jun 27 2024 13:45:00 GMT+0530 (India Standard Time)","6981.10","6981.10","6980.00","6980.00"
"Thu Jun 27 2024 13:50:00 GMT+0530 (India Standard Time)","6980.00","6980.25","6980.00","6980.00"
"Thu Jun 27 2024 13:55:00 GMT+0530 (India Standard Time)","6980.25","6986.25","6976.00","6976.00"
"Thu Jun 27 2024 14:00:00 GMT+0530 (India Standard Time)","6976.05","6981.05","6975.00","6975.10"
"Thu Jun 27 2024 14:05:00 GMT+0530 (India Standard Time)","6975.90","6975.90","6972.00","6972.05"
"Thu Jun 27 2024 14:10:00 GMT+0530 (India Standard Time)","6972.00","6976.40","6970.00","6976.35"
"Thu Jun 27 2024 14:15:00 GMT+0530 (India Standard Time)","6976.35","6978.40","6973.00","6974.15"
"Thu Jun 27 2024 14:20:00 GMT+0530 (India Standard Time)","6973.70","6977.95","6970.05","6970.05"
"Thu Jun 27 2024 14:25:00 GMT+0530 (India Standard Time)","6970.05","6970.15","6970.00","6970.00"
"Thu Jun 27 2024 14:30:00 GMT+0530 (India Standard Time)","6970.00","6973.65","6966.00","6966.00"
"Thu Jun 27 2024 14:35:00 GMT+0530 (India Standard Time)","6966.05","6974.25","6966.00","6974.25"
"Thu Jun 27 2024 14:40:00 GMT+0530 (India Standard Time)","6974.25","6978.70","6970.00","6976.85"
"Thu Jun 27 2024 14:45:00 GMT+0530 (India Standard Time)","6976.85","6988.00","6970.35","6987.95"
"Thu Jun 27 2024 14:50:00 GMT+0530 (India Standard Time)","6987.95","6987.95","6981.00","6983.40"
"Thu Jun 27 2024 14:55:00 GMT+0530 (India Standard Time)","6983.40","6986.90","6981.55","6985.05"
"Thu Jun 27 2024 15:00:00 GMT+0530 (India Standard Time)","6985.05","6994.20","6985.00","6991.90"
"Thu Jun 27 2024 15:05:00 GMT+0530 (India Standard Time)","6991.95","6999.95","6986.20","6995.05"
"Thu Jun 27 2024 15:10:00 GMT+0530 (India Standard Time)","6994.30","7011.90","6992.50","7007.95"
"Thu Jun 27 2024 15:15:00 GMT+0530 (India Standard Time)","7007.65","7008.00","6988.40","7000.00"
"Thu Jun 27 2024 15:20:00 GMT+0530 (India Standard Time)","6999.90","7012.00","6996.65","7009.45"
"Thu Jun 27 2024 15:25:00 GMT+0530 (India Standard Time)","7008.50","7010.85","6980.15","6987.00"
"Fri Jun 28 2024 09:15:00 GMT+0530 (India Standard Time)","7045.95","7045.95","7000.00","7019.95"
"Fri Jun 28 2024 09:20:00 GMT+0530 (India Standard Time)","7012.25","7022.50","6990.00","7007.00"
"Fri Jun 28 2024 09:25:00 GMT+0530 (India Standard Time)","7007.00","7017.05","7002.10","7010.00"
"Fri Jun 28 2024 09:30:00 GMT+0530 (India Standard Time)","7009.90","7010.00","7002.45","7005.00"
"Fri Jun 28 2024 09:35:00 GMT+0530 (India Standard Time)","7005.00","7010.00","7003.00","7008.60"
"Fri Jun 28 2024 09:40:00 GMT+0530 (India Standard Time)","7008.60","7032.00","7007.00","7030.00"
"Fri Jun 28 2024 09:45:00 GMT+0530 (India Standard Time)","7030.00","7031.25","7003.00","7005.00"
"Fri Jun 28 2024 09:50:00 GMT+0530 (India Standard Time)","7005.00","7017.95","7003.00","7011.30"
"Fri Jun 28 2024 09:55:00 GMT+0530 (India Standard Time)","7011.30","7018.00","7000.00","7013.05"
"Fri Jun 28 2024 10:00:00 GMT+0530 (India Standard Time)","7013.05","7016.00","7008.00","7013.30"
"Fri Jun 28 2024 10:05:00 GMT+0530 (India Standard Time)","7013.30","7013.90","7008.00","7008.65"
"Fri Jun 28 2024 10:10:00 GMT+0530 (India Standard Time)","7008.65","7013.00","7007.00","7013.00"
"Fri Jun 28 2024 10:15:00 GMT+0530 (India Standard Time)","7013.00","7017.80","7009.50","7012.20"
"Fri Jun 28 2024 10:20:00 GMT+0530 (India Standard Time)","7012.20","7025.00","7012.00","7014.45"
"Fri Jun 28 2024 10:25:00 GMT+0530 (India Standard Time)","7014.45","7024.10","7014.45","7017.00"
"Fri Jun 28 2024 10:30:00 GMT+0530 (India Standard Time)","7019.00","7024.00","7017.75","7022.00"
"Fri Jun 28 2024 10:35:00 GMT+0530 (India Standard Time)","7020.00","7020.00","7015.00","7020.00"
"Fri Jun 28 2024 10:40:00 GMT+0530 (India Standard Time)","7020.00","7020.00","7016.00","7016.00"
"Fri Jun 28 2024 10:45:00 GMT+0530 (India Standard Time)","7016.00","7018.95","7007.85","7017.25"
"Fri Jun 28 2024 10:50:00 GMT+0530 (India Standard Time)","7017.25","7017.25","7007.95","7010.45"
"Fri Jun 28 2024 10:55:00 GMT+0530 (India Standard Time)","7010.45","7013.65","7007.25","7010.05"
"Fri Jun 28 2024 11:00:00 GMT+0530 (India Standard Time)","7010.05","7012.00","7007.25","7009.95"
"Fri Jun 28 2024 11:05:00 GMT+0530 (India Standard Time)","7009.00","7012.00","7007.55","7008.05"
"Fri Jun 28 2024 11:10:00 GMT+0530 (India Standard Time)","7008.00","7013.55","7007.00","7008.05"
"Fri Jun 28 2024 11:15:00 GMT+0530 (India Standard Time)","7008.05","7011.80","7007.00","7007.10"
"Fri Jun 28 2024 11:20:00 GMT+0530 (India Standard Time)","7007.10","7012.00","7007.00","7011.85"
"Fri Jun 28 2024 11:25:00 GMT+0530 (India Standard Time)","7011.85","7012.00","7006.00","7008.00"
"Fri Jun 28 2024 11:30:00 GMT+0530 (India Standard Time)","7008.00","7012.00","7005.00","7006.50"
"Fri Jun 28 2024 11:35:00 GMT+0530 (India Standard Time)","7006.50","7011.80","7006.00","7007.65"
"Fri Jun 28 2024 11:40:00 GMT+0530 (India Standard Time)","7007.60","7010.00","7006.00","7006.50"
"Fri Jun 28 2024 11:45:00 GMT+0530 (India Standard Time)","7009.45","7013.00","7006.50","7007.00"
"Fri Jun 28 2024 11:50:00 GMT+0530 (India Standard Time)","7009.95","7012.00","7007.00","7011.45"
"Fri Jun 28 2024 11:55:00 GMT+0530 (India Standard Time)","7012.00","7012.00","7006.30","7006.30"
"Fri Jun 28 2024 12:00:00 GMT+0530 (India Standard Time)","7009.70","7009.70","7006.30","7008.00"
"Fri Jun 28 2024 12:05:00 GMT+0530 (India Standard Time)","7007.95","7010.00","7006.30","7006.30"
"Fri Jun 28 2024 12:10:00 GMT+0530 (India Standard Time)","7009.70","7010.00","7005.95","7005.95"
"Fri Jun 28 2024 12:15:00 GMT+0530 (India Standard Time)","7005.95","7009.60","7005.95","7009.00"
"Fri Jun 28 2024 12:20:00 GMT+0530 (India Standard Time)","7009.00","7009.00","7005.00","7005.15"
"Fri Jun 28 2024 12:25:00 GMT+0530 (India Standard Time)","7005.15","7008.00","7005.00","7005.00"
"Fri Jun 28 2024 12:30:00 GMT+0530 (India Standard Time)","7006.00","7008.00","7005.00","7006.00"
"Fri Jun 28 2024 12:35:00 GMT+0530 (India Standard Time)","7005.95","7008.00","7002.00","7002.00"
"Fri Jun 28 2024 12:40:00 GMT+0530 (India Standard Time)","7004.00","7007.35","7002.00","7003.65"
"Fri Jun 28 2024 12:45:00 GMT+0530 (India Standard Time)","7003.65","7007.95","7001.00","7001.00"
"Fri Jun 28 2024 12:50:00 GMT+0530 (India Standard Time)","7001.00","7002.95","6995.65","7000.85"
"Fri Jun 28 2024 12:55:00 GMT+0530 (India Standard Time)","7000.85","7001.00","6998.00","7000.85"
"Fri Jun 28 2024 13:00:00 GMT+0530 (India Standard Time)","7000.85","7004.40","7000.00","7004.35"
"Fri Jun 28 2024 13:05:00 GMT+0530 (India Standard Time)","7004.35","7004.95","7001.75","7004.80"
"Fri Jun 28 2024 13:10:00 GMT+0530 (India Standard Time)","7004.80","7008.00","6998.00","7004.00"
"Fri Jun 28 2024 13:15:00 GMT+0530 (India Standard Time)","7004.00","7004.00","6998.00","7000.00"
"Fri Jun 28 2024 13:20:00 GMT+0530 (India Standard Time)","7000.00","7004.15","6995.50","7002.00"
"Fri Jun 28 2024 13:25:00 GMT+0530 (India Standard Time)","7002.00","7006.00","6995.00","6999.80"
"Fri Jun 28 2024 13:30:00 GMT+0530 (India Standard Time)","6999.75","6999.80","6996.10","6999.80"
"Fri Jun 28 2024 13:35:00 GMT+0530 (India Standard Time)","6999.80","7000.00","6995.05","6999.05"
"Fri Jun 28 2024 13:40:00 GMT+0530 (India Standard Time)","6999.05","6999.80","6993.10","6997.05"
"Fri Jun 28 2024 13:45:00 GMT+0530 (India Standard Time)","6997.05","7000.00","6995.50","7000.00"
"Fri Jun 28 2024 13:50:00 GMT+0530 (India Standard Time)","7000.00","7000.00","6998.00","7000.00"
"Fri Jun 28 2024 13:55:00 GMT+0530 (India Standard Time)","6999.15","7000.00","6995.50","6996.05"
"Fri Jun 28 2024 14:00:00 GMT+0530 (India Standard Time)","6996.05","7001.00","6996.05","7001.00"
"Fri Jun 28 2024 14:05:00 GMT+0530 (India Standard Time)","7001.00","7002.00","6995.05","6999.90"
"Fri Jun 28 2024 14:10:00 GMT+0530 (India Standard Time)","7000.00","7002.00","6997.10","7001.95"
"Fri Jun 28 2024 14:15:00 GMT+0530 (India Standard Time)","7001.95","7002.00","6998.00","7000.05"
"Fri Jun 28 2024 14:20:00 GMT+0530 (India Standard Time)","7000.05","7003.00","6999.65","7003.00"
"Fri Jun 28 2024 14:25:00 GMT+0530 (India Standard Time)","7002.95","7003.00","6999.65","6999.65"
"Fri Jun 28 2024 14:30:00 GMT+0530 (India Standard Time)","7000.00","7003.00","6999.65","7001.00"
"Fri Jun 28 2024 14:35:00 GMT+0530 (India Standard Time)","7001.00","7002.70","6999.60","7000.05"
"Fri Jun 28 2024 14:40:00 GMT+0530 (India Standard Time)","7000.05","7002.20","6999.50","6999.60"
"Fri Jun 28 2024 14:45:00 GMT+0530 (India Standard Time)","6999.60","7001.00","6999.05","7000.00"
"Fri Jun 28 2024 14:50:00 GMT+0530 (India Standard Time)","7000.00","7003.00","6999.15","7002.90"
"Fri Jun 28 2024 14:55:00 GMT+0530 (India Standard Time)","7000.00","7004.80","6999.00","7003.25"
"Fri Jun 28 2024 15:00:00 GMT+0530 (India Standard Time)","7003.25","7008.00","7001.50","7004.05"
"Fri Jun 28 2024 15:05:00 GMT+0530 (India Standard Time)","7003.65","7006.00","7000.10","7003.15"
"Fri Jun 28 2024 15:10:00 GMT+0530 (India Standard Time)","7004.95","7006.00","6999.00","7001.00"
"Fri Jun 28 2024 15:15:00 GMT+0530 (India Standard Time)","7001.00","7001.00","6998.00","6999.80"
"Fri Jun 28 2024 15:20:00 GMT+0530 (India Standard Time)","6999.75","7001.00","6998.85","6999.00"
"Fri Jun 28 2024 15:25:00 GMT+0530 (India Standard Time)","6999.00","6999.00","6998.00","6999.00"
"Mon Jul 01 2024 09:15:00 GMT+0530 (India Standard Time)","7001.40","7010.00","6980.00","7002.85"
"Mon Jul 01 2024 09:20:00 GMT+0530 (India Standard Time)","6996.65","7040.35","6996.65","7015.05"
"Mon Jul 01 2024 09:25:00 GMT+0530 (India Standard Time)","7015.00","7025.00","7015.00","7021.05"
"Mon Jul 01 2024 09:30:00 GMT+0530 (India Standard Time)","7021.05","7024.00","7016.00","7019.65"
"Mon Jul 01 2024 09:35:00 GMT+0530 (India Standard Time)","7019.80","7020.00","7016.00","7018.00"
"Mon Jul 01 2024 09:40:00 GMT+0530 (India Standard Time)","7018.00","7023.00","7011.05","7019.75"
"Mon Jul 01 2024 09:45:00 GMT+0530 (India Standard Time)","7012.55","7019.35","7005.00","7009.40"
"Mon Jul 01 2024 09:50:00 GMT+0530 (India Standard Time)","7005.20","7014.00","7001.00","7011.00"
"Mon Jul 01 2024 09:55:00 GMT+0530 (India Standard Time)","7009.75","7023.00","7009.75","7020.00"
"Mon Jul 01 2024 10:00:00 GMT+0530 (India Standard Time)","7016.85","7025.00","7015.00","7024.00"
"Mon Jul 01 2024 10:05:00 GMT+0530 (India Standard Time)","7024.00","7028.00","7020.00","7021.90"
"Mon Jul 01 2024 10:10:00 GMT+0530 (India Standard Time)","7021.90","7027.90","7021.00","7027.90"
"Mon Jul 01 2024 10:15:00 GMT+0530 (India Standard Time)","7027.50","7039.85","7027.50","7037.80"
"Mon Jul 01 2024 10:20:00 GMT+0530 (India Standard Time)","7037.90","7088.90","7032.00","7065.35"
"Mon Jul 01 2024 10:25:00 GMT+0530 (India Standard Time)","7065.25","7068.80","7057.05","7059.80"
"Mon Jul 01 2024 10:30:00 GMT+0530 (India Standard Time)","7057.05","7060.00","7050.00","7055.00"
"Mon Jul 01 2024 10:35:00 GMT+0530 (India Standard Time)","7055.00","7064.00","7050.60","7057.50"
"Mon Jul 01 2024 10:40:00 GMT+0530 (India Standard Time)","7052.85","7060.00","7052.50","7058.35"
"Mon Jul 01 2024 10:45:00 GMT+0530 (India Standard Time)","7055.05","7057.95","7031.25","7037.55"
"Mon Jul 01 2024 10:50:00 GMT+0530 (India Standard Time)","7037.55","7050.65","7033.50","7050.65"
"Mon Jul 01 2024 10:55:00 GMT+0530 (India Standard Time)","7050.65","7058.00","7038.90","7052.00"
"Mon Jul 01 2024 11:00:00 GMT+0530 (India Standard Time)","7052.00","7063.90","7050.00","7055.00"
"Mon Jul 01 2024 11:05:00 GMT+0530 (India Standard Time)","7055.00","7059.00","7052.75","7054.40"
"Mon Jul 01 2024 11:10:00 GMT+0530 (India Standard Time)","7054.40","7061.00","7052.15","7055.60"
"Mon Jul 01 2024 11:15:00 GMT+0530 (India Standard Time)","7055.90","7061.00","7055.00","7061.00"
"Mon Jul 01 2024 11:20:00 GMT+0530 (India Standard Time)","7061.00","7065.00","7053.00","7055.10"
"Mon Jul 01 2024 11:25:00 GMT+0530 (India Standard Time)","7055.10","7068.00","7053.00","7053.50"
"Mon Jul 01 2024 11:30:00 GMT+0530 (India Standard Time)","7059.00","7060.00","7053.00","7053.90"
"Mon Jul 01 2024 11:35:00 GMT+0530 (India Standard Time)","7053.90","7057.50","7052.00","7055.95"
"Mon Jul 01 2024 11:40:00 GMT+0530 (India Standard Time)","7055.50","7057.00","7052.50","7053.55"
"Mon Jul 01 2024 11:45:00 GMT+0530 (India Standard Time)","7053.55","7055.00","7052.00","7053.05"
"Mon Jul 01 2024 11:50:00 GMT+0530 (India Standard Time)","7054.80","7054.80","7032.50","7032.90"
"Mon Jul 01 2024 11:55:00 GMT+0530 (India Standard Time)","7032.90","7046.90","7030.50","7043.25"
"Mon Jul 01 2024 12:00:00 GMT+0530 (India Standard Time)","7043.25","7052.50","7040.00","7044.05"
"Mon Jul 01 2024 12:05:00 GMT+0530 (India Standard Time)","7042.40","7054.80","7042.10","7054.65"
"Mon Jul 01 2024 12:10:00 GMT+0530 (India Standard Time)","7054.65","7059.00","7054.00","7056.00"
"Mon Jul 01 2024 12:15:00 GMT+0530 (India Standard Time)","7056.00","7058.50","7040.00","7044.70"
"Mon Jul 01 2024 12:20:00 GMT+0530 (India Standard Time)","7040.55","7046.70","7040.00","7043.75"
"Mon Jul 01 2024 12:25:00 GMT+0530 (India Standard Time)","7043.75","7055.95","7040.00","7055.95"
"Mon Jul 01 2024 12:30:00 GMT+0530 (India Standard Time)","7055.95","7057.25","7051.15","7055.00"
"Mon Jul 01 2024 12:35:00 GMT+0530 (India Standard Time)","7053.30","7056.00","7051.05","7052.45"
"Mon Jul 01 2024 12:40:00 GMT+0530 (India Standard Time)","7052.45","7055.00","7050.05","7051.25"
"Mon Jul 01 2024 12:45:00 GMT+0530 (India Standard Time)","7051.15","7055.00","7051.15","7054.85"
"Mon Jul 01 2024 12:50:00 GMT+0530 (India Standard Time)","7054.05","7055.00","7050.65","7054.90"
"Mon Jul 01 2024 12:55:00 GMT+0530 (India Standard Time)","7054.90","7058.40","7050.60","7058.00"
"Mon Jul 01 2024 13:00:00 GMT+0530 (India Standard Time)","7058.00","7065.00","7055.45","7064.95"
"Mon Jul 01 2024 13:05:00 GMT+0530 (India Standard Time)","7063.45","7065.00","7054.05","7055.25"
"Mon Jul 01 2024 13:10:00 GMT+0530 (India Standard Time)","7054.10","7060.00","7051.85","7058.70"
"Mon Jul 01 2024 13:15:00 GMT+0530 (India Standard Time)","7058.70","7063.40","7056.00","7058.00"
"Mon Jul 01 2024 13:20:00 GMT+0530 (India Standard Time)","7058.30","7065.00","7057.40","7059.35"
"Mon Jul 01 2024 13:25:00 GMT+0530 (India Standard Time)","7063.00","7066.95","7056.00","7058.20"
"Mon Jul 01 2024 13:30:00 GMT+0530 (India Standard Time)","7062.45","7072.00","7058.30","7070.00"
"Mon Jul 01 2024 13:35:00 GMT+0530 (India Standard Time)","7071.00","7075.00","7060.00","7064.95"
"Mon Jul 01 2024 13:40:00 GMT+0530 (India Standard Time)","7064.30","7065.00","7058.00","7060.00"
"Mon Jul 01 2024 13:45:00 GMT+0530 (India Standard Time)","7063.65","7065.00","7060.00","7064.00"
"Mon Jul 01 2024 13:50:00 GMT+0530 (India Standard Time)","7065.00","7069.00","7060.50","7067.55"
"Mon Jul 01 2024 13:55:00 GMT+0530 (India Standard Time)","7067.55","7067.60","7062.00","7063.00"
"Mon Jul 01 2024 14:00:00 GMT+0530 (India Standard Time)","7063.00","7067.00","7062.00","7062.00"
"Mon Jul 01 2024 14:05:00 GMT+0530 (India Standard Time)","7062.00","7066.80","7060.00","7064.60"
"Mon Jul 01 2024 14:10:00 GMT+0530 (India Standard Time)","7064.60","7064.60","7060.05","7063.80"
"Mon Jul 01 2024 14:15:00 GMT+0530 (India Standard Time)","7060.35","7063.65","7056.00","7062.40"
"Mon Jul 01 2024 14:20:00 GMT+0530 (India Standard Time)","7057.70","7060.00","7056.00","7056.00"
"Mon Jul 01 2024 14:25:00 GMT+0530 (India Standard Time)","7058.00","7059.95","7055.00","7057.95"
"Mon Jul 01 2024 14:30:00 GMT+0530 (India Standard Time)","7055.15","7059.15","7051.00","7051.90"
"Mon Jul 01 2024 14:35:00 GMT+0530 (India Standard Time)","7051.90","7053.80","7051.00","7053.70"
"Mon Jul 01 2024 14:40:00 GMT+0530 (India Standard Time)","7052.95","7063.55","7051.20","7063.55"
"Mon Jul 01 2024 14:45:00 GMT+0530 (India Standard Time)","7065.00","7079.90","7064.10","7075.00"
"Mon Jul 01 2024 14:50:00 GMT+0530 (India Standard Time)","7075.00","7075.00","7065.35","7075.00"
"Mon Jul 01 2024 14:55:00 GMT+0530 (India Standard Time)","7075.00","7075.00","7071.05","7074.05"
"Mon Jul 01 2024 15:00:00 GMT+0530 (India Standard Time)","7074.90","7079.75","7065.75","7065.75"
"Mon Jul 01 2024 15:05:00 GMT+0530 (India Standard Time)","7071.75","7079.70","7066.05","7077.05"
"Mon Jul 01 2024 15:10:00 GMT+0530 (India Standard Time)","7077.00","7078.95","7063.00","7063.00"
"Mon Jul 01 2024 15:15:00 GMT+0530 (India Standard Time)","7063.00","7078.25","7061.30","7073.70"
"Mon Jul 01 2024 15:20:00 GMT+0530 (India Standard Time)","7073.85","7078.00","7068.55","7071.05"
"Mon Jul 01 2024 15:25:00 GMT+0530 (India Standard Time)","7071.05","7079.00","7065.00","7075.00"
"Tue Jul 02 2024 09:15:00 GMT+0530 (India Standard Time)","7100.00","7117.50","7090.00","7100.00"
"Tue Jul 02 2024 09:20:00 GMT+0530 (India Standard Time)","7100.00","7105.95","7085.40","7102.85"
"Tue Jul 02 2024 09:25:00 GMT+0530 (India Standard Time)","7102.85","7107.00","7087.50","7087.50"
"Tue Jul 02 2024 09:30:00 GMT+0530 (India Standard Time)","7088.90","7094.95","7081.00","7086.00"
"Tue Jul 02 2024 09:35:00 GMT+0530 (India Standard Time)","7086.00","7087.10","7075.00","7081.00"
"Tue Jul 02 2024 09:40:00 GMT+0530 (India Standard Time)","7081.00","7088.00","7079.20","7080.30"
"Tue Jul 02 2024 09:45:00 GMT+0530 (India Standard Time)","7080.30","7083.50","7070.60","7083.50"
"Tue Jul 02 2024 09:50:00 GMT+0530 (India Standard Time)","7085.00","7099.00","7077.05","7095.00"
"Tue Jul 02 2024 09:55:00 GMT+0530 (India Standard Time)","7095.00","7099.00","7090.45","7098.00"
"Tue Jul 02 2024 10:00:00 GMT+0530 (India Standard Time)","7098.00","7098.00","7090.40","7090.40"
"Tue Jul 02 2024 10:05:00 GMT+0530 (India Standard Time)","7094.00","7095.95","7090.00","7090.05"
"Tue Jul 02 2024 10:10:00 GMT+0530 (India Standard Time)","7090.05","7096.15","7090.00","7095.80"
"Tue Jul 02 2024 10:15:00 GMT+0530 (India Standard Time)","7095.80","7095.80","7080.00","7089.45"
"Tue Jul 02 2024 10:20:00 GMT+0530 (India Standard Time)","7089.45","7094.30","7080.45","7090.00"
"Tue Jul 02 2024 10:25:00 GMT+0530 (India Standard Time)","7090.00","7109.95","7090.00","7104.75"
"Tue Jul 02 2024 10:30:00 GMT+0530 (India Standard Time)","7105.05","7105.05","7084.85","7093.70"
"Tue Jul 02 2024 10:35:00 GMT+0530 (India Standard Time)","7093.70","7093.70","7080.00","7082.05"
"Tue Jul 02 2024 10:40:00 GMT+0530 (India Standard Time)","7082.05","7089.00","7080.00","7089.00"
"Tue Jul 02 2024 10:45:00 GMT+0530 (India Standard Time)","7090.70","7091.80","7080.00","7087.80"
"Tue Jul 02 2024 10:50:00 GMT+0530 (India Standard Time)","7087.80","7091.65","7082.00","7090.00"
"Tue Jul 02 2024 10:55:00 GMT+0530 (India Standard Time)","7090.00","7090.55","7085.00","7085.70"
"Tue Jul 02 2024 11:00:00 GMT+0530 (India Standard Time)","7085.70","7090.35","7085.70","7086.00"
"Tue Jul 02 2024 11:05:00 GMT+0530 (India Standard Time)","7086.00","7091.80","7085.70","7086.20"
"Tue Jul 02 2024 11:10:00 GMT+0530 (India Standard Time)","7085.70","7091.80","7085.70","7085.85"
"Tue Jul 02 2024 11:15:00 GMT+0530 (India Standard Time)","7085.85","7090.90","7085.85","7087.05"
"Tue Jul 02 2024 11:20:00 GMT+0530 (India Standard Time)","7087.05","7097.90","7087.05","7092.00"
"Tue Jul 02 2024 11:25:00 GMT+0530 (India Standard Time)","7092.05","7100.00","7087.05","7096.00"
"Tue Jul 02 2024 11:30:00 GMT+0530 (India Standard Time)","7095.95","7095.95","7088.10","7095.75"
"Tue Jul 02 2024 11:35:00 GMT+0530 (India Standard Time)","7095.80","7096.95","7090.05","7094.00"
"Tue Jul 02 2024 11:40:00 GMT+0530 (India Standard Time)","7091.05","7094.00","7087.00","7088.05"
"Tue Jul 02 2024 11:45:00 GMT+0530 (India Standard Time)","7088.05","7092.00","7085.75","7090.00"
"Tue Jul 02 2024 11:50:00 GMT+0530 (India Standard Time)","7090.00","7092.00","7085.75","7089.95"
"Tue Jul 02 2024 11:55:00 GMT+0530 (India Standard Time)","7089.95","7095.75","7085.75","7095.75"
"Tue Jul 02 2024 12:00:00 GMT+0530 (India Standard Time)","7095.75","7098.00","7090.00","7095.60"
"Tue Jul 02 2024 12:05:00 GMT+0530 (India Standard Time)","7095.60","7095.60","7090.00","7093.95"
"Tue Jul 02 2024 12:10:00 GMT+0530 (India Standard Time)","7093.95","7093.95","7089.50","7089.50"
"Tue Jul 02 2024 12:15:00 GMT+0530 (India Standard Time)","7089.50","7089.50","7085.80","7086.05"
"Tue Jul 02 2024 12:20:00 GMT+0530 (India Standard Time)","7086.05","7094.00","7086.00","7093.00"
"Tue Jul 02 2024 12:25:00 GMT+0530 (India Standard Time)","7088.35","7093.90","7087.25","7090.00"
"Tue Jul 02 2024 12:30:00 GMT+0530 (India Standard Time)","7090.00","7093.00","7088.30","7090.25"
"Tue Jul 02 2024 12:35:00 GMT+0530 (India Standard Time)","7090.25","7092.65","7085.00","7085.00"
"Tue Jul 02 2024 12:40:00 GMT+0530 (India Standard Time)","7084.00","7085.00","7061.00","7064.95"
"Tue Jul 02 2024 12:45:00 GMT+0530 (India Standard Time)","7064.95","7066.90","7055.00","7066.90"
"Tue Jul 02 2024 12:50:00 GMT+0530 (India Standard Time)","7067.00","7068.70","7059.75","7066.10"
"Tue Jul 02 2024 12:55:00 GMT+0530 (India Standard Time)","7066.10","7067.85","7051.20","7056.35"
"Tue Jul 02 2024 13:00:00 GMT+0530 (India Standard Time)","7056.35","7056.35","7030.45","7042.25"
"Tue Jul 02 2024 13:05:00 GMT+0530 (India Standard Time)","7038.25","7050.00","7038.25","7040.15"
"Tue Jul 02 2024 13:10:00 GMT+0530 (India Standard Time)","7040.15","7045.00","7038.25","7044.95"
"Tue Jul 02 2024 13:15:00 GMT+0530 (India Standard Time)","7044.95","7045.00","7038.55","7038.65"
"Tue Jul 02 2024 13:20:00 GMT+0530 (India Standard Time)","7038.65","7054.00","7038.65","7049.95"
"Tue Jul 02 2024 13:25:00 GMT+0530 (India Standard Time)","7049.95","7053.10","7041.15","7052.45"
"Tue Jul 02 2024 13:30:00 GMT+0530 (India Standard Time)","7052.45","7053.10","7043.00","7045.00"
"Tue Jul 02 2024 13:35:00 GMT+0530 (India Standard Time)","7045.00","7059.10","7043.25","7059.10"
"Tue Jul 02 2024 13:40:00 GMT+0530 (India Standard Time)","7055.05","7062.55","7055.05","7061.85"
"Tue Jul 02 2024 13:45:00 GMT+0530 (India Standard Time)","7061.85","7064.10","7056.00","7059.00"
"Tue Jul 02 2024 13:50:00 GMT+0530 (India Standard Time)","7059.00","7064.10","7058.10","7059.85"
"Tue Jul 02 2024 13:55:00 GMT+0530 (India Standard Time)","7059.85","7062.50","7056.00","7056.00"
"Tue Jul 02 2024 14:00:00 GMT+0530 (India Standard Time)","7056.00","7064.00","7056.00","7064.00"
"Tue Jul 02 2024 14:05:00 GMT+0530 (India Standard Time)","7064.00","7066.15","7061.80","7064.00"
"Tue Jul 02 2024 14:10:00 GMT+0530 (India Standard Time)","7064.00","7066.15","7064.00","7066.00"
"Tue Jul 02 2024 14:15:00 GMT+0530 (India Standard Time)","7066.00","7067.00","7061.80","7061.80"
"Tue Jul 02 2024 14:20:00 GMT+0530 (India Standard Time)","7061.80","7066.00","7061.80","7066.00"
"Tue Jul 02 2024 14:25:00 GMT+0530 (India Standard Time)","7066.00","7067.00","7061.80","7067.00"
"Tue Jul 02 2024 14:30:00 GMT+0530 (India Standard Time)","7067.00","7074.45","7066.00","7070.15"
"Tue Jul 02 2024 14:35:00 GMT+0530 (India Standard Time)","7071.00","7073.45","7061.80","7063.45"
"Tue Jul 02 2024 14:40:00 GMT+0530 (India Standard Time)","7063.45","7068.00","7062.00","7066.00"
"Tue Jul 02 2024 14:45:00 GMT+0530 (India Standard Time)","7066.00","7066.00","7062.00","7062.00"
"Tue Jul 02 2024 14:50:00 GMT+0530 (India Standard Time)","7064.85","7067.85","7060.00","7063.70"
"Tue Jul 02 2024 14:55:00 GMT+0530 (India Standard Time)","7064.30","7065.10","7057.35","7064.25"
"Tue Jul 02 2024 15:00:00 GMT+0530 (India Standard Time)","7063.80","7063.80","7056.40","7059.65"
"Tue Jul 02 2024 15:05:00 GMT+0530 (India Standard Time)","7059.40","7060.00","7059.35","7059.80"
"Tue Jul 02 2024 15:10:00 GMT+0530 (India Standard Time)","7059.80","7060.00","7058.00","7059.75"
"Tue Jul 02 2024 15:15:00 GMT+0530 (India Standard Time)","7059.75","7060.00","7050.00","7060.00"
"Tue Jul 02 2024 15:20:00 GMT+0530 (India Standard Time)","7060.00","7060.00","7056.55","7059.90"
"Tue Jul 02 2024 15:25:00 GMT+0530 (India Standard Time)","7059.90","7062.00","7055.00","7062.00"
"Wed Jul 03 2024 09:15:00 GMT+0530 (India Standard Time)","7071.80","7107.95","7063.10","7092.00"
"Wed Jul 03 2024 09:20:00 GMT+0530 (India Standard Time)","7092.00","7092.00","7070.00","7082.00"
"Wed Jul 03 2024 09:25:00 GMT+0530 (India Standard Time)","7082.00","7094.25","7070.55","7076.15"
"Wed Jul 03 2024 09:30:00 GMT+0530 (India Standard Time)","7070.40","7090.85","7070.40","7083.95"
"Wed Jul 03 2024 09:35:00 GMT+0530 (India Standard Time)","7084.00","7092.00","7080.40","7084.40"
"Wed Jul 03 2024 09:40:00 GMT+0530 (India Standard Time)","7084.40","7098.00","7084.40","7098.00"
"Wed Jul 03 2024 09:45:00 GMT+0530 (India Standard Time)","7098.00","7112.00","7094.30","7104.50"
"Wed Jul 03 2024 09:50:00 GMT+0530 (India Standard Time)","7105.00","7114.70","7100.00","7103.40"
"Wed Jul 03 2024 09:55:00 GMT+0530 (India Standard Time)","7105.00","7109.95","7097.00","7100.00"
"Wed Jul 03 2024 10:00:00 GMT+0530 (India Standard Time)","7099.75","7108.00","7090.00","7093.80"
"Wed Jul 03 2024 10:05:00 GMT+0530 (India Standard Time)","7093.80","7098.75","7090.00","7090.05"
"Wed Jul 03 2024 10:10:00 GMT+0530 (India Standard Time)","7090.00","7095.50","7090.00","7090.00"
"Wed Jul 03 2024 10:15:00 GMT+0530 (India Standard Time)","7090.00","7091.00","7089.00","7090.10"
"Wed Jul 03 2024 10:20:00 GMT+0530 (India Standard Time)","7090.10","7106.50","7090.00","7106.15"
"Wed Jul 03 2024 10:25:00 GMT+0530 (India Standard Time)","7106.15","7106.15","7100.30","7102.00"
"Wed Jul 03 2024 10:30:00 GMT+0530 (India Standard Time)","7104.55","7105.00","7100.00","7100.00"
"Wed Jul 03 2024 10:35:00 GMT+0530 (India Standard Time)","7102.90","7108.90","7100.00","7106.00"
"Wed Jul 03 2024 10:40:00 GMT+0530 (India Standard Time)","7106.00","7109.00","7102.40","7108.00"
"Wed Jul 03 2024 10:45:00 GMT+0530 (India Standard Time)","7108.00","7108.10","7102.40","7102.75"
"Wed Jul 03 2024 10:50:00 GMT+0530 (India Standard Time)","7102.75","7107.95","7102.50","7106.00"
"Wed Jul 03 2024 10:55:00 GMT+0530 (India Standard Time)","7106.00","7107.80","7102.50","7105.90"
"Wed Jul 03 2024 11:00:00 GMT+0530 (India Standard Time)","7105.90","7106.85","7096.05","7102.00"
"Wed Jul 03 2024 11:05:00 GMT+0530 (India Standard Time)","7102.00","7105.00","7099.40","7100.00"
"Wed Jul 03 2024 11:10:00 GMT+0530 (India Standard Time)","7100.00","7102.95","7095.20","7101.00"
"Wed Jul 03 2024 11:15:00 GMT+0530 (India Standard Time)","7102.00","7102.95","7097.05","7100.00"
"Wed Jul 03 2024 11:20:00 GMT+0530 (India Standard Time)","7100.00","7103.00","7097.25","7100.00"
"Wed Jul 03 2024 11:25:00 GMT+0530 (India Standard Time)","7100.00","7102.45","7098.10","7100.00"
"Wed Jul 03 2024 11:30:00 GMT+0530 (India Standard Time)","7100.00","7102.00","7094.35","7099.85"
"Wed Jul 03 2024 11:35:00 GMT+0530 (India Standard Time)","7099.85","7102.20","7096.40","7100.00"
"Wed Jul 03 2024 11:40:00 GMT+0530 (India Standard Time)","7100.00","7102.85","7085.80","7085.80"
"Wed Jul 03 2024 11:45:00 GMT+0530 (India Standard Time)","7085.80","7097.00","7085.80","7092.15"
"Wed Jul 03 2024 11:50:00 GMT+0530 (India Standard Time)","7092.15","7092.30","7085.80","7090.40"
"Wed Jul 03 2024 11:55:00 GMT+0530 (India Standard Time)","7088.40","7091.95","7085.80","7090.00"
"Wed Jul 03 2024 12:00:00 GMT+0530 (India Standard Time)","7087.95","7091.90","7085.80","7089.90"
"Wed Jul 03 2024 12:05:00 GMT+0530 (India Standard Time)","7089.70","7090.00","7077.60","7078.00"
"Wed Jul 03 2024 12:10:00 GMT+0530 (India Standard Time)","7079.45","7086.95","7071.00","7079.25"
"Wed Jul 03 2024 12:15:00 GMT+0530 (India Standard Time)","7073.70","7080.00","7070.00","7080.00"
"Wed Jul 03 2024 12:20:00 GMT+0530 (India Standard Time)","7078.00","7080.00","7071.85","7073.80"
"Wed Jul 03 2024 12:25:00 GMT+0530 (India Standard Time)","7076.15","7079.00","7071.00","7077.70"
"Wed Jul 03 2024 12:30:00 GMT+0530 (India Standard Time)","7073.50","7079.00","7072.65","7079.00"
"Wed Jul 03 2024 12:35:00 GMT+0530 (India Standard Time)","7079.00","7079.00","7074.85","7074.85"
"Wed Jul 03 2024 12:40:00 GMT+0530 (India Standard Time)","7076.85","7079.00","7065.00","7067.95"
"Wed Jul 03 2024 12:45:00 GMT+0530 (India Standard Time)","7070.20","7073.50","7065.00","7067.05"
"Wed Jul 03 2024 12:50:00 GMT+0530 (India Standard Time)","7069.90","7071.85","7057.20","7062.45"
"Wed Jul 03 2024 12:55:00 GMT+0530 (India Standard Time)","7062.45","7065.00","7058.00","7060.95"
"Wed Jul 03 2024 13:00:00 GMT+0530 (India Standard Time)","7060.95","7070.00","7060.95","7066.00"
"Wed Jul 03 2024 13:05:00 GMT+0530 (India Standard Time)","7066.00","7070.00","7062.85","7069.15"
"Wed Jul 03 2024 13:10:00 GMT+0530 (India Standard Time)","7069.15","7069.15","7060.00","7060.55"
"Wed Jul 03 2024 13:15:00 GMT+0530 (India Standard Time)","7061.25","7066.30","7058.40","7065.00"
"Wed Jul 03 2024 13:20:00 GMT+0530 (India Standard Time)","7065.00","7066.50","7060.05","7065.00"
"Wed Jul 03 2024 13:25:00 GMT+0530 (India Standard Time)","7064.00","7075.75","7062.00","7071.15"
"Wed Jul 03 2024 13:30:00 GMT+0530 (India Standard Time)","7071.40","7081.80","7070.65","7079.95"
"Wed Jul 03 2024 13:35:00 GMT+0530 (India Standard Time)","7079.95","7081.75","7070.00","7075.00"
"Wed Jul 03 2024 13:40:00 GMT+0530 (India Standard Time)","7075.00","7076.25","7061.00","7065.65"
"Wed Jul 03 2024 13:45:00 GMT+0530 (India Standard Time)","7065.65","7074.65","7063.55","7070.95"
"Wed Jul 03 2024 13:50:00 GMT+0530 (India Standard Time)","7071.45","7072.00","7066.00","7068.65"
"Wed Jul 03 2024 13:55:00 GMT+0530 (India Standard Time)","7070.00","7070.05","7061.00","7068.00"
"Wed Jul 03 2024 14:00:00 GMT+0530 (India Standard Time)","7069.20","7069.40","7054.00","7055.00"
"Wed Jul 03 2024 14:05:00 GMT+0530 (India Standard Time)","7055.00","7058.15","7044.85","7049.90"
"Wed Jul 03 2024 14:10:00 GMT+0530 (India Standard Time)","7050.00","7058.65","7047.10","7055.95"
"Wed Jul 03 2024 14:15:00 GMT+0530 (India Standard Time)","7055.95","7060.90","7052.30","7060.70"
"Wed Jul 03 2024 14:20:00 GMT+0530 (India Standard Time)","7060.70","7069.60","7060.00","7068.55"
"Wed Jul 03 2024 14:25:00 GMT+0530 (India Standard Time)","7068.55","7070.00","7064.40","7069.00"
"Wed Jul 03 2024 14:30:00 GMT+0530 (India Standard Time)","7069.00","7088.00","7065.00","7083.95"
"Wed Jul 03 2024 14:35:00 GMT+0530 (India Standard Time)","7080.05","7083.90","7080.00","7080.10"
"Wed Jul 03 2024 14:40:00 GMT+0530 (India Standard Time)","7080.10","7083.00","7076.20","7080.00"
"Wed Jul 03 2024 14:45:00 GMT+0530 (India Standard Time)","7080.00","7082.00","7080.00","7081.55"
"Wed Jul 03 2024 14:50:00 GMT+0530 (India Standard Time)","7081.55","7089.50","7081.55","7087.90"
"Wed Jul 03 2024 14:55:00 GMT+0530 (India Standard Time)","7087.90","7087.90","7080.00","7080.00"
"Wed Jul 03 2024 15:00:00 GMT+0530 (India Standard Time)","7080.00","7098.25","7080.00","7097.95"
"Wed Jul 03 2024 15:05:00 GMT+0530 (India Standard Time)","7097.95","7100.00","7090.00","7096.20"
"Wed Jul 03 2024 15:10:00 GMT+0530 (India Standard Time)","7095.80","7098.15","7093.00","7098.00"
"Wed Jul 03 2024 15:15:00 GMT+0530 (India Standard Time)","7098.00","7100.00","7090.05","7093.90"
"Wed Jul 03 2024 15:20:00 GMT+0530 (India Standard Time)","7096.80","7098.00","7085.60","7098.00"
"Wed Jul 03 2024 15:25:00 GMT+0530 (India Standard Time)","7098.00","7098.00","7090.05","7097.85"
"Thu Jul 04 2024 09:15:00 GMT+0530 (India Standard Time)","7114.00","7127.75","7081.60","7090.00"
"Thu Jul 04 2024 09:20:00 GMT+0530 (India Standard Time)","7089.00","7095.00","7080.00","7093.95"
"Thu Jul 04 2024 09:25:00 GMT+0530 (India Standard Time)","7093.80","7093.80","7075.15","7075.15"
"Thu Jul 04 2024 09:30:00 GMT+0530 (India Standard Time)","7078.95","7109.40","7072.05","7105.85"
"Thu Jul 04 2024 09:35:00 GMT+0530 (India Standard Time)","7105.85","7120.45","7095.65","7110.00"
"Thu Jul 04 2024 09:40:00 GMT+0530 (India Standard Time)","7110.00","7114.60","7103.10","7107.40"
"Thu Jul 04 2024 09:45:00 GMT+0530 (India Standard Time)","7107.40","7109.00","7095.00","7104.60"
"Thu Jul 04 2024 09:50:00 GMT+0530 (India Standard Time)","7104.60","7104.85","7090.00","7090.25"
"Thu Jul 04 2024 09:55:00 GMT+0530 (India Standard Time)","7095.00","7100.00","7090.00","7096.00"
"Thu Jul 04 2024 10:00:00 GMT+0530 (India Standard Time)","7097.55","7100.00","7091.20","7093.80"
"Thu Jul 04 2024 10:05:00 GMT+0530 (India Standard Time)","7093.80","7100.00","7093.35","7094.20"
"Thu Jul 04 2024 10:10:00 GMT+0530 (India Standard Time)","7094.20","7100.00","7094.20","7095.25"
"Thu Jul 04 2024 10:15:00 GMT+0530 (India Standard Time)","7099.75","7100.00","7090.00","7094.85"
"Thu Jul 04 2024 10:20:00 GMT+0530 (India Standard Time)","7096.90","7099.95","7090.00","7090.15"
"Thu Jul 04 2024 10:25:00 GMT+0530 (India Standard Time)","7096.80","7096.80","7090.00","7095.20"
"Thu Jul 04 2024 10:30:00 GMT+0530 (India Standard Time)","7091.10","7096.00","7080.00","7084.40"
"Thu Jul 04 2024 10:35:00 GMT+0530 (India Standard Time)","7080.00","7086.30","7075.05","7086.30"
"Thu Jul 04 2024 10:40:00 GMT+0530 (India Standard Time)","7086.30","7089.70","7080.00","7080.00"
"Thu Jul 04 2024 10:45:00 GMT+0530 (India Standard Time)","7080.00","7090.00","7080.00","7082.00"
"Thu Jul 04 2024 10:50:00 GMT+0530 (India Standard Time)","7082.00","7088.00","7082.00","7087.30"
"Thu Jul 04 2024 10:55:00 GMT+0530 (India Standard Time)","7086.90","7093.45","7082.35","7092.70"
"Thu Jul 04 2024 11:00:00 GMT+0530 (India Standard Time)","7088.30","7098.60","7086.40","7094.05"
"Thu Jul 04 2024 11:05:00 GMT+0530 (India Standard Time)","7094.05","7098.00","7090.00","7093.50"
"Thu Jul 04 2024 11:10:00 GMT+0530 (India Standard Time)","7093.50","7096.50","7093.00","7094.00"
"Thu Jul 04 2024 11:15:00 GMT+0530 (India Standard Time)","7094.00","7096.50","7093.00","7095.00"
"Thu Jul 04 2024 11:20:00 GMT+0530 (India Standard Time)","7095.00","7097.85","7085.30","7090.00"
"Thu Jul 04 2024 11:25:00 GMT+0530 (India Standard Time)","7092.00","7098.00","7087.50","7090.05"
"Thu Jul 04 2024 11:30:00 GMT+0530 (India Standard Time)","7090.05","7099.00","7087.50","7087.50"
"Thu Jul 04 2024 11:35:00 GMT+0530 (India Standard Time)","7088.00","7095.10","7085.00","7085.00"
"Thu Jul 04 2024 11:40:00 GMT+0530 (India Standard Time)","7085.00","7091.95","7085.00","7087.00"
"Thu Jul 04 2024 11:45:00 GMT+0530 (India Standard Time)","7087.00","7095.95","7085.00","7090.95"
"Thu Jul 04 2024 11:50:00 GMT+0530 (India Standard Time)","7090.95","7094.90","7086.40","7091.95"
"Thu Jul 04 2024 11:55:00 GMT+0530 (India Standard Time)","7091.95","7092.45","7085.00","7087.20"
"Thu Jul 04 2024 12:00:00 GMT+0530 (India Standard Time)","7091.75","7092.00","7087.00","7090.00"
"Thu Jul 04 2024 12:05:00 GMT+0530 (India Standard Time)","7090.00","7094.90","7085.00","7089.45"
"Thu Jul 04 2024 12:10:00 GMT+0530 (India Standard Time)","7089.75","7094.00","7089.10","7089.10"
"Thu Jul 04 2024 12:15:00 GMT+0530 (India Standard Time)","7089.10","7094.70","7086.00","7090.65"
"Thu Jul 04 2024 12:20:00 GMT+0530 (India Standard Time)","7090.65","7094.00","7089.45","7090.15"
"Thu Jul 04 2024 12:25:00 GMT+0530 (India Standard Time)","7090.15","7094.00","7089.00","7089.00"
"Thu Jul 04 2024 12:30:00 GMT+0530 (India Standard Time)","7090.00","7093.00","7088.85","7088.85"
"Thu Jul 04 2024 12:35:00 GMT+0530 (India Standard Time)","7092.95","7093.00","7088.00","7088.00"
"Thu Jul 04 2024 12:40:00 GMT+0530 (India Standard Time)","7088.00","7092.75","7085.00","7088.00"
"Thu Jul 04 2024 12:45:00 GMT+0530 (India Standard Time)","7088.00","7092.20","7086.00","7087.00"
"Thu Jul 04 2024 12:50:00 GMT+0530 (India Standard Time)","7087.00","7092.75","7087.00","7091.00"
"Thu Jul 04 2024 12:55:00 GMT+0530 (India Standard Time)","7091.00","7091.45","7085.00","7085.00"
"Thu Jul 04 2024 13:00:00 GMT+0530 (India Standard Time)","7087.10","7087.10","7080.20","7081.00"
"Thu Jul 04 2024 13:05:00 GMT+0530 (India Standard Time)","7081.00","7087.90","7080.20","7085.60"
"Thu Jul 04 2024 13:10:00 GMT+0530 (India Standard Time)","7085.60","7090.00","7081.00","7086.05"
"Thu Jul 04 2024 13:15:00 GMT+0530 (India Standard Time)","7086.05","7089.75","7082.05","7087.60"
"Thu Jul 04 2024 13:20:00 GMT+0530 (India Standard Time)","7087.60","7087.60","7081.00","7082.15"
"Thu Jul 04 2024 13:25:00 GMT+0530 (India Standard Time)","7082.15","7086.95","7082.15","7086.60"
"Thu Jul 04 2024 13:30:00 GMT+0530 (India Standard Time)","7086.95","7086.95","7082.25","7086.90"
"Thu Jul 04 2024 13:35:00 GMT+0530 (India Standard Time)","7085.90","7086.90","7083.00","7083.00"
"Thu Jul 04 2024 13:40:00 GMT+0530 (India Standard Time)","7083.00","7085.00","7082.00","7083.00"
"Thu Jul 04 2024 13:45:00 GMT+0530 (India Standard Time)","7083.00","7084.50","7080.00","7080.20"
"Thu Jul 04 2024 13:50:00 GMT+0530 (India Standard Time)","7084.35","7084.65","7080.00","7080.05"
"Thu Jul 04 2024 13:55:00 GMT+0530 (India Standard Time)","7080.00","7086.65","7080.00","7082.05"
"Thu Jul 04 2024 14:00:00 GMT+0530 (India Standard Time)","7085.00","7087.80","7080.15","7086.00"
"Thu Jul 04 2024 14:05:00 GMT+0530 (India Standard Time)","7086.00","7090.00","7084.50","7090.00"
"Thu Jul 04 2024 14:10:00 GMT+0530 (India Standard Time)","7090.00","7093.00","7088.05","7091.90"
"Thu Jul 04 2024 14:15:00 GMT+0530 (India Standard Time)","7091.90","7092.80","7088.00","7088.00"
"Thu Jul 04 2024 14:20:00 GMT+0530 (India Standard Time)","7088.00","7091.45","7084.50","7084.50"
"Thu Jul 04 2024 14:25:00 GMT+0530 (India Standard Time)","7082.30","7086.90","7081.80","7082.55"
"Thu Jul 04 2024 14:30:00 GMT+0530 (India Standard Time)","7082.55","7088.05","7080.00","7080.55"
"Thu Jul 04 2024 14:35:00 GMT+0530 (India Standard Time)","7080.55","7090.00","7080.55","7083.30"
"Thu Jul 04 2024 14:40:00 GMT+0530 (India Standard Time)","7083.30","7088.05","7081.00","7084.10"
"Thu Jul 04 2024 14:45:00 GMT+0530 (India Standard Time)","7083.45","7088.05","7083.05","7085.00"
"Thu Jul 04 2024 14:50:00 GMT+0530 (India Standard Time)","7085.00","7087.95","7080.00","7082.00"
"Thu Jul 04 2024 14:55:00 GMT+0530 (India Standard Time)","7082.00","7084.00","7080.00","7083.00"
"Thu Jul 04 2024 15:00:00 GMT+0530 (India Standard Time)","7083.65","7087.15","7080.00","7080.25"
"Thu Jul 04 2024 15:05:00 GMT+0530 (India Standard Time)","7080.25","7084.00","7080.00","7080.00"
"Thu Jul 04 2024 15:10:00 GMT+0530 (India Standard Time)","7088.05","7088.05","7072.00","7072.00"
"Thu Jul 04 2024 15:15:00 GMT+0530 (India Standard Time)","7072.00","7075.75","7070.05","7070.10"
"Thu Jul 04 2024 15:20:00 GMT+0530 (India Standard Time)","7075.45","7075.65","7070.05","7073.00"
"Thu Jul 04 2024 15:25:00 GMT+0530 (India Standard Time)","7073.40","7075.00","7070.00","7071.00"
"Fri Jul 05 2024 09:15:00 GMT+0530 (India Standard Time)","7075.85","7106.40","7038.25","7084.55"
"Fri Jul 05 2024 09:20:00 GMT+0530 (India Standard Time)","7085.00","7096.95","7069.00","7082.95"
"Fri Jul 05 2024 09:25:00 GMT+0530 (India Standard Time)","7088.85","7095.00","7060.00","7095.00"
"Fri Jul 05 2024 09:30:00 GMT+0530 (India Standard Time)","7094.95","7095.75","7073.00","7093.45"
"Fri Jul 05 2024 09:35:00 GMT+0530 (India Standard Time)","7086.00","7093.45","7070.00","7070.05"
"Fri Jul 05 2024 09:40:00 GMT+0530 (India Standard Time)","7070.05","7080.50","7070.00","7080.25"
"Fri Jul 05 2024 09:45:00 GMT+0530 (India Standard Time)","7080.25","7089.00","7076.50","7085.00"
"Fri Jul 05 2024 09:50:00 GMT+0530 (India Standard Time)","7085.00","7085.00","7065.00","7069.95"
"Fri Jul 05 2024 09:55:00 GMT+0530 (India Standard Time)","7065.15","7077.95","7065.05","7070.00"
"Fri Jul 05 2024 10:00:00 GMT+0530 (India Standard Time)","7070.00","7073.50","7066.00","7070.00"
"Fri Jul 05 2024 10:05:00 GMT+0530 (India Standard Time)","7070.00","7073.70","7066.00","7070.00"
"Fri Jul 05 2024 10:10:00 GMT+0530 (India Standard Time)","7070.00","7073.45","7063.15","7069.00"
"Fri Jul 05 2024 10:15:00 GMT+0530 (India Standard Time)","7069.00","7070.15","7055.05","7058.90"
"Fri Jul 05 2024 10:20:00 GMT+0530 (India Standard Time)","7058.90","7058.90","7045.10","7046.10"
"Fri Jul 05 2024 10:25:00 GMT+0530 (India Standard Time)","7046.10","7058.30","7046.00","7053.80"
"Fri Jul 05 2024 10:30:00 GMT+0530 (India Standard Time)","7053.05","7066.75","7053.05","7059.00"
"Fri Jul 05 2024 10:35:00 GMT+0530 (India Standard Time)","7059.00","7059.00","7050.05","7050.15"
"Fri Jul 05 2024 10:40:00 GMT+0530 (India Standard Time)","7050.15","7052.90","7050.00","7050.60"
"Fri Jul 05 2024 10:45:00 GMT+0530 (India Standard Time)","7050.60","7051.70","7045.00","7048.85"
"Fri Jul 05 2024 10:50:00 GMT+0530 (India Standard Time)","7046.25","7050.00","7045.60","7050.00"
"Fri Jul 05 2024 10:55:00 GMT+0530 (India Standard Time)","7050.40","7054.20","7046.05","7050.10"
"Fri Jul 05 2024 11:00:00 GMT+0530 (India Standard Time)","7050.10","7054.20","7045.00","7045.00"
"Fri Jul 05 2024 11:05:00 GMT+0530 (India Standard Time)","7049.20","7050.00","7045.05","7049.90"
"Fri Jul 05 2024 11:10:00 GMT+0530 (India Standard Time)","7050.00","7050.00","7044.00","7044.00"
"Fri Jul 05 2024 11:15:00 GMT+0530 (India Standard Time)","7044.00","7045.00","7043.00","7043.00"
"Fri Jul 05 2024 11:20:00 GMT+0530 (India Standard Time)","7044.00","7050.00","7043.00","7046.60"
"Fri Jul 05 2024 11:25:00 GMT+0530 (India Standard Time)","7046.60","7050.00","7046.60","7046.70"
"Fri Jul 05 2024 11:30:00 GMT+0530 (India Standard Time)","7046.70","7050.00","7044.00","7045.45"
"Fri Jul 05 2024 11:35:00 GMT+0530 (India Standard Time)","7045.45","7050.20","7045.00","7045.70"
"Fri Jul 05 2024 11:40:00 GMT+0530 (India Standard Time)","7045.70","7054.00","7040.00","7040.00"
"Fri Jul 05 2024 11:45:00 GMT+0530 (India Standard Time)","7041.30","7046.00","7035.05","7040.45"
"Fri Jul 05 2024 11:50:00 GMT+0530 (India Standard Time)","7044.25","7049.00","7040.00","7040.60"
"Fri Jul 05 2024 11:55:00 GMT+0530 (India Standard Time)","7040.60","7045.95","7036.55","7037.00"
"Fri Jul 05 2024 12:00:00 GMT+0530 (India Standard Time)","7037.00","7039.65","7033.10","7034.00"
"Fri Jul 05 2024 12:05:00 GMT+0530 (India Standard Time)","7034.00","7038.05","7033.15","7036.85"
"Fri Jul 05 2024 12:10:00 GMT+0530 (India Standard Time)","7036.85","7037.75","7033.00","7034.00"
"Fri Jul 05 2024 12:15:00 GMT+0530 (India Standard Time)","7034.00","7037.95","7033.10","7037.00"
"Fri Jul 05 2024 12:20:00 GMT+0530 (India Standard Time)","7033.60","7037.95","7033.50","7034.05"
"Fri Jul 05 2024 12:25:00 GMT+0530 (India Standard Time)","7033.95","7037.95","7031.50","7035.50"
"Fri Jul 05 2024 12:30:00 GMT+0530 (India Standard Time)","7035.50","7036.85","7031.00","7035.00"
"Fri Jul 05 2024 12:35:00 GMT+0530 (India Standard Time)","7035.00","7035.00","7030.10","7031.60"
"Fri Jul 05 2024 12:40:00 GMT+0530 (India Standard Time)","7031.00","7034.70","7030.05","7030.60"
"Fri Jul 05 2024 12:45:00 GMT+0530 (India Standard Time)","7030.60","7033.95","7030.00","7030.05"
"Fri Jul 05 2024 12:50:00 GMT+0530 (India Standard Time)","7030.05","7033.00","7030.00","7030.10"
"Fri Jul 05 2024 12:55:00 GMT+0530 (India Standard Time)","7030.10","7037.50","7030.00","7036.00"
"Fri Jul 05 2024 13:00:00 GMT+0530 (India Standard Time)","7031.60","7037.95","7031.00","7032.50"
"Fri Jul 05 2024 13:05:00 GMT+0530 (India Standard Time)","7032.50","7038.00","7030.50","7031.50"
"Fri Jul 05 2024 13:10:00 GMT+0530 (India Standard Time)","7031.50","7037.90","7031.00","7031.60"
"Fri Jul 05 2024 13:15:00 GMT+0530 (India Standard Time)","7031.60","7036.00","7031.05","7032.00"
"Fri Jul 05 2024 13:20:00 GMT+0530 (India Standard Time)","7032.00","7032.00","7026.25","7027.00"
"Fri Jul 05 2024 13:25:00 GMT+0530 (India Standard Time)","7027.00","7030.00","7025.00","7029.00"
"Fri Jul 05 2024 13:30:00 GMT+0530 (India Standard Time)","7029.00","7031.00","7026.00","7030.00"
"Fri Jul 05 2024 13:35:00 GMT+0530 (India Standard Time)","7030.00","7032.00","7030.00","7030.00"
"Fri Jul 05 2024 13:40:00 GMT+0530 (India Standard Time)","7030.00","7034.85","7028.00","7029.05"
"Fri Jul 05 2024 13:45:00 GMT+0530 (India Standard Time)","7028.05","7034.00","7028.05","7033.00"
"Fri Jul 05 2024 13:50:00 GMT+0530 (India Standard Time)","7033.50","7041.95","7033.00","7040.05"
"Fri Jul 05 2024 13:55:00 GMT+0530 (India Standard Time)","7040.05","7042.00","7035.30","7036.00"
"Fri Jul 05 2024 14:00:00 GMT+0530 (India Standard Time)","7039.60","7039.95","7033.00","7033.00"
"Fri Jul 05 2024 14:05:00 GMT+0530 (India Standard Time)","7033.00","7041.50","7033.00","7039.95"
"Fri Jul 05 2024 14:10:00 GMT+0530 (India Standard Time)","7039.95","7039.95","7031.35","7038.35"
"Fri Jul 05 2024 14:15:00 GMT+0530 (India Standard Time)","7038.35","7039.00","7031.25","7033.50"
"Fri Jul 05 2024 14:20:00 GMT+0530 (India Standard Time)","7033.50","7039.00","7033.50","7035.00"
"Fri Jul 05 2024 14:25:00 GMT+0530 (India Standard Time)","7035.00","7037.70","7031.00","7032.50"
"Fri Jul 05 2024 14:30:00 GMT+0530 (India Standard Time)","7031.00","7037.70","7030.10","7035.90"
"Fri Jul 05 2024 14:35:00 GMT+0530 (India Standard Time)","7035.90","7039.00","7035.90","7036.30"
"Fri Jul 05 2024 14:40:00 GMT+0530 (India Standard Time)","7036.30","7037.50","7036.00","7036.00"
"Fri Jul 05 2024 14:45:00 GMT+0530 (India Standard Time)","7036.00","7039.00","7036.00","7036.45"
"Fri Jul 05 2024 14:50:00 GMT+0530 (India Standard Time)","7036.00","7039.00","7035.00","7035.00"
"Fri Jul 05 2024 14:55:00 GMT+0530 (India Standard Time)","7036.00","7039.00","7035.00","7037.10"
"Fri Jul 05 2024 15:00:00 GMT+0530 (India Standard Time)","7038.00","7053.25","7037.10","7048.00"
"Fri Jul 05 2024 15:05:00 GMT+0530 (India Standard Time)","7045.60","7062.55","7045.60","7062.55"
"Fri Jul 05 2024 15:10:00 GMT+0530 (India Standard Time)","7063.75","7066.05","7054.70","7057.95"
"Fri Jul 05 2024 15:15:00 GMT+0530 (India Standard Time)","7058.35","7060.45","7047.00","7052.00"
"Fri Jul 05 2024 15:20:00 GMT+0530 (India Standard Time)","7050.00","7062.00","7048.45","7059.50"
"Fri Jul 05 2024 15:25:00 GMT+0530 (India Standard Time)","7059.95","7061.00","7051.10","7053.00"
"Mon Jul 08 2024 09:15:00 GMT+0530 (India Standard Time)","7061.00","7095.95","7049.00","7050.00"
"Mon Jul 08 2024 09:20:00 GMT+0530 (India Standard Time)","7056.55","7056.55","7035.00","7040.55"
"Mon Jul 08 2024 09:25:00 GMT+0530 (India Standard Time)","7044.95","7044.95","7026.00","7031.10"
"Mon Jul 08 2024 09:30:00 GMT+0530 (India Standard Time)","7031.10","7045.00","7028.00","7031.00"
"Mon Jul 08 2024 09:35:00 GMT+0530 (India Standard Time)","7034.95","7038.00","7025.00","7030.55"
"Mon Jul 08 2024 09:40:00 GMT+0530 (India Standard Time)","7027.10","7032.35","7020.50","7025.35"
"Mon Jul 08 2024 09:45:00 GMT+0530 (India Standard Time)","7025.95","7037.45","7025.95","7036.00"
"Mon Jul 08 2024 09:50:00 GMT+0530 (India Standard Time)","7036.65","7039.20","7033.10","7038.50"
"Mon Jul 08 2024 09:55:00 GMT+0530 (India Standard Time)","7038.00","7038.50","7020.00","7024.50"
"Mon Jul 08 2024 10:00:00 GMT+0530 (India Standard Time)","7024.50","7028.00","7018.00","7027.60"
"Mon Jul 08 2024 10:05:00 GMT+0530 (India Standard Time)","7028.05","7028.05","7022.00","7023.00"
"Mon Jul 08 2024 10:10:00 GMT+0530 (India Standard Time)","7023.00","7030.00","7022.70","7024.90"
"Mon Jul 08 2024 10:15:00 GMT+0530 (India Standard Time)","7027.35","7028.70","7020.00","7020.15"
"Mon Jul 08 2024 10:20:00 GMT+0530 (India Standard Time)","7020.15","7027.40","7020.00","7023.00"
"Mon Jul 08 2024 10:25:00 GMT+0530 (India Standard Time)","7023.00","7026.00","7012.40","7022.95"
"Mon Jul 08 2024 10:30:00 GMT+0530 (India Standard Time)","7022.90","7025.85","7017.30","7023.80"
"Mon Jul 08 2024 10:35:00 GMT+0530 (India Standard Time)","7020.00","7024.95","7020.00","7020.20"
"Mon Jul 08 2024 10:40:00 GMT+0530 (India Standard Time)","7020.10","7025.00","7020.10","7021.00"
"Mon Jul 08 2024 10:45:00 GMT+0530 (India Standard Time)","7021.00","7025.95","7020.10","7024.80"
"Mon Jul 08 2024 10:50:00 GMT+0530 (India Standard Time)","7021.00","7024.65","7018.00","7021.00"
"Mon Jul 08 2024 10:55:00 GMT+0530 (India Standard Time)","7022.05","7026.00","7021.00","7021.00"
"Mon Jul 08 2024 11:00:00 GMT+0530 (India Standard Time)","7020.10","7026.85","7020.00","7024.90"
"Mon Jul 08 2024 11:05:00 GMT+0530 (India Standard Time)","7021.70","7025.00","7020.05","7024.00"
"Mon Jul 08 2024 11:10:00 GMT+0530 (India Standard Time)","7024.00","7025.00","7020.00","7020.50"
"Mon Jul 08 2024 11:15:00 GMT+0530 (India Standard Time)","7020.50","7025.00","7020.50","7024.00"
"Mon Jul 08 2024 11:20:00 GMT+0530 (India Standard Time)","7024.00","7025.00","7021.10","7025.00"
"Mon Jul 08 2024 11:25:00 GMT+0530 (India Standard Time)","7025.00","7025.00","7021.20","7021.25"
"Mon Jul 08 2024 11:30:00 GMT+0530 (India Standard Time)","7021.25","7029.30","7021.00","7024.55"
"Mon Jul 08 2024 11:35:00 GMT+0530 (India Standard Time)","7027.70","7032.50","7024.40","7028.00"
"Mon Jul 08 2024 11:40:00 GMT+0530 (India Standard Time)","7028.00","7033.35","7023.00","7028.30"
"Mon Jul 08 2024 11:45:00 GMT+0530 (India Standard Time)","7028.30","7030.00","7023.00","7025.00"
"Mon Jul 08 2024 11:50:00 GMT+0530 (India Standard Time)","7025.00","7029.25","7020.00","7028.00"
"Mon Jul 08 2024 11:55:00 GMT+0530 (India Standard Time)","7028.00","7029.90","7025.85","7029.90"
"Mon Jul 08 2024 12:00:00 GMT+0530 (India Standard Time)","7026.50","7033.00","7026.05","7030.35"
"Mon Jul 08 2024 12:05:00 GMT+0530 (India Standard Time)","7033.00","7034.95","7028.00","7031.30"
"Mon Jul 08 2024 12:10:00 GMT+0530 (India Standard Time)","7031.45","7032.00","7026.05","7030.00"
"Mon Jul 08 2024 12:15:00 GMT+0530 (India Standard Time)","7030.00","7031.00","7020.00","7026.90"
"Mon Jul 08 2024 12:20:00 GMT+0530 (India Standard Time)","7024.40","7027.00","7022.00","7022.00"
"Mon Jul 08 2024 12:25:00 GMT+0530 (India Standard Time)","7022.00","7025.80","7020.00","7023.00"
"Mon Jul 08 2024 12:30:00 GMT+0530 (India Standard Time)","7023.00","7027.00","7021.15","7025.60"
"Mon Jul 08 2024 12:35:00 GMT+0530 (India Standard Time)","7025.60","7030.00","7020.00","7025.65"
"Mon Jul 08 2024 12:40:00 GMT+0530 (India Standard Time)","7025.65","7026.50","7020.00","7023.10"
"Mon Jul 08 2024 12:45:00 GMT+0530 (India Standard Time)","7023.00","7035.00","7020.00","7031.00"
"Mon Jul 08 2024 12:50:00 GMT+0530 (India Standard Time)","7031.00","7032.00","7025.00","7030.00"
"Mon Jul 08 2024 12:55:00 GMT+0530 (India Standard Time)","7030.00","7033.75","7030.00","7030.00"
"Mon Jul 08 2024 13:00:00 GMT+0530 (India Standard Time)","7032.90","7032.90","7023.25","7028.15"
"Mon Jul 08 2024 13:05:00 GMT+0530 (India Standard Time)","7028.15","7029.00","7025.00","7028.90"
"Mon Jul 08 2024 13:10:00 GMT+0530 (India Standard Time)","7028.90","7030.95","7025.00","7027.90"
"Mon Jul 08 2024 13:15:00 GMT+0530 (India Standard Time)","7027.90","7030.95","7024.75","7029.00"
"Mon Jul 08 2024 13:20:00 GMT+0530 (India Standard Time)","7029.00","7030.35","7025.10","7028.00"
"Mon Jul 08 2024 13:25:00 GMT+0530 (India Standard Time)","7028.00","7029.90","7025.00","7029.30"
"Mon Jul 08 2024 13:30:00 GMT+0530 (India Standard Time)","7029.30","7029.90","7025.00","7027.00"
"Mon Jul 08 2024 13:35:00 GMT+0530 (India Standard Time)","7027.00","7029.50","7026.00","7026.45"
"Mon Jul 08 2024 13:40:00 GMT+0530 (India Standard Time)","7026.45","7029.45","7026.00","7029.00"
"Mon Jul 08 2024 13:45:00 GMT+0530 (India Standard Time)","7029.00","7029.00","7025.10","7028.15"
"Mon Jul 08 2024 13:50:00 GMT+0530 (India Standard Time)","7025.15","7029.00","7025.00","7028.00"
"Mon Jul 08 2024 13:55:00 GMT+0530 (India Standard Time)","7028.00","7033.95","7025.00","7028.05"
"Mon Jul 08 2024 14:00:00 GMT+0530 (India Standard Time)","7027.20","7033.95","7025.00","7031.00"
"Mon Jul 08 2024 14:05:00 GMT+0530 (India Standard Time)","7031.00","7035.00","7025.00","7035.00"
"Mon Jul 08 2024 14:10:00 GMT+0530 (India Standard Time)","7035.00","7035.00","7028.45","7029.95"
"Mon Jul 08 2024 14:15:00 GMT+0530 (India Standard Time)","7029.95","7033.05","7028.00","7028.50"
"Mon Jul 08 2024 14:20:00 GMT+0530 (India Standard Time)","7028.50","7030.45","7026.00","7030.40"
"Mon Jul 08 2024 14:25:00 GMT+0530 (India Standard Time)","7030.40","7033.20","7025.00","7025.40"
"Mon Jul 08 2024 14:30:00 GMT+0530 (India Standard Time)","7025.65","7032.85","7025.40","7029.75"
"Mon Jul 08 2024 14:35:00 GMT+0530 (India Standard Time)","7029.75","7031.20","7025.00","7029.95"
"Mon Jul 08 2024 14:40:00 GMT+0530 (India Standard Time)","7028.25","7029.95","7020.85","7028.00"
"Mon Jul 08 2024 14:45:00 GMT+0530 (India Standard Time)","7028.00","7028.90","7026.00","7027.00"
"Mon Jul 08 2024 14:50:00 GMT+0530 (India Standard Time)","7028.50","7033.20","7026.30","7028.80"
"Mon Jul 08 2024 14:55:00 GMT+0530 (India Standard Time)","7032.90","7032.90","7026.30","7027.00"
"Mon Jul 08 2024 15:00:00 GMT+0530 (India Standard Time)","7030.95","7031.00","7026.30","7026.85"
"Mon Jul 08 2024 15:05:00 GMT+0530 (India Standard Time)","7026.85","7034.00","7026.30","7034.00"
"Mon Jul 08 2024 15:10:00 GMT+0530 (India Standard Time)","7034.00","7034.00","7021.00","7021.45"
"Mon Jul 08 2024 15:15:00 GMT+0530 (India Standard Time)","7021.40","7032.15","7020.60","7026.05"
"Mon Jul 08 2024 15:20:00 GMT+0530 (India Standard Time)","7026.05","7031.50","7021.05","7024.00"
"Mon Jul 08 2024 15:25:00 GMT+0530 (India Standard Time)","7025.05","7029.60","7025.00","7028.00"
"Tue Jul 09 2024 09:15:00 GMT+0530 (India Standard Time)","7012.00","7027.00","7001.00","7011.10"
"Tue Jul 09 2024 09:20:00 GMT+0530 (India Standard Time)","7010.00","7014.00","6985.40","6990.00"
"Tue Jul 09 2024 09:25:00 GMT+0530 (India Standard Time)","6990.00","6999.50","6984.05","6988.40"
"Tue Jul 09 2024 09:30:00 GMT+0530 (India Standard Time)","6987.95","6988.00","6971.15","6986.65"
"Tue Jul 09 2024 09:35:00 GMT+0530 (India Standard Time)","6986.65","7000.00","6980.10","7000.00"
"Tue Jul 09 2024 09:40:00 GMT+0530 (India Standard Time)","7000.00","7025.00","6995.00","7007.70"
"Tue Jul 09 2024 09:45:00 GMT+0530 (India Standard Time)","7007.70","7011.00","7003.00","7007.95"
"Tue Jul 09 2024 09:50:00 GMT+0530 (India Standard Time)","7004.05","7018.70","7004.00","7013.55"
"Tue Jul 09 2024 09:55:00 GMT+0530 (India Standard Time)","7013.55","7017.60","7004.00","7005.00"
"Tue Jul 09 2024 10:00:00 GMT+0530 (India Standard Time)","7007.00","7009.85","7002.30","7008.05"
"Tue Jul 09 2024 10:05:00 GMT+0530 (India Standard Time)","7009.00","7009.00","7000.10","7002.00"
"Tue Jul 09 2024 10:10:00 GMT+0530 (India Standard Time)","7002.00","7010.00","7000.00","7000.00"
"Tue Jul 09 2024 10:15:00 GMT+0530 (India Standard Time)","7003.95","7004.00","6995.00","6995.05"
"Tue Jul 09 2024 10:20:00 GMT+0530 (India Standard Time)","6997.00","7000.40","6987.05","6991.70"
"Tue Jul 09 2024 10:25:00 GMT+0530 (India Standard Time)","6991.65","7005.00","6986.90","6993.45"
"Tue Jul 09 2024 10:30:00 GMT+0530 (India Standard Time)","6993.45","7004.95","6991.55","7003.85"
"Tue Jul 09 2024 10:35:00 GMT+0530 (India Standard Time)","7003.85","7014.00","7000.00","7012.00"
"Tue Jul 09 2024 10:40:00 GMT+0530 (India Standard Time)","7012.00","7014.00","7010.00","7014.00"
"Tue Jul 09 2024 10:45:00 GMT+0530 (India Standard Time)","7014.00","7019.95","7011.00","7015.00"
"Tue Jul 09 2024 10:50:00 GMT+0530 (India Standard Time)","7019.00","7019.00","7012.55","7014.95"
"Tue Jul 09 2024 10:55:00 GMT+0530 (India Standard Time)","7015.25","7019.55","7014.10","7018.95"
"Tue Jul 09 2024 11:00:00 GMT+0530 (India Standard Time)","7018.95","7019.00","7015.00","7015.00"
"Tue Jul 09 2024 11:05:00 GMT+0530 (India Standard Time)","7015.00","7018.05","7015.00","7015.00"
"Tue Jul 09 2024 11:10:00 GMT+0530 (India Standard Time)","7015.00","7017.10","7011.05","7011.95"
"Tue Jul 09 2024 11:15:00 GMT+0530 (India Standard Time)","7014.95","7014.95","7010.95","7013.85"
"Tue Jul 09 2024 11:20:00 GMT+0530 (India Standard Time)","7013.85","7013.85","7002.95","7007.90"
"Tue Jul 09 2024 11:25:00 GMT+0530 (India Standard Time)","7007.40","7009.90","7002.95","7006.10"
"Tue Jul 09 2024 11:30:00 GMT+0530 (India Standard Time)","7010.95","7014.95","7006.30","7014.35"
"Tue Jul 09 2024 11:35:00 GMT+0530 (India Standard Time)","7014.35","7014.55","7007.00","7010.00"
"Tue Jul 09 2024 11:40:00 GMT+0530 (India Standard Time)","7010.00","7012.95","7003.55","7009.00"
"Tue Jul 09 2024 11:45:00 GMT+0530 (India Standard Time)","7009.00","7011.30","7005.50","7011.30"
"Tue Jul 09 2024 11:50:00 GMT+0530 (India Standard Time)","7011.30","7025.00","7006.20","7018.20"
"Tue Jul 09 2024 11:55:00 GMT+0530 (India Standard Time)","7018.20","7018.85","7011.35","7018.85"
"Tue Jul 09 2024 12:00:00 GMT+0530 (India Standard Time)","7018.50","7018.85","7013.85","7018.10"
"Tue Jul 09 2024 12:05:00 GMT+0530 (India Standard Time)","7014.05","7018.75","7013.85","7017.15"
"Tue Jul 09 2024 12:10:00 GMT+0530 (India Standard Time)","7017.15","7018.85","7013.85","7015.00"
"Tue Jul 09 2024 12:15:00 GMT+0530 (India Standard Time)","7014.00","7018.75","7013.85","7017.50"
"Tue Jul 09 2024 12:20:00 GMT+0530 (India Standard Time)","7017.50","7018.85","7014.10","7018.85"
"Tue Jul 09 2024 12:25:00 GMT+0530 (India Standard Time)","7018.85","7020.00","7015.00","7015.20"
"Tue Jul 09 2024 12:30:00 GMT+0530 (India Standard Time)","7017.90","7020.00","7015.20","7019.90"
"Tue Jul 09 2024 12:35:00 GMT+0530 (India Standard Time)","7020.00","7020.00","7019.00","7019.00"
"Tue Jul 09 2024 12:40:00 GMT+0530 (India Standard Time)","7019.00","7019.50","7010.70","7011.00"
"Tue Jul 09 2024 12:45:00 GMT+0530 (India Standard Time)","7011.00","7016.00","7010.70","7015.05"
"Tue Jul 09 2024 12:50:00 GMT+0530 (India Standard Time)","7011.00","7017.50","7011.00","7015.05"
"Tue Jul 09 2024 12:55:00 GMT+0530 (India Standard Time)","7015.05","7019.00","7011.20","7012.55"
"Tue Jul 09 2024 13:00:00 GMT+0530 (India Standard Time)","7012.55","7017.30","7005.00","7014.70"
"Tue Jul 09 2024 13:05:00 GMT+0530 (India Standard Time)","7013.05","7015.00","7007.65","7013.50"
"Tue Jul 09 2024 13:10:00 GMT+0530 (India Standard Time)","7013.50","7018.05","7009.05","7011.45"
"Tue Jul 09 2024 13:15:00 GMT+0530 (India Standard Time)","7011.50","7016.05","7009.00","7010.00"
"Tue Jul 09 2024 13:20:00 GMT+0530 (India Standard Time)","7010.00","7010.00","7005.15","7009.90"
"Tue Jul 09 2024 13:25:00 GMT+0530 (India Standard Time)","7009.85","7012.00","7006.00","7012.00"
"Tue Jul 09 2024 13:30:00 GMT+0530 (India Standard Time)","7014.00","7015.00","7010.00","7011.20"
"Tue Jul 09 2024 13:35:00 GMT+0530 (India Standard Time)","7011.20","7015.00","7006.05","7013.70"
"Tue Jul 09 2024 13:40:00 GMT+0530 (India Standard Time)","7013.70","7014.95","7005.60","7005.60"
"Tue Jul 09 2024 13:45:00 GMT+0530 (India Standard Time)","7008.85","7011.50","7005.00","7010.00"
"Tue Jul 09 2024 13:50:00 GMT+0530 (India Standard Time)","7005.15","7009.75","7002.00","7005.00"
"Tue Jul 09 2024 13:55:00 GMT+0530 (India Standard Time)","7002.00","7011.00","7001.00","7007.40"
"Tue Jul 09 2024 14:00:00 GMT+0530 (India Standard Time)","7007.40","7010.90","7001.50","7007.70"
"Tue Jul 09 2024 14:05:00 GMT+0530 (India Standard Time)","7007.70","7014.35","7005.50","7013.00"
"Tue Jul 09 2024 14:10:00 GMT+0530 (India Standard Time)","7013.00","7017.50","7009.70","7016.00"
"Tue Jul 09 2024 14:15:00 GMT+0530 (India Standard Time)","7016.00","7021.95","7012.05","7012.20"
"Tue Jul 09 2024 14:20:00 GMT+0530 (India Standard Time)","7012.20","7020.60","7012.00","7014.05"
"Tue Jul 09 2024 14:25:00 GMT+0530 (India Standard Time)","7014.05","7019.95","7010.20","7019.00"
"Tue Jul 09 2024 14:30:00 GMT+0530 (India Standard Time)","7015.00","7019.00","7010.20","7013.60"
"Tue Jul 09 2024 14:35:00 GMT+0530 (India Standard Time)","7013.60","7014.00","7005.00","7010.35"
"Tue Jul 09 2024 14:40:00 GMT+0530 (India Standard Time)","7010.35","7018.00","7007.05","7011.90"
"Tue Jul 09 2024 14:45:00 GMT+0530 (India Standard Time)","7011.85","7014.00","7010.00","7013.85"
"Tue Jul 09 2024 14:50:00 GMT+0530 (India Standard Time)","7013.20","7019.20","7010.00","7012.00"
"Tue Jul 09 2024 14:55:00 GMT+0530 (India Standard Time)","7012.00","7016.85","7010.00","7013.00"
"Tue Jul 09 2024 15:00:00 GMT+0530 (India Standard Time)","7013.00","7019.00","7010.00","7015.00"
"Tue Jul 09 2024 15:05:00 GMT+0530 (India Standard Time)","7015.00","7025.00","7015.00","7025.00"
"Tue Jul 09 2024 15:10:00 GMT+0530 (India Standard Time)","7020.60","7025.00","7014.50","7015.00"
"Tue Jul 09 2024 15:15:00 GMT+0530 (India Standard Time)","7015.00","7017.95","7008.00","7015.65"
"Tue Jul 09 2024 15:20:00 GMT+0530 (India Standard Time)","7015.65","7024.60","7015.50","7015.90"
"Tue Jul 09 2024 15:25:00 GMT+0530 (India Standard Time)","7017.00","7024.95","7014.00","7024.95"
"Wed Jul 10 2024 09:15:00 GMT+0530 (India Standard Time)","7075.00","7145.00","7058.05","7118.90"
"Wed Jul 10 2024 09:20:00 GMT+0530 (India Standard Time)","7118.90","7148.00","7100.00","7129.90"
"Wed Jul 10 2024 09:25:00 GMT+0530 (India Standard Time)","7129.90","7136.50","7101.70","7102.05"
"Wed Jul 10 2024 09:30:00 GMT+0530 (India Standard Time)","7102.65","7110.40","7101.25","7106.50"
"Wed Jul 10 2024 09:35:00 GMT+0530 (India Standard Time)","7106.50","7110.00","7091.00","7092.00"
"Wed Jul 10 2024 09:40:00 GMT+0530 (India Standard Time)","7095.00","7135.70","7095.00","7116.90"
"Wed Jul 10 2024 09:45:00 GMT+0530 (India Standard Time)","7119.95","7140.00","7101.00","7127.85"
"Wed Jul 10 2024 09:50:00 GMT+0530 (India Standard Time)","7127.85","7140.00","7125.00","7135.00"
"Wed Jul 10 2024 09:55:00 GMT+0530 (India Standard Time)","7135.00","7138.00","7106.10","7110.00"
"Wed Jul 10 2024 10:00:00 GMT+0530 (India Standard Time)","7113.00","7122.50","7104.00","7104.00"
"Wed Jul 10 2024 10:05:00 GMT+0530 (India Standard Time)","7108.85","7115.95","7099.00","7099.00"
"Wed Jul 10 2024 10:10:00 GMT+0530 (India Standard Time)","7099.00","7099.00","7080.00","7080.00"
"Wed Jul 10 2024 10:15:00 GMT+0530 (India Standard Time)","7080.00","7113.85","7080.00","7105.00"
"Wed Jul 10 2024 10:20:00 GMT+0530 (India Standard Time)","7105.00","7109.65","7075.00","7086.25"
"Wed Jul 10 2024 10:25:00 GMT+0530 (India Standard Time)","7086.25","7094.35","7071.15","7075.00"
"Wed Jul 10 2024 10:30:00 GMT+0530 (India Standard Time)","7075.00","7085.00","7071.25","7071.25"
"Wed Jul 10 2024 10:35:00 GMT+0530 (India Standard Time)","7074.65","7074.65","7051.10","7054.95"
"Wed Jul 10 2024 10:40:00 GMT+0530 (India Standard Time)","7054.95","7077.00","7045.00","7069.00"
"Wed Jul 10 2024 10:45:00 GMT+0530 (India Standard Time)","7069.00","7076.10","7061.95","7069.45"
"Wed Jul 10 2024 10:50:00 GMT+0530 (India Standard Time)","7069.45","7079.95","7062.50","7072.50"
"Wed Jul 10 2024 10:55:00 GMT+0530 (India Standard Time)","7072.50","7091.70","7067.40","7080.00"
"Wed Jul 10 2024 11:00:00 GMT+0530 (India Standard Time)","7079.00","7088.60","7074.15","7083.50"
"Wed Jul 10 2024 11:05:00 GMT+0530 (India Standard Time)","7082.10","7099.00","7082.10","7096.45"
"Wed Jul 10 2024 11:10:00 GMT+0530 (India Standard Time)","7096.45","7098.65","7090.00","7090.10"
"Wed Jul 10 2024 11:15:00 GMT+0530 (India Standard Time)","7090.10","7095.25","7085.30","7091.20"
"Wed Jul 10 2024 11:20:00 GMT+0530 (India Standard Time)","7091.20","7099.95","7085.35","7099.00"
"Wed Jul 10 2024 11:25:00 GMT+0530 (India Standard Time)","7099.00","7124.50","7091.00","7124.50"
"Wed Jul 10 2024 11:30:00 GMT+0530 (India Standard Time)","7122.00","7175.00","7122.00","7161.00"
"Wed Jul 10 2024 11:35:00 GMT+0530 (India Standard Time)","7160.00","7167.00","7121.00","7134.10"
"Wed Jul 10 2024 11:40:00 GMT+0530 (India Standard Time)","7134.10","7138.55","7110.00","7126.95"
"Wed Jul 10 2024 11:45:00 GMT+0530 (India Standard Time)","7126.95","7127.50","7111.00","7125.00"
"Wed Jul 10 2024 11:50:00 GMT+0530 (India Standard Time)","7123.00","7130.00","7120.00","7122.00"
"Wed Jul 10 2024 11:55:00 GMT+0530 (India Standard Time)","7122.00","7124.20","7093.10","7109.40"
"Wed Jul 10 2024 12:00:00 GMT+0530 (India Standard Time)","7109.40","7113.45","7090.00","7110.55"
"Wed Jul 10 2024 12:05:00 GMT+0530 (India Standard Time)","7110.55","7115.00","7101.15","7101.15"
"Wed Jul 10 2024 12:10:00 GMT+0530 (India Standard Time)","7101.15","7106.95","7080.30","7087.95"
"Wed Jul 10 2024 12:15:00 GMT+0530 (India Standard Time)","7087.95","7106.90","7084.00","7091.50"
"Wed Jul 10 2024 12:20:00 GMT+0530 (India Standard Time)","7091.50","7110.00","7080.30","7098.00"
"Wed Jul 10 2024 12:25:00 GMT+0530 (India Standard Time)","7098.00","7102.80","7091.00","7093.90"
"Wed Jul 10 2024 12:30:00 GMT+0530 (India Standard Time)","7093.90","7103.25","7090.00","7091.85"
"Wed Jul 10 2024 12:35:00 GMT+0530 (India Standard Time)","7091.85","7115.00","7091.85","7110.00"
"Wed Jul 10 2024 12:40:00 GMT+0530 (India Standard Time)","7111.80","7111.80","7092.00","7099.00"
"Wed Jul 10 2024 12:45:00 GMT+0530 (India Standard Time)","7099.00","7103.65","7093.90","7094.00"
"Wed Jul 10 2024 12:50:00 GMT+0530 (India Standard Time)","7094.00","7130.00","7090.30","7120.00"
"Wed Jul 10 2024 12:55:00 GMT+0530 (India Standard Time)","7120.00","7130.00","7100.00","7100.10"
"Wed Jul 10 2024 13:00:00 GMT+0530 (India Standard Time)","7102.00","7110.00","7101.65","7106.90"
"Wed Jul 10 2024 13:05:00 GMT+0530 (India Standard Time)","7106.90","7107.00","7100.00","7100.00"
"Wed Jul 10 2024 13:10:00 GMT+0530 (India Standard Time)","7100.00","7102.00","7095.80","7099.00"
"Wed Jul 10 2024 13:15:00 GMT+0530 (India Standard Time)","7099.00","7105.40","7099.00","7102.85"
"Wed Jul 10 2024 13:20:00 GMT+0530 (India Standard Time)","7102.85","7102.85","7096.30","7096.30"
"Wed Jul 10 2024 13:25:00 GMT+0530 (India Standard Time)","7096.30","7108.50","7096.30","7107.50"
"Wed Jul 10 2024 13:30:00 GMT+0530 (India Standard Time)","7105.75","7109.00","7100.50","7101.00"
"Wed Jul 10 2024 13:35:00 GMT+0530 (India Standard Time)","7101.00","7107.00","7100.00","7100.00"
"Wed Jul 10 2024 13:40:00 GMT+0530 (India Standard Time)","7100.00","7104.75","7095.00","7095.50"
"Wed Jul 10 2024 13:45:00 GMT+0530 (India Standard Time)","7099.85","7099.95","7088.00","7091.60"
"Wed Jul 10 2024 13:50:00 GMT+0530 (India Standard Time)","7091.60","7105.00","7091.60","7094.50"
"Wed Jul 10 2024 13:55:00 GMT+0530 (India Standard Time)","7094.50","7098.85","7090.00","7091.60"
"Wed Jul 10 2024 14:00:00 GMT+0530 (India Standard Time)","7096.95","7096.95","7080.65","7089.00"
"Wed Jul 10 2024 14:05:00 GMT+0530 (India Standard Time)","7089.00","7091.75","7084.80","7085.00"
"Wed Jul 10 2024 14:10:00 GMT+0530 (India Standard Time)","7085.00","7090.95","7076.55","7076.55"
"Wed Jul 10 2024 14:15:00 GMT+0530 (India Standard Time)","7075.45","7090.90","7075.10","7090.90"
"Wed Jul 10 2024 14:20:00 GMT+0530 (India Standard Time)","7088.00","7090.95","7080.00","7085.15"
"Wed Jul 10 2024 14:25:00 GMT+0530 (India Standard Time)","7085.15","7090.75","7075.10","7088.80"
"Wed Jul 10 2024 14:30:00 GMT+0530 (India Standard Time)","7088.80","7095.85","7084.25","7090.00"
"Wed Jul 10 2024 14:35:00 GMT+0530 (India Standard Time)","7093.50","7098.00","7090.00","7095.00"
"Wed Jul 10 2024 14:40:00 GMT+0530 (India Standard Time)","7095.00","7100.00","7090.00","7091.20"
"Wed Jul 10 2024 14:45:00 GMT+0530 (India Standard Time)","7091.20","7098.00","7091.20","7096.00"
"Wed Jul 10 2024 14:50:00 GMT+0530 (India Standard Time)","7095.75","7109.00","7095.75","7104.00"
"Wed Jul 10 2024 14:55:00 GMT+0530 (India Standard Time)","7104.00","7107.00","7101.30","7105.75"
"Wed Jul 10 2024 15:00:00 GMT+0530 (India Standard Time)","7105.75","7148.85","7105.00","7133.00"
"Wed Jul 10 2024 15:05:00 GMT+0530 (India Standard Time)","7132.55","7135.40","7120.00","7128.95"
"Wed Jul 10 2024 15:10:00 GMT+0530 (India Standard Time)","7128.95","7130.00","7117.35","7118.65"
"Wed Jul 10 2024 15:15:00 GMT+0530 (India Standard Time)","7115.50","7124.10","7115.00","7117.30"
"Wed Jul 10 2024 15:20:00 GMT+0530 (India Standard Time)","7117.40","7118.00","7105.00","7113.55"
"Wed Jul 10 2024 15:25:00 GMT+0530 (India Standard Time)","7111.75","7115.00","7093.75","7104.95"
"Thu Jul 11 2024 09:15:00 GMT+0530 (India Standard Time)","7021.00","7037.90","6931.35","7004.90"
"Thu Jul 11 2024 09:20:00 GMT+0530 (India Standard Time)","7004.90","7024.65","6991.00","7000.00"
"Thu Jul 11 2024 09:25:00 GMT+0530 (India Standard Time)","7000.00","7033.00","6990.00","7027.00"
"Thu Jul 11 2024 09:30:00 GMT+0530 (India Standard Time)","7027.00","7030.50","7010.00","7018.00"
"Thu Jul 11 2024 09:35:00 GMT+0530 (India Standard Time)","7018.00","7023.80","6990.00","7006.95"
"Thu Jul 11 2024 09:40:00 GMT+0530 (India Standard Time)","7006.05","7019.85","6991.00","6995.00"
"Thu Jul 11 2024 09:45:00 GMT+0530 (India Standard Time)","6995.00","6996.50","6971.10","6980.00"
"Thu Jul 11 2024 09:50:00 GMT+0530 (India Standard Time)","6980.00","6989.85","6971.05","6986.00"
"Thu Jul 11 2024 09:55:00 GMT+0530 (India Standard Time)","6988.70","6995.00","6986.00","6994.35"
"Thu Jul 11 2024 10:00:00 GMT+0530 (India Standard Time)","6990.10","6994.10","6988.00","6993.00"
"Thu Jul 11 2024 10:05:00 GMT+0530 (India Standard Time)","6993.00","6999.00","6990.00","6993.80"
"Thu Jul 11 2024 10:10:00 GMT+0530 (India Standard Time)","6993.80","6999.00","6980.00","6981.00"
"Thu Jul 11 2024 10:15:00 GMT+0530 (India Standard Time)","6981.00","6986.35","6972.00","6976.65"
"Thu Jul 11 2024 10:20:00 GMT+0530 (India Standard Time)","6976.65","6988.95","6972.05","6986.85"
"Thu Jul 11 2024 10:25:00 GMT+0530 (India Standard Time)","6983.05","6989.00","6977.50","6978.10"
"Thu Jul 11 2024 10:30:00 GMT+0530 (India Standard Time)","6980.00","6984.30","6960.05","6965.05"
"Thu Jul 11 2024 10:35:00 GMT+0530 (India Standard Time)","6965.05","6976.90","6962.25","6973.00"
"Thu Jul 11 2024 10:40:00 GMT+0530 (India Standard Time)","6973.00","6989.60","6969.00","6987.00"
"Thu Jul 11 2024 10:45:00 GMT+0530 (India Standard Time)","6987.40","6988.00","6973.75","6979.35"
"Thu Jul 11 2024 10:50:00 GMT+0530 (India Standard Time)","6979.35","6985.00","6975.00","6982.05"
"Thu Jul 11 2024 10:55:00 GMT+0530 (India Standard Time)","6982.00","6986.95","6975.25","6982.95"
"Thu Jul 11 2024 11:00:00 GMT+0530 (India Standard Time)","6982.55","6985.00","6978.10","6985.00"
"Thu Jul 11 2024 11:05:00 GMT+0530 (India Standard Time)","6985.00","6985.10","6980.20","6982.00"
"Thu Jul 11 2024 11:10:00 GMT+0530 (India Standard Time)","6982.00","6982.00","6980.20","6981.80"
"Thu Jul 11 2024 11:15:00 GMT+0530 (India Standard Time)","6981.80","6994.95","6981.00","6986.05"
"Thu Jul 11 2024 11:20:00 GMT+0530 (India Standard Time)","6986.05","6992.00","6980.20","6982.00"
"Thu Jul 11 2024 11:25:00 GMT+0530 (India Standard Time)","6982.15","6988.00","6982.00","6982.15"
"Thu Jul 11 2024 11:30:00 GMT+0530 (India Standard Time)","6982.20","6987.00","6982.00","6983.00"
"Thu Jul 11 2024 11:35:00 GMT+0530 (India Standard Time)","6983.00","6988.00","6980.95","6986.00"
"Thu Jul 11 2024 11:40:00 GMT+0530 (India Standard Time)","6986.00","6986.00","6981.00","6985.00"
"Thu Jul 11 2024 11:45:00 GMT+0530 (India Standard Time)","6982.25","6987.95","6982.00","6985.00"
"Thu Jul 11 2024 11:50:00 GMT+0530 (India Standard Time)","6985.00","6985.95","6980.00","6984.95"
"Thu Jul 11 2024 11:55:00 GMT+0530 (India Standard Time)","6984.90","6986.00","6982.00","6984.00"
"Thu Jul 11 2024 12:00:00 GMT+0530 (India Standard Time)","6984.00","6990.00","6981.95","6982.00"
"Thu Jul 11 2024 12:05:00 GMT+0530 (India Standard Time)","6982.00","6988.00","6980.00","6986.00"
"Thu Jul 11 2024 12:10:00 GMT+0530 (India Standard Time)","6986.00","6986.00","6982.00","6983.10"
"Thu Jul 11 2024 12:15:00 GMT+0530 (India Standard Time)","6983.10","6986.00","6981.90","6985.50"
"Thu Jul 11 2024 12:20:00 GMT+0530 (India Standard Time)","6985.50","6993.75","6983.50","6992.00"
"Thu Jul 11 2024 12:25:00 GMT+0530 (India Standard Time)","6992.00","6992.00","6982.00","6984.95"
"Thu Jul 11 2024 12:30:00 GMT+0530 (India Standard Time)","6984.95","6987.00","6981.00","6981.00"
"Thu Jul 11 2024 12:35:00 GMT+0530 (India Standard Time)","6982.35","6984.20","6982.00","6984.00"
"Thu Jul 11 2024 12:40:00 GMT+0530 (India Standard Time)","6984.00","6984.95","6980.00","6982.00"
"Thu Jul 11 2024 12:45:00 GMT+0530 (India Standard Time)","6984.45","6985.00","6981.45","6984.75"
"Thu Jul 11 2024 12:50:00 GMT+0530 (India Standard Time)","6984.75","6984.80","6979.00","6982.00"
"Thu Jul 11 2024 12:55:00 GMT+0530 (India Standard Time)","6982.00","6982.00","6975.00","6975.00"
"Thu Jul 11 2024 13:00:00 GMT+0530 (India Standard Time)","6975.00","6982.00","6974.00","6980.00"
"Thu Jul 11 2024 13:05:00 GMT+0530 (India Standard Time)","6980.00","6981.00","6976.00","6978.55"
"Thu Jul 11 2024 13:10:00 GMT+0530 (India Standard Time)","6980.90","6981.00","6976.25","6976.60"
"Thu Jul 11 2024 13:15:00 GMT+0530 (India Standard Time)","6979.70","6980.00","6971.05","6971.80"
"Thu Jul 11 2024 13:20:00 GMT+0530 (India Standard Time)","6971.80","6974.95","6970.25","6972.00"
"Thu Jul 11 2024 13:25:00 GMT+0530 (India Standard Time)","6970.80","6974.95","6970.20","6973.95"
"Thu Jul 11 2024 13:30:00 GMT+0530 (India Standard Time)","6973.95","6974.95","6965.15","6969.55"
"Thu Jul 11 2024 13:35:00 GMT+0530 (India Standard Time)","6969.55","6974.00","6965.00","6970.00"
"Thu Jul 11 2024 13:40:00 GMT+0530 (India Standard Time)","6970.00","6970.00","6963.85","6965.95"
"Thu Jul 11 2024 13:45:00 GMT+0530 (India Standard Time)","6965.95","6966.00","6960.00","6963.95"
"Thu Jul 11 2024 13:50:00 GMT+0530 (India Standard Time)","6963.95","6965.00","6960.00","6964.00"
"Thu Jul 11 2024 13:55:00 GMT+0530 (India Standard Time)","6964.00","6966.00","6962.00","6966.00"
"Thu Jul 11 2024 14:00:00 GMT+0530 (India Standard Time)","6966.10","6970.00","6963.80","6968.40"
"Thu Jul 11 2024 14:05:00 GMT+0530 (India Standard Time)","6968.40","6970.00","6965.00","6968.00"
"Thu Jul 11 2024 14:10:00 GMT+0530 (India Standard Time)","6967.00","6969.00","6962.10","6963.10"
"Thu Jul 11 2024 14:15:00 GMT+0530 (India Standard Time)","6963.10","6969.00","6963.00","6968.95"
"Thu Jul 11 2024 14:20:00 GMT+0530 (India Standard Time)","6968.95","6975.80","6968.40","6973.05"
"Thu Jul 11 2024 14:25:00 GMT+0530 (India Standard Time)","6971.20","6975.00","6970.00","6970.05"
"Thu Jul 11 2024 14:30:00 GMT+0530 (India Standard Time)","6970.05","6975.00","6970.00","6972.00"
"Thu Jul 11 2024 14:35:00 GMT+0530 (India Standard Time)","6972.00","6976.90","6971.00","6975.00"
"Thu Jul 11 2024 14:40:00 GMT+0530 (India Standard Time)","6975.00","6975.00","6971.00","6974.00"
"Thu Jul 11 2024 14:45:00 GMT+0530 (India Standard Time)","6971.05","6976.90","6971.00","6975.00"
"Thu Jul 11 2024 14:50:00 GMT+0530 (India Standard Time)","6977.25","6978.00","6970.05","6970.05"
"Thu Jul 11 2024 14:55:00 GMT+0530 (India Standard Time)","6973.55","6975.00","6970.00","6972.20"
"Thu Jul 11 2024 15:00:00 GMT+0530 (India Standard Time)","6974.15","6974.35","6960.05","6963.65"
"Thu Jul 11 2024 15:05:00 GMT+0530 (India Standard Time)","6961.25","6963.65","6952.00","6955.00"
"Thu Jul 11 2024 15:10:00 GMT+0530 (India Standard Time)","6957.00","6966.00","6953.55","6963.95"
"Thu Jul 11 2024 15:15:00 GMT+0530 (India Standard Time)","6964.10","6964.15","6950.05","6953.50"
"Thu Jul 11 2024 15:20:00 GMT+0530 (India Standard Time)","6956.00","6960.00","6950.00","6955.65"
"Thu Jul 11 2024 15:25:00 GMT+0530 (India Standard Time)","6952.60","6965.00","6952.55","6960.55"
"Fri Jul 12 2024 09:15:00 GMT+0530 (India Standard Time)","6960.00","6998.95","6950.05","6963.30"
"Fri Jul 12 2024 09:20:00 GMT+0530 (India Standard Time)","6960.00","6975.00","6957.50","6973.95"
"Fri Jul 12 2024 09:25:00 GMT+0530 (India Standard Time)","6973.60","6990.00","6973.60","6978.45"
"Fri Jul 12 2024 09:30:00 GMT+0530 (India Standard Time)","6980.00","6980.00","6976.00","6978.90"
"Fri Jul 12 2024 09:35:00 GMT+0530 (India Standard Time)","6976.00","6978.90","6965.00","6966.90"
"Fri Jul 12 2024 09:40:00 GMT+0530 (India Standard Time)","6966.90","6984.45","6963.05","6978.00"
"Fri Jul 12 2024 09:45:00 GMT+0530 (India Standard Time)","6976.15","6993.10","6975.30","6993.00"
"Fri Jul 12 2024 09:50:00 GMT+0530 (India Standard Time)","6993.00","6999.95","6987.45","6998.60"
"Fri Jul 12 2024 09:55:00 GMT+0530 (India Standard Time)","6993.85","6996.95","6985.00","6989.00"
"Fri Jul 12 2024 10:00:00 GMT+0530 (India Standard Time)","6989.00","6989.00","6985.00","6989.00"
"Fri Jul 12 2024 10:05:00 GMT+0530 (India Standard Time)","6989.00","6989.00","6987.90","6987.90"
"Fri Jul 12 2024 10:10:00 GMT+0530 (India Standard Time)","6988.95","6989.00","6980.00","6984.85"
"Fri Jul 12 2024 10:15:00 GMT+0530 (India Standard Time)","6981.35","6984.90","6981.00","6984.90"
"Fri Jul 12 2024 10:20:00 GMT+0530 (India Standard Time)","6984.90","6984.90","6975.20","6978.20"
"Fri Jul 12 2024 10:25:00 GMT+0530 (India Standard Time)","6978.95","6980.00","6973.00","6975.00"
"Fri Jul 12 2024 10:30:00 GMT+0530 (India Standard Time)","6975.00","6975.00","6970.00","6975.00"
"Fri Jul 12 2024 10:35:00 GMT+0530 (India Standard Time)","6975.00","6975.00","6970.05","6972.00"
"Fri Jul 12 2024 10:40:00 GMT+0530 (India Standard Time)","6972.00","6972.00","6969.05","6970.00"
"Fri Jul 12 2024 10:45:00 GMT+0530 (India Standard Time)","6970.00","6974.95","6966.00","6974.00"
"Fri Jul 12 2024 10:50:00 GMT+0530 (India Standard Time)","6974.00","6985.00","6970.40","6983.15"
"Fri Jul 12 2024 10:55:00 GMT+0530 (India Standard Time)","6979.05","6995.00","6979.05","6995.00"
"Fri Jul 12 2024 11:00:00 GMT+0530 (India Standard Time)","6995.00","7023.95","6994.20","7006.45"
"Fri Jul 12 2024 11:05:00 GMT+0530 (India Standard Time)","7008.30","7024.70","7004.25","7023.90"
"Fri Jul 12 2024 11:10:00 GMT+0530 (India Standard Time)","7020.95","7023.35","7008.00","7013.85"
"Fri Jul 12 2024 11:15:00 GMT+0530 (India Standard Time)","7017.15","7024.65","7007.85","7024.00"
"Fri Jul 12 2024 11:20:00 GMT+0530 (India Standard Time)","7024.00","7024.00","6992.60","6996.75"
"Fri Jul 12 2024 11:25:00 GMT+0530 (India Standard Time)","6996.75","6997.00","6990.00","6995.85"
"Fri Jul 12 2024 11:30:00 GMT+0530 (India Standard Time)","6996.00","7000.00","6990.40","6995.00"
"Fri Jul 12 2024 11:35:00 GMT+0530 (India Standard Time)","6995.00","7000.00","6994.85","7000.00"
"Fri Jul 12 2024 11:40:00 GMT+0530 (India Standard Time)","7000.00","7024.70","7000.00","7024.00"
"Fri Jul 12 2024 11:45:00 GMT+0530 (India Standard Time)","7024.65","7080.00","7018.55","7062.30"
"Fri Jul 12 2024 11:50:00 GMT+0530 (India Standard Time)","7064.00","7098.00","7054.80","7088.95"
"Fri Jul 12 2024 11:55:00 GMT+0530 (India Standard Time)","7086.00","7134.70","7086.00","7127.00"
"Fri Jul 12 2024 12:00:00 GMT+0530 (India Standard Time)","7127.05","7134.00","7114.00","7126.00"
"Fri Jul 12 2024 12:05:00 GMT+0530 (India Standard Time)","7126.00","7129.85","7103.35","7116.00"
"Fri Jul 12 2024 12:10:00 GMT+0530 (India Standard Time)","7116.00","7119.80","7108.00","7113.55"
"Fri Jul 12 2024 12:15:00 GMT+0530 (India Standard Time)","7113.55","7119.30","7107.00","7117.60"
"Fri Jul 12 2024 12:20:00 GMT+0530 (India Standard Time)","7117.60","7117.85","7102.00","7103.95"
"Fri Jul 12 2024 12:25:00 GMT+0530 (India Standard Time)","7102.00","7109.95","7091.10","7105.00"
"Fri Jul 12 2024 12:30:00 GMT+0530 (India Standard Time)","7105.00","7106.00","7078.00","7085.00"
"Fri Jul 12 2024 12:35:00 GMT+0530 (India Standard Time)","7085.00","7099.00","7079.65","7092.30"
"Fri Jul 12 2024 12:40:00 GMT+0530 (India Standard Time)","7094.95","7094.95","7065.00","7065.30"
"Fri Jul 12 2024 12:45:00 GMT+0530 (India Standard Time)","7065.20","7069.65","7035.00","7040.00"
"Fri Jul 12 2024 12:50:00 GMT+0530 (India Standard Time)","7040.00","7063.20","7040.00","7055.90"
"Fri Jul 12 2024 12:55:00 GMT+0530 (India Standard Time)","7055.90","7057.50","7042.75","7050.00"
"Fri Jul 12 2024 13:00:00 GMT+0530 (India Standard Time)","7050.00","7050.00","7036.10","7041.10"
"Fri Jul 12 2024 13:05:00 GMT+0530 (India Standard Time)","7041.10","7050.00","7038.00","7050.00"
"Fri Jul 12 2024 13:10:00 GMT+0530 (India Standard Time)","7050.00","7062.50","7048.00","7058.05"
"Fri Jul 12 2024 13:15:00 GMT+0530 (India Standard Time)","7058.05","7067.60","7054.10","7065.05"
"Fri Jul 12 2024 13:20:00 GMT+0530 (India Standard Time)","7065.05","7068.65","7060.75","7066.30"
"Fri Jul 12 2024 13:25:00 GMT+0530 (India Standard Time)","7066.30","7067.20","7047.40","7050.00"
"Fri Jul 12 2024 13:30:00 GMT+0530 (India Standard Time)","7050.00","7062.65","7049.95","7049.95"
"Fri Jul 12 2024 13:35:00 GMT+0530 (India Standard Time)","7054.50","7059.25","7049.00","7051.05"
"Fri Jul 12 2024 13:40:00 GMT+0530 (India Standard Time)","7055.00","7060.00","7050.00","7060.00"
"Fri Jul 12 2024 13:45:00 GMT+0530 (India Standard Time)","7060.00","7068.00","7050.95","7067.95"
"Fri Jul 12 2024 13:50:00 GMT+0530 (India Standard Time)","7067.95","7069.80","7053.05","7057.30"
"Fri Jul 12 2024 13:55:00 GMT+0530 (India Standard Time)","7057.30","7059.80","7051.50","7053.00"
"Fri Jul 12 2024 14:00:00 GMT+0530 (India Standard Time)","7054.95","7065.00","7050.00","7064.80"
"Fri Jul 12 2024 14:05:00 GMT+0530 (India Standard Time)","7064.80","7066.00","7050.00","7050.00"
"Fri Jul 12 2024 14:10:00 GMT+0530 (India Standard Time)","7050.10","7068.00","7050.10","7068.00"
"Fri Jul 12 2024 14:15:00 GMT+0530 (India Standard Time)","7067.45","7072.00","7065.00","7072.00"
"Fri Jul 12 2024 14:20:00 GMT+0530 (India Standard Time)","7074.00","7087.45","7072.85","7080.00"
"Fri Jul 12 2024 14:25:00 GMT+0530 (India Standard Time)","7079.95","7079.95","7065.00","7069.00"
"Fri Jul 12 2024 14:30:00 GMT+0530 (India Standard Time)","7069.00","7080.00","7066.30","7075.00"
"Fri Jul 12 2024 14:35:00 GMT+0530 (India Standard Time)","7075.00","7083.10","7065.00","7069.40"
"Fri Jul 12 2024 14:40:00 GMT+0530 (India Standard Time)","7069.40","7078.75","7065.65","7075.75"
"Fri Jul 12 2024 14:45:00 GMT+0530 (India Standard Time)","7075.75","7081.90","7067.45","7079.60"
"Fri Jul 12 2024 14:50:00 GMT+0530 (India Standard Time)","7079.60","7081.50","7070.70","7079.55"
"Fri Jul 12 2024 14:55:00 GMT+0530 (India Standard Time)","7079.55","7079.55","7070.05","7070.95"
"Fri Jul 12 2024 15:00:00 GMT+0530 (India Standard Time)","7070.95","7075.10","7050.00","7056.10"
"Fri Jul 12 2024 15:05:00 GMT+0530 (India Standard Time)","7056.15","7070.00","7056.15","7057.45"
"Fri Jul 12 2024 15:10:00 GMT+0530 (India Standard Time)","7057.45","7070.15","7056.30","7062.00"
"Fri Jul 12 2024 15:15:00 GMT+0530 (India Standard Time)","7062.00","7075.00","7062.00","7072.55"
"Fri Jul 12 2024 15:20:00 GMT+0530 (India Standard Time)","7070.95","7072.20","7065.00","7066.00"
"Fri Jul 12 2024 15:25:00 GMT+0530 (India Standard Time)","7065.05","7066.95","7033.55","7046.75"
"Mon Jul 15 2024 09:15:00 GMT+0530 (India Standard Time)","7079.00","7103.80","7076.15","7086.45"
"Mon Jul 15 2024 09:20:00 GMT+0530 (India Standard Time)","7086.45","7086.55","7052.55","7055.00"
"Mon Jul 15 2024 09:25:00 GMT+0530 (India Standard Time)","7059.80","7067.05","7042.00","7061.75"
"Mon Jul 15 2024 09:30:00 GMT+0530 (India Standard Time)","7061.25","7063.00","7031.30","7042.15"
"Mon Jul 15 2024 09:35:00 GMT+0530 (India Standard Time)","7042.00","7050.00","7032.00","7034.10"
"Mon Jul 15 2024 09:40:00 GMT+0530 (India Standard Time)","7034.10","7048.80","7020.50","7025.00"
"Mon Jul 15 2024 09:45:00 GMT+0530 (India Standard Time)","7029.40","7041.20","7022.40","7031.40"
"Mon Jul 15 2024 09:50:00 GMT+0530 (India Standard Time)","7031.40","7035.00","7013.00","7015.35"
"Mon Jul 15 2024 09:55:00 GMT+0530 (India Standard Time)","7015.35","7027.30","7004.25","7015.65"
"Mon Jul 15 2024 10:00:00 GMT+0530 (India Standard Time)","7015.65","7020.00","7006.85","7012.00"
"Mon Jul 15 2024 10:05:00 GMT+0530 (India Standard Time)","7016.80","7017.00","7005.00","7015.00"
"Mon Jul 15 2024 10:10:00 GMT+0530 (India Standard Time)","7015.00","7031.10","7012.05","7024.30"
"Mon Jul 15 2024 10:15:00 GMT+0530 (India Standard Time)","7024.30","7041.75","7019.50","7035.00"
"Mon Jul 15 2024 10:20:00 GMT+0530 (India Standard Time)","7035.00","7048.00","7035.00","7038.00"
"Mon Jul 15 2024 10:25:00 GMT+0530 (India Standard Time)","7038.00","7047.00","7030.80","7032.45"
"Mon Jul 15 2024 10:30:00 GMT+0530 (India Standard Time)","7032.10","7041.75","7030.60","7030.60"
"Mon Jul 15 2024 10:35:00 GMT+0530 (India Standard Time)","7030.50","7037.05","7015.25","7028.05"
"Mon Jul 15 2024 10:40:00 GMT+0530 (India Standard Time)","7028.00","7028.00","7019.00","7021.90"
"Mon Jul 15 2024 10:45:00 GMT+0530 (India Standard Time)","7021.75","7030.00","7021.15","7027.10"
"Mon Jul 15 2024 10:50:00 GMT+0530 (India Standard Time)","7027.10","7032.05","7019.00","7024.10"
"Mon Jul 15 2024 10:55:00 GMT+0530 (India Standard Time)","7024.10","7031.95","7019.00","7025.00"
"Mon Jul 15 2024 11:00:00 GMT+0530 (India Standard Time)","7025.00","7028.20","7017.35","7017.35"
"Mon Jul 15 2024 11:05:00 GMT+0530 (India Standard Time)","7017.35","7027.95","7015.00","7018.65"
"Mon Jul 15 2024 11:10:00 GMT+0530 (India Standard Time)","7018.65","7019.05","7015.00","7019.00"
"Mon Jul 15 2024 11:15:00 GMT+0530 (India Standard Time)","7019.00","7019.05","7015.00","7019.05"
"Mon Jul 15 2024 11:20:00 GMT+0530 (India Standard Time)","7019.05","7022.00","7016.05","7020.55"
"Mon Jul 15 2024 11:25:00 GMT+0530 (India Standard Time)","7019.90","7022.00","7015.00","7016.35"
"Mon Jul 15 2024 11:30:00 GMT+0530 (India Standard Time)","7016.35","7023.85","7013.00","7016.00"
"Mon Jul 15 2024 11:35:00 GMT+0530 (India Standard Time)","7016.00","7036.00","7016.00","7024.00"
"Mon Jul 15 2024 11:40:00 GMT+0530 (India Standard Time)","7024.00","7029.50","7020.00","7025.00"
"Mon Jul 15 2024 11:45:00 GMT+0530 (India Standard Time)","7025.00","7025.00","7019.30","7023.95"
"Mon Jul 15 2024 11:50:00 GMT+0530 (India Standard Time)","7023.95","7024.50","7021.00","7024.45"
"Mon Jul 15 2024 11:55:00 GMT+0530 (India Standard Time)","7024.45","7024.50","7020.10","7022.95"
"Mon Jul 15 2024 12:00:00 GMT+0530 (India Standard Time)","7022.95","7024.50","7020.10","7020.10"
"Mon Jul 15 2024 12:05:00 GMT+0530 (India Standard Time)","7020.10","7021.05","7017.45","7018.00"
"Mon Jul 15 2024 12:10:00 GMT+0530 (India Standard Time)","7020.00","7024.00","7017.05","7023.30"
"Mon Jul 15 2024 12:15:00 GMT+0530 (India Standard Time)","7022.00","7024.50","7016.40","7024.50"
"Mon Jul 15 2024 12:20:00 GMT+0530 (India Standard Time)","7024.50","7024.50","7015.00","7015.00"
"Mon Jul 15 2024 12:25:00 GMT+0530 (India Standard Time)","7015.00","7018.00","7013.00","7013.15"
"Mon Jul 15 2024 12:30:00 GMT+0530 (India Standard Time)","7015.00","7018.00","7013.15","7013.15"
"Mon Jul 15 2024 12:35:00 GMT+0530 (India Standard Time)","7013.15","7020.00","7013.15","7019.55"
"Mon Jul 15 2024 12:40:00 GMT+0530 (India Standard Time)","7019.55","7022.50","7010.05","7021.10"
"Mon Jul 15 2024 12:45:00 GMT+0530 (India Standard Time)","7021.10","7021.10","7015.00","7019.45"
"Mon Jul 15 2024 12:50:00 GMT+0530 (India Standard Time)","7019.45","7021.00","7015.00","7021.00"
"Mon Jul 15 2024 12:55:00 GMT+0530 (India Standard Time)","7020.00","7022.00","7020.00","7020.00"
"Mon Jul 15 2024 13:00:00 GMT+0530 (India Standard Time)","7020.05","7024.50","7019.00","7023.65"
"Mon Jul 15 2024 13:05:00 GMT+0530 (India Standard Time)","7023.65","7024.50","7015.60","7022.30"
"Mon Jul 15 2024 13:10:00 GMT+0530 (India Standard Time)","7022.30","7022.30","7016.80","7017.00"
"Mon Jul 15 2024 13:15:00 GMT+0530 (India Standard Time)","7017.00","7020.60","7016.10","7020.55"
"Mon Jul 15 2024 13:20:00 GMT+0530 (India Standard Time)","7020.55","7020.55","7015.00","7018.90"
"Mon Jul 15 2024 13:25:00 GMT+0530 (India Standard Time)","7018.90","7019.95","7015.20","7019.10"
"Mon Jul 15 2024 13:30:00 GMT+0530 (India Standard Time)","7019.80","7020.00","7010.00","7015.05"
"Mon Jul 15 2024 13:35:00 GMT+0530 (India Standard Time)","7015.05","7017.35","7010.00","7014.00"
"Mon Jul 15 2024 13:40:00 GMT+0530 (India Standard Time)","7014.25","7014.90","7009.25","7013.90"
"Mon Jul 15 2024 13:45:00 GMT+0530 (India Standard Time)","7013.90","7014.00","7010.00","7013.65"
"Mon Jul 15 2024 13:50:00 GMT+0530 (India Standard Time)","7013.65","7014.90","7010.00","7013.90"
"Mon Jul 15 2024 13:55:00 GMT+0530 (India Standard Time)","7013.90","7014.90","7010.35","7013.75"
"Mon Jul 15 2024 14:00:00 GMT+0530 (India Standard Time)","7013.75","7014.90","7011.00","7012.00"
"Mon Jul 15 2024 14:05:00 GMT+0530 (India Standard Time)","7012.00","7014.85","7011.00","7014.20"
"Mon Jul 15 2024 14:10:00 GMT+0530 (India Standard Time)","7014.00","7014.90","7011.00","7011.00"
"Mon Jul 15 2024 14:15:00 GMT+0530 (India Standard Time)","7011.00","7014.05","7006.25","7010.00"
"Mon Jul 15 2024 14:20:00 GMT+0530 (India Standard Time)","7010.00","7011.90","7005.30","7005.75"
"Mon Jul 15 2024 14:25:00 GMT+0530 (India Standard Time)","7005.75","7009.30","7004.00","7004.65"
"Mon Jul 15 2024 14:30:00 GMT+0530 (India Standard Time)","7004.65","7009.00","7004.65","7008.00"
"Mon Jul 15 2024 14:35:00 GMT+0530 (India Standard Time)","7008.90","7014.90","7006.50","7013.50"
"Mon Jul 15 2024 14:40:00 GMT+0530 (India Standard Time)","7013.90","7014.00","7010.00","7013.10"
"Mon Jul 15 2024 14:45:00 GMT+0530 (India Standard Time)","7013.10","7014.00","7007.30","7008.00"
"Mon Jul 15 2024 14:50:00 GMT+0530 (India Standard Time)","7008.00","7009.95","7007.20","7009.65"
"Mon Jul 15 2024 14:55:00 GMT+0530 (India Standard Time)","7009.65","7014.00","7005.05","7014.00"
"Mon Jul 15 2024 15:00:00 GMT+0530 (India Standard Time)","7013.60","7014.00","7011.00","7013.90"
"Mon Jul 15 2024 15:05:00 GMT+0530 (India Standard Time)","7013.90","7020.00","7012.25","7019.00"
"Mon Jul 15 2024 15:10:00 GMT+0530 (India Standard Time)","7019.00","7020.00","7015.30","7020.00"
"Mon Jul 15 2024 15:15:00 GMT+0530 (India Standard Time)","7020.00","7020.00","7015.00","7018.50"
"Mon Jul 15 2024 15:20:00 GMT+0530 (India Standard Time)","7018.70","7024.50","7015.00","7019.65"
"Mon Jul 15 2024 15:25:00 GMT+0530 (India Standard Time)","7019.65","7025.50","7016.85","7023.00"
"Tue Jul 16 2024 09:15:00 GMT+0530 (India Standard Time)","7017.80","7043.95","7002.25","7002.25"
"Tue Jul 16 2024 09:20:00 GMT+0530 (India Standard Time)","7002.25","7007.00","6989.10","6991.05"
"Tue Jul 16 2024 09:25:00 GMT+0530 (India Standard Time)","6991.15","6995.00","6985.00","6995.00"
"Tue Jul 16 2024 09:30:00 GMT+0530 (India Standard Time)","6995.00","6999.50","6990.00","6995.35"
"Tue Jul 16 2024 09:35:00 GMT+0530 (India Standard Time)","6995.25","6997.40","6988.55","6995.30"
"Tue Jul 16 2024 09:40:00 GMT+0530 (India Standard Time)","6995.30","6999.00","6990.60","6999.00"
"Tue Jul 16 2024 09:45:00 GMT+0530 (India Standard Time)","6999.00","7012.00","6996.00","7002.60"
"Tue Jul 16 2024 09:50:00 GMT+0530 (India Standard Time)","7000.00","7003.80","6997.55","7000.00"
"Tue Jul 16 2024 09:55:00 GMT+0530 (India Standard Time)","7000.00","7003.90","6996.00","7003.40"
"Tue Jul 16 2024 10:00:00 GMT+0530 (India Standard Time)","7003.40","7003.75","6996.05","7000.25"
"Tue Jul 16 2024 10:05:00 GMT+0530 (India Standard Time)","7000.25","7002.50","6990.25","6992.30"
"Tue Jul 16 2024 10:10:00 GMT+0530 (India Standard Time)","6992.30","6997.90","6990.25","6995.90"
"Tue Jul 16 2024 10:15:00 GMT+0530 (India Standard Time)","6996.10","6998.60","6990.65","6995.20"
"Tue Jul 16 2024 10:20:00 GMT+0530 (India Standard Time)","6995.20","6999.00","6991.70","6997.00"
"Tue Jul 16 2024 10:25:00 GMT+0530 (India Standard Time)","6998.40","6999.00","6992.50","6993.55"
"Tue Jul 16 2024 10:30:00 GMT+0530 (India Standard Time)","6995.05","6998.95","6993.00","6996.90"
"Tue Jul 16 2024 10:35:00 GMT+0530 (India Standard Time)","6996.95","6998.65","6993.00","6995.00"
"Tue Jul 16 2024 10:40:00 GMT+0530 (India Standard Time)","6998.10","6998.15","6993.00","6996.60"
"Tue Jul 16 2024 10:45:00 GMT+0530 (India Standard Time)","6996.70","6998.95","6991.00","6997.50"
"Tue Jul 16 2024 10:50:00 GMT+0530 (India Standard Time)","6997.50","6997.50","6990.05","6995.00"
"Tue Jul 16 2024 10:55:00 GMT+0530 (India Standard Time)","6995.00","6995.75","6990.05","6993.05"
"Tue Jul 16 2024 11:00:00 GMT+0530 (India Standard Time)","6993.95","6993.95","6990.05","6991.00"
"Tue Jul 16 2024 11:05:00 GMT+0530 (India Standard Time)","6991.00","6994.00","6991.00","6991.15"
"Tue Jul 16 2024 11:10:00 GMT+0530 (India Standard Time)","6991.15","6994.00","6991.00","6991.05"
"Tue Jul 16 2024 11:15:00 GMT+0530 (India Standard Time)","6992.90","6993.90","6985.85","6988.40"
"Tue Jul 16 2024 11:20:00 GMT+0530 (India Standard Time)","6988.40","6988.95","6985.45","6988.95"
"Tue Jul 16 2024 11:25:00 GMT+0530 (India Standard Time)","6988.95","6990.90","6988.95","6990.00"
"Tue Jul 16 2024 11:30:00 GMT+0530 (India Standard Time)","6990.00","6990.80","6988.00","6989.40"
"Tue Jul 16 2024 11:35:00 GMT+0530 (India Standard Time)","6989.40","6989.40","6987.80","6989.40"
"Tue Jul 16 2024 11:40:00 GMT+0530 (India Standard Time)","6989.70","6990.00","6988.00","6988.00"
"Tue Jul 16 2024 11:45:00 GMT+0530 (India Standard Time)","6988.00","6989.00","6988.00","6988.00"
"Tue Jul 16 2024 11:50:00 GMT+0530 (India Standard Time)","6988.85","6989.30","6987.00","6989.30"
"Tue Jul 16 2024 11:55:00 GMT+0530 (India Standard Time)","6989.30","6989.30","6986.35","6989.30"
"Tue Jul 16 2024 12:00:00 GMT+0530 (India Standard Time)","6989.30","6989.70","6986.00","6987.40"
"Tue Jul 16 2024 12:05:00 GMT+0530 (India Standard Time)","6987.40","6988.00","6985.50","6986.00"
"Tue Jul 16 2024 12:10:00 GMT+0530 (India Standard Time)","6986.80","6988.00","6985.95","6987.10"
"Tue Jul 16 2024 12:15:00 GMT+0530 (India Standard Time)","6987.10","6990.00","6987.05","6988.20"
"Tue Jul 16 2024 12:20:00 GMT+0530 (India Standard Time)","6990.40","6990.75","6988.05","6990.70"
"Tue Jul 16 2024 12:25:00 GMT+0530 (India Standard Time)","6990.70","6991.10","6985.90","6986.00"
"Tue Jul 16 2024 12:30:00 GMT+0530 (India Standard Time)","6988.00","6988.30","6985.30","6986.00"
"Tue Jul 16 2024 12:35:00 GMT+0530 (India Standard Time)","6986.00","6988.65","6985.05","6986.00"
"Tue Jul 16 2024 12:40:00 GMT+0530 (India Standard Time)","6986.00","6989.80","6986.00","6986.10"
"Tue Jul 16 2024 12:45:00 GMT+0530 (India Standard Time)","6986.10","6988.00","6986.00","6986.10"
"Tue Jul 16 2024 12:50:00 GMT+0530 (India Standard Time)","6987.85","6988.00","6986.00","6987.90"
"Tue Jul 16 2024 12:55:00 GMT+0530 (India Standard Time)","6987.90","6988.00","6985.00","6985.00"
"Tue Jul 16 2024 13:00:00 GMT+0530 (India Standard Time)","6985.60","6986.00","6985.00","6986.00"
"Tue Jul 16 2024 13:05:00 GMT+0530 (India Standard Time)","6986.00","6986.00","6985.00","6985.95"
"Tue Jul 16 2024 13:10:00 GMT+0530 (India Standard Time)","6985.95","6985.95","6985.00","6985.95"
"Tue Jul 16 2024 13:15:00 GMT+0530 (India Standard Time)","6985.95","6985.95","6985.50","6985.95"
"Tue Jul 16 2024 13:20:00 GMT+0530 (India Standard Time)","6985.95","6986.35","6985.90","6986.30"
"Tue Jul 16 2024 13:25:00 GMT+0530 (India Standard Time)","6986.30","6986.65","6985.00","6986.65"
"Tue Jul 16 2024 13:30:00 GMT+0530 (India Standard Time)","6986.65","6987.05","6985.15","6985.15"
"Tue Jul 16 2024 13:35:00 GMT+0530 (India Standard Time)","6985.15","6987.40","6985.00","6986.35"
"Tue Jul 16 2024 13:40:00 GMT+0530 (India Standard Time)","6986.40","6995.00","6985.00","6990.05"
"Tue Jul 16 2024 13:45:00 GMT+0530 (India Standard Time)","6990.05","6992.80","6988.05","6990.00"
"Tue Jul 16 2024 13:50:00 GMT+0530 (India Standard Time)","6990.70","6990.70","6986.30","6986.40"
"Tue Jul 16 2024 13:55:00 GMT+0530 (India Standard Time)","6986.35","6987.40","6985.00","6986.90"
"Tue Jul 16 2024 14:00:00 GMT+0530 (India Standard Time)","6986.90","6987.35","6985.00","6987.35"
"Tue Jul 16 2024 14:05:00 GMT+0530 (India Standard Time)","6987.35","6990.65","6985.00","6987.00"
"Tue Jul 16 2024 14:10:00 GMT+0530 (India Standard Time)","6987.00","6994.95","6986.00","6992.05"
"Tue Jul 16 2024 14:15:00 GMT+0530 (India Standard Time)","6992.05","6999.00","6992.05","6996.00"
"Tue Jul 16 2024 14:20:00 GMT+0530 (India Standard Time)","6996.00","6998.10","6992.15","6996.20"
"Tue Jul 16 2024 14:25:00 GMT+0530 (India Standard Time)","6996.20","7009.55","6993.50","7000.00"
"Tue Jul 16 2024 14:30:00 GMT+0530 (India Standard Time)","7000.40","7000.60","7000.00","7000.00"
"Tue Jul 16 2024 14:35:00 GMT+0530 (India Standard Time)","7000.60","7000.60","7000.00","7000.40"
"Tue Jul 16 2024 14:40:00 GMT+0530 (India Standard Time)","7000.40","7000.40","6999.55","7000.00"
"Tue Jul 16 2024 14:45:00 GMT+0530 (India Standard Time)","6999.60","7002.00","6999.40","7000.80"
"Tue Jul 16 2024 14:50:00 GMT+0530 (India Standard Time)","7000.80","7001.20","6999.70","7000.30"
"Tue Jul 16 2024 14:55:00 GMT+0530 (India Standard Time)","7000.35","7000.40","6999.85","7000.00"
"Tue Jul 16 2024 15:00:00 GMT+0530 (India Standard Time)","7000.35","7000.75","7000.00","7000.00"
"Tue Jul 16 2024 15:05:00 GMT+0530 (India Standard Time)","7000.70","7000.75","6997.00","6999.90"
"Tue Jul 16 2024 15:10:00 GMT+0530 (India Standard Time)","6999.90","7001.10","6995.00","6997.50"
"Tue Jul 16 2024 15:15:00 GMT+0530 (India Standard Time)","6997.50","6997.95","6987.60","6995.35"
"Tue Jul 16 2024 15:20:00 GMT+0530 (India Standard Time)","6996.95","7001.25","6995.00","7000.90"
"Tue Jul 16 2024 15:25:00 GMT+0530 (India Standard Time)","7000.90","7009.80","7000.00","7009.00"
"Thu Jul 18 2024 09:15:00 GMT+0530 (India Standard Time)","6998.00","7028.95","6981.05","6987.95"
"Thu Jul 18 2024 09:20:00 GMT+0530 (India Standard Time)","6987.95","6994.70","6968.05","6977.00"
"Thu Jul 18 2024 09:25:00 GMT+0530 (India Standard Time)","6977.00","6985.00","6970.00","6975.00"
"Thu Jul 18 2024 09:30:00 GMT+0530 (India Standard Time)","6975.00","6980.00","6952.00","6954.00"
"Thu Jul 18 2024 09:35:00 GMT+0530 (India Standard Time)","6954.00","6968.20","6943.55","6943.55"
"Thu Jul 18 2024 09:40:00 GMT+0530 (India Standard Time)","6947.20","6978.90","6942.00","6970.00"
"Thu Jul 18 2024 09:45:00 GMT+0530 (India Standard Time)","6971.00","6977.00","6962.70","6975.00"
"Thu Jul 18 2024 09:50:00 GMT+0530 (India Standard Time)","6973.10","6990.00","6973.10","6986.00"
"Thu Jul 18 2024 09:55:00 GMT+0530 (India Standard Time)","6989.00","6994.65","6971.20","6971.20"
"Thu Jul 18 2024 10:00:00 GMT+0530 (India Standard Time)","6974.85","6977.75","6967.85","6975.80"
"Thu Jul 18 2024 10:05:00 GMT+0530 (India Standard Time)","6978.20","6978.65","6968.80","6972.25"
"Thu Jul 18 2024 10:10:00 GMT+0530 (India Standard Time)","6973.35","6981.00","6968.00","6980.65"
"Thu Jul 18 2024 10:15:00 GMT+0530 (India Standard Time)","6981.00","6982.50","6975.00","6975.00"
"Thu Jul 18 2024 10:20:00 GMT+0530 (India Standard Time)","6975.00","6977.00","6960.05","6969.65"
"Thu Jul 18 2024 10:25:00 GMT+0530 (India Standard Time)","6969.65","6972.80","6960.00","6966.35"
"Thu Jul 18 2024 10:30:00 GMT+0530 (India Standard Time)","6966.35","6969.50","6959.05","6964.45"
"Thu Jul 18 2024 10:35:00 GMT+0530 (India Standard Time)","6964.45","6968.60","6960.00","6963.00"
"Thu Jul 18 2024 10:40:00 GMT+0530 (India Standard Time)","6965.50","6974.50","6960.05","6970.00"
"Thu Jul 18 2024 10:45:00 GMT+0530 (India Standard Time)","6970.00","6975.00","6967.10","6972.00"
"Thu Jul 18 2024 10:50:00 GMT+0530 (India Standard Time)","6972.00","6974.00","6967.00","6973.00"
"Thu Jul 18 2024 10:55:00 GMT+0530 (India Standard Time)","6973.00","6974.00","6965.75","6967.00"
"Thu Jul 18 2024 11:00:00 GMT+0530 (India Standard Time)","6967.00","6968.00","6960.50","6960.50"
"Thu Jul 18 2024 11:05:00 GMT+0530 (India Standard Time)","6960.50","6967.50","6960.00","6962.00"
"Thu Jul 18 2024 11:10:00 GMT+0530 (India Standard Time)","6965.50","6965.95","6955.05","6958.95"
"Thu Jul 18 2024 11:15:00 GMT+0530 (India Standard Time)","6956.15","6961.85","6951.10","6959.50"
"Thu Jul 18 2024 11:20:00 GMT+0530 (India Standard Time)","6959.50","6960.00","6950.05","6960.00"
"Thu Jul 18 2024 11:25:00 GMT+0530 (India Standard Time)","6960.00","6960.00","6954.00","6954.00"
"Thu Jul 18 2024 11:30:00 GMT+0530 (India Standard Time)","6954.00","6957.50","6945.00","6947.50"
"Thu Jul 18 2024 11:35:00 GMT+0530 (India Standard Time)","6947.50","6962.50","6945.05","6959.00"
"Thu Jul 18 2024 11:40:00 GMT+0530 (India Standard Time)","6959.00","6959.15","6947.55","6949.75"
"Thu Jul 18 2024 11:45:00 GMT+0530 (India Standard Time)","6949.75","6960.45","6949.75","6956.90"
"Thu Jul 18 2024 11:50:00 GMT+0530 (India Standard Time)","6958.35","6960.00","6952.35","6952.35"
"Thu Jul 18 2024 11:55:00 GMT+0530 (India Standard Time)","6952.35","6958.80","6951.00","6957.30"
"Thu Jul 18 2024 12:00:00 GMT+0530 (India Standard Time)","6953.15","6960.00","6952.60","6957.00"
"Thu Jul 18 2024 12:05:00 GMT+0530 (India Standard Time)","6957.00","6958.20","6950.60","6955.05"
"Thu Jul 18 2024 12:10:00 GMT+0530 (India Standard Time)","6955.05","6964.35","6955.05","6964.35"
"Thu Jul 18 2024 12:15:00 GMT+0530 (India Standard Time)","6964.35","6970.00","6960.40","6965.25"
"Thu Jul 18 2024 12:20:00 GMT+0530 (India Standard Time)","6964.70","6965.00","6960.10","6960.25"
"Thu Jul 18 2024 12:25:00 GMT+0530 (India Standard Time)","6960.25","6964.00","6960.25","6963.60"
"Thu Jul 18 2024 12:30:00 GMT+0530 (India Standard Time)","6963.55","6970.00","6960.50","6970.00"
"Thu Jul 18 2024 12:35:00 GMT+0530 (India Standard Time)","6970.00","6992.00","6960.05","6992.00"
"Thu Jul 18 2024 12:40:00 GMT+0530 (India Standard Time)","6992.00","6993.90","6972.50","6977.70"
"Thu Jul 18 2024 12:45:00 GMT+0530 (India Standard Time)","6974.80","6977.65","6970.05","6974.00"
"Thu Jul 18 2024 12:50:00 GMT+0530 (India Standard Time)","6974.00","6980.00","6970.40","6976.00"
"Thu Jul 18 2024 12:55:00 GMT+0530 (India Standard Time)","6976.00","6976.00","6967.45","6973.85"
"Thu Jul 18 2024 13:00:00 GMT+0530 (India Standard Time)","6973.85","6973.85","6967.15","6972.00"
"Thu Jul 18 2024 13:05:00 GMT+0530 (India Standard Time)","6972.00","6975.00","6970.00","6970.05"
"Thu Jul 18 2024 13:10:00 GMT+0530 (India Standard Time)","6974.60","6975.90","6970.05","6974.00"
"Thu Jul 18 2024 13:15:00 GMT+0530 (India Standard Time)","6974.00","6976.00","6971.35","6973.00"
"Thu Jul 18 2024 13:20:00 GMT+0530 (India Standard Time)","6973.00","6976.00","6973.00","6975.00"
"Thu Jul 18 2024 13:25:00 GMT+0530 (India Standard Time)","6976.00","6976.00","6970.70","6971.50"
"Thu Jul 18 2024 13:30:00 GMT+0530 (India Standard Time)","6970.95","6975.95","6970.00","6970.00"
"Thu Jul 18 2024 13:35:00 GMT+0530 (India Standard Time)","6970.00","6971.00","6968.00","6968.00"
"Thu Jul 18 2024 13:40:00 GMT+0530 (India Standard Time)","6968.00","6969.00","6965.00","6968.00"
"Thu Jul 18 2024 13:45:00 GMT+0530 (India Standard Time)","6968.00","6968.00","6960.00","6962.25"
"Thu Jul 18 2024 13:50:00 GMT+0530 (India Standard Time)","6962.25","6968.00","6960.65","6963.50"
"Thu Jul 18 2024 13:55:00 GMT+0530 (India Standard Time)","6966.90","6966.90","6960.00","6960.75"
"Thu Jul 18 2024 14:00:00 GMT+0530 (India Standard Time)","6960.75","6981.95","6960.40","6980.00"
"Thu Jul 18 2024 14:05:00 GMT+0530 (India Standard Time)","6978.35","6982.00","6974.00","6975.70"
"Thu Jul 18 2024 14:10:00 GMT+0530 (India Standard Time)","6975.70","6980.00","6975.05","6979.50"
"Thu Jul 18 2024 14:15:00 GMT+0530 (India Standard Time)","6972.05","6979.85","6970.00","6970.00"
"Thu Jul 18 2024 14:20:00 GMT+0530 (India Standard Time)","6970.00","6979.00","6965.05","6974.00"
"Thu Jul 18 2024 14:25:00 GMT+0530 (India Standard Time)","6974.00","6999.75","6974.00","6979.25"
"Thu Jul 18 2024 14:30:00 GMT+0530 (India Standard Time)","6979.85","7020.00","6976.00","7016.05"
"Thu Jul 18 2024 14:35:00 GMT+0530 (India Standard Time)","7017.00","7028.00","7016.00","7016.00"
"Thu Jul 18 2024 14:40:00 GMT+0530 (India Standard Time)","7008.05","7017.00","7005.20","7013.00"
"Thu Jul 18 2024 14:45:00 GMT+0530 (India Standard Time)","7013.00","7015.00","7005.05","7010.00"
"Thu Jul 18 2024 14:50:00 GMT+0530 (India Standard Time)","7009.90","7015.00","7004.20","7004.20"
"Thu Jul 18 2024 14:55:00 GMT+0530 (India Standard Time)","7004.20","7010.50","7000.05","7002.95"
"Thu Jul 18 2024 15:00:00 GMT+0530 (India Standard Time)","7007.40","7020.00","7007.40","7017.15"
"Thu Jul 18 2024 15:05:00 GMT+0530 (India Standard Time)","7017.15","7025.00","7012.95","7024.00"
"Thu Jul 18 2024 15:10:00 GMT+0530 (India Standard Time)","7023.50","7048.90","7020.95","7047.00"
"Thu Jul 18 2024 15:15:00 GMT+0530 (India Standard Time)","7047.00","7050.00","7033.35","7044.95"
"Thu Jul 18 2024 15:20:00 GMT+0530 (India Standard Time)","7044.75","7050.00","7040.15","7045.20"
"Thu Jul 18 2024 15:25:00 GMT+0530 (India Standard Time)","7045.20","7049.00","7035.00","7035.00"
"Fri Jul 19 2024 09:15:00 GMT+0530 (India Standard Time)","7050.00","7074.90","7025.00","7025.00"
"Fri Jul 19 2024 09:20:00 GMT+0530 (India Standard Time)","7020.30","7046.55","7010.00","7024.70"
"Fri Jul 19 2024 09:25:00 GMT+0530 (India Standard Time)","7029.75","7037.50","6991.55","6991.55"
"Fri Jul 19 2024 09:30:00 GMT+0530 (India Standard Time)","6997.60","7023.85","6995.15","7013.80"
"Fri Jul 19 2024 09:35:00 GMT+0530 (India Standard Time)","7015.90","7016.65","6996.80","7001.00"
"Fri Jul 19 2024 09:40:00 GMT+0530 (India Standard Time)","7002.50","7007.55","6997.45","6999.35"
"Fri Jul 19 2024 09:45:00 GMT+0530 (India Standard Time)","6999.00","7008.65","6999.00","7001.00"
"Fri Jul 19 2024 09:50:00 GMT+0530 (India Standard Time)","7001.00","7004.00","6995.00","7000.00"
"Fri Jul 19 2024 09:55:00 GMT+0530 (India Standard Time)","7000.00","7012.20","6999.95","7008.10"
"Fri Jul 19 2024 10:00:00 GMT+0530 (India Standard Time)","7003.65","7009.00","6983.00","6987.05"
"Fri Jul 19 2024 10:05:00 GMT+0530 (India Standard Time)","6987.05","7000.00","6976.00","6990.15"
"Fri Jul 19 2024 10:10:00 GMT+0530 (India Standard Time)","6990.15","6994.70","6973.00","6973.00"
"Fri Jul 19 2024 10:15:00 GMT+0530 (India Standard Time)","6973.00","6980.00","6973.00","6980.00"
"Fri Jul 19 2024 10:20:00 GMT+0530 (India Standard Time)","6975.05","6993.15","6975.00","6982.40"
"Fri Jul 19 2024 10:25:00 GMT+0530 (India Standard Time)","6982.40","7000.05","6982.00","6993.90"
"Fri Jul 19 2024 10:30:00 GMT+0530 (India Standard Time)","6996.85","6997.05","6980.05","6985.25"
"Fri Jul 19 2024 10:35:00 GMT+0530 (India Standard Time)","6985.25","6991.55","6978.70","6978.70"
"Fri Jul 19 2024 10:40:00 GMT+0530 (India Standard Time)","6978.70","6978.70","6969.00","6975.05"
"Fri Jul 19 2024 10:45:00 GMT+0530 (India Standard Time)","6975.05","6977.65","6962.00","6962.00"
"Fri Jul 19 2024 10:50:00 GMT+0530 (India Standard Time)","6965.50","6975.00","6965.00","6972.00"
"Fri Jul 19 2024 10:55:00 GMT+0530 (India Standard Time)","6972.00","6974.00","6969.05","6974.00"
"Fri Jul 19 2024 11:00:00 GMT+0530 (India Standard Time)","6975.00","6975.00","6968.00","6970.80"
"Fri Jul 19 2024 11:05:00 GMT+0530 (India Standard Time)","6970.80","6972.70","6968.00","6970.00"
"Fri Jul 19 2024 11:10:00 GMT+0530 (India Standard Time)","6970.00","6971.25","6946.00","6950.00"
"Fri Jul 19 2024 11:15:00 GMT+0530 (India Standard Time)","6950.00","6955.00","6947.00","6952.45"
"Fri Jul 19 2024 11:20:00 GMT+0530 (India Standard Time)","6947.95","6952.90","6945.00","6950.55"
"Fri Jul 19 2024 11:25:00 GMT+0530 (India Standard Time)","6950.55","6950.85","6946.10","6950.80"
"Fri Jul 19 2024 11:30:00 GMT+0530 (India Standard Time)","6950.80","6954.40","6945.05","6950.00"
"Fri Jul 19 2024 11:35:00 GMT+0530 (India Standard Time)","6950.00","6950.55","6947.80","6949.45"
"Fri Jul 19 2024 11:40:00 GMT+0530 (India Standard Time)","6949.45","6951.60","6947.80","6949.00"
"Fri Jul 19 2024 11:45:00 GMT+0530 (India Standard Time)","6949.00","6950.25","6947.00","6950.20"
"Fri Jul 19 2024 11:50:00 GMT+0530 (India Standard Time)","6950.20","6953.55","6946.00","6950.00"
"Fri Jul 19 2024 11:55:00 GMT+0530 (India Standard Time)","6949.00","6953.50","6946.50","6950.00"
"Fri Jul 19 2024 12:00:00 GMT+0530 (India Standard Time)","6950.50","6960.00","6945.00","6950.10"
"Fri Jul 19 2024 12:05:00 GMT+0530 (India Standard Time)","6950.10","6952.90","6945.00","6946.50"
"Fri Jul 19 2024 12:10:00 GMT+0530 (India Standard Time)","6945.60","6954.50","6945.60","6953.20"
"Fri Jul 19 2024 12:15:00 GMT+0530 (India Standard Time)","6953.20","6954.05","6949.00","6950.00"
"Fri Jul 19 2024 12:20:00 GMT+0530 (India Standard Time)","6950.00","6952.35","6949.00","6950.00"
"Fri Jul 19 2024 12:25:00 GMT+0530 (India Standard Time)","6950.00","6953.00","6946.00","6949.00"
"Fri Jul 19 2024 12:30:00 GMT+0530 (India Standard Time)","6949.00","6952.00","6945.00","6945.00"
"Fri Jul 19 2024 12:35:00 GMT+0530 (India Standard Time)","6947.85","6949.95","6945.00","6949.10"
"Fri Jul 19 2024 12:40:00 GMT+0530 (India Standard Time)","6949.10","6950.00","6948.00","6950.00"
"Fri Jul 19 2024 12:45:00 GMT+0530 (India Standard Time)","6950.00","6952.25","6948.00","6950.45"
"Fri Jul 19 2024 12:50:00 GMT+0530 (India Standard Time)","6950.45","6952.15","6947.50","6950.00"
"Fri Jul 19 2024 12:55:00 GMT+0530 (India Standard Time)","6950.00","6954.20","6948.05","6949.20"
"Fri Jul 19 2024 13:00:00 GMT+0530 (India Standard Time)","6949.20","6951.60","6946.05","6950.00"
"Fri Jul 19 2024 13:05:00 GMT+0530 (India Standard Time)","6950.00","6950.85","6946.00","6950.00"
"Fri Jul 19 2024 13:10:00 GMT+0530 (India Standard Time)","6950.00","6951.40","6947.10","6950.80"
"Fri Jul 19 2024 13:15:00 GMT+0530 (India Standard Time)","6950.80","6951.00","6947.10","6950.60"
"Fri Jul 19 2024 13:20:00 GMT+0530 (India Standard Time)","6950.60","6953.95","6947.50","6951.35"
"Fri Jul 19 2024 13:25:00 GMT+0530 (India Standard Time)","6951.35","6957.45","6947.70","6954.25"
"Fri Jul 19 2024 13:30:00 GMT+0530 (India Standard Time)","6954.25","6954.40","6948.00","6952.60"
"Fri Jul 19 2024 13:35:00 GMT+0530 (India Standard Time)","6952.60","6952.60","6947.10","6950.00"
"Fri Jul 19 2024 13:40:00 GMT+0530 (India Standard Time)","6950.00","6951.35","6948.00","6950.00"
"Fri Jul 19 2024 13:45:00 GMT+0530 (India Standard Time)","6950.00","6950.00","6945.00","6949.75"
"Fri Jul 19 2024 13:50:00 GMT+0530 (India Standard Time)","6949.75","6958.00","6949.70","6953.20"
"Fri Jul 19 2024 13:55:00 GMT+0530 (India Standard Time)","6953.20","6959.20","6953.00","6958.25"
"Fri Jul 19 2024 14:00:00 GMT+0530 (India Standard Time)","6958.25","6959.00","6950.00","6951.00"
"Fri Jul 19 2024 14:05:00 GMT+0530 (India Standard Time)","6951.00","6955.00","6949.05","6951.00"
"Fri Jul 19 2024 14:10:00 GMT+0530 (India Standard Time)","6950.00","6952.75","6945.25","6950.15"
"Fri Jul 19 2024 14:15:00 GMT+0530 (India Standard Time)","6950.15","6957.40","6945.25","6957.40"
"Fri Jul 19 2024 14:20:00 GMT+0530 (India Standard Time)","6957.40","6959.00","6950.00","6952.50"
"Fri Jul 19 2024 14:25:00 GMT+0530 (India Standard Time)","6956.50","6958.50","6947.55","6947.55"
"Fri Jul 19 2024 14:30:00 GMT+0530 (India Standard Time)","6956.00","6956.90","6950.00","6951.65"
"Fri Jul 19 2024 14:35:00 GMT+0530 (India Standard Time)","6955.10","6958.00","6950.00","6957.40"
"Fri Jul 19 2024 14:40:00 GMT+0530 (India Standard Time)","6956.65","6959.00","6956.65","6956.95"
"Fri Jul 19 2024 14:45:00 GMT+0530 (India Standard Time)","6956.95","6973.60","6956.65","6970.90"
"Fri Jul 19 2024 14:50:00 GMT+0530 (India Standard Time)","6970.10","6971.95","6958.50","6967.50"
"Fri Jul 19 2024 14:55:00 GMT+0530 (India Standard Time)","6967.45","6967.95","6961.35","6966.65"
"Fri Jul 19 2024 15:00:00 GMT+0530 (India Standard Time)","6966.65","6970.00","6966.60","6969.00"
"Fri Jul 19 2024 15:05:00 GMT+0530 (India Standard Time)","6969.00","7000.00","6966.85","6999.95"
"Fri Jul 19 2024 15:10:00 GMT+0530 (India Standard Time)","6996.60","6999.90","6978.35","6985.70"
"Fri Jul 19 2024 15:15:00 GMT+0530 (India Standard Time)","6986.15","6986.15","6959.10","6983.70"
"Fri Jul 19 2024 15:20:00 GMT+0530 (India Standard Time)","6983.85","6985.75","6966.65","6977.50"
"Fri Jul 19 2024 15:25:00 GMT+0530 (India Standard Time)","6975.05","6980.00","6967.00","6970.00"
"Mon Jul 22 2024 09:15:00 GMT+0530 (India Standard Time)","6978.95","6978.95","6915.95","6931.20"
"Mon Jul 22 2024 09:20:00 GMT+0530 (India Standard Time)","6932.65","6960.00","6920.00","6954.10"
"Mon Jul 22 2024 09:25:00 GMT+0530 (India Standard Time)","6954.10","6954.10","6922.75","6938.40"
"Mon Jul 22 2024 09:30:00 GMT+0530 (India Standard Time)","6936.95","6942.25","6931.85","6935.10"
"Mon Jul 22 2024 09:35:00 GMT+0530 (India Standard Time)","6938.00","6957.80","6935.20","6953.35"
"Mon Jul 22 2024 09:40:00 GMT+0530 (India Standard Time)","6953.35","6954.80","6944.15","6944.15"
"Mon Jul 22 2024 09:45:00 GMT+0530 (India Standard Time)","6945.45","6953.00","6941.25","6948.60"
"Mon Jul 22 2024 09:50:00 GMT+0530 (India Standard Time)","6948.95","6958.00","6941.00","6958.00"
"Mon Jul 22 2024 09:55:00 GMT+0530 (India Standard Time)","6958.00","6965.00","6955.00","6961.60"
"Mon Jul 22 2024 10:00:00 GMT+0530 (India Standard Time)","6961.05","6963.10","6942.00","6947.60"
"Mon Jul 22 2024 10:05:00 GMT+0530 (India Standard Time)","6951.60","6964.75","6945.00","6945.00"
"Mon Jul 22 2024 10:10:00 GMT+0530 (India Standard Time)","6945.00","6955.90","6944.00","6945.00"
"Mon Jul 22 2024 10:15:00 GMT+0530 (India Standard Time)","6945.00","6948.70","6932.30","6937.45"
"Mon Jul 22 2024 10:20:00 GMT+0530 (India Standard Time)","6937.45","6939.25","6930.00","6931.45"
"Mon Jul 22 2024 10:25:00 GMT+0530 (India Standard Time)","6931.45","6935.00","6930.00","6935.00"
"Mon Jul 22 2024 10:30:00 GMT+0530 (India Standard Time)","6932.05","6935.00","6925.40","6928.10"
"Mon Jul 22 2024 10:35:00 GMT+0530 (India Standard Time)","6930.00","6930.00","6925.00","6930.00"
"Mon Jul 22 2024 10:40:00 GMT+0530 (India Standard Time)","6928.60","6931.50","6921.10","6924.80"
"Mon Jul 22 2024 10:45:00 GMT+0530 (India Standard Time)","6921.05","6930.00","6912.05","6923.60"
"Mon Jul 22 2024 10:50:00 GMT+0530 (India Standard Time)","6923.60","6931.70","6920.00","6921.55"
"Mon Jul 22 2024 10:55:00 GMT+0530 (India Standard Time)","6920.00","6928.40","6915.05","6917.55"
"Mon Jul 22 2024 11:00:00 GMT+0530 (India Standard Time)","6916.00","6918.65","6911.15","6914.90"
"Mon Jul 22 2024 11:05:00 GMT+0530 (India Standard Time)","6913.00","6924.10","6912.55","6920.40"
"Mon Jul 22 2024 11:10:00 GMT+0530 (India Standard Time)","6924.55","6924.75","6914.00","6917.10"
"Mon Jul 22 2024 11:15:00 GMT+0530 (India Standard Time)","6914.00","6922.90","6912.00","6915.85"
"Mon Jul 22 2024 11:20:00 GMT+0530 (India Standard Time)","6915.85","6915.85","6911.15","6912.40"
"Mon Jul 22 2024 11:25:00 GMT+0530 (India Standard Time)","6912.40","6917.60","6911.15","6912.60"
"Mon Jul 22 2024 11:30:00 GMT+0530 (India Standard Time)","6912.60","6915.70","6911.15","6915.60"
"Mon Jul 22 2024 11:35:00 GMT+0530 (India Standard Time)","6915.60","6916.95","6911.15","6914.85"
"Mon Jul 22 2024 11:40:00 GMT+0530 (India Standard Time)","6914.85","6917.95","6910.05","6913.85"
"Mon Jul 22 2024 11:45:00 GMT+0530 (India Standard Time)","6913.85","6914.00","6910.00","6911.75"
"Mon Jul 22 2024 11:50:00 GMT+0530 (India Standard Time)","6911.75","6912.00","6905.00","6905.05"
"Mon Jul 22 2024 11:55:00 GMT+0530 (India Standard Time)","6905.00","6923.95","6903.00","6917.05"
"Mon Jul 22 2024 12:00:00 GMT+0530 (India Standard Time)","6921.90","6932.35","6919.10","6926.20"
"Mon Jul 22 2024 12:05:00 GMT+0530 (India Standard Time)","6930.00","6935.00","6925.00","6933.10"
"Mon Jul 22 2024 12:10:00 GMT+0530 (India Standard Time)","6933.10","6933.10","6922.20","6925.60"
"Mon Jul 22 2024 12:15:00 GMT+0530 (India Standard Time)","6925.60","6931.85","6920.05","6930.65"
"Mon Jul 22 2024 12:20:00 GMT+0530 (India Standard Time)","6930.65","6934.50","6926.50","6934.50"
"Mon Jul 22 2024 12:25:00 GMT+0530 (India Standard Time)","6934.50","6936.00","6932.00","6932.75"
"Mon Jul 22 2024 12:30:00 GMT+0530 (India Standard Time)","6935.75","6940.00","6932.10","6936.25"
"Mon Jul 22 2024 12:35:00 GMT+0530 (India Standard Time)","6940.00","6946.00","6939.00","6941.00"
"Mon Jul 22 2024 12:40:00 GMT+0530 (India Standard Time)","6941.00","6942.00","6935.80","6941.10"
"Mon Jul 22 2024 12:45:00 GMT+0530 (India Standard Time)","6942.55","6950.00","6942.35","6945.00"
"Mon Jul 22 2024 12:50:00 GMT+0530 (India Standard Time)","6945.00","6959.95","6942.00","6949.20"
"Mon Jul 22 2024 12:55:00 GMT+0530 (India Standard Time)","6949.20","6955.00","6945.00","6952.75"
"Mon Jul 22 2024 13:00:00 GMT+0530 (India Standard Time)","6952.50","6955.95","6944.05","6955.00"
"Mon Jul 22 2024 13:05:00 GMT+0530 (India Standard Time)","6955.00","6955.95","6948.30","6953.65"
"Mon Jul 22 2024 13:10:00 GMT+0530 (India Standard Time)","6950.00","6953.70","6949.60","6950.05"
"Mon Jul 22 2024 13:15:00 GMT+0530 (India Standard Time)","6950.05","6954.90","6947.85","6953.90"
"Mon Jul 22 2024 13:20:00 GMT+0530 (India Standard Time)","6953.90","6954.40","6950.00","6951.15"
"Mon Jul 22 2024 13:25:00 GMT+0530 (India Standard Time)","6951.15","6968.60","6951.15","6968.60"
"Mon Jul 22 2024 13:30:00 GMT+0530 (India Standard Time)","6968.60","6975.00","6965.55","6971.20"
"Mon Jul 22 2024 13:35:00 GMT+0530 (India Standard Time)","6970.10","6973.05","6970.00","6971.00"
"Mon Jul 22 2024 13:40:00 GMT+0530 (India Standard Time)","6971.00","6972.00","6967.75","6970.00"
"Mon Jul 22 2024 13:45:00 GMT+0530 (India Standard Time)","6970.00","6975.00","6970.00","6974.00"
"Mon Jul 22 2024 13:50:00 GMT+0530 (India Standard Time)","6972.00","6975.55","6972.00","6974.00"
"Mon Jul 22 2024 13:55:00 GMT+0530 (India Standard Time)","6974.00","6974.50","6972.00","6974.45"
"Mon Jul 22 2024 14:00:00 GMT+0530 (India Standard Time)","6974.50","6975.00","6972.00","6974.00"
"Mon Jul 22 2024 14:05:00 GMT+0530 (India Standard Time)","6974.00","6975.05","6950.00","6951.25"
"Mon Jul 22 2024 14:10:00 GMT+0530 (India Standard Time)","6950.00","6956.20","6950.00","6950.00"
"Mon Jul 22 2024 14:15:00 GMT+0530 (India Standard Time)","6949.95","6965.00","6945.00","6949.75"
"Mon Jul 22 2024 14:20:00 GMT+0530 (India Standard Time)","6949.75","6960.85","6949.05","6955.35"
"Mon Jul 22 2024 14:25:00 GMT+0530 (India Standard Time)","6955.35","6960.00","6955.35","6960.00"
"Mon Jul 22 2024 14:30:00 GMT+0530 (India Standard Time)","6960.00","6963.10","6954.00","6957.00"
"Mon Jul 22 2024 14:35:00 GMT+0530 (India Standard Time)","6956.00","6959.80","6953.45","6959.75"
"Mon Jul 22 2024 14:40:00 GMT+0530 (India Standard Time)","6959.75","6965.00","6955.00","6958.95"
"Mon Jul 22 2024 14:45:00 GMT+0530 (India Standard Time)","6956.05","6959.95","6955.00","6957.00"
"Mon Jul 22 2024 14:50:00 GMT+0530 (India Standard Time)","6957.00","6957.30","6951.85","6951.85"
"Mon Jul 22 2024 14:55:00 GMT+0530 (India Standard Time)","6951.85","6953.70","6950.25","6950.50"
"Mon Jul 22 2024 15:00:00 GMT+0530 (India Standard Time)","6953.00","6960.00","6950.90","6959.95"
"Mon Jul 22 2024 15:05:00 GMT+0530 (India Standard Time)","6959.95","6965.55","6957.60","6963.10"
"Mon Jul 22 2024 15:10:00 GMT+0530 (India Standard Time)","6963.10","6972.00","6961.60","6964.65"
"Mon Jul 22 2024 15:15:00 GMT+0530 (India Standard Time)","6965.00","6971.55","6960.00","6965.80"
"Mon Jul 22 2024 15:20:00 GMT+0530 (India Standard Time)","6965.80","6972.00","6960.00","6971.90"
"Mon Jul 22 2024 15:25:00 GMT+0530 (India Standard Time)","6971.70","6977.25","6962.35","6977.25"
"Tue Jul 23 2024 09:15:00 GMT+0530 (India Standard Time)","6924.30","6997.70","6924.30","6969.40"
"Tue Jul 23 2024 09:20:00 GMT+0530 (India Standard Time)","6965.00","6970.00","6943.35","6957.50"
"Tue Jul 23 2024 09:25:00 GMT+0530 (India Standard Time)","6957.30","6964.55","6950.00","6957.80"
"Tue Jul 23 2024 09:30:00 GMT+0530 (India Standard Time)","6963.85","6964.75","6940.00","6940.50"
"Tue Jul 23 2024 09:35:00 GMT+0530 (India Standard Time)","6940.50","6952.45","6935.10","6946.75"
"Tue Jul 23 2024 09:40:00 GMT+0530 (India Standard Time)","6946.75","6947.00","6931.00","6940.00"
"Tue Jul 23 2024 09:45:00 GMT+0530 (India Standard Time)","6940.00","6945.00","6934.10","6937.85"
"Tue Jul 23 2024 09:50:00 GMT+0530 (India Standard Time)","6942.25","6944.05","6930.15","6934.05"
"Tue Jul 23 2024 09:55:00 GMT+0530 (India Standard Time)","6931.20","6939.75","6930.50","6932.30"
"Tue Jul 23 2024 10:00:00 GMT+0530 (India Standard Time)","6932.30","6940.00","6924.30","6930.05"
"Tue Jul 23 2024 10:05:00 GMT+0530 (India Standard Time)","6930.05","6947.95","6925.10","6945.00"
"Tue Jul 23 2024 10:10:00 GMT+0530 (India Standard Time)","6944.95","6945.00","6922.05","6927.00"
"Tue Jul 23 2024 10:15:00 GMT+0530 (India Standard Time)","6926.05","6940.00","6925.05","6939.85"
"Tue Jul 23 2024 10:20:00 GMT+0530 (India Standard Time)","6939.85","6939.85","6934.05","6934.60"
"Tue Jul 23 2024 10:25:00 GMT+0530 (India Standard Time)","6934.60","6939.85","6932.25","6939.85"
"Tue Jul 23 2024 10:30:00 GMT+0530 (India Standard Time)","6939.85","6945.00","6933.55","6943.50"
"Tue Jul 23 2024 10:35:00 GMT+0530 (India Standard Time)","6943.50","6948.00","6940.90","6946.95"
"Tue Jul 23 2024 10:40:00 GMT+0530 (India Standard Time)","6946.95","6950.00","6942.05","6943.00"
"Tue Jul 23 2024 10:45:00 GMT+0530 (India Standard Time)","6942.00","6942.00","6924.00","6926.55"
"Tue Jul 23 2024 10:50:00 GMT+0530 (India Standard Time)","6928.85","6929.20","6920.05","6923.15"
"Tue Jul 23 2024 10:55:00 GMT+0530 (India Standard Time)","6922.00","6929.95","6922.00","6924.00"
"Tue Jul 23 2024 11:00:00 GMT+0530 (India Standard Time)","6924.00","6926.35","6921.05","6924.60"
"Tue Jul 23 2024 11:05:00 GMT+0530 (India Standard Time)","6922.00","6932.40","6921.00","6929.00"
"Tue Jul 23 2024 11:10:00 GMT+0530 (India Standard Time)","6929.00","6937.45","6928.00","6932.75"
"Tue Jul 23 2024 11:15:00 GMT+0530 (India Standard Time)","6932.75","6934.35","6915.00","6918.05"
"Tue Jul 23 2024 11:20:00 GMT+0530 (India Standard Time)","6917.45","6930.95","6917.45","6920.00"
"Tue Jul 23 2024 11:25:00 GMT+0530 (India Standard Time)","6920.00","6934.10","6920.00","6931.10"
"Tue Jul 23 2024 11:30:00 GMT+0530 (India Standard Time)","6931.60","6934.65","6930.00","6930.00"
"Tue Jul 23 2024 11:35:00 GMT+0530 (India Standard Time)","6930.00","6933.65","6927.05","6930.35"
"Tue Jul 23 2024 11:40:00 GMT+0530 (India Standard Time)","6930.00","6934.60","6930.00","6931.45"
"Tue Jul 23 2024 11:45:00 GMT+0530 (India Standard Time)","6930.75","6935.00","6926.65","6930.05"
"Tue Jul 23 2024 11:50:00 GMT+0530 (India Standard Time)","6930.00","6936.00","6930.00","6934.00"
"Tue Jul 23 2024 11:55:00 GMT+0530 (India Standard Time)","6934.00","6939.00","6933.15","6938.70"
"Tue Jul 23 2024 12:00:00 GMT+0530 (India Standard Time)","6938.70","6948.70","6935.05","6948.00"
"Tue Jul 23 2024 12:05:00 GMT+0530 (India Standard Time)","6948.00","6960.00","6945.05","6956.80"
"Tue Jul 23 2024 12:10:00 GMT+0530 (India Standard Time)","6956.80","6958.00","6952.00","6952.00"
"Tue Jul 23 2024 12:15:00 GMT+0530 (India Standard Time)","6952.00","6952.15","6925.00","6930.00"
"Tue Jul 23 2024 12:20:00 GMT+0530 (India Standard Time)","6930.00","6934.05","6925.75","6931.85"
"Tue Jul 23 2024 12:25:00 GMT+0530 (India Standard Time)","6930.00","6935.60","6905.05","6905.05"
"Tue Jul 23 2024 12:30:00 GMT+0530 (India Standard Time)","6908.70","6915.00","6900.00","6915.00"
"Tue Jul 23 2024 12:35:00 GMT+0530 (India Standard Time)","6915.00","6929.65","6900.05","6921.50"
"Tue Jul 23 2024 12:40:00 GMT+0530 (India Standard Time)","6921.50","6934.95","6910.20","6920.90"
"Tue Jul 23 2024 12:45:00 GMT+0530 (India Standard Time)","6924.95","6940.00","6922.05","6937.55"
"Tue Jul 23 2024 12:50:00 GMT+0530 (India Standard Time)","6937.55","6948.90","6931.00","6945.25"
"Tue Jul 23 2024 12:55:00 GMT+0530 (India Standard Time)","6956.00","6976.00","6942.80","6971.00"
"Tue Jul 23 2024 13:00:00 GMT+0530 (India Standard Time)","6975.35","6977.70","6970.00","6976.00"
"Tue Jul 23 2024 13:05:00 GMT+0530 (India Standard Time)","6970.35","6975.95","6970.00","6971.25"
"Tue Jul 23 2024 13:10:00 GMT+0530 (India Standard Time)","6971.25","6972.90","6965.00","6965.00"
"Tue Jul 23 2024 13:15:00 GMT+0530 (India Standard Time)","6965.00","6977.70","6965.00","6968.00"
"Tue Jul 23 2024 13:20:00 GMT+0530 (India Standard Time)","6968.00","6968.00","6946.00","6950.00"
"Tue Jul 23 2024 13:25:00 GMT+0530 (India Standard Time)","6951.65","6964.15","6946.00","6955.00"
"Tue Jul 23 2024 13:30:00 GMT+0530 (India Standard Time)","6955.00","6965.85","6946.00","6951.15"
"Tue Jul 23 2024 13:35:00 GMT+0530 (India Standard Time)","6951.45","6959.90","6946.00","6946.00"
"Tue Jul 23 2024 13:40:00 GMT+0530 (India Standard Time)","6947.95","6948.25","6932.65","6935.85"
"Tue Jul 23 2024 13:45:00 GMT+0530 (India Standard Time)","6935.85","6942.45","6932.00","6938.25"
"Tue Jul 23 2024 13:50:00 GMT+0530 (India Standard Time)","6933.15","6947.00","6932.00","6942.25"
"Tue Jul 23 2024 13:55:00 GMT+0530 (India Standard Time)","6942.25","6966.60","6935.95","6955.45"
"Tue Jul 23 2024 14:00:00 GMT+0530 (India Standard Time)","6955.45","6963.20","6932.85","6944.60"
"Tue Jul 23 2024 14:05:00 GMT+0530 (India Standard Time)","6944.60","6954.05","6936.90","6948.90"
"Tue Jul 23 2024 14:10:00 GMT+0530 (India Standard Time)","6948.90","6965.00","6942.65","6961.40"
"Tue Jul 23 2024 14:15:00 GMT+0530 (India Standard Time)","6961.40","6968.20","6961.00","6968.20"
"Tue Jul 23 2024 14:20:00 GMT+0530 (India Standard Time)","6968.20","6968.20","6959.00","6965.00"
"Tue Jul 23 2024 14:25:00 GMT+0530 (India Standard Time)","6965.00","6968.00","6959.00","6966.30"
"Tue Jul 23 2024 14:30:00 GMT+0530 (India Standard Time)","6966.30","6982.50","6963.00","6977.30"
"Tue Jul 23 2024 14:35:00 GMT+0530 (India Standard Time)","6981.80","6981.80","6972.55","6974.00"
"Tue Jul 23 2024 14:40:00 GMT+0530 (India Standard Time)","6974.00","6979.35","6968.00","6973.55"
"Tue Jul 23 2024 14:45:00 GMT+0530 (India Standard Time)","6973.55","6989.00","6972.55","6989.00"
"Tue Jul 23 2024 14:50:00 GMT+0530 (India Standard Time)","6989.00","6989.00","6975.05","6975.05"
"Tue Jul 23 2024 14:55:00 GMT+0530 (India Standard Time)","6975.05","6981.35","6975.00","6977.00"
"Tue Jul 23 2024 15:00:00 GMT+0530 (India Standard Time)","6977.00","6991.85","6977.00","6986.85"
"Tue Jul 23 2024 15:05:00 GMT+0530 (India Standard Time)","6986.85","6989.70","6963.00","6987.00"
"Tue Jul 23 2024 15:10:00 GMT+0530 (India Standard Time)","6988.85","7069.15","6970.15","7018.60"
"Tue Jul 23 2024 15:15:00 GMT+0530 (India Standard Time)","7020.75","7020.75","6977.35","6987.95"
"Tue Jul 23 2024 15:20:00 GMT+0530 (India Standard Time)","6985.05","6988.00","6969.95","6973.05"
"Tue Jul 23 2024 15:25:00 GMT+0530 (India Standard Time)","6972.95","6995.00","6960.00","6985.00"
"Wed Jul 24 2024 09:15:00 GMT+0530 (India Standard Time)","6950.00","7019.00","6950.00","6995.00"
"Wed Jul 24 2024 09:20:00 GMT+0530 (India Standard Time)","6995.00","7009.95","6994.40","7006.00"
"Wed Jul 24 2024 09:25:00 GMT+0530 (India Standard Time)","7006.75","7007.00","6985.65","6993.40"
"Wed Jul 24 2024 09:30:00 GMT+0530 (India Standard Time)","6993.40","7005.95","6986.30","7002.90"
"Wed Jul 24 2024 09:35:00 GMT+0530 (India Standard Time)","7002.90","7002.90","6970.00","6973.20"
"Wed Jul 24 2024 09:40:00 GMT+0530 (India Standard Time)","6973.20","6987.20","6970.10","6979.10"
"Wed Jul 24 2024 09:45:00 GMT+0530 (India Standard Time)","6979.10","6981.05","6970.00","6979.50"
"Wed Jul 24 2024 09:50:00 GMT+0530 (India Standard Time)","6979.50","6988.20","6978.10","6978.65"
"Wed Jul 24 2024 09:55:00 GMT+0530 (India Standard Time)","6978.50","6984.85","6978.50","6980.00"
"Wed Jul 24 2024 10:00:00 GMT+0530 (India Standard Time)","6980.00","6982.00","6974.50","6977.35"
"Wed Jul 24 2024 10:05:00 GMT+0530 (India Standard Time)","6977.35","6977.35","6969.70","6971.00"
"Wed Jul 24 2024 10:10:00 GMT+0530 (India Standard Time)","6971.00","6971.00","6960.00","6962.00"
"Wed Jul 24 2024 10:15:00 GMT+0530 (India Standard Time)","6960.00","6969.90","6960.00","6966.65"
"Wed Jul 24 2024 10:20:00 GMT+0530 (India Standard Time)","6968.95","6969.90","6963.90","6966.60"
"Wed Jul 24 2024 10:25:00 GMT+0530 (India Standard Time)","6966.60","6969.90","6962.50","6965.00"
"Wed Jul 24 2024 10:30:00 GMT+0530 (India Standard Time)","6965.00","6969.90","6962.55","6968.40"
"Wed Jul 24 2024 10:35:00 GMT+0530 (India Standard Time)","6968.40","6969.90","6964.20","6969.00"
"Wed Jul 24 2024 10:40:00 GMT+0530 (India Standard Time)","6969.00","6971.80","6967.80","6969.00"
"Wed Jul 24 2024 10:45:00 GMT+0530 (India Standard Time)","6969.00","6974.00","6968.75","6974.00"
"Wed Jul 24 2024 10:50:00 GMT+0530 (India Standard Time)","6974.00","6974.00","6963.90","6973.35"
"Wed Jul 24 2024 10:55:00 GMT+0530 (India Standard Time)","6973.35","6973.35","6963.85","6963.85"
"Wed Jul 24 2024 11:00:00 GMT+0530 (India Standard Time)","6967.40","6970.05","6964.05","6964.05"
"Wed Jul 24 2024 11:05:00 GMT+0530 (India Standard Time)","6964.05","6968.70","6963.45","6968.70"
"Wed Jul 24 2024 11:10:00 GMT+0530 (India Standard Time)","6968.70","6968.70","6963.05","6963.05"
"Wed Jul 24 2024 11:15:00 GMT+0530 (India Standard Time)","6966.55","6967.40","6962.00","6966.60"
"Wed Jul 24 2024 11:20:00 GMT+0530 (India Standard Time)","6966.60","6966.60","6960.00","6964.00"
"Wed Jul 24 2024 11:25:00 GMT+0530 (India Standard Time)","6965.00","6965.00","6956.00","6957.00"
"Wed Jul 24 2024 11:30:00 GMT+0530 (India Standard Time)","6957.00","6960.00","6955.00","6957.10"
"Wed Jul 24 2024 11:35:00 GMT+0530 (India Standard Time)","6959.60","6959.60","6951.25","6952.15"
"Wed Jul 24 2024 11:40:00 GMT+0530 (India Standard Time)","6954.95","6957.70","6943.00","6947.50"
"Wed Jul 24 2024 11:45:00 GMT+0530 (India Standard Time)","6947.50","6953.05","6943.00","6950.00"
"Wed Jul 24 2024 11:50:00 GMT+0530 (India Standard Time)","6949.00","6950.10","6945.20","6950.00"
"Wed Jul 24 2024 11:55:00 GMT+0530 (India Standard Time)","6950.00","6950.00","6925.00","6939.95"
"Wed Jul 24 2024 12:00:00 GMT+0530 (India Standard Time)","6938.00","6945.95","6927.00","6939.90"
"Wed Jul 24 2024 12:05:00 GMT+0530 (India Standard Time)","6939.90","6940.00","6926.00","6931.95"
"Wed Jul 24 2024 12:10:00 GMT+0530 (India Standard Time)","6931.95","6947.00","6931.95","6940.00"
"Wed Jul 24 2024 12:15:00 GMT+0530 (India Standard Time)","6940.00","6940.00","6934.00","6935.00"
"Wed Jul 24 2024 12:20:00 GMT+0530 (India Standard Time)","6935.00","6940.75","6934.00","6939.95"
"Wed Jul 24 2024 12:25:00 GMT+0530 (India Standard Time)","6940.00","6940.70","6934.05","6938.65"
"Wed Jul 24 2024 12:30:00 GMT+0530 (India Standard Time)","6938.65","6940.70","6935.90","6939.40"
"Wed Jul 24 2024 12:35:00 GMT+0530 (India Standard Time)","6939.40","6940.00","6938.00","6938.95"
"Wed Jul 24 2024 12:40:00 GMT+0530 (India Standard Time)","6938.95","6938.95","6935.00","6936.00"
"Wed Jul 24 2024 12:45:00 GMT+0530 (India Standard Time)","6936.00","6940.00","6935.00","6939.95"
"Wed Jul 24 2024 12:50:00 GMT+0530 (India Standard Time)","6939.95","6940.00","6936.20","6938.00"
"Wed Jul 24 2024 12:55:00 GMT+0530 (India Standard Time)","6938.05","6940.00","6938.00","6940.00"
"Wed Jul 24 2024 13:00:00 GMT+0530 (India Standard Time)","6940.00","6940.00","6936.05","6939.00"
"Wed Jul 24 2024 13:05:00 GMT+0530 (India Standard Time)","6939.00","6949.75","6935.00","6940.00"
"Wed Jul 24 2024 13:10:00 GMT+0530 (India Standard Time)","6940.50","6942.30","6936.60","6940.00"
"Wed Jul 24 2024 13:15:00 GMT+0530 (India Standard Time)","6940.00","6940.05","6936.75","6940.00"
"Wed Jul 24 2024 13:20:00 GMT+0530 (India Standard Time)","6940.00","6940.05","6936.75","6939.95"
"Wed Jul 24 2024 13:25:00 GMT+0530 (India Standard Time)","6939.95","6940.00","6936.75","6940.00"
"Wed Jul 24 2024 13:30:00 GMT+0530 (India Standard Time)","6940.00","6942.65","6936.00","6939.80"
"Wed Jul 24 2024 13:35:00 GMT+0530 (India Standard Time)","6939.80","6943.05","6937.05","6940.00"
"Wed Jul 24 2024 13:40:00 GMT+0530 (India Standard Time)","6940.00","6942.45","6937.05","6940.00"
"Wed Jul 24 2024 13:45:00 GMT+0530 (India Standard Time)","6940.00","6940.00","6939.00","6939.00"
"Wed Jul 24 2024 13:50:00 GMT+0530 (India Standard Time)","6939.00","6943.15","6937.05","6940.00"
"Wed Jul 24 2024 13:55:00 GMT+0530 (India Standard Time)","6940.00","6940.00","6936.40","6937.30"
"Wed Jul 24 2024 14:00:00 GMT+0530 (India Standard Time)","6939.95","6941.85","6936.40","6936.40"
"Wed Jul 24 2024 14:05:00 GMT+0530 (India Standard Time)","6936.40","6939.00","6936.00","6939.00"
"Wed Jul 24 2024 14:10:00 GMT+0530 (India Standard Time)","6936.10","6939.00","6928.00","6928.00"
"Wed Jul 24 2024 14:15:00 GMT+0530 (India Standard Time)","6934.45","6938.80","6928.35","6934.00"
"Wed Jul 24 2024 14:20:00 GMT+0530 (India Standard Time)","6934.00","6936.95","6932.05","6935.45"
"Wed Jul 24 2024 14:25:00 GMT+0530 (India Standard Time)","6933.00","6936.40","6930.00","6933.00"
"Wed Jul 24 2024 14:30:00 GMT+0530 (India Standard Time)","6934.65","6936.40","6931.10","6933.50"
"Wed Jul 24 2024 14:35:00 GMT+0530 (India Standard Time)","6933.50","6936.00","6932.00","6933.00"
"Wed Jul 24 2024 14:40:00 GMT+0530 (India Standard Time)","6933.00","6936.00","6933.00","6934.85"
"Wed Jul 24 2024 14:45:00 GMT+0530 (India Standard Time)","6938.40","6942.00","6935.05","6940.00"
"Wed Jul 24 2024 14:50:00 GMT+0530 (India Standard Time)","6940.00","6944.75","6939.00","6939.90"
"Wed Jul 24 2024 14:55:00 GMT+0530 (India Standard Time)","6940.00","6940.00","6937.95","6940.00"
"Wed Jul 24 2024 15:00:00 GMT+0530 (India Standard Time)","6939.05","6945.10","6936.10","6939.70"
"Wed Jul 24 2024 15:05:00 GMT+0530 (India Standard Time)","6939.75","6940.00","6938.95","6939.00"
"Wed Jul 24 2024 15:10:00 GMT+0530 (India Standard Time)","6939.00","6943.20","6935.00","6937.00"
"Wed Jul 24 2024 15:15:00 GMT+0530 (India Standard Time)","6935.00","6938.00","6930.00","6937.05"
"Wed Jul 24 2024 15:20:00 GMT+0530 (India Standard Time)","6937.90","6937.95","6930.00","6934.55"
"Wed Jul 24 2024 15:25:00 GMT+0530 (India Standard Time)","6931.25","6936.65","6931.00","6936.65"
"Thu Jul 25 2024 09:15:00 GMT+0530 (India Standard Time)","6906.00","6936.65","6900.00","6916.55"
"Thu Jul 25 2024 09:20:00 GMT+0530 (India Standard Time)","6917.70","6920.00","6892.00","6911.35"
"Thu Jul 25 2024 09:25:00 GMT+0530 (India Standard Time)","6908.50","6915.00","6900.80","6915.00"
"Thu Jul 25 2024 09:30:00 GMT+0530 (India Standard Time)","6914.00","6915.00","6908.50","6910.00"
"Thu Jul 25 2024 09:35:00 GMT+0530 (India Standard Time)","6910.00","6913.75","6908.00","6913.75"
"Thu Jul 25 2024 09:40:00 GMT+0530 (India Standard Time)","6910.05","6913.80","6908.00","6910.80"
"Thu Jul 25 2024 09:45:00 GMT+0530 (India Standard Time)","6910.80","6913.00","6901.25","6904.00"
"Thu Jul 25 2024 09:50:00 GMT+0530 (India Standard Time)","6904.00","6908.55","6901.00","6904.00"
"Thu Jul 25 2024 09:55:00 GMT+0530 (India Standard Time)","6904.00","6906.40","6892.00","6892.00"
"Thu Jul 25 2024 10:00:00 GMT+0530 (India Standard Time)","6892.00","6894.30","6886.00","6889.80"
"Thu Jul 25 2024 10:05:00 GMT+0530 (India Standard Time)","6890.00","6892.10","6886.00","6887.00"
"Thu Jul 25 2024 10:10:00 GMT+0530 (India Standard Time)","6887.00","6890.80","6872.00","6875.00"