"Date","Open","High","Low","Close"
"Fri May 16 2025 15:05:00 GMT+0530 (India Standard Time)","6217.00","6217.00","6210.00","6215.00"
"Fri May 16 2025 15:10:00 GMT+0530 (India Standard Time)","6210.00","6215.00","6210.00","6213.50"
"Fri May 16 2025 15:15:00 GMT+0530 (India Standard Time)","6213.50","6215.00","6210.00","6213.50"
"Fri May 16 2025 15:20:00 GMT+0530 (India Standard Time)","6211.00","6214.00","6210.00","6212.00"
"Fri May 16 2025 15:25:00 GMT+0530 (India Standard Time)","6211.50","6215.00","6210.00","6211.00"
"Mon May 19 2025 09:15:00 GMT+0530 (India Standard Time)","6229.50","6250.00","6181.00","6240.00"
"Mon May 19 2025 09:20:00 GMT+0530 (India Standard Time)","6241.00","6241.00","6207.00","6233.50"
"Mon May 19 2025 09:25:00 GMT+0530 (India Standard Time)","6233.50","6233.50","6201.00","6202.50"
"Mon May 19 2025 09:30:00 GMT+0530 (India Standard Time)","6202.50","6229.50","6202.50","6223.50"
"Mon May 19 2025 09:35:00 GMT+0530 (India Standard Time)","6223.00","6226.00","6182.50","6187.50"
"Mon May 19 2025 09:40:00 GMT+0530 (India Standard Time)","6187.50","6200.00","6175.50","6192.00"
"Mon May 19 2025 09:45:00 GMT+0530 (India Standard Time)","6192.00","6197.50","6180.00","6196.00"
"Mon May 19 2025 09:50:00 GMT+0530 (India Standard Time)","6196.00","6203.00","6190.00","6192.00"
"Mon May 19 2025 09:55:00 GMT+0530 (India Standard Time)","6190.50","6196.50","6186.50","6194.00"
"Mon May 19 2025 10:00:00 GMT+0530 (India Standard Time)","6200.00","6234.00","6195.00","6231.00"
"Mon May 19 2025 10:05:00 GMT+0530 (India Standard Time)","6231.00","6248.00","6218.00","6240.00"
"Mon May 19 2025 10:10:00 GMT+0530 (India Standard Time)","6240.00","6257.00","6229.00","6251.00"
"Mon May 19 2025 10:15:00 GMT+0530 (India Standard Time)","6249.50","6262.50","6244.50","6246.50"
"Mon May 19 2025 10:20:00 GMT+0530 (India Standard Time)","6249.00","6253.50","6246.00","6248.50"
"Mon May 19 2025 10:25:00 GMT+0530 (India Standard Time)","6248.50","6254.00","6228.50","6240.00"
"Mon May 19 2025 10:30:00 GMT+0530 (India Standard Time)","6240.00","6255.00","6232.50","6250.00"
"Mon May 19 2025 10:35:00 GMT+0530 (India Standard Time)","6248.50","6261.00","6248.00","6253.00"
"Mon May 19 2025 10:40:00 GMT+0530 (India Standard Time)","6253.00","6255.00","6240.00","6240.00"
"Mon May 19 2025 10:45:00 GMT+0530 (India Standard Time)","6238.50","6245.00","6238.50","6244.00"
"Mon May 19 2025 10:50:00 GMT+0530 (India Standard Time)","6244.00","6256.50","6242.00","6243.00"
"Mon May 19 2025 10:55:00 GMT+0530 (India Standard Time)","6243.00","6247.50","6240.00","6244.50"
"Mon May 19 2025 11:00:00 GMT+0530 (India Standard Time)","6244.50","6246.00","6241.00","6244.00"
"Mon May 19 2025 11:05:00 GMT+0530 (India Standard Time)","6244.50","6247.50","6241.00","6245.50"
"Mon May 19 2025 11:10:00 GMT+0530 (India Standard Time)","6245.50","6255.50","6242.50","6245.00"
"Mon May 19 2025 11:15:00 GMT+0530 (India Standard Time)","6245.00","6255.50","6245.00","6250.50"
"Mon May 19 2025 11:20:00 GMT+0530 (India Standard Time)","6253.50","6255.00","6243.50","6249.00"
"Mon May 19 2025 11:25:00 GMT+0530 (India Standard Time)","6249.00","6250.00","6242.50","6244.00"
"Mon May 19 2025 11:30:00 GMT+0530 (India Standard Time)","6244.00","6249.50","6240.00","6240.00"
"Mon May 19 2025 11:35:00 GMT+0530 (India Standard Time)","6240.00","6241.50","6234.50","6237.50"
"Mon May 19 2025 11:40:00 GMT+0530 (India Standard Time)","6237.50","6244.50","6234.50","6238.00"
"Mon May 19 2025 11:45:00 GMT+0530 (India Standard Time)","6238.00","6239.50","6233.50","6233.50"
"Mon May 19 2025 11:50:00 GMT+0530 (India Standard Time)","6233.50","6244.50","6233.50","6242.50"
"Mon May 19 2025 11:55:00 GMT+0530 (India Standard Time)","6242.50","6245.00","6236.00","6236.00"
"Mon May 19 2025 12:00:00 GMT+0530 (India Standard Time)","6236.00","6239.50","6226.50","6237.50"
"Mon May 19 2025 12:05:00 GMT+0530 (India Standard Time)","6237.50","6242.00","6232.50","6234.00"
"Mon May 19 2025 12:10:00 GMT+0530 (India Standard Time)","6234.00","6238.00","6230.00","6234.00"
"Mon May 19 2025 12:15:00 GMT+0530 (India Standard Time)","6234.00","6236.50","6228.50","6236.00"
"Mon May 19 2025 12:20:00 GMT+0530 (India Standard Time)","6235.50","6255.00","6235.50","6250.00"
"Mon May 19 2025 12:25:00 GMT+0530 (India Standard Time)","6250.00","6255.50","6243.50","6244.50"
"Mon May 19 2025 12:30:00 GMT+0530 (India Standard Time)","6244.50","6253.50","6242.50","6245.50"
"Mon May 19 2025 12:35:00 GMT+0530 (India Standard Time)","6249.00","6250.00","6235.50","6236.50"
"Mon May 19 2025 12:40:00 GMT+0530 (India Standard Time)","6236.50","6245.00","6235.00","6235.00"
"Mon May 19 2025 12:45:00 GMT+0530 (India Standard Time)","6231.50","6237.50","6226.50","6227.00"
"Mon May 19 2025 12:50:00 GMT+0530 (India Standard Time)","6227.00","6230.00","6221.00","6222.50"
"Mon May 19 2025 12:55:00 GMT+0530 (India Standard Time)","6221.00","6222.50","6216.00","6216.50"
"Mon May 19 2025 13:00:00 GMT+0530 (India Standard Time)","6219.00","6226.00","6216.00","6219.50"
"Mon May 19 2025 13:05:00 GMT+0530 (India Standard Time)","6219.50","6223.00","6216.00","6216.00"
"Mon May 19 2025 13:10:00 GMT+0530 (India Standard Time)","6216.00","6225.00","6216.00","6219.00"
"Mon May 19 2025 13:15:00 GMT+0530 (India Standard Time)","6219.00","6224.00","6215.00","6217.50"
"Mon May 19 2025 13:20:00 GMT+0530 (India Standard Time)","6217.50","6230.00","6217.00","6228.50"
"Mon May 19 2025 13:25:00 GMT+0530 (India Standard Time)","6228.50","6232.00","6224.50","6229.00"
"Mon May 19 2025 13:30:00 GMT+0530 (India Standard Time)","6232.00","6236.00","6227.00","6227.00"
"Mon May 19 2025 13:35:00 GMT+0530 (India Standard Time)","6227.00","6230.50","6225.50","6227.00"
"Mon May 19 2025 13:40:00 GMT+0530 (India Standard Time)","6227.00","6231.00","6224.50","6226.50"
"Mon May 19 2025 13:45:00 GMT+0530 (India Standard Time)","6226.50","6230.50","6224.50","6227.00"
"Mon May 19 2025 13:50:00 GMT+0530 (India Standard Time)","6227.00","6235.00","6227.00","6231.00"
"Mon May 19 2025 13:55:00 GMT+0530 (India Standard Time)","6231.00","6234.50","6230.00","6230.00"
"Mon May 19 2025 14:00:00 GMT+0530 (India Standard Time)","6230.00","6233.00","6230.00","6231.00"
"Mon May 19 2025 14:05:00 GMT+0530 (India Standard Time)","6230.00","6236.50","6230.00","6232.00"
"Mon May 19 2025 14:10:00 GMT+0530 (India Standard Time)","6232.00","6237.00","6230.00","6236.50"
"Mon May 19 2025 14:15:00 GMT+0530 (India Standard Time)","6236.50","6260.00","6234.50","6251.00"
"Mon May 19 2025 14:20:00 GMT+0530 (India Standard Time)","6251.00","6264.50","6246.00","6264.50"
"Mon May 19 2025 14:25:00 GMT+0530 (India Standard Time)","6264.50","6264.50","6248.00","6250.50"
"Mon May 19 2025 14:30:00 GMT+0530 (India Standard Time)","6254.00","6275.50","6248.00","6266.00"
"Mon May 19 2025 14:35:00 GMT+0530 (India Standard Time)","6266.00","6269.50","6255.50","6260.00"
"Mon May 19 2025 14:40:00 GMT+0530 (India Standard Time)","6260.00","6265.00","6252.00","6257.50"
"Mon May 19 2025 14:45:00 GMT+0530 (India Standard Time)","6257.50","6260.00","6250.00","6253.50"
"Mon May 19 2025 14:50:00 GMT+0530 (India Standard Time)","6258.00","6260.00","6250.00","6250.00"
"Mon May 19 2025 14:55:00 GMT+0530 (India Standard Time)","6252.00","6255.00","6250.00","6250.00"
"Mon May 19 2025 15:00:00 GMT+0530 (India Standard Time)","6250.50","6258.00","6250.00","6250.00"
"Mon May 19 2025 15:05:00 GMT+0530 (India Standard Time)","6250.00","6253.50","6250.00","6252.50"
"Mon May 19 2025 15:10:00 GMT+0530 (India Standard Time)","6252.00","6252.00","6250.00","6251.00"
"Mon May 19 2025 15:15:00 GMT+0530 (India Standard Time)","6250.00","6251.00","6240.50","6241.00"
"Mon May 19 2025 15:20:00 GMT+0530 (India Standard Time)","6240.00","6243.00","6230.50","6241.50"
"Mon May 19 2025 15:25:00 GMT+0530 (India Standard Time)","6238.00","6246.00","6233.50","6246.00"
"Tue May 20 2025 09:15:00 GMT+0530 (India Standard Time)","6309.00","6319.50","6262.00","6274.00"
"Tue May 20 2025 09:20:00 GMT+0530 (India Standard Time)","6274.00","6285.00","6245.00","6261.50"
"Tue May 20 2025 09:25:00 GMT+0530 (India Standard Time)","6266.00","6290.00","6238.00","6243.00"
"Tue May 20 2025 09:30:00 GMT+0530 (India Standard Time)","6241.00","6245.00","6195.00","6230.50"
"Tue May 20 2025 09:35:00 GMT+0530 (India Standard Time)","6230.50","6254.00","6225.00","6251.50"
"Tue May 20 2025 09:40:00 GMT+0530 (India Standard Time)","6254.00","6262.50","6241.50","6242.00"
"Tue May 20 2025 09:45:00 GMT+0530 (India Standard Time)","6242.00","6244.50","6213.50","6220.50"
"Tue May 20 2025 09:50:00 GMT+0530 (India Standard Time)","6220.50","6226.50","6195.00","6207.50"
"Tue May 20 2025 09:55:00 GMT+0530 (India Standard Time)","6205.50","6230.00","6205.00","6230.00"
"Tue May 20 2025 10:00:00 GMT+0530 (India Standard Time)","6229.50","6229.50","6215.00","6225.00"
"Tue May 20 2025 10:05:00 GMT+0530 (India Standard Time)","6225.50","6238.50","6219.50","6229.50"
"Tue May 20 2025 10:10:00 GMT+0530 (India Standard Time)","6229.50","6235.00","6223.00","6229.00"
"Tue May 20 2025 10:15:00 GMT+0530 (India Standard Time)","6229.00","6234.50","6222.50","6226.50"
"Tue May 20 2025 10:20:00 GMT+0530 (India Standard Time)","6226.50","6232.50","6215.50","6221.50"
"Tue May 20 2025 10:25:00 GMT+0530 (India Standard Time)","6221.50","6229.50","6220.50","6225.00"
"Tue May 20 2025 10:30:00 GMT+0530 (India Standard Time)","6225.00","6232.00","6221.50","6223.00"
"Tue May 20 2025 10:35:00 GMT+0530 (India Standard Time)","6223.00","6251.00","6222.50","6237.50"
"Tue May 20 2025 10:40:00 GMT+0530 (India Standard Time)","6237.50","6246.00","6235.00","6239.50"
"Tue May 20 2025 10:45:00 GMT+0530 (India Standard Time)","6239.50","6245.50","6230.00","6239.00"
"Tue May 20 2025 10:50:00 GMT+0530 (India Standard Time)","6235.00","6243.00","6235.00","6237.50"
"Tue May 20 2025 10:55:00 GMT+0530 (India Standard Time)","6240.00","6242.00","6237.50","6240.00"
"Tue May 20 2025 11:00:00 GMT+0530 (India Standard Time)","6240.00","6248.50","6240.00","6244.00"
"Tue May 20 2025 11:05:00 GMT+0530 (India Standard Time)","6244.00","6248.50","6235.00","6235.00"
"Tue May 20 2025 11:10:00 GMT+0530 (India Standard Time)","6235.00","6243.50","6229.00","6243.00"
"Tue May 20 2025 11:15:00 GMT+0530 (India Standard Time)","6243.00","6244.50","6238.00","6238.00"
"Tue May 20 2025 11:20:00 GMT+0530 (India Standard Time)","6238.00","6240.00","6235.00","6235.00"
"Tue May 20 2025 11:25:00 GMT+0530 (India Standard Time)","6235.00","6243.00","6235.00","6238.00"
"Tue May 20 2025 11:30:00 GMT+0530 (India Standard Time)","6238.00","6238.00","6227.00","6230.00"
"Tue May 20 2025 11:35:00 GMT+0530 (India Standard Time)","6230.00","6237.50","6225.50","6229.00"
"Tue May 20 2025 11:40:00 GMT+0530 (India Standard Time)","6229.00","6237.00","6222.00","6232.50"
"Tue May 20 2025 11:45:00 GMT+0530 (India Standard Time)","6232.50","6239.00","6231.00","6236.50"
"Tue May 20 2025 11:50:00 GMT+0530 (India Standard Time)","6236.50","6239.00","6230.50","6234.00"
"Tue May 20 2025 11:55:00 GMT+0530 (India Standard Time)","6234.00","6239.50","6233.50","6236.50"
"Tue May 20 2025 12:00:00 GMT+0530 (India Standard Time)","6236.50","6243.00","6235.00","6235.00"
"Tue May 20 2025 12:05:00 GMT+0530 (India Standard Time)","6237.50","6245.00","6235.00","6243.00"
"Tue May 20 2025 12:10:00 GMT+0530 (India Standard Time)","6243.00","6244.50","6239.50","6242.50"
"Tue May 20 2025 12:15:00 GMT+0530 (India Standard Time)","6241.50","6243.50","6238.00","6241.00"
"Tue May 20 2025 12:20:00 GMT+0530 (India Standard Time)","6238.00","6240.00","6237.00","6237.00"
"Tue May 20 2025 12:25:00 GMT+0530 (India Standard Time)","6237.00","6246.00","6237.00","6239.50"
"Tue May 20 2025 12:30:00 GMT+0530 (India Standard Time)","6239.50","6247.50","6238.00","6238.00"
"Tue May 20 2025 12:35:00 GMT+0530 (India Standard Time)","6238.00","6240.50","6236.50","6238.00"
"Tue May 20 2025 12:40:00 GMT+0530 (India Standard Time)","6238.00","6238.00","6231.00","6232.50"
"Tue May 20 2025 12:45:00 GMT+0530 (India Standard Time)","6232.50","6234.00","6215.00","6216.00"
"Tue May 20 2025 12:50:00 GMT+0530 (India Standard Time)","6216.00","6220.00","6200.00","6202.50"
"Tue May 20 2025 12:55:00 GMT+0530 (India Standard Time)","6200.00","6206.00","6187.50","6196.00"
"Tue May 20 2025 13:00:00 GMT+0530 (India Standard Time)","6196.00","6207.50","6196.00","6203.00"
"Tue May 20 2025 13:05:00 GMT+0530 (India Standard Time)","6203.00","6224.50","6198.00","6222.50"
"Tue May 20 2025 13:10:00 GMT+0530 (India Standard Time)","6222.50","6237.00","6220.00","6221.00"
"Tue May 20 2025 13:15:00 GMT+0530 (India Standard Time)","6221.00","6226.00","6220.00","6220.50"
"Tue May 20 2025 13:20:00 GMT+0530 (India Standard Time)","6220.50","6234.00","6220.00","6230.50"
"Tue May 20 2025 13:25:00 GMT+0530 (India Standard Time)","6230.50","6237.00","6225.00","6235.00"
"Tue May 20 2025 13:30:00 GMT+0530 (India Standard Time)","6235.00","6238.00","6230.00","6233.00"
"Tue May 20 2025 13:35:00 GMT+0530 (India Standard Time)","6233.00","6235.00","6206.00","6208.50"
"Tue May 20 2025 13:40:00 GMT+0530 (India Standard Time)","6208.50","6227.50","6200.50","6218.00"
"Tue May 20 2025 13:45:00 GMT+0530 (India Standard Time)","6218.00","6224.00","6207.00","6220.50"
"Tue May 20 2025 13:50:00 GMT+0530 (India Standard Time)","6224.00","6227.50","6211.50","6227.50"
"Tue May 20 2025 13:55:00 GMT+0530 (India Standard Time)","6227.50","6237.50","6221.50","6233.50"
"Tue May 20 2025 14:00:00 GMT+0530 (India Standard Time)","6233.50","6236.00","6213.00","6214.50"
"Tue May 20 2025 14:05:00 GMT+0530 (India Standard Time)","6214.50","6220.00","6205.00","6215.50"
"Tue May 20 2025 14:10:00 GMT+0530 (India Standard Time)","6215.50","6220.50","6208.00","6218.00"
"Tue May 20 2025 14:15:00 GMT+0530 (India Standard Time)","6218.00","6220.00","6206.50","6206.50"
"Tue May 20 2025 14:20:00 GMT+0530 (India Standard Time)","6206.50","6215.50","6188.00","6208.00"
"Tue May 20 2025 14:25:00 GMT+0530 (India Standard Time)","6208.00","6209.00","6200.00","6202.50"
"Tue May 20 2025 14:30:00 GMT+0530 (India Standard Time)","6205.00","6214.50","6199.50","6213.50"
"Tue May 20 2025 14:35:00 GMT+0530 (India Standard Time)","6213.50","6219.50","6210.00","6215.00"
"Tue May 20 2025 14:40:00 GMT+0530 (India Standard Time)","6215.00","6215.00","6198.50","6207.00"
"Tue May 20 2025 14:45:00 GMT+0530 (India Standard Time)","6207.50","6228.00","6196.50","6228.00"
"Tue May 20 2025 14:50:00 GMT+0530 (India Standard Time)","6228.00","6235.00","6211.50","6211.50"
"Tue May 20 2025 14:55:00 GMT+0530 (India Standard Time)","6214.00","6214.00","6204.00","6207.00"
"Tue May 20 2025 15:00:00 GMT+0530 (India Standard Time)","6206.50","6206.50","6193.00","6194.50"
"Tue May 20 2025 15:05:00 GMT+0530 (India Standard Time)","6194.50","6204.00","6176.50","6195.50"
"Tue May 20 2025 15:10:00 GMT+0530 (India Standard Time)","6196.00","6204.50","6195.50","6203.00"
"Tue May 20 2025 15:15:00 GMT+0530 (India Standard Time)","6203.00","6204.00","6196.50","6197.00"
"Tue May 20 2025 15:20:00 GMT+0530 (India Standard Time)","6197.00","6200.00","6189.50","6190.00"
"Tue May 20 2025 15:25:00 GMT+0530 (India Standard Time)","6188.50","6203.00","6170.00","6198.00"
"Wed May 21 2025 09:15:00 GMT+0530 (India Standard Time)","6195.50","6208.00","6150.00","6163.00"
"Wed May 21 2025 09:20:00 GMT+0530 (India Standard Time)","6163.00","6185.00","6157.50","6157.50"
"Wed May 21 2025 09:25:00 GMT+0530 (India Standard Time)","6157.50","6160.00","6141.50","6151.00"
"Wed May 21 2025 09:30:00 GMT+0530 (India Standard Time)","6150.00","6165.50","6129.00","6150.00"
"Wed May 21 2025 09:35:00 GMT+0530 (India Standard Time)","6150.00","6155.50","6138.50","6147.00"
"Wed May 21 2025 09:40:00 GMT+0530 (India Standard Time)","6147.00","6168.50","6144.50","6156.50"
"Wed May 21 2025 09:45:00 GMT+0530 (India Standard Time)","6156.50","6185.00","6156.00","6177.50"
"Wed May 21 2025 09:50:00 GMT+0530 (India Standard Time)","6177.50","6179.00","6160.00","6170.00"
"Wed May 21 2025 09:55:00 GMT+0530 (India Standard Time)","6170.00","6170.00","6145.00","6156.00"
"Wed May 21 2025 10:00:00 GMT+0530 (India Standard Time)","6159.00","6177.00","6157.00","6174.00"
"Wed May 21 2025 10:05:00 GMT+0530 (India Standard Time)","6175.00","6179.00","6172.00","6174.50"
"Wed May 21 2025 10:10:00 GMT+0530 (India Standard Time)","6174.50","6193.00","6174.50","6190.00"
"Wed May 21 2025 10:15:00 GMT+0530 (India Standard Time)","6190.00","6207.00","6186.50","6190.50"
"Wed May 21 2025 10:20:00 GMT+0530 (India Standard Time)","6190.50","6198.00","6189.50","6190.00"
"Wed May 21 2025 10:25:00 GMT+0530 (India Standard Time)","6190.00","6191.50","6178.00","6180.00"
"Wed May 21 2025 10:30:00 GMT+0530 (India Standard Time)","6180.50","6188.50","6180.00","6182.50"
"Wed May 21 2025 10:35:00 GMT+0530 (India Standard Time)","6182.50","6192.00","6182.50","6185.00"
"Wed May 21 2025 10:40:00 GMT+0530 (India Standard Time)","6185.00","6200.00","6183.00","6192.00"
"Wed May 21 2025 10:45:00 GMT+0530 (India Standard Time)","6192.00","6207.50","6189.00","6207.50"
"Wed May 21 2025 10:50:00 GMT+0530 (India Standard Time)","6208.00","6216.50","6188.00","6193.00"
"Wed May 21 2025 10:55:00 GMT+0530 (India Standard Time)","6193.00","6207.50","6190.00","6202.50"
"Wed May 21 2025 11:00:00 GMT+0530 (India Standard Time)","6202.50","6208.00","6190.50","6192.00"
"Wed May 21 2025 11:05:00 GMT+0530 (India Standard Time)","6192.00","6194.50","6175.50","6194.00"
"Wed May 21 2025 11:10:00 GMT+0530 (India Standard Time)","6194.00","6200.00","6186.50","6197.50"
"Wed May 21 2025 11:15:00 GMT+0530 (India Standard Time)","6197.50","6208.50","6195.00","6200.00"
"Wed May 21 2025 11:20:00 GMT+0530 (India Standard Time)","6200.50","6209.00","6190.00","6190.00"
"Wed May 21 2025 11:25:00 GMT+0530 (India Standard Time)","6190.00","6195.50","6181.00","6183.50"
"Wed May 21 2025 11:30:00 GMT+0530 (India Standard Time)","6183.50","6193.00","6178.00","6181.00"
"Wed May 21 2025 11:35:00 GMT+0530 (India Standard Time)","6181.00","6187.50","6177.00","6186.00"
"Wed May 21 2025 11:40:00 GMT+0530 (India Standard Time)","6186.00","6190.50","6178.50","6183.50"
"Wed May 21 2025 11:45:00 GMT+0530 (India Standard Time)","6183.50","6183.50","6173.00","6178.50"
"Wed May 21 2025 11:50:00 GMT+0530 (India Standard Time)","6176.50","6188.00","6175.00","6181.00"
"Wed May 21 2025 11:55:00 GMT+0530 (India Standard Time)","6181.00","6186.00","6179.00","6180.00"
"Wed May 21 2025 12:00:00 GMT+0530 (India Standard Time)","6180.00","6182.50","6160.00","6162.50"
"Wed May 21 2025 12:05:00 GMT+0530 (India Standard Time)","6157.50","6169.50","6156.50","6159.50"
"Wed May 21 2025 12:10:00 GMT+0530 (India Standard Time)","6159.50","6159.50","6139.00","6139.00"
"Wed May 21 2025 12:15:00 GMT+0530 (India Standard Time)","6140.50","6140.50","6126.00","6131.50"
"Wed May 21 2025 12:20:00 GMT+0530 (India Standard Time)","6133.50","6151.50","6132.00","6149.00"
"Wed May 21 2025 12:25:00 GMT+0530 (India Standard Time)","6149.00","6154.50","6144.00","6145.50"
"Wed May 21 2025 12:30:00 GMT+0530 (India Standard Time)","6145.50","6155.50","6142.00","6152.50"
"Wed May 21 2025 12:35:00 GMT+0530 (India Standard Time)","6152.50","6184.50","6147.50","6181.50"
"Wed May 21 2025 12:40:00 GMT+0530 (India Standard Time)","6181.50","6187.00","6177.50","6179.50"
"Wed May 21 2025 12:45:00 GMT+0530 (India Standard Time)","6178.50","6181.50","6175.00","6175.50"
"Wed May 21 2025 12:50:00 GMT+0530 (India Standard Time)","6175.50","6182.00","6175.00","6175.00"
"Wed May 21 2025 12:55:00 GMT+0530 (India Standard Time)","6175.00","6187.00","6175.00","6186.50"
"Wed May 21 2025 13:00:00 GMT+0530 (India Standard Time)","6183.50","6196.00","6183.50","6190.00"
"Wed May 21 2025 13:05:00 GMT+0530 (India Standard Time)","6190.00","6195.00","6189.00","6189.50"
"Wed May 21 2025 13:10:00 GMT+0530 (India Standard Time)","6189.50","6197.00","6189.50","6196.00"
"Wed May 21 2025 13:15:00 GMT+0530 (India Standard Time)","6196.00","6199.50","6190.00","6197.50"
"Wed May 21 2025 13:20:00 GMT+0530 (India Standard Time)","6197.50","6198.00","6187.00","6187.00"
"Wed May 21 2025 13:25:00 GMT+0530 (India Standard Time)","6187.00","6189.00","6180.00","6180.00"
"Wed May 21 2025 13:30:00 GMT+0530 (India Standard Time)","6180.00","6187.50","6180.00","6183.00"
"Wed May 21 2025 13:35:00 GMT+0530 (India Standard Time)","6183.00","6189.00","6177.00","6177.00"
"Wed May 21 2025 13:40:00 GMT+0530 (India Standard Time)","6177.00","6179.50","6175.50","6177.00"
"Wed May 21 2025 13:45:00 GMT+0530 (India Standard Time)","6177.00","6183.00","6175.50","6179.50"
"Wed May 21 2025 13:50:00 GMT+0530 (India Standard Time)","6179.50","6183.50","6178.00","6181.00"
"Wed May 21 2025 13:55:00 GMT+0530 (India Standard Time)","6182.00","6185.50","6177.50","6182.50"
"Wed May 21 2025 14:00:00 GMT+0530 (India Standard Time)","6182.50","6182.50","6175.00","6176.00"
"Wed May 21 2025 14:05:00 GMT+0530 (India Standard Time)","6176.00","6184.00","6176.00","6182.00"
"Wed May 21 2025 14:10:00 GMT+0530 (India Standard Time)","6182.00","6191.50","6178.50","6190.00"
"Wed May 21 2025 14:15:00 GMT+0530 (India Standard Time)","6190.00","6194.00","6184.00","6187.00"
"Wed May 21 2025 14:20:00 GMT+0530 (India Standard Time)","6187.00","6191.00","6185.00","6186.00"
"Wed May 21 2025 14:25:00 GMT+0530 (India Standard Time)","6186.00","6189.50","6183.00","6185.00"
"Wed May 21 2025 14:30:00 GMT+0530 (India Standard Time)","6184.50","6193.00","6183.00","6184.50"
"Wed May 21 2025 14:35:00 GMT+0530 (India Standard Time)","6184.50","6189.50","6183.00","6183.00"
"Wed May 21 2025 14:40:00 GMT+0530 (India Standard Time)","6183.00","6189.00","6180.00","6181.00"
"Wed May 21 2025 14:45:00 GMT+0530 (India Standard Time)","6182.50","6188.00","6181.00","6185.50"
"Wed May 21 2025 14:50:00 GMT+0530 (India Standard Time)","6184.00","6188.00","6181.00","6181.50"
"Wed May 21 2025 14:55:00 GMT+0530 (India Standard Time)","6181.50","6184.50","6180.50","6180.50"
"Wed May 21 2025 15:00:00 GMT+0530 (India Standard Time)","6182.00","6195.00","6182.00","6185.50"
"Wed May 21 2025 15:05:00 GMT+0530 (India Standard Time)","6185.50","6194.00","6183.00","6191.00"
"Wed May 21 2025 15:10:00 GMT+0530 (India Standard Time)","6189.00","6190.00","6180.50","6184.00"
"Wed May 21 2025 15:15:00 GMT+0530 (India Standard Time)","6186.00","6187.50","6180.00","6180.50"
"Wed May 21 2025 15:20:00 GMT+0530 (India Standard Time)","6179.00","6185.50","6179.00","6181.50"
"Wed May 21 2025 15:25:00 GMT+0530 (India Standard Time)","6181.00","6184.50","6180.00","6182.00"
"Thu May 22 2025 09:15:00 GMT+0530 (India Standard Time)","6180.00","6180.00","6140.00","6159.00"
"Thu May 22 2025 09:20:00 GMT+0530 (India Standard Time)","6157.50","6164.00","6144.00","6150.00"
"Thu May 22 2025 09:25:00 GMT+0530 (India Standard Time)","6150.00","6175.00","6145.00","6156.00"
"Thu May 22 2025 09:30:00 GMT+0530 (India Standard Time)","6153.50","6159.00","6135.00","6140.50"
"Thu May 22 2025 09:35:00 GMT+0530 (India Standard Time)","6143.00","6160.00","6138.00","6150.50"
"Thu May 22 2025 09:40:00 GMT+0530 (India Standard Time)","6151.00","6168.50","6150.50","6166.00"
"Thu May 22 2025 09:45:00 GMT+0530 (India Standard Time)","6166.00","6166.00","6144.00","6149.50"
"Thu May 22 2025 09:50:00 GMT+0530 (India Standard Time)","6149.50","6163.00","6143.00","6161.00"
"Thu May 22 2025 09:55:00 GMT+0530 (India Standard Time)","6161.00","6168.50","6151.00","6165.00"
"Thu May 22 2025 10:00:00 GMT+0530 (India Standard Time)","6165.00","6166.50","6145.50","6145.50"
"Thu May 22 2025 10:05:00 GMT+0530 (India Standard Time)","6144.00","6154.00","6140.50","6150.00"
"Thu May 22 2025 10:10:00 GMT+0530 (India Standard Time)","6150.00","6166.50","6150.00","6164.00"
"Thu May 22 2025 10:15:00 GMT+0530 (India Standard Time)","6164.00","6164.50","6158.00","6162.00"
"Thu May 22 2025 10:20:00 GMT+0530 (India Standard Time)","6161.50","6161.50","6155.00","6155.00"
"Thu May 22 2025 10:25:00 GMT+0530 (India Standard Time)","6155.00","6157.00","6146.50","6149.50"
"Thu May 22 2025 10:30:00 GMT+0530 (India Standard Time)","6149.50","6167.50","6146.00","6167.50"
"Thu May 22 2025 10:35:00 GMT+0530 (India Standard Time)","6167.50","6183.50","6161.00","6161.00"
"Thu May 22 2025 10:40:00 GMT+0530 (India Standard Time)","6161.00","6173.50","6161.00","6166.00"
"Thu May 22 2025 10:45:00 GMT+0530 (India Standard Time)","6166.00","6167.50","6161.00","6164.50"
"Thu May 22 2025 10:50:00 GMT+0530 (India Standard Time)","6164.50","6164.50","6155.50","6163.00"
"Thu May 22 2025 10:55:00 GMT+0530 (India Standard Time)","6163.00","6166.00","6159.00","6163.50"
"Thu May 22 2025 11:00:00 GMT+0530 (India Standard Time)","6165.50","6165.50","6156.00","6156.00"
"Thu May 22 2025 11:05:00 GMT+0530 (India Standard Time)","6156.00","6162.00","6156.00","6157.00"
"Thu May 22 2025 11:10:00 GMT+0530 (India Standard Time)","6157.00","6161.00","6157.00","6161.00"
"Thu May 22 2025 11:15:00 GMT+0530 (India Standard Time)","6161.00","6165.00","6159.00","6159.00"
"Thu May 22 2025 11:20:00 GMT+0530 (India Standard Time)","6159.00","6162.50","6159.00","6160.50"
"Thu May 22 2025 11:25:00 GMT+0530 (India Standard Time)","6160.50","6168.50","6160.50","6165.00"
"Thu May 22 2025 11:30:00 GMT+0530 (India Standard Time)","6165.00","6165.00","6159.00","6159.00"
"Thu May 22 2025 11:35:00 GMT+0530 (India Standard Time)","6160.00","6162.00","6151.50","6162.00"
"Thu May 22 2025 11:40:00 GMT+0530 (India Standard Time)","6162.00","6167.00","6156.00","6167.00"
"Thu May 22 2025 11:45:00 GMT+0530 (India Standard Time)","6167.00","6175.00","6163.00","6171.00"
"Thu May 22 2025 11:50:00 GMT+0530 (India Standard Time)","6171.00","6171.00","6162.50","6168.50"
"Thu May 22 2025 11:55:00 GMT+0530 (India Standard Time)","6168.50","6168.50","6160.00","6167.50"
"Thu May 22 2025 12:00:00 GMT+0530 (India Standard Time)","6167.50","6168.50","6163.00","6166.00"
"Thu May 22 2025 12:05:00 GMT+0530 (India Standard Time)","6166.00","6168.00","6160.50","6160.50"
"Thu May 22 2025 12:10:00 GMT+0530 (India Standard Time)","6160.50","6165.50","6160.00","6164.50"
"Thu May 22 2025 12:15:00 GMT+0530 (India Standard Time)","6164.50","6170.00","6162.00","6165.00"
"Thu May 22 2025 12:20:00 GMT+0530 (India Standard Time)","6165.00","6169.00","6165.00","6165.00"
"Thu May 22 2025 12:25:00 GMT+0530 (India Standard Time)","6165.00","6168.50","6164.50","6167.00"
"Thu May 22 2025 12:30:00 GMT+0530 (India Standard Time)","6166.50","6168.00","6163.00","6168.00"
"Thu May 22 2025 12:35:00 GMT+0530 (India Standard Time)","6165.00","6168.00","6165.00","6165.50"
"Thu May 22 2025 12:40:00 GMT+0530 (India Standard Time)","6165.50","6168.00","6165.00","6165.00"
"Thu May 22 2025 12:45:00 GMT+0530 (India Standard Time)","6165.00","6168.00","6160.50","6165.00"
"Thu May 22 2025 12:50:00 GMT+0530 (India Standard Time)","6165.00","6166.00","6156.50","6156.50"
"Thu May 22 2025 12:55:00 GMT+0530 (India Standard Time)","6156.50","6164.50","6156.50","6161.50"
"Thu May 22 2025 13:00:00 GMT+0530 (India Standard Time)","6161.50","6163.00","6145.00","6161.50"
"Thu May 22 2025 13:05:00 GMT+0530 (India Standard Time)","6161.50","6162.50","6153.50","6162.50"
"Thu May 22 2025 13:10:00 GMT+0530 (India Standard Time)","6162.50","6164.00","6159.50","6163.50"
"Thu May 22 2025 13:15:00 GMT+0530 (India Standard Time)","6163.00","6165.00","6158.00","6161.00"
"Thu May 22 2025 13:20:00 GMT+0530 (India Standard Time)","6161.00","6164.00","6158.00","6164.00"
"Thu May 22 2025 13:25:00 GMT+0530 (India Standard Time)","6164.00","6164.00","6160.00","6162.00"
"Thu May 22 2025 13:30:00 GMT+0530 (India Standard Time)","6162.00","6167.00","6162.00","6167.00"
"Thu May 22 2025 13:35:00 GMT+0530 (India Standard Time)","6167.00","6167.00","6163.00","6163.00"
"Thu May 22 2025 13:40:00 GMT+0530 (India Standard Time)","6163.00","6163.50","6155.00","6162.00"
"Thu May 22 2025 13:45:00 GMT+0530 (India Standard Time)","6162.00","6174.00","6159.50","6168.50"
"Thu May 22 2025 13:50:00 GMT+0530 (India Standard Time)","6168.50","6170.00","6164.00","6166.00"
"Thu May 22 2025 13:55:00 GMT+0530 (India Standard Time)","6166.00","6178.50","6165.50","6177.50"
"Thu May 22 2025 14:00:00 GMT+0530 (India Standard Time)","6175.00","6177.00","6163.50","6175.00"
"Thu May 22 2025 14:05:00 GMT+0530 (India Standard Time)","6172.00","6172.00","6165.50","6166.50"
"Thu May 22 2025 14:10:00 GMT+0530 (India Standard Time)","6166.00","6171.00","6165.50","6170.00"
"Thu May 22 2025 14:15:00 GMT+0530 (India Standard Time)","6171.00","6173.50","6168.00","6169.50"
"Thu May 22 2025 14:20:00 GMT+0530 (India Standard Time)","6169.50","6174.00","6166.00","6166.00"
"Thu May 22 2025 14:25:00 GMT+0530 (India Standard Time)","6166.00","6169.00","6159.00","6162.50"
"Thu May 22 2025 14:30:00 GMT+0530 (India Standard Time)","6162.50","6165.00","6157.50","6160.50"
"Thu May 22 2025 14:35:00 GMT+0530 (India Standard Time)","6160.50","6166.50","6157.50","6166.50"
"Thu May 22 2025 14:40:00 GMT+0530 (India Standard Time)","6164.00","6176.00","6164.00","6176.00"
"Thu May 22 2025 14:45:00 GMT+0530 (India Standard Time)","6179.00","6191.00","6175.50","6191.00"
"Thu May 22 2025 14:50:00 GMT+0530 (India Standard Time)","6191.00","6192.50","6182.00","6185.00"
"Thu May 22 2025 14:55:00 GMT+0530 (India Standard Time)","6185.00","6198.50","6185.00","6191.00"
"Thu May 22 2025 15:00:00 GMT+0530 (India Standard Time)","6191.50","6194.50","6190.00","6193.50"
"Thu May 22 2025 15:05:00 GMT+0530 (India Standard Time)","6193.50","6208.00","6193.00","6204.50"
"Thu May 22 2025 15:10:00 GMT+0530 (India Standard Time)","6207.50","6210.00","6198.50","6198.50"
"Thu May 22 2025 15:15:00 GMT+0530 (India Standard Time)","6202.50","6207.50","6196.00","6201.00"
"Thu May 22 2025 15:20:00 GMT+0530 (India Standard Time)","6201.00","6209.00","6197.50","6209.00"
"Thu May 22 2025 15:25:00 GMT+0530 (India Standard Time)","6209.00","6215.00","6195.50","6200.00"
"Fri May 23 2025 09:15:00 GMT+0530 (India Standard Time)","6210.00","6239.50","6202.50","6215.00"
"Fri May 23 2025 09:20:00 GMT+0530 (India Standard Time)","6215.00","6244.50","6212.00","6234.50"
"Fri May 23 2025 09:25:00 GMT+0530 (India Standard Time)","6234.50","6246.00","6228.00","6231.00"
"Fri May 23 2025 09:30:00 GMT+0530 (India Standard Time)","6234.50","6255.00","6230.50","6252.00"
"Fri May 23 2025 09:35:00 GMT+0530 (India Standard Time)","6252.00","6267.00","6243.00","6243.00"
"Fri May 23 2025 09:40:00 GMT+0530 (India Standard Time)","6243.00","6254.50","6241.00","6251.50"
"Fri May 23 2025 09:45:00 GMT+0530 (India Standard Time)","6251.50","6259.00","6239.50","6244.50"
"Fri May 23 2025 09:50:00 GMT+0530 (India Standard Time)","6244.50","6264.50","6244.50","6264.50"
"Fri May 23 2025 09:55:00 GMT+0530 (India Standard Time)","6264.50","6275.00","6260.00","6265.00"
"Fri May 23 2025 10:00:00 GMT+0530 (India Standard Time)","6265.00","6304.50","6265.00","6298.50"
"Fri May 23 2025 10:05:00 GMT+0530 (India Standard Time)","6294.00","6302.00","6281.50","6288.50"
"Fri May 23 2025 10:10:00 GMT+0530 (India Standard Time)","6288.50","6294.00","6271.00","6283.00"
"Fri May 23 2025 10:15:00 GMT+0530 (India Standard Time)","6283.00","6283.00","6265.00","6265.00"
"Fri May 23 2025 10:20:00 GMT+0530 (India Standard Time)","6265.00","6277.00","6260.00","6266.00"
"Fri May 23 2025 10:25:00 GMT+0530 (India Standard Time)","6266.00","6275.00","6257.00","6263.00"
"Fri May 23 2025 10:30:00 GMT+0530 (India Standard Time)","6263.00","6269.50","6258.50","6263.50"
"Fri May 23 2025 10:35:00 GMT+0530 (India Standard Time)","6264.50","6278.00","6261.50","6275.00"
"Fri May 23 2025 10:40:00 GMT+0530 (India Standard Time)","6275.00","6278.00","6270.00","6275.00"
"Fri May 23 2025 10:45:00 GMT+0530 (India Standard Time)","6275.00","6277.50","6271.50","6273.00"
"Fri May 23 2025 10:50:00 GMT+0530 (India Standard Time)","6273.00","6280.00","6270.00","6272.50"
"Fri May 23 2025 10:55:00 GMT+0530 (India Standard Time)","6272.50","6277.00","6269.00","6269.00"
"Fri May 23 2025 11:00:00 GMT+0530 (India Standard Time)","6269.00","6273.00","6266.50","6269.00"
"Fri May 23 2025 11:05:00 GMT+0530 (India Standard Time)","6266.50","6270.00","6263.50","6270.00"
"Fri May 23 2025 11:10:00 GMT+0530 (India Standard Time)","6270.00","6270.00","6264.50","6264.50"
"Fri May 23 2025 11:15:00 GMT+0530 (India Standard Time)","6267.50","6277.00","6266.50","6272.50"
"Fri May 23 2025 11:20:00 GMT+0530 (India Standard Time)","6272.00","6280.00","6271.00","6272.00"
"Fri May 23 2025 11:25:00 GMT+0530 (India Standard Time)","6272.00","6279.00","6272.00","6276.50"
"Fri May 23 2025 11:30:00 GMT+0530 (India Standard Time)","6276.50","6276.50","6272.00","6272.00"
"Fri May 23 2025 11:35:00 GMT+0530 (India Standard Time)","6272.00","6274.50","6270.00","6272.00"
"Fri May 23 2025 11:40:00 GMT+0530 (India Standard Time)","6272.00","6278.50","6272.00","6278.50"
"Fri May 23 2025 11:45:00 GMT+0530 (India Standard Time)","6280.00","6283.00","6272.00","6272.00"
"Fri May 23 2025 11:50:00 GMT+0530 (India Standard Time)","6272.00","6279.00","6271.50","6274.00"
"Fri May 23 2025 11:55:00 GMT+0530 (India Standard Time)","6274.00","6277.50","6272.50","6274.00"
"Fri May 23 2025 12:00:00 GMT+0530 (India Standard Time)","6274.00","6277.50","6272.00","6275.50"
"Fri May 23 2025 12:05:00 GMT+0530 (India Standard Time)","6272.50","6284.00","6271.50","6271.50"
"Fri May 23 2025 12:10:00 GMT+0530 (India Standard Time)","6271.50","6274.50","6271.00","6272.00"
"Fri May 23 2025 12:15:00 GMT+0530 (India Standard Time)","6272.00","6275.00","6272.00","6274.50"
"Fri May 23 2025 12:20:00 GMT+0530 (India Standard Time)","6274.50","6279.00","6272.00","6279.00"
"Fri May 23 2025 12:25:00 GMT+0530 (India Standard Time)","6279.00","6284.00","6276.00","6278.50"
"Fri May 23 2025 12:30:00 GMT+0530 (India Standard Time)","6278.50","6283.50","6272.00","6273.50"
"Fri May 23 2025 12:35:00 GMT+0530 (India Standard Time)","6272.00","6275.00","6272.00","6274.00"
"Fri May 23 2025 12:40:00 GMT+0530 (India Standard Time)","6274.00","6278.00","6272.00","6272.00"
"Fri May 23 2025 12:45:00 GMT+0530 (India Standard Time)","6272.00","6277.50","6272.00","6275.00"
"Fri May 23 2025 12:50:00 GMT+0530 (India Standard Time)","6275.00","6279.00","6272.50","6274.50"
"Fri May 23 2025 12:55:00 GMT+0530 (India Standard Time)","6274.50","6283.00","6274.50","6280.00"
"Fri May 23 2025 13:00:00 GMT+0530 (India Standard Time)","6280.00","6283.00","6280.00","6282.50"
"Fri May 23 2025 13:05:00 GMT+0530 (India Standard Time)","6282.50","6284.50","6280.00","6284.00"
"Fri May 23 2025 13:10:00 GMT+0530 (India Standard Time)","6284.00","6284.00","6280.00","6280.00"
"Fri May 23 2025 13:15:00 GMT+0530 (India Standard Time)","6280.00","6282.00","6280.00","6280.00"
"Fri May 23 2025 13:20:00 GMT+0530 (India Standard Time)","6280.00","6283.00","6280.00","6283.00"
"Fri May 23 2025 13:25:00 GMT+0530 (India Standard Time)","6283.00","6295.00","6280.00","6286.50"
"Fri May 23 2025 13:30:00 GMT+0530 (India Standard Time)","6289.00","6289.50","6280.50","6282.50"
"Fri May 23 2025 13:35:00 GMT+0530 (India Standard Time)","6282.50","6284.50","6280.50","6280.50"
"Fri May 23 2025 13:40:00 GMT+0530 (India Standard Time)","6280.50","6284.00","6280.00","6283.50"
"Fri May 23 2025 13:45:00 GMT+0530 (India Standard Time)","6283.50","6287.50","6280.50","6286.50"
"Fri May 23 2025 13:50:00 GMT+0530 (India Standard Time)","6286.50","6291.50","6281.50","6291.50"
"Fri May 23 2025 13:55:00 GMT+0530 (India Standard Time)","6291.50","6295.00","6290.00","6295.00"
"Fri May 23 2025 14:00:00 GMT+0530 (India Standard Time)","6295.00","6295.50","6290.00","6291.50"
"Fri May 23 2025 14:05:00 GMT+0530 (India Standard Time)","6291.50","6292.00","6284.50","6292.00"
"Fri May 23 2025 14:10:00 GMT+0530 (India Standard Time)","6292.00","6295.00","6290.00","6293.00"
"Fri May 23 2025 14:15:00 GMT+0530 (India Standard Time)","6293.00","6295.00","6290.00","6290.00"
"Fri May 23 2025 14:20:00 GMT+0530 (India Standard Time)","6290.00","6294.50","6290.00","6294.00"
"Fri May 23 2025 14:25:00 GMT+0530 (India Standard Time)","6294.00","6299.00","6292.50","6295.00"
"Fri May 23 2025 14:30:00 GMT+0530 (India Standard Time)","6293.00","6298.00","6293.00","6295.00"
"Fri May 23 2025 14:35:00 GMT+0530 (India Standard Time)","6295.00","6299.00","6291.00","6294.50"
"Fri May 23 2025 14:40:00 GMT+0530 (India Standard Time)","6295.00","6295.50","6290.00","6291.00"
"Fri May 23 2025 14:45:00 GMT+0530 (India Standard Time)","6291.00","6294.50","6291.00","6291.00"
"Fri May 23 2025 14:50:00 GMT+0530 (India Standard Time)","6291.00","6294.50","6291.00","6291.00"
"Fri May 23 2025 14:55:00 GMT+0530 (India Standard Time)","6291.00","6292.00","6277.50","6290.00"
"Fri May 23 2025 15:00:00 GMT+0530 (India Standard Time)","6291.00","6294.50","6282.00","6290.00"
"Fri May 23 2025 15:05:00 GMT+0530 (India Standard Time)","6290.00","6293.50","6290.00","6290.00"
"Fri May 23 2025 15:10:00 GMT+0530 (India Standard Time)","6290.00","6292.00","6282.00","6291.50"
"Fri May 23 2025 15:15:00 GMT+0530 (India Standard Time)","6291.50","6294.00","6290.00","6290.00"
"Fri May 23 2025 15:20:00 GMT+0530 (India Standard Time)","6290.50","6294.50","6290.00","6291.50"
"Fri May 23 2025 15:25:00 GMT+0530 (India Standard Time)","6292.00","6295.00","6290.50","6291.00"
"Mon May 26 2025 09:15:00 GMT+0530 (India Standard Time)","6300.00","6335.00","6278.00","6332.50"
"Mon May 26 2025 09:20:00 GMT+0530 (India Standard Time)","6328.50","6337.00","6308.00","6315.00"
"Mon May 26 2025 09:25:00 GMT+0530 (India Standard Time)","6315.00","6333.50","6300.50","6310.00"
"Mon May 26 2025 09:30:00 GMT+0530 (India Standard Time)","6310.00","6324.00","6301.50","6318.50"
"Mon May 26 2025 09:35:00 GMT+0530 (India Standard Time)","6325.00","6342.00","6310.00","6339.00"
"Mon May 26 2025 09:40:00 GMT+0530 (India Standard Time)","6339.00","6341.00","6321.00","6328.50"
"Mon May 26 2025 09:45:00 GMT+0530 (India Standard Time)","6328.50","6335.00","6322.00","6330.00"
"Mon May 26 2025 09:50:00 GMT+0530 (India Standard Time)","6330.00","6334.50","6324.00","6327.00"
"Mon May 26 2025 09:55:00 GMT+0530 (India Standard Time)","6327.00","6336.00","6324.50","6331.00"
"Mon May 26 2025 10:00:00 GMT+0530 (India Standard Time)","6331.00","6335.00","6325.00","6335.00"
"Mon May 26 2025 10:05:00 GMT+0530 (India Standard Time)","6335.00","6347.00","6334.00","6345.00"
"Mon May 26 2025 10:10:00 GMT+0530 (India Standard Time)","6345.00","6362.00","6342.50","6361.00"
"Mon May 26 2025 10:15:00 GMT+0530 (India Standard Time)","6358.50","6390.00","6358.50","6370.50"
"Mon May 26 2025 10:20:00 GMT+0530 (India Standard Time)","6370.50","6375.00","6360.00","6363.00"
"Mon May 26 2025 10:25:00 GMT+0530 (India Standard Time)","6363.00","6367.50","6326.50","6362.00"
"Mon May 26 2025 10:30:00 GMT+0530 (India Standard Time)","6362.00","6369.50","6354.00","6362.50"
"Mon May 26 2025 10:35:00 GMT+0530 (India Standard Time)","6357.00","6363.50","6345.50","6363.00"
"Mon May 26 2025 10:40:00 GMT+0530 (India Standard Time)","6363.00","6369.00","6355.00","6359.00"
"Mon May 26 2025 10:45:00 GMT+0530 (India Standard Time)","6359.00","6370.00","6350.50","6363.50"
"Mon May 26 2025 10:50:00 GMT+0530 (India Standard Time)","6363.50","6371.50","6358.00","6365.00"
"Mon May 26 2025 10:55:00 GMT+0530 (India Standard Time)","6365.00","6369.00","6358.50","6365.00"
"Mon May 26 2025 11:00:00 GMT+0530 (India Standard Time)","6368.50","6378.50","6365.00","6369.00"
"Mon May 26 2025 11:05:00 GMT+0530 (India Standard Time)","6369.00","6377.50","6365.00","6372.00"
"Mon May 26 2025 11:10:00 GMT+0530 (India Standard Time)","6372.00","6377.00","6368.50","6374.50"
"Mon May 26 2025 11:15:00 GMT+0530 (India Standard Time)","6374.50","6387.00","6372.50","6384.00"
"Mon May 26 2025 11:20:00 GMT+0530 (India Standard Time)","6385.00","6399.00","6384.00","6397.00"
"Mon May 26 2025 11:25:00 GMT+0530 (India Standard Time)","6397.00","6399.00","6389.00","6393.50"
"Mon May 26 2025 11:30:00 GMT+0530 (India Standard Time)","6394.00","6399.00","6385.00","6395.50"
"Mon May 26 2025 11:35:00 GMT+0530 (India Standard Time)","6395.50","6407.00","6393.00","6393.00"
"Mon May 26 2025 11:40:00 GMT+0530 (India Standard Time)","6393.00","6405.50","6392.00","6398.50"
"Mon May 26 2025 11:45:00 GMT+0530 (India Standard Time)","6398.50","6403.50","6393.00","6399.00"
"Mon May 26 2025 11:50:00 GMT+0530 (India Standard Time)","6399.00","6416.00","6394.50","6415.00"
"Mon May 26 2025 11:55:00 GMT+0530 (India Standard Time)","6415.00","6429.00","6411.00","6415.50"
"Mon May 26 2025 12:00:00 GMT+0530 (India Standard Time)","6415.50","6421.00","6410.50","6418.00"
"Mon May 26 2025 12:05:00 GMT+0530 (India Standard Time)","6416.00","6419.50","6411.00","6415.00"
"Mon May 26 2025 12:10:00 GMT+0530 (India Standard Time)","6412.00","6415.50","6395.00","6399.00"
"Mon May 26 2025 12:15:00 GMT+0530 (India Standard Time)","6399.00","6429.00","6392.50","6410.00"
"Mon May 26 2025 12:20:00 GMT+0530 (India Standard Time)","6410.00","6419.00","6404.50","6404.50"
"Mon May 26 2025 12:25:00 GMT+0530 (India Standard Time)","6406.50","6411.00","6400.00","6406.00"
"Mon May 26 2025 12:30:00 GMT+0530 (India Standard Time)","6406.00","6412.50","6400.00","6409.50"
"Mon May 26 2025 12:35:00 GMT+0530 (India Standard Time)","6409.50","6415.00","6406.50","6412.00"
"Mon May 26 2025 12:40:00 GMT+0530 (India Standard Time)","6413.50","6416.00","6410.00","6412.00"
"Mon May 26 2025 12:45:00 GMT+0530 (India Standard Time)","6412.00","6419.50","6410.00","6413.50"
"Mon May 26 2025 12:50:00 GMT+0530 (India Standard Time)","6413.50","6419.00","6413.00","6414.50"
"Mon May 26 2025 12:55:00 GMT+0530 (India Standard Time)","6414.50","6416.00","6412.50","6416.00"
"Mon May 26 2025 13:00:00 GMT+0530 (India Standard Time)","6413.00","6427.50","6412.50","6425.00"
"Mon May 26 2025 13:05:00 GMT+0530 (India Standard Time)","6425.00","6429.00","6425.00","6429.00"
"Mon May 26 2025 13:10:00 GMT+0530 (India Standard Time)","6428.00","6430.00","6425.00","6426.00"
"Mon May 26 2025 13:15:00 GMT+0530 (India Standard Time)","6426.00","6429.50","6416.00","6429.50"
"Mon May 26 2025 13:20:00 GMT+0530 (India Standard Time)","6429.50","6448.00","6429.50","6432.00"
"Mon May 26 2025 13:25:00 GMT+0530 (India Standard Time)","6433.50","6453.50","6433.50","6439.00"
"Mon May 26 2025 13:30:00 GMT+0530 (India Standard Time)","6439.00","6445.00","6435.00","6435.00"
"Mon May 26 2025 13:35:00 GMT+0530 (India Standard Time)","6435.00","6443.00","6433.00","6437.00"
"Mon May 26 2025 13:40:00 GMT+0530 (India Standard Time)","6437.00","6446.00","6433.00","6446.00"
"Mon May 26 2025 13:45:00 GMT+0530 (India Standard Time)","6442.50","6445.00","6433.00","6433.00"
"Mon May 26 2025 13:50:00 GMT+0530 (India Standard Time)","6433.00","6435.00","6420.00","6429.50"
"Mon May 26 2025 13:55:00 GMT+0530 (India Standard Time)","6429.50","6434.00","6426.00","6430.00"
"Mon May 26 2025 14:00:00 GMT+0530 (India Standard Time)","6430.00","6433.00","6422.00","6428.00"
"Mon May 26 2025 14:05:00 GMT+0530 (India Standard Time)","6428.00","6440.00","6424.00","6437.50"
"Mon May 26 2025 14:10:00 GMT+0530 (India Standard Time)","6437.50","6440.00","6428.50","6438.00"
"Mon May 26 2025 14:15:00 GMT+0530 (India Standard Time)","6438.00","6438.00","6425.50","6430.50"
"Mon May 26 2025 14:20:00 GMT+0530 (India Standard Time)","6430.50","6431.50","6418.00","6420.00"
"Mon May 26 2025 14:25:00 GMT+0530 (India Standard Time)","6422.50","6429.50","6420.00","6426.50"
"Mon May 26 2025 14:30:00 GMT+0530 (India Standard Time)","6427.50","6432.00","6425.00","6428.50"
"Mon May 26 2025 14:35:00 GMT+0530 (India Standard Time)","6428.50","6428.50","6420.00","6428.50"
"Mon May 26 2025 14:40:00 GMT+0530 (India Standard Time)","6428.50","6430.00","6425.00","6425.50"
"Mon May 26 2025 14:45:00 GMT+0530 (India Standard Time)","6426.00","6428.50","6425.00","6425.50"
"Mon May 26 2025 14:50:00 GMT+0530 (India Standard Time)","6427.50","6430.00","6425.00","6427.00"
"Mon May 26 2025 14:55:00 GMT+0530 (India Standard Time)","6427.00","6430.00","6425.00","6428.50"
"Mon May 26 2025 15:00:00 GMT+0530 (India Standard Time)","6428.50","6429.00","6420.00","6425.00"
"Mon May 26 2025 15:05:00 GMT+0530 (India Standard Time)","6425.00","6428.00","6423.00","6423.00"
"Mon May 26 2025 15:10:00 GMT+0530 (India Standard Time)","6426.00","6435.00","6424.50","6427.00"
"Mon May 26 2025 15:15:00 GMT+0530 (India Standard Time)","6427.00","6443.50","6425.00","6440.00"
"Mon May 26 2025 15:20:00 GMT+0530 (India Standard Time)","6436.00","6441.00","6434.00","6434.00"
"Mon May 26 2025 15:25:00 GMT+0530 (India Standard Time)","6435.00","6436.00","6430.50","6435.00"
"Tue May 27 2025 09:15:00 GMT+0530 (India Standard Time)","6445.00","6464.00","6402.50","6460.00"
"Tue May 27 2025 09:20:00 GMT+0530 (India Standard Time)","6460.00","6460.00","6429.00","6432.00"
"Tue May 27 2025 09:25:00 GMT+0530 (India Standard Time)","6432.00","6446.00","6427.50","6443.50"
"Tue May 27 2025 09:30:00 GMT+0530 (India Standard Time)","6446.00","6450.00","6425.50","6441.00"
"Tue May 27 2025 09:35:00 GMT+0530 (India Standard Time)","6439.50","6455.00","6427.00","6453.00"
"Tue May 27 2025 09:40:00 GMT+0530 (India Standard Time)","6450.00","6470.00","6449.50","6460.50"
"Tue May 27 2025 09:45:00 GMT+0530 (India Standard Time)","6460.50","6463.50","6444.00","6447.00"
"Tue May 27 2025 09:50:00 GMT+0530 (India Standard Time)","6447.00","6464.00","6445.50","6447.50"
"Tue May 27 2025 09:55:00 GMT+0530 (India Standard Time)","6447.50","6451.50","6431.00","6436.00"
"Tue May 27 2025 10:00:00 GMT+0530 (India Standard Time)","6435.50","6442.50","6411.00","6421.50"
"Tue May 27 2025 10:05:00 GMT+0530 (India Standard Time)","6421.50","6432.50","6419.00","6429.00"
"Tue May 27 2025 10:10:00 GMT+0530 (India Standard Time)","6429.00","6430.50","6419.00","6430.00"
"Tue May 27 2025 10:15:00 GMT+0530 (India Standard Time)","6430.00","6430.00","6420.00","6422.00"
"Tue May 27 2025 10:20:00 GMT+0530 (India Standard Time)","6422.00","6426.00","6414.00","6420.00"
"Tue May 27 2025 10:25:00 GMT+0530 (India Standard Time)","6420.00","6432.50","6418.50","6426.50"
"Tue May 27 2025 10:30:00 GMT+0530 (India Standard Time)","6426.50","6440.00","6426.00","6437.50"
"Tue May 27 2025 10:35:00 GMT+0530 (India Standard Time)","6437.50","6446.00","6430.00","6444.50"
"Tue May 27 2025 10:40:00 GMT+0530 (India Standard Time)","6444.50","6451.00","6438.50","6439.50"
"Tue May 27 2025 10:45:00 GMT+0530 (India Standard Time)","6439.50","6450.00","6439.50","6444.00"
"Tue May 27 2025 10:50:00 GMT+0530 (India Standard Time)","6444.00","6451.50","6441.00","6449.00"
"Tue May 27 2025 10:55:00 GMT+0530 (India Standard Time)","6448.50","6451.50","6443.00","6449.00"
"Tue May 27 2025 11:00:00 GMT+0530 (India Standard Time)","6449.00","6450.00","6444.00","6444.00"
"Tue May 27 2025 11:05:00 GMT+0530 (India Standard Time)","6448.50","6451.50","6444.00","6451.50"
"Tue May 27 2025 11:10:00 GMT+0530 (India Standard Time)","6451.50","6457.50","6446.50","6457.00"
"Tue May 27 2025 11:15:00 GMT+0530 (India Standard Time)","6457.00","6459.50","6447.00","6450.50"
"Tue May 27 2025 11:20:00 GMT+0530 (India Standard Time)","6450.50","6458.00","6444.00","6450.00"
"Tue May 27 2025 11:25:00 GMT+0530 (India Standard Time)","6450.00","6457.00","6450.00","6454.00"
"Tue May 27 2025 11:30:00 GMT+0530 (India Standard Time)","6454.00","6457.50","6447.00","6447.00"
"Tue May 27 2025 11:35:00 GMT+0530 (India Standard Time)","6448.50","6452.50","6442.00","6447.50"
"Tue May 27 2025 11:40:00 GMT+0530 (India Standard Time)","6447.50","6449.50","6436.00","6443.00"
"Tue May 27 2025 11:45:00 GMT+0530 (India Standard Time)","6440.00","6441.50","6430.50","6435.50"
"Tue May 27 2025 11:50:00 GMT+0530 (India Standard Time)","6438.50","6442.50","6432.00","6442.50"
"Tue May 27 2025 11:55:00 GMT+0530 (India Standard Time)","6442.50","6446.00","6440.00","6440.00"
"Tue May 27 2025 12:00:00 GMT+0530 (India Standard Time)","6442.50","6444.00","6435.00","6435.00"
"Tue May 27 2025 12:05:00 GMT+0530 (India Standard Time)","6435.00","6442.00","6433.00","6441.50"
"Tue May 27 2025 12:10:00 GMT+0530 (India Standard Time)","6441.50","6441.50","6419.50","6421.50"
"Tue May 27 2025 12:15:00 GMT+0530 (India Standard Time)","6421.50","6425.00","6403.00","6403.00"
"Tue May 27 2025 12:20:00 GMT+0530 (India Standard Time)","6403.00","6406.50","6390.00","6398.50"
"Tue May 27 2025 12:25:00 GMT+0530 (India Standard Time)","6401.00","6411.00","6386.50","6394.50"
"Tue May 27 2025 12:30:00 GMT+0530 (India Standard Time)","6394.50","6406.50","6389.50","6403.00"
"Tue May 27 2025 12:35:00 GMT+0530 (India Standard Time)","6403.00","6405.50","6392.00","6398.50"
"Tue May 27 2025 12:40:00 GMT+0530 (India Standard Time)","6398.50","6405.50","6393.00","6400.50"
"Tue May 27 2025 12:45:00 GMT+0530 (India Standard Time)","6402.00","6402.50","6373.00","6380.00"
"Tue May 27 2025 12:50:00 GMT+0530 (India Standard Time)","6382.50","6393.00","6375.00","6392.00"
"Tue May 27 2025 12:55:00 GMT+0530 (India Standard Time)","6392.00","6396.50","6384.00","6387.00"
"Tue May 27 2025 13:00:00 GMT+0530 (India Standard Time)","6387.00","6396.00","6385.00","6385.50"
"Tue May 27 2025 13:05:00 GMT+0530 (India Standard Time)","6385.50","6397.00","6385.00","6394.00"
"Tue May 27 2025 13:10:00 GMT+0530 (India Standard Time)","6394.00","6395.50","6380.00","6383.00"
"Tue May 27 2025 13:15:00 GMT+0530 (India Standard Time)","6385.00","6392.50","6381.50","6388.50"
"Tue May 27 2025 13:20:00 GMT+0530 (India Standard Time)","6388.50","6392.50","6380.00","6383.00"
"Tue May 27 2025 13:25:00 GMT+0530 (India Standard Time)","6383.00","6388.50","6380.50","6384.50"
"Tue May 27 2025 13:30:00 GMT+0530 (India Standard Time)","6384.50","6390.00","6381.00","6390.00"
"Tue May 27 2025 13:35:00 GMT+0530 (India Standard Time)","6390.00","6393.00","6387.00","6389.50"
"Tue May 27 2025 13:40:00 GMT+0530 (India Standard Time)","6390.00","6395.00","6389.00","6395.00"
"Tue May 27 2025 13:45:00 GMT+0530 (India Standard Time)","6395.00","6395.00","6389.50","6390.00"
"Tue May 27 2025 13:50:00 GMT+0530 (India Standard Time)","6391.00","6393.00","6388.00","6388.00"
"Tue May 27 2025 13:55:00 GMT+0530 (India Standard Time)","6388.00","6394.00","6385.00","6385.00"
"Tue May 27 2025 14:00:00 GMT+0530 (India Standard Time)","6385.00","6389.50","6380.00","6389.50"
"Tue May 27 2025 14:05:00 GMT+0530 (India Standard Time)","6386.50","6390.00","6381.50","6383.00"
"Tue May 27 2025 14:10:00 GMT+0530 (India Standard Time)","6383.00","6383.50","6375.50","6375.50"
"Tue May 27 2025 14:15:00 GMT+0530 (India Standard Time)","6375.50","6381.00","6365.50","6371.00"
"Tue May 27 2025 14:20:00 GMT+0530 (India Standard Time)","6371.00","6380.00","6365.00","6379.00"
"Tue May 27 2025 14:25:00 GMT+0530 (India Standard Time)","6379.00","6379.00","6373.50","6375.00"
"Tue May 27 2025 14:30:00 GMT+0530 (India Standard Time)","6375.00","6389.50","6375.00","6387.00"
"Tue May 27 2025 14:35:00 GMT+0530 (India Standard Time)","6387.00","6399.00","6387.00","6391.00"
"Tue May 27 2025 14:40:00 GMT+0530 (India Standard Time)","6391.50","6396.50","6390.50","6395.50"
"Tue May 27 2025 14:45:00 GMT+0530 (India Standard Time)","6395.50","6406.50","6390.50","6394.50"
"Tue May 27 2025 14:50:00 GMT+0530 (India Standard Time)","6394.50","6404.00","6394.50","6399.50"
"Tue May 27 2025 14:55:00 GMT+0530 (India Standard Time)","6399.50","6406.50","6397.00","6403.00"
"Tue May 27 2025 15:00:00 GMT+0530 (India Standard Time)","6406.00","6410.50","6402.00","6402.00"
"Tue May 27 2025 15:05:00 GMT+0530 (India Standard Time)","6404.00","6412.00","6402.00","6412.00"
"Tue May 27 2025 15:10:00 GMT+0530 (India Standard Time)","6411.00","6415.00","6403.50","6415.00"
"Tue May 27 2025 15:15:00 GMT+0530 (India Standard Time)","6415.50","6421.50","6407.50","6411.00"
"Tue May 27 2025 15:20:00 GMT+0530 (India Standard Time)","6410.00","6417.00","6403.00","6410.00"
"Tue May 27 2025 15:25:00 GMT+0530 (India Standard Time)","6414.00","6420.00","6395.50","6408.00"
"Wed May 28 2025 09:15:00 GMT+0530 (India Standard Time)","6420.00","6438.00","6409.00","6425.50"
"Wed May 28 2025 09:20:00 GMT+0530 (India Standard Time)","6425.50","6432.50","6415.50","6421.00"
"Wed May 28 2025 09:25:00 GMT+0530 (India Standard Time)","6421.00","6421.00","6402.50","6410.50"
"Wed May 28 2025 09:30:00 GMT+0530 (India Standard Time)","6410.50","6422.00","6401.50","6419.50"
"Wed May 28 2025 09:35:00 GMT+0530 (India Standard Time)","6419.50","6426.50","6390.00","6405.50"
"Wed May 28 2025 09:40:00 GMT+0530 (India Standard Time)","6405.50","6411.00","6393.00","6395.00"
"Wed May 28 2025 09:45:00 GMT+0530 (India Standard Time)","6396.00","6396.00","6380.50","6386.50"
"Wed May 28 2025 09:50:00 GMT+0530 (India Standard Time)","6384.50","6387.50","6373.00","6375.50"
"Wed May 28 2025 09:55:00 GMT+0530 (India Standard Time)","6375.00","6383.50","6366.00","6383.50"
"Wed May 28 2025 10:00:00 GMT+0530 (India Standard Time)","6383.50","6383.50","6368.00","6378.00"
"Wed May 28 2025 10:05:00 GMT+0530 (India Standard Time)","6378.00","6390.50","6375.00","6385.00"
"Wed May 28 2025 10:10:00 GMT+0530 (India Standard Time)","6385.00","6390.50","6378.00","6382.00"
"Wed May 28 2025 10:15:00 GMT+0530 (India Standard Time)","6382.00","6382.00","6371.00","6375.50"
"Wed May 28 2025 10:20:00 GMT+0530 (India Standard Time)","6374.50","6382.50","6374.50","6377.50"
"Wed May 28 2025 10:25:00 GMT+0530 (India Standard Time)","6377.50","6377.50","6354.50","6363.00"
"Wed May 28 2025 10:30:00 GMT+0530 (India Standard Time)","6363.00","6380.00","6361.00","6374.00"
"Wed May 28 2025 10:35:00 GMT+0530 (India Standard Time)","6374.00","6374.50","6359.00","6366.00"
"Wed May 28 2025 10:40:00 GMT+0530 (India Standard Time)","6366.00","6380.50","6363.50","6369.50"
"Wed May 28 2025 10:45:00 GMT+0530 (India Standard Time)","6369.50","6389.50","6364.50","6377.50"
"Wed May 28 2025 10:50:00 GMT+0530 (India Standard Time)","6377.50","6387.00","6375.00","6382.00"
"Wed May 28 2025 10:55:00 GMT+0530 (India Standard Time)","6382.00","6386.50","6372.50","6383.00"
"Wed May 28 2025 11:00:00 GMT+0530 (India Standard Time)","6383.00","6397.50","6383.00","6392.50"
"Wed May 28 2025 11:05:00 GMT+0530 (India Standard Time)","6393.00","6394.50","6386.00","6389.00"
"Wed May 28 2025 11:10:00 GMT+0530 (India Standard Time)","6389.00","6395.00","6387.00","6394.50"
"Wed May 28 2025 11:15:00 GMT+0530 (India Standard Time)","6394.50","6402.00","6393.00","6400.50"
"Wed May 28 2025 11:20:00 GMT+0530 (India Standard Time)","6400.00","6415.00","6400.00","6404.00"
"Wed May 28 2025 11:25:00 GMT+0530 (India Standard Time)","6404.00","6409.50","6399.50","6401.50"
"Wed May 28 2025 11:30:00 GMT+0530 (India Standard Time)","6401.50","6407.50","6398.50","6407.50"
"Wed May 28 2025 11:35:00 GMT+0530 (India Standard Time)","6407.50","6412.00","6406.00","6409.00"
"Wed May 28 2025 11:40:00 GMT+0530 (India Standard Time)","6409.00","6418.00","6406.50","6414.00"
"Wed May 28 2025 11:45:00 GMT+0530 (India Standard Time)","6414.00","6414.00","6406.50","6410.00"
"Wed May 28 2025 11:50:00 GMT+0530 (India Standard Time)","6410.00","6419.00","6408.50","6411.00"
"Wed May 28 2025 11:55:00 GMT+0530 (India Standard Time)","6411.00","6411.00","6401.00","6403.50"
"Wed May 28 2025 12:00:00 GMT+0530 (India Standard Time)","6403.50","6407.50","6403.50","6405.50"
"Wed May 28 2025 12:05:00 GMT+0530 (India Standard Time)","6405.50","6408.50","6401.00","6403.00"
"Wed May 28 2025 12:10:00 GMT+0530 (India Standard Time)","6403.50","6409.00","6403.50","6405.50"
"Wed May 28 2025 12:15:00 GMT+0530 (India Standard Time)","6405.50","6414.00","6403.50","6410.50"
"Wed May 28 2025 12:20:00 GMT+0530 (India Standard Time)","6410.50","6414.50","6405.50","6412.00"
"Wed May 28 2025 12:25:00 GMT+0530 (India Standard Time)","6410.00","6432.00","6410.00","6430.00"
"Wed May 28 2025 12:30:00 GMT+0530 (India Standard Time)","6430.00","6430.00","6415.50","6425.50"
"Wed May 28 2025 12:35:00 GMT+0530 (India Standard Time)","6425.50","6455.50","6424.00","6447.00"
"Wed May 28 2025 12:40:00 GMT+0530 (India Standard Time)","6446.50","6461.50","6443.00","6457.00"
"Wed May 28 2025 12:45:00 GMT+0530 (India Standard Time)","6457.00","6459.50","6453.00","6456.00"
"Wed May 28 2025 12:50:00 GMT+0530 (India Standard Time)","6453.00","6458.00","6452.00","6453.50"
"Wed May 28 2025 12:55:00 GMT+0530 (India Standard Time)","6453.50","6453.50","6447.00","6452.00"
"Wed May 28 2025 13:00:00 GMT+0530 (India Standard Time)","6452.00","6476.50","6450.00","6471.00"
"Wed May 28 2025 13:05:00 GMT+0530 (India Standard Time)","6471.00","6475.00","6470.00","6473.50"
"Wed May 28 2025 13:10:00 GMT+0530 (India Standard Time)","6472.00","6474.00","6468.00","6468.00"
"Wed May 28 2025 13:15:00 GMT+0530 (India Standard Time)","6470.00","6474.50","6462.00","6471.00"
"Wed May 28 2025 13:20:00 GMT+0530 (India Standard Time)","6471.00","6471.50","6450.50","6451.50"
"Wed May 28 2025 13:25:00 GMT+0530 (India Standard Time)","6451.50","6454.50","6438.00","6448.00"
"Wed May 28 2025 13:30:00 GMT+0530 (India Standard Time)","6448.00","6461.50","6441.50","6444.00"
"Wed May 28 2025 13:35:00 GMT+0530 (India Standard Time)","6444.00","6446.50","6439.50","6439.50"
"Wed May 28 2025 13:40:00 GMT+0530 (India Standard Time)","6439.50","6448.00","6438.00","6446.50"
"Wed May 28 2025 13:45:00 GMT+0530 (India Standard Time)","6446.50","6450.50","6443.00","6443.00"
"Wed May 28 2025 13:50:00 GMT+0530 (India Standard Time)","6443.00","6448.00","6438.00","6443.50"
"Wed May 28 2025 13:55:00 GMT+0530 (India Standard Time)","6443.50","6445.50","6441.00","6444.50"
"Wed May 28 2025 14:00:00 GMT+0530 (India Standard Time)","6444.50","6457.50","6444.50","6457.50"
"Wed May 28 2025 14:05:00 GMT+0530 (India Standard Time)","6457.50","6460.00","6449.50","6449.50"
"Wed May 28 2025 14:10:00 GMT+0530 (India Standard Time)","6449.50","6449.50","6441.00","6441.50"
"Wed May 28 2025 14:15:00 GMT+0530 (India Standard Time)","6441.50","6452.50","6441.00","6450.00"
"Wed May 28 2025 14:20:00 GMT+0530 (India Standard Time)","6450.00","6475.00","6450.00","6469.00"
"Wed May 28 2025 14:25:00 GMT+0530 (India Standard Time)","6469.00","6473.00","6466.50","6469.00"
"Wed May 28 2025 14:30:00 GMT+0530 (India Standard Time)","6471.00","6471.00","6466.50","6469.50"
"Wed May 28 2025 14:35:00 GMT+0530 (India Standard Time)","6469.50","6470.50","6450.00","6467.00"
"Wed May 28 2025 14:40:00 GMT+0530 (India Standard Time)","6467.00","6471.00","6462.50","6468.00"
"Wed May 28 2025 14:45:00 GMT+0530 (India Standard Time)","6468.00","6471.00","6464.00","6471.00"
"Wed May 28 2025 14:50:00 GMT+0530 (India Standard Time)","6471.00","6471.00","6460.00","6468.50"
"Wed May 28 2025 14:55:00 GMT+0530 (India Standard Time)","6468.50","6480.00","6462.50","6470.00"
"Wed May 28 2025 15:00:00 GMT+0530 (India Standard Time)","6474.50","6474.50","6467.00","6467.00"
"Wed May 28 2025 15:05:00 GMT+0530 (India Standard Time)","6467.00","6470.00","6463.00","6463.50"
"Wed May 28 2025 15:10:00 GMT+0530 (India Standard Time)","6465.00","6476.00","6463.00","6463.00"
"Wed May 28 2025 15:15:00 GMT+0530 (India Standard Time)","6464.00","6475.00","6463.00","6470.00"
"Wed May 28 2025 15:20:00 GMT+0530 (India Standard Time)","6470.00","6500.00","6470.00","6475.50"
"Wed May 28 2025 15:25:00 GMT+0530 (India Standard Time)","6479.00","6479.50","6427.00","6441.00"
"Thu May 29 2025 09:15:00 GMT+0530 (India Standard Time)","6475.00","6507.50","6465.00","6499.50"
"Thu May 29 2025 09:20:00 GMT+0530 (India Standard Time)","6499.50","6519.00","6483.00","6487.50"
"Thu May 29 2025 09:25:00 GMT+0530 (India Standard Time)","6487.50","6507.00","6486.00","6500.00"
"Thu May 29 2025 09:30:00 GMT+0530 (India Standard Time)","6500.00","6515.00","6480.00","6489.00"
"Thu May 29 2025 09:35:00 GMT+0530 (India Standard Time)","6489.00","6489.00","6460.00","6464.50"
"Thu May 29 2025 09:40:00 GMT+0530 (India Standard Time)","6464.50","6470.50","6455.00","6463.50"
"Thu May 29 2025 09:45:00 GMT+0530 (India Standard Time)","6455.00","6460.00","6427.50","6433.50"
"Thu May 29 2025 09:50:00 GMT+0530 (India Standard Time)","6432.00","6436.00","6425.50","6430.50"
"Thu May 29 2025 09:55:00 GMT+0530 (India Standard Time)","6430.50","6449.00","6427.50","6444.50"
"Thu May 29 2025 10:00:00 GMT+0530 (India Standard Time)","6444.50","6459.50","6443.00","6454.50"
"Thu May 29 2025 10:05:00 GMT+0530 (India Standard Time)","6454.50","6461.00","6450.00","6454.50"
"Thu May 29 2025 10:10:00 GMT+0530 (India Standard Time)","6454.50","6458.00","6441.50","6447.00"
"Thu May 29 2025 10:15:00 GMT+0530 (India Standard Time)","6447.00","6448.50","6442.00","6448.50"
"Thu May 29 2025 10:20:00 GMT+0530 (India Standard Time)","6448.50","6451.00","6430.50","6434.50"
"Thu May 29 2025 10:25:00 GMT+0530 (India Standard Time)","6434.50","6440.50","6434.50","6434.50"
"Thu May 29 2025 10:30:00 GMT+0530 (India Standard Time)","6431.50","6436.50","6431.00","6434.00"
"Thu May 29 2025 10:35:00 GMT+0530 (India Standard Time)","6434.00","6435.00","6429.50","6433.00"
"Thu May 29 2025 10:40:00 GMT+0530 (India Standard Time)","6433.00","6433.50","6425.50","6425.50"
"Thu May 29 2025 10:45:00 GMT+0530 (India Standard Time)","6425.50","6433.00","6421.00","6431.50"
"Thu May 29 2025 10:50:00 GMT+0530 (India Standard Time)","6431.50","6438.00","6429.00","6432.50"
"Thu May 29 2025 10:55:00 GMT+0530 (India Standard Time)","6431.00","6434.50","6427.00","6427.00"
"Thu May 29 2025 11:00:00 GMT+0530 (India Standard Time)","6427.00","6431.00","6421.50","6428.00"
"Thu May 29 2025 11:05:00 GMT+0530 (India Standard Time)","6428.00","6433.50","6425.50","6428.00"
"Thu May 29 2025 11:10:00 GMT+0530 (India Standard Time)","6428.00","6442.50","6426.50","6442.50"
"Thu May 29 2025 11:15:00 GMT+0530 (India Standard Time)","6452.00","6464.00","6450.50","6456.50"
"Thu May 29 2025 11:20:00 GMT+0530 (India Standard Time)","6459.00","6467.00","6448.00","6448.00"
"Thu May 29 2025 11:25:00 GMT+0530 (India Standard Time)","6448.00","6454.00","6446.50","6450.00"
"Thu May 29 2025 11:30:00 GMT+0530 (India Standard Time)","6450.00","6454.50","6446.50","6454.50"
"Thu May 29 2025 11:35:00 GMT+0530 (India Standard Time)","6454.50","6457.00","6448.00","6454.50"
"Thu May 29 2025 11:40:00 GMT+0530 (India Standard Time)","6453.00","6460.00","6451.00","6454.50"
"Thu May 29 2025 11:45:00 GMT+0530 (India Standard Time)","6455.00","6466.00","6449.00","6466.00"
"Thu May 29 2025 11:50:00 GMT+0530 (India Standard Time)","6466.50","6466.50","6458.00","6463.50"
"Thu May 29 2025 11:55:00 GMT+0530 (India Standard Time)","6463.50","6464.50","6455.50","6456.50"
"Thu May 29 2025 12:00:00 GMT+0530 (India Standard Time)","6456.50","6461.00","6452.00","6455.00"
"Thu May 29 2025 12:05:00 GMT+0530 (India Standard Time)","6455.00","6461.50","6447.00","6450.00"
"Thu May 29 2025 12:10:00 GMT+0530 (India Standard Time)","6450.00","6453.50","6447.00","6449.00"
"Thu May 29 2025 12:15:00 GMT+0530 (India Standard Time)","6449.00","6456.50","6446.00","6455.00"
"Thu May 29 2025 12:20:00 GMT+0530 (India Standard Time)","6455.00","6456.50","6448.00","6448.00"
"Thu May 29 2025 12:25:00 GMT+0530 (India Standard Time)","6448.00","6457.50","6447.00","6454.00"
"Thu May 29 2025 12:30:00 GMT+0530 (India Standard Time)","6454.00","6455.50","6446.50","6454.50"
"Thu May 29 2025 12:35:00 GMT+0530 (India Standard Time)","6454.50","6455.50","6445.50","6452.00"
"Thu May 29 2025 12:40:00 GMT+0530 (India Standard Time)","6441.00","6450.00","6441.00","6446.00"
"Thu May 29 2025 12:45:00 GMT+0530 (India Standard Time)","6446.00","6466.00","6446.00","6461.50"
"Thu May 29 2025 12:50:00 GMT+0530 (India Standard Time)","6461.50","6466.00","6461.50","6463.00"
"Thu May 29 2025 12:55:00 GMT+0530 (India Standard Time)","6463.00","6471.50","6463.00","6471.50"
"Thu May 29 2025 13:00:00 GMT+0530 (India Standard Time)","6471.50","6471.50","6464.50","6464.50"
"Thu May 29 2025 13:05:00 GMT+0530 (India Standard Time)","6468.00","6474.50","6465.00","6472.50"
"Thu May 29 2025 13:10:00 GMT+0530 (India Standard Time)","6472.50","6475.00","6467.00","6468.00"
"Thu May 29 2025 13:15:00 GMT+0530 (India Standard Time)","6468.00","6480.00","6465.00","6469.00"
"Thu May 29 2025 13:20:00 GMT+0530 (India Standard Time)","6469.00","6477.00","6465.50","6475.50"
"Thu May 29 2025 13:25:00 GMT+0530 (India Standard Time)","6470.00","6475.50","6468.00","6468.00"
"Thu May 29 2025 13:30:00 GMT+0530 (India Standard Time)","6468.00","6473.00","6465.00","6465.00"
"Thu May 29 2025 13:35:00 GMT+0530 (India Standard Time)","6465.00","6468.50","6460.00","6468.50"
"Thu May 29 2025 13:40:00 GMT+0530 (India Standard Time)","6468.50","6468.50","6462.50","6466.50"
"Thu May 29 2025 13:45:00 GMT+0530 (India Standard Time)","6466.50","6470.00","6464.00","6464.00"
"Thu May 29 2025 13:50:00 GMT+0530 (India Standard Time)","6464.00","6467.00","6460.50","6462.00"
"Thu May 29 2025 13:55:00 GMT+0530 (India Standard Time)","6462.00","6467.00","6449.00","6453.50"
"Thu May 29 2025 14:00:00 GMT+0530 (India Standard Time)","6453.50","6468.00","6453.50","6465.50"
"Thu May 29 2025 14:05:00 GMT+0530 (India Standard Time)","6465.50","6469.00","6465.00","6465.00"
"Thu May 29 2025 14:10:00 GMT+0530 (India Standard Time)","6465.00","6466.00","6452.00","6456.50"
"Thu May 29 2025 14:15:00 GMT+0530 (India Standard Time)","6456.50","6465.50","6452.50","6456.00"
"Thu May 29 2025 14:20:00 GMT+0530 (India Standard Time)","6456.00","6463.50","6455.50","6457.50"
"Thu May 29 2025 14:25:00 GMT+0530 (India Standard Time)","6457.50","6463.00","6445.00","6458.00"
"Thu May 29 2025 14:30:00 GMT+0530 (India Standard Time)","6457.50","6467.50","6455.00","6463.00"
"Thu May 29 2025 14:35:00 GMT+0530 (India Standard Time)","6463.00","6465.00","6456.50","6459.50"
"Thu May 29 2025 14:40:00 GMT+0530 (India Standard Time)","6456.00","6470.00","6455.00","6466.50"
"Thu May 29 2025 14:45:00 GMT+0530 (India Standard Time)","6466.50","6475.00","6455.00","6458.50"
"Thu May 29 2025 14:50:00 GMT+0530 (India Standard Time)","6458.50","6461.50","6450.50","6451.00"
"Thu May 29 2025 14:55:00 GMT+0530 (India Standard Time)","6451.00","6457.00","6447.50","6454.00"
"Thu May 29 2025 15:00:00 GMT+0530 (India Standard Time)","6455.50","6474.50","6455.50","6474.00"
"Thu May 29 2025 15:05:00 GMT+0530 (India Standard Time)","6469.50","6486.00","6469.50","6478.00"
"Thu May 29 2025 15:10:00 GMT+0530 (India Standard Time)","6478.00","6509.00","6478.00","6499.00"
"Thu May 29 2025 15:15:00 GMT+0530 (India Standard Time)","6502.00","6515.00","6491.50","6515.00"
"Thu May 29 2025 15:20:00 GMT+0530 (India Standard Time)","6515.00","6535.00","6493.50","6505.50"
"Thu May 29 2025 15:25:00 GMT+0530 (India Standard Time)","6505.50","6510.00","6455.50","6455.50"
"Fri May 30 2025 09:15:00 GMT+0530 (India Standard Time)","6512.50","6520.00","6440.50","6466.50"
"Fri May 30 2025 09:20:00 GMT+0530 (India Standard Time)","6460.50","6469.00","6447.50","6464.00"
"Fri May 30 2025 09:25:00 GMT+0530 (India Standard Time)","6465.50","6468.00","6451.50","6458.50"
"Fri May 30 2025 09:30:00 GMT+0530 (India Standard Time)","6458.00","6458.00","6432.50","6439.00"
"Fri May 30 2025 09:35:00 GMT+0530 (India Standard Time)","6439.00","6450.00","6435.00","6443.50"
"Fri May 30 2025 09:40:00 GMT+0530 (India Standard Time)","6439.00","6447.50","6427.00","6442.50"
"Fri May 30 2025 09:45:00 GMT+0530 (India Standard Time)","6442.50","6442.50","6430.00","6437.50"
"Fri May 30 2025 09:50:00 GMT+0530 (India Standard Time)","6437.50","6440.00","6430.00","6434.00"
"Fri May 30 2025 09:55:00 GMT+0530 (India Standard Time)","6434.00","6438.00","6428.50","6434.00"
"Fri May 30 2025 10:00:00 GMT+0530 (India Standard Time)","6435.50","6435.50","6421.50","6423.50"
"Fri May 30 2025 10:05:00 GMT+0530 (India Standard Time)","6423.00","6431.00","6415.00","6422.00"
"Fri May 30 2025 10:10:00 GMT+0530 (India Standard Time)","6422.00","6430.00","6418.00","6425.00"
"Fri May 30 2025 10:15:00 GMT+0530 (India Standard Time)","6427.50","6427.50","6412.00","6412.00"
"Fri May 30 2025 10:20:00 GMT+0530 (India Standard Time)","6410.00","6410.00","6402.50","6405.50"
"Fri May 30 2025 10:25:00 GMT+0530 (India Standard Time)","6405.50","6418.50","6395.50","6416.00"
"Fri May 30 2025 10:30:00 GMT+0530 (India Standard Time)","6416.00","6416.00","6407.00","6409.50"
"Fri May 30 2025 10:35:00 GMT+0530 (India Standard Time)","6409.50","6420.00","6407.00","6418.00"
"Fri May 30 2025 10:40:00 GMT+0530 (India Standard Time)","6417.50","6435.00","6412.50","6434.50"
"Fri May 30 2025 10:45:00 GMT+0530 (India Standard Time)","6434.50","6435.00","6427.00","6429.00"
"Fri May 30 2025 10:50:00 GMT+0530 (India Standard Time)","6429.00","6444.50","6427.00","6443.50"
"Fri May 30 2025 10:55:00 GMT+0530 (India Standard Time)","6443.50","6447.50","6435.00","6438.50"
"Fri May 30 2025 11:00:00 GMT+0530 (India Standard Time)","6439.00","6439.50","6432.00","6433.50"
"Fri May 30 2025 11:05:00 GMT+0530 (India Standard Time)","6433.50","6437.50","6429.00","6436.00"
"Fri May 30 2025 11:10:00 GMT+0530 (India Standard Time)","6436.00","6437.00","6433.00","6436.50"
"Fri May 30 2025 11:15:00 GMT+0530 (India Standard Time)","6436.50","6437.00","6430.50","6433.00"
"Fri May 30 2025 11:20:00 GMT+0530 (India Standard Time)","6433.00","6445.00","6430.00","6441.00"
"Fri May 30 2025 11:25:00 GMT+0530 (India Standard Time)","6443.50","6455.00","6443.50","6453.00"
"Fri May 30 2025 11:30:00 GMT+0530 (India Standard Time)","6453.00","6460.00","6451.00","6454.00"
"Fri May 30 2025 11:35:00 GMT+0530 (India Standard Time)","6450.50","6460.00","6450.00","6455.50"
"Fri May 30 2025 11:40:00 GMT+0530 (India Standard Time)","6455.50","6455.50","6450.00","6452.00"
"Fri May 30 2025 11:45:00 GMT+0530 (India Standard Time)","6452.00","6459.50","6450.00","6455.50"
"Fri May 30 2025 11:50:00 GMT+0530 (India Standard Time)","6455.50","6458.00","6451.50","6456.50"
"Fri May 30 2025 11:55:00 GMT+0530 (India Standard Time)","6456.50","6458.50","6450.00","6455.00"
"Fri May 30 2025 12:00:00 GMT+0530 (India Standard Time)","6457.00","6457.00","6447.50","6454.00"
"Fri May 30 2025 12:05:00 GMT+0530 (India Standard Time)","6454.00","6457.00","6450.50","6455.00"
"Fri May 30 2025 12:10:00 GMT+0530 (India Standard Time)","6455.00","6456.50","6450.00","6455.50"
"Fri May 30 2025 12:15:00 GMT+0530 (India Standard Time)","6455.50","6457.00","6452.00","6457.00"
"Fri May 30 2025 12:20:00 GMT+0530 (India Standard Time)","6457.00","6457.00","6453.00","6455.50"
"Fri May 30 2025 12:25:00 GMT+0530 (India Standard Time)","6455.50","6460.00","6450.00","6459.00"
"Fri May 30 2025 12:30:00 GMT+0530 (India Standard Time)","6459.00","6459.00","6450.50","6454.00"
"Fri May 30 2025 12:35:00 GMT+0530 (India Standard Time)","6454.00","6455.50","6450.00","6452.00"
"Fri May 30 2025 12:40:00 GMT+0530 (India Standard Time)","6452.00","6455.00","6450.00","6452.00"
"Fri May 30 2025 12:45:00 GMT+0530 (India Standard Time)","6452.00","6460.00","6452.00","6460.00"
"Fri May 30 2025 12:50:00 GMT+0530 (India Standard Time)","6460.00","6465.00","6456.00","6465.00"
"Fri May 30 2025 12:55:00 GMT+0530 (India Standard Time)","6462.50","6465.50","6456.00","6461.50"
"Fri May 30 2025 13:00:00 GMT+0530 (India Standard Time)","6461.50","6461.50","6455.50","6459.50"
"Fri May 30 2025 13:05:00 GMT+0530 (India Standard Time)","6460.00","6461.00","6456.50","6461.00"
"Fri May 30 2025 13:10:00 GMT+0530 (India Standard Time)","6461.00","6461.00","6456.50","6460.50"
"Fri May 30 2025 13:15:00 GMT+0530 (India Standard Time)","6460.50","6476.00","6457.50","6472.00"
"Fri May 30 2025 13:20:00 GMT+0530 (India Standard Time)","6472.00","6472.00","6470.00","6470.00"
"Fri May 30 2025 13:25:00 GMT+0530 (India Standard Time)","6470.00","6472.00","6470.00","6472.00"
"Fri May 30 2025 13:30:00 GMT+0530 (India Standard Time)","6472.00","6479.00","6470.50","6477.00"
"Fri May 30 2025 13:35:00 GMT+0530 (India Standard Time)","6477.00","6478.50","6470.00","6473.50"
"Fri May 30 2025 13:40:00 GMT+0530 (India Standard Time)","6473.50","6474.00","6470.50","6471.50"
"Fri May 30 2025 13:45:00 GMT+0530 (India Standard Time)","6471.50","6474.00","6469.00","6472.00"
"Fri May 30 2025 13:50:00 GMT+0530 (India Standard Time)","6470.00","6479.00","6470.00","6476.00"
"Fri May 30 2025 13:55:00 GMT+0530 (India Standard Time)","6476.00","6483.00","6474.00","6477.50"
"Fri May 30 2025 14:00:00 GMT+0530 (India Standard Time)","6476.00","6480.50","6470.00","6473.00"
"Fri May 30 2025 14:05:00 GMT+0530 (India Standard Time)","6473.00","6480.00","6471.00","6476.50"
"Fri May 30 2025 14:10:00 GMT+0530 (India Standard Time)","6476.50","6478.00","6470.50","6473.50"
"Fri May 30 2025 14:15:00 GMT+0530 (India Standard Time)","6473.50","6477.00","6470.50","6475.00"
"Fri May 30 2025 14:20:00 GMT+0530 (India Standard Time)","6475.00","6475.00","6473.00","6474.50"
"Fri May 30 2025 14:25:00 GMT+0530 (India Standard Time)","6474.50","6475.00","6452.50","6455.00"
"Fri May 30 2025 14:30:00 GMT+0530 (India Standard Time)","6451.00","6457.00","6443.00","6456.00"
"Fri May 30 2025 14:35:00 GMT+0530 (India Standard Time)","6456.00","6456.00","6442.50","6450.00"
"Fri May 30 2025 14:40:00 GMT+0530 (India Standard Time)","6447.50","6470.00","6445.00","6463.50"
"Fri May 30 2025 14:45:00 GMT+0530 (India Standard Time)","6463.50","6465.00","6455.50","6459.00"
"Fri May 30 2025 14:50:00 GMT+0530 (India Standard Time)","6461.50","6469.50","6461.00","6465.00"
"Fri May 30 2025 14:55:00 GMT+0530 (India Standard Time)","6463.50","6469.50","6461.50","6467.50"
"Fri May 30 2025 15:00:00 GMT+0530 (India Standard Time)","6467.00","6468.00","6430.00","6430.00"
"Fri May 30 2025 15:05:00 GMT+0530 (India Standard Time)","6430.50","6453.00","6428.50","6450.00"
"Fri May 30 2025 15:10:00 GMT+0530 (India Standard Time)","6450.50","6459.00","6441.50","6455.50"
"Fri May 30 2025 15:15:00 GMT+0530 (India Standard Time)","6457.50","6459.00","6416.00","6416.00"
"Fri May 30 2025 15:20:00 GMT+0530 (India Standard Time)","6414.50","6455.50","6402.00","6428.00"
"Fri May 30 2025 15:25:00 GMT+0530 (India Standard Time)","6428.00","6460.00","6401.00","6430.50"
"Mon Jun 02 2025 09:15:00 GMT+0530 (India Standard Time)","6412.50","6469.00","6375.50","6387.00"
"Mon Jun 02 2025 09:20:00 GMT+0530 (India Standard Time)","6384.00","6390.00","6362.00","6374.00"
"Mon Jun 02 2025 09:25:00 GMT+0530 (India Standard Time)","6363.50","6387.00","6357.50","6370.00"
"Mon Jun 02 2025 09:30:00 GMT+0530 (India Standard Time)","6371.00","6389.50","6366.00","6386.00"
"Mon Jun 02 2025 09:35:00 GMT+0530 (India Standard Time)","6388.50","6394.00","6373.00","6392.00"
"Mon Jun 02 2025 09:40:00 GMT+0530 (India Standard Time)","6392.50","6404.50","6392.50","6398.00"
"Mon Jun 02 2025 09:45:00 GMT+0530 (India Standard Time)","6398.00","6404.00","6393.00","6397.50"
"Mon Jun 02 2025 09:50:00 GMT+0530 (India Standard Time)","6397.00","6402.00","6395.00","6402.00"
"Mon Jun 02 2025 09:55:00 GMT+0530 (India Standard Time)","6400.00","6404.00","6396.50","6401.50"
"Mon Jun 02 2025 10:00:00 GMT+0530 (India Standard Time)","6403.00","6403.50","6392.00","6397.50"
"Mon Jun 02 2025 10:05:00 GMT+0530 (India Standard Time)","6398.50","6402.50","6394.50","6399.50"
"Mon Jun 02 2025 10:10:00 GMT+0530 (India Standard Time)","6401.00","6403.50","6395.50","6400.50"
"Mon Jun 02 2025 10:15:00 GMT+0530 (India Standard Time)","6400.50","6400.50","6380.00","6381.50"
"Mon Jun 02 2025 10:20:00 GMT+0530 (India Standard Time)","6381.50","6381.50","6363.00","6379.50"
"Mon Jun 02 2025 10:25:00 GMT+0530 (India Standard Time)","6379.50","6389.00","6376.00","6384.50"
"Mon Jun 02 2025 10:30:00 GMT+0530 (India Standard Time)","6384.50","6395.50","6381.00","6384.00"
"Mon Jun 02 2025 10:35:00 GMT+0530 (India Standard Time)","6384.00","6388.50","6381.00","6388.50"
"Mon Jun 02 2025 10:40:00 GMT+0530 (India Standard Time)","6388.50","6395.00","6384.00","6394.50"
"Mon Jun 02 2025 10:45:00 GMT+0530 (India Standard Time)","6393.50","6396.50","6388.50","6396.50"
"Mon Jun 02 2025 10:50:00 GMT+0530 (India Standard Time)","6396.00","6405.00","6389.50","6392.50"
"Mon Jun 02 2025 10:55:00 GMT+0530 (India Standard Time)","6392.50","6397.00","6389.50","6396.50"
"Mon Jun 02 2025 11:00:00 GMT+0530 (India Standard Time)","6396.50","6396.50","6391.00","6396.50"
"Mon Jun 02 2025 11:05:00 GMT+0530 (India Standard Time)","6392.50","6396.00","6389.50","6394.50"
"Mon Jun 02 2025 11:10:00 GMT+0530 (India Standard Time)","6396.00","6396.50","6391.00","6394.00"
"Mon Jun 02 2025 11:15:00 GMT+0530 (India Standard Time)","6394.00","6394.50","6390.00","6394.00"
"Mon Jun 02 2025 11:20:00 GMT+0530 (India Standard Time)","6394.00","6394.00","6390.00","6390.00"
"Mon Jun 02 2025 11:25:00 GMT+0530 (India Standard Time)","6392.50","6394.00","6388.50","6390.50"
"Mon Jun 02 2025 11:30:00 GMT+0530 (India Standard Time)","6390.50","6393.00","6387.50","6393.00"
"Mon Jun 02 2025 11:35:00 GMT+0530 (India Standard Time)","6393.00","6397.00","6390.00","6391.00"
"Mon Jun 02 2025 11:40:00 GMT+0530 (India Standard Time)","6391.50","6392.50","6387.50","6391.00"
"Mon Jun 02 2025 11:45:00 GMT+0530 (India Standard Time)","6391.00","6392.00","6386.50","6392.00"
"Mon Jun 02 2025 11:50:00 GMT+0530 (India Standard Time)","6392.00","6395.00","6388.50","6392.00"
"Mon Jun 02 2025 11:55:00 GMT+0530 (India Standard Time)","6392.50","6393.00","6388.50","6392.50"
"Mon Jun 02 2025 12:00:00 GMT+0530 (India Standard Time)","6390.00","6393.00","6386.00","6391.00"
"Mon Jun 02 2025 12:05:00 GMT+0530 (India Standard Time)","6390.00","6392.50","6387.50","6391.00"
"Mon Jun 02 2025 12:10:00 GMT+0530 (India Standard Time)","6391.00","6392.00","6388.00","6392.00"
"Mon Jun 02 2025 12:15:00 GMT+0530 (India Standard Time)","6392.00","6392.00","6389.00","6392.00"
"Mon Jun 02 2025 12:20:00 GMT+0530 (India Standard Time)","6392.00","6392.50","6390.00","6392.00"
"Mon Jun 02 2025 12:25:00 GMT+0530 (India Standard Time)","6392.00","6394.50","6388.00","6394.50"
"Mon Jun 02 2025 12:30:00 GMT+0530 (India Standard Time)","6394.00","6395.00","6390.50","6394.50"
"Mon Jun 02 2025 12:35:00 GMT+0530 (India Standard Time)","6394.50","6397.00","6391.00","6397.00"
"Mon Jun 02 2025 12:40:00 GMT+0530 (India Standard Time)","6397.00","6397.00","6391.00","6394.50"
"Mon Jun 02 2025 12:45:00 GMT+0530 (India Standard Time)","6394.50","6394.50","6390.00","6390.00"
"Mon Jun 02 2025 12:50:00 GMT+0530 (India Standard Time)","6390.00","6395.00","6390.00","6394.50"
"Mon Jun 02 2025 12:55:00 GMT+0530 (India Standard Time)","6394.50","6394.50","6390.00","6392.50"
"Mon Jun 02 2025 13:00:00 GMT+0530 (India Standard Time)","6392.50","6393.50","6390.00","6393.50"
"Mon Jun 02 2025 13:05:00 GMT+0530 (India Standard Time)","6393.00","6393.00","6390.00","6392.00"
"Mon Jun 02 2025 13:10:00 GMT+0530 (India Standard Time)","6392.00","6393.00","6390.00","6393.00"
"Mon Jun 02 2025 13:15:00 GMT+0530 (India Standard Time)","6393.00","6399.00","6390.50","6399.00"
"Mon Jun 02 2025 13:20:00 GMT+0530 (India Standard Time)","6399.00","6409.00","6399.00","6408.00"
"Mon Jun 02 2025 13:25:00 GMT+0530 (India Standard Time)","6408.00","6409.00","6405.00","6409.00"
"Mon Jun 02 2025 13:30:00 GMT+0530 (India Standard Time)","6409.00","6418.50","6406.00","6413.50"
"Mon Jun 02 2025 13:35:00 GMT+0530 (India Standard Time)","6417.00","6424.50","6414.00","6417.50"
"Mon Jun 02 2025 13:40:00 GMT+0530 (India Standard Time)","6418.00","6420.00","6414.50","6418.00"
"Mon Jun 02 2025 13:45:00 GMT+0530 (India Standard Time)","6418.50","6423.00","6417.50","6423.00"
"Mon Jun 02 2025 13:50:00 GMT+0530 (India Standard Time)","6423.00","6424.00","6414.00","6422.50"
"Mon Jun 02 2025 13:55:00 GMT+0530 (India Standard Time)","6423.50","6425.00","6413.50","6418.00"
"Mon Jun 02 2025 14:00:00 GMT+0530 (India Standard Time)","6418.00","6422.00","6415.50","6421.00"
"Mon Jun 02 2025 14:05:00 GMT+0530 (India Standard Time)","6420.50","6422.00","6411.50","6411.50"
"Mon Jun 02 2025 14:10:00 GMT+0530 (India Standard Time)","6415.00","6416.50","6407.50","6414.00"
"Mon Jun 02 2025 14:15:00 GMT+0530 (India Standard Time)","6414.00","6419.50","6412.50","6419.50"
"Mon Jun 02 2025 14:20:00 GMT+0530 (India Standard Time)","6419.00","6420.00","6413.50","6419.00"
"Mon Jun 02 2025 14:25:00 GMT+0530 (India Standard Time)","6418.50","6420.00","6417.00","6418.00"
"Mon Jun 02 2025 14:30:00 GMT+0530 (India Standard Time)","6418.00","6422.00","6415.00","6417.50"
"Mon Jun 02 2025 14:35:00 GMT+0530 (India Standard Time)","6418.00","6418.50","6410.00","6413.00"
"Mon Jun 02 2025 14:40:00 GMT+0530 (India Standard Time)","6413.50","6414.50","6407.50","6410.00"
"Mon Jun 02 2025 14:45:00 GMT+0530 (India Standard Time)","6408.00","6414.50","6408.00","6414.50"
"Mon Jun 02 2025 14:50:00 GMT+0530 (India Standard Time)","6414.50","6420.50","6410.00","6416.00"
"Mon Jun 02 2025 14:55:00 GMT+0530 (India Standard Time)","6419.00","6420.00","6408.50","6415.50"
"Mon Jun 02 2025 15:00:00 GMT+0530 (India Standard Time)","6415.50","6424.00","6415.50","6423.00"
"Mon Jun 02 2025 15:05:00 GMT+0530 (India Standard Time)","6423.00","6430.00","6420.50","6427.50"
"Mon Jun 02 2025 15:10:00 GMT+0530 (India Standard Time)","6427.50","6430.00","6419.00","6427.50"
"Mon Jun 02 2025 15:15:00 GMT+0530 (India Standard Time)","6428.50","6428.50","6420.00","6420.00"
"Mon Jun 02 2025 15:20:00 GMT+0530 (India Standard Time)","6421.50","6422.00","6412.50","6417.50"
"Mon Jun 02 2025 15:25:00 GMT+0530 (India Standard Time)","6419.50","6420.50","6396.50","6410.50"
"Tue Jun 03 2025 09:15:00 GMT+0530 (India Standard Time)","6417.00","6436.50","6397.00","6413.00"
"Tue Jun 03 2025 09:20:00 GMT+0530 (India Standard Time)","6410.50","6430.00","6408.00","6419.50"
"Tue Jun 03 2025 09:25:00 GMT+0530 (India Standard Time)","6419.50","6427.00","6414.00","6418.00"
"Tue Jun 03 2025 09:30:00 GMT+0530 (India Standard Time)","6414.00","6417.00","6405.00","6409.00"
"Tue Jun 03 2025 09:35:00 GMT+0530 (India Standard Time)","6408.00","6425.00","6404.00","6420.50"
"Tue Jun 03 2025 09:40:00 GMT+0530 (India Standard Time)","6420.00","6423.50","6400.00","6404.50"
"Tue Jun 03 2025 09:45:00 GMT+0530 (India Standard Time)","6404.00","6411.50","6400.50","6409.00"
"Tue Jun 03 2025 09:50:00 GMT+0530 (India Standard Time)","6409.50","6410.50","6390.50","6394.50"
"Tue Jun 03 2025 09:55:00 GMT+0530 (India Standard Time)","6394.50","6404.50","6393.00","6399.50"
"Tue Jun 03 2025 10:00:00 GMT+0530 (India Standard Time)","6399.50","6408.00","6393.00","6407.00"
"Tue Jun 03 2025 10:05:00 GMT+0530 (India Standard Time)","6405.50","6407.00","6397.00","6403.00"
"Tue Jun 03 2025 10:10:00 GMT+0530 (India Standard Time)","6403.00","6407.00","6399.00","6404.50"
"Tue Jun 03 2025 10:15:00 GMT+0530 (India Standard Time)","6403.50","6407.50","6399.00","6403.50"
"Tue Jun 03 2025 10:20:00 GMT+0530 (India Standard Time)","6403.50","6408.00","6403.00","6407.00"
"Tue Jun 03 2025 10:25:00 GMT+0530 (India Standard Time)","6405.00","6410.00","6397.00","6401.50"
"Tue Jun 03 2025 10:30:00 GMT+0530 (India Standard Time)","6400.00","6405.00","6397.00","6400.00"
"Tue Jun 03 2025 10:35:00 GMT+0530 (India Standard Time)","6400.00","6401.00","6371.00","6384.00"
"Tue Jun 03 2025 10:40:00 GMT+0530 (India Standard Time)","6384.00","6390.50","6378.50","6390.00"
"Tue Jun 03 2025 10:45:00 GMT+0530 (India Standard Time)","6390.00","6395.50","6385.50","6390.50"
"Tue Jun 03 2025 10:50:00 GMT+0530 (India Standard Time)","6390.50","6394.50","6388.00","6394.50"
"Tue Jun 03 2025 10:55:00 GMT+0530 (India Standard Time)","6394.50","6394.50","6388.00","6390.00"
"Tue Jun 03 2025 11:00:00 GMT+0530 (India Standard Time)","6390.00","6393.50","6388.00","6391.50"
"Tue Jun 03 2025 11:05:00 GMT+0530 (India Standard Time)","6389.00","6389.00","6378.50","6382.50"
"Tue Jun 03 2025 11:10:00 GMT+0530 (India Standard Time)","6382.50","6383.00","6365.50","6369.00"
"Tue Jun 03 2025 11:15:00 GMT+0530 (India Standard Time)","6369.00","6372.00","6363.00","6371.50"
"Tue Jun 03 2025 11:20:00 GMT+0530 (India Standard Time)","6371.50","6371.50","6360.00","6362.50"
"Tue Jun 03 2025 11:25:00 GMT+0530 (India Standard Time)","6362.50","6375.00","6359.50","6371.50"
"Tue Jun 03 2025 11:30:00 GMT+0530 (India Standard Time)","6371.50","6375.50","6366.00","6373.50"
"Tue Jun 03 2025 11:35:00 GMT+0530 (India Standard Time)","6373.00","6373.00","6361.00","6364.00"
"Tue Jun 03 2025 11:40:00 GMT+0530 (India Standard Time)","6364.00","6370.00","6362.00","6369.50"
"Tue Jun 03 2025 11:45:00 GMT+0530 (India Standard Time)","6369.50","6370.00","6362.50","6369.50"
"Tue Jun 03 2025 11:50:00 GMT+0530 (India Standard Time)","6369.50","6370.50","6364.00","6367.50"
"Tue Jun 03 2025 11:55:00 GMT+0530 (India Standard Time)","6367.50","6389.00","6367.50","6387.00"
"Tue Jun 03 2025 12:00:00 GMT+0530 (India Standard Time)","6387.00","6387.00","6381.00","6386.50"
"Tue Jun 03 2025 12:05:00 GMT+0530 (India Standard Time)","6386.50","6386.50","6382.50","6385.00"
"Tue Jun 03 2025 12:10:00 GMT+0530 (India Standard Time)","6385.00","6392.00","6385.00","6392.00"
"Tue Jun 03 2025 12:15:00 GMT+0530 (India Standard Time)","6391.00","6392.00","6385.00","6388.00"
"Tue Jun 03 2025 12:20:00 GMT+0530 (India Standard Time)","6388.00","6390.00","6385.00","6388.50"
"Tue Jun 03 2025 12:25:00 GMT+0530 (India Standard Time)","6388.00","6389.00","6385.00","6387.00"
"Tue Jun 03 2025 12:30:00 GMT+0530 (India Standard Time)","6388.00","6392.50","6385.00","6392.00"
"Tue Jun 03 2025 12:35:00 GMT+0530 (India Standard Time)","6388.50","6397.50","6387.00","6397.50"
"Tue Jun 03 2025 12:40:00 GMT+0530 (India Standard Time)","6397.50","6402.50","6394.00","6400.00"
"Tue Jun 03 2025 12:45:00 GMT+0530 (India Standard Time)","6400.00","6401.00","6388.00","6389.00"
"Tue Jun 03 2025 12:50:00 GMT+0530 (India Standard Time)","6388.00","6390.00","6380.00","6388.00"
"Tue Jun 03 2025 12:55:00 GMT+0530 (India Standard Time)","6388.00","6391.00","6385.00","6391.00"
"Tue Jun 03 2025 13:00:00 GMT+0530 (India Standard Time)","6391.00","6391.00","6386.00","6391.00"
"Tue Jun 03 2025 13:05:00 GMT+0530 (India Standard Time)","6391.00","6391.00","6381.00","6387.50"
"Tue Jun 03 2025 13:10:00 GMT+0530 (India Standard Time)","6389.50","6391.00","6385.00","6390.00"
"Tue Jun 03 2025 13:15:00 GMT+0530 (India Standard Time)","6389.50","6390.00","6366.00","6384.00"
"Tue Jun 03 2025 13:20:00 GMT+0530 (India Standard Time)","6380.00","6392.00","6378.00","6380.50"
"Tue Jun 03 2025 13:25:00 GMT+0530 (India Standard Time)","6380.50","6384.00","6375.50","6384.00"
"Tue Jun 03 2025 13:30:00 GMT+0530 (India Standard Time)","6383.50","6389.50","6383.00","6389.50"
"Tue Jun 03 2025 13:35:00 GMT+0530 (India Standard Time)","6390.50","6397.50","6385.00","6395.00"
"Tue Jun 03 2025 13:40:00 GMT+0530 (India Standard Time)","6395.00","6397.00","6389.50","6393.50"
"Tue Jun 03 2025 13:45:00 GMT+0530 (India Standard Time)","6394.50","6396.00","6390.00","6392.50"
"Tue Jun 03 2025 13:50:00 GMT+0530 (India Standard Time)","6392.50","6397.00","6390.50","6394.00"
"Tue Jun 03 2025 13:55:00 GMT+0530 (India Standard Time)","6394.00","6396.50","6390.00","6392.50"
"Tue Jun 03 2025 14:00:00 GMT+0530 (India Standard Time)","6394.00","6395.00","6390.00","6393.50"
"Tue Jun 03 2025 14:05:00 GMT+0530 (India Standard Time)","6393.50","6397.50","6391.00","6395.50"
"Tue Jun 03 2025 14:10:00 GMT+0530 (India Standard Time)","6395.50","6400.00","6395.50","6399.50"
"Tue Jun 03 2025 14:15:00 GMT+0530 (India Standard Time)","6399.50","6400.00","6399.00","6400.00"
"Tue Jun 03 2025 14:20:00 GMT+0530 (India Standard Time)","6400.00","6400.00","6392.00","6396.50"
"Tue Jun 03 2025 14:25:00 GMT+0530 (India Standard Time)","6397.00","6398.00","6390.00","6390.00"
"Tue Jun 03 2025 14:30:00 GMT+0530 (India Standard Time)","6390.50","6399.00","6390.00","6399.00"
"Tue Jun 03 2025 14:35:00 GMT+0530 (India Standard Time)","6399.00","6399.00","6392.00","6395.00"
"Tue Jun 03 2025 14:40:00 GMT+0530 (India Standard Time)","6395.00","6398.50","6393.00","6397.00"
"Tue Jun 03 2025 14:45:00 GMT+0530 (India Standard Time)","6397.00","6398.00","6393.00","6397.00"
"Tue Jun 03 2025 14:50:00 GMT+0530 (India Standard Time)","6397.00","6398.00","6392.50","6397.00"
"Tue Jun 03 2025 14:55:00 GMT+0530 (India Standard Time)","6397.00","6397.00","6393.00","6396.50"
"Tue Jun 03 2025 15:00:00 GMT+0530 (India Standard Time)","6396.50","6403.50","6393.00","6400.00"
"Tue Jun 03 2025 15:05:00 GMT+0530 (India Standard Time)","6400.00","6406.50","6399.00","6406.50"
"Tue Jun 03 2025 15:10:00 GMT+0530 (India Standard Time)","6406.00","6416.50","6402.50","6408.00"
"Tue Jun 03 2025 15:15:00 GMT+0530 (India Standard Time)","6408.00","6410.00","6402.50","6402.50"
"Tue Jun 03 2025 15:20:00 GMT+0530 (India Standard Time)","6402.50","6415.00","6402.00","6407.00"
"Tue Jun 03 2025 15:25:00 GMT+0530 (India Standard Time)","6407.50","6420.00","6391.00","6391.00"
"Wed Jun 04 2025 09:15:00 GMT+0530 (India Standard Time)","6418.00","6420.00","6384.50","6408.00"
"Wed Jun 04 2025 09:20:00 GMT+0530 (India Standard Time)","6417.00","6424.50","6401.00","6402.00"
"Wed Jun 04 2025 09:25:00 GMT+0530 (India Standard Time)","6405.00","6423.00","6403.50","6416.00"
"Wed Jun 04 2025 09:30:00 GMT+0530 (India Standard Time)","6410.50","6417.00","6383.00","6389.50"
"Wed Jun 04 2025 09:35:00 GMT+0530 (India Standard Time)","6389.50","6389.50","6380.00","6384.50"
"Wed Jun 04 2025 09:40:00 GMT+0530 (India Standard Time)","6384.00","6385.00","6375.50","6385.00"
"Wed Jun 04 2025 09:45:00 GMT+0530 (India Standard Time)","6385.00","6397.00","6375.50","6382.50"
"Wed Jun 04 2025 09:50:00 GMT+0530 (India Standard Time)","6382.50","6386.00","6374.50","6375.50"
"Wed Jun 04 2025 09:55:00 GMT+0530 (India Standard Time)","6375.50","6384.00","6371.50","6382.50"
"Wed Jun 04 2025 10:00:00 GMT+0530 (India Standard Time)","6390.00","6395.00","6384.00","6389.00"
"Wed Jun 04 2025 10:05:00 GMT+0530 (India Standard Time)","6389.00","6397.50","6384.00","6393.00"
"Wed Jun 04 2025 10:10:00 GMT+0530 (India Standard Time)","6393.00","6398.50","6389.50","6392.00"
"Wed Jun 04 2025 10:15:00 GMT+0530 (India Standard Time)","6392.00","6396.00","6385.50","6392.00"
"Wed Jun 04 2025 10:20:00 GMT+0530 (India Standard Time)","6392.00","6401.50","6392.00","6400.00"
"Wed Jun 04 2025 10:25:00 GMT+0530 (India Standard Time)","6400.00","6401.00","6388.00","6390.00"
"Wed Jun 04 2025 10:30:00 GMT+0530 (India Standard Time)","6390.00","6393.00","6388.50","6393.00"
"Wed Jun 04 2025 10:35:00 GMT+0530 (India Standard Time)","6393.00","6399.50","6379.50","6389.50"
"Wed Jun 04 2025 10:40:00 GMT+0530 (India Standard Time)","6389.50","6397.50","6388.50","6392.00"
"Wed Jun 04 2025 10:45:00 GMT+0530 (India Standard Time)","6391.50","6395.50","6390.00","6393.00"
"Wed Jun 04 2025 10:50:00 GMT+0530 (India Standard Time)","6393.00","6395.50","6388.50","6388.50"
"Wed Jun 04 2025 10:55:00 GMT+0530 (India Standard Time)","6388.50","6392.00","6382.00","6390.50"
"Wed Jun 04 2025 11:00:00 GMT+0530 (India Standard Time)","6390.50","6396.50","6388.00","6396.50"
"Wed Jun 04 2025 11:05:00 GMT+0530 (India Standard Time)","6396.50","6407.50","6396.50","6402.00"
"Wed Jun 04 2025 11:10:00 GMT+0530 (India Standard Time)","6402.00","6408.00","6400.00","6402.00"
"Wed Jun 04 2025 11:15:00 GMT+0530 (India Standard Time)","6402.00","6403.00","6394.00","6395.00"
"Wed Jun 04 2025 11:20:00 GMT+0530 (India Standard Time)","6395.00","6396.00","6382.00","6384.00"
"Wed Jun 04 2025 11:25:00 GMT+0530 (India Standard Time)","6384.00","6384.00","6379.50","6380.50"
"Wed Jun 04 2025 11:30:00 GMT+0530 (India Standard Time)","6380.50","6381.50","6375.50","6378.00"
"Wed Jun 04 2025 11:35:00 GMT+0530 (India Standard Time)","6378.00","6387.00","6376.00","6382.50"
"Wed Jun 04 2025 11:40:00 GMT+0530 (India Standard Time)","6382.50","6404.50","6379.00","6401.00"
"Wed Jun 04 2025 11:45:00 GMT+0530 (India Standard Time)","6401.00","6408.00","6393.50","6405.50"
"Wed Jun 04 2025 11:50:00 GMT+0530 (India Standard Time)","6405.50","6407.00","6398.00","6402.00"
"Wed Jun 04 2025 11:55:00 GMT+0530 (India Standard Time)","6402.00","6415.00","6402.00","6409.00"
"Wed Jun 04 2025 12:00:00 GMT+0530 (India Standard Time)","6409.00","6412.50","6406.50","6410.00"
"Wed Jun 04 2025 12:05:00 GMT+0530 (India Standard Time)","6410.00","6411.50","6402.50","6407.00"
"Wed Jun 04 2025 12:10:00 GMT+0530 (India Standard Time)","6407.00","6414.00","6405.50","6410.50"
"Wed Jun 04 2025 12:15:00 GMT+0530 (India Standard Time)","6410.50","6413.50","6410.50","6411.00"
"Wed Jun 04 2025 12:20:00 GMT+0530 (India Standard Time)","6411.00","6420.00","6409.50","6412.50"
"Wed Jun 04 2025 12:25:00 GMT+0530 (India Standard Time)","6412.50","6412.50","6399.50","6400.00"
"Wed Jun 04 2025 12:30:00 GMT+0530 (India Standard Time)","6400.00","6410.00","6400.00","6408.50"
"Wed Jun 04 2025 12:35:00 GMT+0530 (India Standard Time)","6408.50","6408.50","6400.00","6404.50"
"Wed Jun 04 2025 12:40:00 GMT+0530 (India Standard Time)","6404.50","6405.00","6402.00","6402.50"
"Wed Jun 04 2025 12:45:00 GMT+0530 (India Standard Time)","6402.50","6409.50","6402.00","6407.00"
"Wed Jun 04 2025 12:50:00 GMT+0530 (India Standard Time)","6407.00","6408.00","6404.00","6405.00"
"Wed Jun 04 2025 12:55:00 GMT+0530 (India Standard Time)","6405.00","6411.00","6402.50","6410.50"
"Wed Jun 04 2025 13:00:00 GMT+0530 (India Standard Time)","6411.50","6415.50","6408.00","6412.50"
"Wed Jun 04 2025 13:05:00 GMT+0530 (India Standard Time)","6412.50","6416.00","6410.50","6411.00"
"Wed Jun 04 2025 13:10:00 GMT+0530 (India Standard Time)","6411.00","6415.50","6410.50","6412.00"
"Wed Jun 04 2025 13:15:00 GMT+0530 (India Standard Time)","6412.00","6415.00","6412.00","6413.50"
"Wed Jun 04 2025 13:20:00 GMT+0530 (India Standard Time)","6413.50","6414.00","6410.00","6412.50"
"Wed Jun 04 2025 13:25:00 GMT+0530 (India Standard Time)","6412.50","6414.00","6408.50","6413.50"
"Wed Jun 04 2025 13:30:00 GMT+0530 (India Standard Time)","6413.50","6414.00","6407.00","6409.50"
"Wed Jun 04 2025 13:35:00 GMT+0530 (India Standard Time)","6409.50","6410.00","6404.00","6404.00"
"Wed Jun 04 2025 13:40:00 GMT+0530 (India Standard Time)","6404.00","6408.50","6404.00","6405.00"
"Wed Jun 04 2025 13:45:00 GMT+0530 (India Standard Time)","6402.00","6405.50","6401.00","6405.50"
"Wed Jun 04 2025 13:50:00 GMT+0530 (India Standard Time)","6405.50","6412.00","6405.50","6409.00"
"Wed Jun 04 2025 13:55:00 GMT+0530 (India Standard Time)","6409.00","6409.00","6406.50","6409.00"
"Wed Jun 04 2025 14:00:00 GMT+0530 (India Standard Time)","6409.00","6417.00","6409.00","6411.50"
"Wed Jun 04 2025 14:05:00 GMT+0530 (India Standard Time)","6411.50","6416.50","6411.50","6415.00"
"Wed Jun 04 2025 14:10:00 GMT+0530 (India Standard Time)","6415.00","6418.00","6410.00","6413.00"
"Wed Jun 04 2025 14:15:00 GMT+0530 (India Standard Time)","6410.50","6415.50","6410.00","6410.00"
"Wed Jun 04 2025 14:20:00 GMT+0530 (India Standard Time)","6411.00","6417.00","6410.00","6413.00"
"Wed Jun 04 2025 14:25:00 GMT+0530 (India Standard Time)","6410.50","6413.00","6407.00","6408.50"
"Wed Jun 04 2025 14:30:00 GMT+0530 (India Standard Time)","6409.00","6418.00","6409.00","6414.00"
"Wed Jun 04 2025 14:35:00 GMT+0530 (India Standard Time)","6414.00","6417.00","6409.00","6410.00"
"Wed Jun 04 2025 14:40:00 GMT+0530 (India Standard Time)","6410.00","6420.00","6410.00","6420.00"
"Wed Jun 04 2025 14:45:00 GMT+0530 (India Standard Time)","6415.50","6419.00","6414.00","6414.50"
"Wed Jun 04 2025 14:50:00 GMT+0530 (India Standard Time)","6414.50","6420.00","6413.50","6418.00"
"Wed Jun 04 2025 14:55:00 GMT+0530 (India Standard Time)","6415.00","6435.00","6414.00","6427.50"
"Wed Jun 04 2025 15:00:00 GMT+0530 (India Standard Time)","6427.50","6450.00","6427.50","6449.50"
"Wed Jun 04 2025 15:05:00 GMT+0530 (India Standard Time)","6449.50","6464.00","6446.50","6460.00"
"Wed Jun 04 2025 15:10:00 GMT+0530 (India Standard Time)","6459.50","6459.50","6446.00","6447.00"
"Wed Jun 04 2025 15:15:00 GMT+0530 (India Standard Time)","6446.00","6450.00","6445.00","6449.00"
"Wed Jun 04 2025 15:20:00 GMT+0530 (India Standard Time)","6450.00","6450.00","6433.00","6443.00"
"Wed Jun 04 2025 15:25:00 GMT+0530 (India Standard Time)","6438.00","6447.00","6432.50","6432.50"
"Thu Jun 05 2025 09:15:00 GMT+0530 (India Standard Time)","6467.00","6475.50","6446.00","6457.50"
"Thu Jun 05 2025 09:20:00 GMT+0530 (India Standard Time)","6457.50","6469.00","6450.00","6463.00"
"Thu Jun 05 2025 09:25:00 GMT+0530 (India Standard Time)","6462.50","6465.50","6455.00","6461.00"
"Thu Jun 05 2025 09:30:00 GMT+0530 (India Standard Time)","6460.00","6461.00","6451.50","6458.00"
"Thu Jun 05 2025 09:35:00 GMT+0530 (India Standard Time)","6458.00","6468.00","6458.00","6463.00"
"Thu Jun 05 2025 09:40:00 GMT+0530 (India Standard Time)","6460.50","6464.00","6450.00","6455.00"
"Thu Jun 05 2025 09:45:00 GMT+0530 (India Standard Time)","6455.00","6457.00","6450.00","6457.00"
"Thu Jun 05 2025 09:50:00 GMT+0530 (India Standard Time)","6455.00","6460.00","6453.50","6455.00"
"Thu Jun 05 2025 09:55:00 GMT+0530 (India Standard Time)","6454.00","6458.00","6450.00","6454.50"
"Thu Jun 05 2025 10:00:00 GMT+0530 (India Standard Time)","6454.50","6462.00","6454.00","6461.00"
"Thu Jun 05 2025 10:05:00 GMT+0530 (India Standard Time)","6461.00","6464.00","6455.50","6456.00"
"Thu Jun 05 2025 10:10:00 GMT+0530 (India Standard Time)","6456.00","6463.50","6456.00","6461.00"
"Thu Jun 05 2025 10:15:00 GMT+0530 (India Standard Time)","6458.00","6466.50","6458.00","6462.00"
"Thu Jun 05 2025 10:20:00 GMT+0530 (India Standard Time)","6462.00","6464.50","6459.00","6461.00"
"Thu Jun 05 2025 10:25:00 GMT+0530 (India Standard Time)","6461.00","6468.00","6461.00","6463.00"
"Thu Jun 05 2025 10:30:00 GMT+0530 (India Standard Time)","6463.00","6469.50","6459.00","6459.00"
"Thu Jun 05 2025 10:35:00 GMT+0530 (India Standard Time)","6456.00","6456.50","6450.50","6456.00"
"Thu Jun 05 2025 10:40:00 GMT+0530 (India Standard Time)","6456.00","6461.00","6453.00","6456.00"
"Thu Jun 05 2025 10:45:00 GMT+0530 (India Standard Time)","6456.00","6458.50","6455.00","6455.00"
"Thu Jun 05 2025 10:50:00 GMT+0530 (India Standard Time)","6455.00","6470.00","6454.50","6465.00"
"Thu Jun 05 2025 10:55:00 GMT+0530 (India Standard Time)","6465.00","6468.00","6462.00","6467.50"
"Thu Jun 05 2025 11:00:00 GMT+0530 (India Standard Time)","6467.50","6485.00","6464.50","6481.00"
"Thu Jun 05 2025 11:05:00 GMT+0530 (India Standard Time)","6485.00","6485.00","6470.00","6476.50"
"Thu Jun 05 2025 11:10:00 GMT+0530 (India Standard Time)","6476.50","6479.00","6474.00","6474.00"
"Thu Jun 05 2025 11:15:00 GMT+0530 (India Standard Time)","6474.50","6485.00","6474.00","6485.00"
"Thu Jun 05 2025 11:20:00 GMT+0530 (India Standard Time)","6485.00","6494.00","6472.50","6472.50"
"Thu Jun 05 2025 11:25:00 GMT+0530 (India Standard Time)","6472.50","6475.00","6462.00","6468.00"
"Thu Jun 05 2025 11:30:00 GMT+0530 (India Standard Time)","6468.00","6470.50","6463.50","6470.50"
"Thu Jun 05 2025 11:35:00 GMT+0530 (India Standard Time)","6470.50","6470.50","6463.50","6465.50"
"Thu Jun 05 2025 11:40:00 GMT+0530 (India Standard Time)","6465.50","6471.50","6464.50","6467.50"
"Thu Jun 05 2025 11:45:00 GMT+0530 (India Standard Time)","6467.50","6467.50","6459.00","6462.50"
"Thu Jun 05 2025 11:50:00 GMT+0530 (India Standard Time)","6462.50","6470.00","6462.50","6466.50"
"Thu Jun 05 2025 11:55:00 GMT+0530 (India Standard Time)","6466.50","6470.00","6466.00","6469.00"
"Thu Jun 05 2025 12:00:00 GMT+0530 (India Standard Time)","6469.00","6482.50","6466.50","6478.00"
"Thu Jun 05 2025 12:05:00 GMT+0530 (India Standard Time)","6478.00","6485.50","6478.00","6481.00"
"Thu Jun 05 2025 12:10:00 GMT+0530 (India Standard Time)","6481.00","6485.50","6481.00","6481.50"
"Thu Jun 05 2025 12:15:00 GMT+0530 (India Standard Time)","6481.50","6484.00","6476.00","6476.00"
"Thu Jun 05 2025 12:20:00 GMT+0530 (India Standard Time)","6476.00","6485.50","6476.00","6483.50"
"Thu Jun 05 2025 12:25:00 GMT+0530 (India Standard Time)","6483.50","6487.00","6477.00","6480.50"
"Thu Jun 05 2025 12:30:00 GMT+0530 (India Standard Time)","6481.00","6482.00","6473.00","6473.50"
"Thu Jun 05 2025 12:35:00 GMT+0530 (India Standard Time)","6473.50","6476.50","6470.50","6470.50"
"Thu Jun 05 2025 12:40:00 GMT+0530 (India Standard Time)","6470.50","6475.50","6470.50","6472.00"
"Thu Jun 05 2025 12:45:00 GMT+0530 (India Standard Time)","6472.00","6476.00","6471.00","6474.50"
"Thu Jun 05 2025 12:50:00 GMT+0530 (India Standard Time)","6474.00","6479.50","6471.00","6476.50"
"Thu Jun 05 2025 12:55:00 GMT+0530 (India Standard Time)","6479.00","6484.00","6473.50","6473.50"
"Thu Jun 05 2025 13:00:00 GMT+0530 (India Standard Time)","6473.50","6479.00","6471.00","6477.00"
"Thu Jun 05 2025 13:05:00 GMT+0530 (India Standard Time)","6477.00","6477.50","6473.50","6474.00"
"Thu Jun 05 2025 13:10:00 GMT+0530 (India Standard Time)","6474.00","6475.50","6470.00","6470.00"
"Thu Jun 05 2025 13:15:00 GMT+0530 (India Standard Time)","6470.00","6473.50","6470.00","6473.00"
"Thu Jun 05 2025 13:20:00 GMT+0530 (India Standard Time)","6473.00","6473.00","6472.00","6472.00"
"Thu Jun 05 2025 13:25:00 GMT+0530 (India Standard Time)","6472.00","6475.00","6472.00","6474.00"
"Thu Jun 05 2025 13:30:00 GMT+0530 (India Standard Time)","6474.00","6474.00","6462.50","6470.00"
"Thu Jun 05 2025 13:35:00 GMT+0530 (India Standard Time)","6470.00","6473.00","6464.00","6470.50"
"Thu Jun 05 2025 13:40:00 GMT+0530 (India Standard Time)","6470.00","6473.00","6464.50","6466.00"
"Thu Jun 05 2025 13:45:00 GMT+0530 (India Standard Time)","6466.00","6468.50","6463.00","6466.00"
"Thu Jun 05 2025 13:50:00 GMT+0530 (India Standard Time)","6466.00","6466.00","6460.00","6462.00"
"Thu Jun 05 2025 13:55:00 GMT+0530 (India Standard Time)","6462.00","6464.00","6460.00","6460.00"
"Thu Jun 05 2025 14:00:00 GMT+0530 (India Standard Time)","6462.00","6464.00","6460.00","6462.00"
"Thu Jun 05 2025 14:05:00 GMT+0530 (India Standard Time)","6462.00","6463.00","6460.00","6461.00"
"Thu Jun 05 2025 14:10:00 GMT+0530 (India Standard Time)","6462.00","6465.00","6461.00","6465.00"
"Thu Jun 05 2025 14:15:00 GMT+0530 (India Standard Time)","6465.00","6465.00","6450.00","6453.50"
"Thu Jun 05 2025 14:20:00 GMT+0530 (India Standard Time)","6453.50","6467.00","6453.00","6462.00"
"Thu Jun 05 2025 14:25:00 GMT+0530 (India Standard Time)","6462.00","6466.00","6461.50","6462.50"
"Thu Jun 05 2025 14:30:00 GMT+0530 (India Standard Time)","6464.00","6465.00","6460.00","6461.50"
"Thu Jun 05 2025 14:35:00 GMT+0530 (India Standard Time)","6461.50","6466.50","6460.00","6466.00"
"Thu Jun 05 2025 14:40:00 GMT+0530 (India Standard Time)","6466.00","6467.00","6461.50","6462.50"
"Thu Jun 05 2025 14:45:00 GMT+0530 (India Standard Time)","6462.50","6469.50","6462.00","6468.00"
"Thu Jun 05 2025 14:50:00 GMT+0530 (India Standard Time)","6466.00","6473.00","6466.00","6470.00"
"Thu Jun 05 2025 14:55:00 GMT+0530 (India Standard Time)","6470.00","6473.00","6466.00","6466.00"
"Thu Jun 05 2025 15:00:00 GMT+0530 (India Standard Time)","6468.00","6489.50","6468.00","6485.00"
"Thu Jun 05 2025 15:05:00 GMT+0530 (India Standard Time)","6489.50","6490.00","6485.00","6490.00"
"Thu Jun 05 2025 15:10:00 GMT+0530 (India Standard Time)","6490.00","6498.00","6488.00","6495.50"
"Thu Jun 05 2025 15:15:00 GMT+0530 (India Standard Time)","6491.50","6499.50","6491.50","6499.50"
"Thu Jun 05 2025 15:20:00 GMT+0530 (India Standard Time)","6500.00","6500.00","6484.00","6496.50"
"Thu Jun 05 2025 15:25:00 GMT+0530 (India Standard Time)","6496.50","6496.50","6488.00","6488.00"
"Fri Jun 06 2025 09:15:00 GMT+0530 (India Standard Time)","6520.00","6520.00","6482.50","6505.00"
"Fri Jun 06 2025 09:20:00 GMT+0530 (India Standard Time)","6505.50","6515.00","6491.00","6504.00"
"Fri Jun 06 2025 09:25:00 GMT+0530 (India Standard Time)","6504.00","6506.50","6486.00","6487.00"
"Fri Jun 06 2025 09:30:00 GMT+0530 (India Standard Time)","6487.00","6490.50","6474.00","6480.00"
"Fri Jun 06 2025 09:35:00 GMT+0530 (India Standard Time)","6480.00","6487.00","6471.00","6477.00"
"Fri Jun 06 2025 09:40:00 GMT+0530 (India Standard Time)","6477.00","6492.00","6475.00","6484.00"
"Fri Jun 06 2025 09:45:00 GMT+0530 (India Standard Time)","6484.00","6495.00","6484.00","6492.50"
"Fri Jun 06 2025 09:50:00 GMT+0530 (India Standard Time)","6494.50","6498.00","6492.00","6494.00"
"Fri Jun 06 2025 09:55:00 GMT+0530 (India Standard Time)","6494.00","6502.00","6492.00","6500.00"
"Fri Jun 06 2025 10:00:00 GMT+0530 (India Standard Time)","6500.00","6500.00","6485.00","6491.50"
"Fri Jun 06 2025 10:05:00 GMT+0530 (India Standard Time)","6491.50","6518.00","6486.50","6510.00"
"Fri Jun 06 2025 10:10:00 GMT+0530 (India Standard Time)","6511.50","6511.50","6494.00","6500.00"
"Fri Jun 06 2025 10:15:00 GMT+0530 (India Standard Time)","6500.00","6505.00","6495.00","6496.50"
"Fri Jun 06 2025 10:20:00 GMT+0530 (India Standard Time)","6496.50","6505.00","6495.00","6501.50"
"Fri Jun 06 2025 10:25:00 GMT+0530 (India Standard Time)","6501.50","6508.50","6500.50","6505.00"
"Fri Jun 06 2025 10:30:00 GMT+0530 (India Standard Time)","6508.50","6509.00","6501.50","6505.50"
"Fri Jun 06 2025 10:35:00 GMT+0530 (India Standard Time)","6505.50","6505.50","6491.00","6491.50"
"Fri Jun 06 2025 10:40:00 GMT+0530 (India Standard Time)","6491.50","6502.50","6491.00","6497.50"
"Fri Jun 06 2025 10:45:00 GMT+0530 (India Standard Time)","6497.50","6500.00","6492.50","6495.50"
"Fri Jun 06 2025 10:50:00 GMT+0530 (India Standard Time)","6495.00","6496.50","6490.50","6495.00"
"Fri Jun 06 2025 10:55:00 GMT+0530 (India Standard Time)","6495.00","6495.00","6490.00","6494.50"
"Fri Jun 06 2025 11:00:00 GMT+0530 (India Standard Time)","6495.00","6498.00","6487.00","6488.00"
"Fri Jun 06 2025 11:05:00 GMT+0530 (India Standard Time)","6488.00","6490.00","6478.50","6478.50"
"Fri Jun 06 2025 11:10:00 GMT+0530 (India Standard Time)","6478.50","6490.00","6478.50","6489.50"
"Fri Jun 06 2025 11:15:00 GMT+0530 (India Standard Time)","6489.50","6491.50","6485.00","6489.50"
"Fri Jun 06 2025 11:20:00 GMT+0530 (India Standard Time)","6488.00","6491.00","6484.00","6486.00"
"Fri Jun 06 2025 11:25:00 GMT+0530 (India Standard Time)","6486.00","6486.00","6475.00","6477.00"
"Fri Jun 06 2025 11:30:00 GMT+0530 (India Standard Time)","6477.00","6481.50","6468.00","6469.00"
"Fri Jun 06 2025 11:35:00 GMT+0530 (India Standard Time)","6468.00","6472.50","6466.00","6469.00"
"Fri Jun 06 2025 11:40:00 GMT+0530 (India Standard Time)","6469.00","6472.50","6466.00","6468.00"
"Fri Jun 06 2025 11:45:00 GMT+0530 (India Standard Time)","6469.00","6471.50","6466.00","6466.00"
"Fri Jun 06 2025 11:50:00 GMT+0530 (India Standard Time)","6466.00","6472.00","6463.00","6470.50"
"Fri Jun 06 2025 11:55:00 GMT+0530 (India Standard Time)","6470.50","6479.50","6469.50","6477.00"
"Fri Jun 06 2025 12:00:00 GMT+0530 (India Standard Time)","6477.00","6479.00","6469.00","6475.00"
"Fri Jun 06 2025 12:05:00 GMT+0530 (India Standard Time)","6473.00","6475.00","6466.50","6470.00"
"Fri Jun 06 2025 12:10:00 GMT+0530 (India Standard Time)","6470.00","6470.00","6460.50","6462.00"
"Fri Jun 06 2025 12:15:00 GMT+0530 (India Standard Time)","6464.00","6464.00","6451.50","6451.50"
"Fri Jun 06 2025 12:20:00 GMT+0530 (India Standard Time)","6451.50","6453.50","6430.50","6450.00"
"Fri Jun 06 2025 12:25:00 GMT+0530 (India Standard Time)","6450.00","6457.50","6450.00","6455.00"
"Fri Jun 06 2025 12:30:00 GMT+0530 (India Standard Time)","6455.00","6459.00","6454.00","6454.00"
"Fri Jun 06 2025 12:35:00 GMT+0530 (India Standard Time)","6454.00","6460.00","6452.50","6454.00"
"Fri Jun 06 2025 12:40:00 GMT+0530 (India Standard Time)","6454.00","6455.50","6450.00","6455.50"
"Fri Jun 06 2025 12:45:00 GMT+0530 (India Standard Time)","6455.50","6457.00","6451.50","6453.00"
"Fri Jun 06 2025 12:50:00 GMT+0530 (India Standard Time)","6453.00","6455.00","6450.00","6452.00"
"Fri Jun 06 2025 12:55:00 GMT+0530 (India Standard Time)","6452.00","6458.50","6448.50","6451.00"
"Fri Jun 06 2025 13:00:00 GMT+0530 (India Standard Time)","6451.00","6451.00","6447.00","6448.00"
"Fri Jun 06 2025 13:05:00 GMT+0530 (India Standard Time)","6450.00","6462.00","6450.00","6460.50"
"Fri Jun 06 2025 13:10:00 GMT+0530 (India Standard Time)","6460.50","6463.00","6456.00","6459.50"
"Fri Jun 06 2025 13:15:00 GMT+0530 (India Standard Time)","6459.50","6461.00","6453.50","6457.00"
"Fri Jun 06 2025 13:20:00 GMT+0530 (India Standard Time)","6460.00","6468.50","6457.00","6466.00"
"Fri Jun 06 2025 13:25:00 GMT+0530 (India Standard Time)","6466.00","6468.00","6459.00","6461.00"
"Fri Jun 06 2025 13:30:00 GMT+0530 (India Standard Time)","6461.00","6465.00","6459.50","6463.00"
"Fri Jun 06 2025 13:35:00 GMT+0530 (India Standard Time)","6463.00","6471.50","6463.00","6468.00"
"Fri Jun 06 2025 13:40:00 GMT+0530 (India Standard Time)","6468.00","6471.50","6464.00","6467.00"
"Fri Jun 06 2025 13:45:00 GMT+0530 (India Standard Time)","6467.00","6467.00","6454.50","6454.50"
"Fri Jun 06 2025 13:50:00 GMT+0530 (India Standard Time)","6454.50","6460.50","6454.50","6457.00"
"Fri Jun 06 2025 13:55:00 GMT+0530 (India Standard Time)","6457.00","6460.00","6452.50","6455.00"
"Fri Jun 06 2025 14:00:00 GMT+0530 (India Standard Time)","6455.00","6455.00","6451.50","6455.00"
"Fri Jun 06 2025 14:05:00 GMT+0530 (India Standard Time)","6455.00","6455.50","6451.50","6451.50"
"Fri Jun 06 2025 14:10:00 GMT+0530 (India Standard Time)","6451.50","6455.00","6451.50","6452.00"
"Fri Jun 06 2025 14:15:00 GMT+0530 (India Standard Time)","6452.50","6456.50","6451.50","6455.50"
"Fri Jun 06 2025 14:20:00 GMT+0530 (India Standard Time)","6459.00","6469.50","6456.00","6467.50"
"Fri Jun 06 2025 14:25:00 GMT+0530 (India Standard Time)","6467.50","6472.50","6464.00","6471.00"
"Fri Jun 06 2025 14:30:00 GMT+0530 (India Standard Time)","6468.00","6471.50","6466.00","6468.00"
"Fri Jun 06 2025 14:35:00 GMT+0530 (India Standard Time)","6468.00","6468.00","6460.00","6465.00"
"Fri Jun 06 2025 14:40:00 GMT+0530 (India Standard Time)","6465.00","6466.00","6461.00","6461.00"
"Fri Jun 06 2025 14:45:00 GMT+0530 (India Standard Time)","6462.00","6463.50","6460.00","6460.50"
"Fri Jun 06 2025 14:50:00 GMT+0530 (India Standard Time)","6460.50","6462.50","6454.00","6458.00"
"Fri Jun 06 2025 14:55:00 GMT+0530 (India Standard Time)","6458.00","6464.00","6454.00","6461.50"
"Fri Jun 06 2025 15:00:00 GMT+0530 (India Standard Time)","6460.00","6469.00","6460.00","6469.00"
"Fri Jun 06 2025 15:05:00 GMT+0530 (India Standard Time)","6466.00","6472.00","6464.50","6471.50"
"Fri Jun 06 2025 15:10:00 GMT+0530 (India Standard Time)","6471.50","6488.00","6471.50","6484.00"
"Fri Jun 06 2025 15:15:00 GMT+0530 (India Standard Time)","6485.00","6488.00","6470.50","6470.50"
"Fri Jun 06 2025 15:20:00 GMT+0530 (India Standard Time)","6474.50","6474.50","6463.00","6468.00"
"Fri Jun 06 2025 15:25:00 GMT+0530 (India Standard Time)","6468.00","6474.50","6465.50","6474.00"
"Mon Jun 09 2025 09:15:00 GMT+0530 (India Standard Time)","6505.50","6532.00","6500.00","6518.00"
"Mon Jun 09 2025 09:20:00 GMT+0530 (India Standard Time)","6522.00","6564.50","6520.00","6537.50"
"Mon Jun 09 2025 09:25:00 GMT+0530 (India Standard Time)","6538.00","6555.50","6535.00","6536.00"
"Mon Jun 09 2025 09:30:00 GMT+0530 (India Standard Time)","6535.00","6554.00","6532.00","6547.00"
"Mon Jun 09 2025 09:35:00 GMT+0530 (India Standard Time)","6547.00","6547.50","6536.00","6539.00"
"Mon Jun 09 2025 09:40:00 GMT+0530 (India Standard Time)","6539.00","6546.00","6525.00","6545.00"
"Mon Jun 09 2025 09:45:00 GMT+0530 (India Standard Time)","6545.00","6547.00","6540.00","6541.00"
"Mon Jun 09 2025 09:50:00 GMT+0530 (India Standard Time)","6541.00","6544.00","6533.00","6535.50"
"Mon Jun 09 2025 09:55:00 GMT+0530 (India Standard Time)","6535.50","6547.50","6534.50","6543.50"
"Mon Jun 09 2025 10:00:00 GMT+0530 (India Standard Time)","6543.50","6554.50","6541.50","6551.50"
"Mon Jun 09 2025 10:05:00 GMT+0530 (India Standard Time)","6551.00","6555.00","6546.00","6550.00"
"Mon Jun 09 2025 10:10:00 GMT+0530 (India Standard Time)","6552.50","6555.00","6545.00","6551.50"
"Mon Jun 09 2025 10:15:00 GMT+0530 (India Standard Time)","6551.50","6552.00","6545.50","6546.50"
"Mon Jun 09 2025 10:20:00 GMT+0530 (India Standard Time)","6546.50","6550.00","6546.00","6549.50"
"Mon Jun 09 2025 10:25:00 GMT+0530 (India Standard Time)","6550.00","6552.00","6544.00","6544.50"
"Mon Jun 09 2025 10:30:00 GMT+0530 (India Standard Time)","6544.50","6551.50","6544.50","6545.00"
"Mon Jun 09 2025 10:35:00 GMT+0530 (India Standard Time)","6545.00","6548.50","6540.00","6548.50"
"Mon Jun 09 2025 10:40:00 GMT+0530 (India Standard Time)","6548.50","6548.50","6540.00","6547.00"
"Mon Jun 09 2025 10:45:00 GMT+0530 (India Standard Time)","6547.00","6547.50","6542.00","6542.50"
"Mon Jun 09 2025 10:50:00 GMT+0530 (India Standard Time)","6545.00","6545.00","6531.50","6535.00"
"Mon Jun 09 2025 10:55:00 GMT+0530 (India Standard Time)","6535.00","6535.50","6525.00","6527.00"
"Mon Jun 09 2025 11:00:00 GMT+0530 (India Standard Time)","6528.00","6536.50","6526.00","6532.50"
"Mon Jun 09 2025 11:05:00 GMT+0530 (India Standard Time)","6532.50","6539.50","6532.00","6536.00"
"Mon Jun 09 2025 11:10:00 GMT+0530 (India Standard Time)","6536.00","6540.00","6534.00","6538.00"
"Mon Jun 09 2025 11:15:00 GMT+0530 (India Standard Time)","6538.00","6542.00","6536.00","6542.00"
"Mon Jun 09 2025 11:20:00 GMT+0530 (India Standard Time)","6540.50","6544.00","6533.00","6536.00"
"Mon Jun 09 2025 11:25:00 GMT+0530 (India Standard Time)","6536.00","6541.50","6533.50","6537.00"
"Mon Jun 09 2025 11:30:00 GMT+0530 (India Standard Time)","6536.50","6548.00","6536.50","6543.50"
"Mon Jun 09 2025 11:35:00 GMT+0530 (India Standard Time)","6543.50","6553.50","6543.00","6553.50"
"Mon Jun 09 2025 11:40:00 GMT+0530 (India Standard Time)","6553.50","6559.00","6550.00","6552.00"
"Mon Jun 09 2025 11:45:00 GMT+0530 (India Standard Time)","6552.00","6555.50","6550.00","6552.00"
"Mon Jun 09 2025 11:50:00 GMT+0530 (India Standard Time)","6553.00","6555.00","6550.00","6552.00"
"Mon Jun 09 2025 11:55:00 GMT+0530 (India Standard Time)","6552.00","6582.00","6549.00","6574.00"
"Mon Jun 09 2025 12:00:00 GMT+0530 (India Standard Time)","6574.00","6588.00","6570.00","6585.00"
"Mon Jun 09 2025 12:05:00 GMT+0530 (India Standard Time)","6585.00","6585.00","6575.50","6576.00"
"Mon Jun 09 2025 12:10:00 GMT+0530 (India Standard Time)","6576.00","6576.00","6570.00","6572.50"
"Mon Jun 09 2025 12:15:00 GMT+0530 (India Standard Time)","6572.50","6580.00","6572.00","6575.50"
"Mon Jun 09 2025 12:20:00 GMT+0530 (India Standard Time)","6575.50","6575.50","6559.50","6562.00"
"Mon Jun 09 2025 12:25:00 GMT+0530 (India Standard Time)","6560.00","6565.50","6559.00","6564.50"
"Mon Jun 09 2025 12:30:00 GMT+0530 (India Standard Time)","6564.50","6574.00","6563.50","6570.00"
"Mon Jun 09 2025 12:35:00 GMT+0530 (India Standard Time)","6570.00","6575.00","6570.00","6570.50"
"Mon Jun 09 2025 12:40:00 GMT+0530 (India Standard Time)","6570.50","6588.50","6570.50","6585.00"
"Mon Jun 09 2025 12:45:00 GMT+0530 (India Standard Time)","6585.00","6612.50","6585.00","6601.50"
"Mon Jun 09 2025 12:50:00 GMT+0530 (India Standard Time)","6601.50","6611.00","6601.50","6608.00"
"Mon Jun 09 2025 12:55:00 GMT+0530 (India Standard Time)","6608.00","6612.00","6605.00","6606.50"
"Mon Jun 09 2025 13:00:00 GMT+0530 (India Standard Time)","6606.50","6620.00","6602.50","6616.00"
"Mon Jun 09 2025 13:05:00 GMT+0530 (India Standard Time)","6616.00","6618.50","6600.00","6601.50"
"Mon Jun 09 2025 13:10:00 GMT+0530 (India Standard Time)","6601.50","6613.00","6596.00","6611.00"
"Mon Jun 09 2025 13:15:00 GMT+0530 (India Standard Time)","6611.00","6626.00","6608.50","6625.50"
"Mon Jun 09 2025 13:20:00 GMT+0530 (India Standard Time)","6625.50","6625.50","6616.00","6620.50"
"Mon Jun 09 2025 13:25:00 GMT+0530 (India Standard Time)","6620.50","6630.00","6617.00","6623.50"
"Mon Jun 09 2025 13:30:00 GMT+0530 (India Standard Time)","6623.50","6630.00","6616.00","6618.00"
"Mon Jun 09 2025 13:35:00 GMT+0530 (India Standard Time)","6620.00","6625.50","6616.50","6621.00"
"Mon Jun 09 2025 13:40:00 GMT+0530 (India Standard Time)","6621.00","6625.00","6614.50","6622.00"
"Mon Jun 09 2025 13:45:00 GMT+0530 (India Standard Time)","6624.50","6629.50","6621.00","6628.50"
"Mon Jun 09 2025 13:50:00 GMT+0530 (India Standard Time)","6628.50","6640.00","6627.50","6628.00"
"Mon Jun 09 2025 13:55:00 GMT+0530 (India Standard Time)","6629.50","6630.00","6625.00","6629.00"
"Mon Jun 09 2025 14:00:00 GMT+0530 (India Standard Time)","6627.00","6635.00","6625.00","6634.50"
"Mon Jun 09 2025 14:05:00 GMT+0530 (India Standard Time)","6635.00","6635.00","6625.00","6628.50"
"Mon Jun 09 2025 14:10:00 GMT+0530 (India Standard Time)","6627.50","6643.00","6625.50","6637.50"
"Mon Jun 09 2025 14:15:00 GMT+0530 (India Standard Time)","6638.00","6638.00","6625.00","6628.00"
"Mon Jun 09 2025 14:20:00 GMT+0530 (India Standard Time)","6628.00","6630.50","6622.00","6623.00"
"Mon Jun 09 2025 14:25:00 GMT+0530 (India Standard Time)","6623.00","6623.00","6610.00","6618.00"
"Mon Jun 09 2025 14:30:00 GMT+0530 (India Standard Time)","6616.50","6622.50","6616.50","6618.50"
"Mon Jun 09 2025 14:35:00 GMT+0530 (India Standard Time)","6619.00","6624.00","6618.00","6618.00"
"Mon Jun 09 2025 14:40:00 GMT+0530 (India Standard Time)","6618.50","6625.00","6618.00","6620.00"
"Mon Jun 09 2025 14:45:00 GMT+0530 (India Standard Time)","6620.00","6625.00","6617.50","6625.00"
"Mon Jun 09 2025 14:50:00 GMT+0530 (India Standard Time)","6625.00","6635.00","6623.00","6632.50"
"Mon Jun 09 2025 14:55:00 GMT+0530 (India Standard Time)","6632.50","6637.50","6630.00","6636.00"
"Mon Jun 09 2025 15:00:00 GMT+0530 (India Standard Time)","6636.00","6637.50","6610.50","6619.00"
"Mon Jun 09 2025 15:05:00 GMT+0530 (India Standard Time)","6619.00","6632.50","6618.00","6627.00"
"Mon Jun 09 2025 15:10:00 GMT+0530 (India Standard Time)","6628.00","6639.50","6626.50","6637.00"
"Mon Jun 09 2025 15:15:00 GMT+0530 (India Standard Time)","6637.50","6640.00","6630.00","6633.50"
"Mon Jun 09 2025 15:20:00 GMT+0530 (India Standard Time)","6633.00","6637.00","6631.00","6635.00"
"Mon Jun 09 2025 15:25:00 GMT+0530 (India Standard Time)","6633.00","6635.00","6625.00","6631.00"
"Tue Jun 10 2025 09:15:00 GMT+0530 (India Standard Time)","6680.00","6720.00","6657.50","6675.00"
"Tue Jun 10 2025 09:20:00 GMT+0530 (India Standard Time)","6670.50","6697.00","6666.00","6696.00"
"Tue Jun 10 2025 09:25:00 GMT+0530 (India Standard Time)","6696.50","6700.00","6680.00","6680.00"
"Tue Jun 10 2025 09:30:00 GMT+0530 (India Standard Time)","6675.00","6683.50","6651.50","6683.50"
"Tue Jun 10 2025 09:35:00 GMT+0530 (India Standard Time)","6680.50","6699.50","6675.00","6697.00"
"Tue Jun 10 2025 09:40:00 GMT+0530 (India Standard Time)","6695.00","6717.00","6690.00","6705.00"
"Tue Jun 10 2025 09:45:00 GMT+0530 (India Standard Time)","6705.00","6731.00","6701.50","6709.00"
"Tue Jun 10 2025 09:50:00 GMT+0530 (India Standard Time)","6705.00","6714.00","6694.50","6709.50"
"Tue Jun 10 2025 09:55:00 GMT+0530 (India Standard Time)","6712.00","6713.00","6698.00","6701.00"
"Tue Jun 10 2025 10:00:00 GMT+0530 (India Standard Time)","6701.00","6705.00","6690.50","6702.00"
"Tue Jun 10 2025 10:05:00 GMT+0530 (India Standard Time)","6702.00","6713.50","6699.00","6713.00"
"Tue Jun 10 2025 10:10:00 GMT+0530 (India Standard Time)","6713.00","6718.00","6705.00","6717.50"
"Tue Jun 10 2025 10:15:00 GMT+0530 (India Standard Time)","6717.00","6721.00","6709.00","6721.00"
"Tue Jun 10 2025 10:20:00 GMT+0530 (India Standard Time)","6718.00","6728.00","6715.50","6725.00"
"Tue Jun 10 2025 10:25:00 GMT+0530 (India Standard Time)","6725.00","6727.00","6715.00","6716.50"
"Tue Jun 10 2025 10:30:00 GMT+0530 (India Standard Time)","6717.00","6717.00","6704.00","6709.00"
"Tue Jun 10 2025 10:35:00 GMT+0530 (India Standard Time)","6709.00","6718.50","6705.00","6717.00"
"Tue Jun 10 2025 10:40:00 GMT+0530 (India Standard Time)","6717.00","6722.00","6714.50","6717.00"
"Tue Jun 10 2025 10:45:00 GMT+0530 (India Standard Time)","6717.50","6717.50","6705.00","6706.50"
"Tue Jun 10 2025 10:50:00 GMT+0530 (India Standard Time)","6706.50","6710.00","6686.00","6694.50"
"Tue Jun 10 2025 10:55:00 GMT+0530 (India Standard Time)","6695.00","6698.50","6690.00","6692.00"
"Tue Jun 10 2025 11:00:00 GMT+0530 (India Standard Time)","6692.00","6706.50","6692.00","6704.50"
"Tue Jun 10 2025 11:05:00 GMT+0530 (India Standard Time)","6704.00","6705.00","6695.50","6704.50"
"Tue Jun 10 2025 11:10:00 GMT+0530 (India Standard Time)","6704.50","6720.00","6704.50","6720.00"
"Tue Jun 10 2025 11:15:00 GMT+0530 (India Standard Time)","6720.00","6725.00","6713.50","6721.00"
"Tue Jun 10 2025 11:20:00 GMT+0530 (India Standard Time)","6721.00","6724.00","6717.50","6718.50"
"Tue Jun 10 2025 11:25:00 GMT+0530 (India Standard Time)","6718.50","6724.00","6718.50","6723.00"
"Tue Jun 10 2025 11:30:00 GMT+0530 (India Standard Time)","6723.00","6735.00","6720.50","6725.50"
"Tue Jun 10 2025 11:35:00 GMT+0530 (India Standard Time)","6725.50","6730.00","6719.00","6723.00"
"Tue Jun 10 2025 11:40:00 GMT+0530 (India Standard Time)","6720.00","6725.00","6719.50","6725.00"
"Tue Jun 10 2025 11:45:00 GMT+0530 (India Standard Time)","6725.00","6729.00","6716.00","6718.50"
"Tue Jun 10 2025 11:50:00 GMT+0530 (India Standard Time)","6718.50","6727.50","6718.50","6720.50"
"Tue Jun 10 2025 11:55:00 GMT+0530 (India Standard Time)","6721.00","6723.50","6715.00","6719.00"
"Tue Jun 10 2025 12:00:00 GMT+0530 (India Standard Time)","6719.00","6729.00","6718.00","6718.00"
"Tue Jun 10 2025 12:05:00 GMT+0530 (India Standard Time)","6718.00","6720.00","6710.50","6714.50"
"Tue Jun 10 2025 12:10:00 GMT+0530 (India Standard Time)","6714.50","6714.50","6704.00","6704.00"
"Tue Jun 10 2025 12:15:00 GMT+0530 (India Standard Time)","6704.00","6707.50","6691.00","6694.00"
"Tue Jun 10 2025 12:20:00 GMT+0530 (India Standard Time)","6694.00","6697.00","6672.50","6683.00"
"Tue Jun 10 2025 12:25:00 GMT+0530 (India Standard Time)","6683.00","6683.50","6670.00","6670.00"
"Tue Jun 10 2025 12:30:00 GMT+0530 (India Standard Time)","6670.00","6675.00","6656.00","6659.00"
"Tue Jun 10 2025 12:35:00 GMT+0530 (India Standard Time)","6659.00","6666.50","6654.00","6663.00"
"Tue Jun 10 2025 12:40:00 GMT+0530 (India Standard Time)","6663.00","6667.50","6655.00","6666.00"
"Tue Jun 10 2025 12:45:00 GMT+0530 (India Standard Time)","6666.00","6674.00","6659.00","6660.50"
"Tue Jun 10 2025 12:50:00 GMT+0530 (India Standard Time)","6660.50","6665.00","6658.00","6661.00"
"Tue Jun 10 2025 12:55:00 GMT+0530 (India Standard Time)","6661.00","6675.50","6661.00","6670.50"
"Tue Jun 10 2025 13:00:00 GMT+0530 (India Standard Time)","6672.00","6675.00","6665.00","6667.00"
"Tue Jun 10 2025 13:05:00 GMT+0530 (India Standard Time)","6667.00","6673.00","6667.00","6669.00"
"Tue Jun 10 2025 13:10:00 GMT+0530 (India Standard Time)","6669.00","6672.00","6658.00","6658.00"
"Tue Jun 10 2025 13:15:00 GMT+0530 (India Standard Time)","6655.00","6663.50","6655.00","6662.50"
"Tue Jun 10 2025 13:20:00 GMT+0530 (India Standard Time)","6662.50","6663.00","6657.00","6661.00"
"Tue Jun 10 2025 13:25:00 GMT+0530 (India Standard Time)","6661.00","6665.00","6658.50","6661.50"
"Tue Jun 10 2025 13:30:00 GMT+0530 (India Standard Time)","6661.50","6667.00","6661.50","6667.00"
"Tue Jun 10 2025 13:35:00 GMT+0530 (India Standard Time)","6667.00","6670.00","6663.00","6669.00"
"Tue Jun 10 2025 13:40:00 GMT+0530 (India Standard Time)","6669.00","6673.00","6665.50","6665.50"
"Tue Jun 10 2025 13:45:00 GMT+0530 (India Standard Time)","6665.50","6669.00","6664.00","6669.00"
"Tue Jun 10 2025 13:50:00 GMT+0530 (India Standard Time)","6669.00","6669.00","6665.00","6669.00"
"Tue Jun 10 2025 13:55:00 GMT+0530 (India Standard Time)","6669.00","6671.50","6666.00","6671.50"
"Tue Jun 10 2025 14:00:00 GMT+0530 (India Standard Time)","6672.00","6673.00","6669.00","6670.00"
"Tue Jun 10 2025 14:05:00 GMT+0530 (India Standard Time)","6670.50","6675.00","6667.50","6675.00"
"Tue Jun 10 2025 14:10:00 GMT+0530 (India Standard Time)","6675.00","6675.00","6672.50","6672.50"
"Tue Jun 10 2025 14:15:00 GMT+0530 (India Standard Time)","6672.50","6679.50","6672.00","6679.50"
"Tue Jun 10 2025 14:20:00 GMT+0530 (India Standard Time)","6678.50","6678.50","6673.00","6673.50"
"Tue Jun 10 2025 14:25:00 GMT+0530 (India Standard Time)","6673.50","6678.00","6673.00","6673.50"
"Tue Jun 10 2025 14:30:00 GMT+0530 (India Standard Time)","6675.50","6678.00","6671.50","6678.00"
"Tue Jun 10 2025 14:35:00 GMT+0530 (India Standard Time)","6678.00","6683.00","6675.00","6675.50"
"Tue Jun 10 2025 14:40:00 GMT+0530 (India Standard Time)","6675.00","6682.00","6671.50","6674.50"
"Tue Jun 10 2025 14:45:00 GMT+0530 (India Standard Time)","6672.50","6678.00","6666.00","6677.00"
"Tue Jun 10 2025 14:50:00 GMT+0530 (India Standard Time)","6677.00","6685.00","6677.00","6680.00"
"Tue Jun 10 2025 14:55:00 GMT+0530 (India Standard Time)","6680.00","6683.00","6674.50","6677.00"
"Tue Jun 10 2025 15:00:00 GMT+0530 (India Standard Time)","6677.00","6689.00","6676.50","6688.00"
"Tue Jun 10 2025 15:05:00 GMT+0530 (India Standard Time)","6688.50","6699.00","6685.00","6697.00"
"Tue Jun 10 2025 15:10:00 GMT+0530 (India Standard Time)","6702.50","6712.00","6699.00","6707.00"
"Tue Jun 10 2025 15:15:00 GMT+0530 (India Standard Time)","6709.50","6710.00","6706.50","6709.50"
"Tue Jun 10 2025 15:20:00 GMT+0530 (India Standard Time)","6709.00","6710.00","6706.50","6709.50"
"Tue Jun 10 2025 15:25:00 GMT+0530 (India Standard Time)","6709.50","6720.00","6691.00","6705.00"
"Wed Jun 11 2025 09:15:00 GMT+0530 (India Standard Time)","6670.00","6680.00","6611.50","6628.00"
"Wed Jun 11 2025 09:20:00 GMT+0530 (India Standard Time)","6628.00","6631.00","6608.00","6614.50"
"Wed Jun 11 2025 09:25:00 GMT+0530 (India Standard Time)","6615.00","6629.00","6606.00","6624.50"
"Wed Jun 11 2025 09:30:00 GMT+0530 (India Standard Time)","6624.50","6630.00","6617.50","6629.00"
"Wed Jun 11 2025 09:35:00 GMT+0530 (India Standard Time)","6625.00","6629.00","6601.00","6613.00"
"Wed Jun 11 2025 09:40:00 GMT+0530 (India Standard Time)","6613.00","6613.00","6601.00","6608.00"
"Wed Jun 11 2025 09:45:00 GMT+0530 (India Standard Time)","6608.00","6609.00","6600.00","6606.00"
"Wed Jun 11 2025 09:50:00 GMT+0530 (India Standard Time)","6606.00","6609.00","6594.50","6600.00"
"Wed Jun 11 2025 09:55:00 GMT+0530 (India Standard Time)","6600.00","6614.00","6597.00","6610.00"
"Wed Jun 11 2025 10:00:00 GMT+0530 (India Standard Time)","6610.00","6617.50","6607.00","6617.50"
"Wed Jun 11 2025 10:05:00 GMT+0530 (India Standard Time)","6617.50","6622.00","6616.00","6618.50"
"Wed Jun 11 2025 10:10:00 GMT+0530 (India Standard Time)","6618.50","6618.50","6612.50","6618.00"
"Wed Jun 11 2025 10:15:00 GMT+0530 (India Standard Time)","6618.00","6619.00","6606.50","6606.50"
"Wed Jun 11 2025 10:20:00 GMT+0530 (India Standard Time)","6611.00","6614.00","6605.00","6611.00"
"Wed Jun 11 2025 10:25:00 GMT+0530 (India Standard Time)","6611.00","6620.00","6611.00","6614.50"
"Wed Jun 11 2025 10:30:00 GMT+0530 (India Standard Time)","6614.50","6618.00","6610.00","6614.50"
"Wed Jun 11 2025 10:35:00 GMT+0530 (India Standard Time)","6615.00","6619.00","6611.00","6617.00"
"Wed Jun 11 2025 10:40:00 GMT+0530 (India Standard Time)","6613.50","6617.00","6611.50","6612.50"
"Wed Jun 11 2025 10:45:00 GMT+0530 (India Standard Time)","6612.50","6615.00","6608.00","6612.00"
"Wed Jun 11 2025 10:50:00 GMT+0530 (India Standard Time)","6612.00","6612.50","6603.00","6606.00"
"Wed Jun 11 2025 10:55:00 GMT+0530 (India Standard Time)","6606.00","6611.00","6605.00","6607.50"
"Wed Jun 11 2025 11:00:00 GMT+0530 (India Standard Time)","6605.00","6610.00","6603.00","6606.50"
"Wed Jun 11 2025 11:05:00 GMT+0530 (India Standard Time)","6606.00","6613.50","6599.50","6613.50"
"Wed Jun 11 2025 11:10:00 GMT+0530 (India Standard Time)","6613.50","6615.00","6603.00","6610.50"
"Wed Jun 11 2025 11:15:00 GMT+0530 (India Standard Time)","6610.50","6611.00","6602.50","6611.00"
"Wed Jun 11 2025 11:20:00 GMT+0530 (India Standard Time)","6611.50","6613.00","6606.00","6609.50"
"Wed Jun 11 2025 11:25:00 GMT+0530 (India Standard Time)","6609.50","6612.00","6606.50","6608.00"
"Wed Jun 11 2025 11:30:00 GMT+0530 (India Standard Time)","6608.00","6618.00","6608.00","6618.00"
"Wed Jun 11 2025 11:35:00 GMT+0530 (India Standard Time)","6618.00","6618.00","6615.00","6615.00"
"Wed Jun 11 2025 11:40:00 GMT+0530 (India Standard Time)","6615.00","6616.00","6613.00","6614.00"
"Wed Jun 11 2025 11:45:00 GMT+0530 (India Standard Time)","6616.00","6617.00","6613.00","6616.00"
"Wed Jun 11 2025 11:50:00 GMT+0530 (India Standard Time)","6615.00","6625.00","6613.00","6625.00"
"Wed Jun 11 2025 11:55:00 GMT+0530 (India Standard Time)","6625.00","6625.00","6620.50","6621.50"
"Wed Jun 11 2025 12:00:00 GMT+0530 (India Standard Time)","6621.50","6624.00","6621.00","6621.00"
"Wed Jun 11 2025 12:05:00 GMT+0530 (India Standard Time)","6622.00","6630.00","6622.00","6625.50"
"Wed Jun 11 2025 12:10:00 GMT+0530 (India Standard Time)","6625.50","6628.50","6621.00","6623.50"
"Wed Jun 11 2025 12:15:00 GMT+0530 (India Standard Time)","6623.50","6625.00","6612.00","6612.00"
"Wed Jun 11 2025 12:20:00 GMT+0530 (India Standard Time)","6612.00","6615.00","6610.00","6610.00"
"Wed Jun 11 2025 12:25:00 GMT+0530 (India Standard Time)","6610.00","6615.50","6608.00","6615.00"
"Wed Jun 11 2025 12:30:00 GMT+0530 (India Standard Time)","6615.00","6619.00","6612.00","6617.00"
"Wed Jun 11 2025 12:35:00 GMT+0530 (India Standard Time)","6617.00","6617.00","6609.50","6609.50"
"Wed Jun 11 2025 12:40:00 GMT+0530 (India Standard Time)","6609.50","6621.50","6602.00","6613.00"
"Wed Jun 11 2025 12:45:00 GMT+0530 (India Standard Time)","6613.00","6618.50","6611.50","6616.50"
"Wed Jun 11 2025 12:50:00 GMT+0530 (India Standard Time)","6616.50","6641.50","6616.50","6636.50"
"Wed Jun 11 2025 12:55:00 GMT+0530 (India Standard Time)","6636.50","6641.00","6619.50","6636.50"
"Wed Jun 11 2025 13:00:00 GMT+0530 (India Standard Time)","6636.50","6655.00","6636.50","6651.50"
"Wed Jun 11 2025 13:05:00 GMT+0530 (India Standard Time)","6651.50","6651.50","6639.00","6641.50"
"Wed Jun 11 2025 13:10:00 GMT+0530 (India Standard Time)","6641.50","6649.00","6641.00","6646.00"
"Wed Jun 11 2025 13:15:00 GMT+0530 (India Standard Time)","6646.00","6647.00","6640.00","6645.50"
"Wed Jun 11 2025 13:20:00 GMT+0530 (India Standard Time)","6645.50","6645.50","6635.50","6635.50"
"Wed Jun 11 2025 13:25:00 GMT+0530 (India Standard Time)","6635.50","6635.50","6621.50","6621.50"
"Wed Jun 11 2025 13:30:00 GMT+0530 (India Standard Time)","6621.50","6623.00","6612.00","6621.50"
"Wed Jun 11 2025 13:35:00 GMT+0530 (India Standard Time)","6621.50","6624.00","6615.50","6618.00"
"Wed Jun 11 2025 13:40:00 GMT+0530 (India Standard Time)","6618.00","6623.50","6610.00","6611.00"
"Wed Jun 11 2025 13:45:00 GMT+0530 (India Standard Time)","6611.00","6615.00","6591.00","6613.50"
"Wed Jun 11 2025 13:50:00 GMT+0530 (India Standard Time)","6606.50","6612.50","6590.00","6591.00"
"Wed Jun 11 2025 13:55:00 GMT+0530 (India Standard Time)","6591.00","6615.00","6591.00","6605.50"
"Wed Jun 11 2025 14:00:00 GMT+0530 (India Standard Time)","6605.00","6608.50","6594.00","6600.00"
"Wed Jun 11 2025 14:05:00 GMT+0530 (India Standard Time)","6600.00","6607.00","6597.50","6602.00"
"Wed Jun 11 2025 14:10:00 GMT+0530 (India Standard Time)","6602.00","6612.00","6600.00","6610.50"
"Wed Jun 11 2025 14:15:00 GMT+0530 (India Standard Time)","6610.50","6615.00","6606.00","6615.00"
"Wed Jun 11 2025 14:20:00 GMT+0530 (India Standard Time)","6615.00","6625.00","6613.00","6620.50"
"Wed Jun 11 2025 14:25:00 GMT+0530 (India Standard Time)","6619.00","6623.00","6615.50","6618.50"
"Wed Jun 11 2025 14:30:00 GMT+0530 (India Standard Time)","6618.50","6625.00","6618.50","6625.00"
"Wed Jun 11 2025 14:35:00 GMT+0530 (India Standard Time)","6625.00","6626.50","6619.50","6624.50"
"Wed Jun 11 2025 14:40:00 GMT+0530 (India Standard Time)","6624.50","6630.00","6620.00","6622.00"
"Wed Jun 11 2025 14:45:00 GMT+0530 (India Standard Time)","6622.00","6626.50","6618.50","6618.50"
"Wed Jun 11 2025 14:50:00 GMT+0530 (India Standard Time)","6618.50","6626.00","6618.50","6626.00"
"Wed Jun 11 2025 14:55:00 GMT+0530 (India Standard Time)","6623.00","6625.50","6620.00","6620.00"
"Wed Jun 11 2025 15:00:00 GMT+0530 (India Standard Time)","6620.00","6622.00","6607.00","6618.00"
"Wed Jun 11 2025 15:05:00 GMT+0530 (India Standard Time)","6618.00","6625.00","6617.00","6618.50"
"Wed Jun 11 2025 15:10:00 GMT+0530 (India Standard Time)","6619.00","6620.50","6612.00","6613.50"
"Wed Jun 11 2025 15:15:00 GMT+0530 (India Standard Time)","6613.00","6620.00","6613.00","6614.00"
"Wed Jun 11 2025 15:20:00 GMT+0530 (India Standard Time)","6614.00","6630.50","6614.00","6630.50"
"Wed Jun 11 2025 15:25:00 GMT+0530 (India Standard Time)","6631.50","6647.00","6618.00","6618.00"
"Thu Jun 12 2025 09:15:00 GMT+0530 (India Standard Time)","6647.00","6647.00","6569.50","6591.50"
"Thu Jun 12 2025 09:20:00 GMT+0530 (India Standard Time)","6587.00","6587.00","6552.00","6552.00"
"Thu Jun 12 2025 09:25:00 GMT+0530 (India Standard Time)","6551.50","6560.00","6533.00","6538.00"
"Thu Jun 12 2025 09:30:00 GMT+0530 (India Standard Time)","6542.50","6562.00","6537.00","6562.00"
"Thu Jun 12 2025 09:35:00 GMT+0530 (India Standard Time)","6562.00","6564.50","6556.00","6559.50"
"Thu Jun 12 2025 09:40:00 GMT+0530 (India Standard Time)","6556.00","6560.50","6540.50","6542.50"
"Thu Jun 12 2025 09:45:00 GMT+0530 (India Standard Time)","6543.00","6550.00","6534.50","6537.50"
"Thu Jun 12 2025 09:50:00 GMT+0530 (India Standard Time)","6537.50","6545.00","6526.00","6545.00"
"Thu Jun 12 2025 09:55:00 GMT+0530 (India Standard Time)","6542.50","6543.00","6530.00","6537.50"
"Thu Jun 12 2025 10:00:00 GMT+0530 (India Standard Time)","6537.50","6537.50","6527.50","6530.00"
"Thu Jun 12 2025 10:05:00 GMT+0530 (India Standard Time)","6530.00","6538.00","6520.50","6538.00"
"Thu Jun 12 2025 10:10:00 GMT+0530 (India Standard Time)","6538.00","6545.00","6531.00","6540.00"
"Thu Jun 12 2025 10:15:00 GMT+0530 (India Standard Time)","6540.00","6541.00","6528.50","6536.50"
"Thu Jun 12 2025 10:20:00 GMT+0530 (India Standard Time)","6536.50","6541.50","6534.00","6540.50"
"Thu Jun 12 2025 10:25:00 GMT+0530 (India Standard Time)","6540.50","6544.00","6534.50","6535.00"
"Thu Jun 12 2025 10:30:00 GMT+0530 (India Standard Time)","6535.00","6543.50","6533.50","6538.50"
"Thu Jun 12 2025 10:35:00 GMT+0530 (India Standard Time)","6538.50","6544.50","6534.00","6544.50"
"Thu Jun 12 2025 10:40:00 GMT+0530 (India Standard Time)","6544.50","6544.50","6523.50","6526.50"
"Thu Jun 12 2025 10:45:00 GMT+0530 (India Standard Time)","6526.50","6536.00","6524.00","6532.50"
"Thu Jun 12 2025 10:50:00 GMT+0530 (India Standard Time)","6532.50","6537.00","6532.50","6533.00"
"Thu Jun 12 2025 10:55:00 GMT+0530 (India Standard Time)","6533.00","6542.50","6533.00","6535.50"
"Thu Jun 12 2025 11:00:00 GMT+0530 (India Standard Time)","6535.50","6542.00","6535.50","6539.50"
"Thu Jun 12 2025 11:05:00 GMT+0530 (India Standard Time)","6539.50","6559.00","6539.50","6550.00"
"Thu Jun 12 2025 11:10:00 GMT+0530 (India Standard Time)","6550.00","6550.00","6542.00","6544.00"
"Thu Jun 12 2025 11:15:00 GMT+0530 (India Standard Time)","6542.00","6548.00","6537.00","6548.00"
"Thu Jun 12 2025 11:20:00 GMT+0530 (India Standard Time)","6548.00","6580.00","6546.50","6574.00"
"Thu Jun 12 2025 11:25:00 GMT+0530 (India Standard Time)","6574.00","6584.50","6570.50","6580.00"
"Thu Jun 12 2025 11:30:00 GMT+0530 (India Standard Time)","6580.00","6586.50","6570.50","6579.00"
"Thu Jun 12 2025 11:35:00 GMT+0530 (India Standard Time)","6579.00","6584.50","6570.00","6572.50"
"Thu Jun 12 2025 11:40:00 GMT+0530 (India Standard Time)","6572.50","6579.00","6569.50","6573.00"
"Thu Jun 12 2025 11:45:00 GMT+0530 (India Standard Time)","6573.00","6577.00","6563.00","6565.00"
"Thu Jun 12 2025 11:50:00 GMT+0530 (India Standard Time)","6565.00","6572.50","6565.00","6565.50"
"Thu Jun 12 2025 11:55:00 GMT+0530 (India Standard Time)","6565.50","6565.50","6551.00","6551.00"
"Thu Jun 12 2025 12:00:00 GMT+0530 (India Standard Time)","6551.00","6551.00","6540.00","6542.50"
"Thu Jun 12 2025 12:05:00 GMT+0530 (India Standard Time)","6542.00","6555.00","6538.50","6551.50"
"Thu Jun 12 2025 12:10:00 GMT+0530 (India Standard Time)","6551.50","6556.00","6550.00","6552.50"
"Thu Jun 12 2025 12:15:00 GMT+0530 (India Standard Time)","6552.50","6557.50","6549.00","6551.00"
"Thu Jun 12 2025 12:20:00 GMT+0530 (India Standard Time)","6551.00","6555.50","6548.00","6550.50"
"Thu Jun 12 2025 12:25:00 GMT+0530 (India Standard Time)","6550.50","6554.50","6548.00","6554.50"
"Thu Jun 12 2025 12:30:00 GMT+0530 (India Standard Time)","6554.50","6558.50","6550.50","6558.50"
"Thu Jun 12 2025 12:35:00 GMT+0530 (India Standard Time)","6558.50","6565.50","6556.50","6565.50"
"Thu Jun 12 2025 12:40:00 GMT+0530 (India Standard Time)","6565.50","6572.50","6560.00","6572.50"
"Thu Jun 12 2025 12:45:00 GMT+0530 (India Standard Time)","6572.00","6575.00","6561.50","6562.00"
"Thu Jun 12 2025 12:50:00 GMT+0530 (India Standard Time)","6562.00","6570.00","6561.00","6561.00"
"Thu Jun 12 2025 12:55:00 GMT+0530 (India Standard Time)","6561.00","6564.00","6552.50","6552.50"
"Thu Jun 12 2025 13:00:00 GMT+0530 (India Standard Time)","6554.50","6556.50","6548.00","6551.00"
"Thu Jun 12 2025 13:05:00 GMT+0530 (India Standard Time)","6551.00","6554.50","6546.50","6549.50"
"Thu Jun 12 2025 13:10:00 GMT+0530 (India Standard Time)","6549.50","6554.00","6545.00","6554.00"
"Thu Jun 12 2025 13:15:00 GMT+0530 (India Standard Time)","6554.00","6554.50","6546.00","6551.00"
"Thu Jun 12 2025 13:20:00 GMT+0530 (India Standard Time)","6551.00","6552.00","6540.50","6545.00"
"Thu Jun 12 2025 13:25:00 GMT+0530 (India Standard Time)","6545.50","6546.50","6532.00","6533.50"
"Thu Jun 12 2025 13:30:00 GMT+0530 (India Standard Time)","6533.50","6535.00","6525.50","6525.50"
"Thu Jun 12 2025 13:35:00 GMT+0530 (India Standard Time)","6525.50","6529.00","6518.00","6518.00"
"Thu Jun 12 2025 13:40:00 GMT+0530 (India Standard Time)","6519.00","6521.50","6502.50","6502.50"
"Thu Jun 12 2025 13:45:00 GMT+0530 (India Standard Time)","6502.50","6507.00","6492.50","6494.00"
"Thu Jun 12 2025 13:50:00 GMT+0530 (India Standard Time)","6494.00","6497.50","6485.00","6492.50"
"Thu Jun 12 2025 13:55:00 GMT+0530 (India Standard Time)","6492.50","6504.50","6492.00","6503.50"
"Thu Jun 12 2025 14:00:00 GMT+0530 (India Standard Time)","6503.50","6504.50","6475.50","6481.00"
"Thu Jun 12 2025 14:05:00 GMT+0530 (India Standard Time)","6481.00","6483.00","6466.00","6468.00"
"Thu Jun 12 2025 14:10:00 GMT+0530 (India Standard Time)","6468.00","6470.00","6460.00","6460.00"
"Thu Jun 12 2025 14:15:00 GMT+0530 (India Standard Time)","6460.00","6478.00","6455.50","6476.00"
"Thu Jun 12 2025 14:20:00 GMT+0530 (India Standard Time)","6476.00","6485.00","6474.00","6477.00"
"Thu Jun 12 2025 14:25:00 GMT+0530 (India Standard Time)","6473.00","6477.00","6470.00","6473.50"
"Thu Jun 12 2025 14:30:00 GMT+0530 (India Standard Time)","6473.50","6488.00","6473.00","6483.00"
"Thu Jun 12 2025 14:35:00 GMT+0530 (India Standard Time)","6483.00","6483.00","6475.00","6477.00"
"Thu Jun 12 2025 14:40:00 GMT+0530 (India Standard Time)","6477.00","6483.00","6476.00","6480.00"
"Thu Jun 12 2025 14:45:00 GMT+0530 (India Standard Time)","6480.00","6487.50","6477.00","6481.00"
"Thu Jun 12 2025 14:50:00 GMT+0530 (India Standard Time)","6481.00","6483.50","6473.00","6474.00"
"Thu Jun 12 2025 14:55:00 GMT+0530 (India Standard Time)","6474.00","6486.50","6471.00","6484.00"
"Thu Jun 12 2025 15:00:00 GMT+0530 (India Standard Time)","6483.00","6494.50","6462.50","6465.00"
"Thu Jun 12 2025 15:05:00 GMT+0530 (India Standard Time)","6469.00","6480.00","6465.00","6480.00"
"Thu Jun 12 2025 15:10:00 GMT+0530 (India Standard Time)","6478.50","6480.00","6467.50","6478.00"
"Thu Jun 12 2025 15:15:00 GMT+0530 (India Standard Time)","6477.50","6478.00","6465.00","6467.50"
"Thu Jun 12 2025 15:20:00 GMT+0530 (India Standard Time)","6467.50","6479.00","6466.50","6475.00"
"Thu Jun 12 2025 15:25:00 GMT+0530 (India Standard Time)","6476.00","6476.00","6426.00","6450.00"
"Fri Jun 13 2025 09:15:00 GMT+0530 (India Standard Time)","6300.00","6450.00","6299.50","6377.00"
"Fri Jun 13 2025 09:20:00 GMT+0530 (India Standard Time)","6374.50","6398.50","6357.50","6382.00"
"Fri Jun 13 2025 09:25:00 GMT+0530 (India Standard Time)","6382.00","6416.00","6378.50","6411.00"
"Fri Jun 13 2025 09:30:00 GMT+0530 (India Standard Time)","6411.00","6411.00","6362.50","6363.50"
"Fri Jun 13 2025 09:35:00 GMT+0530 (India Standard Time)","6367.00","6404.00","6362.00","6395.00"
"Fri Jun 13 2025 09:40:00 GMT+0530 (India Standard Time)","6395.50","6397.50","6377.00","6386.50"
"Fri Jun 13 2025 09:45:00 GMT+0530 (India Standard Time)","6392.00","6403.50","6356.00","6360.00"
"Fri Jun 13 2025 09:50:00 GMT+0530 (India Standard Time)","6360.00","6423.50","6360.00","6422.50"
"Fri Jun 13 2025 09:55:00 GMT+0530 (India Standard Time)","6420.00","6433.00","6420.00","6432.50"
"Fri Jun 13 2025 10:00:00 GMT+0530 (India Standard Time)","6432.00","6432.00","6416.00","6420.50"
"Fri Jun 13 2025 10:05:00 GMT+0530 (India Standard Time)","6420.50","6430.00","6420.00","6430.00"
"Fri Jun 13 2025 10:10:00 GMT+0530 (India Standard Time)","6430.00","6440.00","6427.00","6435.50"
"Fri Jun 13 2025 10:15:00 GMT+0530 (India Standard Time)","6435.50","6444.00","6429.50","6432.00"
"Fri Jun 13 2025 10:20:00 GMT+0530 (India Standard Time)","6432.50","6450.00","6427.00","6447.50"
"Fri Jun 13 2025 10:25:00 GMT+0530 (India Standard Time)","6447.50","6455.00","6446.00","6451.00"
"Fri Jun 13 2025 10:30:00 GMT+0530 (India Standard Time)","6451.00","6459.50","6451.00","6455.00"
"Fri Jun 13 2025 10:35:00 GMT+0530 (India Standard Time)","6455.00","6458.50","6442.50","6444.50"
"Fri Jun 13 2025 10:40:00 GMT+0530 (India Standard Time)","6444.50","6447.00","6438.50","6445.00"
"Fri Jun 13 2025 10:45:00 GMT+0530 (India Standard Time)","6445.00","6446.00","6438.00","6440.00"
"Fri Jun 13 2025 10:50:00 GMT+0530 (India Standard Time)","6440.00","6445.00","6439.50","6445.00"
"Fri Jun 13 2025 10:55:00 GMT+0530 (India Standard Time)","6445.00","6452.50","6442.00","6447.00"
"Fri Jun 13 2025 11:00:00 GMT+0530 (India Standard Time)","6447.00","6453.50","6447.00","6450.50"
"Fri Jun 13 2025 11:05:00 GMT+0530 (India Standard Time)","6447.00","6451.50","6441.00","6443.00"
"Fri Jun 13 2025 11:10:00 GMT+0530 (India Standard Time)","6441.00","6444.00","6422.00","6422.00"
"Fri Jun 13 2025 11:15:00 GMT+0530 (India Standard Time)","6424.50","6427.50","6415.00","6425.50"
"Fri Jun 13 2025 11:20:00 GMT+0530 (India Standard Time)","6425.50","6434.00","6422.50","6432.00"
"Fri Jun 13 2025 11:25:00 GMT+0530 (India Standard Time)","6432.00","6444.50","6432.00","6439.00"
"Fri Jun 13 2025 11:30:00 GMT+0530 (India Standard Time)","6439.00","6442.50","6436.50","6441.50"
"Fri Jun 13 2025 11:35:00 GMT+0530 (India Standard Time)","6441.50","6441.50","6434.00","6440.50"
"Fri Jun 13 2025 11:40:00 GMT+0530 (India Standard Time)","6440.50","6440.50","6434.00","6437.00"
"Fri Jun 13 2025 11:45:00 GMT+0530 (India Standard Time)","6437.00","6438.00","6427.50","6427.50"
"Fri Jun 13 2025 11:50:00 GMT+0530 (India Standard Time)","6427.50","6431.00","6422.00","6427.00"
"Fri Jun 13 2025 11:55:00 GMT+0530 (India Standard Time)","6427.00","6429.00","6420.00","6423.50"
"Fri Jun 13 2025 12:00:00 GMT+0530 (India Standard Time)","6426.00","6431.50","6421.50","6427.00"
"Fri Jun 13 2025 12:05:00 GMT+0530 (India Standard Time)","6427.00","6432.00","6427.00","6427.00"
"Fri Jun 13 2025 12:10:00 GMT+0530 (India Standard Time)","6427.00","6430.00","6420.50","6420.50"
"Fri Jun 13 2025 12:15:00 GMT+0530 (India Standard Time)","6420.50","6431.00","6420.50","6429.00"
"Fri Jun 13 2025 12:20:00 GMT+0530 (India Standard Time)","6429.00","6431.00","6424.50","6427.50"
"Fri Jun 13 2025 12:25:00 GMT+0530 (India Standard Time)","6427.50","6427.50","6419.00","6421.50"
"Fri Jun 13 2025 12:30:00 GMT+0530 (India Standard Time)","6421.50","6424.00","6413.00","6416.50"
"Fri Jun 13 2025 12:35:00 GMT+0530 (India Standard Time)","6416.50","6416.50","6409.00","6411.00"
"Fri Jun 13 2025 12:40:00 GMT+0530 (India Standard Time)","6411.00","6411.00","6407.00","6408.00"
"Fri Jun 13 2025 12:45:00 GMT+0530 (India Standard Time)","6408.00","6408.50","6403.00","6405.50"
"Fri Jun 13 2025 12:50:00 GMT+0530 (India Standard Time)","6402.00","6403.50","6395.50","6401.00"
"Fri Jun 13 2025 12:55:00 GMT+0530 (India Standard Time)","6401.00","6401.00","6392.50","6392.50"
"Fri Jun 13 2025 13:00:00 GMT+0530 (India Standard Time)","6392.50","6395.00","6381.50","6383.00"
"Fri Jun 13 2025 13:05:00 GMT+0530 (India Standard Time)","6383.00","6387.50","6381.00","6384.00"