"Date","Open","High","Low","Close"
"Fri Jun 13 2025 10:55:00 GMT+0530 (India Standard Time)","6445.00","6452.50","6442.00","6447.00"
"Fri Jun 13 2025 11:00:00 GMT+0530 (India Standard Time)","6447.00","6453.50","6447.00","6450.50"
"Fri Jun 13 2025 11:05:00 GMT+0530 (India Standard Time)","6447.00","6451.50","6441.00","6443.00"
"Fri Jun 13 2025 11:10:00 GMT+0530 (India Standard Time)","6441.00","6444.00","6422.00","6422.00"
"Fri Jun 13 2025 11:15:00 GMT+0530 (India Standard Time)","6424.50","6427.50","6415.00","6425.50"
"Fri Jun 13 2025 11:20:00 GMT+0530 (India Standard Time)","6425.50","6434.00","6422.50","6432.00"
"Fri Jun 13 2025 11:25:00 GMT+0530 (India Standard Time)","6432.00","6444.50","6432.00","6439.00"
"Fri Jun 13 2025 11:30:00 GMT+0530 (India Standard Time)","6439.00","6442.50","6436.50","6441.50"
"Fri Jun 13 2025 11:35:00 GMT+0530 (India Standard Time)","6441.50","6441.50","6434.00","6440.50"
"Fri Jun 13 2025 11:40:00 GMT+0530 (India Standard Time)","6440.50","6440.50","6434.00","6437.00"
"Fri Jun 13 2025 11:45:00 GMT+0530 (India Standard Time)","6437.00","6438.00","6427.50","6427.50"
"Fri Jun 13 2025 11:50:00 GMT+0530 (India Standard Time)","6427.50","6431.00","6422.00","6427.00"
"Fri Jun 13 2025 11:55:00 GMT+0530 (India Standard Time)","6427.00","6429.00","6420.00","6423.50"
"Fri Jun 13 2025 12:00:00 GMT+0530 (India Standard Time)","6426.00","6431.50","6421.50","6427.00"
"Fri Jun 13 2025 12:05:00 GMT+0530 (India Standard Time)","6427.00","6432.00","6427.00","6427.00"
"Fri Jun 13 2025 12:10:00 GMT+0530 (India Standard Time)","6427.00","6430.00","6420.50","6420.50"
"Fri Jun 13 2025 12:15:00 GMT+0530 (India Standard Time)","6420.50","6431.00","6420.50","6429.00"
"Fri Jun 13 2025 12:20:00 GMT+0530 (India Standard Time)","6429.00","6431.00","6424.50","6427.50"
"Fri Jun 13 2025 12:25:00 GMT+0530 (India Standard Time)","6427.50","6427.50","6419.00","6421.50"
"Fri Jun 13 2025 12:30:00 GMT+0530 (India Standard Time)","6421.50","6424.00","6413.00","6416.50"
"Fri Jun 13 2025 12:35:00 GMT+0530 (India Standard Time)","6416.50","6416.50","6409.00","6411.00"
"Fri Jun 13 2025 12:40:00 GMT+0530 (India Standard Time)","6411.00","6411.00","6407.00","6408.00"
"Fri Jun 13 2025 12:45:00 GMT+0530 (India Standard Time)","6408.00","6408.50","6403.00","6405.50"
"Fri Jun 13 2025 12:50:00 GMT+0530 (India Standard Time)","6402.00","6403.50","6395.50","6401.00"
"Fri Jun 13 2025 12:55:00 GMT+0530 (India Standard Time)","6401.00","6401.00","6392.50","6392.50"
"Fri Jun 13 2025 13:00:00 GMT+0530 (India Standard Time)","6392.50","6395.00","6381.50","6383.00"
"Fri Jun 13 2025 13:05:00 GMT+0530 (India Standard Time)","6383.00","6387.50","6381.00","6384.00"
"Fri Jun 13 2025 13:10:00 GMT+0530 (India Standard Time)","6384.00","6390.00","6380.50","6380.50"
"Fri Jun 13 2025 13:15:00 GMT+0530 (India Standard Time)","6380.50","6385.00","6375.00","6379.50"
"Fri Jun 13 2025 13:20:00 GMT+0530 (India Standard Time)","6381.00","6388.00","6378.50","6386.50"
"Fri Jun 13 2025 13:25:00 GMT+0530 (India Standard Time)","6386.50","6389.00","6381.50","6389.00"
"Fri Jun 13 2025 13:30:00 GMT+0530 (India Standard Time)","6389.00","6399.00","6389.00","6394.50"
"Fri Jun 13 2025 13:35:00 GMT+0530 (India Standard Time)","6394.50","6400.00","6394.00","6398.00"
"Fri Jun 13 2025 13:40:00 GMT+0530 (India Standard Time)","6398.00","6404.50","6391.00","6402.50"
"Fri Jun 13 2025 13:45:00 GMT+0530 (India Standard Time)","6402.50","6412.50","6400.00","6412.50"
"Fri Jun 13 2025 13:50:00 GMT+0530 (India Standard Time)","6408.50","6420.00","6408.50","6408.50"
"Fri Jun 13 2025 13:55:00 GMT+0530 (India Standard Time)","6407.50","6414.50","6400.00","6409.50"
"Fri Jun 13 2025 14:00:00 GMT+0530 (India Standard Time)","6409.50","6414.50","6406.50","6409.00"
"Fri Jun 13 2025 14:05:00 GMT+0530 (India Standard Time)","6409.00","6415.00","6409.00","6415.00"
"Fri Jun 13 2025 14:10:00 GMT+0530 (India Standard Time)","6415.00","6416.00","6403.50","6411.00"
"Fri Jun 13 2025 14:15:00 GMT+0530 (India Standard Time)","6411.00","6412.50","6396.50","6397.00"
"Fri Jun 13 2025 14:20:00 GMT+0530 (India Standard Time)","6397.00","6405.50","6394.00","6399.00"
"Fri Jun 13 2025 14:25:00 GMT+0530 (India Standard Time)","6399.00","6406.50","6395.50","6396.50"
"Fri Jun 13 2025 14:30:00 GMT+0530 (India Standard Time)","6396.50","6405.50","6396.00","6398.00"
"Fri Jun 13 2025 14:35:00 GMT+0530 (India Standard Time)","6398.00","6403.00","6394.50","6398.50"
"Fri Jun 13 2025 14:40:00 GMT+0530 (India Standard Time)","6398.50","6404.00","6395.00","6395.00"
"Fri Jun 13 2025 14:45:00 GMT+0530 (India Standard Time)","6395.00","6395.50","6386.00","6386.50"
"Fri Jun 13 2025 14:50:00 GMT+0530 (India Standard Time)","6386.50","6391.50","6379.50","6384.50"
"Fri Jun 13 2025 14:55:00 GMT+0530 (India Standard Time)","6384.50","6385.50","6372.00","6376.00"
"Fri Jun 13 2025 15:00:00 GMT+0530 (India Standard Time)","6376.00","6392.50","6373.50","6384.50"
"Fri Jun 13 2025 15:05:00 GMT+0530 (India Standard Time)","6391.00","6394.50","6385.00","6394.50"
"Fri Jun 13 2025 15:10:00 GMT+0530 (India Standard Time)","6394.00","6394.50","6390.00","6393.50"
"Fri Jun 13 2025 15:15:00 GMT+0530 (India Standard Time)","6394.00","6399.50","6390.00","6397.00"
"Fri Jun 13 2025 15:20:00 GMT+0530 (India Standard Time)","6396.50","6398.50","6393.50","6396.00"
"Fri Jun 13 2025 15:25:00 GMT+0530 (India Standard Time)","6394.00","6399.50","6392.50","6398.00"
"Mon Jun 16 2025 09:15:00 GMT+0530 (India Standard Time)","6361.00","6383.50","6346.50","6355.50"
"Mon Jun 16 2025 09:20:00 GMT+0530 (India Standard Time)","6355.50","6373.50","6340.00","6342.00"
"Mon Jun 16 2025 09:25:00 GMT+0530 (India Standard Time)","6342.00","6358.00","6335.00","6337.00"
"Mon Jun 16 2025 09:30:00 GMT+0530 (India Standard Time)","6337.00","6341.50","6314.00","6322.00"
"Mon Jun 16 2025 09:35:00 GMT+0530 (India Standard Time)","6320.00","6322.00","6280.00","6282.50"
"Mon Jun 16 2025 09:40:00 GMT+0530 (India Standard Time)","6284.50","6284.50","6250.00","6256.50"
"Mon Jun 16 2025 09:45:00 GMT+0530 (India Standard Time)","6256.50","6256.50","6236.50","6252.00"
"Mon Jun 16 2025 09:50:00 GMT+0530 (India Standard Time)","6247.00","6256.50","6229.00","6239.50"
"Mon Jun 16 2025 09:55:00 GMT+0530 (India Standard Time)","6239.50","6255.00","6235.00","6252.00"
"Mon Jun 16 2025 10:00:00 GMT+0530 (India Standard Time)","6252.00","6257.00","6242.50","6252.50"
"Mon Jun 16 2025 10:05:00 GMT+0530 (India Standard Time)","6252.50","6288.00","6249.00","6282.50"
"Mon Jun 16 2025 10:10:00 GMT+0530 (India Standard Time)","6283.00","6302.50","6280.50","6294.00"
"Mon Jun 16 2025 10:15:00 GMT+0530 (India Standard Time)","6294.00","6302.00","6282.50","6292.50"
"Mon Jun 16 2025 10:20:00 GMT+0530 (India Standard Time)","6292.50","6307.00","6292.00","6301.00"
"Mon Jun 16 2025 10:25:00 GMT+0530 (India Standard Time)","6301.00","6314.50","6300.00","6310.50"
"Mon Jun 16 2025 10:30:00 GMT+0530 (India Standard Time)","6310.50","6320.00","6308.00","6309.50"
"Mon Jun 16 2025 10:35:00 GMT+0530 (India Standard Time)","6309.50","6316.00","6304.50","6313.00"
"Mon Jun 16 2025 10:40:00 GMT+0530 (India Standard Time)","6313.00","6318.00","6305.50","6315.50"
"Mon Jun 16 2025 10:45:00 GMT+0530 (India Standard Time)","6315.50","6324.50","6314.50","6316.00"
"Mon Jun 16 2025 10:50:00 GMT+0530 (India Standard Time)","6316.00","6321.00","6310.00","6316.50"
"Mon Jun 16 2025 10:55:00 GMT+0530 (India Standard Time)","6319.00","6326.50","6318.50","6324.00"
"Mon Jun 16 2025 11:00:00 GMT+0530 (India Standard Time)","6324.00","6357.50","6324.00","6350.50"
"Mon Jun 16 2025 11:05:00 GMT+0530 (India Standard Time)","6354.00","6362.50","6346.00","6352.00"
"Mon Jun 16 2025 11:10:00 GMT+0530 (India Standard Time)","6352.00","6355.50","6344.00","6345.00"
"Mon Jun 16 2025 11:15:00 GMT+0530 (India Standard Time)","6345.00","6365.50","6345.00","6360.50"
"Mon Jun 16 2025 11:20:00 GMT+0530 (India Standard Time)","6360.50","6360.50","6340.50","6340.50"
"Mon Jun 16 2025 11:25:00 GMT+0530 (India Standard Time)","6340.50","6359.00","6340.50","6359.00"
"Mon Jun 16 2025 11:30:00 GMT+0530 (India Standard Time)","6359.00","6382.50","6356.00","6380.00"
"Mon Jun 16 2025 11:35:00 GMT+0530 (India Standard Time)","6380.00","6384.50","6368.50","6368.50"
"Mon Jun 16 2025 11:40:00 GMT+0530 (India Standard Time)","6368.50","6370.00","6357.00","6359.50"
"Mon Jun 16 2025 11:45:00 GMT+0530 (India Standard Time)","6359.50","6361.50","6357.50","6359.00"
"Mon Jun 16 2025 11:50:00 GMT+0530 (India Standard Time)","6359.00","6362.00","6355.00","6357.00"
"Mon Jun 16 2025 11:55:00 GMT+0530 (India Standard Time)","6357.00","6363.50","6348.00","6350.00"
"Mon Jun 16 2025 12:00:00 GMT+0530 (India Standard Time)","6350.00","6362.00","6350.00","6354.50"
"Mon Jun 16 2025 12:05:00 GMT+0530 (India Standard Time)","6354.50","6357.00","6351.50","6356.50"
"Mon Jun 16 2025 12:10:00 GMT+0530 (India Standard Time)","6356.50","6368.00","6356.00","6366.50"
"Mon Jun 16 2025 12:15:00 GMT+0530 (India Standard Time)","6366.50","6373.00","6363.00","6369.00"
"Mon Jun 16 2025 12:20:00 GMT+0530 (India Standard Time)","6369.00","6373.50","6365.00","6365.00"
"Mon Jun 16 2025 12:25:00 GMT+0530 (India Standard Time)","6365.00","6371.50","6359.00","6370.00"
"Mon Jun 16 2025 12:30:00 GMT+0530 (India Standard Time)","6370.00","6380.00","6369.50","6377.00"
"Mon Jun 16 2025 12:35:00 GMT+0530 (India Standard Time)","6377.00","6383.50","6372.00","6380.50"
"Mon Jun 16 2025 12:40:00 GMT+0530 (India Standard Time)","6380.50","6389.00","6380.00","6381.00"
"Mon Jun 16 2025 12:45:00 GMT+0530 (India Standard Time)","6381.00","6384.50","6379.00","6379.00"
"Mon Jun 16 2025 12:50:00 GMT+0530 (India Standard Time)","6378.50","6382.00","6376.50","6381.00"
"Mon Jun 16 2025 12:55:00 GMT+0530 (India Standard Time)","6381.00","6381.00","6373.50","6378.50"
"Mon Jun 16 2025 13:00:00 GMT+0530 (India Standard Time)","6378.50","6382.00","6378.00","6381.00"
"Mon Jun 16 2025 13:05:00 GMT+0530 (India Standard Time)","6381.00","6385.50","6378.00","6385.50"
"Mon Jun 16 2025 13:10:00 GMT+0530 (India Standard Time)","6385.50","6405.00","6384.50","6405.00"
"Mon Jun 16 2025 13:15:00 GMT+0530 (India Standard Time)","6402.50","6420.00","6392.00","6394.50"
"Mon Jun 16 2025 13:20:00 GMT+0530 (India Standard Time)","6392.00","6399.00","6390.00","6393.00"
"Mon Jun 16 2025 13:25:00 GMT+0530 (India Standard Time)","6393.00","6395.00","6383.00","6388.50"
"Mon Jun 16 2025 13:30:00 GMT+0530 (India Standard Time)","6388.50","6388.50","6378.50","6381.00"
"Mon Jun 16 2025 13:35:00 GMT+0530 (India Standard Time)","6381.00","6391.00","6377.50","6391.00"
"Mon Jun 16 2025 13:40:00 GMT+0530 (India Standard Time)","6391.00","6398.00","6390.00","6390.00"
"Mon Jun 16 2025 13:45:00 GMT+0530 (India Standard Time)","6390.00","6397.50","6390.00","6396.00"
"Mon Jun 16 2025 13:50:00 GMT+0530 (India Standard Time)","6396.00","6396.00","6384.50","6390.00"
"Mon Jun 16 2025 13:55:00 GMT+0530 (India Standard Time)","6390.00","6395.00","6387.00","6392.50"
"Mon Jun 16 2025 14:00:00 GMT+0530 (India Standard Time)","6392.50","6394.50","6364.00","6373.50"
"Mon Jun 16 2025 14:05:00 GMT+0530 (India Standard Time)","6373.50","6385.00","6373.00","6385.00"
"Mon Jun 16 2025 14:10:00 GMT+0530 (India Standard Time)","6385.00","6388.00","6380.00","6388.00"
"Mon Jun 16 2025 14:15:00 GMT+0530 (India Standard Time)","6388.00","6395.50","6386.00","6392.00"
"Mon Jun 16 2025 14:20:00 GMT+0530 (India Standard Time)","6392.00","6392.00","6384.00","6391.00"
"Mon Jun 16 2025 14:25:00 GMT+0530 (India Standard Time)","6391.00","6395.00","6384.00","6393.50"
"Mon Jun 16 2025 14:30:00 GMT+0530 (India Standard Time)","6393.00","6394.00","6386.00","6389.00"
"Mon Jun 16 2025 14:35:00 GMT+0530 (India Standard Time)","6389.00","6393.50","6385.00","6388.50"
"Mon Jun 16 2025 14:40:00 GMT+0530 (India Standard Time)","6391.00","6391.00","6384.00","6384.00"
"Mon Jun 16 2025 14:45:00 GMT+0530 (India Standard Time)","6384.00","6387.50","6381.00","6387.50"
"Mon Jun 16 2025 14:50:00 GMT+0530 (India Standard Time)","6387.50","6387.50","6377.00","6380.00"
"Mon Jun 16 2025 14:55:00 GMT+0530 (India Standard Time)","6378.50","6387.50","6378.50","6385.00"
"Mon Jun 16 2025 15:00:00 GMT+0530 (India Standard Time)","6387.50","6387.50","6380.00","6381.50"
"Mon Jun 16 2025 15:05:00 GMT+0530 (India Standard Time)","6381.50","6385.00","6377.00","6384.50"
"Mon Jun 16 2025 15:10:00 GMT+0530 (India Standard Time)","6384.50","6384.50","6372.50","6383.50"
"Mon Jun 16 2025 15:15:00 GMT+0530 (India Standard Time)","6384.00","6384.00","6377.00","6384.00"
"Mon Jun 16 2025 15:20:00 GMT+0530 (India Standard Time)","6385.00","6385.00","6363.00","6367.00"
"Mon Jun 16 2025 15:25:00 GMT+0530 (India Standard Time)","6366.50","6376.00","6364.00","6376.00"
"Tue Jun 17 2025 09:15:00 GMT+0530 (India Standard Time)","6377.00","6425.00","6362.00","6405.50"
"Tue Jun 17 2025 09:20:00 GMT+0530 (India Standard Time)","6405.50","6423.50","6400.00","6402.50"
"Tue Jun 17 2025 09:25:00 GMT+0530 (India Standard Time)","6405.50","6405.50","6378.00","6384.00"
"Tue Jun 17 2025 09:30:00 GMT+0530 (India Standard Time)","6384.00","6425.00","6377.50","6422.00"
"Tue Jun 17 2025 09:35:00 GMT+0530 (India Standard Time)","6418.00","6435.00","6418.00","6421.50"
"Tue Jun 17 2025 09:40:00 GMT+0530 (India Standard Time)","6421.50","6424.00","6405.50","6414.00"
"Tue Jun 17 2025 09:45:00 GMT+0530 (India Standard Time)","6416.50","6424.00","6410.00","6412.50"
"Tue Jun 17 2025 09:50:00 GMT+0530 (India Standard Time)","6412.50","6421.50","6411.00","6411.00"
"Tue Jun 17 2025 09:55:00 GMT+0530 (India Standard Time)","6410.50","6412.00","6398.00","6398.00"
"Tue Jun 17 2025 10:00:00 GMT+0530 (India Standard Time)","6398.00","6406.50","6393.00","6399.00"
"Tue Jun 17 2025 10:05:00 GMT+0530 (India Standard Time)","6399.00","6401.00","6395.00","6400.00"
"Tue Jun 17 2025 10:10:00 GMT+0530 (India Standard Time)","6400.00","6410.00","6394.50","6410.00"
"Tue Jun 17 2025 10:15:00 GMT+0530 (India Standard Time)","6410.00","6425.00","6400.00","6420.50"
"Tue Jun 17 2025 10:20:00 GMT+0530 (India Standard Time)","6420.50","6420.50","6411.00","6411.00"
"Tue Jun 17 2025 10:25:00 GMT+0530 (India Standard Time)","6411.00","6421.00","6411.00","6417.00"
"Tue Jun 17 2025 10:30:00 GMT+0530 (India Standard Time)","6419.50","6425.00","6415.50","6425.00"
"Tue Jun 17 2025 10:35:00 GMT+0530 (India Standard Time)","6425.00","6434.00","6421.50","6434.00"
"Tue Jun 17 2025 10:40:00 GMT+0530 (India Standard Time)","6434.00","6439.50","6426.00","6427.50"
"Tue Jun 17 2025 10:45:00 GMT+0530 (India Standard Time)","6426.00","6431.50","6420.50","6426.00"
"Tue Jun 17 2025 10:50:00 GMT+0530 (India Standard Time)","6426.00","6434.50","6424.00","6426.50"
"Tue Jun 17 2025 10:55:00 GMT+0530 (India Standard Time)","6426.50","6429.00","6424.50","6428.00"
"Tue Jun 17 2025 11:00:00 GMT+0530 (India Standard Time)","6428.00","6433.00","6422.50","6432.50"
"Tue Jun 17 2025 11:05:00 GMT+0530 (India Standard Time)","6432.50","6445.50","6432.50","6444.50"
"Tue Jun 17 2025 11:10:00 GMT+0530 (India Standard Time)","6445.00","6450.00","6440.50","6446.00"
"Tue Jun 17 2025 11:15:00 GMT+0530 (India Standard Time)","6446.00","6446.00","6396.00","6399.50"
"Tue Jun 17 2025 11:20:00 GMT+0530 (India Standard Time)","6399.50","6416.00","6398.00","6406.50"
"Tue Jun 17 2025 11:25:00 GMT+0530 (India Standard Time)","6406.50","6411.50","6406.50","6407.50"
"Tue Jun 17 2025 11:30:00 GMT+0530 (India Standard Time)","6405.00","6431.50","6402.00","6426.00"
"Tue Jun 17 2025 11:35:00 GMT+0530 (India Standard Time)","6426.00","6435.50","6423.50","6427.50"
"Tue Jun 17 2025 11:40:00 GMT+0530 (India Standard Time)","6427.50","6438.00","6427.50","6437.00"
"Tue Jun 17 2025 11:45:00 GMT+0530 (India Standard Time)","6437.00","6438.00","6430.50","6433.50"
"Tue Jun 17 2025 11:50:00 GMT+0530 (India Standard Time)","6433.50","6435.00","6422.00","6422.50"
"Tue Jun 17 2025 11:55:00 GMT+0530 (India Standard Time)","6422.50","6422.50","6412.00","6418.50"
"Tue Jun 17 2025 12:00:00 GMT+0530 (India Standard Time)","6418.50","6419.00","6413.00","6413.00"
"Tue Jun 17 2025 12:05:00 GMT+0530 (India Standard Time)","6413.00","6420.00","6412.50","6420.00"
"Tue Jun 17 2025 12:10:00 GMT+0530 (India Standard Time)","6420.00","6425.00","6419.50","6423.00"
"Tue Jun 17 2025 12:15:00 GMT+0530 (India Standard Time)","6423.00","6428.00","6417.00","6427.50"
"Tue Jun 17 2025 12:20:00 GMT+0530 (India Standard Time)","6427.50","6431.50","6422.50","6430.00"
"Tue Jun 17 2025 12:25:00 GMT+0530 (India Standard Time)","6430.00","6430.00","6423.00","6423.50"
"Tue Jun 17 2025 12:30:00 GMT+0530 (India Standard Time)","6423.50","6428.00","6417.50","6417.50"
"Tue Jun 17 2025 12:35:00 GMT+0530 (India Standard Time)","6417.50","6424.50","6416.50","6424.00"
"Tue Jun 17 2025 12:40:00 GMT+0530 (India Standard Time)","6424.00","6424.00","6418.50","6419.50"
"Tue Jun 17 2025 12:45:00 GMT+0530 (India Standard Time)","6419.50","6420.00","6413.50","6415.50"
"Tue Jun 17 2025 12:50:00 GMT+0530 (India Standard Time)","6415.50","6416.00","6393.50","6395.50"
"Tue Jun 17 2025 12:55:00 GMT+0530 (India Standard Time)","6395.50","6428.00","6386.50","6424.00"
"Tue Jun 17 2025 13:00:00 GMT+0530 (India Standard Time)","6424.00","6427.50","6420.00","6420.00"
"Tue Jun 17 2025 13:05:00 GMT+0530 (India Standard Time)","6420.00","6425.50","6415.50","6421.00"
"Tue Jun 17 2025 13:10:00 GMT+0530 (India Standard Time)","6421.00","6429.00","6421.00","6425.50"
"Tue Jun 17 2025 13:15:00 GMT+0530 (India Standard Time)","6425.50","6428.50","6421.50","6426.00"
"Tue Jun 17 2025 13:20:00 GMT+0530 (India Standard Time)","6419.50","6419.50","6415.00","6418.00"
"Tue Jun 17 2025 13:25:00 GMT+0530 (India Standard Time)","6418.00","6428.00","6415.50","6424.50"
"Tue Jun 17 2025 13:30:00 GMT+0530 (India Standard Time)","6424.50","6428.00","6424.00","6425.00"
"Tue Jun 17 2025 13:35:00 GMT+0530 (India Standard Time)","6425.00","6434.50","6425.00","6431.00"
"Tue Jun 17 2025 13:40:00 GMT+0530 (India Standard Time)","6431.00","6434.00","6430.50","6432.00"
"Tue Jun 17 2025 13:45:00 GMT+0530 (India Standard Time)","6432.00","6433.00","6421.50","6423.50"
"Tue Jun 17 2025 13:50:00 GMT+0530 (India Standard Time)","6423.50","6427.50","6423.00","6425.00"
"Tue Jun 17 2025 13:55:00 GMT+0530 (India Standard Time)","6425.00","6427.50","6421.00","6421.00"
"Tue Jun 17 2025 14:00:00 GMT+0530 (India Standard Time)","6421.00","6427.50","6420.50","6426.00"
"Tue Jun 17 2025 14:05:00 GMT+0530 (India Standard Time)","6426.00","6428.00","6421.00","6422.50"
"Tue Jun 17 2025 14:10:00 GMT+0530 (India Standard Time)","6422.50","6429.50","6422.50","6425.50"
"Tue Jun 17 2025 14:15:00 GMT+0530 (India Standard Time)","6425.50","6428.00","6424.50","6424.50"
"Tue Jun 17 2025 14:20:00 GMT+0530 (India Standard Time)","6424.50","6428.00","6417.50","6423.00"
"Tue Jun 17 2025 14:25:00 GMT+0530 (India Standard Time)","6421.00","6424.50","6415.50","6419.50"
"Tue Jun 17 2025 14:30:00 GMT+0530 (India Standard Time)","6419.00","6422.50","6414.00","6414.00"
"Tue Jun 17 2025 14:35:00 GMT+0530 (India Standard Time)","6407.50","6421.00","6407.50","6416.50"
"Tue Jun 17 2025 14:40:00 GMT+0530 (India Standard Time)","6418.50","6432.50","6418.00","6432.50"
"Tue Jun 17 2025 14:45:00 GMT+0530 (India Standard Time)","6432.50","6432.50","6422.00","6423.50"
"Tue Jun 17 2025 14:50:00 GMT+0530 (India Standard Time)","6423.50","6425.00","6402.00","6407.50"
"Tue Jun 17 2025 14:55:00 GMT+0530 (India Standard Time)","6407.50","6419.50","6400.00","6415.00"
"Tue Jun 17 2025 15:00:00 GMT+0530 (India Standard Time)","6416.00","6419.00","6415.00","6415.00"
"Tue Jun 17 2025 15:05:00 GMT+0530 (India Standard Time)","6415.00","6424.00","6415.00","6422.00"
"Tue Jun 17 2025 15:10:00 GMT+0530 (India Standard Time)","6424.00","6426.00","6418.50","6425.00"
"Tue Jun 17 2025 15:15:00 GMT+0530 (India Standard Time)","6425.00","6425.50","6416.50","6418.00"
"Tue Jun 17 2025 15:20:00 GMT+0530 (India Standard Time)","6417.00","6420.00","6415.00","6415.00"
"Tue Jun 17 2025 15:25:00 GMT+0530 (India Standard Time)","6415.00","6426.00","6415.00","6415.00"
"Wed Jun 18 2025 09:15:00 GMT+0530 (India Standard Time)","6419.00","6433.50","6406.00","6408.00"
"Wed Jun 18 2025 09:20:00 GMT+0530 (India Standard Time)","6408.00","6467.00","6408.00","6463.50"
"Wed Jun 18 2025 09:25:00 GMT+0530 (India Standard Time)","6463.50","6470.00","6443.50","6446.00"
"Wed Jun 18 2025 09:30:00 GMT+0530 (India Standard Time)","6446.00","6463.50","6431.50","6460.50"
"Wed Jun 18 2025 09:35:00 GMT+0530 (India Standard Time)","6462.00","6464.00","6455.00","6462.00"
"Wed Jun 18 2025 09:40:00 GMT+0530 (India Standard Time)","6455.00","6459.50","6435.50","6437.50"
"Wed Jun 18 2025 09:45:00 GMT+0530 (India Standard Time)","6437.50","6450.00","6437.50","6446.50"
"Wed Jun 18 2025 09:50:00 GMT+0530 (India Standard Time)","6447.00","6455.00","6444.00","6445.00"
"Wed Jun 18 2025 09:55:00 GMT+0530 (India Standard Time)","6445.00","6450.00","6443.50","6448.50"
"Wed Jun 18 2025 10:00:00 GMT+0530 (India Standard Time)","6448.50","6448.50","6424.00","6425.00"
"Wed Jun 18 2025 10:05:00 GMT+0530 (India Standard Time)","6423.50","6427.00","6413.50","6414.00"
"Wed Jun 18 2025 10:10:00 GMT+0530 (India Standard Time)","6414.00","6425.50","6414.00","6425.00"
"Wed Jun 18 2025 10:15:00 GMT+0530 (India Standard Time)","6425.00","6429.50","6420.00","6423.50"
"Wed Jun 18 2025 10:20:00 GMT+0530 (India Standard Time)","6423.50","6428.00","6405.00","6406.50"
"Wed Jun 18 2025 10:25:00 GMT+0530 (India Standard Time)","6406.50","6419.50","6400.50","6415.00"
"Wed Jun 18 2025 10:30:00 GMT+0530 (India Standard Time)","6415.00","6417.00","6401.00","6402.50"
"Wed Jun 18 2025 10:35:00 GMT+0530 (India Standard Time)","6402.50","6404.50","6387.50","6400.00"
"Wed Jun 18 2025 10:40:00 GMT+0530 (India Standard Time)","6400.00","6406.00","6397.50","6398.00"
"Wed Jun 18 2025 10:45:00 GMT+0530 (India Standard Time)","6398.00","6401.50","6388.00","6388.00"
"Wed Jun 18 2025 10:50:00 GMT+0530 (India Standard Time)","6388.00","6390.00","6375.00","6380.00"
"Wed Jun 18 2025 10:55:00 GMT+0530 (India Standard Time)","6380.00","6393.50","6376.50","6387.00"
"Wed Jun 18 2025 11:00:00 GMT+0530 (India Standard Time)","6387.00","6391.00","6382.50","6391.00"
"Wed Jun 18 2025 11:05:00 GMT+0530 (India Standard Time)","6391.00","6393.50","6382.50","6393.50"
"Wed Jun 18 2025 11:10:00 GMT+0530 (India Standard Time)","6393.50","6397.50","6383.50","6388.00"
"Wed Jun 18 2025 11:15:00 GMT+0530 (India Standard Time)","6388.00","6388.00","6381.50","6387.00"
"Wed Jun 18 2025 11:20:00 GMT+0530 (India Standard Time)","6387.00","6387.50","6365.00","6366.00"
"Wed Jun 18 2025 11:25:00 GMT+0530 (India Standard Time)","6366.00","6375.00","6360.00","6361.00"
"Wed Jun 18 2025 11:30:00 GMT+0530 (India Standard Time)","6361.00","6362.50","6350.00","6354.00"
"Wed Jun 18 2025 11:35:00 GMT+0530 (India Standard Time)","6354.00","6368.50","6350.50","6363.00"
"Wed Jun 18 2025 11:40:00 GMT+0530 (India Standard Time)","6363.00","6375.00","6363.00","6375.00"
"Wed Jun 18 2025 11:45:00 GMT+0530 (India Standard Time)","6375.00","6379.00","6375.00","6379.00"
"Wed Jun 18 2025 11:50:00 GMT+0530 (India Standard Time)","6379.00","6379.00","6363.00","6363.00"
"Wed Jun 18 2025 11:55:00 GMT+0530 (India Standard Time)","6363.00","6365.00","6360.50","6364.50"
"Wed Jun 18 2025 12:00:00 GMT+0530 (India Standard Time)","6364.50","6368.00","6356.50","6368.00"
"Wed Jun 18 2025 12:05:00 GMT+0530 (India Standard Time)","6368.00","6377.00","6365.00","6376.00"
"Wed Jun 18 2025 12:10:00 GMT+0530 (India Standard Time)","6376.00","6378.50","6370.00","6375.50"
"Wed Jun 18 2025 12:15:00 GMT+0530 (India Standard Time)","6375.50","6375.50","6366.00","6366.50"
"Wed Jun 18 2025 12:20:00 GMT+0530 (India Standard Time)","6366.50","6379.50","6365.50","6373.50"
"Wed Jun 18 2025 12:25:00 GMT+0530 (India Standard Time)","6373.50","6379.50","6371.50","6378.00"
"Wed Jun 18 2025 12:30:00 GMT+0530 (India Standard Time)","6378.00","6378.00","6366.50","6370.50"
"Wed Jun 18 2025 12:35:00 GMT+0530 (India Standard Time)","6370.50","6385.50","6370.50","6383.00"
"Wed Jun 18 2025 12:40:00 GMT+0530 (India Standard Time)","6383.00","6385.00","6377.00","6377.00"
"Wed Jun 18 2025 12:45:00 GMT+0530 (India Standard Time)","6377.00","6387.50","6375.00","6382.00"
"Wed Jun 18 2025 12:50:00 GMT+0530 (India Standard Time)","6382.00","6387.50","6382.00","6386.50"
"Wed Jun 18 2025 12:55:00 GMT+0530 (India Standard Time)","6386.50","6391.50","6386.50","6390.00"
"Wed Jun 18 2025 13:00:00 GMT+0530 (India Standard Time)","6391.00","6397.50","6390.00","6397.00"
"Wed Jun 18 2025 13:05:00 GMT+0530 (India Standard Time)","6397.00","6397.00","6393.50","6397.00"
"Wed Jun 18 2025 13:10:00 GMT+0530 (India Standard Time)","6397.00","6405.50","6395.50","6404.50"
"Wed Jun 18 2025 13:15:00 GMT+0530 (India Standard Time)","6404.50","6404.50","6386.00","6391.00"
"Wed Jun 18 2025 13:20:00 GMT+0530 (India Standard Time)","6391.00","6400.00","6391.00","6400.00"
"Wed Jun 18 2025 13:25:00 GMT+0530 (India Standard Time)","6400.00","6403.00","6400.00","6400.00"
"Wed Jun 18 2025 13:30:00 GMT+0530 (India Standard Time)","6400.00","6410.00","6400.00","6410.00"
"Wed Jun 18 2025 13:35:00 GMT+0530 (India Standard Time)","6410.00","6416.00","6410.00","6413.50"
"Wed Jun 18 2025 13:40:00 GMT+0530 (India Standard Time)","6413.50","6414.00","6405.50","6406.00"
"Wed Jun 18 2025 13:45:00 GMT+0530 (India Standard Time)","6406.00","6406.00","6400.00","6400.00"
"Wed Jun 18 2025 13:50:00 GMT+0530 (India Standard Time)","6400.00","6403.00","6400.00","6402.00"
"Wed Jun 18 2025 13:55:00 GMT+0530 (India Standard Time)","6402.00","6404.00","6400.00","6404.00"
"Wed Jun 18 2025 14:00:00 GMT+0530 (India Standard Time)","6404.00","6409.50","6402.00","6407.00"
"Wed Jun 18 2025 14:05:00 GMT+0530 (India Standard Time)","6407.00","6407.50","6402.00","6407.50"
"Wed Jun 18 2025 14:10:00 GMT+0530 (India Standard Time)","6407.50","6411.50","6403.50","6408.00"
"Wed Jun 18 2025 14:15:00 GMT+0530 (India Standard Time)","6408.00","6409.00","6400.50","6401.00"
"Wed Jun 18 2025 14:20:00 GMT+0530 (India Standard Time)","6402.50","6405.00","6400.00","6400.00"
"Wed Jun 18 2025 14:25:00 GMT+0530 (India Standard Time)","6400.00","6404.50","6400.00","6401.50"
"Wed Jun 18 2025 14:30:00 GMT+0530 (India Standard Time)","6401.50","6416.00","6401.50","6411.00"
"Wed Jun 18 2025 14:35:00 GMT+0530 (India Standard Time)","6411.00","6420.00","6411.00","6412.50"
"Wed Jun 18 2025 14:40:00 GMT+0530 (India Standard Time)","6412.50","6424.00","6412.50","6423.50"
"Wed Jun 18 2025 14:45:00 GMT+0530 (India Standard Time)","6423.50","6428.00","6419.50","6428.00"
"Wed Jun 18 2025 14:50:00 GMT+0530 (India Standard Time)","6428.00","6450.50","6425.00","6439.00"
"Wed Jun 18 2025 14:55:00 GMT+0530 (India Standard Time)","6439.00","6457.00","6434.00","6456.00"
"Wed Jun 18 2025 15:00:00 GMT+0530 (India Standard Time)","6453.50","6459.50","6450.00","6450.50"
"Wed Jun 18 2025 15:05:00 GMT+0530 (India Standard Time)","6450.50","6458.00","6450.00","6458.00"
"Wed Jun 18 2025 15:10:00 GMT+0530 (India Standard Time)","6458.00","6460.00","6455.00","6460.00"
"Wed Jun 18 2025 15:15:00 GMT+0530 (India Standard Time)","6460.00","6462.50","6440.50","6445.50"
"Wed Jun 18 2025 15:20:00 GMT+0530 (India Standard Time)","6449.00","6450.00","6436.00","6438.50"
"Wed Jun 18 2025 15:25:00 GMT+0530 (India Standard Time)","6438.50","6443.00","6412.50","6443.00"
"Thu Jun 19 2025 09:15:00 GMT+0530 (India Standard Time)","6485.50","6487.00","6431.00","6435.00"
"Thu Jun 19 2025 09:20:00 GMT+0530 (India Standard Time)","6435.50","6435.50","6389.50","6406.50"
"Thu Jun 19 2025 09:25:00 GMT+0530 (India Standard Time)","6408.00","6413.50","6382.50","6391.00"
"Thu Jun 19 2025 09:30:00 GMT+0530 (India Standard Time)","6391.00","6419.00","6384.50","6419.00"
"Thu Jun 19 2025 09:35:00 GMT+0530 (India Standard Time)","6419.00","6420.00","6410.00","6417.50"
"Thu Jun 19 2025 09:40:00 GMT+0530 (India Standard Time)","6418.00","6428.50","6411.50","6411.50"
"Thu Jun 19 2025 09:45:00 GMT+0530 (India Standard Time)","6415.00","6422.00","6407.50","6407.50"
"Thu Jun 19 2025 09:50:00 GMT+0530 (India Standard Time)","6407.50","6409.50","6386.00","6392.50"
"Thu Jun 19 2025 09:55:00 GMT+0530 (India Standard Time)","6392.00","6393.50","6375.00","6384.50"
"Thu Jun 19 2025 10:00:00 GMT+0530 (India Standard Time)","6384.50","6384.50","6366.00","6374.00"
"Thu Jun 19 2025 10:05:00 GMT+0530 (India Standard Time)","6374.00","6382.00","6350.00","6350.00"
"Thu Jun 19 2025 10:10:00 GMT+0530 (India Standard Time)","6351.50","6371.00","6350.00","6361.00"
"Thu Jun 19 2025 10:15:00 GMT+0530 (India Standard Time)","6361.00","6365.00","6354.50","6359.50"
"Thu Jun 19 2025 10:20:00 GMT+0530 (India Standard Time)","6357.00","6373.50","6356.00","6370.00"
"Thu Jun 19 2025 10:25:00 GMT+0530 (India Standard Time)","6370.00","6372.00","6346.00","6347.50"
"Thu Jun 19 2025 10:30:00 GMT+0530 (India Standard Time)","6350.00","6350.00","6331.00","6335.00"
"Thu Jun 19 2025 10:35:00 GMT+0530 (India Standard Time)","6335.00","6345.00","6327.00","6342.00"
"Thu Jun 19 2025 10:40:00 GMT+0530 (India Standard Time)","6342.00","6344.00","6330.50","6333.00"
"Thu Jun 19 2025 10:45:00 GMT+0530 (India Standard Time)","6333.00","6346.50","6331.00","6346.50"
"Thu Jun 19 2025 10:50:00 GMT+0530 (India Standard Time)","6346.50","6355.00","6343.50","6345.50"
"Thu Jun 19 2025 10:55:00 GMT+0530 (India Standard Time)","6345.50","6355.50","6334.50","6341.00"
"Thu Jun 19 2025 11:00:00 GMT+0530 (India Standard Time)","6341.00","6341.00","6331.00","6334.50"
"Thu Jun 19 2025 11:05:00 GMT+0530 (India Standard Time)","6336.00","6337.50","6327.00","6329.50"
"Thu Jun 19 2025 11:10:00 GMT+0530 (India Standard Time)","6329.50","6335.50","6325.00","6335.00"
"Thu Jun 19 2025 11:15:00 GMT+0530 (India Standard Time)","6335.50","6340.50","6331.50","6332.00"
"Thu Jun 19 2025 11:20:00 GMT+0530 (India Standard Time)","6332.00","6340.00","6328.50","6335.00"
"Thu Jun 19 2025 11:25:00 GMT+0530 (India Standard Time)","6335.00","6336.00","6327.00","6327.50"
"Thu Jun 19 2025 11:30:00 GMT+0530 (India Standard Time)","6327.50","6340.00","6327.00","6338.00"
"Thu Jun 19 2025 11:35:00 GMT+0530 (India Standard Time)","6338.00","6338.00","6317.00","6325.00"
"Thu Jun 19 2025 11:40:00 GMT+0530 (India Standard Time)","6325.00","6331.50","6320.00","6330.00"
"Thu Jun 19 2025 11:45:00 GMT+0530 (India Standard Time)","6329.00","6330.00","6323.50","6326.00"
"Thu Jun 19 2025 11:50:00 GMT+0530 (India Standard Time)","6326.00","6330.00","6324.00","6324.00"
"Thu Jun 19 2025 11:55:00 GMT+0530 (India Standard Time)","6324.00","6328.00","6320.50","6325.00"
"Thu Jun 19 2025 12:00:00 GMT+0530 (India Standard Time)","6325.00","6325.50","6314.00","6321.50"
"Thu Jun 19 2025 12:05:00 GMT+0530 (India Standard Time)","6324.00","6329.50","6321.50","6327.00"
"Thu Jun 19 2025 12:10:00 GMT+0530 (India Standard Time)","6327.00","6328.00","6317.50","6321.00"
"Thu Jun 19 2025 12:15:00 GMT+0530 (India Standard Time)","6321.00","6321.00","6307.50","6307.50"
"Thu Jun 19 2025 12:20:00 GMT+0530 (India Standard Time)","6309.50","6313.50","6300.00","6312.50"
"Thu Jun 19 2025 12:25:00 GMT+0530 (India Standard Time)","6312.00","6322.50","6311.00","6318.00"
"Thu Jun 19 2025 12:30:00 GMT+0530 (India Standard Time)","6318.00","6318.00","6309.00","6309.00"
"Thu Jun 19 2025 12:35:00 GMT+0530 (India Standard Time)","6310.00","6310.50","6302.50","6303.50"
"Thu Jun 19 2025 12:40:00 GMT+0530 (India Standard Time)","6303.50","6303.50","6285.00","6287.00"
"Thu Jun 19 2025 12:45:00 GMT+0530 (India Standard Time)","6287.00","6289.50","6273.50","6280.50"
"Thu Jun 19 2025 12:50:00 GMT+0530 (India Standard Time)","6280.50","6288.50","6279.00","6280.50"
"Thu Jun 19 2025 12:55:00 GMT+0530 (India Standard Time)","6280.50","6280.50","6273.00","6276.50"
"Thu Jun 19 2025 13:00:00 GMT+0530 (India Standard Time)","6276.50","6282.50","6266.00","6269.50"
"Thu Jun 19 2025 13:05:00 GMT+0530 (India Standard Time)","6269.50","6316.00","6265.50","6312.00"
"Thu Jun 19 2025 13:10:00 GMT+0530 (India Standard Time)","6311.00","6311.00","6291.00","6295.00"
"Thu Jun 19 2025 13:15:00 GMT+0530 (India Standard Time)","6293.50","6294.50","6267.00","6276.00"
"Thu Jun 19 2025 13:20:00 GMT+0530 (India Standard Time)","6276.00","6276.00","6254.00","6258.00"
"Thu Jun 19 2025 13:25:00 GMT+0530 (India Standard Time)","6257.00","6269.00","6255.50","6255.50"
"Thu Jun 19 2025 13:30:00 GMT+0530 (India Standard Time)","6255.50","6260.50","6244.00","6254.00"
"Thu Jun 19 2025 13:35:00 GMT+0530 (India Standard Time)","6254.00","6260.00","6247.50","6259.50"
"Thu Jun 19 2025 13:40:00 GMT+0530 (India Standard Time)","6259.50","6260.00","6242.50","6248.50"
"Thu Jun 19 2025 13:45:00 GMT+0530 (India Standard Time)","6248.50","6254.00","6242.00","6252.00"
"Thu Jun 19 2025 13:50:00 GMT+0530 (India Standard Time)","6252.00","6259.50","6250.00","6259.00"
"Thu Jun 19 2025 13:55:00 GMT+0530 (India Standard Time)","6259.00","6259.00","6250.00","6259.00"
"Thu Jun 19 2025 14:00:00 GMT+0530 (India Standard Time)","6259.00","6276.00","6259.00","6273.50"
"Thu Jun 19 2025 14:05:00 GMT+0530 (India Standard Time)","6273.00","6278.00","6269.00","6270.00"
"Thu Jun 19 2025 14:10:00 GMT+0530 (India Standard Time)","6270.00","6275.50","6260.00","6263.50"
"Thu Jun 19 2025 14:15:00 GMT+0530 (India Standard Time)","6267.00","6275.00","6259.50","6262.00"
"Thu Jun 19 2025 14:20:00 GMT+0530 (India Standard Time)","6262.00","6277.50","6262.00","6275.00"
"Thu Jun 19 2025 14:25:00 GMT+0530 (India Standard Time)","6272.50","6273.00","6252.00","6252.00"
"Thu Jun 19 2025 14:30:00 GMT+0530 (India Standard Time)","6252.00","6265.50","6252.00","6262.00"
"Thu Jun 19 2025 14:35:00 GMT+0530 (India Standard Time)","6262.00","6264.00","6252.00","6252.00"
"Thu Jun 19 2025 14:40:00 GMT+0530 (India Standard Time)","6252.00","6252.50","6240.00","6245.00"
"Thu Jun 19 2025 14:45:00 GMT+0530 (India Standard Time)","6246.00","6250.00","6243.50","6243.50"
"Thu Jun 19 2025 14:50:00 GMT+0530 (India Standard Time)","6243.00","6246.00","6240.00","6241.50"
"Thu Jun 19 2025 14:55:00 GMT+0530 (India Standard Time)","6241.50","6243.00","6231.50","6234.00"
"Thu Jun 19 2025 15:00:00 GMT+0530 (India Standard Time)","6234.00","6234.00","6217.50","6233.50"
"Thu Jun 19 2025 15:05:00 GMT+0530 (India Standard Time)","6233.00","6233.00","6210.50","6223.00"
"Thu Jun 19 2025 15:10:00 GMT+0530 (India Standard Time)","6224.50","6234.00","6216.00","6224.00"
"Thu Jun 19 2025 15:15:00 GMT+0530 (India Standard Time)","6221.50","6234.00","6211.00","6211.00"
"Thu Jun 19 2025 15:20:00 GMT+0530 (India Standard Time)","6212.50","6221.50","6208.00","6215.00"
"Thu Jun 19 2025 15:25:00 GMT+0530 (India Standard Time)","6215.00","6220.00","6208.50","6220.00"
"Fri Jun 20 2025 09:15:00 GMT+0530 (India Standard Time)","6246.00","6294.50","6219.00","6247.00"
"Fri Jun 20 2025 09:20:00 GMT+0530 (India Standard Time)","6247.00","6250.50","6220.00","6225.50"
"Fri Jun 20 2025 09:25:00 GMT+0530 (India Standard Time)","6226.50","6246.50","6200.50","6225.00"
"Fri Jun 20 2025 09:30:00 GMT+0530 (India Standard Time)","6225.00","6245.00","6221.50","6230.50"
"Fri Jun 20 2025 09:35:00 GMT+0530 (India Standard Time)","6230.50","6270.50","6230.50","6266.00"
"Fri Jun 20 2025 09:40:00 GMT+0530 (India Standard Time)","6266.00","6296.00","6264.00","6289.00"
"Fri Jun 20 2025 09:45:00 GMT+0530 (India Standard Time)","6289.00","6291.00","6280.00","6280.00"
"Fri Jun 20 2025 09:50:00 GMT+0530 (India Standard Time)","6280.00","6280.00","6240.50","6244.50"
"Fri Jun 20 2025 09:55:00 GMT+0530 (India Standard Time)","6241.50","6243.00","6228.50","6236.50"
"Fri Jun 20 2025 10:00:00 GMT+0530 (India Standard Time)","6238.50","6247.00","6229.00","6236.50"
"Fri Jun 20 2025 10:05:00 GMT+0530 (India Standard Time)","6236.50","6243.00","6233.50","6240.00"
"Fri Jun 20 2025 10:10:00 GMT+0530 (India Standard Time)","6240.00","6242.50","6235.50","6237.00"
"Fri Jun 20 2025 10:15:00 GMT+0530 (India Standard Time)","6237.00","6250.00","6237.00","6249.00"
"Fri Jun 20 2025 10:20:00 GMT+0530 (India Standard Time)","6249.00","6255.50","6245.00","6255.50"
"Fri Jun 20 2025 10:25:00 GMT+0530 (India Standard Time)","6255.50","6259.00","6251.50","6254.00"
"Fri Jun 20 2025 10:30:00 GMT+0530 (India Standard Time)","6254.00","6261.00","6234.00","6235.00"
"Fri Jun 20 2025 10:35:00 GMT+0530 (India Standard Time)","6235.00","6239.00","6225.50","6228.00"
"Fri Jun 20 2025 10:40:00 GMT+0530 (India Standard Time)","6230.00","6230.50","6215.00","6218.50"
"Fri Jun 20 2025 10:45:00 GMT+0530 (India Standard Time)","6218.50","6233.50","6216.00","6232.00"
"Fri Jun 20 2025 10:50:00 GMT+0530 (India Standard Time)","6232.00","6232.00","6222.00","6227.00"
"Fri Jun 20 2025 10:55:00 GMT+0530 (India Standard Time)","6227.00","6234.50","6222.00","6227.00"
"Fri Jun 20 2025 11:00:00 GMT+0530 (India Standard Time)","6227.00","6235.00","6221.50","6235.00"
"Fri Jun 20 2025 11:05:00 GMT+0530 (India Standard Time)","6235.00","6239.50","6228.50","6234.50"
"Fri Jun 20 2025 11:10:00 GMT+0530 (India Standard Time)","6234.50","6240.00","6232.00","6240.00"
"Fri Jun 20 2025 11:15:00 GMT+0530 (India Standard Time)","6236.50","6245.00","6236.50","6244.00"
"Fri Jun 20 2025 11:20:00 GMT+0530 (India Standard Time)","6244.00","6250.00","6243.50","6244.00"
"Fri Jun 20 2025 11:25:00 GMT+0530 (India Standard Time)","6244.00","6245.00","6234.50","6239.00"
"Fri Jun 20 2025 11:30:00 GMT+0530 (India Standard Time)","6239.00","6261.00","6239.00","6255.50"
"Fri Jun 20 2025 11:35:00 GMT+0530 (India Standard Time)","6255.00","6265.00","6255.00","6265.00"
"Fri Jun 20 2025 11:40:00 GMT+0530 (India Standard Time)","6265.00","6279.50","6262.00","6275.50"
"Fri Jun 20 2025 11:45:00 GMT+0530 (India Standard Time)","6275.50","6285.00","6275.50","6281.50"
"Fri Jun 20 2025 11:50:00 GMT+0530 (India Standard Time)","6281.50","6294.00","6279.00","6294.00"
"Fri Jun 20 2025 11:55:00 GMT+0530 (India Standard Time)","6294.00","6294.00","6283.00","6286.50"
"Fri Jun 20 2025 12:00:00 GMT+0530 (India Standard Time)","6286.50","6287.00","6280.50","6285.50"
"Fri Jun 20 2025 12:05:00 GMT+0530 (India Standard Time)","6285.50","6287.50","6283.00","6283.00"
"Fri Jun 20 2025 12:10:00 GMT+0530 (India Standard Time)","6283.00","6286.00","6281.50","6283.00"
"Fri Jun 20 2025 12:15:00 GMT+0530 (India Standard Time)","6283.00","6290.00","6283.00","6283.00"
"Fri Jun 20 2025 12:20:00 GMT+0530 (India Standard Time)","6283.00","6284.00","6269.00","6280.00"
"Fri Jun 20 2025 12:25:00 GMT+0530 (India Standard Time)","6283.00","6285.00","6253.50","6257.50"
"Fri Jun 20 2025 12:30:00 GMT+0530 (India Standard Time)","6257.50","6257.50","6231.50","6233.50"
"Fri Jun 20 2025 12:35:00 GMT+0530 (India Standard Time)","6233.50","6246.00","6216.00","6242.00"
"Fri Jun 20 2025 12:40:00 GMT+0530 (India Standard Time)","6242.00","6285.00","6242.00","6283.00"
"Fri Jun 20 2025 12:45:00 GMT+0530 (India Standard Time)","6283.00","6292.50","6282.00","6292.50"
"Fri Jun 20 2025 12:50:00 GMT+0530 (India Standard Time)","6292.50","6293.50","6287.50","6288.50"
"Fri Jun 20 2025 12:55:00 GMT+0530 (India Standard Time)","6288.50","6292.50","6281.50","6288.50"
"Fri Jun 20 2025 13:00:00 GMT+0530 (India Standard Time)","6288.50","6294.00","6287.50","6290.00"
"Fri Jun 20 2025 13:05:00 GMT+0530 (India Standard Time)","6290.00","6293.50","6288.50","6288.50"
"Fri Jun 20 2025 13:10:00 GMT+0530 (India Standard Time)","6288.50","6294.00","6284.50","6286.50"
"Fri Jun 20 2025 13:15:00 GMT+0530 (India Standard Time)","6286.50","6292.00","6286.50","6286.50"
"Fri Jun 20 2025 13:20:00 GMT+0530 (India Standard Time)","6286.50","6290.50","6283.00","6283.00"
"Fri Jun 20 2025 13:25:00 GMT+0530 (India Standard Time)","6283.00","6287.00","6283.00","6284.50"
"Fri Jun 20 2025 13:30:00 GMT+0530 (India Standard Time)","6284.50","6286.50","6283.00","6283.00"
"Fri Jun 20 2025 13:35:00 GMT+0530 (India Standard Time)","6283.00","6287.50","6283.00","6283.50"
"Fri Jun 20 2025 13:40:00 GMT+0530 (India Standard Time)","6283.50","6288.00","6283.50","6288.00"
"Fri Jun 20 2025 13:45:00 GMT+0530 (India Standard Time)","6288.00","6294.00","6287.00","6291.50"
"Fri Jun 20 2025 13:50:00 GMT+0530 (India Standard Time)","6296.00","6320.50","6294.50","6309.50"
"Fri Jun 20 2025 13:55:00 GMT+0530 (India Standard Time)","6309.50","6313.50","6305.00","6306.50"
"Fri Jun 20 2025 14:00:00 GMT+0530 (India Standard Time)","6306.50","6310.00","6291.50","6294.00"
"Fri Jun 20 2025 14:05:00 GMT+0530 (India Standard Time)","6294.00","6296.50","6290.00","6290.00"
"Fri Jun 20 2025 14:10:00 GMT+0530 (India Standard Time)","6290.00","6293.00","6286.00","6289.50"
"Fri Jun 20 2025 14:15:00 GMT+0530 (India Standard Time)","6289.50","6301.50","6286.50","6295.00"
"Fri Jun 20 2025 14:20:00 GMT+0530 (India Standard Time)","6295.00","6295.00","6285.00","6291.50"
"Fri Jun 20 2025 14:25:00 GMT+0530 (India Standard Time)","6291.50","6291.50","6276.50","6280.00"
"Fri Jun 20 2025 14:30:00 GMT+0530 (India Standard Time)","6282.00","6286.00","6277.50","6280.50"
"Fri Jun 20 2025 14:35:00 GMT+0530 (India Standard Time)","6280.50","6295.50","6280.50","6295.50"
"Fri Jun 20 2025 14:40:00 GMT+0530 (India Standard Time)","6295.50","6295.50","6286.00","6286.00"
"Fri Jun 20 2025 14:45:00 GMT+0530 (India Standard Time)","6286.00","6294.00","6283.00","6288.50"
"Fri Jun 20 2025 14:50:00 GMT+0530 (India Standard Time)","6288.50","6291.50","6283.50","6291.50"
"Fri Jun 20 2025 14:55:00 GMT+0530 (India Standard Time)","6291.50","6293.50","6285.00","6291.50"
"Fri Jun 20 2025 15:00:00 GMT+0530 (India Standard Time)","6290.50","6326.00","6290.50","6322.50"
"Fri Jun 20 2025 15:05:00 GMT+0530 (India Standard Time)","6322.50","6324.50","6310.00","6317.00"
"Fri Jun 20 2025 15:10:00 GMT+0530 (India Standard Time)","6319.50","6320.50","6312.00","6312.00"
"Fri Jun 20 2025 15:15:00 GMT+0530 (India Standard Time)","6310.00","6322.00","6305.00","6322.00"
"Fri Jun 20 2025 15:20:00 GMT+0530 (India Standard Time)","6323.00","6332.50","6320.00","6330.50"
"Fri Jun 20 2025 15:25:00 GMT+0530 (India Standard Time)","6329.00","6335.00","6283.00","6283.00"
"Mon Jun 23 2025 09:15:00 GMT+0530 (India Standard Time)","6221.00","6267.00","6164.50","6227.00"
"Mon Jun 23 2025 09:20:00 GMT+0530 (India Standard Time)","6227.00","6282.50","6209.50","6275.50"
"Mon Jun 23 2025 09:25:00 GMT+0530 (India Standard Time)","6275.50","6278.00","6240.50","6260.50"
"Mon Jun 23 2025 09:30:00 GMT+0530 (India Standard Time)","6260.50","6272.50","6245.00","6247.50"
"Mon Jun 23 2025 09:35:00 GMT+0530 (India Standard Time)","6248.00","6266.00","6240.00","6258.50"
"Mon Jun 23 2025 09:40:00 GMT+0530 (India Standard Time)","6263.00","6267.50","6241.00","6256.00"
"Mon Jun 23 2025 09:45:00 GMT+0530 (India Standard Time)","6257.00","6257.00","6230.50","6244.50"
"Mon Jun 23 2025 09:50:00 GMT+0530 (India Standard Time)","6242.50","6258.50","6242.50","6243.00"
"Mon Jun 23 2025 09:55:00 GMT+0530 (India Standard Time)","6243.00","6249.00","6234.00","6240.50"
"Mon Jun 23 2025 10:00:00 GMT+0530 (India Standard Time)","6240.50","6244.00","6236.50","6236.50"
"Mon Jun 23 2025 10:05:00 GMT+0530 (India Standard Time)","6242.00","6261.00","6236.50","6254.00"
"Mon Jun 23 2025 10:10:00 GMT+0530 (India Standard Time)","6254.00","6261.00","6250.50","6257.50"
"Mon Jun 23 2025 10:15:00 GMT+0530 (India Standard Time)","6257.50","6259.50","6246.00","6257.50"
"Mon Jun 23 2025 10:20:00 GMT+0530 (India Standard Time)","6257.50","6274.00","6255.00","6260.00"
"Mon Jun 23 2025 10:25:00 GMT+0530 (India Standard Time)","6265.50","6274.00","6255.50","6265.50"
"Mon Jun 23 2025 10:30:00 GMT+0530 (India Standard Time)","6265.50","6270.00","6256.50","6260.00"
"Mon Jun 23 2025 10:35:00 GMT+0530 (India Standard Time)","6260.00","6275.00","6258.00","6271.50"
"Mon Jun 23 2025 10:40:00 GMT+0530 (India Standard Time)","6271.50","6300.00","6260.00","6287.00"
"Mon Jun 23 2025 10:45:00 GMT+0530 (India Standard Time)","6287.00","6292.00","6282.50","6285.00"
"Mon Jun 23 2025 10:50:00 GMT+0530 (India Standard Time)","6285.00","6289.00","6270.50","6274.00"
"Mon Jun 23 2025 10:55:00 GMT+0530 (India Standard Time)","6274.00","6291.00","6274.00","6288.00"
"Mon Jun 23 2025 11:00:00 GMT+0530 (India Standard Time)","6287.50","6290.50","6284.00","6288.50"
"Mon Jun 23 2025 11:05:00 GMT+0530 (India Standard Time)","6288.50","6295.00","6276.50","6292.00"
"Mon Jun 23 2025 11:10:00 GMT+0530 (India Standard Time)","6292.00","6309.50","6288.50","6304.00"
"Mon Jun 23 2025 11:15:00 GMT+0530 (India Standard Time)","6304.00","6306.50","6291.50","6293.50"
"Mon Jun 23 2025 11:20:00 GMT+0530 (India Standard Time)","6293.50","6310.00","6292.50","6310.00"
"Mon Jun 23 2025 11:25:00 GMT+0530 (India Standard Time)","6310.00","6319.00","6289.00","6292.00"
"Mon Jun 23 2025 11:30:00 GMT+0530 (India Standard Time)","6292.00","6294.00","6283.00","6287.50"
"Mon Jun 23 2025 11:35:00 GMT+0530 (India Standard Time)","6287.50","6291.00","6285.00","6285.00"
"Mon Jun 23 2025 11:40:00 GMT+0530 (India Standard Time)","6285.00","6289.00","6282.00","6288.50"
"Mon Jun 23 2025 11:45:00 GMT+0530 (India Standard Time)","6288.50","6288.50","6282.00","6285.00"
"Mon Jun 23 2025 11:50:00 GMT+0530 (India Standard Time)","6285.00","6285.00","6271.50","6274.00"
"Mon Jun 23 2025 11:55:00 GMT+0530 (India Standard Time)","6274.00","6276.50","6270.00","6273.50"
"Mon Jun 23 2025 12:00:00 GMT+0530 (India Standard Time)","6273.50","6297.00","6273.00","6289.00"
"Mon Jun 23 2025 12:05:00 GMT+0530 (India Standard Time)","6289.00","6301.50","6288.50","6291.00"
"Mon Jun 23 2025 12:10:00 GMT+0530 (India Standard Time)","6291.00","6299.50","6290.00","6290.50"
"Mon Jun 23 2025 12:15:00 GMT+0530 (India Standard Time)","6290.50","6319.50","6290.50","6315.00"
"Mon Jun 23 2025 12:20:00 GMT+0530 (India Standard Time)","6317.50","6317.50","6310.00","6310.50"
"Mon Jun 23 2025 12:25:00 GMT+0530 (India Standard Time)","6310.50","6319.00","6310.00","6319.00"
"Mon Jun 23 2025 12:30:00 GMT+0530 (India Standard Time)","6317.00","6328.00","6316.50","6316.50"
"Mon Jun 23 2025 12:35:00 GMT+0530 (India Standard Time)","6318.50","6327.50","6318.00","6322.50"
"Mon Jun 23 2025 12:40:00 GMT+0530 (India Standard Time)","6322.00","6329.50","6322.00","6324.50"
"Mon Jun 23 2025 12:45:00 GMT+0530 (India Standard Time)","6324.50","6328.00","6320.00","6323.50"
"Mon Jun 23 2025 12:50:00 GMT+0530 (India Standard Time)","6324.00","6337.50","6320.00","6330.00"
"Mon Jun 23 2025 12:55:00 GMT+0530 (India Standard Time)","6331.00","6335.00","6329.00","6330.00"
"Mon Jun 23 2025 13:00:00 GMT+0530 (India Standard Time)","6330.00","6344.00","6330.00","6340.00"
"Mon Jun 23 2025 13:05:00 GMT+0530 (India Standard Time)","6340.00","6345.00","6332.50","6332.50"
"Mon Jun 23 2025 13:10:00 GMT+0530 (India Standard Time)","6333.00","6338.00","6333.00","6333.00"
"Mon Jun 23 2025 13:15:00 GMT+0530 (India Standard Time)","6333.00","6333.00","6325.50","6330.50"
"Mon Jun 23 2025 13:20:00 GMT+0530 (India Standard Time)","6330.50","6341.50","6330.50","6336.50"
"Mon Jun 23 2025 13:25:00 GMT+0530 (India Standard Time)","6336.50","6338.00","6331.00","6332.50"
"Mon Jun 23 2025 13:30:00 GMT+0530 (India Standard Time)","6332.50","6343.00","6328.50","6330.00"
"Mon Jun 23 2025 13:35:00 GMT+0530 (India Standard Time)","6330.00","6340.50","6330.00","6337.00"
"Mon Jun 23 2025 13:40:00 GMT+0530 (India Standard Time)","6337.00","6344.50","6334.50","6334.50"
"Mon Jun 23 2025 13:45:00 GMT+0530 (India Standard Time)","6335.00","6339.00","6330.00","6339.00"
"Mon Jun 23 2025 13:50:00 GMT+0530 (India Standard Time)","6335.50","6340.50","6332.00","6333.50"
"Mon Jun 23 2025 13:55:00 GMT+0530 (India Standard Time)","6333.50","6339.00","6330.00","6331.00"
"Mon Jun 23 2025 14:00:00 GMT+0530 (India Standard Time)","6331.00","6338.00","6331.00","6335.50"
"Mon Jun 23 2025 14:05:00 GMT+0530 (India Standard Time)","6335.50","6339.00","6334.50","6337.00"
"Mon Jun 23 2025 14:10:00 GMT+0530 (India Standard Time)","6337.00","6340.00","6333.00","6336.00"
"Mon Jun 23 2025 14:15:00 GMT+0530 (India Standard Time)","6336.00","6338.00","6334.00","6336.50"
"Mon Jun 23 2025 14:20:00 GMT+0530 (India Standard Time)","6333.50","6335.00","6330.00","6330.00"
"Mon Jun 23 2025 14:25:00 GMT+0530 (India Standard Time)","6330.00","6330.50","6310.00","6313.00"
"Mon Jun 23 2025 14:30:00 GMT+0530 (India Standard Time)","6310.50","6325.00","6310.50","6322.00"
"Mon Jun 23 2025 14:35:00 GMT+0530 (India Standard Time)","6322.00","6326.50","6316.00","6320.00"
"Mon Jun 23 2025 14:40:00 GMT+0530 (India Standard Time)","6320.00","6328.00","6317.00","6320.00"
"Mon Jun 23 2025 14:45:00 GMT+0530 (India Standard Time)","6320.00","6327.50","6315.00","6317.00"
"Mon Jun 23 2025 14:50:00 GMT+0530 (India Standard Time)","6317.50","6323.00","6316.50","6323.00"
"Mon Jun 23 2025 14:55:00 GMT+0530 (India Standard Time)","6323.00","6328.50","6320.50","6325.00"
"Mon Jun 23 2025 15:00:00 GMT+0530 (India Standard Time)","6327.00","6327.50","6315.00","6317.00"
"Mon Jun 23 2025 15:05:00 GMT+0530 (India Standard Time)","6316.50","6323.00","6312.00","6312.00"
"Mon Jun 23 2025 15:10:00 GMT+0530 (India Standard Time)","6312.00","6317.50","6312.00","6315.50"
"Mon Jun 23 2025 15:15:00 GMT+0530 (India Standard Time)","6314.00","6317.00","6303.50","6303.50"
"Mon Jun 23 2025 15:20:00 GMT+0530 (India Standard Time)","6303.00","6314.50","6302.00","6311.50"
"Mon Jun 23 2025 15:25:00 GMT+0530 (India Standard Time)","6310.50","6328.50","6310.50","6325.00"
"Tue Jun 24 2025 09:15:00 GMT+0530 (India Standard Time)","6410.00","6410.00","6336.00","6346.50"
"Tue Jun 24 2025 09:20:00 GMT+0530 (India Standard Time)","6346.50","6346.50","6313.00","6315.00"
"Tue Jun 24 2025 09:25:00 GMT+0530 (India Standard Time)","6314.50","6318.00","6255.00","6266.50"
"Tue Jun 24 2025 09:30:00 GMT+0530 (India Standard Time)","6266.00","6270.00","6241.50","6264.00"
"Tue Jun 24 2025 09:35:00 GMT+0530 (India Standard Time)","6264.00","6273.00","6250.00","6267.50"
"Tue Jun 24 2025 09:40:00 GMT+0530 (India Standard Time)","6267.50","6273.00","6250.50","6258.50"
"Tue Jun 24 2025 09:45:00 GMT+0530 (India Standard Time)","6258.50","6270.00","6254.50","6260.50"
"Tue Jun 24 2025 09:50:00 GMT+0530 (India Standard Time)","6260.50","6270.00","6260.50","6270.00"
"Tue Jun 24 2025 09:55:00 GMT+0530 (India Standard Time)","6270.00","6284.50","6269.00","6280.00"
"Tue Jun 24 2025 10:00:00 GMT+0530 (India Standard Time)","6280.00","6282.00","6259.00","6259.00"
"Tue Jun 24 2025 10:05:00 GMT+0530 (India Standard Time)","6259.00","6261.00","6240.00","6252.00"
"Tue Jun 24 2025 10:10:00 GMT+0530 (India Standard Time)","6252.00","6255.00","6232.00","6253.50"
"Tue Jun 24 2025 10:15:00 GMT+0530 (India Standard Time)","6253.00","6267.00","6240.00","6244.00"
"Tue Jun 24 2025 10:20:00 GMT+0530 (India Standard Time)","6244.00","6260.00","6234.00","6245.50"
"Tue Jun 24 2025 10:25:00 GMT+0530 (India Standard Time)","6245.50","6249.00","6241.00","6244.50"
"Tue Jun 24 2025 10:30:00 GMT+0530 (India Standard Time)","6244.50","6245.00","6225.50","6230.50"
"Tue Jun 24 2025 10:35:00 GMT+0530 (India Standard Time)","6230.50","6234.50","6225.00","6226.00"
"Tue Jun 24 2025 10:40:00 GMT+0530 (India Standard Time)","6226.00","6226.00","6215.50","6220.00"
"Tue Jun 24 2025 10:45:00 GMT+0530 (India Standard Time)","6220.00","6220.00","6204.00","6207.50"
"Tue Jun 24 2025 10:50:00 GMT+0530 (India Standard Time)","6207.50","6227.50","6205.50","6224.00"
"Tue Jun 24 2025 10:55:00 GMT+0530 (India Standard Time)","6224.00","6225.00","6209.50","6215.00"
"Tue Jun 24 2025 11:00:00 GMT+0530 (India Standard Time)","6216.00","6228.00","6211.00","6225.50"
"Tue Jun 24 2025 11:05:00 GMT+0530 (India Standard Time)","6225.50","6246.50","6225.00","6234.50"
"Tue Jun 24 2025 11:10:00 GMT+0530 (India Standard Time)","6234.50","6243.00","6234.50","6239.00"
"Tue Jun 24 2025 11:15:00 GMT+0530 (India Standard Time)","6238.00","6240.00","6231.00","6234.00"
"Tue Jun 24 2025 11:20:00 GMT+0530 (India Standard Time)","6234.00","6238.50","6231.50","6236.50"
"Tue Jun 24 2025 11:25:00 GMT+0530 (India Standard Time)","6236.50","6260.00","6236.50","6257.50"
"Tue Jun 24 2025 11:30:00 GMT+0530 (India Standard Time)","6257.50","6259.50","6254.00","6256.00"
"Tue Jun 24 2025 11:35:00 GMT+0530 (India Standard Time)","6256.00","6259.00","6253.50","6256.00"
"Tue Jun 24 2025 11:40:00 GMT+0530 (India Standard Time)","6256.00","6266.00","6256.00","6264.00"
"Tue Jun 24 2025 11:45:00 GMT+0530 (India Standard Time)","6266.00","6270.00","6261.50","6270.00"
"Tue Jun 24 2025 11:50:00 GMT+0530 (India Standard Time)","6270.00","6273.50","6266.00","6267.50"
"Tue Jun 24 2025 11:55:00 GMT+0530 (India Standard Time)","6267.50","6276.00","6265.00","6275.00"
"Tue Jun 24 2025 12:00:00 GMT+0530 (India Standard Time)","6275.00","6276.00","6263.00","6271.00"
"Tue Jun 24 2025 12:05:00 GMT+0530 (India Standard Time)","6271.00","6279.00","6271.00","6277.50"
"Tue Jun 24 2025 12:10:00 GMT+0530 (India Standard Time)","6277.50","6279.00","6275.00","6276.50"
"Tue Jun 24 2025 12:15:00 GMT+0530 (India Standard Time)","6276.50","6284.00","6275.00","6275.00"
"Tue Jun 24 2025 12:20:00 GMT+0530 (India Standard Time)","6275.00","6278.50","6275.00","6278.50"
"Tue Jun 24 2025 12:25:00 GMT+0530 (India Standard Time)","6278.50","6283.00","6275.00","6283.00"
"Tue Jun 24 2025 12:30:00 GMT+0530 (India Standard Time)","6283.00","6283.50","6276.50","6280.00"
"Tue Jun 24 2025 12:35:00 GMT+0530 (India Standard Time)","6280.00","6282.00","6275.50","6278.00"
"Tue Jun 24 2025 12:40:00 GMT+0530 (India Standard Time)","6278.00","6282.00","6274.50","6278.00"
"Tue Jun 24 2025 12:45:00 GMT+0530 (India Standard Time)","6280.00","6287.50","6273.00","6285.00"
"Tue Jun 24 2025 12:50:00 GMT+0530 (India Standard Time)","6287.50","6288.00","6278.50","6282.50"
"Tue Jun 24 2025 12:55:00 GMT+0530 (India Standard Time)","6282.50","6287.50","6280.00","6281.00"
"Tue Jun 24 2025 13:00:00 GMT+0530 (India Standard Time)","6281.00","6284.00","6276.50","6277.00"
"Tue Jun 24 2025 13:05:00 GMT+0530 (India Standard Time)","6279.50","6281.00","6277.00","6281.00"
"Tue Jun 24 2025 13:10:00 GMT+0530 (India Standard Time)","6281.00","6281.50","6270.00","6272.00"
"Tue Jun 24 2025 13:15:00 GMT+0530 (India Standard Time)","6272.00","6283.00","6272.00","6282.50"
"Tue Jun 24 2025 13:20:00 GMT+0530 (India Standard Time)","6282.50","6282.50","6272.00","6272.00"
"Tue Jun 24 2025 13:25:00 GMT+0530 (India Standard Time)","6272.00","6273.50","6265.00","6272.50"
"Tue Jun 24 2025 13:30:00 GMT+0530 (India Standard Time)","6272.50","6289.50","6265.00","6265.00"
"Tue Jun 24 2025 13:35:00 GMT+0530 (India Standard Time)","6265.00","6265.00","6237.00","6244.00"
"Tue Jun 24 2025 13:40:00 GMT+0530 (India Standard Time)","6244.00","6249.00","6234.00","6239.00"
"Tue Jun 24 2025 13:45:00 GMT+0530 (India Standard Time)","6239.00","6240.00","6226.00","6230.00"
"Tue Jun 24 2025 13:50:00 GMT+0530 (India Standard Time)","6230.00","6246.50","6225.00","6246.50"
"Tue Jun 24 2025 13:55:00 GMT+0530 (India Standard Time)","6246.50","6247.00","6239.00","6247.00"
"Tue Jun 24 2025 14:00:00 GMT+0530 (India Standard Time)","6247.00","6247.00","6223.00","6223.00"
"Tue Jun 24 2025 14:05:00 GMT+0530 (India Standard Time)","6223.00","6232.50","6222.50","6228.00"
"Tue Jun 24 2025 14:10:00 GMT+0530 (India Standard Time)","6228.00","6263.00","6220.00","6250.50"
"Tue Jun 24 2025 14:15:00 GMT+0530 (India Standard Time)","6250.50","6270.00","6250.50","6262.50"
"Tue Jun 24 2025 14:20:00 GMT+0530 (India Standard Time)","6262.50","6270.00","6253.00","6255.00"
"Tue Jun 24 2025 14:25:00 GMT+0530 (India Standard Time)","6256.00","6263.50","6250.00","6253.50"
"Tue Jun 24 2025 14:30:00 GMT+0530 (India Standard Time)","6253.50","6258.00","6252.50","6256.50"
"Tue Jun 24 2025 14:35:00 GMT+0530 (India Standard Time)","6258.00","6269.00","6252.00","6252.00"
"Tue Jun 24 2025 14:40:00 GMT+0530 (India Standard Time)","6252.00","6269.50","6252.00","6262.00"
"Tue Jun 24 2025 14:45:00 GMT+0530 (India Standard Time)","6262.00","6263.00","6251.50","6257.00"
"Tue Jun 24 2025 14:50:00 GMT+0530 (India Standard Time)","6257.00","6267.00","6256.00","6260.50"
"Tue Jun 24 2025 14:55:00 GMT+0530 (India Standard Time)","6263.50","6270.00","6258.50","6259.00"
"Tue Jun 24 2025 15:00:00 GMT+0530 (India Standard Time)","6263.00","6270.00","6256.50","6257.50"
"Tue Jun 24 2025 15:05:00 GMT+0530 (India Standard Time)","6257.50","6270.00","6247.50","6270.00"
"Tue Jun 24 2025 15:10:00 GMT+0530 (India Standard Time)","6274.00","6277.50","6261.50","6263.00"
"Tue Jun 24 2025 15:15:00 GMT+0530 (India Standard Time)","6263.00","6269.00","6260.50","6264.00"
"Tue Jun 24 2025 15:20:00 GMT+0530 (India Standard Time)","6264.50","6266.50","6260.50","6263.00"
"Tue Jun 24 2025 15:25:00 GMT+0530 (India Standard Time)","6264.50","6292.00","6225.00","6225.00"
"Wed Jun 25 2025 09:15:00 GMT+0530 (India Standard Time)","6266.00","6287.50","6232.00","6249.00"
"Wed Jun 25 2025 09:20:00 GMT+0530 (India Standard Time)","6252.00","6261.50","6246.00","6255.50"
"Wed Jun 25 2025 09:25:00 GMT+0530 (India Standard Time)","6255.50","6257.00","6238.50","6250.00"
"Wed Jun 25 2025 09:30:00 GMT+0530 (India Standard Time)","6250.00","6263.00","6250.00","6262.00"
"Wed Jun 25 2025 09:35:00 GMT+0530 (India Standard Time)","6262.00","6271.00","6260.50","6265.00"
"Wed Jun 25 2025 09:40:00 GMT+0530 (India Standard Time)","6267.50","6268.00","6248.00","6249.50"
"Wed Jun 25 2025 09:45:00 GMT+0530 (India Standard Time)","6249.50","6251.50","6225.00","6234.50"
"Wed Jun 25 2025 09:50:00 GMT+0530 (India Standard Time)","6234.50","6251.50","6234.50","6250.50"
"Wed Jun 25 2025 09:55:00 GMT+0530 (India Standard Time)","6250.00","6257.00","6230.00","6230.50"
"Wed Jun 25 2025 10:00:00 GMT+0530 (India Standard Time)","6230.50","6246.50","6230.00","6242.00"
"Wed Jun 25 2025 10:05:00 GMT+0530 (India Standard Time)","6242.00","6250.00","6225.00","6228.50"
"Wed Jun 25 2025 10:10:00 GMT+0530 (India Standard Time)","6228.50","6235.50","6228.50","6231.00"
"Wed Jun 25 2025 10:15:00 GMT+0530 (India Standard Time)","6231.00","6241.50","6226.50","6240.50"
"Wed Jun 25 2025 10:20:00 GMT+0530 (India Standard Time)","6240.50","6245.00","6237.50","6242.00"
"Wed Jun 25 2025 10:25:00 GMT+0530 (India Standard Time)","6242.00","6243.00","6230.00","6231.00"
"Wed Jun 25 2025 10:30:00 GMT+0530 (India Standard Time)","6231.00","6235.50","6226.00","6230.50"
"Wed Jun 25 2025 10:35:00 GMT+0530 (India Standard Time)","6230.50","6236.50","6210.50","6222.00"
"Wed Jun 25 2025 10:40:00 GMT+0530 (India Standard Time)","6222.00","6236.00","6219.00","6235.00"
"Wed Jun 25 2025 10:45:00 GMT+0530 (India Standard Time)","6235.00","6238.50","6228.00","6238.50"
"Wed Jun 25 2025 10:50:00 GMT+0530 (India Standard Time)","6238.50","6240.50","6237.00","6240.00"
"Wed Jun 25 2025 10:55:00 GMT+0530 (India Standard Time)","6240.00","6243.00","6236.00","6240.00"
"Wed Jun 25 2025 11:00:00 GMT+0530 (India Standard Time)","6240.00","6248.50","6238.00","6248.50"
"Wed Jun 25 2025 11:05:00 GMT+0530 (India Standard Time)","6246.00","6252.50","6242.50","6252.50"
"Wed Jun 25 2025 11:10:00 GMT+0530 (India Standard Time)","6253.00","6256.00","6252.50","6256.00"
"Wed Jun 25 2025 11:15:00 GMT+0530 (India Standard Time)","6256.00","6256.00","6252.00","6252.50"
"Wed Jun 25 2025 11:20:00 GMT+0530 (India Standard Time)","6252.50","6255.50","6250.50","6252.50"
"Wed Jun 25 2025 11:25:00 GMT+0530 (India Standard Time)","6252.50","6260.00","6250.50","6256.00"
"Wed Jun 25 2025 11:30:00 GMT+0530 (India Standard Time)","6259.00","6264.00","6257.50","6260.00"
"Wed Jun 25 2025 11:35:00 GMT+0530 (India Standard Time)","6260.00","6260.50","6255.50","6255.50"
"Wed Jun 25 2025 11:40:00 GMT+0530 (India Standard Time)","6255.50","6260.00","6254.00","6259.50"
"Wed Jun 25 2025 11:45:00 GMT+0530 (India Standard Time)","6259.50","6263.50","6255.50","6263.00"
"Wed Jun 25 2025 11:50:00 GMT+0530 (India Standard Time)","6263.00","6287.00","6262.00","6282.00"
"Wed Jun 25 2025 11:55:00 GMT+0530 (India Standard Time)","6282.00","6290.50","6279.00","6282.00"
"Wed Jun 25 2025 12:00:00 GMT+0530 (India Standard Time)","6282.00","6282.00","6273.50","6279.50"
"Wed Jun 25 2025 12:05:00 GMT+0530 (India Standard Time)","6279.50","6279.50","6268.00","6270.50"
"Wed Jun 25 2025 12:10:00 GMT+0530 (India Standard Time)","6270.50","6299.00","6262.00","6298.00"
"Wed Jun 25 2025 12:15:00 GMT+0530 (India Standard Time)","6298.00","6302.50","6275.00","6278.50"
"Wed Jun 25 2025 12:20:00 GMT+0530 (India Standard Time)","6278.50","6284.50","6275.50","6282.00"
"Wed Jun 25 2025 12:25:00 GMT+0530 (India Standard Time)","6282.00","6286.50","6274.00","6284.50"
"Wed Jun 25 2025 12:30:00 GMT+0530 (India Standard Time)","6284.50","6287.50","6280.50","6283.00"
"Wed Jun 25 2025 12:35:00 GMT+0530 (India Standard Time)","6278.50","6289.00","6276.00","6282.00"
"Wed Jun 25 2025 12:40:00 GMT+0530 (India Standard Time)","6282.00","6282.00","6263.00","6267.50"
"Wed Jun 25 2025 12:45:00 GMT+0530 (India Standard Time)","6267.50","6272.50","6265.00","6269.50"
"Wed Jun 25 2025 12:50:00 GMT+0530 (India Standard Time)","6269.50","6271.00","6266.00","6270.50"
"Wed Jun 25 2025 12:55:00 GMT+0530 (India Standard Time)","6270.50","6273.00","6266.00","6273.00"
"Wed Jun 25 2025 13:00:00 GMT+0530 (India Standard Time)","6273.00","6277.50","6266.00","6274.50"
"Wed Jun 25 2025 13:05:00 GMT+0530 (India Standard Time)","6274.50","6275.00","6262.00","6262.00"
"Wed Jun 25 2025 13:10:00 GMT+0530 (India Standard Time)","6260.00","6264.00","6254.00","6261.00"
"Wed Jun 25 2025 13:15:00 GMT+0530 (India Standard Time)","6261.00","6261.00","6250.00","6250.00"
"Wed Jun 25 2025 13:20:00 GMT+0530 (India Standard Time)","6250.00","6250.50","6243.50","6245.50"
"Wed Jun 25 2025 13:25:00 GMT+0530 (India Standard Time)","6243.00","6247.50","6239.00","6240.00"
"Wed Jun 25 2025 13:30:00 GMT+0530 (India Standard Time)","6243.00","6245.00","6235.50","6244.00"
"Wed Jun 25 2025 13:35:00 GMT+0530 (India Standard Time)","6244.00","6272.50","6242.00","6267.00"
"Wed Jun 25 2025 13:40:00 GMT+0530 (India Standard Time)","6265.00","6269.50","6260.00","6266.00"
"Wed Jun 25 2025 13:45:00 GMT+0530 (India Standard Time)","6266.00","6268.00","6261.00","6264.00"
"Wed Jun 25 2025 13:50:00 GMT+0530 (India Standard Time)","6264.00","6269.00","6261.50","6263.50"
"Wed Jun 25 2025 13:55:00 GMT+0530 (India Standard Time)","6263.50","6265.00","6260.00","6265.00"
"Wed Jun 25 2025 14:00:00 GMT+0530 (India Standard Time)","6265.00","6266.50","6260.00","6263.50"
"Wed Jun 25 2025 14:05:00 GMT+0530 (India Standard Time)","6260.50","6264.00","6260.00","6260.00"
"Wed Jun 25 2025 14:10:00 GMT+0530 (India Standard Time)","6260.00","6270.50","6257.50","6263.50"
"Wed Jun 25 2025 14:15:00 GMT+0530 (India Standard Time)","6263.50","6267.50","6260.00","6261.00"
"Wed Jun 25 2025 14:20:00 GMT+0530 (India Standard Time)","6261.00","6265.00","6260.00","6265.00"
"Wed Jun 25 2025 14:25:00 GMT+0530 (India Standard Time)","6262.50","6265.00","6260.00","6264.00"
"Wed Jun 25 2025 14:30:00 GMT+0530 (India Standard Time)","6264.00","6264.00","6255.00","6263.00"
"Wed Jun 25 2025 14:35:00 GMT+0530 (India Standard Time)","6263.00","6268.00","6263.00","6268.00"
"Wed Jun 25 2025 14:40:00 GMT+0530 (India Standard Time)","6268.00","6271.00","6264.00","6269.50"
"Wed Jun 25 2025 14:45:00 GMT+0530 (India Standard Time)","6266.00","6268.00","6260.00","6263.00"
"Wed Jun 25 2025 14:50:00 GMT+0530 (India Standard Time)","6263.00","6265.50","6260.00","6263.50"
"Wed Jun 25 2025 14:55:00 GMT+0530 (India Standard Time)","6260.50","6264.50","6260.50","6263.00"
"Wed Jun 25 2025 15:00:00 GMT+0530 (India Standard Time)","6268.00","6272.00","6264.50","6271.50"
"Wed Jun 25 2025 15:05:00 GMT+0530 (India Standard Time)","6272.50","6274.00","6265.50","6271.50"
"Wed Jun 25 2025 15:10:00 GMT+0530 (India Standard Time)","6268.50","6271.00","6264.50","6270.00"
"Wed Jun 25 2025 15:15:00 GMT+0530 (India Standard Time)","6270.00","6270.50","6264.00","6270.00"
"Wed Jun 25 2025 15:20:00 GMT+0530 (India Standard Time)","6270.00","6270.00","6260.00","6260.00"
"Wed Jun 25 2025 15:25:00 GMT+0530 (India Standard Time)","6262.50","6267.50","6255.00","6264.00"
"Thu Jun 26 2025 09:15:00 GMT+0530 (India Standard Time)","6275.00","6282.00","6225.00","6249.50"
"Thu Jun 26 2025 09:20:00 GMT+0530 (India Standard Time)","6249.50","6249.50","6240.00","6242.50"
"Thu Jun 26 2025 09:25:00 GMT+0530 (India Standard Time)","6240.00","6256.00","6236.50","6255.50"
"Thu Jun 26 2025 09:30:00 GMT+0530 (India Standard Time)","6258.00","6270.50","6254.50","6266.00"
"Thu Jun 26 2025 09:35:00 GMT+0530 (India Standard Time)","6268.00","6270.00","6247.50","6247.50"
"Thu Jun 26 2025 09:40:00 GMT+0530 (India Standard Time)","6247.50","6256.00","6240.50","6253.00"
"Thu Jun 26 2025 09:45:00 GMT+0530 (India Standard Time)","6253.00","6256.00","6238.00","6242.50"
"Thu Jun 26 2025 09:50:00 GMT+0530 (India Standard Time)","6242.50","6244.50","6229.00","6243.50"
"Thu Jun 26 2025 09:55:00 GMT+0530 (India Standard Time)","6242.00","6243.50","6230.00","6236.00"
"Thu Jun 26 2025 10:00:00 GMT+0530 (India Standard Time)","6236.50","6246.00","6232.00","6232.00"
"Thu Jun 26 2025 10:05:00 GMT+0530 (India Standard Time)","6232.00","6234.00","6221.50","6230.00"
"Thu Jun 26 2025 10:10:00 GMT+0530 (India Standard Time)","6230.00","6233.50","6216.00","6220.50"
"Thu Jun 26 2025 10:15:00 GMT+0530 (India Standard Time)","6220.50","6223.00","6210.00","6216.00"
"Thu Jun 26 2025 10:20:00 GMT+0530 (India Standard Time)","6216.00","6225.50","6210.00","6217.50"
"Thu Jun 26 2025 10:25:00 GMT+0530 (India Standard Time)","6217.50","6227.50","6217.50","6227.50"
"Thu Jun 26 2025 10:30:00 GMT+0530 (India Standard Time)","6225.50","6228.50","6220.00","6221.50"
"Thu Jun 26 2025 10:35:00 GMT+0530 (India Standard Time)","6221.50","6227.00","6220.50","6225.50"
"Thu Jun 26 2025 10:40:00 GMT+0530 (India Standard Time)","6225.50","6230.50","6222.00","6222.50"
"Thu Jun 26 2025 10:45:00 GMT+0530 (India Standard Time)","6222.50","6234.00","6222.50","6231.50"
"Thu Jun 26 2025 10:50:00 GMT+0530 (India Standard Time)","6234.00","6234.50","6224.00","6227.50"
"Thu Jun 26 2025 10:55:00 GMT+0530 (India Standard Time)","6227.50","6228.00","6218.50","6221.50"
"Thu Jun 26 2025 11:00:00 GMT+0530 (India Standard Time)","6222.00","6225.00","6216.00","6216.50"
"Thu Jun 26 2025 11:05:00 GMT+0530 (India Standard Time)","6216.50","6224.50","6216.50","6223.50"
"Thu Jun 26 2025 11:10:00 GMT+0530 (India Standard Time)","6223.50","6227.50","6202.50","6211.50"
"Thu Jun 26 2025 11:15:00 GMT+0530 (India Standard Time)","6211.50","6214.50","6201.00","6210.00"
"Thu Jun 26 2025 11:20:00 GMT+0530 (India Standard Time)","6205.00","6219.00","6204.50","6214.50"
"Thu Jun 26 2025 11:25:00 GMT+0530 (India Standard Time)","6214.50","6217.50","6204.00","6207.00"
"Thu Jun 26 2025 11:30:00 GMT+0530 (India Standard Time)","6208.00","6210.00","6205.00","6206.50"
"Thu Jun 26 2025 11:35:00 GMT+0530 (India Standard Time)","6206.50","6212.00","6203.00","6211.00"
"Thu Jun 26 2025 11:40:00 GMT+0530 (India Standard Time)","6211.00","6217.00","6207.50","6215.50"
"Thu Jun 26 2025 11:45:00 GMT+0530 (India Standard Time)","6215.50","6228.50","6212.50","6225.50"
"Thu Jun 26 2025 11:50:00 GMT+0530 (India Standard Time)","6225.50","6238.50","6221.50","6235.00"
"Thu Jun 26 2025 11:55:00 GMT+0530 (India Standard Time)","6235.00","6238.50","6230.00","6235.00"
"Thu Jun 26 2025 12:00:00 GMT+0530 (India Standard Time)","6235.00","6235.00","6230.00","6230.00"
"Thu Jun 26 2025 12:05:00 GMT+0530 (India Standard Time)","6230.00","6233.50","6230.00","6233.50"
"Thu Jun 26 2025 12:10:00 GMT+0530 (India Standard Time)","6233.50","6235.50","6230.00","6234.00"
"Thu Jun 26 2025 12:15:00 GMT+0530 (India Standard Time)","6234.00","6245.00","6234.00","6241.00"
"Thu Jun 26 2025 12:20:00 GMT+0530 (India Standard Time)","6241.00","6241.50","6237.00","6239.50"
"Thu Jun 26 2025 12:25:00 GMT+0530 (India Standard Time)","6239.50","6246.00","6237.50","6242.50"
"Thu Jun 26 2025 12:30:00 GMT+0530 (India Standard Time)","6245.00","6253.50","6240.00","6253.50"
"Thu Jun 26 2025 12:35:00 GMT+0530 (India Standard Time)","6246.00","6255.00","6246.00","6252.50"
"Thu Jun 26 2025 12:40:00 GMT+0530 (India Standard Time)","6252.50","6254.50","6246.00","6251.00"
"Thu Jun 26 2025 12:45:00 GMT+0530 (India Standard Time)","6251.00","6253.00","6235.50","6237.50"
"Thu Jun 26 2025 12:50:00 GMT+0530 (India Standard Time)","6237.00","6243.00","6237.00","6242.50"
"Thu Jun 26 2025 12:55:00 GMT+0530 (India Standard Time)","6242.50","6251.00","6242.50","6247.00"
"Thu Jun 26 2025 13:00:00 GMT+0530 (India Standard Time)","6248.00","6256.50","6248.00","6250.00"
"Thu Jun 26 2025 13:05:00 GMT+0530 (India Standard Time)","6253.00","6253.00","6250.00","6250.00"
"Thu Jun 26 2025 13:10:00 GMT+0530 (India Standard Time)","6250.00","6256.00","6250.00","6255.00"
"Thu Jun 26 2025 13:15:00 GMT+0530 (India Standard Time)","6255.00","6270.00","6255.00","6270.00"
"Thu Jun 26 2025 13:20:00 GMT+0530 (India Standard Time)","6270.00","6270.00","6262.50","6264.00"
"Thu Jun 26 2025 13:25:00 GMT+0530 (India Standard Time)","6264.00","6266.00","6261.50","6263.50"
"Thu Jun 26 2025 13:30:00 GMT+0530 (India Standard Time)","6266.00","6277.00","6264.00","6276.50"
"Thu Jun 26 2025 13:35:00 GMT+0530 (India Standard Time)","6276.50","6290.00","6276.50","6288.00"
"Thu Jun 26 2025 13:40:00 GMT+0530 (India Standard Time)","6288.00","6290.00","6281.50","6282.50"
"Thu Jun 26 2025 13:45:00 GMT+0530 (India Standard Time)","6282.50","6289.50","6280.00","6280.00"
"Thu Jun 26 2025 13:50:00 GMT+0530 (India Standard Time)","6280.00","6292.50","6277.50","6290.50"
"Thu Jun 26 2025 13:55:00 GMT+0530 (India Standard Time)","6290.50","6295.00","6285.50","6285.50"
"Thu Jun 26 2025 14:00:00 GMT+0530 (India Standard Time)","6285.50","6290.00","6280.00","6283.00"
"Thu Jun 26 2025 14:05:00 GMT+0530 (India Standard Time)","6283.00","6290.00","6278.50","6287.50"
"Thu Jun 26 2025 14:10:00 GMT+0530 (India Standard Time)","6289.00","6290.50","6283.00","6285.00"
"Thu Jun 26 2025 14:15:00 GMT+0530 (India Standard Time)","6283.50","6284.50","6280.00","6282.00"
"Thu Jun 26 2025 14:20:00 GMT+0530 (India Standard Time)","6282.00","6283.00","6272.50","6277.50"
"Thu Jun 26 2025 14:25:00 GMT+0530 (India Standard Time)","6277.50","6280.00","6256.00","6264.00"
"Thu Jun 26 2025 14:30:00 GMT+0530 (India Standard Time)","6264.00","6267.50","6262.00","6264.50"
"Thu Jun 26 2025 14:35:00 GMT+0530 (India Standard Time)","6266.50","6269.50","6260.00","6269.00"
"Thu Jun 26 2025 14:40:00 GMT+0530 (India Standard Time)","6269.00","6274.00","6264.50","6270.50"
"Thu Jun 26 2025 14:45:00 GMT+0530 (India Standard Time)","6270.00","6271.50","6263.00","6263.00"
"Thu Jun 26 2025 14:50:00 GMT+0530 (India Standard Time)","6257.50","6259.50","6255.50","6259.50"
"Thu Jun 26 2025 14:55:00 GMT+0530 (India Standard Time)","6259.50","6264.50","6255.50","6263.50"
"Thu Jun 26 2025 15:00:00 GMT+0530 (India Standard Time)","6267.00","6272.00","6263.00","6270.00"
"Thu Jun 26 2025 15:05:00 GMT+0530 (India Standard Time)","6270.50","6276.50","6270.50","6273.00"
"Thu Jun 26 2025 15:10:00 GMT+0530 (India Standard Time)","6275.00","6283.50","6270.50","6281.00"
"Thu Jun 26 2025 15:15:00 GMT+0530 (India Standard Time)","6280.00","6281.00","6274.50","6280.00"
"Thu Jun 26 2025 15:20:00 GMT+0530 (India Standard Time)","6280.00","6284.00","6271.50","6273.00"
"Thu Jun 26 2025 15:25:00 GMT+0530 (India Standard Time)","6273.00","6280.00","6269.00","6280.00"
"Fri Jun 27 2025 09:15:00 GMT+0530 (India Standard Time)","6295.00","6321.00","6282.00","6321.00"
"Fri Jun 27 2025 09:20:00 GMT+0530 (India Standard Time)","6316.50","6333.50","6314.00","6325.00"
"Fri Jun 27 2025 09:25:00 GMT+0530 (India Standard Time)","6326.00","6342.00","6323.00","6323.00"
"Fri Jun 27 2025 09:30:00 GMT+0530 (India Standard Time)","6323.00","6339.00","6311.00","6338.00"
"Fri Jun 27 2025 09:35:00 GMT+0530 (India Standard Time)","6338.00","6344.00","6328.50","6330.00"
"Fri Jun 27 2025 09:40:00 GMT+0530 (India Standard Time)","6330.00","6345.00","6330.00","6340.00"
"Fri Jun 27 2025 09:45:00 GMT+0530 (India Standard Time)","6332.50","6350.00","6332.50","6345.00"
"Fri Jun 27 2025 09:50:00 GMT+0530 (India Standard Time)","6345.00","6368.00","6342.00","6363.00"
"Fri Jun 27 2025 09:55:00 GMT+0530 (India Standard Time)","6363.50","6364.50","6344.00","6353.00"
"Fri Jun 27 2025 10:00:00 GMT+0530 (India Standard Time)","6353.00","6360.00","6345.00","6345.00"
"Fri Jun 27 2025 10:05:00 GMT+0530 (India Standard Time)","6345.00","6375.00","6344.50","6373.00"
"Fri Jun 27 2025 10:10:00 GMT+0530 (India Standard Time)","6370.50","6375.50","6360.50","6369.00"
"Fri Jun 27 2025 10:15:00 GMT+0530 (India Standard Time)","6365.00","6369.00","6359.50","6365.00"
"Fri Jun 27 2025 10:20:00 GMT+0530 (India Standard Time)","6365.00","6380.00","6364.50","6378.00"
"Fri Jun 27 2025 10:25:00 GMT+0530 (India Standard Time)","6376.00","6378.00","6356.00","6359.50"
"Fri Jun 27 2025 10:30:00 GMT+0530 (India Standard Time)","6357.00","6366.00","6348.50","6355.00"
"Fri Jun 27 2025 10:35:00 GMT+0530 (India Standard Time)","6355.00","6355.00","6315.50","6326.00"
"Fri Jun 27 2025 10:40:00 GMT+0530 (India Standard Time)","6326.00","6328.00","6310.00","6314.00"
"Fri Jun 27 2025 10:45:00 GMT+0530 (India Standard Time)","6315.00","6340.00","6312.00","6337.00"
"Fri Jun 27 2025 10:50:00 GMT+0530 (India Standard Time)","6337.00","6337.00","6332.00","6334.00"
"Fri Jun 27 2025 10:55:00 GMT+0530 (India Standard Time)","6334.00","6337.50","6330.00","6334.50"
"Fri Jun 27 2025 11:00:00 GMT+0530 (India Standard Time)","6333.50","6350.50","6333.50","6350.50"
"Fri Jun 27 2025 11:05:00 GMT+0530 (India Standard Time)","6346.00","6347.50","6336.00","6342.00"
"Fri Jun 27 2025 11:10:00 GMT+0530 (India Standard Time)","6342.00","6342.00","6338.00","6339.00"
"Fri Jun 27 2025 11:15:00 GMT+0530 (India Standard Time)","6337.00","6339.50","6333.00","6336.00"
"Fri Jun 27 2025 11:20:00 GMT+0530 (India Standard Time)","6336.00","6342.50","6333.50","6340.00"
"Fri Jun 27 2025 11:25:00 GMT+0530 (India Standard Time)","6340.00","6345.00","6340.00","6340.50"
"Fri Jun 27 2025 11:30:00 GMT+0530 (India Standard Time)","6340.50","6345.00","6338.00","6338.00"
"Fri Jun 27 2025 11:35:00 GMT+0530 (India Standard Time)","6338.00","6338.50","6333.00","6337.00"
"Fri Jun 27 2025 11:40:00 GMT+0530 (India Standard Time)","6337.00","6342.00","6332.00","6340.00"
"Fri Jun 27 2025 11:45:00 GMT+0530 (India Standard Time)","6339.00","6344.00","6333.50","6338.00"
"Fri Jun 27 2025 11:50:00 GMT+0530 (India Standard Time)","6338.00","6342.00","6333.50","6333.50"
"Fri Jun 27 2025 11:55:00 GMT+0530 (India Standard Time)","6333.50","6336.00","6333.00","6333.00"
"Fri Jun 27 2025 12:00:00 GMT+0530 (India Standard Time)","6333.00","6337.00","6332.00","6335.00"
"Fri Jun 27 2025 12:05:00 GMT+0530 (India Standard Time)","6335.00","6340.50","6331.00","6335.00"
"Fri Jun 27 2025 12:10:00 GMT+0530 (India Standard Time)","6335.00","6340.50","6335.00","6335.50"
"Fri Jun 27 2025 12:15:00 GMT+0530 (India Standard Time)","6338.00","6338.00","6334.00","6335.00"
"Fri Jun 27 2025 12:20:00 GMT+0530 (India Standard Time)","6335.00","6335.00","6316.00","6318.00"
"Fri Jun 27 2025 12:25:00 GMT+0530 (India Standard Time)","6316.50","6320.50","6313.00","6318.50"
"Fri Jun 27 2025 12:30:00 GMT+0530 (India Standard Time)","6315.50","6339.00","6312.50","6335.50"
"Fri Jun 27 2025 12:35:00 GMT+0530 (India Standard Time)","6335.50","6342.00","6335.00","6340.00"
"Fri Jun 27 2025 12:40:00 GMT+0530 (India Standard Time)","6340.00","6342.00","6335.00","6335.50"
"Fri Jun 27 2025 12:45:00 GMT+0530 (India Standard Time)","6335.50","6342.00","6335.50","6339.50"
"Fri Jun 27 2025 12:50:00 GMT+0530 (India Standard Time)","6339.50","6347.50","6339.50","6344.50"
"Fri Jun 27 2025 12:55:00 GMT+0530 (India Standard Time)","6344.50","6347.50","6344.00","6347.00"
"Fri Jun 27 2025 13:00:00 GMT+0530 (India Standard Time)","6345.00","6347.00","6323.50","6324.50"
"Fri Jun 27 2025 13:05:00 GMT+0530 (India Standard Time)","6324.50","6339.00","6321.00","6332.50"
"Fri Jun 27 2025 13:10:00 GMT+0530 (India Standard Time)","6333.00","6341.50","6331.50","6339.50"
"Fri Jun 27 2025 13:15:00 GMT+0530 (India Standard Time)","6339.50","6339.50","6329.50","6331.00"
"Fri Jun 27 2025 13:20:00 GMT+0530 (India Standard Time)","6331.00","6340.00","6323.00","6323.00"
"Fri Jun 27 2025 13:25:00 GMT+0530 (India Standard Time)","6320.50","6339.00","6320.50","6338.00"
"Fri Jun 27 2025 13:30:00 GMT+0530 (India Standard Time)","6338.00","6339.50","6333.50","6335.50"
"Fri Jun 27 2025 13:35:00 GMT+0530 (India Standard Time)","6335.50","6340.00","6335.00","6337.00"
"Fri Jun 27 2025 13:40:00 GMT+0530 (India Standard Time)","6337.00","6338.50","6335.00","6337.00"
"Fri Jun 27 2025 13:45:00 GMT+0530 (India Standard Time)","6337.00","6345.00","6335.00","6343.00"
"Fri Jun 27 2025 13:50:00 GMT+0530 (India Standard Time)","6343.00","6345.00","6337.00","6340.00"
"Fri Jun 27 2025 13:55:00 GMT+0530 (India Standard Time)","6340.00","6342.00","6336.00","6342.00"
"Fri Jun 27 2025 14:00:00 GMT+0530 (India Standard Time)","6344.00","6344.00","6335.00","6336.50"
"Fri Jun 27 2025 14:05:00 GMT+0530 (India Standard Time)","6339.50","6344.00","6338.50","6338.50"
"Fri Jun 27 2025 14:10:00 GMT+0530 (India Standard Time)","6338.50","6339.00","6322.50","6325.00"
"Fri Jun 27 2025 14:15:00 GMT+0530 (India Standard Time)","6325.00","6333.00","6325.00","6327.00"
"Fri Jun 27 2025 14:20:00 GMT+0530 (India Standard Time)","6321.50","6337.00","6321.50","6335.00"
"Fri Jun 27 2025 14:25:00 GMT+0530 (India Standard Time)","6335.00","6335.00","6324.00","6328.00"
"Fri Jun 27 2025 14:30:00 GMT+0530 (India Standard Time)","6328.50","6341.00","6325.00","6336.50"
"Fri Jun 27 2025 14:35:00 GMT+0530 (India Standard Time)","6336.50","6339.00","6335.00","6335.00"
"Fri Jun 27 2025 14:40:00 GMT+0530 (India Standard Time)","6337.50","6337.50","6330.00","6335.50"
"Fri Jun 27 2025 14:45:00 GMT+0530 (India Standard Time)","6335.50","6337.00","6334.50","6336.00"
"Fri Jun 27 2025 14:50:00 GMT+0530 (India Standard Time)","6336.00","6336.00","6334.00","6335.00"
"Fri Jun 27 2025 14:55:00 GMT+0530 (India Standard Time)","6336.50","6337.50","6331.50","6333.00"
"Fri Jun 27 2025 15:00:00 GMT+0530 (India Standard Time)","6332.00","6355.00","6332.00","6352.00"
"Fri Jun 27 2025 15:05:00 GMT+0530 (India Standard Time)","6352.50","6355.50","6346.50","6354.50"
"Fri Jun 27 2025 15:10:00 GMT+0530 (India Standard Time)","6355.00","6355.00","6330.00","6340.50"
"Fri Jun 27 2025 15:15:00 GMT+0530 (India Standard Time)","6342.50","6344.00","6326.00","6331.50"
"Fri Jun 27 2025 15:20:00 GMT+0530 (India Standard Time)","6336.00","6340.50","6331.00","6340.00"
"Fri Jun 27 2025 15:25:00 GMT+0530 (India Standard Time)","6337.50","6347.00","6332.00","6346.50"
"Mon Jun 30 2025 09:15:00 GMT+0530 (India Standard Time)","6358.50","6368.00","6328.50","6346.00"
"Mon Jun 30 2025 09:20:00 GMT+0530 (India Standard Time)","6346.00","6376.50","6346.00","6367.50"
"Mon Jun 30 2025 09:25:00 GMT+0530 (India Standard Time)","6367.50","6373.00","6352.50","6357.00"
"Mon Jun 30 2025 09:30:00 GMT+0530 (India Standard Time)","6357.00","6363.00","6341.00","6358.00"
"Mon Jun 30 2025 09:35:00 GMT+0530 (India Standard Time)","6358.00","6359.50","6346.00","6351.00"
"Mon Jun 30 2025 09:40:00 GMT+0530 (India Standard Time)","6351.00","6351.50","6333.50","6336.50"
"Mon Jun 30 2025 09:45:00 GMT+0530 (India Standard Time)","6336.50","6336.50","6322.00","6324.00"
"Mon Jun 30 2025 09:50:00 GMT+0530 (India Standard Time)","6324.00","6333.50","6321.00","6324.50"
"Mon Jun 30 2025 09:55:00 GMT+0530 (India Standard Time)","6330.00","6332.50","6320.00","6320.00"
"Mon Jun 30 2025 10:00:00 GMT+0530 (India Standard Time)","6320.00","6324.50","6316.00","6322.00"
"Mon Jun 30 2025 10:05:00 GMT+0530 (India Standard Time)","6322.50","6330.00","6311.00","6330.00"
"Mon Jun 30 2025 10:10:00 GMT+0530 (India Standard Time)","6328.50","6334.00","6328.50","6330.00"
"Mon Jun 30 2025 10:15:00 GMT+0530 (India Standard Time)","6330.00","6343.00","6330.00","6335.50"
"Mon Jun 30 2025 10:20:00 GMT+0530 (India Standard Time)","6337.50","6337.50","6325.00","6329.50"
"Mon Jun 30 2025 10:25:00 GMT+0530 (India Standard Time)","6329.50","6342.00","6316.50","6321.00"
"Mon Jun 30 2025 10:30:00 GMT+0530 (India Standard Time)","6321.00","6341.00","6316.00","6338.50"
"Mon Jun 30 2025 10:35:00 GMT+0530 (India Standard Time)","6338.50","6342.00","6336.00","6338.00"
"Mon Jun 30 2025 10:40:00 GMT+0530 (India Standard Time)","6338.00","6338.00","6328.50","6335.00"
"Mon Jun 30 2025 10:45:00 GMT+0530 (India Standard Time)","6335.00","6338.50","6332.00","6334.50"
"Mon Jun 30 2025 10:50:00 GMT+0530 (India Standard Time)","6334.50","6340.00","6328.00","6340.00"
"Mon Jun 30 2025 10:55:00 GMT+0530 (India Standard Time)","6337.00","6344.00","6337.00","6340.00"
"Mon Jun 30 2025 11:00:00 GMT+0530 (India Standard Time)","6340.00","6345.00","6338.50","6340.50"
"Mon Jun 30 2025 11:05:00 GMT+0530 (India Standard Time)","6340.50","6343.50","6335.00","6337.00"
"Mon Jun 30 2025 11:10:00 GMT+0530 (India Standard Time)","6337.00","6339.50","6333.50","6336.00"
"Mon Jun 30 2025 11:15:00 GMT+0530 (India Standard Time)","6336.00","6340.00","6331.50","6332.00"
"Mon Jun 30 2025 11:20:00 GMT+0530 (India Standard Time)","6332.00","6340.00","6331.00","6338.00"
"Mon Jun 30 2025 11:25:00 GMT+0530 (India Standard Time)","6338.00","6339.50","6327.00","6336.00"
"Mon Jun 30 2025 11:30:00 GMT+0530 (India Standard Time)","6336.00","6340.00","6331.50","6334.00"
"Mon Jun 30 2025 11:35:00 GMT+0530 (India Standard Time)","6332.00","6334.00","6329.00","6330.00"
"Mon Jun 30 2025 11:40:00 GMT+0530 (India Standard Time)","6330.00","6330.00","6325.00","6325.00"
"Mon Jun 30 2025 11:45:00 GMT+0530 (India Standard Time)","6325.00","6327.50","6318.00","6324.00"
"Mon Jun 30 2025 11:50:00 GMT+0530 (India Standard Time)","6324.00","6325.00","6305.50","6312.00"
"Mon Jun 30 2025 11:55:00 GMT+0530 (India Standard Time)","6312.00","6315.00","6300.00","6308.50"
"Mon Jun 30 2025 12:00:00 GMT+0530 (India Standard Time)","6308.50","6313.50","6303.00","6309.00"
"Mon Jun 30 2025 12:05:00 GMT+0530 (India Standard Time)","6309.00","6315.00","6306.00","6310.50"
"Mon Jun 30 2025 12:10:00 GMT+0530 (India Standard Time)","6311.00","6316.50","6310.00","6315.50"
"Mon Jun 30 2025 12:15:00 GMT+0530 (India Standard Time)","6315.50","6319.00","6313.00","6313.00"
"Mon Jun 30 2025 12:20:00 GMT+0530 (India Standard Time)","6313.00","6315.50","6309.00","6312.50"
"Mon Jun 30 2025 12:25:00 GMT+0530 (India Standard Time)","6312.50","6320.00","6312.50","6314.00"
"Mon Jun 30 2025 12:30:00 GMT+0530 (India Standard Time)","6314.00","6315.00","6305.00","6310.00"
"Mon Jun 30 2025 12:35:00 GMT+0530 (India Standard Time)","6310.00","6310.00","6299.00","6302.00"
"Mon Jun 30 2025 12:40:00 GMT+0530 (India Standard Time)","6302.00","6306.00","6301.00","6304.00"
"Mon Jun 30 2025 12:45:00 GMT+0530 (India Standard Time)","6304.00","6310.00","6302.00","6307.50"
"Mon Jun 30 2025 12:50:00 GMT+0530 (India Standard Time)","6307.50","6310.00","6303.50","6305.50"
"Mon Jun 30 2025 12:55:00 GMT+0530 (India Standard Time)","6305.50","6306.00","6291.00","6293.50"
"Mon Jun 30 2025 13:00:00 GMT+0530 (India Standard Time)","6293.50","6293.50","6282.00","6293.00"
"Mon Jun 30 2025 13:05:00 GMT+0530 (India Standard Time)","6293.00","6295.50","6290.50","6295.00"
"Mon Jun 30 2025 13:10:00 GMT+0530 (India Standard Time)","6295.00","6304.50","6292.00","6301.00"
"Mon Jun 30 2025 13:15:00 GMT+0530 (India Standard Time)","6301.00","6304.00","6297.50","6302.50"
"Mon Jun 30 2025 13:20:00 GMT+0530 (India Standard Time)","6302.50","6309.00","6298.00","6308.00"
"Mon Jun 30 2025 13:25:00 GMT+0530 (India Standard Time)","6306.00","6313.00","6304.00","6312.50"
"Mon Jun 30 2025 13:30:00 GMT+0530 (India Standard Time)","6312.50","6314.50","6307.00","6314.50"
"Mon Jun 30 2025 13:35:00 GMT+0530 (India Standard Time)","6314.50","6317.00","6311.00","6315.00"
"Mon Jun 30 2025 13:40:00 GMT+0530 (India Standard Time)","6315.00","6321.50","6311.50","6321.00"
"Mon Jun 30 2025 13:45:00 GMT+0530 (India Standard Time)","6321.00","6321.50","6314.50","6316.00"
"Mon Jun 30 2025 13:50:00 GMT+0530 (India Standard Time)","6316.00","6316.50","6309.00","6315.50"
"Mon Jun 30 2025 13:55:00 GMT+0530 (India Standard Time)","6315.50","6318.00","6308.00","6316.00"
"Mon Jun 30 2025 14:00:00 GMT+0530 (India Standard Time)","6316.00","6317.50","6311.50","6317.00"
"Mon Jun 30 2025 14:05:00 GMT+0530 (India Standard Time)","6318.00","6318.00","6312.50","6317.50"
"Mon Jun 30 2025 14:10:00 GMT+0530 (India Standard Time)","6317.50","6317.50","6315.00","6317.50"
"Mon Jun 30 2025 14:15:00 GMT+0530 (India Standard Time)","6317.50","6317.50","6312.00","6317.50"
"Mon Jun 30 2025 14:20:00 GMT+0530 (India Standard Time)","6317.50","6318.00","6315.00","6318.00"
"Mon Jun 30 2025 14:25:00 GMT+0530 (India Standard Time)","6318.00","6319.50","6311.00","6319.00"
"Mon Jun 30 2025 14:30:00 GMT+0530 (India Standard Time)","6319.00","6325.00","6319.00","6324.00"
"Mon Jun 30 2025 14:35:00 GMT+0530 (India Standard Time)","6324.00","6324.00","6316.00","6319.50"
"Mon Jun 30 2025 14:40:00 GMT+0530 (India Standard Time)","6319.50","6327.00","6316.00","6327.00"
"Mon Jun 30 2025 14:45:00 GMT+0530 (India Standard Time)","6327.00","6327.00","6316.50","6323.50"
"Mon Jun 30 2025 14:50:00 GMT+0530 (India Standard Time)","6323.50","6324.00","6317.50","6322.00"
"Mon Jun 30 2025 14:55:00 GMT+0530 (India Standard Time)","6322.00","6324.00","6315.50","6321.00"
"Mon Jun 30 2025 15:00:00 GMT+0530 (India Standard Time)","6320.50","6324.00","6311.00","6314.00"
"Mon Jun 30 2025 15:05:00 GMT+0530 (India Standard Time)","6314.00","6319.00","6310.00","6313.50"
"Mon Jun 30 2025 15:10:00 GMT+0530 (India Standard Time)","6313.00","6315.00","6304.00","6312.50"
"Mon Jun 30 2025 15:15:00 GMT+0530 (India Standard Time)","6312.00","6312.00","6301.00","6304.50"
"Mon Jun 30 2025 15:20:00 GMT+0530 (India Standard Time)","6304.00","6312.00","6301.00","6311.00"
"Mon Jun 30 2025 15:25:00 GMT+0530 (India Standard Time)","6312.00","6315.50","6300.50","6300.50"
"Tue Jul 01 2025 09:15:00 GMT+0530 (India Standard Time)","6330.00","6330.00","6302.00","6312.00"
"Tue Jul 01 2025 09:20:00 GMT+0530 (India Standard Time)","6307.50","6309.00","6289.00","6309.00"
"Tue Jul 01 2025 09:25:00 GMT+0530 (India Standard Time)","6309.00","6311.00","6296.50","6311.00"
"Tue Jul 01 2025 09:30:00 GMT+0530 (India Standard Time)","6310.00","6343.00","6309.50","6325.00"
"Tue Jul 01 2025 09:35:00 GMT+0530 (India Standard Time)","6325.00","6325.00","6302.00","6306.50"
"Tue Jul 01 2025 09:40:00 GMT+0530 (India Standard Time)","6303.50","6306.00","6291.00","6291.00"
"Tue Jul 01 2025 09:45:00 GMT+0530 (India Standard Time)","6292.00","6299.50","6281.00","6290.00"
"Tue Jul 01 2025 09:50:00 GMT+0530 (India Standard Time)","6290.00","6294.50","6285.00","6290.50"
"Tue Jul 01 2025 09:55:00 GMT+0530 (India Standard Time)","6290.50","6297.00","6285.00","6290.50"
"Tue Jul 01 2025 10:00:00 GMT+0530 (India Standard Time)","6290.50","6294.00","6277.00","6287.00"
"Tue Jul 01 2025 10:05:00 GMT+0530 (India Standard Time)","6287.00","6288.00","6284.00","6284.00"
"Tue Jul 01 2025 10:10:00 GMT+0530 (India Standard Time)","6284.00","6292.50","6276.00","6276.00"
"Tue Jul 01 2025 10:15:00 GMT+0530 (India Standard Time)","6276.00","6292.50","6273.00","6286.00"
"Tue Jul 01 2025 10:20:00 GMT+0530 (India Standard Time)","6286.00","6290.00","6280.00","6281.00"
"Tue Jul 01 2025 10:25:00 GMT+0530 (India Standard Time)","6281.00","6282.00","6275.50","6279.50"
"Tue Jul 01 2025 10:30:00 GMT+0530 (India Standard Time)","6279.50","6283.00","6277.00","6282.50"
"Tue Jul 01 2025 10:35:00 GMT+0530 (India Standard Time)","6282.50","6282.50","6273.50","6273.50"
"Tue Jul 01 2025 10:40:00 GMT+0530 (India Standard Time)","6273.50","6274.00","6264.00","6264.00"
"Tue Jul 01 2025 10:45:00 GMT+0530 (India Standard Time)","6268.00","6268.00","6242.00","6244.00"
"Tue Jul 01 2025 10:50:00 GMT+0530 (India Standard Time)","6244.00","6245.50","6209.50","6216.00"
"Tue Jul 01 2025 10:55:00 GMT+0530 (India Standard Time)","6216.00","6219.00","6207.50","6213.00"
"Tue Jul 01 2025 11:00:00 GMT+0530 (India Standard Time)","6210.50","6218.00","6207.00","6213.50"
"Tue Jul 01 2025 11:05:00 GMT+0530 (India Standard Time)","6213.50","6224.00","6213.50","6222.50"
"Tue Jul 01 2025 11:10:00 GMT+0530 (India Standard Time)","6222.50","6228.50","6220.00","6226.00"
"Tue Jul 01 2025 11:15:00 GMT+0530 (India Standard Time)","6226.00","6226.00","6210.00","6212.50"
"Tue Jul 01 2025 11:20:00 GMT+0530 (India Standard Time)","6212.50","6219.50","6210.00","6211.50"
"Tue Jul 01 2025 11:25:00 GMT+0530 (India Standard Time)","6211.50","6220.00","6211.50","6220.00"
"Tue Jul 01 2025 11:30:00 GMT+0530 (India Standard Time)","6220.00","6220.00","6195.00","6200.00"
"Tue Jul 01 2025 11:35:00 GMT+0530 (India Standard Time)","6200.00","6200.00","6175.00","6190.00"
"Tue Jul 01 2025 11:40:00 GMT+0530 (India Standard Time)","6192.50","6198.50","6185.00","6185.00"
"Tue Jul 01 2025 11:45:00 GMT+0530 (India Standard Time)","6185.00","6192.50","6172.50","6176.50"
"Tue Jul 01 2025 11:50:00 GMT+0530 (India Standard Time)","6173.50","6177.50","6165.00","6169.50"
"Tue Jul 01 2025 11:55:00 GMT+0530 (India Standard Time)","6168.00","6174.00","6140.00","6158.00"
"Tue Jul 01 2025 12:00:00 GMT+0530 (India Standard Time)","6160.00","6160.00","6135.00","6135.00"
"Tue Jul 01 2025 12:05:00 GMT+0530 (India Standard Time)","6138.00","6145.00","6130.50","6141.50"
"Tue Jul 01 2025 12:10:00 GMT+0530 (India Standard Time)","6141.50","6163.50","6136.50","6162.00"
"Tue Jul 01 2025 12:15:00 GMT+0530 (India Standard Time)","6164.00","6184.50","6157.50","6180.00"
"Tue Jul 01 2025 12:20:00 GMT+0530 (India Standard Time)","6180.00","6203.50","6173.50","6195.00"
"Tue Jul 01 2025 12:25:00 GMT+0530 (India Standard Time)","6195.00","6213.50","6191.50","6211.00"
"Tue Jul 01 2025 12:30:00 GMT+0530 (India Standard Time)","6211.00","6227.00","6205.00","6225.00"
"Tue Jul 01 2025 12:35:00 GMT+0530 (India Standard Time)","6227.00","6227.00","6200.00","6205.50"
"Tue Jul 01 2025 12:40:00 GMT+0530 (India Standard Time)","6205.50","6227.50","6203.00","6220.00"
"Tue Jul 01 2025 12:45:00 GMT+0530 (India Standard Time)","6223.00","6224.00","6216.00","6220.00"
"Tue Jul 01 2025 12:50:00 GMT+0530 (India Standard Time)","6220.00","6220.00","6213.00","6215.00"
"Tue Jul 01 2025 12:55:00 GMT+0530 (India Standard Time)","6215.00","6219.00","6207.00","6217.50"
"Tue Jul 01 2025 13:00:00 GMT+0530 (India Standard Time)","6217.50","6218.00","6212.50","6217.50"
"Tue Jul 01 2025 13:05:00 GMT+0530 (India Standard Time)","6216.00","6219.00","6215.00","6218.50"
"Tue Jul 01 2025 13:10:00 GMT+0530 (India Standard Time)","6218.50","6219.50","6210.00","6213.00"
"Tue Jul 01 2025 13:15:00 GMT+0530 (India Standard Time)","6213.00","6239.00","6213.00","6232.50"
"Tue Jul 01 2025 13:20:00 GMT+0530 (India Standard Time)","6235.00","6248.50","6230.00","6235.00"
"Tue Jul 01 2025 13:25:00 GMT+0530 (India Standard Time)","6235.00","6235.00","6221.50","6224.50"
"Tue Jul 01 2025 13:30:00 GMT+0530 (India Standard Time)","6225.00","6230.50","6222.00","6225.00"
"Tue Jul 01 2025 13:35:00 GMT+0530 (India Standard Time)","6225.00","6227.50","6215.50","6223.00"
"Tue Jul 01 2025 13:40:00 GMT+0530 (India Standard Time)","6223.00","6228.50","6210.00","6213.00"
"Tue Jul 01 2025 13:45:00 GMT+0530 (India Standard Time)","6213.00","6213.00","6197.50","6212.00"
"Tue Jul 01 2025 13:50:00 GMT+0530 (India Standard Time)","6212.00","6214.50","6208.50","6209.50"
"Tue Jul 01 2025 13:55:00 GMT+0530 (India Standard Time)","6209.50","6218.00","6208.50","6210.50"
"Tue Jul 01 2025 14:00:00 GMT+0530 (India Standard Time)","6210.50","6214.50","6203.00","6205.00"
"Tue Jul 01 2025 14:05:00 GMT+0530 (India Standard Time)","6205.00","6208.00","6180.00","6188.00"
"Tue Jul 01 2025 14:10:00 GMT+0530 (India Standard Time)","6186.00","6189.00","6181.00","6186.00"
"Tue Jul 01 2025 14:15:00 GMT+0530 (India Standard Time)","6187.00","6193.50","6186.00","6190.50"
"Tue Jul 01 2025 14:20:00 GMT+0530 (India Standard Time)","6193.50","6197.00","6189.00","6192.00"
"Tue Jul 01 2025 14:25:00 GMT+0530 (India Standard Time)","6192.00","6194.00","6188.50","6190.00"
"Tue Jul 01 2025 14:30:00 GMT+0530 (India Standard Time)","6188.00","6190.00","6186.00","6186.50"
"Tue Jul 01 2025 14:35:00 GMT+0530 (India Standard Time)","6189.00","6194.00","6184.00","6193.00"
"Tue Jul 01 2025 14:40:00 GMT+0530 (India Standard Time)","6193.00","6199.00","6193.00","6198.00"
"Tue Jul 01 2025 14:45:00 GMT+0530 (India Standard Time)","6195.50","6199.00","6195.00","6198.50"
"Tue Jul 01 2025 14:50:00 GMT+0530 (India Standard Time)","6198.50","6199.50","6190.50","6196.50"
"Tue Jul 01 2025 14:55:00 GMT+0530 (India Standard Time)","6199.00","6199.00","6191.00","6194.50"
"Tue Jul 01 2025 15:00:00 GMT+0530 (India Standard Time)","6195.00","6207.00","6193.50","6206.00"
"Tue Jul 01 2025 15:05:00 GMT+0530 (India Standard Time)","6206.00","6210.50","6202.00","6210.50"
"Tue Jul 01 2025 15:10:00 GMT+0530 (India Standard Time)","6208.50","6209.50","6202.50","6204.50"
"Tue Jul 01 2025 15:15:00 GMT+0530 (India Standard Time)","6205.00","6211.00","6205.00","6205.00"
"Tue Jul 01 2025 15:20:00 GMT+0530 (India Standard Time)","6206.00","6214.50","6205.00","6213.00"
"Tue Jul 01 2025 15:25:00 GMT+0530 (India Standard Time)","6214.50","6217.00","6202.00","6210.50"
"Wed Jul 02 2025 09:15:00 GMT+0530 (India Standard Time)","6208.00","6208.00","6148.00","6149.00"
"Wed Jul 02 2025 09:20:00 GMT+0530 (India Standard Time)","6150.50","6179.00","6150.50","6176.50"
"Wed Jul 02 2025 09:25:00 GMT+0530 (India Standard Time)","6179.00","6179.00","6163.00","6164.50"
"Wed Jul 02 2025 09:30:00 GMT+0530 (India Standard Time)","6165.00","6169.50","6154.00","6158.00"
"Wed Jul 02 2025 09:35:00 GMT+0530 (India Standard Time)","6155.50","6162.50","6155.50","6161.50"
"Wed Jul 02 2025 09:40:00 GMT+0530 (India Standard Time)","6162.50","6165.00","6152.00","6156.00"
"Wed Jul 02 2025 09:45:00 GMT+0530 (India Standard Time)","6156.00","6159.50","6147.00","6154.00"
"Wed Jul 02 2025 09:50:00 GMT+0530 (India Standard Time)","6154.50","6162.50","6151.00","6154.00"
"Wed Jul 02 2025 09:55:00 GMT+0530 (India Standard Time)","6155.00","6165.00","6148.00","6150.50"
"Wed Jul 02 2025 10:00:00 GMT+0530 (India Standard Time)","6148.00","6159.00","6147.00","6156.00"
"Wed Jul 02 2025 10:05:00 GMT+0530 (India Standard Time)","6156.00","6159.00","6149.50","6155.00"
"Wed Jul 02 2025 10:10:00 GMT+0530 (India Standard Time)","6155.00","6157.00","6148.00","6148.00"
"Wed Jul 02 2025 10:15:00 GMT+0530 (India Standard Time)","6148.00","6149.50","6135.00","6141.00"
"Wed Jul 02 2025 10:20:00 GMT+0530 (India Standard Time)","6141.00","6152.50","6127.00","6130.00"
"Wed Jul 02 2025 10:25:00 GMT+0530 (India Standard Time)","6130.00","6144.00","6128.50","6140.00"
"Wed Jul 02 2025 10:30:00 GMT+0530 (India Standard Time)","6142.00","6142.00","6122.00","6128.00"
"Wed Jul 02 2025 10:35:00 GMT+0530 (India Standard Time)","6128.00","6130.00","6098.00","6103.50"
"Wed Jul 02 2025 10:40:00 GMT+0530 (India Standard Time)","6103.50","6108.00","6090.00","6107.00"
"Wed Jul 02 2025 10:45:00 GMT+0530 (India Standard Time)","6101.00","6101.50","6085.00","6095.00"
"Wed Jul 02 2025 10:50:00 GMT+0530 (India Standard Time)","6095.00","6104.50","6088.00","6093.00"
"Wed Jul 02 2025 10:55:00 GMT+0530 (India Standard Time)","6093.00","6097.50","6075.00","6081.00"
"Wed Jul 02 2025 11:00:00 GMT+0530 (India Standard Time)","6081.00","6083.00","6062.50","6079.50"
"Wed Jul 02 2025 11:05:00 GMT+0530 (India Standard Time)","6079.50","6098.50","6073.50","6094.50"
"Wed Jul 02 2025 11:10:00 GMT+0530 (India Standard Time)","6090.00","6098.50","6090.00","6096.50"
"Wed Jul 02 2025 11:15:00 GMT+0530 (India Standard Time)","6096.50","6100.00","6092.00","6100.00"
"Wed Jul 02 2025 11:20:00 GMT+0530 (India Standard Time)","6100.50","6103.50","6090.00","6091.00"
"Wed Jul 02 2025 11:25:00 GMT+0530 (India Standard Time)","6093.00","6104.00","6079.50","6098.50"
"Wed Jul 02 2025 11:30:00 GMT+0530 (India Standard Time)","6098.50","6102.00","6083.50","6099.50"
"Wed Jul 02 2025 11:35:00 GMT+0530 (India Standard Time)","6099.50","6102.00","6095.00","6098.50"
"Wed Jul 02 2025 11:40:00 GMT+0530 (India Standard Time)","6098.50","6105.00","6094.50","6099.00"
"Wed Jul 02 2025 11:45:00 GMT+0530 (India Standard Time)","6102.50","6105.00","6096.00","6102.00"
"Wed Jul 02 2025 11:50:00 GMT+0530 (India Standard Time)","6102.50","6111.00","6100.00","6111.00"
"Wed Jul 02 2025 11:55:00 GMT+0530 (India Standard Time)","6111.00","6124.00","6107.00","6120.00"
"Wed Jul 02 2025 12:00:00 GMT+0530 (India Standard Time)","6120.00","6140.00","6114.00","6140.00"
"Wed Jul 02 2025 12:05:00 GMT+0530 (India Standard Time)","6140.00","6147.50","6137.00","6138.50"
"Wed Jul 02 2025 12:10:00 GMT+0530 (India Standard Time)","6138.50","6141.00","6131.50","6136.50"
"Wed Jul 02 2025 12:15:00 GMT+0530 (India Standard Time)","6136.50","6137.50","6125.50","6129.00"
"Wed Jul 02 2025 12:20:00 GMT+0530 (India Standard Time)","6129.00","6140.00","6129.00","6135.00"
"Wed Jul 02 2025 12:25:00 GMT+0530 (India Standard Time)","6135.00","6141.00","6135.00","6137.00"
"Wed Jul 02 2025 12:30:00 GMT+0530 (India Standard Time)","6140.00","6144.00","6137.50","6142.00"
"Wed Jul 02 2025 12:35:00 GMT+0530 (India Standard Time)","6142.00","6151.50","6137.00","6150.00"
"Wed Jul 02 2025 12:40:00 GMT+0530 (India Standard Time)","6150.00","6152.00","6143.50","6150.00"
"Wed Jul 02 2025 12:45:00 GMT+0530 (India Standard Time)","6150.00","6154.50","6145.50","6151.00"
"Wed Jul 02 2025 12:50:00 GMT+0530 (India Standard Time)","6151.00","6152.50","6150.00","6150.00"
"Wed Jul 02 2025 12:55:00 GMT+0530 (India Standard Time)","6150.00","6152.00","6139.00","6151.00"
"Wed Jul 02 2025 13:00:00 GMT+0530 (India Standard Time)","6151.00","6157.00","6149.50","6156.00"
"Wed Jul 02 2025 13:05:00 GMT+0530 (India Standard Time)","6156.00","6160.00","6154.00","6158.00"
"Wed Jul 02 2025 13:10:00 GMT+0530 (India Standard Time)","6158.00","6158.00","6150.00","6152.00"
"Wed Jul 02 2025 13:15:00 GMT+0530 (India Standard Time)","6152.00","6155.00","6150.00","6153.50"
"Wed Jul 02 2025 13:20:00 GMT+0530 (India Standard Time)","6153.50","6153.50","6142.00","6146.50"
"Wed Jul 02 2025 13:25:00 GMT+0530 (India Standard Time)","6146.50","6150.00","6130.00","6150.00"
"Wed Jul 02 2025 13:30:00 GMT+0530 (India Standard Time)","6150.00","6157.00","6143.00","6155.50"
"Wed Jul 02 2025 13:35:00 GMT+0530 (India Standard Time)","6155.50","6157.00","6150.00","6154.50"
"Wed Jul 02 2025 13:40:00 GMT+0530 (India Standard Time)","6157.50","6159.50","6152.50","6158.00"
"Wed Jul 02 2025 13:45:00 GMT+0530 (India Standard Time)","6156.50","6164.50","6155.00","6163.00"
"Wed Jul 02 2025 13:50:00 GMT+0530 (India Standard Time)","6163.00","6175.00","6162.00","6170.00"
"Wed Jul 02 2025 13:55:00 GMT+0530 (India Standard Time)","6170.00","6170.00","6157.00","6169.00"
"Wed Jul 02 2025 14:00:00 GMT+0530 (India Standard Time)","6169.00","6176.50","6164.50","6172.00"
"Wed Jul 02 2025 14:05:00 GMT+0530 (India Standard Time)","6172.00","6189.00","6171.50","6185.00"
"Wed Jul 02 2025 14:10:00 GMT+0530 (India Standard Time)","6188.50","6194.00","6185.50","6189.00"
"Wed Jul 02 2025 14:15:00 GMT+0530 (India Standard Time)","6190.00","6195.00","6185.00","6191.50"
"Wed Jul 02 2025 14:20:00 GMT+0530 (India Standard Time)","6192.50","6192.50","6181.00","6184.00"
"Wed Jul 02 2025 14:25:00 GMT+0530 (India Standard Time)","6184.00","6188.00","6182.00","6184.00"
"Wed Jul 02 2025 14:30:00 GMT+0530 (India Standard Time)","6184.00","6189.50","6183.50","6184.50"
"Wed Jul 02 2025 14:35:00 GMT+0530 (India Standard Time)","6184.50","6188.00","6180.00","6182.00"
"Wed Jul 02 2025 14:40:00 GMT+0530 (India Standard Time)","6182.00","6188.00","6180.50","6183.50"
"Wed Jul 02 2025 14:45:00 GMT+0530 (India Standard Time)","6183.50","6186.50","6173.00","6181.50"
"Wed Jul 02 2025 14:50:00 GMT+0530 (India Standard Time)","6181.50","6184.00","6178.00","6179.00"
"Wed Jul 02 2025 14:55:00 GMT+0530 (India Standard Time)","6179.00","6186.00","6173.00","6178.00"
"Wed Jul 02 2025 15:00:00 GMT+0530 (India Standard Time)","6181.00","6186.00","6179.00","6186.00"
"Wed Jul 02 2025 15:05:00 GMT+0530 (India Standard Time)","6186.00","6192.00","6186.00","6192.00"
"Wed Jul 02 2025 15:10:00 GMT+0530 (India Standard Time)","6195.00","6197.50","6186.50","6193.50"
"Wed Jul 02 2025 15:15:00 GMT+0530 (India Standard Time)","6195.00","6195.00","6183.00","6186.00"
"Wed Jul 02 2025 15:20:00 GMT+0530 (India Standard Time)","6186.00","6190.00","6184.00","6185.00"
"Wed Jul 02 2025 15:25:00 GMT+0530 (India Standard Time)","6185.00","6185.00","6162.00","6169.00"
"Thu Jul 03 2025 09:15:00 GMT+0530 (India Standard Time)","6160.00","6210.00","6159.00","6205.00"
"Thu Jul 03 2025 09:20:00 GMT+0530 (India Standard Time)","6205.00","6209.50","6193.50","6200.50"
"Thu Jul 03 2025 09:25:00 GMT+0530 (India Standard Time)","6200.50","6215.00","6194.00","6202.50"
"Thu Jul 03 2025 09:30:00 GMT+0530 (India Standard Time)","6200.50","6209.00","6191.00","6207.50"
"Thu Jul 03 2025 09:35:00 GMT+0530 (India Standard Time)","6208.50","6219.50","6197.00","6199.00"
"Thu Jul 03 2025 09:40:00 GMT+0530 (India Standard Time)","6199.00","6207.50","6195.00","6207.00"
"Thu Jul 03 2025 09:45:00 GMT+0530 (India Standard Time)","6207.50","6207.50","6193.50","6204.50"
"Thu Jul 03 2025 09:50:00 GMT+0530 (India Standard Time)","6204.50","6207.00","6198.00","6207.00"
"Thu Jul 03 2025 09:55:00 GMT+0530 (India Standard Time)","6205.00","6211.00","6204.00","6211.00"
"Thu Jul 03 2025 10:00:00 GMT+0530 (India Standard Time)","6211.00","6217.00","6205.00","6212.50"
"Thu Jul 03 2025 10:05:00 GMT+0530 (India Standard Time)","6211.00","6211.50","6205.00","6211.00"
"Thu Jul 03 2025 10:10:00 GMT+0530 (India Standard Time)","6211.00","6211.50","6206.50","6209.00"
"Thu Jul 03 2025 10:15:00 GMT+0530 (India Standard Time)","6211.50","6219.00","6209.00","6216.00"
"Thu Jul 03 2025 10:20:00 GMT+0530 (India Standard Time)","6217.00","6218.50","6210.50","6216.00"
"Thu Jul 03 2025 10:25:00 GMT+0530 (India Standard Time)","6220.00","6223.00","6213.50","6213.50"
"Thu Jul 03 2025 10:30:00 GMT+0530 (India Standard Time)","6213.50","6225.00","6213.50","6224.50"
"Thu Jul 03 2025 10:35:00 GMT+0530 (India Standard Time)","6224.50","6224.50","6218.00","6219.00"
"Thu Jul 03 2025 10:40:00 GMT+0530 (India Standard Time)","6222.00","6224.50","6219.50","6220.00"
"Thu Jul 03 2025 10:45:00 GMT+0530 (India Standard Time)","6220.00","6220.00","6215.00","6218.00"
"Thu Jul 03 2025 10:50:00 GMT+0530 (India Standard Time)","6218.00","6218.50","6215.00","6218.00"
"Thu Jul 03 2025 10:55:00 GMT+0530 (India Standard Time)","6218.00","6224.00","6217.00","6218.50"
"Thu Jul 03 2025 11:00:00 GMT+0530 (India Standard Time)","6220.00","6235.00","6218.50","6227.50"
"Thu Jul 03 2025 11:05:00 GMT+0530 (India Standard Time)","6227.50","6234.00","6227.50","6232.00"
"Thu Jul 03 2025 11:10:00 GMT+0530 (India Standard Time)","6232.00","6232.00","6222.00","6229.00"
"Thu Jul 03 2025 11:15:00 GMT+0530 (India Standard Time)","6228.50","6230.00","6224.00","6226.50"
"Thu Jul 03 2025 11:20:00 GMT+0530 (India Standard Time)","6226.50","6229.00","6217.00","6220.00"
"Thu Jul 03 2025 11:25:00 GMT+0530 (India Standard Time)","6220.00","6225.00","6219.00","6222.00"
"Thu Jul 03 2025 11:30:00 GMT+0530 (India Standard Time)","6222.00","6230.00","6217.50","6225.50"
"Thu Jul 03 2025 11:35:00 GMT+0530 (India Standard Time)","6225.50","6230.00","6222.50","6222.50"
"Thu Jul 03 2025 11:40:00 GMT+0530 (India Standard Time)","6222.50","6225.50","6215.00","6215.00"
"Thu Jul 03 2025 11:45:00 GMT+0530 (India Standard Time)","6215.00","6215.00","6205.00","6209.00"
"Thu Jul 03 2025 11:50:00 GMT+0530 (India Standard Time)","6209.50","6218.50","6208.00","6215.00"
"Thu Jul 03 2025 11:55:00 GMT+0530 (India Standard Time)","6215.00","6222.00","6215.00","6222.00"
"Thu Jul 03 2025 12:00:00 GMT+0530 (India Standard Time)","6222.00","6222.00","6210.00","6217.00"
"Thu Jul 03 2025 12:05:00 GMT+0530 (India Standard Time)","6217.00","6221.50","6211.50","6220.00"
"Thu Jul 03 2025 12:10:00 GMT+0530 (India Standard Time)","6220.00","6221.00","6214.00","6214.00"
"Thu Jul 03 2025 12:15:00 GMT+0530 (India Standard Time)","6214.50","6215.00","6209.00","6212.50"
"Thu Jul 03 2025 12:20:00 GMT+0530 (India Standard Time)","6212.50","6217.00","6208.00","6210.50"
"Thu Jul 03 2025 12:25:00 GMT+0530 (India Standard Time)","6210.50","6214.00","6208.00","6208.50"
"Thu Jul 03 2025 12:30:00 GMT+0530 (India Standard Time)","6208.50","6212.00","6206.00","6211.00"
"Thu Jul 03 2025 12:35:00 GMT+0530 (India Standard Time)","6210.50","6210.50","6200.50","6208.50"
"Thu Jul 03 2025 12:40:00 GMT+0530 (India Standard Time)","6208.50","6225.00","6208.50","6225.00"
"Thu Jul 03 2025 12:45:00 GMT+0530 (India Standard Time)","6225.00","6252.00","6222.00","6247.50"
"Thu Jul 03 2025 12:50:00 GMT+0530 (India Standard Time)","6247.50","6250.00","6244.00","6244.50"
"Thu Jul 03 2025 12:55:00 GMT+0530 (India Standard Time)","6244.50","6253.50","6240.00","6249.00"
"Thu Jul 03 2025 13:00:00 GMT+0530 (India Standard Time)","6251.50","6256.00","6248.00","6251.00"
"Thu Jul 03 2025 13:05:00 GMT+0530 (India Standard Time)","6251.00","6254.50","6249.00","6250.00"
"Thu Jul 03 2025 13:10:00 GMT+0530 (India Standard Time)","6250.00","6254.00","6250.00","6254.00"
"Thu Jul 03 2025 13:15:00 GMT+0530 (India Standard Time)","6254.00","6254.00","6248.00","6250.00"
"Thu Jul 03 2025 13:20:00 GMT+0530 (India Standard Time)","6248.50","6254.00","6245.00","6254.00"
"Thu Jul 03 2025 13:25:00 GMT+0530 (India Standard Time)","6254.00","6257.00","6252.50","6255.00"
"Thu Jul 03 2025 13:30:00 GMT+0530 (India Standard Time)","6255.00","6260.00","6250.00","6255.00"
"Thu Jul 03 2025 13:35:00 GMT+0530 (India Standard Time)","6255.00","6255.00","6242.00","6246.00"
"Thu Jul 03 2025 13:40:00 GMT+0530 (India Standard Time)","6246.00","6247.50","6238.00","6243.00"
"Thu Jul 03 2025 13:45:00 GMT+0530 (India Standard Time)","6243.00","6243.50","6220.00","6224.50"
"Thu Jul 03 2025 13:50:00 GMT+0530 (India Standard Time)","6224.00","6229.00","6220.50","6222.50"
"Thu Jul 03 2025 13:55:00 GMT+0530 (India Standard Time)","6222.50","6227.00","6221.50","6225.00"
"Thu Jul 03 2025 14:00:00 GMT+0530 (India Standard Time)","6224.50","6227.00","6220.00","6224.00"
"Thu Jul 03 2025 14:05:00 GMT+0530 (India Standard Time)","6224.00","6227.00","6220.00","6225.00"
"Thu Jul 03 2025 14:10:00 GMT+0530 (India Standard Time)","6225.00","6229.50","6225.00","6228.00"
"Thu Jul 03 2025 14:15:00 GMT+0530 (India Standard Time)","6228.00","6229.50","6222.00","6224.50"
"Thu Jul 03 2025 14:20:00 GMT+0530 (India Standard Time)","6224.50","6225.00","6212.50","6218.50"
"Thu Jul 03 2025 14:25:00 GMT+0530 (India Standard Time)","6218.50","6218.50","6205.00","6207.00"
"Thu Jul 03 2025 14:30:00 GMT+0530 (India Standard Time)","6202.50","6214.00","6193.50","6213.00"
"Thu Jul 03 2025 14:35:00 GMT+0530 (India Standard Time)","6213.00","6214.00","6202.50","6213.50"
"Thu Jul 03 2025 14:40:00 GMT+0530 (India Standard Time)","6213.50","6218.00","6210.50","6212.00"
"Thu Jul 03 2025 14:45:00 GMT+0530 (India Standard Time)","6215.00","6219.00","6210.00","6210.00"
"Thu Jul 03 2025 14:50:00 GMT+0530 (India Standard Time)","6213.00","6219.50","6199.00","6217.50"
"Thu Jul 03 2025 14:55:00 GMT+0530 (India Standard Time)","6217.50","6221.50","6211.50","6214.50"
"Thu Jul 03 2025 15:00:00 GMT+0530 (India Standard Time)","6214.50","6218.50","6212.00","6217.00"
"Thu Jul 03 2025 15:05:00 GMT+0530 (India Standard Time)","6217.00","6220.00","6214.00","6220.00"
"Thu Jul 03 2025 15:10:00 GMT+0530 (India Standard Time)","6218.50","6221.50","6215.50","6216.50"
"Thu Jul 03 2025 15:15:00 GMT+0530 (India Standard Time)","6216.50","6220.00","6215.00","6218.00"
"Thu Jul 03 2025 15:20:00 GMT+0530 (India Standard Time)","6216.00","6218.00","6210.50","6211.50"
"Thu Jul 03 2025 15:25:00 GMT+0530 (India Standard Time)","6210.00","6217.50","6208.50","6217.50"
"Fri Jul 04 2025 09:15:00 GMT+0530 (India Standard Time)","6230.00","6230.00","6160.00","6162.00"
"Fri Jul 04 2025 09:20:00 GMT+0530 (India Standard Time)","6164.50","6190.00","6151.00","6178.00"
"Fri Jul 04 2025 09:25:00 GMT+0530 (India Standard Time)","6179.50","6191.50","6171.00","6184.00"
"Fri Jul 04 2025 09:30:00 GMT+0530 (India Standard Time)","6184.50","6187.50","6171.50","6172.00"
"Fri Jul 04 2025 09:35:00 GMT+0530 (India Standard Time)","6172.00","6178.50","6169.50","6176.00"
"Fri Jul 04 2025 09:40:00 GMT+0530 (India Standard Time)","6174.50","6194.00","6167.00","6191.50"
"Fri Jul 04 2025 09:45:00 GMT+0530 (India Standard Time)","6191.50","6194.50","6183.00","6185.50"
"Fri Jul 04 2025 09:50:00 GMT+0530 (India Standard Time)","6185.50","6193.50","6181.50","6182.00"
"Fri Jul 04 2025 09:55:00 GMT+0530 (India Standard Time)","6182.00","6187.50","6182.00","6186.50"
"Fri Jul 04 2025 10:00:00 GMT+0530 (India Standard Time)","6186.00","6189.00","6183.00","6185.50"
"Fri Jul 04 2025 10:05:00 GMT+0530 (India Standard Time)","6185.50","6195.00","6180.50","6195.00"
"Fri Jul 04 2025 10:10:00 GMT+0530 (India Standard Time)","6195.00","6205.00","6190.50","6190.50"
"Fri Jul 04 2025 10:15:00 GMT+0530 (India Standard Time)","6190.50","6200.50","6190.50","6199.00"
"Fri Jul 04 2025 10:20:00 GMT+0530 (India Standard Time)","6199.00","6205.00","6196.50","6203.00"
"Fri Jul 04 2025 10:25:00 GMT+0530 (India Standard Time)","6203.50","6215.50","6200.00","6207.50"
"Fri Jul 04 2025 10:30:00 GMT+0530 (India Standard Time)","6207.50","6215.00","6205.00","6210.50"
"Fri Jul 04 2025 10:35:00 GMT+0530 (India Standard Time)","6210.50","6216.00","6210.50","6214.50"
"Fri Jul 04 2025 10:40:00 GMT+0530 (India Standard Time)","6214.50","6236.50","6213.00","6232.00"
"Fri Jul 04 2025 10:45:00 GMT+0530 (India Standard Time)","6232.00","6232.00","6219.00","6220.00"
"Fri Jul 04 2025 10:50:00 GMT+0530 (India Standard Time)","6220.00","6222.00","6214.50","6221.00"
"Fri Jul 04 2025 10:55:00 GMT+0530 (India Standard Time)","6221.00","6230.00","6221.00","6226.00"
"Fri Jul 04 2025 11:00:00 GMT+0530 (India Standard Time)","6226.00","6232.00","6226.00","6232.00"
"Fri Jul 04 2025 11:05:00 GMT+0530 (India Standard Time)","6232.00","6239.00","6228.00","6237.50"
"Fri Jul 04 2025 11:10:00 GMT+0530 (India Standard Time)","6237.50","6244.00","6230.00","6233.50"
"Fri Jul 04 2025 11:15:00 GMT+0530 (India Standard Time)","6233.50","6234.50","6229.00","6233.00"
"Fri Jul 04 2025 11:20:00 GMT+0530 (India Standard Time)","6233.00","6233.00","6219.00","6221.00"
"Fri Jul 04 2025 11:25:00 GMT+0530 (India Standard Time)","6221.00","6229.50","6221.00","6228.00"
"Fri Jul 04 2025 11:30:00 GMT+0530 (India Standard Time)","6228.00","6228.50","6219.00","6219.00"
"Fri Jul 04 2025 11:35:00 GMT+0530 (India Standard Time)","6219.00","6222.00","6206.00","6206.00"
"Fri Jul 04 2025 11:40:00 GMT+0530 (India Standard Time)","6206.00","6208.50","6198.00","6200.00"
"Fri Jul 04 2025 11:45:00 GMT+0530 (India Standard Time)","6200.00","6200.00","6185.00","6189.00"
"Fri Jul 04 2025 11:50:00 GMT+0530 (India Standard Time)","6189.00","6190.00","6172.00","6172.00"
"Fri Jul 04 2025 11:55:00 GMT+0530 (India Standard Time)","6172.00","6178.50","6157.00","6178.50"
"Fri Jul 04 2025 12:00:00 GMT+0530 (India Standard Time)","6178.50","6184.00","6161.00","6170.50"
"Fri Jul 04 2025 12:05:00 GMT+0530 (India Standard Time)","6170.50","6181.50","6170.50","6178.50"
"Fri Jul 04 2025 12:10:00 GMT+0530 (India Standard Time)","6178.50","6193.00","6178.50","6193.00"
"Fri Jul 04 2025 12:15:00 GMT+0530 (India Standard Time)","6193.00","6198.00","6182.50","6193.00"
"Fri Jul 04 2025 12:20:00 GMT+0530 (India Standard Time)","6193.00","6196.00","6190.00","6192.00"
"Fri Jul 04 2025 12:25:00 GMT+0530 (India Standard Time)","6192.00","6199.00","6192.00","6195.00"
"Fri Jul 04 2025 12:30:00 GMT+0530 (India Standard Time)","6195.00","6205.00","6193.50","6204.00"
"Fri Jul 04 2025 12:35:00 GMT+0530 (India Standard Time)","6204.00","6206.50","6196.00","6204.00"
"Fri Jul 04 2025 12:40:00 GMT+0530 (India Standard Time)","6204.00","6204.50","6197.50","6202.00"
"Fri Jul 04 2025 12:45:00 GMT+0530 (India Standard Time)","6202.00","6202.50","6195.00","6200.00"
"Fri Jul 04 2025 12:50:00 GMT+0530 (India Standard Time)","6200.00","6208.00","6198.00","6207.50"
"Fri Jul 04 2025 12:55:00 GMT+0530 (India Standard Time)","6207.50","6207.50","6200.50","6202.00"
"Fri Jul 04 2025 13:00:00 GMT+0530 (India Standard Time)","6201.50","6209.50","6200.00","6203.00"
"Fri Jul 04 2025 13:05:00 GMT+0530 (India Standard Time)","6203.00","6210.00","6202.00","6210.00"
"Fri Jul 04 2025 13:10:00 GMT+0530 (India Standard Time)","6210.00","6218.50","6210.00","6217.00"
"Fri Jul 04 2025 13:15:00 GMT+0530 (India Standard Time)","6217.00","6217.50","6200.50","6201.00"
"Fri Jul 04 2025 13:20:00 GMT+0530 (India Standard Time)","6200.00","6209.50","6200.00","6206.00"
"Fri Jul 04 2025 13:25:00 GMT+0530 (India Standard Time)","6206.00","6215.00","6206.00","6214.50"
"Fri Jul 04 2025 13:30:00 GMT+0530 (India Standard Time)","6215.50","6216.00","6208.00","6216.00"
"Fri Jul 04 2025 13:35:00 GMT+0530 (India Standard Time)","6216.00","6218.50","6213.00","6213.00"
"Fri Jul 04 2025 13:40:00 GMT+0530 (India Standard Time)","6213.00","6214.50","6211.00","6213.50"
"Fri Jul 04 2025 13:45:00 GMT+0530 (India Standard Time)","6213.50","6215.00","6212.00","6212.00"
"Fri Jul 04 2025 13:50:00 GMT+0530 (India Standard Time)","6214.00","6219.00","6212.00","6215.50"
"Fri Jul 04 2025 13:55:00 GMT+0530 (India Standard Time)","6215.50","6218.50","6212.00","6218.00"
"Fri Jul 04 2025 14:00:00 GMT+0530 (India Standard Time)","6218.00","6220.00","6205.00","6210.00"
"Fri Jul 04 2025 14:05:00 GMT+0530 (India Standard Time)","6210.00","6211.00","6205.50","6207.00"
"Fri Jul 04 2025 14:10:00 GMT+0530 (India Standard Time)","6207.00","6207.00","6202.50","6203.50"
"Fri Jul 04 2025 14:15:00 GMT+0530 (India Standard Time)","6203.50","6205.00","6200.00","6203.00"
"Fri Jul 04 2025 14:20:00 GMT+0530 (India Standard Time)","6203.00","6206.50","6203.00","6205.50"
"Fri Jul 04 2025 14:25:00 GMT+0530 (India Standard Time)","6205.50","6208.00","6200.00","6202.00"
"Fri Jul 04 2025 14:30:00 GMT+0530 (India Standard Time)","6202.00","6205.00","6201.50","6202.00"
"Fri Jul 04 2025 14:35:00 GMT+0530 (India Standard Time)","6202.00","6209.50","6202.00","6209.00"
"Fri Jul 04 2025 14:40:00 GMT+0530 (India Standard Time)","6209.00","6215.00","6208.50","6208.50"
"Fri Jul 04 2025 14:45:00 GMT+0530 (India Standard Time)","6208.50","6211.50","6205.50","6207.00"
"Fri Jul 04 2025 14:50:00 GMT+0530 (India Standard Time)","6207.00","6212.00","6205.00","6210.00"
"Fri Jul 04 2025 14:55:00 GMT+0530 (India Standard Time)","6210.00","6216.00","6210.00","6215.00"
"Fri Jul 04 2025 15:00:00 GMT+0530 (India Standard Time)","6215.50","6219.00","6210.00","6218.50"
"Fri Jul 04 2025 15:05:00 GMT+0530 (India Standard Time)","6218.50","6219.50","6210.50","6216.00"
"Fri Jul 04 2025 15:10:00 GMT+0530 (India Standard Time)","6216.00","6216.00","6210.50","6215.00"
"Fri Jul 04 2025 15:15:00 GMT+0530 (India Standard Time)","6217.00","6217.00","6203.50","6208.00"
"Fri Jul 04 2025 15:20:00 GMT+0530 (India Standard Time)","6208.00","6209.00","6200.00","6200.00"
"Fri Jul 04 2025 15:25:00 GMT+0530 (India Standard Time)","6200.00","6204.00","6200.00","6200.00"
"Mon Jul 07 2025 09:15:00 GMT+0530 (India Standard Time)","6209.00","6210.00","6169.50","6191.00"
"Mon Jul 07 2025 09:20:00 GMT+0530 (India Standard Time)","6191.00","6207.00","6186.50","6196.50"
"Mon Jul 07 2025 09:25:00 GMT+0530 (India Standard Time)","6196.50","6196.50","6170.50","6192.00"
"Mon Jul 07 2025 09:30:00 GMT+0530 (India Standard Time)","6191.50","6205.00","6179.50","6189.00"
"Mon Jul 07 2025 09:35:00 GMT+0530 (India Standard Time)","6189.00","6195.00","6184.00","6186.50"
"Mon Jul 07 2025 09:40:00 GMT+0530 (India Standard Time)","6186.50","6190.50","6172.50","6175.00"
"Mon Jul 07 2025 09:45:00 GMT+0530 (India Standard Time)","6175.00","6175.00","6155.50","6168.50"
"Mon Jul 07 2025 09:50:00 GMT+0530 (India Standard Time)","6165.00","6189.00","6165.00","6187.50"
"Mon Jul 07 2025 09:55:00 GMT+0530 (India Standard Time)","6187.50","6188.00","6172.50","6177.00"
"Mon Jul 07 2025 10:00:00 GMT+0530 (India Standard Time)","6177.00","6180.00","6167.00","6167.50"
"Mon Jul 07 2025 10:05:00 GMT+0530 (India Standard Time)","6167.50","6169.50","6161.50","6169.00"
"Mon Jul 07 2025 10:10:00 GMT+0530 (India Standard Time)","6169.00","6171.00","6166.00","6170.00"
"Mon Jul 07 2025 10:15:00 GMT+0530 (India Standard Time)","6171.00","6171.00","6167.00","6170.00"
"Mon Jul 07 2025 10:20:00 GMT+0530 (India Standard Time)","6170.00","6181.00","6168.00","6181.00"
"Mon Jul 07 2025 10:25:00 GMT+0530 (India Standard Time)","6181.00","6185.50","6176.50","6178.50"
"Mon Jul 07 2025 10:30:00 GMT+0530 (India Standard Time)","6179.50","6182.00","6176.00","6180.00"
"Mon Jul 07 2025 10:35:00 GMT+0530 (India Standard Time)","6180.00","6181.00","6173.00","6179.50"
"Mon Jul 07 2025 10:40:00 GMT+0530 (India Standard Time)","6179.50","6180.00","6175.00","6179.00"
"Mon Jul 07 2025 10:45:00 GMT+0530 (India Standard Time)","6179.00","6183.50","6176.50","6179.50"
"Mon Jul 07 2025 10:50:00 GMT+0530 (India Standard Time)","6179.50","6195.00","6175.50","6191.00"
"Mon Jul 07 2025 10:55:00 GMT+0530 (India Standard Time)","6190.00","6190.50","6186.00","6188.50"
"Mon Jul 07 2025 11:00:00 GMT+0530 (India Standard Time)","6188.50","6188.50","6186.00","6187.00"
"Mon Jul 07 2025 11:05:00 GMT+0530 (India Standard Time)","6187.00","6188.00","6176.50","6177.00"
"Mon Jul 07 2025 11:10:00 GMT+0530 (India Standard Time)","6177.00","6183.00","6175.00","6177.00"
"Mon Jul 07 2025 11:15:00 GMT+0530 (India Standard Time)","6177.00","6179.50","6174.00","6177.00"
"Mon Jul 07 2025 11:20:00 GMT+0530 (India Standard Time)","6177.00","6178.00","6170.00","6172.00"
"Mon Jul 07 2025 11:25:00 GMT+0530 (India Standard Time)","6170.00","6175.00","6168.00","6172.00"
"Mon Jul 07 2025 11:30:00 GMT+0530 (India Standard Time)","6172.00","6174.50","6161.50","6165.00"
"Mon Jul 07 2025 11:35:00 GMT+0530 (India Standard Time)","6165.00","6168.50","6163.00","6165.00"
"Mon Jul 07 2025 11:40:00 GMT+0530 (India Standard Time)","6165.00","6170.50","6164.00","6166.50"
"Mon Jul 07 2025 11:45:00 GMT+0530 (India Standard Time)","6166.50","6171.00","6164.00","6170.50"
"Mon Jul 07 2025 11:50:00 GMT+0530 (India Standard Time)","6166.00","6170.50","6160.00","6160.00"
"Mon Jul 07 2025 11:55:00 GMT+0530 (India Standard Time)","6160.00","6168.00","6160.00","6166.00"
"Mon Jul 07 2025 12:00:00 GMT+0530 (India Standard Time)","6167.00","6168.50","6162.50","6166.00"
"Mon Jul 07 2025 12:05:00 GMT+0530 (India Standard Time)","6167.00","6174.50","6163.00","6172.00"
"Mon Jul 07 2025 12:10:00 GMT+0530 (India Standard Time)","6170.50","6170.50","6162.00","6162.00"
"Mon Jul 07 2025 12:15:00 GMT+0530 (India Standard Time)","6162.00","6168.00","6160.00","6164.50"
"Mon Jul 07 2025 12:20:00 GMT+0530 (India Standard Time)","6164.50","6170.00","6163.00","6169.00"
"Mon Jul 07 2025 12:25:00 GMT+0530 (India Standard Time)","6172.00","6173.00","6168.50","6168.50"
"Mon Jul 07 2025 12:30:00 GMT+0530 (India Standard Time)","6171.00","6175.00","6168.50","6171.00"
"Mon Jul 07 2025 12:35:00 GMT+0530 (India Standard Time)","6174.50","6175.00","6171.00","6175.00"
"Mon Jul 07 2025 12:40:00 GMT+0530 (India Standard Time)","6175.00","6178.00","6175.00","6176.00"
"Mon Jul 07 2025 12:45:00 GMT+0530 (India Standard Time)","6176.00","6181.00","6175.00","6181.00"
"Mon Jul 07 2025 12:50:00 GMT+0530 (India Standard Time)","6180.00","6181.00","6176.00","6181.00"
"Mon Jul 07 2025 12:55:00 GMT+0530 (India Standard Time)","6181.00","6181.00","6170.00","6178.50"
"Mon Jul 07 2025 13:00:00 GMT+0530 (India Standard Time)","6178.50","6181.00","6178.50","6180.00"
"Mon Jul 07 2025 13:05:00 GMT+0530 (India Standard Time)","6180.00","6184.50","6179.50","6179.50"
"Mon Jul 07 2025 13:10:00 GMT+0530 (India Standard Time)","6179.50","6181.00","6179.50","6180.00"
"Mon Jul 07 2025 13:15:00 GMT+0530 (India Standard Time)","6180.00","6183.00","6175.50","6175.50"
"Mon Jul 07 2025 13:20:00 GMT+0530 (India Standard Time)","6175.50","6182.00","6173.50","6175.00"
"Mon Jul 07 2025 13:25:00 GMT+0530 (India Standard Time)","6175.00","6178.50","6170.00","6175.00"
"Mon Jul 07 2025 13:30:00 GMT+0530 (India Standard Time)","6175.00","6177.50","6175.00","6177.00"
"Mon Jul 07 2025 13:35:00 GMT+0530 (India Standard Time)","6177.00","6177.50","6175.00","6175.50"
"Mon Jul 07 2025 13:40:00 GMT+0530 (India Standard Time)","6175.50","6177.50","6175.00","6175.00"
"Mon Jul 07 2025 13:45:00 GMT+0530 (India Standard Time)","6175.00","6180.00","6175.00","6178.50"
"Mon Jul 07 2025 13:50:00 GMT+0530 (India Standard Time)","6178.50","6180.00","6175.00","6175.00"
"Mon Jul 07 2025 13:55:00 GMT+0530 (India Standard Time)","6175.00","6182.00","6175.00","6181.50"
"Mon Jul 07 2025 14:00:00 GMT+0530 (India Standard Time)","6181.50","6181.50","6175.00","6177.50"
"Mon Jul 07 2025 14:05:00 GMT+0530 (India Standard Time)","6177.50","6178.00","6175.00","6177.00"
"Mon Jul 07 2025 14:10:00 GMT+0530 (India Standard Time)","6177.00","6179.00","6175.00","6177.50"
"Mon Jul 07 2025 14:15:00 GMT+0530 (India Standard Time)","6177.50","6182.00","6177.50","6180.00"
"Mon Jul 07 2025 14:20:00 GMT+0530 (India Standard Time)","6180.00","6182.00","6179.50","6179.50"
"Mon Jul 07 2025 14:25:00 GMT+0530 (India Standard Time)","6179.50","6182.00","6179.50","6180.00"
"Mon Jul 07 2025 14:30:00 GMT+0530 (India Standard Time)","6180.00","6181.00","6165.00","6174.50"
"Mon Jul 07 2025 14:35:00 GMT+0530 (India Standard Time)","6174.50","6177.50","6174.00","6175.00"
"Mon Jul 07 2025 14:40:00 GMT+0530 (India Standard Time)","6175.00","6177.00","6171.00","6174.00"
"Mon Jul 07 2025 14:45:00 GMT+0530 (India Standard Time)","6168.00","6172.50","6158.50","6168.00"
"Mon Jul 07 2025 14:50:00 GMT+0530 (India Standard Time)","6165.00","6167.50","6163.00","6164.00"
"Mon Jul 07 2025 14:55:00 GMT+0530 (India Standard Time)","6164.00","6170.00","6163.00","6165.50"
"Mon Jul 07 2025 15:00:00 GMT+0530 (India Standard Time)","6169.00","6172.00","6166.00","6172.00"
"Mon Jul 07 2025 15:05:00 GMT+0530 (India Standard Time)","6171.00","6177.00","6170.00","6175.00"
"Mon Jul 07 2025 15:10:00 GMT+0530 (India Standard Time)","6177.00","6178.00","6174.00","6177.00"
"Mon Jul 07 2025 15:15:00 GMT+0530 (India Standard Time)","6177.00","6181.00","6176.00","6179.00"
"Mon Jul 07 2025 15:20:00 GMT+0530 (India Standard Time)","6178.50","6181.00","6170.00","6171.00"
"Mon Jul 07 2025 15:25:00 GMT+0530 (India Standard Time)","6174.50","6188.00","6165.00","6171.50"
"Tue Jul 08 2025 09:15:00 GMT+0530 (India Standard Time)","6187.50","6195.50","6164.00","6177.50"
"Tue Jul 08 2025 09:20:00 GMT+0530 (India Standard Time)","6178.50","6190.00","6175.00","6188.50"
"Tue Jul 08 2025 09:25:00 GMT+0530 (India Standard Time)","6188.50","6194.00","6180.00","6184.00"
"Tue Jul 08 2025 09:30:00 GMT+0530 (India Standard Time)","6184.00","6189.00","6155.00","6158.50"
"Tue Jul 08 2025 09:35:00 GMT+0530 (India Standard Time)","6162.50","6162.50","6145.00","6149.00"
"Tue Jul 08 2025 09:40:00 GMT+0530 (India Standard Time)","6149.00","6156.00","6122.50","6133.00"
"Tue Jul 08 2025 09:45:00 GMT+0530 (India Standard Time)","6135.50","6139.50","6124.00","6126.50"
"Tue Jul 08 2025 09:50:00 GMT+0530 (India Standard Time)","6126.50","6130.00","6114.00","6116.00"
"Tue Jul 08 2025 09:55:00 GMT+0530 (India Standard Time)","6116.00","6118.00","6101.00","6107.00"
"Tue Jul 08 2025 10:00:00 GMT+0530 (India Standard Time)","6107.00","6122.50","6105.00","6122.00"
"Tue Jul 08 2025 10:05:00 GMT+0530 (India Standard Time)","6122.00","6130.50","6115.00","6115.00"
"Tue Jul 08 2025 10:10:00 GMT+0530 (India Standard Time)","6118.00","6125.00","6114.50","6122.00"
"Tue Jul 08 2025 10:15:00 GMT+0530 (India Standard Time)","6122.00","6127.00","6115.50","6123.00"
"Tue Jul 08 2025 10:20:00 GMT+0530 (India Standard Time)","6123.00","6129.50","6121.00","6121.00"
"Tue Jul 08 2025 10:25:00 GMT+0530 (India Standard Time)","6121.00","6128.50","6118.00","6118.00"
"Tue Jul 08 2025 10:30:00 GMT+0530 (India Standard Time)","6120.50","6120.50","6108.50","6113.00"
"Tue Jul 08 2025 10:35:00 GMT+0530 (India Standard Time)","6113.00","6116.50","6108.00","6109.50"
"Tue Jul 08 2025 10:40:00 GMT+0530 (India Standard Time)","6109.00","6116.00","6104.50","6106.00"
"Tue Jul 08 2025 10:45:00 GMT+0530 (India Standard Time)","6106.00","6108.00","6102.50","6103.00"
"Tue Jul 08 2025 10:50:00 GMT+0530 (India Standard Time)","6103.00","6115.00","6103.00","6106.50"
"Tue Jul 08 2025 10:55:00 GMT+0530 (India Standard Time)","6106.50","6121.00","6106.50","6113.00"
"Tue Jul 08 2025 11:00:00 GMT+0530 (India Standard Time)","6113.00","6115.00","6106.50","6109.50"
"Tue Jul 08 2025 11:05:00 GMT+0530 (India Standard Time)","6109.50","6110.00","6100.50","6103.00"
"Tue Jul 08 2025 11:10:00 GMT+0530 (India Standard Time)","6103.00","6117.00","6100.50","6113.00"
"Tue Jul 08 2025 11:15:00 GMT+0530 (India Standard Time)","6113.00","6122.50","6107.50","6118.00"
"Tue Jul 08 2025 11:20:00 GMT+0530 (India Standard Time)","6120.00","6123.50","6118.00","6121.50"
"Tue Jul 08 2025 11:25:00 GMT+0530 (India Standard Time)","6120.50","6123.50","6119.50","6120.00"
"Tue Jul 08 2025 11:30:00 GMT+0530 (India Standard Time)","6120.00","6128.00","6120.00","6124.00"
"Tue Jul 08 2025 11:35:00 GMT+0530 (India Standard Time)","6124.00","6125.00","6118.00","6119.00"
"Tue Jul 08 2025 11:40:00 GMT+0530 (India Standard Time)","6119.00","6127.00","6118.00","6120.00"
"Tue Jul 08 2025 11:45:00 GMT+0530 (India Standard Time)","6120.00","6126.00","6118.00","6118.50"
"Tue Jul 08 2025 11:50:00 GMT+0530 (India Standard Time)","6118.50","6123.50","6106.00","6111.00"
"Tue Jul 08 2025 11:55:00 GMT+0530 (India Standard Time)","6111.00","6111.00","6102.00","6104.50"
"Tue Jul 08 2025 12:00:00 GMT+0530 (India Standard Time)","6105.50","6106.50","6097.00","6099.50"
"Tue Jul 08 2025 12:05:00 GMT+0530 (India Standard Time)","6099.50","6104.00","6096.50","6098.50"
"Tue Jul 08 2025 12:10:00 GMT+0530 (India Standard Time)","6098.50","6102.00","6095.00","6095.00"
"Tue Jul 08 2025 12:15:00 GMT+0530 (India Standard Time)","6095.00","6116.00","6092.00","6113.00"
"Tue Jul 08 2025 12:20:00 GMT+0530 (India Standard Time)","6113.00","6119.50","6105.50","6110.00"
"Tue Jul 08 2025 12:25:00 GMT+0530 (India Standard Time)","6110.00","6119.50","6110.00","6116.50"
"Tue Jul 08 2025 12:30:00 GMT+0530 (India Standard Time)","6119.00","6121.00","6115.50","6118.00"
"Tue Jul 08 2025 12:35:00 GMT+0530 (India Standard Time)","6117.00","6120.50","6116.00","6116.00"
"Tue Jul 08 2025 12:40:00 GMT+0530 (India Standard Time)","6116.00","6140.50","6116.00","6136.50"
"Tue Jul 08 2025 12:45:00 GMT+0530 (India Standard Time)","6136.50","6155.00","6134.50","6153.00"
"Tue Jul 08 2025 12:50:00 GMT+0530 (India Standard Time)","6153.00","6156.00","6145.00","6150.00"
"Tue Jul 08 2025 12:55:00 GMT+0530 (India Standard Time)","6150.00","6158.00","6150.00","6158.00"
"Tue Jul 08 2025 13:00:00 GMT+0530 (India Standard Time)","6159.00","6165.00","6157.00","6159.00"
"Tue Jul 08 2025 13:05:00 GMT+0530 (India Standard Time)","6160.00","6164.00","6157.50","6159.00"
"Tue Jul 08 2025 13:10:00 GMT+0530 (India Standard Time)","6159.00","6160.00","6154.00","6157.00"
"Tue Jul 08 2025 13:15:00 GMT+0530 (India Standard Time)","6157.00","6158.50","6149.00","6154.50"
"Tue Jul 08 2025 13:20:00 GMT+0530 (India Standard Time)","6154.50","6155.50","6150.00","6154.00"
"Tue Jul 08 2025 13:25:00 GMT+0530 (India Standard Time)","6154.00","6157.00","6152.00","6157.00"
"Tue Jul 08 2025 13:30:00 GMT+0530 (India Standard Time)","6156.50","6158.00","6155.00","6155.50"
"Tue Jul 08 2025 13:35:00 GMT+0530 (India Standard Time)","6155.50","6159.50","6152.00","6152.00"
"Tue Jul 08 2025 13:40:00 GMT+0530 (India Standard Time)","6152.00","6157.50","6149.00","6150.50"
"Tue Jul 08 2025 13:45:00 GMT+0530 (India Standard Time)","6150.50","6157.50","6150.00","6157.50"
"Tue Jul 08 2025 13:50:00 GMT+0530 (India Standard Time)","6157.50","6160.50","6156.50","6158.50"
"Tue Jul 08 2025 13:55:00 GMT+0530 (India Standard Time)","6158.50","6163.00","6158.50","6163.00"
"Tue Jul 08 2025 14:00:00 GMT+0530 (India Standard Time)","6163.00","6163.00","6158.50","6160.50"
"Tue Jul 08 2025 14:05:00 GMT+0530 (India Standard Time)","6160.50","6160.50","6150.00","6151.00"
"Tue Jul 08 2025 14:10:00 GMT+0530 (India Standard Time)","6151.00","6152.50","6149.00","6151.50"
"Tue Jul 08 2025 14:15:00 GMT+0530 (India Standard Time)","6151.50","6153.50","6149.00","6150.00"
"Tue Jul 08 2025 14:20:00 GMT+0530 (India Standard Time)","6150.00","6150.00","6135.50","6140.50"
"Tue Jul 08 2025 14:25:00 GMT+0530 (India Standard Time)","6140.50","6140.50","6124.50","6135.00"
"Tue Jul 08 2025 14:30:00 GMT+0530 (India Standard Time)","6134.00","6135.50","6125.50","6129.50"
"Tue Jul 08 2025 14:35:00 GMT+0530 (India Standard Time)","6130.00","6134.00","6128.50","6130.50"
"Tue Jul 08 2025 14:40:00 GMT+0530 (India Standard Time)","6130.50","6151.50","6120.50","6147.00"
"Tue Jul 08 2025 14:45:00 GMT+0530 (India Standard Time)","6148.50","6149.00","6147.00","6147.00"
"Tue Jul 08 2025 14:50:00 GMT+0530 (India Standard Time)","6147.00","6153.00","6145.00","6152.00"
"Tue Jul 08 2025 14:55:00 GMT+0530 (India Standard Time)","6152.00","6155.00","6149.00","6154.50"
"Tue Jul 08 2025 15:00:00 GMT+0530 (India Standard Time)","6154.00","6166.00","6153.00","6166.00"
"Tue Jul 08 2025 15:05:00 GMT+0530 (India Standard Time)","6166.00","6175.00","6166.00","6173.00"
"Tue Jul 08 2025 15:10:00 GMT+0530 (India Standard Time)","6176.00","6182.00","6170.50","6172.50"
"Tue Jul 08 2025 15:15:00 GMT+0530 (India Standard Time)","6172.50","6176.00","6170.00","6176.00"
"Tue Jul 08 2025 15:20:00 GMT+0530 (India Standard Time)","6174.00","6177.50","6171.50","6174.50"
"Tue Jul 08 2025 15:25:00 GMT+0530 (India Standard Time)","6174.50","6185.50","6170.00","6175.50"
"Wed Jul 09 2025 09:15:00 GMT+0530 (India Standard Time)","6171.50","6187.50","6145.00","6158.00"
"Wed Jul 09 2025 09:20:00 GMT+0530 (India Standard Time)","6158.00","6170.00","6151.00","6158.00"
"Wed Jul 09 2025 09:25:00 GMT+0530 (India Standard Time)","6158.00","6162.50","6151.50","6156.00"
"Wed Jul 09 2025 09:30:00 GMT+0530 (India Standard Time)","6156.00","6171.00","6156.00","6165.00"
"Wed Jul 09 2025 09:35:00 GMT+0530 (India Standard Time)","6168.50","6169.50","6160.00","6169.00"
"Wed Jul 09 2025 09:40:00 GMT+0530 (India Standard Time)","6169.00","6172.50","6158.50","6160.50"
"Wed Jul 09 2025 09:45:00 GMT+0530 (India Standard Time)","6159.50","6165.00","6151.50","6156.00"
"Wed Jul 09 2025 09:50:00 GMT+0530 (India Standard Time)","6156.00","6161.00","6151.50","6152.00"
"Wed Jul 09 2025 09:55:00 GMT+0530 (India Standard Time)","6152.00","6158.50","6132.00","6140.00"
"Wed Jul 09 2025 10:00:00 GMT+0530 (India Standard Time)","6140.00","6142.00","6122.00","6139.00"
"Wed Jul 09 2025 10:05:00 GMT+0530 (India Standard Time)","6139.00","6143.00","6125.00","6139.00"
"Wed Jul 09 2025 10:10:00 GMT+0530 (India Standard Time)","6139.00","6145.00","6136.50","6139.00"
"Wed Jul 09 2025 10:15:00 GMT+0530 (India Standard Time)","6137.00","6143.50","6136.50","6143.50"
"Wed Jul 09 2025 10:20:00 GMT+0530 (India Standard Time)","6143.50","6148.50","6139.00","6147.00"
"Wed Jul 09 2025 10:25:00 GMT+0530 (India Standard Time)","6143.00","6148.50","6140.00","6140.00"
"Wed Jul 09 2025 10:30:00 GMT+0530 (India Standard Time)","6136.00","6143.00","6135.00","6137.50"
"Wed Jul 09 2025 10:35:00 GMT+0530 (India Standard Time)","6135.00","6145.50","6133.50","6145.50"
"Wed Jul 09 2025 10:40:00 GMT+0530 (India Standard Time)","6145.50","6147.00","6140.50","6141.50"
"Wed Jul 09 2025 10:45:00 GMT+0530 (India Standard Time)","6141.50","6147.00","6140.00","6145.00"
"Wed Jul 09 2025 10:50:00 GMT+0530 (India Standard Time)","6145.00","6151.00","6142.50","6149.00"
"Wed Jul 09 2025 10:55:00 GMT+0530 (India Standard Time)","6149.00","6149.00","6129.00","6132.50"
"Wed Jul 09 2025 11:00:00 GMT+0530 (India Standard Time)","6132.50","6134.50","6127.00","6127.00"
"Wed Jul 09 2025 11:05:00 GMT+0530 (India Standard Time)","6129.50","6135.50","6128.00","6128.00"
"Wed Jul 09 2025 11:10:00 GMT+0530 (India Standard Time)","6128.00","6134.00","6128.00","6132.00"
"Wed Jul 09 2025 11:15:00 GMT+0530 (India Standard Time)","6132.00","6136.50","6129.00","6135.00"
"Wed Jul 09 2025 11:20:00 GMT+0530 (India Standard Time)","6135.00","6135.00","6130.00","6132.50"
"Wed Jul 09 2025 11:25:00 GMT+0530 (India Standard Time)","6132.50","6136.00","6130.50","6135.50"
"Wed Jul 09 2025 11:30:00 GMT+0530 (India Standard Time)","6136.50","6138.00","6131.50","6135.00"
"Wed Jul 09 2025 11:35:00 GMT+0530 (India Standard Time)","6135.00","6137.50","6131.00","6134.00"
"Wed Jul 09 2025 11:40:00 GMT+0530 (India Standard Time)","6134.00","6134.00","6130.00","6130.00"
"Wed Jul 09 2025 11:45:00 GMT+0530 (India Standard Time)","6130.00","6133.50","6130.00","6132.50"
"Wed Jul 09 2025 11:50:00 GMT+0530 (India Standard Time)","6133.00","6133.00","6123.50","6126.50"
"Wed Jul 09 2025 11:55:00 GMT+0530 (India Standard Time)","6126.50","6130.00","6126.00","6126.00"
"Wed Jul 09 2025 12:00:00 GMT+0530 (India Standard Time)","6126.00","6130.00","6124.00","6130.00"
"Wed Jul 09 2025 12:05:00 GMT+0530 (India Standard Time)","6130.00","6132.00","6119.00","6126.50"
"Wed Jul 09 2025 12:10:00 GMT+0530 (India Standard Time)","6126.50","6128.00","6118.00","6123.00"
"Wed Jul 09 2025 12:15:00 GMT+0530 (India Standard Time)","6123.00","6127.50","6117.50","6117.50"
"Wed Jul 09 2025 12:20:00 GMT+0530 (India Standard Time)","6120.50","6122.00","6115.00","6121.00"
"Wed Jul 09 2025 12:25:00 GMT+0530 (India Standard Time)","6121.00","6123.00","6115.00","6120.00"
"Wed Jul 09 2025 12:30:00 GMT+0530 (India Standard Time)","6120.00","6121.00","6118.00","6118.50"
"Wed Jul 09 2025 12:35:00 GMT+0530 (India Standard Time)","6118.00","6121.00","6112.50","6121.00"
"Wed Jul 09 2025 12:40:00 GMT+0530 (India Standard Time)","6121.00","6124.00","6112.00","6112.00"
"Wed Jul 09 2025 12:45:00 GMT+0530 (India Standard Time)","6112.00","6131.00","6111.50","6130.50"
"Wed Jul 09 2025 12:50:00 GMT+0530 (India Standard Time)","6130.50","6131.00","6125.50","6130.00"
"Wed Jul 09 2025 12:55:00 GMT+0530 (India Standard Time)","6130.00","6131.00","6125.00","6130.00"
"Wed Jul 09 2025 13:00:00 GMT+0530 (India Standard Time)","6130.00","6130.00","6110.50","6111.00"
"Wed Jul 09 2025 13:05:00 GMT+0530 (India Standard Time)","6111.00","6127.50","6111.00","6125.00"
"Wed Jul 09 2025 13:10:00 GMT+0530 (India Standard Time)","6125.00","6128.00","6123.50","6126.50"
"Wed Jul 09 2025 13:15:00 GMT+0530 (India Standard Time)","6126.50","6131.00","6125.00","6131.00"
"Wed Jul 09 2025 13:20:00 GMT+0530 (India Standard Time)","6131.00","6131.50","6127.50","6131.50"
"Wed Jul 09 2025 13:25:00 GMT+0530 (India Standard Time)","6131.50","6138.00","6131.00","6138.00"
"Wed Jul 09 2025 13:30:00 GMT+0530 (India Standard Time)","6138.00","6139.00","6133.50","6137.00"
"Wed Jul 09 2025 13:35:00 GMT+0530 (India Standard Time)","6137.00","6139.00","6132.00","6135.50"
"Wed Jul 09 2025 13:40:00 GMT+0530 (India Standard Time)","6133.00","6138.00","6132.50","6134.50"
"Wed Jul 09 2025 13:45:00 GMT+0530 (India Standard Time)","6134.00","6137.00","6120.00","6125.50"
"Wed Jul 09 2025 13:50:00 GMT+0530 (India Standard Time)","6125.00","6129.00","6122.00","6126.00"
"Wed Jul 09 2025 13:55:00 GMT+0530 (India Standard Time)","6126.00","6132.50","6126.00","6128.00"
"Wed Jul 09 2025 14:00:00 GMT+0530 (India Standard Time)","6126.00","6142.50","6126.00","6142.00"
"Wed Jul 09 2025 14:05:00 GMT+0530 (India Standard Time)","6142.50","6147.00","6137.50","6141.50"
"Wed Jul 09 2025 14:10:00 GMT+0530 (India Standard Time)","6141.50","6149.00","6140.00","6149.00"
"Wed Jul 09 2025 14:15:00 GMT+0530 (India Standard Time)","6149.00","6152.00","6143.00","6149.00"
"Wed Jul 09 2025 14:20:00 GMT+0530 (India Standard Time)","6149.00","6157.00","6147.00","6154.00"
"Wed Jul 09 2025 14:25:00 GMT+0530 (India Standard Time)","6154.00","6159.00","6150.00","6156.00"
"Wed Jul 09 2025 14:30:00 GMT+0530 (India Standard Time)","6156.00","6156.00","6150.00","6150.00"
"Wed Jul 09 2025 14:35:00 GMT+0530 (India Standard Time)","6150.00","6154.50","6149.00","6154.00"
"Wed Jul 09 2025 14:40:00 GMT+0530 (India Standard Time)","6153.50","6155.00","6150.00","6154.50"
"Wed Jul 09 2025 14:45:00 GMT+0530 (India Standard Time)","6154.00","6154.00","6147.00","6150.00"
"Wed Jul 09 2025 14:50:00 GMT+0530 (India Standard Time)","6150.00","6153.00","6146.00","6150.50"
"Wed Jul 09 2025 14:55:00 GMT+0530 (India Standard Time)","6150.50","6154.50","6145.50","6152.50"
"Wed Jul 09 2025 15:00:00 GMT+0530 (India Standard Time)","6150.50","6155.00","6150.00","6151.50"
"Wed Jul 09 2025 15:05:00 GMT+0530 (India Standard Time)","6151.50","6152.50","6147.00","6150.00"
"Wed Jul 09 2025 15:10:00 GMT+0530 (India Standard Time)","6149.00","6152.00","6149.00","6151.50"
"Wed Jul 09 2025 15:15:00 GMT+0530 (India Standard Time)","6151.00","6152.00","6151.00","6151.50"
"Wed Jul 09 2025 15:20:00 GMT+0530 (India Standard Time)","6151.50","6155.00","6151.00","6152.50"
"Wed Jul 09 2025 15:25:00 GMT+0530 (India Standard Time)","6155.00","6160.50","6125.00","6126.00"
"Thu Jul 10 2025 09:15:00 GMT+0530 (India Standard Time)","6130.00","6147.00","6117.00","6129.00"
"Thu Jul 10 2025 09:20:00 GMT+0530 (India Standard Time)","6121.00","6133.00","6113.50","6133.00"
"Thu Jul 10 2025 09:25:00 GMT+0530 (India Standard Time)","6133.00","6150.00","6129.00","6135.00"
"Thu Jul 10 2025 09:30:00 GMT+0530 (India Standard Time)","6135.00","6146.50","6128.50","6129.50"
"Thu Jul 10 2025 09:35:00 GMT+0530 (India Standard Time)","6131.50","6143.50","6131.50","6136.00"
"Thu Jul 10 2025 09:40:00 GMT+0530 (India Standard Time)","6138.50","6155.00","6137.00","6150.00"
"Thu Jul 10 2025 09:45:00 GMT+0530 (India Standard Time)","6150.00","6155.50","6143.50","6147.50"
"Thu Jul 10 2025 09:50:00 GMT+0530 (India Standard Time)","6148.00","6153.50","6131.00","6136.50"
"Thu Jul 10 2025 09:55:00 GMT+0530 (India Standard Time)","6136.50","6141.00","6120.00","6130.50"
"Thu Jul 10 2025 10:00:00 GMT+0530 (India Standard Time)","6128.00","6129.50","6116.00","6124.50"
"Thu Jul 10 2025 10:05:00 GMT+0530 (India Standard Time)","6122.50","6131.00","6117.50","6125.50"
"Thu Jul 10 2025 10:10:00 GMT+0530 (India Standard Time)","6122.00","6125.50","6116.00","6120.50"
"Thu Jul 10 2025 10:15:00 GMT+0530 (India Standard Time)","6121.00","6123.00","6102.50","6108.50"
"Thu Jul 10 2025 10:20:00 GMT+0530 (India Standard Time)","6108.50","6118.00","6107.50","6111.00"
"Thu Jul 10 2025 10:25:00 GMT+0530 (India Standard Time)","6111.00","6114.50","6101.00","6102.00"
"Thu Jul 10 2025 10:30:00 GMT+0530 (India Standard Time)","6102.00","6107.00","6094.00","6102.00"
"Thu Jul 10 2025 10:35:00 GMT+0530 (India Standard Time)","6102.00","6113.00","6102.00","6113.00"
"Thu Jul 10 2025 10:40:00 GMT+0530 (India Standard Time)","6113.00","6118.00","6108.00","6108.50"
"Thu Jul 10 2025 10:45:00 GMT+0530 (India Standard Time)","6108.50","6112.00","6101.00","6105.00"
"Thu Jul 10 2025 10:50:00 GMT+0530 (India Standard Time)","6105.00","6109.00","6099.50","6109.00"
"Thu Jul 10 2025 10:55:00 GMT+0530 (India Standard Time)","6109.00","6109.00","6104.50","6109.00"
"Thu Jul 10 2025 11:00:00 GMT+0530 (India Standard Time)","6110.50","6112.00","6099.00","6100.50"
"Thu Jul 10 2025 11:05:00 GMT+0530 (India Standard Time)","6100.50","6103.00","6092.00","6099.00"
"Thu Jul 10 2025 11:10:00 GMT+0530 (India Standard Time)","6099.00","6105.00","6096.00","6100.00"
"Thu Jul 10 2025 11:15:00 GMT+0530 (India Standard Time)","6100.00","6103.50","6095.50","6100.00"
"Thu Jul 10 2025 11:20:00 GMT+0530 (India Standard Time)","6098.00","6100.00","6094.00","6098.50"
"Thu Jul 10 2025 11:25:00 GMT+0530 (India Standard Time)","6098.50","6101.00","6095.50","6101.00"
"Thu Jul 10 2025 11:30:00 GMT+0530 (India Standard Time)","6102.50","6102.50","6091.00","6096.00"
"Thu Jul 10 2025 11:35:00 GMT+0530 (India Standard Time)","6096.00","6096.00","6080.00","6082.00"
"Thu Jul 10 2025 11:40:00 GMT+0530 (India Standard Time)","6082.00","6083.00","6070.50","6074.00"
"Thu Jul 10 2025 11:45:00 GMT+0530 (India Standard Time)","6074.00","6075.50","6053.00","6057.00"
"Thu Jul 10 2025 11:50:00 GMT+0530 (India Standard Time)","6057.00","6074.50","6052.50","6067.50"
"Thu Jul 10 2025 11:55:00 GMT+0530 (India Standard Time)","6067.50","6069.50","6058.00","6060.00"
"Thu Jul 10 2025 12:00:00 GMT+0530 (India Standard Time)","6060.00","6078.50","6060.00","6070.00"
"Thu Jul 10 2025 12:05:00 GMT+0530 (India Standard Time)","6070.00","6080.00","6068.00","6073.50"
"Thu Jul 10 2025 12:10:00 GMT+0530 (India Standard Time)","6073.50","6093.50","6070.50","6093.50"
"Thu Jul 10 2025 12:15:00 GMT+0530 (India Standard Time)","6093.50","6105.00","6079.00","6102.00"
"Thu Jul 10 2025 12:20:00 GMT+0530 (India Standard Time)","6102.00","6107.50","6100.00","6103.50"
"Thu Jul 10 2025 12:25:00 GMT+0530 (India Standard Time)","6103.50","6106.00","6091.50","6102.00"
"Thu Jul 10 2025 12:30:00 GMT+0530 (India Standard Time)","6102.00","6149.00","6100.50","6141.50"
"Thu Jul 10 2025 12:35:00 GMT+0530 (India Standard Time)","6140.00","6170.00","6125.00","6167.50"
"Thu Jul 10 2025 12:40:00 GMT+0530 (India Standard Time)","6167.50","6174.00","6152.00","6152.00"
"Thu Jul 10 2025 12:45:00 GMT+0530 (India Standard Time)","6150.00","6163.50","6138.00","6145.00"
"Thu Jul 10 2025 12:50:00 GMT+0530 (India Standard Time)","6146.00","6155.50","6105.00","6113.00"
"Thu Jul 10 2025 12:55:00 GMT+0530 (India Standard Time)","6109.50","6119.50","6097.50","6104.50"
"Thu Jul 10 2025 13:00:00 GMT+0530 (India Standard Time)","6100.50","6106.00","6085.00","6086.50"
"Thu Jul 10 2025 13:05:00 GMT+0530 (India Standard Time)","6086.50","6096.50","6086.00","6089.50"
"Thu Jul 10 2025 13:10:00 GMT+0530 (India Standard Time)","6089.50","6122.00","6089.50","6115.50"
"Thu Jul 10 2025 13:15:00 GMT+0530 (India Standard Time)","6115.50","6129.00","6115.50","6118.00"
"Thu Jul 10 2025 13:20:00 GMT+0530 (India Standard Time)","6118.00","6121.00","6104.00","6104.00"
"Thu Jul 10 2025 13:25:00 GMT+0530 (India Standard Time)","6104.00","6106.50","6097.50","6105.00"
"Thu Jul 10 2025 13:30:00 GMT+0530 (India Standard Time)","6106.00","6110.00","6102.50","6106.00"
"Thu Jul 10 2025 13:35:00 GMT+0530 (India Standard Time)","6106.00","6107.00","6103.00","6104.50"
"Thu Jul 10 2025 13:40:00 GMT+0530 (India Standard Time)","6104.50","6104.50","6095.00","6099.00"
"Thu Jul 10 2025 13:45:00 GMT+0530 (India Standard Time)","6098.00","6100.00","6095.00","6099.50"
"Thu Jul 10 2025 13:50:00 GMT+0530 (India Standard Time)","6099.50","6102.50","6095.00","6095.00"
"Thu Jul 10 2025 13:55:00 GMT+0530 (India Standard Time)","6095.00","6101.50","6095.00","6095.00"
"Thu Jul 10 2025 14:00:00 GMT+0530 (India Standard Time)","6095.00","6100.50","6095.00","6097.50"
"Thu Jul 10 2025 14:05:00 GMT+0530 (India Standard Time)","6097.50","6110.00","6097.50","6110.00"
"Thu Jul 10 2025 14:10:00 GMT+0530 (India Standard Time)","6107.50","6109.00","6103.50","6108.00"
"Thu Jul 10 2025 14:15:00 GMT+0530 (India Standard Time)","6108.00","6109.00","6100.00","6100.50"
"Thu Jul 10 2025 14:20:00 GMT+0530 (India Standard Time)","6100.50","6109.50","6100.50","6105.00"
"Thu Jul 10 2025 14:25:00 GMT+0530 (India Standard Time)","6105.00","6114.50","6101.00","6105.50"
"Thu Jul 10 2025 14:30:00 GMT+0530 (India Standard Time)","6105.50","6112.00","6104.00","6112.00"
"Thu Jul 10 2025 14:35:00 GMT+0530 (India Standard Time)","6112.00","6137.00","6108.50","6137.00"
"Thu Jul 10 2025 14:40:00 GMT+0530 (India Standard Time)","6137.00","6142.00","6128.00","6140.50"
"Thu Jul 10 2025 14:45:00 GMT+0530 (India Standard Time)","6140.50","6140.50","6126.50","6135.00"
"Thu Jul 10 2025 14:50:00 GMT+0530 (India Standard Time)","6135.00","6138.00","6126.50","6126.50"
"Thu Jul 10 2025 14:55:00 GMT+0530 (India Standard Time)","6127.00","6140.50","6127.00","6138.00"
"Thu Jul 10 2025 15:00:00 GMT+0530 (India Standard Time)","6139.00","6146.00","6135.00","6137.50"
"Thu Jul 10 2025 15:05:00 GMT+0530 (India Standard Time)","6136.50","6143.00","6133.00","6142.50"
"Thu Jul 10 2025 15:10:00 GMT+0530 (India Standard Time)","6140.00","6141.00","6134.00","6136.50"