"Date","Open","High","Low","Close"
"Fri Aug 29 2025 13:45:00 GMT+0530 (India Standard Time)","5250.00","5268.00","5249.50","5252.50"
"Fri Aug 29 2025 13:50:00 GMT+0530 (India Standard Time)","5250.00","5259.50","5249.00","5250.00"
"Fri Aug 29 2025 13:55:00 GMT+0530 (India Standard Time)","5250.00","5250.00","5243.00","5244.00"
"Fri Aug 29 2025 14:00:00 GMT+0530 (India Standard Time)","5244.00","5247.50","5242.50","5245.00"
"Fri Aug 29 2025 14:05:00 GMT+0530 (India Standard Time)","5243.50","5257.00","5243.00","5257.00"
"Fri Aug 29 2025 14:10:00 GMT+0530 (India Standard Time)","5254.50","5258.00","5251.00","5256.00"
"Fri Aug 29 2025 14:15:00 GMT+0530 (India Standard Time)","5255.50","5260.00","5255.00","5255.50"
"Fri Aug 29 2025 14:20:00 GMT+0530 (India Standard Time)","5255.00","5260.00","5254.50","5256.50"
"Fri Aug 29 2025 14:25:00 GMT+0530 (India Standard Time)","5259.00","5259.00","5246.00","5246.00"
"Fri Aug 29 2025 14:30:00 GMT+0530 (India Standard Time)","5246.50","5250.00","5242.50","5244.50"
"Fri Aug 29 2025 14:35:00 GMT+0530 (India Standard Time)","5244.50","5248.00","5242.00","5244.00"
"Fri Aug 29 2025 14:40:00 GMT+0530 (India Standard Time)","5244.00","5248.50","5232.50","5237.50"
"Fri Aug 29 2025 14:45:00 GMT+0530 (India Standard Time)","5237.50","5244.00","5236.50","5241.50"
"Fri Aug 29 2025 14:50:00 GMT+0530 (India Standard Time)","5242.50","5243.50","5237.00","5242.50"
"Fri Aug 29 2025 14:55:00 GMT+0530 (India Standard Time)","5242.50","5255.00","5241.50","5252.50"
"Fri Aug 29 2025 15:00:00 GMT+0530 (India Standard Time)","5253.50","5254.50","5243.50","5244.00"
"Fri Aug 29 2025 15:05:00 GMT+0530 (India Standard Time)","5245.00","5245.00","5237.00","5238.00"
"Fri Aug 29 2025 15:10:00 GMT+0530 (India Standard Time)","5237.50","5239.00","5231.50","5232.00"
"Fri Aug 29 2025 15:15:00 GMT+0530 (India Standard Time)","5232.00","5234.00","5226.00","5231.50"
"Fri Aug 29 2025 15:20:00 GMT+0530 (India Standard Time)","5229.50","5237.50","5225.00","5229.00"
"Fri Aug 29 2025 15:25:00 GMT+0530 (India Standard Time)","5229.50","5270.00","5221.00","5240.00"
"Mon Sep 01 2025 09:15:00 GMT+0530 (India Standard Time)","5274.50","5324.00","5251.00","5300.00"
"Mon Sep 01 2025 09:20:00 GMT+0530 (India Standard Time)","5304.00","5350.00","5301.50","5341.50"
"Mon Sep 01 2025 09:25:00 GMT+0530 (India Standard Time)","5341.50","5376.50","5336.50","5361.00"
"Mon Sep 01 2025 09:30:00 GMT+0530 (India Standard Time)","5360.50","5371.50","5358.50","5369.50"
"Mon Sep 01 2025 09:35:00 GMT+0530 (India Standard Time)","5369.50","5383.00","5344.50","5359.50"
"Mon Sep 01 2025 09:40:00 GMT+0530 (India Standard Time)","5360.00","5370.00","5351.00","5370.00"
"Mon Sep 01 2025 09:45:00 GMT+0530 (India Standard Time)","5368.50","5384.00","5368.50","5373.00"
"Mon Sep 01 2025 09:50:00 GMT+0530 (India Standard Time)","5377.50","5379.00","5367.50","5368.50"
"Mon Sep 01 2025 09:55:00 GMT+0530 (India Standard Time)","5369.00","5370.00","5337.00","5347.50"
"Mon Sep 01 2025 10:00:00 GMT+0530 (India Standard Time)","5345.50","5351.50","5331.00","5334.50"
"Mon Sep 01 2025 10:05:00 GMT+0530 (India Standard Time)","5335.00","5343.00","5305.00","5310.00"
"Mon Sep 01 2025 10:10:00 GMT+0530 (India Standard Time)","5310.00","5320.00","5304.00","5313.50"
"Mon Sep 01 2025 10:15:00 GMT+0530 (India Standard Time)","5313.50","5327.50","5313.50","5315.50"
"Mon Sep 01 2025 10:20:00 GMT+0530 (India Standard Time)","5318.00","5323.00","5315.00","5322.00"
"Mon Sep 01 2025 10:25:00 GMT+0530 (India Standard Time)","5322.00","5328.00","5315.50","5318.00"
"Mon Sep 01 2025 10:30:00 GMT+0530 (India Standard Time)","5318.00","5320.00","5307.00","5316.50"
"Mon Sep 01 2025 10:35:00 GMT+0530 (India Standard Time)","5316.50","5316.50","5310.00","5311.00"
"Mon Sep 01 2025 10:40:00 GMT+0530 (India Standard Time)","5314.50","5316.50","5310.00","5316.50"
"Mon Sep 01 2025 10:45:00 GMT+0530 (India Standard Time)","5314.00","5317.00","5305.00","5305.50"
"Mon Sep 01 2025 10:50:00 GMT+0530 (India Standard Time)","5305.50","5309.50","5305.00","5306.00"
"Mon Sep 01 2025 10:55:00 GMT+0530 (India Standard Time)","5306.00","5315.00","5306.00","5311.00"
"Mon Sep 01 2025 11:00:00 GMT+0530 (India Standard Time)","5312.50","5324.00","5312.00","5320.00"
"Mon Sep 01 2025 11:05:00 GMT+0530 (India Standard Time)","5320.00","5322.00","5313.50","5316.00"
"Mon Sep 01 2025 11:10:00 GMT+0530 (India Standard Time)","5319.00","5320.00","5316.00","5316.50"
"Mon Sep 01 2025 11:15:00 GMT+0530 (India Standard Time)","5316.50","5322.50","5316.00","5319.00"
"Mon Sep 01 2025 11:20:00 GMT+0530 (India Standard Time)","5319.00","5321.50","5317.50","5319.00"
"Mon Sep 01 2025 11:25:00 GMT+0530 (India Standard Time)","5319.00","5326.00","5318.00","5324.00"
"Mon Sep 01 2025 11:30:00 GMT+0530 (India Standard Time)","5326.50","5326.50","5321.00","5322.00"
"Mon Sep 01 2025 11:35:00 GMT+0530 (India Standard Time)","5324.00","5326.50","5320.00","5326.00"
"Mon Sep 01 2025 11:40:00 GMT+0530 (India Standard Time)","5326.00","5335.00","5323.50","5335.00"
"Mon Sep 01 2025 11:45:00 GMT+0530 (India Standard Time)","5335.00","5335.00","5326.50","5329.50"
"Mon Sep 01 2025 11:50:00 GMT+0530 (India Standard Time)","5326.50","5337.00","5326.00","5337.00"
"Mon Sep 01 2025 11:55:00 GMT+0530 (India Standard Time)","5337.00","5337.50","5328.50","5335.00"
"Mon Sep 01 2025 12:00:00 GMT+0530 (India Standard Time)","5335.00","5346.00","5333.00","5341.00"
"Mon Sep 01 2025 12:05:00 GMT+0530 (India Standard Time)","5342.00","5345.50","5339.00","5343.00"
"Mon Sep 01 2025 12:10:00 GMT+0530 (India Standard Time)","5343.00","5344.50","5340.00","5341.00"
"Mon Sep 01 2025 12:15:00 GMT+0530 (India Standard Time)","5343.50","5343.50","5336.50","5338.50"
"Mon Sep 01 2025 12:20:00 GMT+0530 (India Standard Time)","5338.50","5342.00","5333.50","5342.00"
"Mon Sep 01 2025 12:25:00 GMT+0530 (India Standard Time)","5342.00","5344.50","5335.00","5335.00"
"Mon Sep 01 2025 12:30:00 GMT+0530 (India Standard Time)","5335.00","5335.00","5323.50","5328.00"
"Mon Sep 01 2025 12:35:00 GMT+0530 (India Standard Time)","5328.00","5330.00","5320.50","5329.00"
"Mon Sep 01 2025 12:40:00 GMT+0530 (India Standard Time)","5329.00","5330.00","5323.50","5329.50"
"Mon Sep 01 2025 12:45:00 GMT+0530 (India Standard Time)","5329.50","5333.50","5326.00","5330.50"
"Mon Sep 01 2025 12:50:00 GMT+0530 (India Standard Time)","5330.50","5334.50","5328.50","5334.50"
"Mon Sep 01 2025 12:55:00 GMT+0530 (India Standard Time)","5334.50","5334.50","5328.00","5333.50"
"Mon Sep 01 2025 13:00:00 GMT+0530 (India Standard Time)","5334.00","5340.00","5332.00","5340.00"
"Mon Sep 01 2025 13:05:00 GMT+0530 (India Standard Time)","5341.00","5342.50","5336.50","5338.50"
"Mon Sep 01 2025 13:10:00 GMT+0530 (India Standard Time)","5338.50","5341.50","5335.50","5340.00"
"Mon Sep 01 2025 13:15:00 GMT+0530 (India Standard Time)","5340.00","5342.00","5340.00","5340.50"
"Mon Sep 01 2025 13:20:00 GMT+0530 (India Standard Time)","5341.50","5343.00","5338.00","5343.00"
"Mon Sep 01 2025 13:25:00 GMT+0530 (India Standard Time)","5342.50","5347.00","5340.00","5343.50"
"Mon Sep 01 2025 13:30:00 GMT+0530 (India Standard Time)","5343.50","5350.00","5341.00","5345.50"
"Mon Sep 01 2025 13:35:00 GMT+0530 (India Standard Time)","5342.50","5345.50","5341.00","5341.00"
"Mon Sep 01 2025 13:40:00 GMT+0530 (India Standard Time)","5341.00","5346.00","5340.50","5345.50"
"Mon Sep 01 2025 13:45:00 GMT+0530 (India Standard Time)","5345.50","5348.50","5343.00","5347.00"
"Mon Sep 01 2025 13:50:00 GMT+0530 (India Standard Time)","5346.50","5347.00","5338.00","5339.50"
"Mon Sep 01 2025 13:55:00 GMT+0530 (India Standard Time)","5340.00","5342.00","5338.00","5340.50"
"Mon Sep 01 2025 14:00:00 GMT+0530 (India Standard Time)","5340.00","5343.00","5338.00","5338.50"
"Mon Sep 01 2025 14:05:00 GMT+0530 (India Standard Time)","5339.00","5345.00","5338.00","5344.50"
"Mon Sep 01 2025 14:10:00 GMT+0530 (India Standard Time)","5344.50","5347.00","5342.50","5346.50"
"Mon Sep 01 2025 14:15:00 GMT+0530 (India Standard Time)","5346.50","5348.50","5344.00","5346.00"
"Mon Sep 01 2025 14:20:00 GMT+0530 (India Standard Time)","5345.00","5348.00","5341.50","5346.00"
"Mon Sep 01 2025 14:25:00 GMT+0530 (India Standard Time)","5346.00","5347.50","5340.00","5342.00"
"Mon Sep 01 2025 14:30:00 GMT+0530 (India Standard Time)","5342.50","5347.00","5342.00","5346.50"
"Mon Sep 01 2025 14:35:00 GMT+0530 (India Standard Time)","5346.50","5346.50","5340.50","5343.00"
"Mon Sep 01 2025 14:40:00 GMT+0530 (India Standard Time)","5343.00","5347.00","5342.00","5345.00"
"Mon Sep 01 2025 14:45:00 GMT+0530 (India Standard Time)","5345.00","5345.50","5341.50","5342.50"
"Mon Sep 01 2025 14:50:00 GMT+0530 (India Standard Time)","5344.50","5346.00","5343.00","5343.00"
"Mon Sep 01 2025 14:55:00 GMT+0530 (India Standard Time)","5342.00","5356.00","5341.00","5355.50"
"Mon Sep 01 2025 15:00:00 GMT+0530 (India Standard Time)","5356.00","5359.50","5350.00","5355.50"
"Mon Sep 01 2025 15:05:00 GMT+0530 (India Standard Time)","5355.50","5357.00","5352.50","5355.00"
"Mon Sep 01 2025 15:10:00 GMT+0530 (India Standard Time)","5355.50","5364.00","5353.50","5357.00"
"Mon Sep 01 2025 15:15:00 GMT+0530 (India Standard Time)","5355.50","5362.00","5353.00","5358.50"
"Mon Sep 01 2025 15:20:00 GMT+0530 (India Standard Time)","5360.00","5363.00","5355.00","5359.00"
"Mon Sep 01 2025 15:25:00 GMT+0530 (India Standard Time)","5359.00","5360.00","5350.00","5358.00"
"Tue Sep 02 2025 09:15:00 GMT+0530 (India Standard Time)","5395.00","5397.00","5355.00","5362.00"
"Tue Sep 02 2025 09:20:00 GMT+0530 (India Standard Time)","5356.00","5356.00","5331.00","5332.50"
"Tue Sep 02 2025 09:25:00 GMT+0530 (India Standard Time)","5335.00","5335.50","5304.50","5319.50"
"Tue Sep 02 2025 09:30:00 GMT+0530 (India Standard Time)","5319.50","5324.50","5309.50","5321.00"
"Tue Sep 02 2025 09:35:00 GMT+0530 (India Standard Time)","5320.50","5330.00","5319.00","5329.00"
"Tue Sep 02 2025 09:40:00 GMT+0530 (India Standard Time)","5331.50","5338.00","5326.50","5338.00"
"Tue Sep 02 2025 09:45:00 GMT+0530 (India Standard Time)","5338.00","5351.50","5338.00","5348.00"
"Tue Sep 02 2025 09:50:00 GMT+0530 (India Standard Time)","5348.00","5351.50","5344.50","5346.00"
"Tue Sep 02 2025 09:55:00 GMT+0530 (India Standard Time)","5346.00","5353.00","5345.00","5353.00"
"Tue Sep 02 2025 10:00:00 GMT+0530 (India Standard Time)","5352.50","5367.50","5352.50","5365.00"
"Tue Sep 02 2025 10:05:00 GMT+0530 (India Standard Time)","5365.00","5375.00","5364.00","5375.00"
"Tue Sep 02 2025 10:10:00 GMT+0530 (India Standard Time)","5375.00","5380.00","5370.50","5378.00"
"Tue Sep 02 2025 10:15:00 GMT+0530 (India Standard Time)","5378.00","5378.00","5370.00","5377.00"
"Tue Sep 02 2025 10:20:00 GMT+0530 (India Standard Time)","5377.00","5377.00","5363.50","5367.00"
"Tue Sep 02 2025 10:25:00 GMT+0530 (India Standard Time)","5367.00","5368.50","5360.00","5366.00"
"Tue Sep 02 2025 10:30:00 GMT+0530 (India Standard Time)","5366.00","5370.00","5363.50","5365.00"
"Tue Sep 02 2025 10:35:00 GMT+0530 (India Standard Time)","5363.00","5365.50","5361.50","5365.50"
"Tue Sep 02 2025 10:40:00 GMT+0530 (India Standard Time)","5365.50","5370.00","5365.00","5370.00"
"Tue Sep 02 2025 10:45:00 GMT+0530 (India Standard Time)","5370.00","5370.00","5367.00","5369.50"
"Tue Sep 02 2025 10:50:00 GMT+0530 (India Standard Time)","5369.50","5378.50","5369.50","5375.50"
"Tue Sep 02 2025 10:55:00 GMT+0530 (India Standard Time)","5375.50","5375.50","5370.50","5372.00"
"Tue Sep 02 2025 11:00:00 GMT+0530 (India Standard Time)","5372.00","5374.50","5370.00","5372.50"
"Tue Sep 02 2025 11:05:00 GMT+0530 (India Standard Time)","5372.50","5383.00","5370.50","5383.00"
"Tue Sep 02 2025 11:10:00 GMT+0530 (India Standard Time)","5383.00","5407.00","5382.00","5404.00"
"Tue Sep 02 2025 11:15:00 GMT+0530 (India Standard Time)","5403.50","5408.00","5400.00","5408.00"
"Tue Sep 02 2025 11:20:00 GMT+0530 (India Standard Time)","5408.00","5410.50","5400.00","5407.50"
"Tue Sep 02 2025 11:25:00 GMT+0530 (India Standard Time)","5407.50","5420.00","5405.50","5418.00"
"Tue Sep 02 2025 11:30:00 GMT+0530 (India Standard Time)","5418.00","5420.00","5414.50","5420.00"
"Tue Sep 02 2025 11:35:00 GMT+0530 (India Standard Time)","5420.00","5428.00","5419.00","5421.50"
"Tue Sep 02 2025 11:40:00 GMT+0530 (India Standard Time)","5420.00","5425.00","5419.50","5420.50"
"Tue Sep 02 2025 11:45:00 GMT+0530 (India Standard Time)","5417.00","5425.00","5417.00","5425.00"
"Tue Sep 02 2025 11:50:00 GMT+0530 (India Standard Time)","5424.00","5425.00","5419.00","5423.00"
"Tue Sep 02 2025 11:55:00 GMT+0530 (India Standard Time)","5423.00","5425.00","5422.00","5425.00"
"Tue Sep 02 2025 12:00:00 GMT+0530 (India Standard Time)","5425.00","5431.00","5423.00","5429.50"
"Tue Sep 02 2025 12:05:00 GMT+0530 (India Standard Time)","5430.00","5431.50","5428.00","5430.00"
"Tue Sep 02 2025 12:10:00 GMT+0530 (India Standard Time)","5430.00","5433.00","5429.50","5431.50"
"Tue Sep 02 2025 12:15:00 GMT+0530 (India Standard Time)","5431.50","5435.00","5420.50","5424.00"
"Tue Sep 02 2025 12:20:00 GMT+0530 (India Standard Time)","5424.00","5432.00","5420.00","5432.00"
"Tue Sep 02 2025 12:25:00 GMT+0530 (India Standard Time)","5432.00","5439.00","5430.00","5438.00"
"Tue Sep 02 2025 12:30:00 GMT+0530 (India Standard Time)","5438.00","5438.50","5432.50","5433.00"
"Tue Sep 02 2025 12:35:00 GMT+0530 (India Standard Time)","5433.00","5433.00","5421.00","5424.00"
"Tue Sep 02 2025 12:40:00 GMT+0530 (India Standard Time)","5424.00","5428.50","5422.50","5428.00"
"Tue Sep 02 2025 12:45:00 GMT+0530 (India Standard Time)","5428.00","5429.50","5422.50","5424.50"
"Tue Sep 02 2025 12:50:00 GMT+0530 (India Standard Time)","5424.50","5425.50","5414.00","5416.50"
"Tue Sep 02 2025 12:55:00 GMT+0530 (India Standard Time)","5416.50","5421.00","5414.50","5417.00"
"Tue Sep 02 2025 13:00:00 GMT+0530 (India Standard Time)","5415.00","5417.50","5413.50","5416.00"
"Tue Sep 02 2025 13:05:00 GMT+0530 (India Standard Time)","5416.50","5423.00","5416.00","5421.50"
"Tue Sep 02 2025 13:10:00 GMT+0530 (India Standard Time)","5421.50","5423.00","5402.50","5410.00"
"Tue Sep 02 2025 13:15:00 GMT+0530 (India Standard Time)","5410.50","5413.00","5402.50","5405.50"
"Tue Sep 02 2025 13:20:00 GMT+0530 (India Standard Time)","5401.50","5403.50","5370.50","5397.00"
"Tue Sep 02 2025 13:25:00 GMT+0530 (India Standard Time)","5396.50","5406.50","5388.00","5397.50"
"Tue Sep 02 2025 13:30:00 GMT+0530 (India Standard Time)","5397.50","5415.00","5394.00","5412.50"
"Tue Sep 02 2025 13:35:00 GMT+0530 (India Standard Time)","5412.50","5419.00","5410.00","5416.00"
"Tue Sep 02 2025 13:40:00 GMT+0530 (India Standard Time)","5416.00","5416.00","5401.00","5407.00"
"Tue Sep 02 2025 13:45:00 GMT+0530 (India Standard Time)","5407.00","5407.00","5400.00","5402.50"
"Tue Sep 02 2025 13:50:00 GMT+0530 (India Standard Time)","5402.50","5405.00","5397.00","5400.00"
"Tue Sep 02 2025 13:55:00 GMT+0530 (India Standard Time)","5400.00","5400.00","5386.00","5386.00"
"Tue Sep 02 2025 14:00:00 GMT+0530 (India Standard Time)","5387.50","5388.00","5382.00","5385.00"
"Tue Sep 02 2025 14:05:00 GMT+0530 (India Standard Time)","5385.00","5412.50","5385.00","5412.50"
"Tue Sep 02 2025 14:10:00 GMT+0530 (India Standard Time)","5411.50","5413.00","5405.00","5408.00"
"Tue Sep 02 2025 14:15:00 GMT+0530 (India Standard Time)","5408.00","5418.00","5403.50","5413.00"
"Tue Sep 02 2025 14:20:00 GMT+0530 (India Standard Time)","5413.00","5422.50","5410.00","5411.50"
"Tue Sep 02 2025 14:25:00 GMT+0530 (India Standard Time)","5411.50","5414.00","5406.00","5409.00"
"Tue Sep 02 2025 14:30:00 GMT+0530 (India Standard Time)","5409.00","5417.50","5407.50","5416.00"
"Tue Sep 02 2025 14:35:00 GMT+0530 (India Standard Time)","5415.00","5420.50","5415.00","5418.00"
"Tue Sep 02 2025 14:40:00 GMT+0530 (India Standard Time)","5418.00","5426.00","5416.00","5425.50"
"Tue Sep 02 2025 14:45:00 GMT+0530 (India Standard Time)","5425.50","5432.50","5425.50","5428.00"
"Tue Sep 02 2025 14:50:00 GMT+0530 (India Standard Time)","5428.00","5432.50","5425.00","5432.50"
"Tue Sep 02 2025 14:55:00 GMT+0530 (India Standard Time)","5431.50","5432.00","5424.50","5429.00"
"Tue Sep 02 2025 15:00:00 GMT+0530 (India Standard Time)","5429.00","5438.00","5427.50","5432.50"
"Tue Sep 02 2025 15:05:00 GMT+0530 (India Standard Time)","5432.50","5435.50","5428.00","5433.00"
"Tue Sep 02 2025 15:10:00 GMT+0530 (India Standard Time)","5430.00","5433.00","5426.50","5428.50"
"Tue Sep 02 2025 15:15:00 GMT+0530 (India Standard Time)","5429.50","5429.50","5416.50","5418.00"
"Tue Sep 02 2025 15:20:00 GMT+0530 (India Standard Time)","5420.00","5427.50","5415.00","5418.50"
"Tue Sep 02 2025 15:25:00 GMT+0530 (India Standard Time)","5423.00","5423.50","5412.50","5412.50"
"Wed Sep 03 2025 09:15:00 GMT+0530 (India Standard Time)","5449.00","5474.50","5431.50","5439.50"
"Wed Sep 03 2025 09:20:00 GMT+0530 (India Standard Time)","5439.50","5455.00","5436.50","5450.00"
"Wed Sep 03 2025 09:25:00 GMT+0530 (India Standard Time)","5452.00","5467.50","5447.00","5466.50"
"Wed Sep 03 2025 09:30:00 GMT+0530 (India Standard Time)","5466.50","5469.50","5460.50","5464.00"
"Wed Sep 03 2025 09:35:00 GMT+0530 (India Standard Time)","5461.00","5463.50","5440.00","5450.00"
"Wed Sep 03 2025 09:40:00 GMT+0530 (India Standard Time)","5450.00","5460.00","5447.00","5451.50"
"Wed Sep 03 2025 09:45:00 GMT+0530 (India Standard Time)","5452.00","5455.50","5445.00","5452.00"
"Wed Sep 03 2025 09:50:00 GMT+0530 (India Standard Time)","5453.50","5459.50","5451.50","5457.50"
"Wed Sep 03 2025 09:55:00 GMT+0530 (India Standard Time)","5457.00","5458.50","5451.00","5457.00"
"Wed Sep 03 2025 10:00:00 GMT+0530 (India Standard Time)","5456.00","5468.50","5452.50","5468.00"
"Wed Sep 03 2025 10:05:00 GMT+0530 (India Standard Time)","5468.50","5471.00","5461.00","5469.00"
"Wed Sep 03 2025 10:10:00 GMT+0530 (India Standard Time)","5469.00","5471.50","5465.00","5465.00"
"Wed Sep 03 2025 10:15:00 GMT+0530 (India Standard Time)","5465.00","5467.00","5453.50","5454.00"
"Wed Sep 03 2025 10:20:00 GMT+0530 (India Standard Time)","5454.00","5463.50","5454.00","5459.50"
"Wed Sep 03 2025 10:25:00 GMT+0530 (India Standard Time)","5459.50","5462.50","5455.50","5462.00"
"Wed Sep 03 2025 10:30:00 GMT+0530 (India Standard Time)","5462.00","5462.00","5450.00","5454.00"
"Wed Sep 03 2025 10:35:00 GMT+0530 (India Standard Time)","5454.00","5454.00","5437.00","5438.50"
"Wed Sep 03 2025 10:40:00 GMT+0530 (India Standard Time)","5438.50","5439.50","5430.00","5431.00"
"Wed Sep 03 2025 10:45:00 GMT+0530 (India Standard Time)","5430.00","5430.00","5420.50","5427.50"
"Wed Sep 03 2025 10:50:00 GMT+0530 (India Standard Time)","5428.00","5428.00","5415.00","5417.50"
"Wed Sep 03 2025 10:55:00 GMT+0530 (India Standard Time)","5416.50","5424.50","5415.50","5423.00"
"Wed Sep 03 2025 11:00:00 GMT+0530 (India Standard Time)","5423.00","5429.00","5412.50","5421.00"
"Wed Sep 03 2025 11:05:00 GMT+0530 (India Standard Time)","5418.00","5423.00","5412.00","5423.00"
"Wed Sep 03 2025 11:10:00 GMT+0530 (India Standard Time)","5423.00","5423.00","5419.50","5422.00"
"Wed Sep 03 2025 11:15:00 GMT+0530 (India Standard Time)","5423.00","5424.00","5415.00","5424.00"
"Wed Sep 03 2025 11:20:00 GMT+0530 (India Standard Time)","5424.00","5426.50","5418.50","5420.00"
"Wed Sep 03 2025 11:25:00 GMT+0530 (India Standard Time)","5420.50","5421.50","5418.50","5418.50"
"Wed Sep 03 2025 11:30:00 GMT+0530 (India Standard Time)","5418.50","5422.50","5415.50","5415.50"
"Wed Sep 03 2025 11:35:00 GMT+0530 (India Standard Time)","5415.50","5424.00","5415.50","5420.00"
"Wed Sep 03 2025 11:40:00 GMT+0530 (India Standard Time)","5420.00","5424.50","5417.50","5423.50"
"Wed Sep 03 2025 11:45:00 GMT+0530 (India Standard Time)","5423.50","5423.50","5418.00","5422.00"
"Wed Sep 03 2025 11:50:00 GMT+0530 (India Standard Time)","5422.00","5422.00","5413.50","5420.00"
"Wed Sep 03 2025 11:55:00 GMT+0530 (India Standard Time)","5420.00","5423.00","5418.00","5421.50"
"Wed Sep 03 2025 12:00:00 GMT+0530 (India Standard Time)","5423.00","5425.00","5420.00","5423.00"
"Wed Sep 03 2025 12:05:00 GMT+0530 (India Standard Time)","5422.00","5422.00","5412.00","5416.00"
"Wed Sep 03 2025 12:10:00 GMT+0530 (India Standard Time)","5416.00","5418.00","5412.00","5412.00"
"Wed Sep 03 2025 12:15:00 GMT+0530 (India Standard Time)","5416.00","5416.50","5413.50","5415.00"
"Wed Sep 03 2025 12:20:00 GMT+0530 (India Standard Time)","5415.00","5420.00","5415.00","5418.50"
"Wed Sep 03 2025 12:25:00 GMT+0530 (India Standard Time)","5419.00","5420.00","5410.00","5410.00"
"Wed Sep 03 2025 12:30:00 GMT+0530 (India Standard Time)","5410.00","5417.00","5410.00","5413.00"
"Wed Sep 03 2025 12:35:00 GMT+0530 (India Standard Time)","5413.00","5420.00","5411.50","5417.50"
"Wed Sep 03 2025 12:40:00 GMT+0530 (India Standard Time)","5417.50","5419.50","5413.00","5414.00"
"Wed Sep 03 2025 12:45:00 GMT+0530 (India Standard Time)","5414.00","5414.00","5408.50","5408.50"
"Wed Sep 03 2025 12:50:00 GMT+0530 (India Standard Time)","5408.50","5408.50","5404.50","5404.50"
"Wed Sep 03 2025 12:55:00 GMT+0530 (India Standard Time)","5406.00","5408.00","5400.00","5403.00"
"Wed Sep 03 2025 13:00:00 GMT+0530 (India Standard Time)","5403.00","5406.00","5402.50","5405.50"
"Wed Sep 03 2025 13:05:00 GMT+0530 (India Standard Time)","5405.50","5409.00","5402.50","5409.00"
"Wed Sep 03 2025 13:10:00 GMT+0530 (India Standard Time)","5409.00","5415.50","5409.00","5413.00"
"Wed Sep 03 2025 13:15:00 GMT+0530 (India Standard Time)","5413.50","5414.50","5407.50","5411.50"
"Wed Sep 03 2025 13:20:00 GMT+0530 (India Standard Time)","5408.00","5411.50","5407.00","5409.00"
"Wed Sep 03 2025 13:25:00 GMT+0530 (India Standard Time)","5409.00","5409.00","5405.50","5408.00"
"Wed Sep 03 2025 13:30:00 GMT+0530 (India Standard Time)","5408.00","5408.50","5400.00","5400.00"
"Wed Sep 03 2025 13:35:00 GMT+0530 (India Standard Time)","5401.00","5401.50","5394.00","5401.50"
"Wed Sep 03 2025 13:40:00 GMT+0530 (India Standard Time)","5401.50","5406.00","5399.00","5404.00"
"Wed Sep 03 2025 13:45:00 GMT+0530 (India Standard Time)","5404.00","5405.00","5401.00","5404.00"
"Wed Sep 03 2025 13:50:00 GMT+0530 (India Standard Time)","5404.00","5416.00","5400.50","5415.00"
"Wed Sep 03 2025 13:55:00 GMT+0530 (India Standard Time)","5416.50","5418.00","5412.50","5414.50"
"Wed Sep 03 2025 14:00:00 GMT+0530 (India Standard Time)","5414.50","5422.50","5414.50","5422.50"
"Wed Sep 03 2025 14:05:00 GMT+0530 (India Standard Time)","5422.50","5424.50","5418.50","5424.00"
"Wed Sep 03 2025 14:10:00 GMT+0530 (India Standard Time)","5424.00","5433.50","5422.50","5429.50"
"Wed Sep 03 2025 14:15:00 GMT+0530 (India Standard Time)","5429.50","5438.00","5426.50","5438.00"
"Wed Sep 03 2025 14:20:00 GMT+0530 (India Standard Time)","5438.00","5441.50","5430.00","5433.50"
"Wed Sep 03 2025 14:25:00 GMT+0530 (India Standard Time)","5430.00","5430.00","5424.50","5429.00"
"Wed Sep 03 2025 14:30:00 GMT+0530 (India Standard Time)","5429.00","5429.00","5420.00","5420.00"
"Wed Sep 03 2025 14:35:00 GMT+0530 (India Standard Time)","5420.00","5422.00","5416.00","5419.00"
"Wed Sep 03 2025 14:40:00 GMT+0530 (India Standard Time)","5418.00","5420.50","5415.00","5419.00"
"Wed Sep 03 2025 14:45:00 GMT+0530 (India Standard Time)","5419.00","5425.50","5418.00","5422.50"
"Wed Sep 03 2025 14:50:00 GMT+0530 (India Standard Time)","5422.50","5426.50","5418.50","5425.00"
"Wed Sep 03 2025 14:55:00 GMT+0530 (India Standard Time)","5425.00","5426.00","5418.50","5421.50"
"Wed Sep 03 2025 15:00:00 GMT+0530 (India Standard Time)","5422.50","5428.00","5420.00","5426.00"
"Wed Sep 03 2025 15:05:00 GMT+0530 (India Standard Time)","5426.00","5434.00","5425.00","5434.00"
"Wed Sep 03 2025 15:10:00 GMT+0530 (India Standard Time)","5434.00","5435.00","5429.50","5432.50"
"Wed Sep 03 2025 15:15:00 GMT+0530 (India Standard Time)","5432.50","5432.50","5428.00","5431.00"
"Wed Sep 03 2025 15:20:00 GMT+0530 (India Standard Time)","5431.00","5432.00","5428.00","5428.50"
"Wed Sep 03 2025 15:25:00 GMT+0530 (India Standard Time)","5428.50","5428.50","5415.50","5419.00"
"Thu Sep 04 2025 09:15:00 GMT+0530 (India Standard Time)","5473.00","5493.00","5449.00","5451.50"
"Thu Sep 04 2025 09:20:00 GMT+0530 (India Standard Time)","5453.50","5453.50","5432.50","5432.50"
"Thu Sep 04 2025 09:25:00 GMT+0530 (India Standard Time)","5432.50","5436.50","5417.00","5420.00"
"Thu Sep 04 2025 09:30:00 GMT+0530 (India Standard Time)","5420.00","5435.00","5420.00","5432.50"
"Thu Sep 04 2025 09:35:00 GMT+0530 (India Standard Time)","5432.00","5437.50","5425.50","5437.00"
"Thu Sep 04 2025 09:40:00 GMT+0530 (India Standard Time)","5437.00","5447.50","5434.50","5440.00"
"Thu Sep 04 2025 09:45:00 GMT+0530 (India Standard Time)","5440.00","5449.50","5432.50","5447.50"
"Thu Sep 04 2025 09:50:00 GMT+0530 (India Standard Time)","5447.50","5453.50","5445.00","5449.00"
"Thu Sep 04 2025 09:55:00 GMT+0530 (India Standard Time)","5449.00","5449.00","5414.50","5443.00"
"Thu Sep 04 2025 10:00:00 GMT+0530 (India Standard Time)","5443.00","5443.50","5434.50","5438.00"
"Thu Sep 04 2025 10:05:00 GMT+0530 (India Standard Time)","5438.00","5438.00","5418.50","5420.00"
"Thu Sep 04 2025 10:10:00 GMT+0530 (India Standard Time)","5418.50","5423.00","5411.50","5414.50"
"Thu Sep 04 2025 10:15:00 GMT+0530 (India Standard Time)","5415.00","5419.00","5413.00","5417.50"
"Thu Sep 04 2025 10:20:00 GMT+0530 (India Standard Time)","5417.50","5427.50","5417.00","5426.00"
"Thu Sep 04 2025 10:25:00 GMT+0530 (India Standard Time)","5426.00","5426.50","5415.00","5415.50"
"Thu Sep 04 2025 10:30:00 GMT+0530 (India Standard Time)","5417.00","5417.00","5410.00","5412.00"
"Thu Sep 04 2025 10:35:00 GMT+0530 (India Standard Time)","5410.50","5410.50","5398.00","5404.50"
"Thu Sep 04 2025 10:40:00 GMT+0530 (India Standard Time)","5404.50","5404.50","5398.00","5403.00"
"Thu Sep 04 2025 10:45:00 GMT+0530 (India Standard Time)","5403.00","5407.50","5400.00","5403.00"
"Thu Sep 04 2025 10:50:00 GMT+0530 (India Standard Time)","5406.50","5408.50","5400.50","5401.50"
"Thu Sep 04 2025 10:55:00 GMT+0530 (India Standard Time)","5399.00","5402.50","5398.00","5402.50"
"Thu Sep 04 2025 11:00:00 GMT+0530 (India Standard Time)","5402.50","5406.50","5400.00","5402.00"
"Thu Sep 04 2025 11:05:00 GMT+0530 (India Standard Time)","5402.00","5405.50","5400.00","5400.00"
"Thu Sep 04 2025 11:10:00 GMT+0530 (India Standard Time)","5402.50","5402.50","5395.00","5398.50"
"Thu Sep 04 2025 11:15:00 GMT+0530 (India Standard Time)","5398.50","5401.00","5395.00","5398.00"
"Thu Sep 04 2025 11:20:00 GMT+0530 (India Standard Time)","5398.00","5398.00","5385.00","5390.00"
"Thu Sep 04 2025 11:25:00 GMT+0530 (India Standard Time)","5389.50","5392.00","5386.50","5390.00"
"Thu Sep 04 2025 11:30:00 GMT+0530 (India Standard Time)","5390.00","5390.00","5386.00","5388.50"
"Thu Sep 04 2025 11:35:00 GMT+0530 (India Standard Time)","5388.50","5388.50","5385.50","5388.50"
"Thu Sep 04 2025 11:40:00 GMT+0530 (India Standard Time)","5388.50","5393.00","5386.00","5393.00"
"Thu Sep 04 2025 11:45:00 GMT+0530 (India Standard Time)","5393.00","5393.00","5385.00","5388.00"
"Thu Sep 04 2025 11:50:00 GMT+0530 (India Standard Time)","5388.00","5393.00","5386.00","5392.00"
"Thu Sep 04 2025 11:55:00 GMT+0530 (India Standard Time)","5392.00","5393.00","5389.50","5391.00"
"Thu Sep 04 2025 12:00:00 GMT+0530 (India Standard Time)","5391.00","5392.00","5386.50","5391.50"
"Thu Sep 04 2025 12:05:00 GMT+0530 (India Standard Time)","5391.50","5392.00","5386.00","5388.00"
"Thu Sep 04 2025 12:10:00 GMT+0530 (India Standard Time)","5388.00","5388.00","5380.00","5385.00"
"Thu Sep 04 2025 12:15:00 GMT+0530 (India Standard Time)","5385.00","5387.50","5378.00","5378.00"
"Thu Sep 04 2025 12:20:00 GMT+0530 (India Standard Time)","5378.00","5380.50","5371.50","5372.50"
"Thu Sep 04 2025 12:25:00 GMT+0530 (India Standard Time)","5372.50","5376.50","5366.50","5372.50"
"Thu Sep 04 2025 12:30:00 GMT+0530 (India Standard Time)","5372.50","5383.50","5372.00","5381.00"
"Thu Sep 04 2025 12:35:00 GMT+0530 (India Standard Time)","5381.00","5391.00","5378.00","5391.00"
"Thu Sep 04 2025 12:40:00 GMT+0530 (India Standard Time)","5391.00","5405.00","5391.00","5403.00"
"Thu Sep 04 2025 12:45:00 GMT+0530 (India Standard Time)","5403.00","5405.00","5402.00","5402.50"
"Thu Sep 04 2025 12:50:00 GMT+0530 (India Standard Time)","5402.50","5402.50","5399.00","5399.50"
"Thu Sep 04 2025 12:55:00 GMT+0530 (India Standard Time)","5399.50","5402.00","5399.00","5402.00"
"Thu Sep 04 2025 13:00:00 GMT+0530 (India Standard Time)","5402.00","5402.00","5399.00","5402.00"
"Thu Sep 04 2025 13:05:00 GMT+0530 (India Standard Time)","5402.00","5410.00","5399.50","5410.00"
"Thu Sep 04 2025 13:10:00 GMT+0530 (India Standard Time)","5410.00","5427.00","5410.00","5425.00"
"Thu Sep 04 2025 13:15:00 GMT+0530 (India Standard Time)","5425.00","5433.00","5425.00","5427.00"
"Thu Sep 04 2025 13:20:00 GMT+0530 (India Standard Time)","5427.00","5437.50","5425.50","5430.00"
"Thu Sep 04 2025 13:25:00 GMT+0530 (India Standard Time)","5429.00","5429.00","5420.00","5428.00"
"Thu Sep 04 2025 13:30:00 GMT+0530 (India Standard Time)","5428.00","5433.50","5424.50","5428.00"
"Thu Sep 04 2025 13:35:00 GMT+0530 (India Standard Time)","5428.00","5431.00","5423.00","5423.00"
"Thu Sep 04 2025 13:40:00 GMT+0530 (India Standard Time)","5422.50","5429.00","5420.00","5426.50"
"Thu Sep 04 2025 13:45:00 GMT+0530 (India Standard Time)","5426.50","5426.50","5421.00","5421.00"
"Thu Sep 04 2025 13:50:00 GMT+0530 (India Standard Time)","5421.00","5422.50","5421.00","5421.00"
"Thu Sep 04 2025 13:55:00 GMT+0530 (India Standard Time)","5421.00","5424.00","5421.00","5422.00"
"Thu Sep 04 2025 14:00:00 GMT+0530 (India Standard Time)","5422.00","5424.00","5421.00","5424.00"
"Thu Sep 04 2025 14:05:00 GMT+0530 (India Standard Time)","5424.00","5439.00","5424.00","5438.00"
"Thu Sep 04 2025 14:10:00 GMT+0530 (India Standard Time)","5436.00","5438.00","5435.00","5437.00"
"Thu Sep 04 2025 14:15:00 GMT+0530 (India Standard Time)","5437.00","5439.00","5435.00","5437.50"
"Thu Sep 04 2025 14:20:00 GMT+0530 (India Standard Time)","5437.50","5439.50","5435.00","5436.00"
"Thu Sep 04 2025 14:25:00 GMT+0530 (India Standard Time)","5436.00","5436.50","5433.00","5436.00"
"Thu Sep 04 2025 14:30:00 GMT+0530 (India Standard Time)","5436.00","5447.50","5436.00","5447.50"
"Thu Sep 04 2025 14:35:00 GMT+0530 (India Standard Time)","5446.50","5446.50","5437.00","5437.00"
"Thu Sep 04 2025 14:40:00 GMT+0530 (India Standard Time)","5437.00","5442.00","5437.00","5437.00"
"Thu Sep 04 2025 14:45:00 GMT+0530 (India Standard Time)","5440.50","5440.50","5437.00","5437.00"
"Thu Sep 04 2025 14:50:00 GMT+0530 (India Standard Time)","5437.00","5442.50","5420.00","5420.50"
"Thu Sep 04 2025 14:55:00 GMT+0530 (India Standard Time)","5422.50","5430.50","5420.00","5423.00"
"Thu Sep 04 2025 15:00:00 GMT+0530 (India Standard Time)","5421.50","5426.00","5420.00","5421.00"
"Thu Sep 04 2025 15:05:00 GMT+0530 (India Standard Time)","5420.00","5422.50","5420.00","5420.00"
"Thu Sep 04 2025 15:10:00 GMT+0530 (India Standard Time)","5420.00","5440.50","5415.00","5424.00"
"Thu Sep 04 2025 15:15:00 GMT+0530 (India Standard Time)","5424.00","5431.50","5421.00","5430.50"
"Thu Sep 04 2025 15:20:00 GMT+0530 (India Standard Time)","5430.50","5435.00","5425.00","5430.00"
"Thu Sep 04 2025 15:25:00 GMT+0530 (India Standard Time)","5429.50","5434.50","5425.00","5430.00"
"Fri Sep 05 2025 09:15:00 GMT+0530 (India Standard Time)","5438.00","5458.50","5428.00","5451.50"
"Fri Sep 05 2025 09:20:00 GMT+0530 (India Standard Time)","5451.50","5455.00","5435.50","5435.50"
"Fri Sep 05 2025 09:25:00 GMT+0530 (India Standard Time)","5435.50","5454.50","5435.50","5450.00"
"Fri Sep 05 2025 09:30:00 GMT+0530 (India Standard Time)","5452.00","5465.00","5450.00","5463.00"
"Fri Sep 05 2025 09:35:00 GMT+0530 (India Standard Time)","5463.00","5474.00","5454.50","5465.50"
"Fri Sep 05 2025 09:40:00 GMT+0530 (India Standard Time)","5465.50","5468.00","5456.00","5463.00"
"Fri Sep 05 2025 09:45:00 GMT+0530 (India Standard Time)","5463.00","5474.50","5459.00","5474.50"
"Fri Sep 05 2025 09:50:00 GMT+0530 (India Standard Time)","5473.00","5481.00","5469.00","5479.00"
"Fri Sep 05 2025 09:55:00 GMT+0530 (India Standard Time)","5479.00","5486.50","5474.50","5476.50"
"Fri Sep 05 2025 10:00:00 GMT+0530 (India Standard Time)","5477.00","5479.00","5470.50","5475.00"
"Fri Sep 05 2025 10:05:00 GMT+0530 (India Standard Time)","5473.50","5476.00","5431.50","5438.50"
"Fri Sep 05 2025 10:10:00 GMT+0530 (India Standard Time)","5438.50","5442.00","5387.50","5393.50"
"Fri Sep 05 2025 10:15:00 GMT+0530 (India Standard Time)","5393.50","5397.00","5364.00","5373.00"
"Fri Sep 05 2025 10:20:00 GMT+0530 (India Standard Time)","5375.50","5413.50","5360.00","5411.00"
"Fri Sep 05 2025 10:25:00 GMT+0530 (India Standard Time)","5411.50","5442.00","5402.00","5442.00"
"Fri Sep 05 2025 10:30:00 GMT+0530 (India Standard Time)","5436.00","5452.00","5424.50","5426.50"
"Fri Sep 05 2025 10:35:00 GMT+0530 (India Standard Time)","5426.50","5446.00","5420.00","5444.00"
"Fri Sep 05 2025 10:40:00 GMT+0530 (India Standard Time)","5444.00","5444.00","5429.50","5433.00"
"Fri Sep 05 2025 10:45:00 GMT+0530 (India Standard Time)","5433.00","5444.50","5429.00","5436.00"
"Fri Sep 05 2025 10:50:00 GMT+0530 (India Standard Time)","5433.50","5436.50","5424.00","5424.00"
"Fri Sep 05 2025 10:55:00 GMT+0530 (India Standard Time)","5424.00","5428.00","5415.50","5420.00"
"Fri Sep 05 2025 11:00:00 GMT+0530 (India Standard Time)","5420.00","5424.50","5415.50","5423.00"
"Fri Sep 05 2025 11:05:00 GMT+0530 (India Standard Time)","5424.50","5424.50","5411.00","5418.00"
"Fri Sep 05 2025 11:10:00 GMT+0530 (India Standard Time)","5418.00","5426.50","5418.00","5420.00"
"Fri Sep 05 2025 11:15:00 GMT+0530 (India Standard Time)","5420.00","5420.00","5410.00","5416.00"
"Fri Sep 05 2025 11:20:00 GMT+0530 (India Standard Time)","5419.00","5422.00","5411.50","5413.50"
"Fri Sep 05 2025 11:25:00 GMT+0530 (India Standard Time)","5413.50","5415.50","5410.00","5414.00"
"Fri Sep 05 2025 11:30:00 GMT+0530 (India Standard Time)","5414.00","5417.00","5412.00","5413.00"
"Fri Sep 05 2025 11:35:00 GMT+0530 (India Standard Time)","5413.00","5415.50","5408.00","5408.00"
"Fri Sep 05 2025 11:40:00 GMT+0530 (India Standard Time)","5408.00","5408.00","5398.00","5398.00"
"Fri Sep 05 2025 11:45:00 GMT+0530 (India Standard Time)","5398.00","5398.00","5390.00","5390.00"
"Fri Sep 05 2025 11:50:00 GMT+0530 (India Standard Time)","5390.00","5396.00","5385.50","5392.50"
"Fri Sep 05 2025 11:55:00 GMT+0530 (India Standard Time)","5392.50","5395.00","5390.00","5395.00"
"Fri Sep 05 2025 12:00:00 GMT+0530 (India Standard Time)","5395.00","5395.00","5382.50","5384.50"
"Fri Sep 05 2025 12:05:00 GMT+0530 (India Standard Time)","5384.50","5395.50","5382.50","5394.50"
"Fri Sep 05 2025 12:10:00 GMT+0530 (India Standard Time)","5394.50","5394.50","5383.00","5385.00"
"Fri Sep 05 2025 12:15:00 GMT+0530 (India Standard Time)","5385.00","5387.50","5376.50","5381.50"
"Fri Sep 05 2025 12:20:00 GMT+0530 (India Standard Time)","5381.50","5388.50","5381.50","5385.00"
"Fri Sep 05 2025 12:25:00 GMT+0530 (India Standard Time)","5385.00","5388.00","5385.00","5387.50"
"Fri Sep 05 2025 12:30:00 GMT+0530 (India Standard Time)","5387.50","5399.50","5387.50","5395.00"
"Fri Sep 05 2025 12:35:00 GMT+0530 (India Standard Time)","5394.50","5397.00","5385.00","5397.00"
"Fri Sep 05 2025 12:40:00 GMT+0530 (India Standard Time)","5397.00","5397.00","5390.00","5390.00"
"Fri Sep 05 2025 12:45:00 GMT+0530 (India Standard Time)","5390.00","5394.50","5385.00","5390.00"
"Fri Sep 05 2025 12:50:00 GMT+0530 (India Standard Time)","5390.00","5395.50","5390.00","5393.00"
"Fri Sep 05 2025 12:55:00 GMT+0530 (India Standard Time)","5393.00","5396.00","5391.00","5396.00"
"Fri Sep 05 2025 13:00:00 GMT+0530 (India Standard Time)","5396.00","5396.50","5386.00","5387.50"
"Fri Sep 05 2025 13:05:00 GMT+0530 (India Standard Time)","5387.50","5395.00","5387.50","5389.50"
"Fri Sep 05 2025 13:10:00 GMT+0530 (India Standard Time)","5389.50","5398.00","5387.50","5398.00"
"Fri Sep 05 2025 13:15:00 GMT+0530 (India Standard Time)","5398.00","5421.00","5398.00","5420.00"
"Fri Sep 05 2025 13:20:00 GMT+0530 (India Standard Time)","5420.00","5420.00","5408.50","5417.00"
"Fri Sep 05 2025 13:25:00 GMT+0530 (India Standard Time)","5417.00","5422.00","5414.00","5417.50"
"Fri Sep 05 2025 13:30:00 GMT+0530 (India Standard Time)","5417.50","5421.00","5416.00","5416.00"
"Fri Sep 05 2025 13:35:00 GMT+0530 (India Standard Time)","5416.00","5427.50","5414.50","5423.00"
"Fri Sep 05 2025 13:40:00 GMT+0530 (India Standard Time)","5423.00","5426.50","5416.50","5420.50"
"Fri Sep 05 2025 13:45:00 GMT+0530 (India Standard Time)","5423.00","5428.00","5416.00","5416.00"
"Fri Sep 05 2025 13:50:00 GMT+0530 (India Standard Time)","5416.00","5421.50","5416.00","5421.50"
"Fri Sep 05 2025 13:55:00 GMT+0530 (India Standard Time)","5421.50","5423.00","5420.00","5423.00"
"Fri Sep 05 2025 14:00:00 GMT+0530 (India Standard Time)","5424.50","5429.50","5424.00","5429.50"
"Fri Sep 05 2025 14:05:00 GMT+0530 (India Standard Time)","5429.50","5451.00","5421.50","5449.50"
"Fri Sep 05 2025 14:10:00 GMT+0530 (India Standard Time)","5449.50","5452.00","5448.00","5450.00"
"Fri Sep 05 2025 14:15:00 GMT+0530 (India Standard Time)","5450.00","5451.50","5444.50","5450.50"
"Fri Sep 05 2025 14:20:00 GMT+0530 (India Standard Time)","5450.50","5450.50","5448.50","5450.50"
"Fri Sep 05 2025 14:25:00 GMT+0530 (India Standard Time)","5450.50","5450.50","5450.00","5450.50"
"Fri Sep 05 2025 14:30:00 GMT+0530 (India Standard Time)","5450.50","5457.00","5450.50","5453.00"
"Fri Sep 05 2025 14:35:00 GMT+0530 (India Standard Time)","5453.00","5454.00","5439.00","5441.00"
"Fri Sep 05 2025 14:40:00 GMT+0530 (India Standard Time)","5434.50","5437.00","5415.50","5418.50"
"Fri Sep 05 2025 14:45:00 GMT+0530 (India Standard Time)","5418.50","5432.00","5417.50","5431.00"
"Fri Sep 05 2025 14:50:00 GMT+0530 (India Standard Time)","5431.00","5436.50","5427.00","5431.50"
"Fri Sep 05 2025 14:55:00 GMT+0530 (India Standard Time)","5431.50","5433.00","5428.50","5431.00"
"Fri Sep 05 2025 15:00:00 GMT+0530 (India Standard Time)","5431.00","5431.50","5425.50","5427.00"
"Fri Sep 05 2025 15:05:00 GMT+0530 (India Standard Time)","5427.00","5434.50","5425.00","5434.50"
"Fri Sep 05 2025 15:10:00 GMT+0530 (India Standard Time)","5435.00","5443.00","5427.00","5430.00"
"Fri Sep 05 2025 15:15:00 GMT+0530 (India Standard Time)","5430.00","5442.50","5425.50","5440.50"
"Fri Sep 05 2025 15:20:00 GMT+0530 (India Standard Time)","5440.00","5470.50","5440.00","5468.00"
"Fri Sep 05 2025 15:25:00 GMT+0530 (India Standard Time)","5465.00","5474.00","5465.00","5472.50"
"Mon Sep 08 2025 09:15:00 GMT+0530 (India Standard Time)","5480.00","5489.50","5455.00","5458.00"
"Mon Sep 08 2025 09:20:00 GMT+0530 (India Standard Time)","5454.00","5473.00","5448.50","5469.50"
"Mon Sep 08 2025 09:25:00 GMT+0530 (India Standard Time)","5469.50","5469.50","5460.00","5467.00"
"Mon Sep 08 2025 09:30:00 GMT+0530 (India Standard Time)","5467.00","5489.00","5466.00","5488.00"
"Mon Sep 08 2025 09:35:00 GMT+0530 (India Standard Time)","5488.00","5495.00","5478.50","5485.50"
"Mon Sep 08 2025 09:40:00 GMT+0530 (India Standard Time)","5486.00","5489.00","5482.00","5488.00"
"Mon Sep 08 2025 09:45:00 GMT+0530 (India Standard Time)","5488.00","5493.50","5485.00","5490.00"
"Mon Sep 08 2025 09:50:00 GMT+0530 (India Standard Time)","5490.00","5490.00","5478.50","5480.00"
"Mon Sep 08 2025 09:55:00 GMT+0530 (India Standard Time)","5480.00","5487.50","5476.00","5479.50"
"Mon Sep 08 2025 10:00:00 GMT+0530 (India Standard Time)","5480.50","5485.00","5476.50","5482.00"
"Mon Sep 08 2025 10:05:00 GMT+0530 (India Standard Time)","5482.00","5488.00","5480.00","5482.00"
"Mon Sep 08 2025 10:10:00 GMT+0530 (India Standard Time)","5478.00","5485.00","5478.00","5483.00"
"Mon Sep 08 2025 10:15:00 GMT+0530 (India Standard Time)","5483.00","5494.00","5480.50","5490.00"
"Mon Sep 08 2025 10:20:00 GMT+0530 (India Standard Time)","5490.00","5491.50","5486.00","5488.00"
"Mon Sep 08 2025 10:25:00 GMT+0530 (India Standard Time)","5488.00","5492.50","5485.00","5485.00"
"Mon Sep 08 2025 10:30:00 GMT+0530 (India Standard Time)","5485.00","5485.00","5475.00","5479.00"
"Mon Sep 08 2025 10:35:00 GMT+0530 (India Standard Time)","5479.00","5490.00","5477.00","5489.00"
"Mon Sep 08 2025 10:40:00 GMT+0530 (India Standard Time)","5489.00","5494.00","5486.50","5486.50"
"Mon Sep 08 2025 10:45:00 GMT+0530 (India Standard Time)","5486.50","5488.50","5483.50","5485.50"
"Mon Sep 08 2025 10:50:00 GMT+0530 (India Standard Time)","5483.50","5485.50","5480.00","5482.00"
"Mon Sep 08 2025 10:55:00 GMT+0530 (India Standard Time)","5482.00","5482.00","5475.00","5479.50"
"Mon Sep 08 2025 11:00:00 GMT+0530 (India Standard Time)","5479.50","5484.00","5477.50","5484.00"
"Mon Sep 08 2025 11:05:00 GMT+0530 (India Standard Time)","5484.00","5485.00","5477.50","5484.00"
"Mon Sep 08 2025 11:10:00 GMT+0530 (India Standard Time)","5484.00","5485.00","5480.50","5481.00"
"Mon Sep 08 2025 11:15:00 GMT+0530 (India Standard Time)","5481.00","5500.00","5481.00","5495.50"
"Mon Sep 08 2025 11:20:00 GMT+0530 (India Standard Time)","5493.50","5494.00","5487.00","5487.00"
"Mon Sep 08 2025 11:25:00 GMT+0530 (India Standard Time)","5487.00","5492.00","5485.00","5486.50"
"Mon Sep 08 2025 11:30:00 GMT+0530 (India Standard Time)","5486.50","5490.00","5483.50","5486.50"
"Mon Sep 08 2025 11:35:00 GMT+0530 (India Standard Time)","5487.00","5487.50","5483.50","5486.00"
"Mon Sep 08 2025 11:40:00 GMT+0530 (India Standard Time)","5486.00","5486.00","5482.00","5482.00"
"Mon Sep 08 2025 11:45:00 GMT+0530 (India Standard Time)","5482.00","5487.50","5482.00","5487.50"
"Mon Sep 08 2025 11:50:00 GMT+0530 (India Standard Time)","5487.50","5488.50","5484.00","5487.00"
"Mon Sep 08 2025 11:55:00 GMT+0530 (India Standard Time)","5487.00","5487.50","5483.00","5484.00"
"Mon Sep 08 2025 12:00:00 GMT+0530 (India Standard Time)","5486.00","5487.00","5483.50","5487.00"
"Mon Sep 08 2025 12:05:00 GMT+0530 (India Standard Time)","5487.00","5490.00","5483.50","5485.00"
"Mon Sep 08 2025 12:10:00 GMT+0530 (India Standard Time)","5485.00","5487.00","5483.00","5486.00"
"Mon Sep 08 2025 12:15:00 GMT+0530 (India Standard Time)","5486.00","5486.00","5481.50","5482.00"
"Mon Sep 08 2025 12:20:00 GMT+0530 (India Standard Time)","5482.00","5485.00","5479.00","5485.00"
"Mon Sep 08 2025 12:25:00 GMT+0530 (India Standard Time)","5485.00","5485.00","5479.50","5482.00"
"Mon Sep 08 2025 12:30:00 GMT+0530 (India Standard Time)","5482.00","5483.50","5476.50","5481.00"
"Mon Sep 08 2025 12:35:00 GMT+0530 (India Standard Time)","5481.00","5490.00","5481.00","5490.00"
"Mon Sep 08 2025 12:40:00 GMT+0530 (India Standard Time)","5490.00","5491.00","5487.00","5487.00"
"Mon Sep 08 2025 12:45:00 GMT+0530 (India Standard Time)","5487.00","5487.00","5482.00","5482.00"
"Mon Sep 08 2025 12:50:00 GMT+0530 (India Standard Time)","5482.00","5485.00","5482.00","5484.00"
"Mon Sep 08 2025 12:55:00 GMT+0530 (India Standard Time)","5484.00","5487.00","5484.00","5486.00"
"Mon Sep 08 2025 13:00:00 GMT+0530 (India Standard Time)","5486.00","5487.50","5482.00","5482.00"
"Mon Sep 08 2025 13:05:00 GMT+0530 (India Standard Time)","5482.00","5484.50","5481.00","5484.00"
"Mon Sep 08 2025 13:10:00 GMT+0530 (India Standard Time)","5484.00","5484.00","5480.50","5480.50"
"Mon Sep 08 2025 13:15:00 GMT+0530 (India Standard Time)","5480.50","5484.00","5476.50","5476.50"
"Mon Sep 08 2025 13:20:00 GMT+0530 (India Standard Time)","5476.50","5481.00","5476.50","5478.00"
"Mon Sep 08 2025 13:25:00 GMT+0530 (India Standard Time)","5478.00","5478.50","5473.00","5477.00"
"Mon Sep 08 2025 13:30:00 GMT+0530 (India Standard Time)","5477.00","5479.50","5477.00","5479.50"
"Mon Sep 08 2025 13:35:00 GMT+0530 (India Standard Time)","5479.50","5479.50","5478.00","5479.50"
"Mon Sep 08 2025 13:40:00 GMT+0530 (India Standard Time)","5479.50","5480.00","5468.00","5469.50"
"Mon Sep 08 2025 13:45:00 GMT+0530 (India Standard Time)","5469.50","5469.50","5459.50","5462.00"
"Mon Sep 08 2025 13:50:00 GMT+0530 (India Standard Time)","5462.00","5465.50","5452.50","5455.50"
"Mon Sep 08 2025 13:55:00 GMT+0530 (India Standard Time)","5455.50","5458.50","5452.50","5454.50"
"Mon Sep 08 2025 14:00:00 GMT+0530 (India Standard Time)","5454.50","5456.50","5453.00","5455.00"
"Mon Sep 08 2025 14:05:00 GMT+0530 (India Standard Time)","5454.50","5460.00","5453.00","5458.50"
"Mon Sep 08 2025 14:10:00 GMT+0530 (India Standard Time)","5458.50","5460.00","5457.00","5457.00"
"Mon Sep 08 2025 14:15:00 GMT+0530 (India Standard Time)","5457.00","5465.00","5457.00","5463.00"
"Mon Sep 08 2025 14:20:00 GMT+0530 (India Standard Time)","5463.00","5464.50","5458.00","5463.00"
"Mon Sep 08 2025 14:25:00 GMT+0530 (India Standard Time)","5463.00","5468.00","5461.00","5463.00"
"Mon Sep 08 2025 14:30:00 GMT+0530 (India Standard Time)","5463.00","5469.00","5463.00","5468.50"
"Mon Sep 08 2025 14:35:00 GMT+0530 (India Standard Time)","5465.50","5469.00","5464.00","5468.00"
"Mon Sep 08 2025 14:40:00 GMT+0530 (India Standard Time)","5470.00","5472.00","5470.00","5470.50"
"Mon Sep 08 2025 14:45:00 GMT+0530 (India Standard Time)","5470.50","5471.00","5464.00","5464.50"
"Mon Sep 08 2025 14:50:00 GMT+0530 (India Standard Time)","5464.50","5467.50","5462.50","5467.50"
"Mon Sep 08 2025 14:55:00 GMT+0530 (India Standard Time)","5467.50","5475.00","5467.50","5475.00"
"Mon Sep 08 2025 15:00:00 GMT+0530 (India Standard Time)","5472.00","5472.00","5465.50","5469.50"
"Mon Sep 08 2025 15:05:00 GMT+0530 (India Standard Time)","5469.50","5472.50","5462.00","5471.50"
"Mon Sep 08 2025 15:10:00 GMT+0530 (India Standard Time)","5471.00","5471.50","5463.50","5467.00"
"Mon Sep 08 2025 15:15:00 GMT+0530 (India Standard Time)","5467.00","5467.50","5461.00","5464.50"
"Mon Sep 08 2025 15:20:00 GMT+0530 (India Standard Time)","5464.50","5490.00","5459.00","5477.00"
"Mon Sep 08 2025 15:25:00 GMT+0530 (India Standard Time)","5477.00","5485.50","5470.50","5471.00"
"Tue Sep 09 2025 09:15:00 GMT+0530 (India Standard Time)","5489.00","5519.00","5475.50","5491.00"
"Tue Sep 09 2025 09:20:00 GMT+0530 (India Standard Time)","5489.00","5508.00","5487.00","5501.00"
"Tue Sep 09 2025 09:25:00 GMT+0530 (India Standard Time)","5498.00","5509.50","5497.00","5508.00"
"Tue Sep 09 2025 09:30:00 GMT+0530 (India Standard Time)","5508.00","5511.50","5505.00","5506.00"
"Tue Sep 09 2025 09:35:00 GMT+0530 (India Standard Time)","5507.00","5533.50","5502.00","5528.00"
"Tue Sep 09 2025 09:40:00 GMT+0530 (India Standard Time)","5528.00","5588.50","5527.00","5585.00"
"Tue Sep 09 2025 09:45:00 GMT+0530 (India Standard Time)","5585.00","5620.00","5578.00","5617.00"
"Tue Sep 09 2025 09:50:00 GMT+0530 (India Standard Time)","5617.00","5642.50","5595.00","5637.00"
"Tue Sep 09 2025 09:55:00 GMT+0530 (India Standard Time)","5638.00","5660.00","5606.00","5619.00"
"Tue Sep 09 2025 10:00:00 GMT+0530 (India Standard Time)","5618.00","5649.00","5616.00","5649.00"
"Tue Sep 09 2025 10:05:00 GMT+0530 (India Standard Time)","5650.00","5681.50","5636.50","5670.00"
"Tue Sep 09 2025 10:10:00 GMT+0530 (India Standard Time)","5669.50","5680.00","5644.50","5653.50"
"Tue Sep 09 2025 10:15:00 GMT+0530 (India Standard Time)","5650.00","5659.00","5630.00","5638.00"
"Tue Sep 09 2025 10:20:00 GMT+0530 (India Standard Time)","5635.50","5648.50","5623.50","5643.50"
"Tue Sep 09 2025 10:25:00 GMT+0530 (India Standard Time)","5643.50","5665.00","5641.50","5650.00"
"Tue Sep 09 2025 10:30:00 GMT+0530 (India Standard Time)","5650.00","5666.00","5640.00","5658.50"
"Tue Sep 09 2025 10:35:00 GMT+0530 (India Standard Time)","5659.50","5659.50","5644.00","5647.50"
"Tue Sep 09 2025 10:40:00 GMT+0530 (India Standard Time)","5644.00","5652.00","5632.50","5636.50"
"Tue Sep 09 2025 10:45:00 GMT+0530 (India Standard Time)","5636.50","5651.00","5636.50","5648.00"
"Tue Sep 09 2025 10:50:00 GMT+0530 (India Standard Time)","5648.00","5649.00","5522.50","5542.50"
"Tue Sep 09 2025 10:55:00 GMT+0530 (India Standard Time)","5542.50","5576.00","5530.50","5575.00"
"Tue Sep 09 2025 11:00:00 GMT+0530 (India Standard Time)","5577.00","5597.00","5570.00","5579.50"
"Tue Sep 09 2025 11:05:00 GMT+0530 (India Standard Time)","5579.50","5585.00","5555.50","5572.00"
"Tue Sep 09 2025 11:10:00 GMT+0530 (India Standard Time)","5572.00","5575.50","5556.00","5561.50"
"Tue Sep 09 2025 11:15:00 GMT+0530 (India Standard Time)","5561.50","5569.00","5559.00","5561.00"
"Tue Sep 09 2025 11:20:00 GMT+0530 (India Standard Time)","5561.00","5573.00","5560.00","5565.00"
"Tue Sep 09 2025 11:25:00 GMT+0530 (India Standard Time)","5565.00","5565.00","5550.00","5551.50"
"Tue Sep 09 2025 11:30:00 GMT+0530 (India Standard Time)","5552.00","5563.00","5541.50","5554.50"
"Tue Sep 09 2025 11:35:00 GMT+0530 (India Standard Time)","5558.50","5561.50","5554.50","5555.00"
"Tue Sep 09 2025 11:40:00 GMT+0530 (India Standard Time)","5557.50","5563.50","5550.50","5558.50"
"Tue Sep 09 2025 11:45:00 GMT+0530 (India Standard Time)","5556.50","5561.50","5550.50","5550.50"
"Tue Sep 09 2025 11:50:00 GMT+0530 (India Standard Time)","5550.00","5553.50","5540.00","5541.00"
"Tue Sep 09 2025 11:55:00 GMT+0530 (India Standard Time)","5541.00","5550.00","5541.00","5550.00"
"Tue Sep 09 2025 12:00:00 GMT+0530 (India Standard Time)","5550.00","5550.00","5531.50","5537.00"
"Tue Sep 09 2025 12:05:00 GMT+0530 (India Standard Time)","5535.00","5537.00","5527.50","5532.50"
"Tue Sep 09 2025 12:10:00 GMT+0530 (India Standard Time)","5532.50","5544.50","5527.00","5538.50"
"Tue Sep 09 2025 12:15:00 GMT+0530 (India Standard Time)","5538.50","5543.50","5535.00","5539.50"
"Tue Sep 09 2025 12:20:00 GMT+0530 (India Standard Time)","5539.50","5542.50","5534.00","5542.50"
"Tue Sep 09 2025 12:25:00 GMT+0530 (India Standard Time)","5541.00","5541.00","5531.00","5539.50"
"Tue Sep 09 2025 12:30:00 GMT+0530 (India Standard Time)","5539.50","5540.00","5537.00","5537.00"
"Tue Sep 09 2025 12:35:00 GMT+0530 (India Standard Time)","5537.00","5538.00","5532.50","5535.50"
"Tue Sep 09 2025 12:40:00 GMT+0530 (India Standard Time)","5535.50","5542.50","5535.00","5538.50"
"Tue Sep 09 2025 12:45:00 GMT+0530 (India Standard Time)","5540.00","5545.00","5537.00","5542.00"
"Tue Sep 09 2025 12:50:00 GMT+0530 (India Standard Time)","5542.00","5546.00","5540.50","5540.50"
"Tue Sep 09 2025 12:55:00 GMT+0530 (India Standard Time)","5538.00","5539.50","5530.00","5534.00"
"Tue Sep 09 2025 13:00:00 GMT+0530 (India Standard Time)","5534.00","5538.50","5534.00","5537.00"
"Tue Sep 09 2025 13:05:00 GMT+0530 (India Standard Time)","5537.00","5537.00","5529.50","5533.00"
"Tue Sep 09 2025 13:10:00 GMT+0530 (India Standard Time)","5533.00","5533.00","5521.00","5521.00"
"Tue Sep 09 2025 13:15:00 GMT+0530 (India Standard Time)","5521.00","5526.00","5515.00","5523.50"
"Tue Sep 09 2025 13:20:00 GMT+0530 (India Standard Time)","5523.50","5525.50","5521.50","5524.00"
"Tue Sep 09 2025 13:25:00 GMT+0530 (India Standard Time)","5522.50","5525.50","5522.50","5522.50"
"Tue Sep 09 2025 13:30:00 GMT+0530 (India Standard Time)","5522.50","5525.50","5520.50","5520.50"
"Tue Sep 09 2025 13:35:00 GMT+0530 (India Standard Time)","5521.50","5521.50","5508.00","5515.00"
"Tue Sep 09 2025 13:40:00 GMT+0530 (India Standard Time)","5515.00","5521.50","5512.00","5512.00"
"Tue Sep 09 2025 13:45:00 GMT+0530 (India Standard Time)","5515.00","5518.00","5501.00","5504.50"
"Tue Sep 09 2025 13:50:00 GMT+0530 (India Standard Time)","5501.50","5508.00","5501.50","5508.00"
"Tue Sep 09 2025 13:55:00 GMT+0530 (India Standard Time)","5507.50","5512.50","5506.00","5507.00"
"Tue Sep 09 2025 14:00:00 GMT+0530 (India Standard Time)","5506.00","5526.00","5501.00","5523.00"
"Tue Sep 09 2025 14:05:00 GMT+0530 (India Standard Time)","5523.00","5523.00","5512.50","5519.00"
"Tue Sep 09 2025 14:10:00 GMT+0530 (India Standard Time)","5519.00","5521.50","5510.50","5513.00"
"Tue Sep 09 2025 14:15:00 GMT+0530 (India Standard Time)","5513.00","5514.50","5507.50","5514.50"
"Tue Sep 09 2025 14:20:00 GMT+0530 (India Standard Time)","5513.00","5515.50","5509.50","5513.00"
"Tue Sep 09 2025 14:25:00 GMT+0530 (India Standard Time)","5507.50","5515.00","5505.50","5512.50"
"Tue Sep 09 2025 14:30:00 GMT+0530 (India Standard Time)","5512.50","5524.00","5510.50","5520.00"
"Tue Sep 09 2025 14:35:00 GMT+0530 (India Standard Time)","5520.00","5522.50","5516.00","5516.00"
"Tue Sep 09 2025 14:40:00 GMT+0530 (India Standard Time)","5516.00","5519.50","5513.00","5513.00"
"Tue Sep 09 2025 14:45:00 GMT+0530 (India Standard Time)","5515.00","5528.50","5513.00","5526.00"
"Tue Sep 09 2025 14:50:00 GMT+0530 (India Standard Time)","5526.00","5539.50","5526.00","5536.50"
"Tue Sep 09 2025 14:55:00 GMT+0530 (India Standard Time)","5537.00","5537.00","5530.00","5530.50"
"Tue Sep 09 2025 15:00:00 GMT+0530 (India Standard Time)","5532.00","5542.00","5531.50","5538.00"
"Tue Sep 09 2025 15:05:00 GMT+0530 (India Standard Time)","5538.00","5547.00","5535.00","5546.50"
"Tue Sep 09 2025 15:10:00 GMT+0530 (India Standard Time)","5548.00","5551.00","5542.00","5551.00"
"Tue Sep 09 2025 15:15:00 GMT+0530 (India Standard Time)","5554.50","5559.50","5551.00","5559.00"
"Tue Sep 09 2025 15:20:00 GMT+0530 (India Standard Time)","5559.00","5573.00","5558.50","5573.00"
"Tue Sep 09 2025 15:25:00 GMT+0530 (India Standard Time)","5573.00","5576.50","5568.00","5568.00"
"Wed Sep 10 2025 09:15:00 GMT+0530 (India Standard Time)","5590.00","5657.50","5590.00","5640.50"
"Wed Sep 10 2025 09:20:00 GMT+0530 (India Standard Time)","5644.00","5695.00","5644.00","5682.50"
"Wed Sep 10 2025 09:25:00 GMT+0530 (India Standard Time)","5686.00","5695.00","5672.50","5691.00"
"Wed Sep 10 2025 09:30:00 GMT+0530 (India Standard Time)","5690.00","5715.00","5681.50","5710.00"
"Wed Sep 10 2025 09:35:00 GMT+0530 (India Standard Time)","5710.50","5725.00","5695.50","5717.00"
"Wed Sep 10 2025 09:40:00 GMT+0530 (India Standard Time)","5717.00","5727.00","5708.50","5716.50"
"Wed Sep 10 2025 09:45:00 GMT+0530 (India Standard Time)","5716.50","5725.00","5701.00","5712.50"
"Wed Sep 10 2025 09:50:00 GMT+0530 (India Standard Time)","5709.50","5749.50","5709.50","5740.00"
"Wed Sep 10 2025 09:55:00 GMT+0530 (India Standard Time)","5740.00","5757.00","5734.00","5740.00"
"Wed Sep 10 2025 10:00:00 GMT+0530 (India Standard Time)","5740.00","5753.50","5737.00","5749.00"
"Wed Sep 10 2025 10:05:00 GMT+0530 (India Standard Time)","5749.00","5753.50","5740.00","5741.00"
"Wed Sep 10 2025 10:10:00 GMT+0530 (India Standard Time)","5740.00","5745.00","5730.50","5733.50"
"Wed Sep 10 2025 10:15:00 GMT+0530 (India Standard Time)","5733.50","5771.00","5732.50","5753.00"
"Wed Sep 10 2025 10:20:00 GMT+0530 (India Standard Time)","5753.00","5800.00","5751.00","5787.00"
"Wed Sep 10 2025 10:25:00 GMT+0530 (India Standard Time)","5785.00","5799.00","5777.00","5794.50"
"Wed Sep 10 2025 10:30:00 GMT+0530 (India Standard Time)","5793.50","5813.50","5793.50","5800.00"
"Wed Sep 10 2025 10:35:00 GMT+0530 (India Standard Time)","5800.00","5822.50","5800.00","5816.50"
"Wed Sep 10 2025 10:40:00 GMT+0530 (India Standard Time)","5816.50","5830.50","5808.00","5818.00"
"Wed Sep 10 2025 10:45:00 GMT+0530 (India Standard Time)","5818.00","5825.00","5800.00","5800.00"
"Wed Sep 10 2025 10:50:00 GMT+0530 (India Standard Time)","5801.00","5815.50","5797.50","5815.50"
"Wed Sep 10 2025 10:55:00 GMT+0530 (India Standard Time)","5818.00","5822.00","5808.50","5814.50"
"Wed Sep 10 2025 11:00:00 GMT+0530 (India Standard Time)","5814.50","5827.00","5814.50","5825.50"
"Wed Sep 10 2025 11:05:00 GMT+0530 (India Standard Time)","5825.50","5859.50","5823.00","5855.00"
"Wed Sep 10 2025 11:10:00 GMT+0530 (India Standard Time)","5852.50","5859.00","5850.00","5859.00"
"Wed Sep 10 2025 11:15:00 GMT+0530 (India Standard Time)","5859.00","5860.00","5832.00","5835.00"
"Wed Sep 10 2025 11:20:00 GMT+0530 (India Standard Time)","5835.00","5849.50","5829.50","5849.50"
"Wed Sep 10 2025 11:25:00 GMT+0530 (India Standard Time)","5849.50","5849.50","5834.50","5844.00"
"Wed Sep 10 2025 11:30:00 GMT+0530 (India Standard Time)","5844.00","5850.00","5838.00","5845.50"
"Wed Sep 10 2025 11:35:00 GMT+0530 (India Standard Time)","5845.50","5846.00","5835.00","5843.50"
"Wed Sep 10 2025 11:40:00 GMT+0530 (India Standard Time)","5843.50","5846.00","5836.00","5838.00"
"Wed Sep 10 2025 11:45:00 GMT+0530 (India Standard Time)","5838.00","5846.50","5833.50","5836.50"
"Wed Sep 10 2025 11:50:00 GMT+0530 (India Standard Time)","5836.50","5838.00","5822.50","5825.00"
"Wed Sep 10 2025 11:55:00 GMT+0530 (India Standard Time)","5825.00","5826.00","5796.50","5798.00"
"Wed Sep 10 2025 12:00:00 GMT+0530 (India Standard Time)","5798.00","5810.00","5797.00","5807.00"
"Wed Sep 10 2025 12:05:00 GMT+0530 (India Standard Time)","5806.00","5816.50","5806.00","5810.00"
"Wed Sep 10 2025 12:10:00 GMT+0530 (India Standard Time)","5810.00","5819.50","5810.00","5815.50"
"Wed Sep 10 2025 12:15:00 GMT+0530 (India Standard Time)","5812.50","5828.50","5812.50","5822.50"
"Wed Sep 10 2025 12:20:00 GMT+0530 (India Standard Time)","5822.50","5840.50","5822.50","5831.00"
"Wed Sep 10 2025 12:25:00 GMT+0530 (India Standard Time)","5846.00","5846.00","5835.50","5841.00"
"Wed Sep 10 2025 12:30:00 GMT+0530 (India Standard Time)","5836.50","5843.50","5825.50","5825.50"
"Wed Sep 10 2025 12:35:00 GMT+0530 (India Standard Time)","5826.50","5834.00","5822.00","5830.00"
"Wed Sep 10 2025 12:40:00 GMT+0530 (India Standard Time)","5830.00","5831.50","5820.00","5824.00"
"Wed Sep 10 2025 12:45:00 GMT+0530 (India Standard Time)","5824.00","5825.00","5816.00","5820.00"
"Wed Sep 10 2025 12:50:00 GMT+0530 (India Standard Time)","5820.00","5832.00","5820.00","5830.00"
"Wed Sep 10 2025 12:55:00 GMT+0530 (India Standard Time)","5829.00","5829.00","5823.00","5825.00"
"Wed Sep 10 2025 13:00:00 GMT+0530 (India Standard Time)","5823.00","5827.00","5817.00","5822.50"
"Wed Sep 10 2025 13:05:00 GMT+0530 (India Standard Time)","5822.50","5826.00","5819.50","5825.50"
"Wed Sep 10 2025 13:10:00 GMT+0530 (India Standard Time)","5825.50","5828.00","5822.00","5822.50"
"Wed Sep 10 2025 13:15:00 GMT+0530 (India Standard Time)","5822.50","5822.50","5805.00","5812.50"
"Wed Sep 10 2025 13:20:00 GMT+0530 (India Standard Time)","5812.50","5813.00","5806.00","5813.00"
"Wed Sep 10 2025 13:25:00 GMT+0530 (India Standard Time)","5813.00","5819.50","5810.50","5814.50"
"Wed Sep 10 2025 13:30:00 GMT+0530 (India Standard Time)","5817.50","5824.00","5814.50","5823.00"
"Wed Sep 10 2025 13:35:00 GMT+0530 (India Standard Time)","5824.00","5827.00","5818.50","5825.00"
"Wed Sep 10 2025 13:40:00 GMT+0530 (India Standard Time)","5825.00","5826.00","5820.50","5824.00"
"Wed Sep 10 2025 13:45:00 GMT+0530 (India Standard Time)","5824.00","5832.50","5824.00","5826.00"
"Wed Sep 10 2025 13:50:00 GMT+0530 (India Standard Time)","5825.00","5827.00","5820.00","5823.50"
"Wed Sep 10 2025 13:55:00 GMT+0530 (India Standard Time)","5825.00","5834.00","5823.50","5826.50"
"Wed Sep 10 2025 14:00:00 GMT+0530 (India Standard Time)","5826.50","5830.00","5820.00","5820.00"
"Wed Sep 10 2025 14:05:00 GMT+0530 (India Standard Time)","5821.50","5832.50","5821.50","5831.50"
"Wed Sep 10 2025 14:10:00 GMT+0530 (India Standard Time)","5831.50","5833.00","5825.00","5829.50"
"Wed Sep 10 2025 14:15:00 GMT+0530 (India Standard Time)","5829.50","5834.00","5826.00","5828.50"
"Wed Sep 10 2025 14:20:00 GMT+0530 (India Standard Time)","5827.00","5829.00","5825.00","5828.00"
"Wed Sep 10 2025 14:25:00 GMT+0530 (India Standard Time)","5828.00","5834.00","5825.50","5833.00"
"Wed Sep 10 2025 14:30:00 GMT+0530 (India Standard Time)","5833.00","5847.50","5830.50","5840.50"
"Wed Sep 10 2025 14:35:00 GMT+0530 (India Standard Time)","5840.00","5843.50","5840.00","5841.50"
"Wed Sep 10 2025 14:40:00 GMT+0530 (India Standard Time)","5842.00","5843.50","5839.00","5842.00"
"Wed Sep 10 2025 14:45:00 GMT+0530 (India Standard Time)","5842.00","5850.00","5838.00","5844.50"
"Wed Sep 10 2025 14:50:00 GMT+0530 (India Standard Time)","5844.50","5849.50","5842.00","5848.00"
"Wed Sep 10 2025 14:55:00 GMT+0530 (India Standard Time)","5846.50","5848.50","5812.50","5825.00"
"Wed Sep 10 2025 15:00:00 GMT+0530 (India Standard Time)","5825.00","5842.00","5825.00","5835.00"
"Wed Sep 10 2025 15:05:00 GMT+0530 (India Standard Time)","5838.00","5845.50","5835.00","5845.00"
"Wed Sep 10 2025 15:10:00 GMT+0530 (India Standard Time)","5841.00","5845.50","5838.00","5840.00"
"Wed Sep 10 2025 15:15:00 GMT+0530 (India Standard Time)","5841.50","5854.50","5839.50","5851.50"
"Wed Sep 10 2025 15:20:00 GMT+0530 (India Standard Time)","5854.00","5854.00","5829.00","5836.00"
"Wed Sep 10 2025 15:25:00 GMT+0530 (India Standard Time)","5835.50","5858.00","5832.00","5856.00"
"Thu Sep 11 2025 09:15:00 GMT+0530 (India Standard Time)","5843.50","5850.00","5801.50","5815.50"
"Thu Sep 11 2025 09:20:00 GMT+0530 (India Standard Time)","5813.50","5817.50","5802.00","5809.00"
"Thu Sep 11 2025 09:25:00 GMT+0530 (India Standard Time)","5810.50","5810.50","5784.50","5790.50"
"Thu Sep 11 2025 09:30:00 GMT+0530 (India Standard Time)","5790.50","5790.50","5767.00","5787.50"
"Thu Sep 11 2025 09:35:00 GMT+0530 (India Standard Time)","5792.00","5812.50","5789.50","5805.00"
"Thu Sep 11 2025 09:40:00 GMT+0530 (India Standard Time)","5802.50","5825.50","5802.50","5819.00"
"Thu Sep 11 2025 09:45:00 GMT+0530 (India Standard Time)","5815.00","5815.50","5791.00","5802.00"
"Thu Sep 11 2025 09:50:00 GMT+0530 (India Standard Time)","5798.50","5808.50","5798.50","5801.00"
"Thu Sep 11 2025 09:55:00 GMT+0530 (India Standard Time)","5802.50","5803.00","5790.00","5793.50"
"Thu Sep 11 2025 10:00:00 GMT+0530 (India Standard Time)","5794.50","5794.50","5775.00","5780.00"
"Thu Sep 11 2025 10:05:00 GMT+0530 (India Standard Time)","5779.50","5780.00","5769.50","5773.00"
"Thu Sep 11 2025 10:10:00 GMT+0530 (India Standard Time)","5770.50","5780.00","5770.00","5775.00"
"Thu Sep 11 2025 10:15:00 GMT+0530 (India Standard Time)","5775.00","5797.50","5775.00","5797.50"
"Thu Sep 11 2025 10:20:00 GMT+0530 (India Standard Time)","5797.50","5797.50","5783.00","5788.00"
"Thu Sep 11 2025 10:25:00 GMT+0530 (India Standard Time)","5789.00","5790.50","5780.00","5784.00"
"Thu Sep 11 2025 10:30:00 GMT+0530 (India Standard Time)","5784.00","5809.00","5782.50","5808.00"
"Thu Sep 11 2025 10:35:00 GMT+0530 (India Standard Time)","5808.00","5809.00","5795.00","5797.00"
"Thu Sep 11 2025 10:40:00 GMT+0530 (India Standard Time)","5797.00","5802.00","5783.00","5783.00"
"Thu Sep 11 2025 10:45:00 GMT+0530 (India Standard Time)","5784.00","5799.50","5782.50","5794.50"
"Thu Sep 11 2025 10:50:00 GMT+0530 (India Standard Time)","5794.50","5794.50","5785.00","5790.50"
"Thu Sep 11 2025 10:55:00 GMT+0530 (India Standard Time)","5790.50","5794.50","5788.50","5791.00"
"Thu Sep 11 2025 11:00:00 GMT+0530 (India Standard Time)","5791.00","5795.00","5787.50","5795.00"
"Thu Sep 11 2025 11:05:00 GMT+0530 (India Standard Time)","5795.00","5799.50","5792.50","5798.00"
"Thu Sep 11 2025 11:10:00 GMT+0530 (India Standard Time)","5798.00","5798.50","5792.50","5797.50"
"Thu Sep 11 2025 11:15:00 GMT+0530 (India Standard Time)","5797.50","5799.00","5795.00","5798.00"
"Thu Sep 11 2025 11:20:00 GMT+0530 (India Standard Time)","5798.00","5799.50","5789.00","5794.00"
"Thu Sep 11 2025 11:25:00 GMT+0530 (India Standard Time)","5794.00","5797.00","5791.00","5794.50"
"Thu Sep 11 2025 11:30:00 GMT+0530 (India Standard Time)","5794.50","5796.50","5785.50","5788.00"
"Thu Sep 11 2025 11:35:00 GMT+0530 (India Standard Time)","5788.00","5788.50","5760.50","5765.00"
"Thu Sep 11 2025 11:40:00 GMT+0530 (India Standard Time)","5766.50","5772.50","5761.00","5772.00"
"Thu Sep 11 2025 11:45:00 GMT+0530 (India Standard Time)","5772.50","5777.50","5765.00","5776.00"
"Thu Sep 11 2025 11:50:00 GMT+0530 (India Standard Time)","5776.00","5780.00","5767.00","5771.50"
"Thu Sep 11 2025 11:55:00 GMT+0530 (India Standard Time)","5771.50","5779.00","5770.00","5779.00"
"Thu Sep 11 2025 12:00:00 GMT+0530 (India Standard Time)","5779.00","5781.50","5778.00","5779.00"
"Thu Sep 11 2025 12:05:00 GMT+0530 (India Standard Time)","5779.00","5803.00","5779.00","5794.00"
"Thu Sep 11 2025 12:10:00 GMT+0530 (India Standard Time)","5794.00","5795.00","5791.00","5792.00"
"Thu Sep 11 2025 12:15:00 GMT+0530 (India Standard Time)","5790.00","5792.00","5788.00","5790.00"
"Thu Sep 11 2025 12:20:00 GMT+0530 (India Standard Time)","5790.00","5790.50","5783.00","5783.00"
"Thu Sep 11 2025 12:25:00 GMT+0530 (India Standard Time)","5784.50","5789.50","5783.00","5789.00"
"Thu Sep 11 2025 12:30:00 GMT+0530 (India Standard Time)","5789.00","5790.00","5783.00","5787.50"
"Thu Sep 11 2025 12:35:00 GMT+0530 (India Standard Time)","5787.50","5787.50","5771.00","5775.00"
"Thu Sep 11 2025 12:40:00 GMT+0530 (India Standard Time)","5775.00","5780.00","5770.50","5774.00"
"Thu Sep 11 2025 12:45:00 GMT+0530 (India Standard Time)","5772.50","5774.00","5765.00","5770.00"
"Thu Sep 11 2025 12:50:00 GMT+0530 (India Standard Time)","5769.50","5774.00","5765.50","5771.00"
"Thu Sep 11 2025 12:55:00 GMT+0530 (India Standard Time)","5772.50","5773.50","5768.50","5773.00"
"Thu Sep 11 2025 13:00:00 GMT+0530 (India Standard Time)","5773.00","5773.50","5765.50","5773.50"
"Thu Sep 11 2025 13:05:00 GMT+0530 (India Standard Time)","5774.00","5776.00","5771.50","5772.00"
"Thu Sep 11 2025 13:10:00 GMT+0530 (India Standard Time)","5772.00","5778.50","5770.50","5776.00"
"Thu Sep 11 2025 13:15:00 GMT+0530 (India Standard Time)","5776.50","5776.50","5760.50","5763.50"
"Thu Sep 11 2025 13:20:00 GMT+0530 (India Standard Time)","5763.50","5763.50","5751.00","5756.50"
"Thu Sep 11 2025 13:25:00 GMT+0530 (India Standard Time)","5752.50","5758.50","5752.50","5756.50"
"Thu Sep 11 2025 13:30:00 GMT+0530 (India Standard Time)","5757.50","5760.00","5752.00","5756.50"
"Thu Sep 11 2025 13:35:00 GMT+0530 (India Standard Time)","5756.50","5757.00","5752.50","5753.50"
"Thu Sep 11 2025 13:40:00 GMT+0530 (India Standard Time)","5753.50","5755.00","5752.50","5754.00"
"Thu Sep 11 2025 13:45:00 GMT+0530 (India Standard Time)","5754.50","5761.50","5754.50","5761.00"
"Thu Sep 11 2025 13:50:00 GMT+0530 (India Standard Time)","5758.50","5763.00","5752.50","5758.50"
"Thu Sep 11 2025 13:55:00 GMT+0530 (India Standard Time)","5758.50","5760.00","5751.00","5754.00"
"Thu Sep 11 2025 14:00:00 GMT+0530 (India Standard Time)","5754.00","5758.00","5751.50","5756.50"
"Thu Sep 11 2025 14:05:00 GMT+0530 (India Standard Time)","5756.50","5759.50","5754.50","5757.50"
"Thu Sep 11 2025 14:10:00 GMT+0530 (India Standard Time)","5757.50","5760.00","5755.00","5760.00"
"Thu Sep 11 2025 14:15:00 GMT+0530 (India Standard Time)","5760.00","5763.50","5757.50","5760.00"
"Thu Sep 11 2025 14:20:00 GMT+0530 (India Standard Time)","5759.00","5763.50","5759.00","5760.00"
"Thu Sep 11 2025 14:25:00 GMT+0530 (India Standard Time)","5760.00","5761.50","5759.00","5761.50"
"Thu Sep 11 2025 14:30:00 GMT+0530 (India Standard Time)","5760.00","5760.50","5755.50","5760.50"
"Thu Sep 11 2025 14:35:00 GMT+0530 (India Standard Time)","5760.50","5763.50","5757.00","5763.50"
"Thu Sep 11 2025 14:40:00 GMT+0530 (India Standard Time)","5763.50","5763.50","5756.50","5758.00"
"Thu Sep 11 2025 14:45:00 GMT+0530 (India Standard Time)","5758.50","5760.50","5756.50","5760.50"
"Thu Sep 11 2025 14:50:00 GMT+0530 (India Standard Time)","5760.50","5761.00","5754.00","5756.00"
"Thu Sep 11 2025 14:55:00 GMT+0530 (India Standard Time)","5754.00","5759.00","5754.00","5758.00"
"Thu Sep 11 2025 15:00:00 GMT+0530 (India Standard Time)","5758.00","5758.00","5748.00","5755.50"
"Thu Sep 11 2025 15:05:00 GMT+0530 (India Standard Time)","5752.00","5757.50","5752.00","5756.50"
"Thu Sep 11 2025 15:10:00 GMT+0530 (India Standard Time)","5754.00","5757.00","5753.50","5757.00"
"Thu Sep 11 2025 15:15:00 GMT+0530 (India Standard Time)","5756.50","5757.00","5750.50","5750.50"
"Thu Sep 11 2025 15:20:00 GMT+0530 (India Standard Time)","5750.50","5755.00","5746.00","5752.00"
"Thu Sep 11 2025 15:25:00 GMT+0530 (India Standard Time)","5751.50","5754.00","5747.00","5748.00"
"Fri Sep 12 2025 09:15:00 GMT+0530 (India Standard Time)","5752.50","5786.00","5742.00","5744.50"
"Fri Sep 12 2025 09:20:00 GMT+0530 (India Standard Time)","5747.50","5747.50","5717.50","5741.50"
"Fri Sep 12 2025 09:25:00 GMT+0530 (India Standard Time)","5741.50","5772.50","5740.00","5761.00"
"Fri Sep 12 2025 09:30:00 GMT+0530 (India Standard Time)","5759.50","5763.50","5732.50","5733.50"
"Fri Sep 12 2025 09:35:00 GMT+0530 (India Standard Time)","5733.50","5741.00","5727.00","5741.00"
"Fri Sep 12 2025 09:40:00 GMT+0530 (India Standard Time)","5741.00","5741.00","5727.00","5728.00"
"Fri Sep 12 2025 09:45:00 GMT+0530 (India Standard Time)","5728.00","5731.00","5726.50","5730.00"
"Fri Sep 12 2025 09:50:00 GMT+0530 (India Standard Time)","5730.00","5730.00","5700.00","5700.00"
"Fri Sep 12 2025 09:55:00 GMT+0530 (India Standard Time)","5702.50","5712.00","5698.00","5706.50"
"Fri Sep 12 2025 10:00:00 GMT+0530 (India Standard Time)","5709.00","5711.50","5695.00","5700.00"
"Fri Sep 12 2025 10:05:00 GMT+0530 (India Standard Time)","5700.00","5709.00","5700.00","5707.00"
"Fri Sep 12 2025 10:10:00 GMT+0530 (India Standard Time)","5707.00","5708.50","5701.00","5705.50"
"Fri Sep 12 2025 10:15:00 GMT+0530 (India Standard Time)","5705.50","5705.50","5694.00","5695.50"
"Fri Sep 12 2025 10:20:00 GMT+0530 (India Standard Time)","5695.00","5699.00","5691.00","5692.50"
"Fri Sep 12 2025 10:25:00 GMT+0530 (India Standard Time)","5692.50","5696.50","5688.00","5696.50"
"Fri Sep 12 2025 10:30:00 GMT+0530 (India Standard Time)","5696.50","5696.50","5686.00","5689.50"
"Fri Sep 12 2025 10:35:00 GMT+0530 (India Standard Time)","5689.50","5698.00","5686.50","5691.50"
"Fri Sep 12 2025 10:40:00 GMT+0530 (India Standard Time)","5691.50","5696.00","5687.50","5690.00"
"Fri Sep 12 2025 10:45:00 GMT+0530 (India Standard Time)","5689.00","5689.00","5683.00","5685.00"
"Fri Sep 12 2025 10:50:00 GMT+0530 (India Standard Time)","5685.00","5688.00","5680.50","5682.50"
"Fri Sep 12 2025 10:55:00 GMT+0530 (India Standard Time)","5681.50","5684.00","5675.00","5680.00"
"Fri Sep 12 2025 11:00:00 GMT+0530 (India Standard Time)","5680.00","5687.00","5680.00","5685.00"
"Fri Sep 12 2025 11:05:00 GMT+0530 (India Standard Time)","5686.50","5687.00","5682.00","5683.50"
"Fri Sep 12 2025 11:10:00 GMT+0530 (India Standard Time)","5683.50","5684.50","5680.00","5682.50"
"Fri Sep 12 2025 11:15:00 GMT+0530 (India Standard Time)","5682.50","5703.00","5681.50","5698.50"
"Fri Sep 12 2025 11:20:00 GMT+0530 (India Standard Time)","5695.00","5698.50","5690.50","5696.00"
"Fri Sep 12 2025 11:25:00 GMT+0530 (India Standard Time)","5696.00","5697.00","5693.00","5696.50"
"Fri Sep 12 2025 11:30:00 GMT+0530 (India Standard Time)","5697.00","5697.00","5687.50","5690.00"
"Fri Sep 12 2025 11:35:00 GMT+0530 (India Standard Time)","5690.50","5691.50","5682.00","5683.00"
"Fri Sep 12 2025 11:40:00 GMT+0530 (India Standard Time)","5683.00","5688.00","5682.50","5683.00"
"Fri Sep 12 2025 11:45:00 GMT+0530 (India Standard Time)","5683.00","5684.50","5678.00","5680.00"
"Fri Sep 12 2025 11:50:00 GMT+0530 (India Standard Time)","5680.00","5682.50","5671.00","5677.00"
"Fri Sep 12 2025 11:55:00 GMT+0530 (India Standard Time)","5677.00","5679.00","5673.50","5677.00"
"Fri Sep 12 2025 12:00:00 GMT+0530 (India Standard Time)","5677.00","5679.00","5675.00","5677.00"
"Fri Sep 12 2025 12:05:00 GMT+0530 (India Standard Time)","5677.00","5679.50","5675.00","5678.50"
"Fri Sep 12 2025 12:10:00 GMT+0530 (India Standard Time)","5678.50","5680.50","5673.00","5676.00"
"Fri Sep 12 2025 12:15:00 GMT+0530 (India Standard Time)","5676.00","5679.50","5673.00","5678.00"
"Fri Sep 12 2025 12:20:00 GMT+0530 (India Standard Time)","5679.50","5679.50","5676.00","5679.50"
"Fri Sep 12 2025 12:25:00 GMT+0530 (India Standard Time)","5679.50","5679.50","5674.00","5676.00"
"Fri Sep 12 2025 12:30:00 GMT+0530 (India Standard Time)","5676.00","5677.00","5674.00","5674.00"
"Fri Sep 12 2025 12:35:00 GMT+0530 (India Standard Time)","5674.00","5677.00","5671.50","5675.50"
"Fri Sep 12 2025 12:40:00 GMT+0530 (India Standard Time)","5675.50","5680.50","5673.50","5679.00"
"Fri Sep 12 2025 12:45:00 GMT+0530 (India Standard Time)","5680.50","5680.50","5667.00","5670.50"
"Fri Sep 12 2025 12:50:00 GMT+0530 (India Standard Time)","5670.50","5670.50","5661.00","5663.00"
"Fri Sep 12 2025 12:55:00 GMT+0530 (India Standard Time)","5661.00","5669.50","5661.00","5669.00"
"Fri Sep 12 2025 13:00:00 GMT+0530 (India Standard Time)","5669.00","5671.00","5665.50","5667.00"
"Fri Sep 12 2025 13:05:00 GMT+0530 (India Standard Time)","5667.00","5669.50","5662.50","5667.00"
"Fri Sep 12 2025 13:10:00 GMT+0530 (India Standard Time)","5667.00","5670.00","5666.00","5666.00"
"Fri Sep 12 2025 13:15:00 GMT+0530 (India Standard Time)","5668.00","5669.00","5666.50","5667.00"
"Fri Sep 12 2025 13:20:00 GMT+0530 (India Standard Time)","5667.00","5667.00","5661.00","5665.00"
"Fri Sep 12 2025 13:25:00 GMT+0530 (India Standard Time)","5665.00","5665.00","5661.00","5663.00"
"Fri Sep 12 2025 13:30:00 GMT+0530 (India Standard Time)","5664.50","5668.00","5664.00","5667.50"
"Fri Sep 12 2025 13:35:00 GMT+0530 (India Standard Time)","5667.50","5684.50","5665.00","5684.50"
"Fri Sep 12 2025 13:40:00 GMT+0530 (India Standard Time)","5684.00","5684.50","5680.00","5680.00"
"Fri Sep 12 2025 13:45:00 GMT+0530 (India Standard Time)","5680.00","5689.00","5680.00","5687.00"
"Fri Sep 12 2025 13:50:00 GMT+0530 (India Standard Time)","5686.50","5695.00","5685.00","5694.50"
"Fri Sep 12 2025 13:55:00 GMT+0530 (India Standard Time)","5691.00","5694.50","5687.50","5690.00"
"Fri Sep 12 2025 14:00:00 GMT+0530 (India Standard Time)","5690.00","5694.00","5690.00","5693.50"
"Fri Sep 12 2025 14:05:00 GMT+0530 (India Standard Time)","5690.50","5693.50","5690.00","5693.50"
"Fri Sep 12 2025 14:10:00 GMT+0530 (India Standard Time)","5690.50","5694.00","5690.00","5692.00"
"Fri Sep 12 2025 14:15:00 GMT+0530 (India Standard Time)","5690.50","5692.00","5683.00","5688.00"
"Fri Sep 12 2025 14:20:00 GMT+0530 (India Standard Time)","5688.00","5713.50","5685.50","5711.50"
"Fri Sep 12 2025 14:25:00 GMT+0530 (India Standard Time)","5711.50","5713.50","5705.00","5705.00"
"Fri Sep 12 2025 14:30:00 GMT+0530 (India Standard Time)","5705.00","5707.00","5705.00","5706.50"
"Fri Sep 12 2025 14:35:00 GMT+0530 (India Standard Time)","5706.50","5706.50","5705.00","5705.00"
"Fri Sep 12 2025 14:40:00 GMT+0530 (India Standard Time)","5705.00","5705.00","5691.50","5692.50"
"Fri Sep 12 2025 14:45:00 GMT+0530 (India Standard Time)","5692.50","5718.00","5692.50","5718.00"
"Fri Sep 12 2025 14:50:00 GMT+0530 (India Standard Time)","5718.00","5718.50","5707.00","5709.00"
"Fri Sep 12 2025 14:55:00 GMT+0530 (India Standard Time)","5709.00","5715.00","5707.50","5715.00"
"Fri Sep 12 2025 15:00:00 GMT+0530 (India Standard Time)","5715.00","5722.00","5714.00","5720.00"
"Fri Sep 12 2025 15:05:00 GMT+0530 (India Standard Time)","5720.00","5722.00","5719.00","5722.00"
"Fri Sep 12 2025 15:10:00 GMT+0530 (India Standard Time)","5722.00","5723.50","5720.00","5722.00"
"Fri Sep 12 2025 15:15:00 GMT+0530 (India Standard Time)","5722.00","5730.00","5720.00","5725.50"
"Fri Sep 12 2025 15:20:00 GMT+0530 (India Standard Time)","5726.00","5727.00","5720.00","5721.50"
"Fri Sep 12 2025 15:25:00 GMT+0530 (India Standard Time)","5721.50","5721.50","5718.00","5719.50"
"Mon Sep 15 2025 09:15:00 GMT+0530 (India Standard Time)","5721.50","5749.50","5700.00","5721.50"
"Mon Sep 15 2025 09:20:00 GMT+0530 (India Standard Time)","5725.50","5742.00","5709.50","5715.00"
"Mon Sep 15 2025 09:25:00 GMT+0530 (India Standard Time)","5716.50","5728.50","5706.00","5723.50"
"Mon Sep 15 2025 09:30:00 GMT+0530 (India Standard Time)","5725.50","5730.00","5712.00","5714.50"
"Mon Sep 15 2025 09:35:00 GMT+0530 (India Standard Time)","5714.50","5714.50","5693.00","5697.00"
"Mon Sep 15 2025 09:40:00 GMT+0530 (India Standard Time)","5695.00","5710.00","5695.00","5700.50"
"Mon Sep 15 2025 09:45:00 GMT+0530 (India Standard Time)","5700.50","5703.50","5696.50","5702.50"
"Mon Sep 15 2025 09:50:00 GMT+0530 (India Standard Time)","5702.50","5712.50","5702.50","5710.00"
"Mon Sep 15 2025 09:55:00 GMT+0530 (India Standard Time)","5707.50","5711.00","5699.00","5699.00"
"Mon Sep 15 2025 10:00:00 GMT+0530 (India Standard Time)","5699.00","5702.50","5690.00","5694.00"
"Mon Sep 15 2025 10:05:00 GMT+0530 (India Standard Time)","5694.00","5695.00","5682.50","5685.50"
"Mon Sep 15 2025 10:10:00 GMT+0530 (India Standard Time)","5685.50","5689.50","5682.50","5688.00"
"Mon Sep 15 2025 10:15:00 GMT+0530 (India Standard Time)","5688.00","5692.50","5677.00","5689.00"
"Mon Sep 15 2025 10:20:00 GMT+0530 (India Standard Time)","5691.00","5692.50","5687.00","5690.00"
"Mon Sep 15 2025 10:25:00 GMT+0530 (India Standard Time)","5690.00","5691.50","5688.00","5689.50"
"Mon Sep 15 2025 10:30:00 GMT+0530 (India Standard Time)","5689.50","5690.00","5683.50","5687.50"
"Mon Sep 15 2025 10:35:00 GMT+0530 (India Standard Time)","5688.50","5688.50","5683.50","5684.50"
"Mon Sep 15 2025 10:40:00 GMT+0530 (India Standard Time)","5686.50","5686.50","5678.00","5678.00"
"Mon Sep 15 2025 10:45:00 GMT+0530 (India Standard Time)","5679.50","5679.50","5671.50","5676.50"
"Mon Sep 15 2025 10:50:00 GMT+0530 (India Standard Time)","5675.00","5680.00","5670.00","5674.00"
"Mon Sep 15 2025 10:55:00 GMT+0530 (India Standard Time)","5674.00","5680.00","5673.50","5678.00"
"Mon Sep 15 2025 11:00:00 GMT+0530 (India Standard Time)","5677.50","5679.50","5672.50","5679.50"
"Mon Sep 15 2025 11:05:00 GMT+0530 (India Standard Time)","5679.50","5680.50","5678.00","5678.00"
"Mon Sep 15 2025 11:10:00 GMT+0530 (India Standard Time)","5678.00","5679.00","5675.00","5675.00"
"Mon Sep 15 2025 11:15:00 GMT+0530 (India Standard Time)","5675.00","5677.00","5672.50","5677.00"
"Mon Sep 15 2025 11:20:00 GMT+0530 (India Standard Time)","5675.00","5679.50","5675.00","5676.00"
"Mon Sep 15 2025 11:25:00 GMT+0530 (India Standard Time)","5677.00","5678.50","5675.00","5677.50"
"Mon Sep 15 2025 11:30:00 GMT+0530 (India Standard Time)","5678.00","5678.00","5671.00","5677.50"
"Mon Sep 15 2025 11:35:00 GMT+0530 (India Standard Time)","5677.50","5692.50","5675.00","5687.00"
"Mon Sep 15 2025 11:40:00 GMT+0530 (India Standard Time)","5687.00","5687.00","5681.00","5684.00"
"Mon Sep 15 2025 11:45:00 GMT+0530 (India Standard Time)","5684.00","5685.00","5680.00","5685.00"
"Mon Sep 15 2025 11:50:00 GMT+0530 (India Standard Time)","5685.00","5699.00","5682.50","5699.00"
"Mon Sep 15 2025 11:55:00 GMT+0530 (India Standard Time)","5699.00","5700.00","5694.50","5700.00"
"Mon Sep 15 2025 12:00:00 GMT+0530 (India Standard Time)","5700.00","5703.50","5690.00","5692.00"
"Mon Sep 15 2025 12:05:00 GMT+0530 (India Standard Time)","5692.00","5692.50","5688.50","5690.00"
"Mon Sep 15 2025 12:10:00 GMT+0530 (India Standard Time)","5695.50","5698.00","5692.00","5695.00"
"Mon Sep 15 2025 12:15:00 GMT+0530 (India Standard Time)","5695.00","5700.00","5692.50","5697.00"
"Mon Sep 15 2025 12:20:00 GMT+0530 (India Standard Time)","5697.00","5698.50","5695.00","5696.50"
"Mon Sep 15 2025 12:25:00 GMT+0530 (India Standard Time)","5696.50","5696.50","5694.50","5694.50"
"Mon Sep 15 2025 12:30:00 GMT+0530 (India Standard Time)","5694.50","5698.50","5694.50","5697.00"
"Mon Sep 15 2025 12:35:00 GMT+0530 (India Standard Time)","5696.00","5697.00","5690.00","5690.50"
"Mon Sep 15 2025 12:40:00 GMT+0530 (India Standard Time)","5690.50","5690.50","5687.00","5687.00"
"Mon Sep 15 2025 12:45:00 GMT+0530 (India Standard Time)","5687.00","5690.00","5687.00","5687.00"
"Mon Sep 15 2025 12:50:00 GMT+0530 (India Standard Time)","5687.00","5692.00","5687.00","5688.00"
"Mon Sep 15 2025 12:55:00 GMT+0530 (India Standard Time)","5688.00","5688.00","5682.00","5682.50"
"Mon Sep 15 2025 13:00:00 GMT+0530 (India Standard Time)","5682.50","5684.50","5681.00","5684.50"
"Mon Sep 15 2025 13:05:00 GMT+0530 (India Standard Time)","5681.50","5688.50","5681.00","5686.00"
"Mon Sep 15 2025 13:10:00 GMT+0530 (India Standard Time)","5686.00","5689.00","5686.00","5687.00"
"Mon Sep 15 2025 13:15:00 GMT+0530 (India Standard Time)","5687.00","5688.50","5682.00","5682.00"
"Mon Sep 15 2025 13:20:00 GMT+0530 (India Standard Time)","5682.00","5682.00","5678.00","5678.00"
"Mon Sep 15 2025 13:25:00 GMT+0530 (India Standard Time)","5678.00","5682.00","5678.00","5682.00"
"Mon Sep 15 2025 13:30:00 GMT+0530 (India Standard Time)","5682.00","5682.00","5678.50","5681.00"
"Mon Sep 15 2025 13:35:00 GMT+0530 (India Standard Time)","5681.00","5681.00","5677.00","5678.00"
"Mon Sep 15 2025 13:40:00 GMT+0530 (India Standard Time)","5675.50","5677.00","5660.00","5667.00"
"Mon Sep 15 2025 13:45:00 GMT+0530 (India Standard Time)","5667.00","5672.50","5662.50","5663.50"
"Mon Sep 15 2025 13:50:00 GMT+0530 (India Standard Time)","5663.50","5666.50","5661.50","5664.50"
"Mon Sep 15 2025 13:55:00 GMT+0530 (India Standard Time)","5664.00","5665.00","5660.50","5663.00"
"Mon Sep 15 2025 14:00:00 GMT+0530 (India Standard Time)","5663.00","5665.00","5660.00","5665.00"
"Mon Sep 15 2025 14:05:00 GMT+0530 (India Standard Time)","5662.00","5665.50","5661.50","5662.00"
"Mon Sep 15 2025 14:10:00 GMT+0530 (India Standard Time)","5662.00","5666.00","5662.00","5665.50"
"Mon Sep 15 2025 14:15:00 GMT+0530 (India Standard Time)","5665.50","5665.50","5660.50","5661.00"
"Mon Sep 15 2025 14:20:00 GMT+0530 (India Standard Time)","5661.00","5665.00","5661.00","5663.00"
"Mon Sep 15 2025 14:25:00 GMT+0530 (India Standard Time)","5663.00","5665.00","5661.50","5665.00"
"Mon Sep 15 2025 14:30:00 GMT+0530 (India Standard Time)","5666.00","5672.50","5666.00","5670.50"
"Mon Sep 15 2025 14:35:00 GMT+0530 (India Standard Time)","5670.50","5671.00","5666.00","5666.00"
"Mon Sep 15 2025 14:40:00 GMT+0530 (India Standard Time)","5666.00","5675.00","5666.00","5669.00"
"Mon Sep 15 2025 14:45:00 GMT+0530 (India Standard Time)","5669.00","5675.50","5662.00","5671.50"
"Mon Sep 15 2025 14:50:00 GMT+0530 (India Standard Time)","5671.50","5692.00","5671.50","5690.00"
"Mon Sep 15 2025 14:55:00 GMT+0530 (India Standard Time)","5690.00","5694.00","5690.00","5690.00"
"Mon Sep 15 2025 15:00:00 GMT+0530 (India Standard Time)","5690.50","5693.00","5681.50","5688.00"
"Mon Sep 15 2025 15:05:00 GMT+0530 (India Standard Time)","5690.00","5691.00","5688.00","5689.00"
"Mon Sep 15 2025 15:10:00 GMT+0530 (India Standard Time)","5689.00","5689.50","5680.00","5681.00"
"Mon Sep 15 2025 15:15:00 GMT+0530 (India Standard Time)","5682.00","5683.00","5673.00","5683.00"
"Mon Sep 15 2025 15:20:00 GMT+0530 (India Standard Time)","5683.00","5687.50","5677.50","5686.50"
"Mon Sep 15 2025 15:25:00 GMT+0530 (India Standard Time)","5688.00","5693.00","5680.00","5680.00"
"Tue Sep 16 2025 09:15:00 GMT+0530 (India Standard Time)","5707.00","5714.50","5668.00","5680.00"
"Tue Sep 16 2025 09:20:00 GMT+0530 (India Standard Time)","5680.00","5685.00","5661.50","5665.00"
"Tue Sep 16 2025 09:25:00 GMT+0530 (India Standard Time)","5665.00","5665.00","5640.00","5655.00"
"Tue Sep 16 2025 09:30:00 GMT+0530 (India Standard Time)","5657.50","5668.00","5655.50","5662.00"
"Tue Sep 16 2025 09:35:00 GMT+0530 (India Standard Time)","5662.00","5665.50","5656.50","5660.00"
"Tue Sep 16 2025 09:40:00 GMT+0530 (India Standard Time)","5660.00","5661.00","5651.00","5658.00"
"Tue Sep 16 2025 09:45:00 GMT+0530 (India Standard Time)","5658.00","5664.00","5657.00","5661.50"
"Tue Sep 16 2025 09:50:00 GMT+0530 (India Standard Time)","5661.50","5668.00","5660.50","5668.00"
"Tue Sep 16 2025 09:55:00 GMT+0530 (India Standard Time)","5668.00","5668.00","5644.00","5653.50"
"Tue Sep 16 2025 10:00:00 GMT+0530 (India Standard Time)","5653.50","5665.50","5653.50","5662.00"
"Tue Sep 16 2025 10:05:00 GMT+0530 (India Standard Time)","5662.50","5665.00","5656.00","5665.00"
"Tue Sep 16 2025 10:10:00 GMT+0530 (India Standard Time)","5665.00","5665.00","5658.00","5661.00"
"Tue Sep 16 2025 10:15:00 GMT+0530 (India Standard Time)","5661.00","5662.00","5658.50","5660.00"
"Tue Sep 16 2025 10:20:00 GMT+0530 (India Standard Time)","5660.00","5662.50","5658.00","5660.50"
"Tue Sep 16 2025 10:25:00 GMT+0530 (India Standard Time)","5660.50","5670.00","5658.50","5669.50"
"Tue Sep 16 2025 10:30:00 GMT+0530 (India Standard Time)","5667.50","5671.50","5665.50","5671.50"
"Tue Sep 16 2025 10:35:00 GMT+0530 (India Standard Time)","5668.50","5671.50","5667.00","5669.00"
"Tue Sep 16 2025 10:40:00 GMT+0530 (India Standard Time)","5669.00","5684.50","5669.00","5681.50"
"Tue Sep 16 2025 10:45:00 GMT+0530 (India Standard Time)","5681.50","5682.00","5675.00","5679.00"
"Tue Sep 16 2025 10:50:00 GMT+0530 (India Standard Time)","5679.00","5679.00","5671.00","5674.50"
"Tue Sep 16 2025 10:55:00 GMT+0530 (India Standard Time)","5674.50","5685.50","5674.50","5685.50"
"Tue Sep 16 2025 11:00:00 GMT+0530 (India Standard Time)","5683.50","5695.00","5683.00","5692.00"
"Tue Sep 16 2025 11:05:00 GMT+0530 (India Standard Time)","5692.00","5694.50","5677.50","5685.50"
"Tue Sep 16 2025 11:10:00 GMT+0530 (India Standard Time)","5685.50","5694.00","5685.00","5693.00"
"Tue Sep 16 2025 11:15:00 GMT+0530 (India Standard Time)","5693.50","5695.00","5690.50","5692.50"
"Tue Sep 16 2025 11:20:00 GMT+0530 (India Standard Time)","5692.50","5700.00","5686.50","5698.00"
"Tue Sep 16 2025 11:25:00 GMT+0530 (India Standard Time)","5698.00","5701.00","5694.00","5701.00"
"Tue Sep 16 2025 11:30:00 GMT+0530 (India Standard Time)","5701.00","5701.00","5696.00","5697.00"
"Tue Sep 16 2025 11:35:00 GMT+0530 (India Standard Time)","5695.50","5699.00","5693.00","5697.50"
"Tue Sep 16 2025 11:40:00 GMT+0530 (India Standard Time)","5695.00","5698.50","5695.00","5698.00"
"Tue Sep 16 2025 11:45:00 GMT+0530 (India Standard Time)","5698.00","5701.00","5697.00","5700.00"
"Tue Sep 16 2025 11:50:00 GMT+0530 (India Standard Time)","5700.00","5701.00","5695.50","5696.50"
"Tue Sep 16 2025 11:55:00 GMT+0530 (India Standard Time)","5696.50","5699.00","5686.00","5690.50"
"Tue Sep 16 2025 12:00:00 GMT+0530 (India Standard Time)","5691.00","5692.50","5688.00","5689.00"
"Tue Sep 16 2025 12:05:00 GMT+0530 (India Standard Time)","5690.00","5690.00","5686.00","5686.00"
"Tue Sep 16 2025 12:10:00 GMT+0530 (India Standard Time)","5686.00","5690.00","5685.00","5690.00"
"Tue Sep 16 2025 12:15:00 GMT+0530 (India Standard Time)","5690.00","5691.00","5686.00","5690.00"
"Tue Sep 16 2025 12:20:00 GMT+0530 (India Standard Time)","5690.50","5695.50","5686.50","5693.00"
"Tue Sep 16 2025 12:25:00 GMT+0530 (India Standard Time)","5694.50","5696.00","5691.00","5693.50"
"Tue Sep 16 2025 12:30:00 GMT+0530 (India Standard Time)","5693.50","5695.50","5691.00","5694.50"
"Tue Sep 16 2025 12:35:00 GMT+0530 (India Standard Time)","5694.50","5695.50","5691.00","5693.50"
"Tue Sep 16 2025 12:40:00 GMT+0530 (India Standard Time)","5693.50","5693.50","5668.00","5675.50"
"Tue Sep 16 2025 12:45:00 GMT+0530 (India Standard Time)","5675.50","5677.50","5675.50","5677.50"
"Tue Sep 16 2025 12:50:00 GMT+0530 (India Standard Time)","5671.00","5674.00","5670.00","5673.00"
"Tue Sep 16 2025 12:55:00 GMT+0530 (India Standard Time)","5673.00","5674.50","5665.00","5667.50"
"Tue Sep 16 2025 13:00:00 GMT+0530 (India Standard Time)","5669.00","5670.00","5665.50","5667.00"
"Tue Sep 16 2025 13:05:00 GMT+0530 (India Standard Time)","5667.00","5667.00","5660.00","5661.50"
"Tue Sep 16 2025 13:10:00 GMT+0530 (India Standard Time)","5661.50","5661.50","5657.00","5659.00"
"Tue Sep 16 2025 13:15:00 GMT+0530 (India Standard Time)","5659.00","5662.00","5654.00","5656.00"
"Tue Sep 16 2025 13:20:00 GMT+0530 (India Standard Time)","5656.00","5658.50","5652.00","5658.50"
"Tue Sep 16 2025 13:25:00 GMT+0530 (India Standard Time)","5658.50","5658.50","5651.00","5655.00"
"Tue Sep 16 2025 13:30:00 GMT+0530 (India Standard Time)","5655.00","5656.50","5650.00","5653.50"
"Tue Sep 16 2025 13:35:00 GMT+0530 (India Standard Time)","5653.50","5656.50","5645.00","5647.50"
"Tue Sep 16 2025 13:40:00 GMT+0530 (India Standard Time)","5647.50","5653.50","5647.50","5648.00"
"Tue Sep 16 2025 13:45:00 GMT+0530 (India Standard Time)","5648.00","5652.00","5645.50","5646.50"
"Tue Sep 16 2025 13:50:00 GMT+0530 (India Standard Time)","5646.50","5650.50","5646.50","5646.50"
"Tue Sep 16 2025 13:55:00 GMT+0530 (India Standard Time)","5648.50","5649.50","5646.00","5649.50"
"Tue Sep 16 2025 14:00:00 GMT+0530 (India Standard Time)","5649.50","5656.00","5646.00","5655.00"
"Tue Sep 16 2025 14:05:00 GMT+0530 (India Standard Time)","5656.00","5657.50","5651.50","5654.00"
"Tue Sep 16 2025 14:10:00 GMT+0530 (India Standard Time)","5654.00","5660.00","5648.00","5658.50"
"Tue Sep 16 2025 14:15:00 GMT+0530 (India Standard Time)","5658.50","5659.00","5654.00","5657.00"
"Tue Sep 16 2025 14:20:00 GMT+0530 (India Standard Time)","5657.00","5658.00","5655.00","5655.00"
"Tue Sep 16 2025 14:25:00 GMT+0530 (India Standard Time)","5655.00","5657.50","5655.00","5657.50"
"Tue Sep 16 2025 14:30:00 GMT+0530 (India Standard Time)","5657.50","5672.00","5655.50","5671.50"
"Tue Sep 16 2025 14:35:00 GMT+0530 (India Standard Time)","5671.50","5681.00","5668.00","5675.00"
"Tue Sep 16 2025 14:40:00 GMT+0530 (India Standard Time)","5677.50","5678.50","5664.00","5670.00"
"Tue Sep 16 2025 14:45:00 GMT+0530 (India Standard Time)","5671.00","5673.00","5665.00","5668.00"
"Tue Sep 16 2025 14:50:00 GMT+0530 (India Standard Time)","5668.00","5688.00","5665.00","5685.00"
"Tue Sep 16 2025 14:55:00 GMT+0530 (India Standard Time)","5686.50","5690.00","5680.50","5681.50"
"Tue Sep 16 2025 15:00:00 GMT+0530 (India Standard Time)","5681.50","5689.00","5681.50","5688.00"
"Tue Sep 16 2025 15:05:00 GMT+0530 (India Standard Time)","5688.00","5705.50","5688.00","5703.00"
"Tue Sep 16 2025 15:10:00 GMT+0530 (India Standard Time)","5704.00","5715.00","5704.00","5708.00"
"Tue Sep 16 2025 15:15:00 GMT+0530 (India Standard Time)","5708.00","5715.00","5708.00","5710.50"
"Tue Sep 16 2025 15:20:00 GMT+0530 (India Standard Time)","5710.50","5715.00","5709.50","5715.00"
"Tue Sep 16 2025 15:25:00 GMT+0530 (India Standard Time)","5712.00","5722.00","5710.00","5720.00"
"Wed Sep 17 2025 09:15:00 GMT+0530 (India Standard Time)","5722.00","5749.00","5707.50","5729.50"
"Wed Sep 17 2025 09:20:00 GMT+0530 (India Standard Time)","5724.00","5748.50","5719.00","5745.00"
"Wed Sep 17 2025 09:25:00 GMT+0530 (India Standard Time)","5741.00","5765.00","5739.00","5760.50"
"Wed Sep 17 2025 09:30:00 GMT+0530 (India Standard Time)","5760.50","5768.00","5743.50","5753.00"
"Wed Sep 17 2025 09:35:00 GMT+0530 (India Standard Time)","5753.00","5753.00","5742.50","5747.50"
"Wed Sep 17 2025 09:40:00 GMT+0530 (India Standard Time)","5747.50","5752.00","5742.00","5744.00"
"Wed Sep 17 2025 09:45:00 GMT+0530 (India Standard Time)","5744.00","5747.00","5719.00","5720.00"
"Wed Sep 17 2025 09:50:00 GMT+0530 (India Standard Time)","5719.00","5728.50","5717.50","5725.00"
"Wed Sep 17 2025 09:55:00 GMT+0530 (India Standard Time)","5725.00","5736.00","5725.00","5733.50"
"Wed Sep 17 2025 10:00:00 GMT+0530 (India Standard Time)","5733.50","5741.50","5731.50","5739.00"
"Wed Sep 17 2025 10:05:00 GMT+0530 (India Standard Time)","5740.00","5742.50","5721.00","5728.00"
"Wed Sep 17 2025 10:10:00 GMT+0530 (India Standard Time)","5728.00","5732.00","5714.00","5719.00"
"Wed Sep 17 2025 10:15:00 GMT+0530 (India Standard Time)","5720.50","5720.50","5710.00","5713.50"
"Wed Sep 17 2025 10:20:00 GMT+0530 (India Standard Time)","5712.50","5715.50","5701.00","5705.00"
"Wed Sep 17 2025 10:25:00 GMT+0530 (India Standard Time)","5705.00","5716.00","5705.00","5716.00"
"Wed Sep 17 2025 10:30:00 GMT+0530 (India Standard Time)","5715.00","5725.00","5715.00","5722.00"
"Wed Sep 17 2025 10:35:00 GMT+0530 (India Standard Time)","5722.00","5722.00","5714.00","5721.00"
"Wed Sep 17 2025 10:40:00 GMT+0530 (India Standard Time)","5721.00","5721.50","5688.00","5691.50"
"Wed Sep 17 2025 10:45:00 GMT+0530 (India Standard Time)","5691.50","5695.50","5682.00","5684.50"
"Wed Sep 17 2025 10:50:00 GMT+0530 (India Standard Time)","5685.00","5690.50","5675.00","5678.50"
"Wed Sep 17 2025 10:55:00 GMT+0530 (India Standard Time)","5678.50","5690.50","5678.00","5690.50"
"Wed Sep 17 2025 11:00:00 GMT+0530 (India Standard Time)","5690.50","5692.50","5686.00","5690.00"
"Wed Sep 17 2025 11:05:00 GMT+0530 (India Standard Time)","5690.00","5691.50","5683.00","5690.00"
"Wed Sep 17 2025 11:10:00 GMT+0530 (India Standard Time)","5690.00","5699.50","5690.00","5697.00"
"Wed Sep 17 2025 11:15:00 GMT+0530 (India Standard Time)","5697.00","5697.00","5692.00","5694.00"
"Wed Sep 17 2025 11:20:00 GMT+0530 (India Standard Time)","5694.00","5696.00","5690.50","5693.50"
"Wed Sep 17 2025 11:25:00 GMT+0530 (India Standard Time)","5693.50","5699.50","5693.50","5697.00"
"Wed Sep 17 2025 11:30:00 GMT+0530 (India Standard Time)","5697.00","5709.50","5695.50","5707.00"
"Wed Sep 17 2025 11:35:00 GMT+0530 (India Standard Time)","5708.50","5715.00","5706.50","5709.50"
"Wed Sep 17 2025 11:40:00 GMT+0530 (India Standard Time)","5709.50","5710.00","5701.00","5702.00"
"Wed Sep 17 2025 11:45:00 GMT+0530 (India Standard Time)","5701.00","5703.50","5698.50","5703.00"
"Wed Sep 17 2025 11:50:00 GMT+0530 (India Standard Time)","5704.50","5704.50","5699.50","5701.00"
"Wed Sep 17 2025 11:55:00 GMT+0530 (India Standard Time)","5701.00","5709.00","5701.00","5705.00"
"Wed Sep 17 2025 12:00:00 GMT+0530 (India Standard Time)","5705.50","5708.00","5704.00","5706.00"
"Wed Sep 17 2025 12:05:00 GMT+0530 (India Standard Time)","5706.50","5715.00","5706.50","5714.00"
"Wed Sep 17 2025 12:10:00 GMT+0530 (India Standard Time)","5711.00","5715.00","5709.00","5712.00"
"Wed Sep 17 2025 12:15:00 GMT+0530 (India Standard Time)","5712.00","5715.00","5709.00","5711.00"
"Wed Sep 17 2025 12:20:00 GMT+0530 (India Standard Time)","5711.00","5711.00","5709.00","5709.50"
"Wed Sep 17 2025 12:25:00 GMT+0530 (India Standard Time)","5709.50","5715.00","5709.50","5714.50"
"Wed Sep 17 2025 12:30:00 GMT+0530 (India Standard Time)","5714.50","5714.50","5705.50","5705.50"
"Wed Sep 17 2025 12:35:00 GMT+0530 (India Standard Time)","5705.50","5707.50","5701.00","5704.00"
"Wed Sep 17 2025 12:40:00 GMT+0530 (India Standard Time)","5704.00","5704.00","5701.00","5702.50"
"Wed Sep 17 2025 12:45:00 GMT+0530 (India Standard Time)","5702.50","5705.00","5702.50","5703.00"
"Wed Sep 17 2025 12:50:00 GMT+0530 (India Standard Time)","5703.00","5708.50","5703.00","5706.50"
"Wed Sep 17 2025 12:55:00 GMT+0530 (India Standard Time)","5706.50","5708.50","5703.50","5708.00"
"Wed Sep 17 2025 13:00:00 GMT+0530 (India Standard Time)","5708.00","5715.00","5708.00","5710.00"
"Wed Sep 17 2025 13:05:00 GMT+0530 (India Standard Time)","5710.00","5711.50","5707.00","5707.00"
"Wed Sep 17 2025 13:10:00 GMT+0530 (India Standard Time)","5707.00","5711.50","5706.50","5709.00"
"Wed Sep 17 2025 13:15:00 GMT+0530 (India Standard Time)","5709.00","5711.50","5708.00","5711.50"
"Wed Sep 17 2025 13:20:00 GMT+0530 (India Standard Time)","5711.50","5711.50","5707.00","5708.50"
"Wed Sep 17 2025 13:25:00 GMT+0530 (India Standard Time)","5708.50","5710.50","5703.50","5703.50"
"Wed Sep 17 2025 13:30:00 GMT+0530 (India Standard Time)","5707.00","5707.50","5695.00","5697.50"
"Wed Sep 17 2025 13:35:00 GMT+0530 (India Standard Time)","5697.50","5702.50","5693.00","5698.00"
"Wed Sep 17 2025 13:40:00 GMT+0530 (India Standard Time)","5698.00","5698.00","5690.00","5692.50"
"Wed Sep 17 2025 13:45:00 GMT+0530 (India Standard Time)","5692.50","5700.00","5690.50","5692.00"
"Wed Sep 17 2025 13:50:00 GMT+0530 (India Standard Time)","5692.00","5695.00","5687.50","5695.00"
"Wed Sep 17 2025 13:55:00 GMT+0530 (India Standard Time)","5695.00","5696.00","5690.00","5695.50"
"Wed Sep 17 2025 14:00:00 GMT+0530 (India Standard Time)","5695.50","5695.50","5681.50","5683.00"
"Wed Sep 17 2025 14:05:00 GMT+0530 (India Standard Time)","5683.00","5683.50","5675.00","5680.00"
"Wed Sep 17 2025 14:10:00 GMT+0530 (India Standard Time)","5680.00","5681.50","5664.00","5672.00"
"Wed Sep 17 2025 14:15:00 GMT+0530 (India Standard Time)","5672.00","5680.00","5670.00","5680.00"
"Wed Sep 17 2025 14:20:00 GMT+0530 (India Standard Time)","5678.50","5686.50","5677.50","5684.50"
"Wed Sep 17 2025 14:25:00 GMT+0530 (India Standard Time)","5684.50","5684.50","5677.50","5683.50"
"Wed Sep 17 2025 14:30:00 GMT+0530 (India Standard Time)","5683.50","5684.00","5676.50","5684.00"
"Wed Sep 17 2025 14:35:00 GMT+0530 (India Standard Time)","5683.50","5683.50","5678.50","5681.00"
"Wed Sep 17 2025 14:40:00 GMT+0530 (India Standard Time)","5681.00","5683.50","5680.00","5680.50"
"Wed Sep 17 2025 14:45:00 GMT+0530 (India Standard Time)","5680.50","5691.50","5680.50","5691.00"
"Wed Sep 17 2025 14:50:00 GMT+0530 (India Standard Time)","5690.00","5691.00","5683.00","5685.00"
"Wed Sep 17 2025 14:55:00 GMT+0530 (India Standard Time)","5686.00","5688.00","5684.00","5687.50"
"Wed Sep 17 2025 15:00:00 GMT+0530 (India Standard Time)","5687.50","5690.00","5677.50","5685.00"
"Wed Sep 17 2025 15:05:00 GMT+0530 (India Standard Time)","5690.00","5690.00","5680.50","5682.50"
"Wed Sep 17 2025 15:10:00 GMT+0530 (India Standard Time)","5683.00","5686.00","5682.00","5685.00"
"Wed Sep 17 2025 15:15:00 GMT+0530 (India Standard Time)","5683.00","5688.00","5680.00","5681.50"
"Wed Sep 17 2025 15:20:00 GMT+0530 (India Standard Time)","5679.00","5683.50","5675.00","5682.50"
"Wed Sep 17 2025 15:25:00 GMT+0530 (India Standard Time)","5680.00","5686.50","5679.00","5684.50"
"Thu Sep 18 2025 09:15:00 GMT+0530 (India Standard Time)","5710.00","5729.50","5702.50","5724.50"
"Thu Sep 18 2025 09:20:00 GMT+0530 (India Standard Time)","5726.00","5782.00","5725.50","5767.00"
"Thu Sep 18 2025 09:25:00 GMT+0530 (India Standard Time)","5767.50","5777.00","5760.50","5775.00"
"Thu Sep 18 2025 09:30:00 GMT+0530 (India Standard Time)","5775.00","5778.50","5740.50","5753.00"
"Thu Sep 18 2025 09:35:00 GMT+0530 (India Standard Time)","5753.00","5760.00","5741.00","5750.00"
"Thu Sep 18 2025 09:40:00 GMT+0530 (India Standard Time)","5749.00","5753.00","5746.00","5750.00"
"Thu Sep 18 2025 09:45:00 GMT+0530 (India Standard Time)","5750.00","5767.50","5749.00","5763.50"
"Thu Sep 18 2025 09:50:00 GMT+0530 (India Standard Time)","5763.50","5763.50","5752.00","5760.50"
"Thu Sep 18 2025 09:55:00 GMT+0530 (India Standard Time)","5760.50","5761.00","5752.00","5758.00"
"Thu Sep 18 2025 10:00:00 GMT+0530 (India Standard Time)","5758.00","5758.00","5749.50","5756.00"
"Thu Sep 18 2025 10:05:00 GMT+0530 (India Standard Time)","5756.00","5760.00","5751.50","5753.50"
"Thu Sep 18 2025 10:10:00 GMT+0530 (India Standard Time)","5753.50","5753.50","5741.50","5746.00"
"Thu Sep 18 2025 10:15:00 GMT+0530 (India Standard Time)","5746.00","5750.00","5745.00","5746.00"
"Thu Sep 18 2025 10:20:00 GMT+0530 (India Standard Time)","5746.00","5749.00","5743.00","5743.00"
"Thu Sep 18 2025 10:25:00 GMT+0530 (India Standard Time)","5744.00","5749.00","5738.00","5748.50"
"Thu Sep 18 2025 10:30:00 GMT+0530 (India Standard Time)","5746.00","5767.50","5744.00","5765.00"
"Thu Sep 18 2025 10:35:00 GMT+0530 (India Standard Time)","5767.00","5773.00","5762.00","5769.50"
"Thu Sep 18 2025 10:40:00 GMT+0530 (India Standard Time)","5769.50","5779.50","5764.50","5777.00"
"Thu Sep 18 2025 10:45:00 GMT+0530 (India Standard Time)","5777.00","5779.50","5769.50","5776.00"
"Thu Sep 18 2025 10:50:00 GMT+0530 (India Standard Time)","5776.00","5778.00","5773.00","5775.00"
"Thu Sep 18 2025 10:55:00 GMT+0530 (India Standard Time)","5775.00","5777.00","5773.00","5773.00"
"Thu Sep 18 2025 11:00:00 GMT+0530 (India Standard Time)","5773.00","5778.00","5765.00","5766.00"
"Thu Sep 18 2025 11:05:00 GMT+0530 (India Standard Time)","5766.00","5769.00","5763.00","5763.00"
"Thu Sep 18 2025 11:10:00 GMT+0530 (India Standard Time)","5763.00","5766.50","5757.50","5762.50"
"Thu Sep 18 2025 11:15:00 GMT+0530 (India Standard Time)","5762.50","5762.50","5728.00","5730.00"
"Thu Sep 18 2025 11:20:00 GMT+0530 (India Standard Time)","5730.00","5735.00","5722.00","5732.50"
"Thu Sep 18 2025 11:25:00 GMT+0530 (India Standard Time)","5732.50","5732.50","5725.00","5726.50"
"Thu Sep 18 2025 11:30:00 GMT+0530 (India Standard Time)","5729.00","5732.00","5700.50","5707.00"
"Thu Sep 18 2025 11:35:00 GMT+0530 (India Standard Time)","5707.00","5717.50","5706.00","5708.50"
"Thu Sep 18 2025 11:40:00 GMT+0530 (India Standard Time)","5708.50","5713.00","5702.00","5703.00"
"Thu Sep 18 2025 11:45:00 GMT+0530 (India Standard Time)","5705.50","5707.50","5691.00","5694.50"
"Thu Sep 18 2025 11:50:00 GMT+0530 (India Standard Time)","5695.00","5700.00","5691.00","5694.00"
"Thu Sep 18 2025 11:55:00 GMT+0530 (India Standard Time)","5698.00","5703.50","5694.50","5703.00"
"Thu Sep 18 2025 12:00:00 GMT+0530 (India Standard Time)","5703.00","5725.50","5701.00","5724.00"
"Thu Sep 18 2025 12:05:00 GMT+0530 (India Standard Time)","5724.00","5728.00","5713.00","5713.50"
"Thu Sep 18 2025 12:10:00 GMT+0530 (India Standard Time)","5713.50","5724.50","5709.00","5724.00"
"Thu Sep 18 2025 12:15:00 GMT+0530 (India Standard Time)","5724.00","5727.00","5721.00","5724.50"
"Thu Sep 18 2025 12:20:00 GMT+0530 (India Standard Time)","5723.50","5725.00","5718.50","5723.00"
"Thu Sep 18 2025 12:25:00 GMT+0530 (India Standard Time)","5723.00","5735.00","5723.00","5728.00"
"Thu Sep 18 2025 12:30:00 GMT+0530 (India Standard Time)","5728.00","5730.50","5720.50","5720.50"
"Thu Sep 18 2025 12:35:00 GMT+0530 (India Standard Time)","5720.50","5727.00","5715.00","5717.00"
"Thu Sep 18 2025 12:40:00 GMT+0530 (India Standard Time)","5717.00","5720.00","5710.00","5710.00"
"Thu Sep 18 2025 12:45:00 GMT+0530 (India Standard Time)","5710.00","5720.00","5710.00","5718.00"
"Thu Sep 18 2025 12:50:00 GMT+0530 (India Standard Time)","5718.00","5719.00","5715.00","5718.00"
"Thu Sep 18 2025 12:55:00 GMT+0530 (India Standard Time)","5718.00","5720.00","5712.00","5718.00"
"Thu Sep 18 2025 13:00:00 GMT+0530 (India Standard Time)","5720.00","5720.00","5703.00","5707.50"
"Thu Sep 18 2025 13:05:00 GMT+0530 (India Standard Time)","5707.50","5720.00","5706.50","5720.00"
"Thu Sep 18 2025 13:10:00 GMT+0530 (India Standard Time)","5720.00","5720.00","5710.00","5710.00"
"Thu Sep 18 2025 13:15:00 GMT+0530 (India Standard Time)","5710.00","5715.00","5710.00","5712.00"
"Thu Sep 18 2025 13:20:00 GMT+0530 (India Standard Time)","5712.00","5714.50","5704.00","5707.50"
"Thu Sep 18 2025 13:25:00 GMT+0530 (India Standard Time)","5707.50","5719.00","5706.50","5719.00"
"Thu Sep 18 2025 13:30:00 GMT+0530 (India Standard Time)","5718.50","5728.50","5718.50","5725.00"
"Thu Sep 18 2025 13:35:00 GMT+0530 (India Standard Time)","5725.00","5734.00","5724.00","5734.00"
"Thu Sep 18 2025 13:40:00 GMT+0530 (India Standard Time)","5734.00","5738.50","5730.00","5736.00"
"Thu Sep 18 2025 13:45:00 GMT+0530 (India Standard Time)","5736.00","5737.00","5729.00","5735.00"
"Thu Sep 18 2025 13:50:00 GMT+0530 (India Standard Time)","5735.00","5735.00","5726.00","5727.50"
"Thu Sep 18 2025 13:55:00 GMT+0530 (India Standard Time)","5727.50","5727.50","5719.00","5720.50"
"Thu Sep 18 2025 14:00:00 GMT+0530 (India Standard Time)","5721.00","5726.00","5718.50","5726.00"
"Thu Sep 18 2025 14:05:00 GMT+0530 (India Standard Time)","5726.00","5726.00","5718.00","5718.50"
"Thu Sep 18 2025 14:10:00 GMT+0530 (India Standard Time)","5718.50","5740.00","5718.00","5736.00"
"Thu Sep 18 2025 14:15:00 GMT+0530 (India Standard Time)","5736.00","5738.00","5731.50","5733.00"
"Thu Sep 18 2025 14:20:00 GMT+0530 (India Standard Time)","5733.00","5736.50","5729.50","5733.50"
"Thu Sep 18 2025 14:25:00 GMT+0530 (India Standard Time)","5733.50","5735.00","5731.00","5733.00"
"Thu Sep 18 2025 14:30:00 GMT+0530 (India Standard Time)","5733.00","5740.00","5729.50","5737.50"
"Thu Sep 18 2025 14:35:00 GMT+0530 (India Standard Time)","5738.00","5738.00","5715.00","5715.00"
"Thu Sep 18 2025 14:40:00 GMT+0530 (India Standard Time)","5715.00","5724.50","5715.00","5718.50"
"Thu Sep 18 2025 14:45:00 GMT+0530 (India Standard Time)","5718.50","5730.00","5718.50","5730.00"
"Thu Sep 18 2025 14:50:00 GMT+0530 (India Standard Time)","5730.00","5730.00","5722.50","5728.00"
"Thu Sep 18 2025 14:55:00 GMT+0530 (India Standard Time)","5728.00","5728.50","5722.50","5726.50"
"Thu Sep 18 2025 15:00:00 GMT+0530 (India Standard Time)","5727.00","5737.00","5726.50","5733.50"
"Thu Sep 18 2025 15:05:00 GMT+0530 (India Standard Time)","5735.50","5736.00","5724.50","5728.50"
"Thu Sep 18 2025 15:10:00 GMT+0530 (India Standard Time)","5729.50","5736.00","5729.50","5735.00"
"Thu Sep 18 2025 15:15:00 GMT+0530 (India Standard Time)","5732.50","5737.00","5732.50","5737.00"
"Thu Sep 18 2025 15:20:00 GMT+0530 (India Standard Time)","5737.00","5737.00","5725.50","5735.00"
"Thu Sep 18 2025 15:25:00 GMT+0530 (India Standard Time)","5735.00","5739.50","5720.00","5720.00"
"Fri Sep 19 2025 09:15:00 GMT+0530 (India Standard Time)","5735.00","5753.00","5710.00","5715.00"
"Fri Sep 19 2025 09:20:00 GMT+0530 (India Standard Time)","5716.50","5730.00","5715.00","5726.00"
"Fri Sep 19 2025 09:25:00 GMT+0530 (India Standard Time)","5726.00","5729.00","5719.00","5721.00"
"Fri Sep 19 2025 09:30:00 GMT+0530 (India Standard Time)","5715.50","5722.00","5703.50","5707.50"
"Fri Sep 19 2025 09:35:00 GMT+0530 (India Standard Time)","5707.50","5717.50","5707.00","5712.00"
"Fri Sep 19 2025 09:40:00 GMT+0530 (India Standard Time)","5712.00","5719.50","5711.00","5712.00"
"Fri Sep 19 2025 09:45:00 GMT+0530 (India Standard Time)","5710.50","5721.00","5707.00","5719.50"
"Fri Sep 19 2025 09:50:00 GMT+0530 (India Standard Time)","5719.00","5721.00","5712.50","5717.00"
"Fri Sep 19 2025 09:55:00 GMT+0530 (India Standard Time)","5717.00","5717.00","5696.00","5697.50"
"Fri Sep 19 2025 10:00:00 GMT+0530 (India Standard Time)","5697.50","5706.00","5697.50","5706.00"
"Fri Sep 19 2025 10:05:00 GMT+0530 (India Standard Time)","5707.50","5715.00","5707.50","5710.00"
"Fri Sep 19 2025 10:10:00 GMT+0530 (India Standard Time)","5707.50","5711.00","5703.00","5710.50"
"Fri Sep 19 2025 10:15:00 GMT+0530 (India Standard Time)","5708.50","5711.00","5701.00","5701.00"
"Fri Sep 19 2025 10:20:00 GMT+0530 (India Standard Time)","5701.00","5707.00","5700.50","5704.50"
"Fri Sep 19 2025 10:25:00 GMT+0530 (India Standard Time)","5704.50","5707.00","5700.00","5702.50"
"Fri Sep 19 2025 10:30:00 GMT+0530 (India Standard Time)","5702.50","5702.50","5698.50","5702.50"
"Fri Sep 19 2025 10:35:00 GMT+0530 (India Standard Time)","5702.50","5702.50","5699.00","5701.50"
"Fri Sep 19 2025 10:40:00 GMT+0530 (India Standard Time)","5701.50","5702.50","5695.00","5701.00"
"Fri Sep 19 2025 10:45:00 GMT+0530 (India Standard Time)","5698.50","5701.50","5696.50","5701.50"
"Fri Sep 19 2025 10:50:00 GMT+0530 (India Standard Time)","5701.50","5701.50","5697.50","5701.50"
"Fri Sep 19 2025 10:55:00 GMT+0530 (India Standard Time)","5701.50","5702.50","5699.50","5702.00"
"Fri Sep 19 2025 11:00:00 GMT+0530 (India Standard Time)","5701.00","5705.00","5701.00","5704.00"
"Fri Sep 19 2025 11:05:00 GMT+0530 (India Standard Time)","5704.00","5707.00","5701.50","5705.50"
"Fri Sep 19 2025 11:10:00 GMT+0530 (India Standard Time)","5705.50","5707.00","5703.50","5707.00"
"Fri Sep 19 2025 11:15:00 GMT+0530 (India Standard Time)","5707.00","5707.00","5701.50","5704.50"
"Fri Sep 19 2025 11:20:00 GMT+0530 (India Standard Time)","5702.50","5704.00","5697.50","5701.00"
"Fri Sep 19 2025 11:25:00 GMT+0530 (India Standard Time)","5701.00","5707.00","5701.00","5704.50"
"Fri Sep 19 2025 11:30:00 GMT+0530 (India Standard Time)","5704.50","5707.00","5702.50","5704.00"
"Fri Sep 19 2025 11:35:00 GMT+0530 (India Standard Time)","5704.00","5704.50","5690.00","5701.50"
"Fri Sep 19 2025 11:40:00 GMT+0530 (India Standard Time)","5701.50","5709.00","5699.50","5706.00"
"Fri Sep 19 2025 11:45:00 GMT+0530 (India Standard Time)","5709.00","5710.00","5696.50","5700.00"
"Fri Sep 19 2025 11:50:00 GMT+0530 (India Standard Time)","5700.00","5704.00","5697.50","5702.00"
"Fri Sep 19 2025 11:55:00 GMT+0530 (India Standard Time)","5702.00","5702.50","5696.50","5701.50"
"Fri Sep 19 2025 12:00:00 GMT+0530 (India Standard Time)","5701.50","5701.50","5695.00","5696.00"
"Fri Sep 19 2025 12:05:00 GMT+0530 (India Standard Time)","5695.50","5696.50","5693.00","5696.50"
"Fri Sep 19 2025 12:10:00 GMT+0530 (India Standard Time)","5695.50","5698.50","5693.50","5696.50"
"Fri Sep 19 2025 12:15:00 GMT+0530 (India Standard Time)","5696.50","5703.00","5695.50","5698.00"
"Fri Sep 19 2025 12:20:00 GMT+0530 (India Standard Time)","5698.00","5701.00","5697.50","5697.50"
"Fri Sep 19 2025 12:25:00 GMT+0530 (India Standard Time)","5697.50","5701.50","5697.50","5701.00"
"Fri Sep 19 2025 12:30:00 GMT+0530 (India Standard Time)","5701.00","5705.00","5698.50","5700.00"
"Fri Sep 19 2025 12:35:00 GMT+0530 (India Standard Time)","5700.00","5712.00","5699.00","5706.50"
"Fri Sep 19 2025 12:40:00 GMT+0530 (India Standard Time)","5707.00","5711.50","5706.00","5706.00"
"Fri Sep 19 2025 12:45:00 GMT+0530 (India Standard Time)","5706.00","5712.00","5702.50","5706.50"
"Fri Sep 19 2025 12:50:00 GMT+0530 (India Standard Time)","5706.50","5708.00","5702.50","5703.50"
"Fri Sep 19 2025 12:55:00 GMT+0530 (India Standard Time)","5703.50","5715.00","5702.00","5714.50"
"Fri Sep 19 2025 13:00:00 GMT+0530 (India Standard Time)","5714.50","5717.00","5711.50","5715.50"
"Fri Sep 19 2025 13:05:00 GMT+0530 (India Standard Time)","5715.50","5718.00","5710.00","5712.50"
"Fri Sep 19 2025 13:10:00 GMT+0530 (India Standard Time)","5712.50","5719.50","5712.50","5715.00"
"Fri Sep 19 2025 13:15:00 GMT+0530 (India Standard Time)","5715.00","5720.00","5715.00","5719.00"
"Fri Sep 19 2025 13:20:00 GMT+0530 (India Standard Time)","5719.00","5722.00","5717.00","5718.50"
"Fri Sep 19 2025 13:25:00 GMT+0530 (India Standard Time)","5718.50","5724.00","5718.50","5721.00"
"Fri Sep 19 2025 13:30:00 GMT+0530 (India Standard Time)","5719.00","5722.50","5719.00","5721.00"
"Fri Sep 19 2025 13:35:00 GMT+0530 (India Standard Time)","5721.00","5722.50","5719.50","5722.50"
"Fri Sep 19 2025 13:40:00 GMT+0530 (India Standard Time)","5722.50","5724.00","5720.00","5720.50"
"Fri Sep 19 2025 13:45:00 GMT+0530 (India Standard Time)","5720.50","5721.50","5719.00","5719.50"
"Fri Sep 19 2025 13:50:00 GMT+0530 (India Standard Time)","5719.50","5721.50","5719.50","5720.00"
"Fri Sep 19 2025 13:55:00 GMT+0530 (India Standard Time)","5720.00","5721.00","5718.50","5720.00"
"Fri Sep 19 2025 14:00:00 GMT+0530 (India Standard Time)","5720.50","5724.50","5720.00","5724.00"
"Fri Sep 19 2025 14:05:00 GMT+0530 (India Standard Time)","5722.50","5724.00","5720.50","5724.00"
"Fri Sep 19 2025 14:10:00 GMT+0530 (India Standard Time)","5724.50","5725.00","5722.00","5722.50"
"Fri Sep 19 2025 14:15:00 GMT+0530 (India Standard Time)","5722.50","5724.50","5715.00","5719.50"
"Fri Sep 19 2025 14:20:00 GMT+0530 (India Standard Time)","5719.50","5719.50","5705.50","5707.50"
"Fri Sep 19 2025 14:25:00 GMT+0530 (India Standard Time)","5707.50","5720.00","5707.50","5713.50"
"Fri Sep 19 2025 14:30:00 GMT+0530 (India Standard Time)","5714.50","5720.00","5710.50","5717.50"
"Fri Sep 19 2025 14:35:00 GMT+0530 (India Standard Time)","5711.00","5722.50","5711.00","5722.50"
"Fri Sep 19 2025 14:40:00 GMT+0530 (India Standard Time)","5720.00","5722.50","5716.50","5720.00"
"Fri Sep 19 2025 14:45:00 GMT+0530 (India Standard Time)","5720.00","5721.00","5717.50","5718.00"
"Fri Sep 19 2025 14:50:00 GMT+0530 (India Standard Time)","5718.00","5721.00","5716.00","5720.00"
"Fri Sep 19 2025 14:55:00 GMT+0530 (India Standard Time)","5720.00","5721.00","5718.50","5721.00"
"Fri Sep 19 2025 15:00:00 GMT+0530 (India Standard Time)","5722.00","5734.00","5720.00","5729.00"
"Fri Sep 19 2025 15:05:00 GMT+0530 (India Standard Time)","5728.50","5729.00","5722.00","5724.00"
"Fri Sep 19 2025 15:10:00 GMT+0530 (India Standard Time)","5724.00","5725.00","5720.00","5721.50"
"Fri Sep 19 2025 15:15:00 GMT+0530 (India Standard Time)","5722.00","5726.50","5720.50","5724.50"
"Fri Sep 19 2025 15:20:00 GMT+0530 (India Standard Time)","5725.00","5728.50","5717.00","5717.00"
"Fri Sep 19 2025 15:25:00 GMT+0530 (India Standard Time)","5715.00","5726.00","5702.00","5722.50"
"Mon Sep 22 2025 09:15:00 GMT+0530 (India Standard Time)","5699.50","5699.50","5585.00","5625.00"
"Mon Sep 22 2025 09:20:00 GMT+0530 (India Standard Time)","5621.50","5628.00","5607.00","5618.50"
"Mon Sep 22 2025 09:25:00 GMT+0530 (India Standard Time)","5618.50","5638.00","5618.00","5637.00"
"Mon Sep 22 2025 09:30:00 GMT+0530 (India Standard Time)","5635.50","5645.00","5628.00","5641.00"
"Mon Sep 22 2025 09:35:00 GMT+0530 (India Standard Time)","5638.50","5659.50","5638.00","5655.00"
"Mon Sep 22 2025 09:40:00 GMT+0530 (India Standard Time)","5657.00","5681.50","5653.00","5672.00"
"Mon Sep 22 2025 09:45:00 GMT+0530 (India Standard Time)","5672.00","5678.50","5669.50","5672.50"
"Mon Sep 22 2025 09:50:00 GMT+0530 (India Standard Time)","5672.50","5672.50","5652.00","5662.00"
"Mon Sep 22 2025 09:55:00 GMT+0530 (India Standard Time)","5670.00","5670.00","5656.00","5658.00"
"Mon Sep 22 2025 10:00:00 GMT+0530 (India Standard Time)","5659.50","5659.50","5634.00","5639.50"
"Mon Sep 22 2025 10:05:00 GMT+0530 (India Standard Time)","5639.00","5639.50","5630.00","5637.00"
"Mon Sep 22 2025 10:10:00 GMT+0530 (India Standard Time)","5635.50","5651.50","5630.50","5643.50"
"Mon Sep 22 2025 10:15:00 GMT+0530 (India Standard Time)","5640.00","5642.50","5635.00","5640.50"
"Mon Sep 22 2025 10:20:00 GMT+0530 (India Standard Time)","5640.50","5646.50","5638.00","5642.00"
"Mon Sep 22 2025 10:25:00 GMT+0530 (India Standard Time)","5643.00","5654.50","5642.00","5647.50"
"Mon Sep 22 2025 10:30:00 GMT+0530 (India Standard Time)","5647.50","5648.00","5635.50","5637.00"
"Mon Sep 22 2025 10:35:00 GMT+0530 (India Standard Time)","5637.50","5638.50","5630.00","5630.50"
"Mon Sep 22 2025 10:40:00 GMT+0530 (India Standard Time)","5630.50","5635.50","5630.00","5632.50"
"Mon Sep 22 2025 10:45:00 GMT+0530 (India Standard Time)","5632.00","5632.50","5625.00","5628.00"
"Mon Sep 22 2025 10:50:00 GMT+0530 (India Standard Time)","5629.00","5633.50","5625.50","5627.00"
"Mon Sep 22 2025 10:55:00 GMT+0530 (India Standard Time)","5627.00","5634.50","5626.50","5633.50"
"Mon Sep 22 2025 11:00:00 GMT+0530 (India Standard Time)","5633.50","5633.50","5620.00","5624.50"
"Mon Sep 22 2025 11:05:00 GMT+0530 (India Standard Time)","5624.50","5624.50","5619.00","5619.00"
"Mon Sep 22 2025 11:10:00 GMT+0530 (India Standard Time)","5619.00","5622.00","5618.00","5622.00"
"Mon Sep 22 2025 11:15:00 GMT+0530 (India Standard Time)","5622.00","5625.50","5617.00","5620.00"
"Mon Sep 22 2025 11:20:00 GMT+0530 (India Standard Time)","5620.00","5620.00","5608.00","5614.00"
"Mon Sep 22 2025 11:25:00 GMT+0530 (India Standard Time)","5614.00","5620.00","5610.00","5615.00"
"Mon Sep 22 2025 11:30:00 GMT+0530 (India Standard Time)","5616.00","5616.00","5605.00","5608.50"
"Mon Sep 22 2025 11:35:00 GMT+0530 (India Standard Time)","5608.50","5610.00","5602.50","5609.50"
"Mon Sep 22 2025 11:40:00 GMT+0530 (India Standard Time)","5609.50","5619.50","5607.00","5613.50"
"Mon Sep 22 2025 11:45:00 GMT+0530 (India Standard Time)","5613.50","5618.50","5603.50","5610.50"
"Mon Sep 22 2025 11:50:00 GMT+0530 (India Standard Time)","5610.50","5610.50","5602.50","5606.00"
"Mon Sep 22 2025 11:55:00 GMT+0530 (India Standard Time)","5606.00","5609.00","5603.00","5605.00"
"Mon Sep 22 2025 12:00:00 GMT+0530 (India Standard Time)","5605.00","5605.00","5595.00","5603.50"
"Mon Sep 22 2025 12:05:00 GMT+0530 (India Standard Time)","5603.50","5605.00","5600.50","5604.00"
"Mon Sep 22 2025 12:10:00 GMT+0530 (India Standard Time)","5604.00","5615.50","5604.00","5608.50"
"Mon Sep 22 2025 12:15:00 GMT+0530 (India Standard Time)","5608.50","5619.00","5608.50","5618.50"
"Mon Sep 22 2025 12:20:00 GMT+0530 (India Standard Time)","5618.50","5630.00","5615.00","5627.50"
"Mon Sep 22 2025 12:25:00 GMT+0530 (India Standard Time)","5627.50","5630.00","5623.50","5626.50"
"Mon Sep 22 2025 12:30:00 GMT+0530 (India Standard Time)","5627.50","5634.00","5624.50","5630.00"
"Mon Sep 22 2025 12:35:00 GMT+0530 (India Standard Time)","5630.00","5648.50","5629.50","5648.50"
"Mon Sep 22 2025 12:40:00 GMT+0530 (India Standard Time)","5648.50","5650.00","5630.00","5636.50"
"Mon Sep 22 2025 12:45:00 GMT+0530 (India Standard Time)","5636.50","5637.50","5629.50","5629.50"
"Mon Sep 22 2025 12:50:00 GMT+0530 (India Standard Time)","5630.00","5630.00","5614.00","5616.50"
"Mon Sep 22 2025 12:55:00 GMT+0530 (India Standard Time)","5614.50","5617.50","5611.50","5612.00"
"Mon Sep 22 2025 13:00:00 GMT+0530 (India Standard Time)","5612.00","5614.00","5610.00","5611.50"
"Mon Sep 22 2025 13:05:00 GMT+0530 (India Standard Time)","5611.50","5612.50","5610.00","5610.50"
"Mon Sep 22 2025 13:10:00 GMT+0530 (India Standard Time)","5610.50","5622.00","5610.50","5621.00"
"Mon Sep 22 2025 13:15:00 GMT+0530 (India Standard Time)","5621.00","5621.00","5613.00","5614.50"
"Mon Sep 22 2025 13:20:00 GMT+0530 (India Standard Time)","5614.50","5617.00","5613.00","5616.00"
"Mon Sep 22 2025 13:25:00 GMT+0530 (India Standard Time)","5617.00","5625.00","5615.50","5624.50"
"Mon Sep 22 2025 13:30:00 GMT+0530 (India Standard Time)","5624.50","5629.00","5621.50","5623.50"
"Mon Sep 22 2025 13:35:00 GMT+0530 (India Standard Time)","5622.00","5626.00","5620.50","5623.50"
"Mon Sep 22 2025 13:40:00 GMT+0530 (India Standard Time)","5623.50","5625.00","5620.00","5620.00"
"Mon Sep 22 2025 13:45:00 GMT+0530 (India Standard Time)","5620.00","5620.50","5613.50","5617.00"
"Mon Sep 22 2025 13:50:00 GMT+0530 (India Standard Time)","5617.50","5618.00","5600.50","5604.50"
"Mon Sep 22 2025 13:55:00 GMT+0530 (India Standard Time)","5604.50","5605.50","5595.50","5601.00"
"Mon Sep 22 2025 14:00:00 GMT+0530 (India Standard Time)","5601.00","5610.00","5595.50","5607.00"
"Mon Sep 22 2025 14:05:00 GMT+0530 (India Standard Time)","5607.00","5611.50","5605.00","5608.00"
"Mon Sep 22 2025 14:10:00 GMT+0530 (India Standard Time)","5608.00","5613.00","5607.50","5613.00"
"Mon Sep 22 2025 14:15:00 GMT+0530 (India Standard Time)","5613.00","5618.00","5610.00","5614.50"
"Mon Sep 22 2025 14:20:00 GMT+0530 (India Standard Time)","5614.50","5614.50","5610.00","5613.00"
"Mon Sep 22 2025 14:25:00 GMT+0530 (India Standard Time)","5613.00","5613.00","5602.00","5604.00"
"Mon Sep 22 2025 14:30:00 GMT+0530 (India Standard Time)","5601.50","5610.00","5599.00","5604.00"
"Mon Sep 22 2025 14:35:00 GMT+0530 (India Standard Time)","5600.00","5603.50","5590.00","5592.50"
"Mon Sep 22 2025 14:40:00 GMT+0530 (India Standard Time)","5592.50","5592.50","5575.50","5577.00"
"Mon Sep 22 2025 14:45:00 GMT+0530 (India Standard Time)","5577.00","5581.50","5565.00","5581.50"
"Mon Sep 22 2025 14:50:00 GMT+0530 (India Standard Time)","5579.50","5583.50","5572.50","5579.00"
"Mon Sep 22 2025 14:55:00 GMT+0530 (India Standard Time)","5578.50","5602.00","5574.50","5601.00"
"Mon Sep 22 2025 15:00:00 GMT+0530 (India Standard Time)","5602.00","5608.00","5600.50","5607.00"
"Mon Sep 22 2025 15:05:00 GMT+0530 (India Standard Time)","5607.00","5608.00","5604.50","5605.50"
"Mon Sep 22 2025 15:10:00 GMT+0530 (India Standard Time)","5609.00","5610.00","5605.00","5606.50"
"Mon Sep 22 2025 15:15:00 GMT+0530 (India Standard Time)","5607.00","5611.00","5603.00","5610.50"
"Mon Sep 22 2025 15:20:00 GMT+0530 (India Standard Time)","5611.00","5615.50","5610.00","5613.00"
"Mon Sep 22 2025 15:25:00 GMT+0530 (India Standard Time)","5614.00","5614.50","5591.50","5606.00"
"Tue Sep 23 2025 09:15:00 GMT+0530 (India Standard Time)","5595.00","5631.00","5595.00","5625.00"
"Tue Sep 23 2025 09:20:00 GMT+0530 (India Standard Time)","5625.50","5640.00","5603.00","5605.00"
"Tue Sep 23 2025 09:25:00 GMT+0530 (India Standard Time)","5605.50","5617.00","5580.00","5587.00"
"Tue Sep 23 2025 09:30:00 GMT+0530 (India Standard Time)","5585.00","5586.00","5557.00","5560.00"
"Tue Sep 23 2025 09:35:00 GMT+0530 (India Standard Time)","5561.50","5570.50","5556.00","5570.50"
"Tue Sep 23 2025 09:40:00 GMT+0530 (India Standard Time)","5571.50","5571.50","5541.50","5541.50"
"Tue Sep 23 2025 09:45:00 GMT+0530 (India Standard Time)","5543.50","5543.50","5526.00","5530.00"
"Tue Sep 23 2025 09:50:00 GMT+0530 (India Standard Time)","5530.00","5540.00","5514.50","5536.50"
"Tue Sep 23 2025 09:55:00 GMT+0530 (India Standard Time)","5536.50","5541.50","5526.50","5537.00"
"Tue Sep 23 2025 10:00:00 GMT+0530 (India Standard Time)","5537.00","5545.50","5531.50","5545.50"
"Tue Sep 23 2025 10:05:00 GMT+0530 (India Standard Time)","5540.00","5549.50","5537.00","5549.00"
"Tue Sep 23 2025 10:10:00 GMT+0530 (India Standard Time)","5549.00","5549.00","5534.50","5546.50"
"Tue Sep 23 2025 10:15:00 GMT+0530 (India Standard Time)","5546.50","5548.00","5530.50","5534.00"
"Tue Sep 23 2025 10:20:00 GMT+0530 (India Standard Time)","5533.50","5536.00","5524.50","5531.00"
"Tue Sep 23 2025 10:25:00 GMT+0530 (India Standard Time)","5531.00","5543.50","5531.00","5540.00"
"Tue Sep 23 2025 10:30:00 GMT+0530 (India Standard Time)","5541.00","5549.00","5538.50","5547.50"
"Tue Sep 23 2025 10:35:00 GMT+0530 (India Standard Time)","5547.50","5558.00","5541.00","5558.00"
"Tue Sep 23 2025 10:40:00 GMT+0530 (India Standard Time)","5558.00","5558.00","5536.00","5540.00"
"Tue Sep 23 2025 10:45:00 GMT+0530 (India Standard Time)","5540.00","5546.00","5533.00","5534.50"
"Tue Sep 23 2025 10:50:00 GMT+0530 (India Standard Time)","5534.50","5535.00","5526.50","5534.50"
"Tue Sep 23 2025 10:55:00 GMT+0530 (India Standard Time)","5534.50","5542.50","5521.50","5522.50"
"Tue Sep 23 2025 11:00:00 GMT+0530 (India Standard Time)","5525.50","5525.50","5516.50","5519.50"
"Tue Sep 23 2025 11:05:00 GMT+0530 (India Standard Time)","5520.00","5527.50","5518.50","5522.00"
"Tue Sep 23 2025 11:10:00 GMT+0530 (India Standard Time)","5524.50","5526.00","5520.00","5522.50"
"Tue Sep 23 2025 11:15:00 GMT+0530 (India Standard Time)","5522.50","5525.00","5518.50","5523.00"
"Tue Sep 23 2025 11:20:00 GMT+0530 (India Standard Time)","5521.50","5526.50","5521.00","5526.00"
"Tue Sep 23 2025 11:25:00 GMT+0530 (India Standard Time)","5526.50","5530.50","5525.00","5526.00"
"Tue Sep 23 2025 11:30:00 GMT+0530 (India Standard Time)","5525.00","5526.00","5505.00","5507.50"
"Tue Sep 23 2025 11:35:00 GMT+0530 (India Standard Time)","5507.50","5509.50","5501.50","5507.50"
"Tue Sep 23 2025 11:40:00 GMT+0530 (India Standard Time)","5507.50","5510.00","5501.00","5510.00"
"Tue Sep 23 2025 11:45:00 GMT+0530 (India Standard Time)","5510.00","5517.50","5508.00","5510.00"
"Tue Sep 23 2025 11:50:00 GMT+0530 (India Standard Time)","5510.00","5510.00","5503.00","5504.00"
"Tue Sep 23 2025 11:55:00 GMT+0530 (India Standard Time)","5504.00","5516.00","5504.00","5516.00"
"Tue Sep 23 2025 12:00:00 GMT+0530 (India Standard Time)","5515.50","5522.00","5513.50","5518.00"
"Tue Sep 23 2025 12:05:00 GMT+0530 (India Standard Time)","5518.00","5523.50","5517.00","5520.50"
"Tue Sep 23 2025 12:10:00 GMT+0530 (India Standard Time)","5520.50","5525.00","5519.00","5525.00"
"Tue Sep 23 2025 12:15:00 GMT+0530 (India Standard Time)","5525.00","5529.50","5515.00","5521.50"
"Tue Sep 23 2025 12:20:00 GMT+0530 (India Standard Time)","5521.50","5524.50","5518.00","5521.00"
"Tue Sep 23 2025 12:25:00 GMT+0530 (India Standard Time)","5519.50","5525.00","5519.50","5522.50"
"Tue Sep 23 2025 12:30:00 GMT+0530 (India Standard Time)","5522.50","5527.00","5520.50","5527.00"
"Tue Sep 23 2025 12:35:00 GMT+0530 (India Standard Time)","5527.00","5538.00","5527.00","5530.50"
"Tue Sep 23 2025 12:40:00 GMT+0530 (India Standard Time)","5530.50","5533.50","5522.50","5524.00"
"Tue Sep 23 2025 12:45:00 GMT+0530 (India Standard Time)","5524.00","5525.00","5506.00","5511.50"
"Tue Sep 23 2025 12:50:00 GMT+0530 (India Standard Time)","5511.00","5518.00","5507.00","5518.00"
"Tue Sep 23 2025 12:55:00 GMT+0530 (India Standard Time)","5519.50","5519.50","5508.50","5508.50"
"Tue Sep 23 2025 13:00:00 GMT+0530 (India Standard Time)","5508.50","5519.50","5508.50","5519.50"
"Tue Sep 23 2025 13:05:00 GMT+0530 (India Standard Time)","5520.00","5520.00","5512.50","5516.00"
"Tue Sep 23 2025 13:10:00 GMT+0530 (India Standard Time)","5516.00","5516.00","5510.50","5510.50"
"Tue Sep 23 2025 13:15:00 GMT+0530 (India Standard Time)","5510.50","5515.00","5503.00","5503.00"
"Tue Sep 23 2025 13:20:00 GMT+0530 (India Standard Time)","5503.00","5508.00","5503.00","5507.50"
"Tue Sep 23 2025 13:25:00 GMT+0530 (India Standard Time)","5507.50","5510.00","5501.00","5506.50"
"Tue Sep 23 2025 13:30:00 GMT+0530 (India Standard Time)","5506.50","5517.50","5506.50","5517.50"
"Tue Sep 23 2025 13:35:00 GMT+0530 (India Standard Time)","5517.50","5520.00","5513.00","5517.00"
"Tue Sep 23 2025 13:40:00 GMT+0530 (India Standard Time)","5517.00","5521.00","5515.50","5520.00"
"Tue Sep 23 2025 13:45:00 GMT+0530 (India Standard Time)","5520.00","5525.50","5516.50","5525.50"
"Tue Sep 23 2025 13:50:00 GMT+0530 (India Standard Time)","5525.50","5528.50","5522.50","5525.00"
"Tue Sep 23 2025 13:55:00 GMT+0530 (India Standard Time)","5525.00","5525.50","5520.00","5522.50"
"Tue Sep 23 2025 14:00:00 GMT+0530 (India Standard Time)","5522.50","5530.00","5522.00","5530.00"
"Tue Sep 23 2025 14:05:00 GMT+0530 (India Standard Time)","5530.00","5542.00","5529.50","5536.50"
"Tue Sep 23 2025 14:10:00 GMT+0530 (India Standard Time)","5536.50","5538.00","5525.50","5529.50"
"Tue Sep 23 2025 14:15:00 GMT+0530 (India Standard Time)","5529.50","5532.00","5523.50","5529.00"
"Tue Sep 23 2025 14:20:00 GMT+0530 (India Standard Time)","5525.50","5540.00","5525.50","5539.50"
"Tue Sep 23 2025 14:25:00 GMT+0530 (India Standard Time)","5539.50","5542.50","5530.50","5541.00"
"Tue Sep 23 2025 14:30:00 GMT+0530 (India Standard Time)","5543.00","5554.50","5540.50","5551.00"
"Tue Sep 23 2025 14:35:00 GMT+0530 (India Standard Time)","5551.00","5558.50","5550.00","5553.50"
"Tue Sep 23 2025 14:40:00 GMT+0530 (India Standard Time)","5553.50","5555.00","5550.00","5554.00"
"Tue Sep 23 2025 14:45:00 GMT+0530 (India Standard Time)","5554.00","5554.50","5544.00","5547.00"
"Tue Sep 23 2025 14:50:00 GMT+0530 (India Standard Time)","5547.00","5548.00","5540.50","5542.50"
"Tue Sep 23 2025 14:55:00 GMT+0530 (India Standard Time)","5541.00","5550.50","5540.00","5546.00"
"Tue Sep 23 2025 15:00:00 GMT+0530 (India Standard Time)","5544.00","5553.50","5544.00","5553.50"
"Tue Sep 23 2025 15:05:00 GMT+0530 (India Standard Time)","5549.00","5552.50","5548.00","5552.50"
"Tue Sep 23 2025 15:10:00 GMT+0530 (India Standard Time)","5552.00","5555.00","5548.00","5553.50"
"Tue Sep 23 2025 15:15:00 GMT+0530 (India Standard Time)","5554.00","5560.00","5551.00","5559.50"
"Tue Sep 23 2025 15:20:00 GMT+0530 (India Standard Time)","5559.50","5564.00","5557.00","5563.00"
"Tue Sep 23 2025 15:25:00 GMT+0530 (India Standard Time)","5561.50","5564.50","5553.00","5560.00"
"Wed Sep 24 2025 09:15:00 GMT+0530 (India Standard Time)","5570.00","5581.00","5512.00","5522.50"
"Wed Sep 24 2025 09:20:00 GMT+0530 (India Standard Time)","5522.50","5525.50","5507.00","5522.50"
"Wed Sep 24 2025 09:25:00 GMT+0530 (India Standard Time)","5522.50","5524.50","5496.00","5496.50"
"Wed Sep 24 2025 09:30:00 GMT+0530 (India Standard Time)","5502.00","5514.50","5492.00","5512.50"
"Wed Sep 24 2025 09:35:00 GMT+0530 (India Standard Time)","5511.00","5529.00","5505.50","5522.00"
"Wed Sep 24 2025 09:40:00 GMT+0530 (India Standard Time)","5526.00","5527.50","5513.00","5523.00"
"Wed Sep 24 2025 09:45:00 GMT+0530 (India Standard Time)","5523.00","5533.50","5509.50","5529.50"
"Wed Sep 24 2025 09:50:00 GMT+0530 (India Standard Time)","5529.50","5531.00","5520.50","5526.00"
"Wed Sep 24 2025 09:55:00 GMT+0530 (India Standard Time)","5525.00","5533.00","5518.00","5529.50"
"Wed Sep 24 2025 10:00:00 GMT+0530 (India Standard Time)","5529.50","5533.50","5521.00","5531.50"
"Wed Sep 24 2025 10:05:00 GMT+0530 (India Standard Time)","5531.50","5540.00","5529.00","5537.00"
"Wed Sep 24 2025 10:10:00 GMT+0530 (India Standard Time)","5537.50","5537.50","5518.50","5520.00"
"Wed Sep 24 2025 10:15:00 GMT+0530 (India Standard Time)","5520.00","5528.00","5518.50","5525.50"
"Wed Sep 24 2025 10:20:00 GMT+0530 (India Standard Time)","5525.50","5530.00","5523.00","5526.00"
"Wed Sep 24 2025 10:25:00 GMT+0530 (India Standard Time)","5526.00","5527.00","5517.50","5520.50"
"Wed Sep 24 2025 10:30:00 GMT+0530 (India Standard Time)","5521.00","5531.50","5513.00","5516.00"
"Wed Sep 24 2025 10:35:00 GMT+0530 (India Standard Time)","5514.00","5514.50","5504.00","5504.00"
"Wed Sep 24 2025 10:40:00 GMT+0530 (India Standard Time)","5504.00","5514.50","5504.00","5513.50"
"Wed Sep 24 2025 10:45:00 GMT+0530 (India Standard Time)","5512.00","5513.00","5506.00","5506.00"
"Wed Sep 24 2025 10:50:00 GMT+0530 (India Standard Time)","5508.00","5522.50","5507.00","5522.00"
"Wed Sep 24 2025 10:55:00 GMT+0530 (India Standard Time)","5522.00","5526.00","5516.50","5520.00"
"Wed Sep 24 2025 11:00:00 GMT+0530 (India Standard Time)","5519.00","5520.00","5506.00","5507.00"
"Wed Sep 24 2025 11:05:00 GMT+0530 (India Standard Time)","5507.00","5512.00","5500.00","5502.00"
"Wed Sep 24 2025 11:10:00 GMT+0530 (India Standard Time)","5502.00","5502.00","5494.00","5499.00"
"Wed Sep 24 2025 11:15:00 GMT+0530 (India Standard Time)","5499.00","5512.00","5497.50","5507.00"
"Wed Sep 24 2025 11:20:00 GMT+0530 (India Standard Time)","5504.50","5517.50","5504.00","5511.00"
"Wed Sep 24 2025 11:25:00 GMT+0530 (India Standard Time)","5511.00","5513.00","5505.00","5507.50"
"Wed Sep 24 2025 11:30:00 GMT+0530 (India Standard Time)","5507.50","5512.00","5507.00","5509.00"
"Wed Sep 24 2025 11:35:00 GMT+0530 (India Standard Time)","5509.00","5513.00","5507.50","5513.00"
"Wed Sep 24 2025 11:40:00 GMT+0530 (India Standard Time)","5513.00","5517.00","5510.00","5510.00"
"Wed Sep 24 2025 11:45:00 GMT+0530 (India Standard Time)","5510.00","5517.00","5510.00","5516.00"
"Wed Sep 24 2025 11:50:00 GMT+0530 (India Standard Time)","5516.00","5521.00","5515.00","5515.00"
"Wed Sep 24 2025 11:55:00 GMT+0530 (India Standard Time)","5515.00","5516.00","5513.50","5514.50"
"Wed Sep 24 2025 12:00:00 GMT+0530 (India Standard Time)","5515.00","5515.00","5508.00","5510.50"
"Wed Sep 24 2025 12:05:00 GMT+0530 (India Standard Time)","5510.50","5519.50","5509.00","5518.50"
"Wed Sep 24 2025 12:10:00 GMT+0530 (India Standard Time)","5519.00","5524.00","5518.00","5521.00"
"Wed Sep 24 2025 12:15:00 GMT+0530 (India Standard Time)","5521.00","5528.00","5521.00","5524.50"
"Wed Sep 24 2025 12:20:00 GMT+0530 (India Standard Time)","5524.50","5530.50","5523.00","5530.50"
"Wed Sep 24 2025 12:25:00 GMT+0530 (India Standard Time)","5529.00","5531.00","5525.00","5525.50"
"Wed Sep 24 2025 12:30:00 GMT+0530 (India Standard Time)","5525.00","5531.00","5525.00","5531.00"
"Wed Sep 24 2025 12:35:00 GMT+0530 (India Standard Time)","5531.00","5534.50","5530.00","5532.50"
"Wed Sep 24 2025 12:40:00 GMT+0530 (India Standard Time)","5531.00","5531.00","5526.00","5527.00"
"Wed Sep 24 2025 12:45:00 GMT+0530 (India Standard Time)","5527.00","5528.50","5525.00","5526.50"
"Wed Sep 24 2025 12:50:00 GMT+0530 (India Standard Time)","5526.50","5528.50","5524.00","5527.00"
"Wed Sep 24 2025 12:55:00 GMT+0530 (India Standard Time)","5527.00","5530.00","5525.00","5528.00"
"Wed Sep 24 2025 13:00:00 GMT+0530 (India Standard Time)","5528.00","5534.00","5525.50","5534.00"
"Wed Sep 24 2025 13:05:00 GMT+0530 (India Standard Time)","5533.00","5537.50","5532.00","5535.50"
"Wed Sep 24 2025 13:10:00 GMT+0530 (India Standard Time)","5535.50","5537.00","5528.00","5533.00"
"Wed Sep 24 2025 13:15:00 GMT+0530 (India Standard Time)","5533.00","5538.00","5531.50","5535.50"
"Wed Sep 24 2025 13:20:00 GMT+0530 (India Standard Time)","5535.50","5537.50","5533.50","5534.50"
"Wed Sep 24 2025 13:25:00 GMT+0530 (India Standard Time)","5534.50","5535.00","5529.00","5532.50"
"Wed Sep 24 2025 13:30:00 GMT+0530 (India Standard Time)","5532.50","5534.50","5529.50","5529.50"
"Wed Sep 24 2025 13:35:00 GMT+0530 (India Standard Time)","5533.00","5537.50","5530.00","5534.50"
"Wed Sep 24 2025 13:40:00 GMT+0530 (India Standard Time)","5534.00","5537.50","5531.00","5532.00"
"Wed Sep 24 2025 13:45:00 GMT+0530 (India Standard Time)","5532.00","5534.00","5529.00","5531.00"
"Wed Sep 24 2025 13:50:00 GMT+0530 (India Standard Time)","5531.00","5531.00","5525.00","5528.00"
"Wed Sep 24 2025 13:55:00 GMT+0530 (India Standard Time)","5529.00","5530.00","5525.00","5525.50"
"Wed Sep 24 2025 14:00:00 GMT+0530 (India Standard Time)","5525.50","5528.00","5525.50","5528.00"
"Wed Sep 24 2025 14:05:00 GMT+0530 (India Standard Time)","5528.00","5529.50","5517.00","5525.50"
"Wed Sep 24 2025 14:10:00 GMT+0530 (India Standard Time)","5525.50","5527.50","5525.00","5525.00"
"Wed Sep 24 2025 14:15:00 GMT+0530 (India Standard Time)","5525.00","5529.00","5523.00","5526.50"
"Wed Sep 24 2025 14:20:00 GMT+0530 (India Standard Time)","5529.00","5529.00","5525.00","5527.00"
"Wed Sep 24 2025 14:25:00 GMT+0530 (India Standard Time)","5527.00","5538.00","5525.50","5536.00"
"Wed Sep 24 2025 14:30:00 GMT+0530 (India Standard Time)","5533.50","5536.00","5525.00","5530.00"
"Wed Sep 24 2025 14:35:00 GMT+0530 (India Standard Time)","5530.00","5531.00","5526.00","5530.00"
"Wed Sep 24 2025 14:40:00 GMT+0530 (India Standard Time)","5530.00","5531.00","5526.00","5528.50"
"Wed Sep 24 2025 14:45:00 GMT+0530 (India Standard Time)","5531.00","5534.00","5522.00","5524.00"
"Wed Sep 24 2025 14:50:00 GMT+0530 (India Standard Time)","5522.00","5527.50","5512.50","5527.00"
"Wed Sep 24 2025 14:55:00 GMT+0530 (India Standard Time)","5528.00","5528.50","5502.50","5508.00"
"Wed Sep 24 2025 15:00:00 GMT+0530 (India Standard Time)","5507.50","5512.50","5504.00","5512.50"
"Wed Sep 24 2025 15:05:00 GMT+0530 (India Standard Time)","5512.50","5514.00","5510.00","5510.00"
"Wed Sep 24 2025 15:10:00 GMT+0530 (India Standard Time)","5511.00","5511.50","5504.00","5505.50"
"Wed Sep 24 2025 15:15:00 GMT+0530 (India Standard Time)","5505.00","5507.00","5504.00","5506.00"
"Wed Sep 24 2025 15:20:00 GMT+0530 (India Standard Time)","5506.00","5506.00","5501.00","5503.50"
"Wed Sep 24 2025 15:25:00 GMT+0530 (India Standard Time)","5503.50","5503.50","5493.50","5500.00"
"Thu Sep 25 2025 09:15:00 GMT+0530 (India Standard Time)","5500.00","5545.00","5495.00","5541.00"
"Thu Sep 25 2025 09:20:00 GMT+0530 (India Standard Time)","5544.00","5549.50","5531.00","5535.00"
"Thu Sep 25 2025 09:25:00 GMT+0530 (India Standard Time)","5535.00","5539.50","5521.50","5525.00"
"Thu Sep 25 2025 09:30:00 GMT+0530 (India Standard Time)","5523.50","5533.00","5514.50","5523.00"
"Thu Sep 25 2025 09:35:00 GMT+0530 (India Standard Time)","5522.50","5522.50","5505.00","5516.00"
"Thu Sep 25 2025 09:40:00 GMT+0530 (India Standard Time)","5516.00","5519.50","5511.00","5513.00"
"Thu Sep 25 2025 09:45:00 GMT+0530 (India Standard Time)","5514.50","5516.50","5500.50","5507.50"
"Thu Sep 25 2025 09:50:00 GMT+0530 (India Standard Time)","5509.50","5519.00","5502.50","5514.50"
"Thu Sep 25 2025 09:55:00 GMT+0530 (India Standard Time)","5512.00","5520.00","5510.50","5514.50"
"Thu Sep 25 2025 10:00:00 GMT+0530 (India Standard Time)","5514.00","5515.00","5509.50","5512.00"
"Thu Sep 25 2025 10:05:00 GMT+0530 (India Standard Time)","5512.00","5518.00","5507.50","5515.00"
"Thu Sep 25 2025 10:10:00 GMT+0530 (India Standard Time)","5515.00","5516.00","5508.00","5508.00"
"Thu Sep 25 2025 10:15:00 GMT+0530 (India Standard Time)","5512.00","5513.50","5506.00","5506.00"
"Thu Sep 25 2025 10:20:00 GMT+0530 (India Standard Time)","5506.00","5509.50","5500.00","5504.00"
"Thu Sep 25 2025 10:25:00 GMT+0530 (India Standard Time)","5504.00","5505.00","5500.00","5502.50"
"Thu Sep 25 2025 10:30:00 GMT+0530 (India Standard Time)","5502.50","5510.50","5496.50","5505.00"
"Thu Sep 25 2025 10:35:00 GMT+0530 (India Standard Time)","5504.00","5505.00","5496.00","5500.50"
"Thu Sep 25 2025 10:40:00 GMT+0530 (India Standard Time)","5500.50","5504.50","5490.00","5490.00"
"Thu Sep 25 2025 10:45:00 GMT+0530 (India Standard Time)","5490.00","5490.00","5480.50","5483.00"
"Thu Sep 25 2025 10:50:00 GMT+0530 (India Standard Time)","5483.00","5487.50","5480.00","5485.50"
"Thu Sep 25 2025 10:55:00 GMT+0530 (India Standard Time)","5485.50","5485.50","5476.00","5481.00"
"Thu Sep 25 2025 11:00:00 GMT+0530 (India Standard Time)","5484.50","5484.50","5476.50","5479.50"
"Thu Sep 25 2025 11:05:00 GMT+0530 (India Standard Time)","5479.50","5484.00","5477.00","5482.50"
"Thu Sep 25 2025 11:10:00 GMT+0530 (India Standard Time)","5482.50","5483.50","5473.50","5478.50"
"Thu Sep 25 2025 11:15:00 GMT+0530 (India Standard Time)","5478.50","5489.50","5477.00","5480.00"
"Thu Sep 25 2025 11:20:00 GMT+0530 (India Standard Time)","5482.00","5483.50","5477.50","5480.50"
"Thu Sep 25 2025 11:25:00 GMT+0530 (India Standard Time)","5480.00","5480.00","5466.00","5472.00"
"Thu Sep 25 2025 11:30:00 GMT+0530 (India Standard Time)","5472.00","5472.50","5460.00","5464.00"
"Thu Sep 25 2025 11:35:00 GMT+0530 (India Standard Time)","5464.00","5470.50","5464.00","5467.00"
"Thu Sep 25 2025 11:40:00 GMT+0530 (India Standard Time)","5467.00","5468.00","5460.00","5461.00"
"Thu Sep 25 2025 11:45:00 GMT+0530 (India Standard Time)","5462.00","5463.50","5460.00","5463.00"
"Thu Sep 25 2025 11:50:00 GMT+0530 (India Standard Time)","5462.50","5463.00","5455.00","5458.50"
"Thu Sep 25 2025 11:55:00 GMT+0530 (India Standard Time)","5458.50","5462.50","5457.00","5457.00"
"Thu Sep 25 2025 12:00:00 GMT+0530 (India Standard Time)","5457.00","5457.00","5450.00","5451.00"
"Thu Sep 25 2025 12:05:00 GMT+0530 (India Standard Time)","5451.00","5452.50","5440.00","5443.00"
"Thu Sep 25 2025 12:10:00 GMT+0530 (India Standard Time)","5443.00","5451.00","5440.00","5444.00"
"Thu Sep 25 2025 12:15:00 GMT+0530 (India Standard Time)","5444.00","5447.50","5440.00","5447.50"
"Thu Sep 25 2025 12:20:00 GMT+0530 (India Standard Time)","5447.50","5448.00","5440.00","5443.50"
"Thu Sep 25 2025 12:25:00 GMT+0530 (India Standard Time)","5443.50","5445.50","5437.50","5440.00"
"Thu Sep 25 2025 12:30:00 GMT+0530 (India Standard Time)","5435.00","5437.50","5431.00","5434.50"
"Thu Sep 25 2025 12:35:00 GMT+0530 (India Standard Time)","5434.50","5446.00","5434.00","5443.00"
"Thu Sep 25 2025 12:40:00 GMT+0530 (India Standard Time)","5443.00","5445.50","5434.00","5437.50"
"Thu Sep 25 2025 12:45:00 GMT+0530 (India Standard Time)","5437.50","5437.50","5430.00","5430.00"
"Thu Sep 25 2025 12:50:00 GMT+0530 (India Standard Time)","5430.00","5439.00","5430.00","5439.00"
"Thu Sep 25 2025 12:55:00 GMT+0530 (India Standard Time)","5439.00","5455.00","5438.00","5450.00"
"Thu Sep 25 2025 13:00:00 GMT+0530 (India Standard Time)","5450.00","5454.50","5450.00","5454.50"
"Thu Sep 25 2025 13:05:00 GMT+0530 (India Standard Time)","5452.50","5467.50","5452.50","5465.50"
"Thu Sep 25 2025 13:10:00 GMT+0530 (India Standard Time)","5465.50","5478.50","5463.50","5472.00"
"Thu Sep 25 2025 13:15:00 GMT+0530 (India Standard Time)","5472.00","5477.00","5455.00","5477.00"
"Thu Sep 25 2025 13:20:00 GMT+0530 (India Standard Time)","5475.00","5485.00","5475.00","5481.50"
"Thu Sep 25 2025 13:25:00 GMT+0530 (India Standard Time)","5481.50","5485.50","5475.00","5475.00"
"Thu Sep 25 2025 13:30:00 GMT+0530 (India Standard Time)","5475.00","5478.50","5475.00","5476.50"
"Thu Sep 25 2025 13:35:00 GMT+0530 (India Standard Time)","5476.50","5481.50","5476.50","5478.50"
"Thu Sep 25 2025 13:40:00 GMT+0530 (India Standard Time)","5478.50","5485.50","5475.50","5477.00"
"Thu Sep 25 2025 13:45:00 GMT+0530 (India Standard Time)","5478.00","5489.00","5476.50","5481.00"
"Thu Sep 25 2025 13:50:00 GMT+0530 (India Standard Time)","5481.00","5485.00","5474.00","5474.00"
"Thu Sep 25 2025 13:55:00 GMT+0530 (India Standard Time)","5474.00","5495.00","5474.00","5494.00"
"Thu Sep 25 2025 14:00:00 GMT+0530 (India Standard Time)","5490.00","5492.50","5490.00","5490.50"
"Thu Sep 25 2025 14:05:00 GMT+0530 (India Standard Time)","5490.00","5491.00","5474.50","5474.50"
"Thu Sep 25 2025 14:10:00 GMT+0530 (India Standard Time)","5479.00","5492.00","5479.00","5484.00"
"Thu Sep 25 2025 14:15:00 GMT+0530 (India Standard Time)","5484.00","5490.00","5484.00","5488.00"
"Thu Sep 25 2025 14:20:00 GMT+0530 (India Standard Time)","5488.00","5489.50","5482.50","5483.50"
"Thu Sep 25 2025 14:25:00 GMT+0530 (India Standard Time)","5483.50","5494.00","5483.00","5494.00"
"Thu Sep 25 2025 14:30:00 GMT+0530 (India Standard Time)","5494.00","5494.00","5481.00","5481.00"
"Thu Sep 25 2025 14:35:00 GMT+0530 (India Standard Time)","5484.00","5484.00","5475.00","5480.50"
"Thu Sep 25 2025 14:40:00 GMT+0530 (India Standard Time)","5480.50","5480.50","5463.00","5467.00"
"Thu Sep 25 2025 14:45:00 GMT+0530 (India Standard Time)","5467.00","5468.00","5461.50","5467.50"
"Thu Sep 25 2025 14:50:00 GMT+0530 (India Standard Time)","5467.50","5488.00","5463.00","5485.50"
"Thu Sep 25 2025 14:55:00 GMT+0530 (India Standard Time)","5487.00","5487.00","5480.00","5480.00"
"Thu Sep 25 2025 15:00:00 GMT+0530 (India Standard Time)","5482.50","5483.50","5480.00","5480.00"
"Thu Sep 25 2025 15:05:00 GMT+0530 (India Standard Time)","5480.00","5480.50","5456.50","5457.00"
"Thu Sep 25 2025 15:10:00 GMT+0530 (India Standard Time)","5455.00","5460.50","5451.00","5451.00"
"Thu Sep 25 2025 15:15:00 GMT+0530 (India Standard Time)","5454.00","5454.00","5440.50","5442.00"
"Thu Sep 25 2025 15:20:00 GMT+0530 (India Standard Time)","5442.00","5450.00","5440.00","5444.00"
"Thu Sep 25 2025 15:25:00 GMT+0530 (India Standard Time)","5444.00","5445.00","5435.00","5435.00"
"Fri Sep 26 2025 09:15:00 GMT+0530 (India Standard Time)","5451.00","5460.00","5409.50","5410.00"
"Fri Sep 26 2025 09:20:00 GMT+0530 (India Standard Time)","5410.00","5415.00","5391.50","5410.00"
"Fri Sep 26 2025 09:25:00 GMT+0530 (India Standard Time)","5410.50","5412.00","5399.00","5402.00"
"Fri Sep 26 2025 09:30:00 GMT+0530 (India Standard Time)","5400.50","5402.00","5386.00","5389.50"
"Fri Sep 26 2025 09:35:00 GMT+0530 (India Standard Time)","5390.00","5390.00","5367.00","5380.00"
"Fri Sep 26 2025 09:40:00 GMT+0530 (India Standard Time)","5380.00","5380.00","5371.50","5372.00"
"Fri Sep 26 2025 09:45:00 GMT+0530 (India Standard Time)","5374.00","5380.00","5360.00","5379.50"
"Fri Sep 26 2025 09:50:00 GMT+0530 (India Standard Time)","5381.00","5403.00","5377.50","5384.50"
"Fri Sep 26 2025 09:55:00 GMT+0530 (India Standard Time)","5384.50","5403.00","5375.50","5403.00"
"Fri Sep 26 2025 10:00:00 GMT+0530 (India Standard Time)","5400.00","5405.50","5370.50","5372.00"
"Fri Sep 26 2025 10:05:00 GMT+0530 (India Standard Time)","5372.00","5372.50","5360.00","5360.00"
"Fri Sep 26 2025 10:10:00 GMT+0530 (India Standard Time)","5360.00","5370.00","5350.00","5368.00"
"Fri Sep 26 2025 10:15:00 GMT+0530 (India Standard Time)","5369.50","5372.00","5363.00","5367.50"
"Fri Sep 26 2025 10:20:00 GMT+0530 (India Standard Time)","5365.50","5377.50","5363.00","5374.50"
"Fri Sep 26 2025 10:25:00 GMT+0530 (India Standard Time)","5374.50","5383.00","5372.00","5373.00"
"Fri Sep 26 2025 10:30:00 GMT+0530 (India Standard Time)","5373.00","5376.50","5365.00","5365.00"
"Fri Sep 26 2025 10:35:00 GMT+0530 (India Standard Time)","5369.00","5369.50","5360.00","5363.00"
"Fri Sep 26 2025 10:40:00 GMT+0530 (India Standard Time)","5363.00","5365.00","5355.00","5361.50"
"Fri Sep 26 2025 10:45:00 GMT+0530 (India Standard Time)","5361.50","5369.00","5359.50","5366.50"
"Fri Sep 26 2025 10:50:00 GMT+0530 (India Standard Time)","5366.50","5370.50","5355.00","5364.00"
"Fri Sep 26 2025 10:55:00 GMT+0530 (India Standard Time)","5364.00","5368.00","5355.00","5360.50"
"Fri Sep 26 2025 11:00:00 GMT+0530 (India Standard Time)","5360.50","5360.50","5350.50","5351.50"
"Fri Sep 26 2025 11:05:00 GMT+0530 (India Standard Time)","5351.50","5359.50","5351.00","5358.50"
"Fri Sep 26 2025 11:10:00 GMT+0530 (India Standard Time)","5358.50","5358.50","5352.00","5354.00"
"Fri Sep 26 2025 11:15:00 GMT+0530 (India Standard Time)","5354.00","5354.50","5345.00","5349.00"
"Fri Sep 26 2025 11:20:00 GMT+0530 (India Standard Time)","5349.00","5349.00","5340.00","5340.00"
"Fri Sep 26 2025 11:25:00 GMT+0530 (India Standard Time)","5341.00","5345.00","5336.00","5340.00"
"Fri Sep 26 2025 11:30:00 GMT+0530 (India Standard Time)","5340.00","5343.50","5335.00","5340.00"
"Fri Sep 26 2025 11:35:00 GMT+0530 (India Standard Time)","5339.50","5340.00","5330.00","5332.50"
"Fri Sep 26 2025 11:40:00 GMT+0530 (India Standard Time)","5332.50","5338.50","5331.00","5333.00"
"Fri Sep 26 2025 11:45:00 GMT+0530 (India Standard Time)","5336.50","5340.50","5333.00","5337.50"