"Date","Open","High","Low","Close"
"Wed Jul 30 2025 11:50:00 GMT+0530 (India Standard Time)","6135.00","6141.50","6115.00","6115.00"
"Wed Jul 30 2025 11:55:00 GMT+0530 (India Standard Time)","6115.00","6121.00","6113.50","6119.50"
"Wed Jul 30 2025 12:00:00 GMT+0530 (India Standard Time)","6119.50","6122.00","6113.00","6119.50"
"Wed Jul 30 2025 12:05:00 GMT+0530 (India Standard Time)","6119.50","6119.50","6113.00","6115.00"
"Wed Jul 30 2025 12:10:00 GMT+0530 (India Standard Time)","6115.00","6119.00","6105.50","6112.00"
"Wed Jul 30 2025 12:15:00 GMT+0530 (India Standard Time)","6112.00","6115.00","6108.00","6114.00"
"Wed Jul 30 2025 12:20:00 GMT+0530 (India Standard Time)","6114.00","6115.50","6111.00","6112.50"
"Wed Jul 30 2025 12:25:00 GMT+0530 (India Standard Time)","6112.50","6112.50","6101.00","6104.00"
"Wed Jul 30 2025 12:30:00 GMT+0530 (India Standard Time)","6104.00","6106.50","6081.50","6086.00"
"Wed Jul 30 2025 12:35:00 GMT+0530 (India Standard Time)","6086.00","6088.50","6083.00","6085.00"
"Wed Jul 30 2025 12:40:00 GMT+0530 (India Standard Time)","6085.00","6094.00","6075.50","6075.50"
"Wed Jul 30 2025 12:45:00 GMT+0530 (India Standard Time)","6075.50","6082.50","6075.50","6082.50"
"Wed Jul 30 2025 12:50:00 GMT+0530 (India Standard Time)","6084.50","6085.00","6081.00","6085.00"
"Wed Jul 30 2025 12:55:00 GMT+0530 (India Standard Time)","6085.00","6087.50","6081.50","6087.50"
"Wed Jul 30 2025 13:00:00 GMT+0530 (India Standard Time)","6087.50","6088.00","6081.50","6083.00"
"Wed Jul 30 2025 13:05:00 GMT+0530 (India Standard Time)","6083.00","6085.00","6082.00","6083.50"
"Wed Jul 30 2025 13:10:00 GMT+0530 (India Standard Time)","6083.50","6085.00","6083.00","6084.50"
"Wed Jul 30 2025 13:15:00 GMT+0530 (India Standard Time)","6084.50","6089.00","6083.50","6088.50"
"Wed Jul 30 2025 13:20:00 GMT+0530 (India Standard Time)","6088.50","6089.50","6083.00","6086.50"
"Wed Jul 30 2025 13:25:00 GMT+0530 (India Standard Time)","6086.50","6086.50","6083.00","6085.00"
"Wed Jul 30 2025 13:30:00 GMT+0530 (India Standard Time)","6085.00","6085.00","6081.50","6081.50"
"Wed Jul 30 2025 13:35:00 GMT+0530 (India Standard Time)","6081.50","6084.00","6081.50","6083.00"
"Wed Jul 30 2025 13:40:00 GMT+0530 (India Standard Time)","6083.00","6112.50","6081.50","6112.50"
"Wed Jul 30 2025 13:45:00 GMT+0530 (India Standard Time)","6112.50","6113.50","6096.50","6101.50"
"Wed Jul 30 2025 13:50:00 GMT+0530 (India Standard Time)","6101.50","6110.00","6095.50","6103.00"
"Wed Jul 30 2025 13:55:00 GMT+0530 (India Standard Time)","6103.00","6103.00","6092.50","6093.00"
"Wed Jul 30 2025 14:00:00 GMT+0530 (India Standard Time)","6093.00","6096.00","6092.00","6092.50"
"Wed Jul 30 2025 14:05:00 GMT+0530 (India Standard Time)","6092.50","6097.50","6091.50","6096.00"
"Wed Jul 30 2025 14:10:00 GMT+0530 (India Standard Time)","6096.00","6096.50","6091.50","6092.00"
"Wed Jul 30 2025 14:15:00 GMT+0530 (India Standard Time)","6092.00","6097.00","6091.50","6092.50"
"Wed Jul 30 2025 14:20:00 GMT+0530 (India Standard Time)","6092.50","6110.00","6092.50","6104.00"
"Wed Jul 30 2025 14:25:00 GMT+0530 (India Standard Time)","6102.00","6109.50","6101.50","6105.50"
"Wed Jul 30 2025 14:30:00 GMT+0530 (India Standard Time)","6107.50","6108.00","6100.00","6103.50"
"Wed Jul 30 2025 14:35:00 GMT+0530 (India Standard Time)","6102.50","6105.50","6098.00","6098.00"
"Wed Jul 30 2025 14:40:00 GMT+0530 (India Standard Time)","6098.00","6102.50","6098.00","6098.50"
"Wed Jul 30 2025 14:45:00 GMT+0530 (India Standard Time)","6098.50","6102.50","6098.00","6098.00"
"Wed Jul 30 2025 14:50:00 GMT+0530 (India Standard Time)","6098.50","6100.50","6098.00","6098.50"
"Wed Jul 30 2025 14:55:00 GMT+0530 (India Standard Time)","6098.50","6103.50","6098.50","6099.00"
"Wed Jul 30 2025 15:00:00 GMT+0530 (India Standard Time)","6101.00","6103.50","6100.00","6100.50"
"Wed Jul 30 2025 15:05:00 GMT+0530 (India Standard Time)","6100.50","6103.00","6100.50","6102.50"
"Wed Jul 30 2025 15:10:00 GMT+0530 (India Standard Time)","6103.00","6107.00","6100.50","6104.50"
"Wed Jul 30 2025 15:15:00 GMT+0530 (India Standard Time)","6105.50","6112.00","6103.00","6103.50"
"Wed Jul 30 2025 15:20:00 GMT+0530 (India Standard Time)","6102.50","6102.50","6093.00","6099.50"
"Wed Jul 30 2025 15:25:00 GMT+0530 (India Standard Time)","6102.00","6105.00","6080.50","6085.50"
"Thu Jul 31 2025 09:15:00 GMT+0530 (India Standard Time)","6084.00","6084.00","6001.50","6036.00"
"Thu Jul 31 2025 09:20:00 GMT+0530 (India Standard Time)","6037.00","6053.00","6037.00","6047.50"
"Thu Jul 31 2025 09:25:00 GMT+0530 (India Standard Time)","6047.50","6057.50","6036.00","6044.00"
"Thu Jul 31 2025 09:30:00 GMT+0530 (India Standard Time)","6043.00","6048.50","6031.00","6044.00"
"Thu Jul 31 2025 09:35:00 GMT+0530 (India Standard Time)","6044.00","6044.00","6030.50","6043.00"
"Thu Jul 31 2025 09:40:00 GMT+0530 (India Standard Time)","6043.00","6043.50","6027.50","6030.00"
"Thu Jul 31 2025 09:45:00 GMT+0530 (India Standard Time)","6030.00","6030.00","6010.50","6019.00"
"Thu Jul 31 2025 09:50:00 GMT+0530 (India Standard Time)","6019.00","6026.50","6017.00","6025.00"
"Thu Jul 31 2025 09:55:00 GMT+0530 (India Standard Time)","6025.00","6028.00","6018.00","6021.50"
"Thu Jul 31 2025 10:00:00 GMT+0530 (India Standard Time)","6021.50","6021.50","6001.50","6005.50"
"Thu Jul 31 2025 10:05:00 GMT+0530 (India Standard Time)","6005.50","6012.00","6004.00","6006.00"
"Thu Jul 31 2025 10:10:00 GMT+0530 (India Standard Time)","6006.00","6007.50","6001.00","6007.00"
"Thu Jul 31 2025 10:15:00 GMT+0530 (India Standard Time)","6004.50","6010.00","6004.00","6006.00"
"Thu Jul 31 2025 10:20:00 GMT+0530 (India Standard Time)","6006.00","6029.00","6005.00","6029.00"
"Thu Jul 31 2025 10:25:00 GMT+0530 (India Standard Time)","6029.00","6029.00","6018.50","6027.00"
"Thu Jul 31 2025 10:30:00 GMT+0530 (India Standard Time)","6027.00","6030.50","6022.00","6028.00"
"Thu Jul 31 2025 10:35:00 GMT+0530 (India Standard Time)","6028.00","6029.50","6018.00","6018.00"
"Thu Jul 31 2025 10:40:00 GMT+0530 (India Standard Time)","6018.00","6025.50","6006.50","6007.50"
"Thu Jul 31 2025 10:45:00 GMT+0530 (India Standard Time)","6007.50","6023.50","6007.50","6023.50"
"Thu Jul 31 2025 10:50:00 GMT+0530 (India Standard Time)","6023.50","6033.00","6023.50","6030.00"
"Thu Jul 31 2025 10:55:00 GMT+0530 (India Standard Time)","6030.00","6031.00","6021.50","6022.00"
"Thu Jul 31 2025 11:00:00 GMT+0530 (India Standard Time)","6022.00","6026.00","6020.50","6025.50"
"Thu Jul 31 2025 11:05:00 GMT+0530 (India Standard Time)","6025.50","6036.00","6024.50","6029.00"
"Thu Jul 31 2025 11:10:00 GMT+0530 (India Standard Time)","6029.00","6031.50","6020.50","6021.50"
"Thu Jul 31 2025 11:15:00 GMT+0530 (India Standard Time)","6021.50","6021.50","6015.00","6017.00"
"Thu Jul 31 2025 11:20:00 GMT+0530 (India Standard Time)","6017.00","6021.50","6016.50","6020.00"
"Thu Jul 31 2025 11:25:00 GMT+0530 (India Standard Time)","6020.00","6021.50","6020.00","6020.50"
"Thu Jul 31 2025 11:30:00 GMT+0530 (India Standard Time)","6020.50","6025.00","6019.50","6024.00"
"Thu Jul 31 2025 11:35:00 GMT+0530 (India Standard Time)","6024.00","6024.00","6018.00","6018.50"
"Thu Jul 31 2025 11:40:00 GMT+0530 (India Standard Time)","6018.50","6022.50","6018.00","6022.50"
"Thu Jul 31 2025 11:45:00 GMT+0530 (India Standard Time)","6022.50","6037.50","6021.50","6031.00"
"Thu Jul 31 2025 11:50:00 GMT+0530 (India Standard Time)","6031.00","6032.00","6025.50","6025.50"
"Thu Jul 31 2025 11:55:00 GMT+0530 (India Standard Time)","6025.50","6031.00","6021.50","6027.50"
"Thu Jul 31 2025 12:00:00 GMT+0530 (India Standard Time)","6027.50","6039.50","6022.00","6027.00"
"Thu Jul 31 2025 12:05:00 GMT+0530 (India Standard Time)","6027.00","6054.00","6027.00","6045.50"
"Thu Jul 31 2025 12:10:00 GMT+0530 (India Standard Time)","6045.50","6050.50","6041.00","6050.50"
"Thu Jul 31 2025 12:15:00 GMT+0530 (India Standard Time)","6050.50","6053.00","6045.00","6049.50"
"Thu Jul 31 2025 12:20:00 GMT+0530 (India Standard Time)","6049.50","6058.50","6049.50","6055.50"
"Thu Jul 31 2025 12:25:00 GMT+0530 (India Standard Time)","6055.50","6059.50","6047.50","6051.50"
"Thu Jul 31 2025 12:30:00 GMT+0530 (India Standard Time)","6051.50","6059.50","6047.50","6054.00"
"Thu Jul 31 2025 12:35:00 GMT+0530 (India Standard Time)","6054.00","6067.00","6051.00","6063.00"
"Thu Jul 31 2025 12:40:00 GMT+0530 (India Standard Time)","6063.00","6072.50","6061.00","6068.00"
"Thu Jul 31 2025 12:45:00 GMT+0530 (India Standard Time)","6068.00","6073.50","6063.50","6072.50"
"Thu Jul 31 2025 12:50:00 GMT+0530 (India Standard Time)","6073.50","6083.00","6072.50","6078.00"
"Thu Jul 31 2025 12:55:00 GMT+0530 (India Standard Time)","6078.00","6084.00","6074.50","6078.50"
"Thu Jul 31 2025 13:00:00 GMT+0530 (India Standard Time)","6078.50","6098.50","6078.00","6090.00"
"Thu Jul 31 2025 13:05:00 GMT+0530 (India Standard Time)","6090.00","6090.00","6076.50","6082.50"
"Thu Jul 31 2025 13:10:00 GMT+0530 (India Standard Time)","6082.50","6086.00","6077.00","6083.50"
"Thu Jul 31 2025 13:15:00 GMT+0530 (India Standard Time)","6083.50","6100.00","6081.00","6100.00"
"Thu Jul 31 2025 13:20:00 GMT+0530 (India Standard Time)","6100.00","6100.00","6086.50","6093.50"
"Thu Jul 31 2025 13:25:00 GMT+0530 (India Standard Time)","6093.50","6096.00","6085.00","6095.50"
"Thu Jul 31 2025 13:30:00 GMT+0530 (India Standard Time)","6095.50","6104.00","6093.00","6095.50"
"Thu Jul 31 2025 13:35:00 GMT+0530 (India Standard Time)","6095.50","6098.50","6090.00","6091.50"
"Thu Jul 31 2025 13:40:00 GMT+0530 (India Standard Time)","6091.50","6095.00","6079.00","6080.50"
"Thu Jul 31 2025 13:45:00 GMT+0530 (India Standard Time)","6080.50","6094.50","6079.50","6090.00"
"Thu Jul 31 2025 13:50:00 GMT+0530 (India Standard Time)","6090.00","6091.00","6081.00","6090.50"
"Thu Jul 31 2025 13:55:00 GMT+0530 (India Standard Time)","6089.00","6091.00","6084.50","6091.00"
"Thu Jul 31 2025 14:00:00 GMT+0530 (India Standard Time)","6091.00","6122.50","6091.00","6116.00"
"Thu Jul 31 2025 14:05:00 GMT+0530 (India Standard Time)","6117.50","6130.50","6114.00","6126.50"
"Thu Jul 31 2025 14:10:00 GMT+0530 (India Standard Time)","6126.50","6132.50","6121.00","6128.50"
"Thu Jul 31 2025 14:15:00 GMT+0530 (India Standard Time)","6128.50","6138.50","6122.00","6125.00"
"Thu Jul 31 2025 14:20:00 GMT+0530 (India Standard Time)","6125.00","6130.00","6118.00","6122.50"
"Thu Jul 31 2025 14:25:00 GMT+0530 (India Standard Time)","6118.00","6118.00","6104.00","6105.00"
"Thu Jul 31 2025 14:30:00 GMT+0530 (India Standard Time)","6105.00","6109.50","6095.00","6102.00"
"Thu Jul 31 2025 14:35:00 GMT+0530 (India Standard Time)","6102.00","6109.00","6100.00","6104.00"
"Thu Jul 31 2025 14:40:00 GMT+0530 (India Standard Time)","6104.00","6108.00","6095.50","6106.50"
"Thu Jul 31 2025 14:45:00 GMT+0530 (India Standard Time)","6106.50","6112.00","6096.50","6102.00"
"Thu Jul 31 2025 14:50:00 GMT+0530 (India Standard Time)","6102.00","6102.00","6090.00","6092.00"
"Thu Jul 31 2025 14:55:00 GMT+0530 (India Standard Time)","6092.00","6105.00","6090.00","6103.50"
"Thu Jul 31 2025 15:00:00 GMT+0530 (India Standard Time)","6103.00","6104.50","6087.00","6100.00"
"Thu Jul 31 2025 15:05:00 GMT+0530 (India Standard Time)","6100.00","6103.50","6094.00","6100.00"
"Thu Jul 31 2025 15:10:00 GMT+0530 (India Standard Time)","6099.50","6101.00","6095.00","6095.50"
"Thu Jul 31 2025 15:15:00 GMT+0530 (India Standard Time)","6096.00","6098.50","6088.00","6094.00"
"Thu Jul 31 2025 15:20:00 GMT+0530 (India Standard Time)","6094.00","6095.00","6085.50","6087.00"
"Thu Jul 31 2025 15:25:00 GMT+0530 (India Standard Time)","6087.50","6089.00","6066.50","6084.00"
"Fri Aug 01 2025 09:15:00 GMT+0530 (India Standard Time)","6087.50","6087.50","6061.00","6076.50"
"Fri Aug 01 2025 09:20:00 GMT+0530 (India Standard Time)","6076.50","6084.50","6075.00","6076.50"
"Fri Aug 01 2025 09:25:00 GMT+0530 (India Standard Time)","6076.50","6087.00","6070.00","6077.00"
"Fri Aug 01 2025 09:30:00 GMT+0530 (India Standard Time)","6073.00","6077.00","6072.50","6074.00"
"Fri Aug 01 2025 09:35:00 GMT+0530 (India Standard Time)","6074.00","6074.00","6050.00","6051.00"
"Fri Aug 01 2025 09:40:00 GMT+0530 (India Standard Time)","6051.00","6072.00","6051.00","6062.50"
"Fri Aug 01 2025 09:45:00 GMT+0530 (India Standard Time)","6062.50","6064.50","6058.00","6059.50"
"Fri Aug 01 2025 09:50:00 GMT+0530 (India Standard Time)","6059.50","6065.00","6051.50","6051.50"
"Fri Aug 01 2025 09:55:00 GMT+0530 (India Standard Time)","6051.50","6060.00","6050.00","6056.00"
"Fri Aug 01 2025 10:00:00 GMT+0530 (India Standard Time)","6056.00","6069.00","6048.50","6066.00"
"Fri Aug 01 2025 10:05:00 GMT+0530 (India Standard Time)","6066.00","6067.50","6060.00","6065.50"
"Fri Aug 01 2025 10:10:00 GMT+0530 (India Standard Time)","6065.50","6067.50","6061.50","6067.50"
"Fri Aug 01 2025 10:15:00 GMT+0530 (India Standard Time)","6067.50","6067.50","6058.50","6063.00"
"Fri Aug 01 2025 10:20:00 GMT+0530 (India Standard Time)","6063.00","6066.00","6063.00","6063.50"
"Fri Aug 01 2025 10:25:00 GMT+0530 (India Standard Time)","6063.50","6066.00","6057.00","6059.50"
"Fri Aug 01 2025 10:30:00 GMT+0530 (India Standard Time)","6059.50","6066.00","6059.00","6063.50"
"Fri Aug 01 2025 10:35:00 GMT+0530 (India Standard Time)","6063.50","6066.00","6057.00","6058.50"
"Fri Aug 01 2025 10:40:00 GMT+0530 (India Standard Time)","6058.50","6058.50","6052.50","6053.00"
"Fri Aug 01 2025 10:45:00 GMT+0530 (India Standard Time)","6053.00","6057.00","6050.00","6056.00"
"Fri Aug 01 2025 10:50:00 GMT+0530 (India Standard Time)","6056.00","6064.00","6053.50","6061.00"
"Fri Aug 01 2025 10:55:00 GMT+0530 (India Standard Time)","6061.00","6078.50","6061.00","6077.00"
"Fri Aug 01 2025 11:00:00 GMT+0530 (India Standard Time)","6081.00","6081.50","6075.50","6080.50"
"Fri Aug 01 2025 11:05:00 GMT+0530 (India Standard Time)","6080.00","6080.50","6070.50","6070.50"
"Fri Aug 01 2025 11:10:00 GMT+0530 (India Standard Time)","6071.00","6074.50","6066.00","6068.00"
"Fri Aug 01 2025 11:15:00 GMT+0530 (India Standard Time)","6070.50","6076.00","6066.50","6068.50"
"Fri Aug 01 2025 11:20:00 GMT+0530 (India Standard Time)","6068.50","6072.00","6064.00","6069.50"
"Fri Aug 01 2025 11:25:00 GMT+0530 (India Standard Time)","6069.50","6069.50","6067.50","6067.50"
"Fri Aug 01 2025 11:30:00 GMT+0530 (India Standard Time)","6067.50","6085.00","6065.00","6085.00"
"Fri Aug 01 2025 11:35:00 GMT+0530 (India Standard Time)","6085.00","6085.00","6081.50","6082.00"
"Fri Aug 01 2025 11:40:00 GMT+0530 (India Standard Time)","6082.00","6087.00","6067.50","6067.50"
"Fri Aug 01 2025 11:45:00 GMT+0530 (India Standard Time)","6067.50","6074.00","6065.00","6074.00"
"Fri Aug 01 2025 11:50:00 GMT+0530 (India Standard Time)","6069.50","6074.00","6066.50","6070.00"
"Fri Aug 01 2025 11:55:00 GMT+0530 (India Standard Time)","6070.00","6070.00","6065.00","6067.50"
"Fri Aug 01 2025 12:00:00 GMT+0530 (India Standard Time)","6065.00","6067.00","6065.00","6065.00"
"Fri Aug 01 2025 12:05:00 GMT+0530 (India Standard Time)","6065.00","6073.00","6065.00","6070.00"
"Fri Aug 01 2025 12:10:00 GMT+0530 (India Standard Time)","6070.00","6074.00","6069.50","6073.00"
"Fri Aug 01 2025 12:15:00 GMT+0530 (India Standard Time)","6073.00","6073.50","6070.50","6070.50"
"Fri Aug 01 2025 12:20:00 GMT+0530 (India Standard Time)","6070.50","6077.00","6070.50","6075.00"
"Fri Aug 01 2025 12:25:00 GMT+0530 (India Standard Time)","6075.00","6077.00","6070.00","6071.50"
"Fri Aug 01 2025 12:30:00 GMT+0530 (India Standard Time)","6073.50","6074.50","6070.00","6070.00"
"Fri Aug 01 2025 12:35:00 GMT+0530 (India Standard Time)","6070.00","6073.00","6065.50","6069.50"
"Fri Aug 01 2025 12:40:00 GMT+0530 (India Standard Time)","6069.50","6071.00","6060.00","6070.50"
"Fri Aug 01 2025 12:45:00 GMT+0530 (India Standard Time)","6070.50","6073.00","6070.00","6071.00"
"Fri Aug 01 2025 12:50:00 GMT+0530 (India Standard Time)","6071.00","6073.00","6070.00","6070.50"
"Fri Aug 01 2025 12:55:00 GMT+0530 (India Standard Time)","6070.50","6075.00","6070.50","6074.50"
"Fri Aug 01 2025 13:00:00 GMT+0530 (India Standard Time)","6074.50","6074.50","6070.00","6072.50"
"Fri Aug 01 2025 13:05:00 GMT+0530 (India Standard Time)","6072.50","6084.00","6072.00","6084.00"
"Fri Aug 01 2025 13:10:00 GMT+0530 (India Standard Time)","6084.00","6087.00","6081.00","6087.00"
"Fri Aug 01 2025 13:15:00 GMT+0530 (India Standard Time)","6087.00","6087.00","6084.00","6084.00"
"Fri Aug 01 2025 13:20:00 GMT+0530 (India Standard Time)","6084.00","6086.00","6079.00","6079.00"
"Fri Aug 01 2025 13:25:00 GMT+0530 (India Standard Time)","6079.00","6086.50","6078.50","6084.50"
"Fri Aug 01 2025 13:30:00 GMT+0530 (India Standard Time)","6084.50","6085.50","6082.00","6085.00"
"Fri Aug 01 2025 13:35:00 GMT+0530 (India Standard Time)","6085.00","6085.00","6068.50","6068.50"
"Fri Aug 01 2025 13:40:00 GMT+0530 (India Standard Time)","6068.50","6074.50","6068.50","6074.50"
"Fri Aug 01 2025 13:45:00 GMT+0530 (India Standard Time)","6074.50","6074.50","6069.00","6069.00"
"Fri Aug 01 2025 13:50:00 GMT+0530 (India Standard Time)","6072.00","6072.00","6068.00","6068.00"
"Fri Aug 01 2025 13:55:00 GMT+0530 (India Standard Time)","6068.00","6070.50","6066.00","6068.00"
"Fri Aug 01 2025 14:00:00 GMT+0530 (India Standard Time)","6068.00","6069.00","6065.50","6069.00"
"Fri Aug 01 2025 14:05:00 GMT+0530 (India Standard Time)","6067.50","6068.00","6065.00","6065.00"
"Fri Aug 01 2025 14:10:00 GMT+0530 (India Standard Time)","6065.00","6070.50","6065.00","6070.00"
"Fri Aug 01 2025 14:15:00 GMT+0530 (India Standard Time)","6070.00","6070.00","6065.00","6065.00"
"Fri Aug 01 2025 14:20:00 GMT+0530 (India Standard Time)","6065.00","6067.50","6055.50","6055.50"
"Fri Aug 01 2025 14:25:00 GMT+0530 (India Standard Time)","6055.50","6055.50","6045.00","6048.00"
"Fri Aug 01 2025 14:30:00 GMT+0530 (India Standard Time)","6048.00","6059.50","6046.00","6058.00"
"Fri Aug 01 2025 14:35:00 GMT+0530 (India Standard Time)","6058.00","6058.00","6046.00","6048.00"
"Fri Aug 01 2025 14:40:00 GMT+0530 (India Standard Time)","6048.00","6049.00","6032.50","6036.50"
"Fri Aug 01 2025 14:45:00 GMT+0530 (India Standard Time)","6036.50","6073.00","6033.00","6069.00"
"Fri Aug 01 2025 14:50:00 GMT+0530 (India Standard Time)","6069.00","6070.00","6065.00","6065.50"
"Fri Aug 01 2025 14:55:00 GMT+0530 (India Standard Time)","6065.00","6066.00","6056.00","6056.50"
"Fri Aug 01 2025 15:00:00 GMT+0530 (India Standard Time)","6055.50","6063.50","6053.00","6056.00"
"Fri Aug 01 2025 15:05:00 GMT+0530 (India Standard Time)","6056.00","6058.00","6038.50","6058.00"
"Fri Aug 01 2025 15:10:00 GMT+0530 (India Standard Time)","6059.00","6066.00","6035.50","6042.50"
"Fri Aug 01 2025 15:15:00 GMT+0530 (India Standard Time)","6044.00","6067.50","6043.00","6054.00"
"Fri Aug 01 2025 15:20:00 GMT+0530 (India Standard Time)","6054.00","6056.00","6045.00","6050.00"
"Fri Aug 01 2025 15:25:00 GMT+0530 (India Standard Time)","6044.00","6054.50","6021.00","6023.50"
"Mon Aug 04 2025 09:15:00 GMT+0530 (India Standard Time)","6022.00","6030.00","5988.00","6024.00"
"Mon Aug 04 2025 09:20:00 GMT+0530 (India Standard Time)","6020.50","6022.00","5991.00","6019.00"
"Mon Aug 04 2025 09:25:00 GMT+0530 (India Standard Time)","6024.50","6050.00","6015.00","6048.50"
"Mon Aug 04 2025 09:30:00 GMT+0530 (India Standard Time)","6044.50","6060.00","6026.50","6035.50"
"Mon Aug 04 2025 09:35:00 GMT+0530 (India Standard Time)","6031.50","6038.00","6022.00","6027.00"
"Mon Aug 04 2025 09:40:00 GMT+0530 (India Standard Time)","6024.50","6039.00","6015.00","6019.50"
"Mon Aug 04 2025 09:45:00 GMT+0530 (India Standard Time)","6011.50","6023.00","5996.50","6023.00"
"Mon Aug 04 2025 09:50:00 GMT+0530 (India Standard Time)","6025.00","6043.50","6025.00","6037.00"
"Mon Aug 04 2025 09:55:00 GMT+0530 (India Standard Time)","6035.50","6047.50","6035.50","6044.50"
"Mon Aug 04 2025 10:00:00 GMT+0530 (India Standard Time)","6045.00","6045.00","6016.50","6018.50"
"Mon Aug 04 2025 10:05:00 GMT+0530 (India Standard Time)","6018.50","6028.50","6013.00","6016.50"
"Mon Aug 04 2025 10:10:00 GMT+0530 (India Standard Time)","6016.50","6018.00","6010.00","6012.00"
"Mon Aug 04 2025 10:15:00 GMT+0530 (India Standard Time)","6012.00","6017.50","6007.50","6011.50"
"Mon Aug 04 2025 10:20:00 GMT+0530 (India Standard Time)","6011.50","6025.50","6011.50","6017.00"
"Mon Aug 04 2025 10:25:00 GMT+0530 (India Standard Time)","6017.50","6019.50","6000.00","6000.00"
"Mon Aug 04 2025 10:30:00 GMT+0530 (India Standard Time)","6000.00","6013.50","6000.00","6003.50"
"Mon Aug 04 2025 10:35:00 GMT+0530 (India Standard Time)","6004.00","6008.50","6001.00","6006.50"
"Mon Aug 04 2025 10:40:00 GMT+0530 (India Standard Time)","6005.00","6017.50","6005.00","6005.00"
"Mon Aug 04 2025 10:45:00 GMT+0530 (India Standard Time)","6005.00","6006.00","5995.00","5995.00"
"Mon Aug 04 2025 10:50:00 GMT+0530 (India Standard Time)","5995.00","5996.50","5973.00","5979.00"
"Mon Aug 04 2025 10:55:00 GMT+0530 (India Standard Time)","5989.50","5989.50","5980.00","5981.00"
"Mon Aug 04 2025 11:00:00 GMT+0530 (India Standard Time)","5981.00","5994.00","5980.50","5985.00"
"Mon Aug 04 2025 11:05:00 GMT+0530 (India Standard Time)","5985.00","5990.00","5978.00","5978.00"
"Mon Aug 04 2025 11:10:00 GMT+0530 (India Standard Time)","5978.00","5993.50","5978.00","5985.00"
"Mon Aug 04 2025 11:15:00 GMT+0530 (India Standard Time)","5982.50","5989.50","5982.00","5984.50"
"Mon Aug 04 2025 11:20:00 GMT+0530 (India Standard Time)","5983.00","5995.50","5982.50","5983.50"
"Mon Aug 04 2025 11:25:00 GMT+0530 (India Standard Time)","5985.50","5989.50","5981.00","5981.00"
"Mon Aug 04 2025 11:30:00 GMT+0530 (India Standard Time)","5981.00","5992.50","5981.00","5992.50"
"Mon Aug 04 2025 11:35:00 GMT+0530 (India Standard Time)","5991.00","5992.50","5985.00","5990.00"
"Mon Aug 04 2025 11:40:00 GMT+0530 (India Standard Time)","5990.50","5997.50","5989.50","5996.50"
"Mon Aug 04 2025 11:45:00 GMT+0530 (India Standard Time)","5995.00","5996.50","5985.00","5991.00"
"Mon Aug 04 2025 11:50:00 GMT+0530 (India Standard Time)","5989.00","5989.00","5985.50","5989.00"
"Mon Aug 04 2025 11:55:00 GMT+0530 (India Standard Time)","5991.50","5996.00","5990.00","5994.50"
"Mon Aug 04 2025 12:00:00 GMT+0530 (India Standard Time)","5993.50","5999.00","5991.50","5998.50"
"Mon Aug 04 2025 12:05:00 GMT+0530 (India Standard Time)","5998.50","6005.50","5996.50","6000.50"
"Mon Aug 04 2025 12:10:00 GMT+0530 (India Standard Time)","6001.00","6007.50","6000.00","6003.00"
"Mon Aug 04 2025 12:15:00 GMT+0530 (India Standard Time)","6003.50","6012.00","6002.00","6012.00"
"Mon Aug 04 2025 12:20:00 GMT+0530 (India Standard Time)","6010.50","6015.00","6007.00","6007.00"
"Mon Aug 04 2025 12:25:00 GMT+0530 (India Standard Time)","6007.00","6038.00","6007.00","6035.00"
"Mon Aug 04 2025 12:30:00 GMT+0530 (India Standard Time)","6035.00","6045.00","6027.00","6029.00"
"Mon Aug 04 2025 12:35:00 GMT+0530 (India Standard Time)","6029.00","6033.50","6029.00","6029.00"
"Mon Aug 04 2025 12:40:00 GMT+0530 (India Standard Time)","6029.00","6029.00","6003.50","6003.50"
"Mon Aug 04 2025 12:45:00 GMT+0530 (India Standard Time)","6006.00","6009.00","6000.00","6003.00"
"Mon Aug 04 2025 12:50:00 GMT+0530 (India Standard Time)","6003.00","6005.00","5991.00","5991.00"
"Mon Aug 04 2025 12:55:00 GMT+0530 (India Standard Time)","5991.00","6001.00","5991.00","6001.00"
"Mon Aug 04 2025 13:00:00 GMT+0530 (India Standard Time)","6003.00","6009.50","6002.50","6009.00"
"Mon Aug 04 2025 13:05:00 GMT+0530 (India Standard Time)","6009.00","6021.50","6000.00","6017.00"
"Mon Aug 04 2025 13:10:00 GMT+0530 (India Standard Time)","6017.00","6021.50","6012.50","6018.50"
"Mon Aug 04 2025 13:15:00 GMT+0530 (India Standard Time)","6018.50","6024.00","6015.50","6020.00"
"Mon Aug 04 2025 13:20:00 GMT+0530 (India Standard Time)","6020.00","6020.50","6011.00","6015.50"
"Mon Aug 04 2025 13:25:00 GMT+0530 (India Standard Time)","6015.50","6017.00","5999.50","6005.00"
"Mon Aug 04 2025 13:30:00 GMT+0530 (India Standard Time)","6005.00","6017.50","6003.00","6017.00"
"Mon Aug 04 2025 13:35:00 GMT+0530 (India Standard Time)","6017.00","6017.50","6015.00","6015.50"
"Mon Aug 04 2025 13:40:00 GMT+0530 (India Standard Time)","6015.50","6021.50","6015.50","6020.50"
"Mon Aug 04 2025 13:45:00 GMT+0530 (India Standard Time)","6020.50","6034.50","6020.50","6024.50"
"Mon Aug 04 2025 13:50:00 GMT+0530 (India Standard Time)","6024.50","6029.50","6022.00","6025.50"
"Mon Aug 04 2025 13:55:00 GMT+0530 (India Standard Time)","6025.50","6036.00","6025.50","6033.50"
"Mon Aug 04 2025 14:00:00 GMT+0530 (India Standard Time)","6033.50","6044.00","6030.50","6035.50"
"Mon Aug 04 2025 14:05:00 GMT+0530 (India Standard Time)","6035.50","6038.50","6025.00","6038.50"
"Mon Aug 04 2025 14:10:00 GMT+0530 (India Standard Time)","6038.50","6038.50","6029.00","6032.50"
"Mon Aug 04 2025 14:15:00 GMT+0530 (India Standard Time)","6032.50","6038.50","6032.00","6032.00"
"Mon Aug 04 2025 14:20:00 GMT+0530 (India Standard Time)","6032.00","6044.00","6029.00","6041.50"
"Mon Aug 04 2025 14:25:00 GMT+0530 (India Standard Time)","6041.50","6050.00","6033.00","6046.50"
"Mon Aug 04 2025 14:30:00 GMT+0530 (India Standard Time)","6050.00","6078.00","6049.00","6064.00"
"Mon Aug 04 2025 14:35:00 GMT+0530 (India Standard Time)","6064.00","6069.50","6055.50","6060.00"
"Mon Aug 04 2025 14:40:00 GMT+0530 (India Standard Time)","6060.00","6062.50","6056.00","6058.00"
"Mon Aug 04 2025 14:45:00 GMT+0530 (India Standard Time)","6060.00","6065.00","6055.00","6055.00"
"Mon Aug 04 2025 14:50:00 GMT+0530 (India Standard Time)","6055.00","6055.00","6048.00","6048.00"
"Mon Aug 04 2025 14:55:00 GMT+0530 (India Standard Time)","6048.00","6051.00","6021.50","6027.00"
"Mon Aug 04 2025 15:00:00 GMT+0530 (India Standard Time)","6027.00","6030.50","6015.50","6024.50"
"Mon Aug 04 2025 15:05:00 GMT+0530 (India Standard Time)","6024.00","6036.00","6024.00","6031.50"
"Mon Aug 04 2025 15:10:00 GMT+0530 (India Standard Time)","6031.00","6034.00","6028.50","6030.50"
"Mon Aug 04 2025 15:15:00 GMT+0530 (India Standard Time)","6030.50","6032.50","6027.00","6027.00"
"Mon Aug 04 2025 15:20:00 GMT+0530 (India Standard Time)","6027.00","6043.00","6020.50","6039.50"
"Mon Aug 04 2025 15:25:00 GMT+0530 (India Standard Time)","6040.00","6040.00","6020.00","6027.00"
"Tue Aug 05 2025 09:15:00 GMT+0530 (India Standard Time)","6036.00","6055.00","6021.50","6037.00"
"Tue Aug 05 2025 09:20:00 GMT+0530 (India Standard Time)","6037.00","6046.50","6031.00","6042.00"
"Tue Aug 05 2025 09:25:00 GMT+0530 (India Standard Time)","6042.00","6042.00","6032.50","6035.50"
"Tue Aug 05 2025 09:30:00 GMT+0530 (India Standard Time)","6035.50","6038.00","6012.00","6020.50"
"Tue Aug 05 2025 09:35:00 GMT+0530 (India Standard Time)","6025.00","6025.00","6010.50","6012.00"
"Tue Aug 05 2025 09:40:00 GMT+0530 (India Standard Time)","6012.00","6015.00","6005.00","6006.50"
"Tue Aug 05 2025 09:45:00 GMT+0530 (India Standard Time)","6005.50","6006.50","5985.50","5986.50"
"Tue Aug 05 2025 09:50:00 GMT+0530 (India Standard Time)","5986.50","5994.50","5980.00","5985.00"
"Tue Aug 05 2025 09:55:00 GMT+0530 (India Standard Time)","5985.00","5992.50","5980.00","5982.50"
"Tue Aug 05 2025 10:00:00 GMT+0530 (India Standard Time)","5982.50","5995.00","5974.50","5986.50"
"Tue Aug 05 2025 10:05:00 GMT+0530 (India Standard Time)","5986.50","5995.00","5985.00","5995.00"
"Tue Aug 05 2025 10:10:00 GMT+0530 (India Standard Time)","5995.00","5995.00","5983.00","5986.50"
"Tue Aug 05 2025 10:15:00 GMT+0530 (India Standard Time)","5986.50","5989.00","5980.00","5984.00"
"Tue Aug 05 2025 10:20:00 GMT+0530 (India Standard Time)","5984.00","5989.50","5975.50","5987.00"
"Tue Aug 05 2025 10:25:00 GMT+0530 (India Standard Time)","5987.00","5990.00","5979.50","5988.00"
"Tue Aug 05 2025 10:30:00 GMT+0530 (India Standard Time)","5988.00","5990.00","5984.00","5990.00"
"Tue Aug 05 2025 10:35:00 GMT+0530 (India Standard Time)","5990.00","5993.00","5987.00","5993.00"
"Tue Aug 05 2025 10:40:00 GMT+0530 (India Standard Time)","5993.00","5993.00","5985.50","5987.50"
"Tue Aug 05 2025 10:45:00 GMT+0530 (India Standard Time)","5987.50","5992.00","5985.50","5988.00"
"Tue Aug 05 2025 10:50:00 GMT+0530 (India Standard Time)","5988.00","5997.50","5988.00","5994.00"
"Tue Aug 05 2025 10:55:00 GMT+0530 (India Standard Time)","5994.00","5994.00","5990.00","5990.00"
"Tue Aug 05 2025 11:00:00 GMT+0530 (India Standard Time)","5990.00","5993.00","5984.00","5990.00"
"Tue Aug 05 2025 11:05:00 GMT+0530 (India Standard Time)","5990.00","5992.00","5987.00","5988.50"
"Tue Aug 05 2025 11:10:00 GMT+0530 (India Standard Time)","5988.50","5997.50","5985.50","5996.50"
"Tue Aug 05 2025 11:15:00 GMT+0530 (India Standard Time)","5996.50","5998.50","5993.00","5995.00"
"Tue Aug 05 2025 11:20:00 GMT+0530 (India Standard Time)","5995.00","6011.00","5993.00","6009.00"
"Tue Aug 05 2025 11:25:00 GMT+0530 (India Standard Time)","6009.00","6010.00","6000.00","6002.50"
"Tue Aug 05 2025 11:30:00 GMT+0530 (India Standard Time)","6002.50","6002.50","5994.00","5997.00"
"Tue Aug 05 2025 11:35:00 GMT+0530 (India Standard Time)","5997.00","6000.00","5994.00","5998.00"
"Tue Aug 05 2025 11:40:00 GMT+0530 (India Standard Time)","5997.50","6005.00","5995.00","5998.50"
"Tue Aug 05 2025 11:45:00 GMT+0530 (India Standard Time)","5999.00","6007.50","5996.00","6007.50"
"Tue Aug 05 2025 11:50:00 GMT+0530 (India Standard Time)","6007.50","6007.50","5999.50","6002.00"
"Tue Aug 05 2025 11:55:00 GMT+0530 (India Standard Time)","6002.00","6006.00","6000.50","6003.50"
"Tue Aug 05 2025 12:00:00 GMT+0530 (India Standard Time)","6003.50","6007.00","6000.50","6003.00"
"Tue Aug 05 2025 12:05:00 GMT+0530 (India Standard Time)","6003.00","6004.00","6000.00","6000.00"
"Tue Aug 05 2025 12:10:00 GMT+0530 (India Standard Time)","6000.00","6011.00","6000.00","6010.00"
"Tue Aug 05 2025 12:15:00 GMT+0530 (India Standard Time)","6009.00","6014.00","6005.00","6012.50"
"Tue Aug 05 2025 12:20:00 GMT+0530 (India Standard Time)","6012.50","6012.50","6001.50","6005.00"
"Tue Aug 05 2025 12:25:00 GMT+0530 (India Standard Time)","6005.00","6005.00","6000.50","6001.50"
"Tue Aug 05 2025 12:30:00 GMT+0530 (India Standard Time)","6001.50","6001.50","5995.50","5997.50"
"Tue Aug 05 2025 12:35:00 GMT+0530 (India Standard Time)","5997.50","5998.50","5990.50","5991.50"
"Tue Aug 05 2025 12:40:00 GMT+0530 (India Standard Time)","5993.50","5999.00","5993.50","5998.00"
"Tue Aug 05 2025 12:45:00 GMT+0530 (India Standard Time)","5998.00","5998.50","5992.00","5993.50"
"Tue Aug 05 2025 12:50:00 GMT+0530 (India Standard Time)","5993.50","5995.00","5990.00","5991.50"
"Tue Aug 05 2025 12:55:00 GMT+0530 (India Standard Time)","5991.50","5992.50","5990.00","5992.00"
"Tue Aug 05 2025 13:00:00 GMT+0530 (India Standard Time)","5992.00","5992.00","5980.00","5984.50"
"Tue Aug 05 2025 13:05:00 GMT+0530 (India Standard Time)","5984.50","5987.00","5982.00","5984.00"
"Tue Aug 05 2025 13:10:00 GMT+0530 (India Standard Time)","5984.00","5988.00","5981.00","5987.50"
"Tue Aug 05 2025 13:15:00 GMT+0530 (India Standard Time)","5988.00","5988.00","5981.00","5984.50"
"Tue Aug 05 2025 13:20:00 GMT+0530 (India Standard Time)","5984.50","5985.50","5975.00","5975.00"
"Tue Aug 05 2025 13:25:00 GMT+0530 (India Standard Time)","5975.00","5981.50","5975.00","5975.00"
"Tue Aug 05 2025 13:30:00 GMT+0530 (India Standard Time)","5975.00","5976.50","5962.00","5972.00"
"Tue Aug 05 2025 13:35:00 GMT+0530 (India Standard Time)","5972.00","5976.00","5970.50","5975.00"
"Tue Aug 05 2025 13:40:00 GMT+0530 (India Standard Time)","5975.00","5975.00","5970.50","5971.50"
"Tue Aug 05 2025 13:45:00 GMT+0530 (India Standard Time)","5971.50","5973.50","5970.00","5970.00"
"Tue Aug 05 2025 13:50:00 GMT+0530 (India Standard Time)","5968.00","5975.00","5968.00","5973.00"
"Tue Aug 05 2025 13:55:00 GMT+0530 (India Standard Time)","5973.00","5977.50","5970.00","5977.50"
"Tue Aug 05 2025 14:00:00 GMT+0530 (India Standard Time)","5974.00","5980.00","5968.00","5969.50"
"Tue Aug 05 2025 14:05:00 GMT+0530 (India Standard Time)","5969.50","5970.00","5963.00","5965.50"
"Tue Aug 05 2025 14:10:00 GMT+0530 (India Standard Time)","5964.00","5972.00","5963.00","5964.00"
"Tue Aug 05 2025 14:15:00 GMT+0530 (India Standard Time)","5964.00","5970.00","5962.00","5967.50"
"Tue Aug 05 2025 14:20:00 GMT+0530 (India Standard Time)","5967.50","5970.00","5965.50","5970.00"
"Tue Aug 05 2025 14:25:00 GMT+0530 (India Standard Time)","5968.00","5970.50","5965.50","5967.50"
"Tue Aug 05 2025 14:30:00 GMT+0530 (India Standard Time)","5967.00","5970.00","5965.00","5965.00"
"Tue Aug 05 2025 14:35:00 GMT+0530 (India Standard Time)","5965.00","5970.50","5965.00","5967.00"
"Tue Aug 05 2025 14:40:00 GMT+0530 (India Standard Time)","5967.00","5969.50","5965.50","5968.50"
"Tue Aug 05 2025 14:45:00 GMT+0530 (India Standard Time)","5968.50","5969.00","5963.00","5966.00"
"Tue Aug 05 2025 14:50:00 GMT+0530 (India Standard Time)","5963.00","5966.00","5951.50","5953.50"
"Tue Aug 05 2025 14:55:00 GMT+0530 (India Standard Time)","5953.50","5956.00","5950.50","5952.50"
"Tue Aug 05 2025 15:00:00 GMT+0530 (India Standard Time)","5951.00","5967.50","5941.50","5964.50"
"Tue Aug 05 2025 15:05:00 GMT+0530 (India Standard Time)","5964.50","5970.50","5958.00","5968.50"
"Tue Aug 05 2025 15:10:00 GMT+0530 (India Standard Time)","5968.50","5976.00","5967.00","5974.00"
"Tue Aug 05 2025 15:15:00 GMT+0530 (India Standard Time)","5974.00","5974.00","5954.50","5961.00"
"Tue Aug 05 2025 15:20:00 GMT+0530 (India Standard Time)","5961.00","5961.00","5952.50","5956.50"
"Tue Aug 05 2025 15:25:00 GMT+0530 (India Standard Time)","5955.50","5959.50","5950.00","5958.00"
"Wed Aug 06 2025 09:15:00 GMT+0530 (India Standard Time)","5968.50","5972.00","5945.50","5952.00"
"Wed Aug 06 2025 09:20:00 GMT+0530 (India Standard Time)","5954.50","5957.00","5940.50","5943.00"
"Wed Aug 06 2025 09:25:00 GMT+0530 (India Standard Time)","5943.50","5948.00","5936.00","5942.50"
"Wed Aug 06 2025 09:30:00 GMT+0530 (India Standard Time)","5942.50","5949.00","5930.50","5935.50"
"Wed Aug 06 2025 09:35:00 GMT+0530 (India Standard Time)","5935.50","5935.50","5914.00","5917.00"
"Wed Aug 06 2025 09:40:00 GMT+0530 (India Standard Time)","5917.00","5922.00","5914.00","5914.00"
"Wed Aug 06 2025 09:45:00 GMT+0530 (India Standard Time)","5914.00","5914.00","5900.00","5902.50"
"Wed Aug 06 2025 09:50:00 GMT+0530 (India Standard Time)","5902.50","5927.00","5902.00","5916.50"
"Wed Aug 06 2025 09:55:00 GMT+0530 (India Standard Time)","5916.50","5916.50","5902.00","5910.00"
"Wed Aug 06 2025 10:00:00 GMT+0530 (India Standard Time)","5908.50","5908.50","5896.50","5900.50"
"Wed Aug 06 2025 10:05:00 GMT+0530 (India Standard Time)","5900.00","5900.50","5885.50","5890.50"
"Wed Aug 06 2025 10:10:00 GMT+0530 (India Standard Time)","5890.50","5893.50","5877.00","5893.50"
"Wed Aug 06 2025 10:15:00 GMT+0530 (India Standard Time)","5893.50","5904.00","5882.50","5897.00"
"Wed Aug 06 2025 10:20:00 GMT+0530 (India Standard Time)","5897.00","5909.00","5895.00","5906.00"
"Wed Aug 06 2025 10:25:00 GMT+0530 (India Standard Time)","5906.00","5907.00","5892.00","5892.00"
"Wed Aug 06 2025 10:30:00 GMT+0530 (India Standard Time)","5890.00","5890.00","5880.50","5882.50"
"Wed Aug 06 2025 10:35:00 GMT+0530 (India Standard Time)","5882.50","5884.00","5876.50","5882.00"
"Wed Aug 06 2025 10:40:00 GMT+0530 (India Standard Time)","5882.00","5887.50","5878.00","5878.50"
"Wed Aug 06 2025 10:45:00 GMT+0530 (India Standard Time)","5878.50","5881.50","5866.00","5868.00"
"Wed Aug 06 2025 10:50:00 GMT+0530 (India Standard Time)","5871.00","5874.50","5866.00","5868.50"
"Wed Aug 06 2025 10:55:00 GMT+0530 (India Standard Time)","5868.50","5868.50","5860.00","5861.50"
"Wed Aug 06 2025 11:00:00 GMT+0530 (India Standard Time)","5861.50","5864.50","5855.00","5859.00"
"Wed Aug 06 2025 11:05:00 GMT+0530 (India Standard Time)","5859.00","5859.50","5853.00","5855.00"
"Wed Aug 06 2025 11:10:00 GMT+0530 (India Standard Time)","5855.00","5864.50","5851.00","5864.50"
"Wed Aug 06 2025 11:15:00 GMT+0530 (India Standard Time)","5864.50","5864.50","5855.50","5860.50"
"Wed Aug 06 2025 11:20:00 GMT+0530 (India Standard Time)","5860.50","5861.00","5850.00","5855.00"
"Wed Aug 06 2025 11:25:00 GMT+0530 (India Standard Time)","5852.50","5863.50","5851.50","5859.50"
"Wed Aug 06 2025 11:30:00 GMT+0530 (India Standard Time)","5856.50","5856.50","5847.50","5850.00"
"Wed Aug 06 2025 11:35:00 GMT+0530 (India Standard Time)","5850.00","5856.00","5845.00","5847.00"
"Wed Aug 06 2025 11:40:00 GMT+0530 (India Standard Time)","5847.00","5848.50","5842.00","5845.00"
"Wed Aug 06 2025 11:45:00 GMT+0530 (India Standard Time)","5845.00","5849.00","5840.50","5849.00"
"Wed Aug 06 2025 11:50:00 GMT+0530 (India Standard Time)","5849.00","5860.00","5848.50","5860.00"
"Wed Aug 06 2025 11:55:00 GMT+0530 (India Standard Time)","5860.00","5865.00","5846.50","5851.00"
"Wed Aug 06 2025 12:00:00 GMT+0530 (India Standard Time)","5854.00","5856.50","5840.00","5854.00"
"Wed Aug 06 2025 12:05:00 GMT+0530 (India Standard Time)","5854.00","5855.00","5846.00","5852.00"
"Wed Aug 06 2025 12:10:00 GMT+0530 (India Standard Time)","5852.00","5857.50","5848.50","5857.50"
"Wed Aug 06 2025 12:15:00 GMT+0530 (India Standard Time)","5857.50","5860.50","5856.00","5860.50"
"Wed Aug 06 2025 12:20:00 GMT+0530 (India Standard Time)","5864.00","5874.00","5864.00","5870.50"
"Wed Aug 06 2025 12:25:00 GMT+0530 (India Standard Time)","5872.00","5876.50","5865.00","5876.50"
"Wed Aug 06 2025 12:30:00 GMT+0530 (India Standard Time)","5877.50","5885.00","5873.50","5884.00"
"Wed Aug 06 2025 12:35:00 GMT+0530 (India Standard Time)","5883.00","5884.00","5874.00","5874.00"
"Wed Aug 06 2025 12:40:00 GMT+0530 (India Standard Time)","5874.00","5876.50","5868.50","5873.50"
"Wed Aug 06 2025 12:45:00 GMT+0530 (India Standard Time)","5873.50","5875.00","5871.50","5873.00"
"Wed Aug 06 2025 12:50:00 GMT+0530 (India Standard Time)","5873.00","5873.50","5864.00","5865.00"
"Wed Aug 06 2025 12:55:00 GMT+0530 (India Standard Time)","5865.00","5876.50","5865.00","5876.50"
"Wed Aug 06 2025 13:00:00 GMT+0530 (India Standard Time)","5876.50","5878.50","5875.50","5878.50"
"Wed Aug 06 2025 13:05:00 GMT+0530 (India Standard Time)","5878.50","5880.00","5870.50","5875.50"
"Wed Aug 06 2025 13:10:00 GMT+0530 (India Standard Time)","5872.50","5884.00","5870.00","5882.50"
"Wed Aug 06 2025 13:15:00 GMT+0530 (India Standard Time)","5882.50","5883.00","5875.50","5876.50"
"Wed Aug 06 2025 13:20:00 GMT+0530 (India Standard Time)","5876.50","5879.00","5861.50","5861.50"
"Wed Aug 06 2025 13:25:00 GMT+0530 (India Standard Time)","5861.50","5873.50","5859.00","5866.50"
"Wed Aug 06 2025 13:30:00 GMT+0530 (India Standard Time)","5862.50","5874.00","5862.50","5870.00"
"Wed Aug 06 2025 13:35:00 GMT+0530 (India Standard Time)","5870.00","5870.00","5868.50","5869.50"
"Wed Aug 06 2025 13:40:00 GMT+0530 (India Standard Time)","5869.50","5869.50","5853.00","5860.50"
"Wed Aug 06 2025 13:45:00 GMT+0530 (India Standard Time)","5860.50","5863.50","5851.00","5851.00"
"Wed Aug 06 2025 13:50:00 GMT+0530 (India Standard Time)","5851.00","5853.00","5845.50","5852.00"
"Wed Aug 06 2025 13:55:00 GMT+0530 (India Standard Time)","5852.00","5853.00","5850.00","5850.00"
"Wed Aug 06 2025 14:00:00 GMT+0530 (India Standard Time)","5850.00","5851.00","5844.00","5845.50"
"Wed Aug 06 2025 14:05:00 GMT+0530 (India Standard Time)","5845.50","5849.50","5843.00","5846.50"
"Wed Aug 06 2025 14:10:00 GMT+0530 (India Standard Time)","5846.50","5847.50","5834.50","5837.50"
"Wed Aug 06 2025 14:15:00 GMT+0530 (India Standard Time)","5837.00","5837.50","5823.50","5830.00"
"Wed Aug 06 2025 14:20:00 GMT+0530 (India Standard Time)","5831.00","5839.00","5821.50","5836.00"
"Wed Aug 06 2025 14:25:00 GMT+0530 (India Standard Time)","5836.00","5837.00","5828.00","5830.00"
"Wed Aug 06 2025 14:30:00 GMT+0530 (India Standard Time)","5830.00","5836.00","5827.50","5831.00"
"Wed Aug 06 2025 14:35:00 GMT+0530 (India Standard Time)","5831.00","5843.00","5826.00","5841.00"
"Wed Aug 06 2025 14:40:00 GMT+0530 (India Standard Time)","5841.00","5848.00","5839.50","5840.00"
"Wed Aug 06 2025 14:45:00 GMT+0530 (India Standard Time)","5840.00","5847.00","5840.00","5841.00"
"Wed Aug 06 2025 14:50:00 GMT+0530 (India Standard Time)","5841.00","5842.50","5838.00","5840.00"
"Wed Aug 06 2025 14:55:00 GMT+0530 (India Standard Time)","5840.00","5848.00","5836.50","5839.00"
"Wed Aug 06 2025 15:00:00 GMT+0530 (India Standard Time)","5839.00","5839.00","5822.50","5830.00"
"Wed Aug 06 2025 15:05:00 GMT+0530 (India Standard Time)","5830.00","5832.00","5828.50","5828.50"
"Wed Aug 06 2025 15:10:00 GMT+0530 (India Standard Time)","5831.50","5831.50","5825.50","5828.00"
"Wed Aug 06 2025 15:15:00 GMT+0530 (India Standard Time)","5827.50","5827.50","5809.00","5813.00"
"Wed Aug 06 2025 15:20:00 GMT+0530 (India Standard Time)","5811.00","5818.00","5809.00","5812.00"
"Wed Aug 06 2025 15:25:00 GMT+0530 (India Standard Time)","5810.50","5810.50","5800.00","5802.00"
"Thu Aug 07 2025 09:15:00 GMT+0530 (India Standard Time)","5805.00","5807.00","5766.00","5787.00"
"Thu Aug 07 2025 09:20:00 GMT+0530 (India Standard Time)","5782.00","5798.00","5777.50","5789.50"
"Thu Aug 07 2025 09:25:00 GMT+0530 (India Standard Time)","5795.50","5807.50","5793.50","5798.50"
"Thu Aug 07 2025 09:30:00 GMT+0530 (India Standard Time)","5798.50","5809.50","5792.00","5805.00"
"Thu Aug 07 2025 09:35:00 GMT+0530 (India Standard Time)","5805.00","5825.00","5802.00","5822.50"
"Thu Aug 07 2025 09:40:00 GMT+0530 (India Standard Time)","5822.50","5834.50","5807.00","5812.00"
"Thu Aug 07 2025 09:45:00 GMT+0530 (India Standard Time)","5812.50","5815.00","5805.00","5809.50"
"Thu Aug 07 2025 09:50:00 GMT+0530 (India Standard Time)","5809.50","5814.50","5806.00","5811.00"
"Thu Aug 07 2025 09:55:00 GMT+0530 (India Standard Time)","5811.00","5811.00","5794.00","5795.00"
"Thu Aug 07 2025 10:00:00 GMT+0530 (India Standard Time)","5792.50","5799.50","5785.50","5795.50"
"Thu Aug 07 2025 10:05:00 GMT+0530 (India Standard Time)","5797.00","5797.00","5788.00","5790.00"
"Thu Aug 07 2025 10:10:00 GMT+0530 (India Standard Time)","5790.00","5792.00","5784.00","5784.00"
"Thu Aug 07 2025 10:15:00 GMT+0530 (India Standard Time)","5784.00","5788.50","5778.50","5786.00"
"Thu Aug 07 2025 10:20:00 GMT+0530 (India Standard Time)","5786.00","5790.50","5780.50","5781.50"
"Thu Aug 07 2025 10:25:00 GMT+0530 (India Standard Time)","5781.50","5784.00","5767.50","5770.00"
"Thu Aug 07 2025 10:30:00 GMT+0530 (India Standard Time)","5770.00","5772.00","5758.50","5771.50"
"Thu Aug 07 2025 10:35:00 GMT+0530 (India Standard Time)","5771.50","5773.00","5757.00","5760.50"
"Thu Aug 07 2025 10:40:00 GMT+0530 (India Standard Time)","5760.50","5768.50","5758.00","5765.50"
"Thu Aug 07 2025 10:45:00 GMT+0530 (India Standard Time)","5768.50","5769.00","5757.00","5759.00"
"Thu Aug 07 2025 10:50:00 GMT+0530 (India Standard Time)","5763.50","5774.50","5762.00","5765.50"
"Thu Aug 07 2025 10:55:00 GMT+0530 (India Standard Time)","5765.50","5773.00","5763.50","5768.00"
"Thu Aug 07 2025 11:00:00 GMT+0530 (India Standard Time)","5768.00","5770.50","5760.50","5763.50"
"Thu Aug 07 2025 11:05:00 GMT+0530 (India Standard Time)","5764.00","5775.50","5757.00","5775.50"
"Thu Aug 07 2025 11:10:00 GMT+0530 (India Standard Time)","5773.50","5777.50","5758.50","5761.00"
"Thu Aug 07 2025 11:15:00 GMT+0530 (India Standard Time)","5761.00","5765.00","5758.50","5758.50"
"Thu Aug 07 2025 11:20:00 GMT+0530 (India Standard Time)","5758.50","5762.00","5757.50","5759.00"
"Thu Aug 07 2025 11:25:00 GMT+0530 (India Standard Time)","5759.00","5764.50","5758.00","5760.00"
"Thu Aug 07 2025 11:30:00 GMT+0530 (India Standard Time)","5757.00","5759.50","5751.00","5755.00"
"Thu Aug 07 2025 11:35:00 GMT+0530 (India Standard Time)","5755.00","5757.00","5752.00","5752.50"
"Thu Aug 07 2025 11:40:00 GMT+0530 (India Standard Time)","5752.50","5760.00","5735.50","5738.00"
"Thu Aug 07 2025 11:45:00 GMT+0530 (India Standard Time)","5738.00","5745.00","5736.50","5740.00"
"Thu Aug 07 2025 11:50:00 GMT+0530 (India Standard Time)","5740.00","5746.50","5735.00","5744.00"
"Thu Aug 07 2025 11:55:00 GMT+0530 (India Standard Time)","5744.00","5744.00","5740.50","5740.50"
"Thu Aug 07 2025 12:00:00 GMT+0530 (India Standard Time)","5741.00","5742.50","5733.00","5735.00"
"Thu Aug 07 2025 12:05:00 GMT+0530 (India Standard Time)","5735.00","5745.50","5735.00","5740.00"
"Thu Aug 07 2025 12:10:00 GMT+0530 (India Standard Time)","5740.00","5769.00","5738.00","5768.50"
"Thu Aug 07 2025 12:15:00 GMT+0530 (India Standard Time)","5768.50","5784.00","5768.50","5780.50"
"Thu Aug 07 2025 12:20:00 GMT+0530 (India Standard Time)","5780.50","5783.00","5780.00","5782.00"
"Thu Aug 07 2025 12:25:00 GMT+0530 (India Standard Time)","5782.00","5790.00","5779.00","5787.00"
"Thu Aug 07 2025 12:30:00 GMT+0530 (India Standard Time)","5787.00","5788.50","5780.00","5780.00"
"Thu Aug 07 2025 12:35:00 GMT+0530 (India Standard Time)","5780.00","5789.00","5778.50","5784.50"
"Thu Aug 07 2025 12:40:00 GMT+0530 (India Standard Time)","5784.50","5789.00","5783.00","5787.50"
"Thu Aug 07 2025 12:45:00 GMT+0530 (India Standard Time)","5787.50","5787.50","5779.50","5780.50"
"Thu Aug 07 2025 12:50:00 GMT+0530 (India Standard Time)","5783.50","5784.50","5779.50","5784.00"
"Thu Aug 07 2025 12:55:00 GMT+0530 (India Standard Time)","5784.00","5785.00","5780.50","5785.00"
"Thu Aug 07 2025 13:00:00 GMT+0530 (India Standard Time)","5785.00","5785.00","5780.00","5780.00"
"Thu Aug 07 2025 13:05:00 GMT+0530 (India Standard Time)","5780.00","5783.00","5780.00","5781.00"
"Thu Aug 07 2025 13:10:00 GMT+0530 (India Standard Time)","5781.00","5782.50","5778.00","5780.00"
"Thu Aug 07 2025 13:15:00 GMT+0530 (India Standard Time)","5780.00","5782.50","5777.00","5780.00"
"Thu Aug 07 2025 13:20:00 GMT+0530 (India Standard Time)","5780.00","5780.00","5766.50","5766.50"
"Thu Aug 07 2025 13:25:00 GMT+0530 (India Standard Time)","5766.50","5771.50","5760.00","5771.50"
"Thu Aug 07 2025 13:30:00 GMT+0530 (India Standard Time)","5771.50","5780.50","5771.00","5779.00"
"Thu Aug 07 2025 13:35:00 GMT+0530 (India Standard Time)","5779.00","5780.50","5776.00","5779.50"
"Thu Aug 07 2025 13:40:00 GMT+0530 (India Standard Time)","5779.50","5793.00","5779.50","5790.00"
"Thu Aug 07 2025 13:45:00 GMT+0530 (India Standard Time)","5790.00","5797.00","5781.50","5787.00"
"Thu Aug 07 2025 13:50:00 GMT+0530 (India Standard Time)","5788.00","5793.00","5785.00","5791.50"
"Thu Aug 07 2025 13:55:00 GMT+0530 (India Standard Time)","5791.50","5799.00","5790.00","5795.00"
"Thu Aug 07 2025 14:00:00 GMT+0530 (India Standard Time)","5795.00","5797.50","5789.50","5795.00"
"Thu Aug 07 2025 14:05:00 GMT+0530 (India Standard Time)","5795.00","5811.00","5794.00","5802.50"
"Thu Aug 07 2025 14:10:00 GMT+0530 (India Standard Time)","5802.50","5808.00","5801.50","5804.00"
"Thu Aug 07 2025 14:15:00 GMT+0530 (India Standard Time)","5804.00","5827.50","5804.00","5821.00"
"Thu Aug 07 2025 14:20:00 GMT+0530 (India Standard Time)","5821.00","5835.00","5806.00","5806.00"
"Thu Aug 07 2025 14:25:00 GMT+0530 (India Standard Time)","5806.00","5812.50","5802.00","5812.50"
"Thu Aug 07 2025 14:30:00 GMT+0530 (India Standard Time)","5812.50","5819.50","5809.00","5813.50"
"Thu Aug 07 2025 14:35:00 GMT+0530 (India Standard Time)","5813.50","5816.00","5806.00","5806.00"
"Thu Aug 07 2025 14:40:00 GMT+0530 (India Standard Time)","5806.00","5819.00","5805.00","5819.00"
"Thu Aug 07 2025 14:45:00 GMT+0530 (India Standard Time)","5819.00","5823.50","5811.00","5821.00"
"Thu Aug 07 2025 14:50:00 GMT+0530 (India Standard Time)","5821.00","5834.00","5821.00","5832.50"
"Thu Aug 07 2025 14:55:00 GMT+0530 (India Standard Time)","5832.50","5842.00","5826.00","5835.00"
"Thu Aug 07 2025 15:00:00 GMT+0530 (India Standard Time)","5836.50","5857.00","5833.50","5855.00"
"Thu Aug 07 2025 15:05:00 GMT+0530 (India Standard Time)","5855.00","5867.00","5850.00","5857.00"
"Thu Aug 07 2025 15:10:00 GMT+0530 (India Standard Time)","5855.00","5868.00","5854.50","5863.00"
"Thu Aug 07 2025 15:15:00 GMT+0530 (India Standard Time)","5865.00","5875.00","5863.00","5874.00"
"Thu Aug 07 2025 15:20:00 GMT+0530 (India Standard Time)","5872.00","5881.00","5867.00","5881.00"
"Thu Aug 07 2025 15:25:00 GMT+0530 (India Standard Time)","5881.00","5892.00","5875.00","5892.00"
"Fri Aug 08 2025 09:15:00 GMT+0530 (India Standard Time)","5850.00","5865.00","5815.00","5841.50"
"Fri Aug 08 2025 09:20:00 GMT+0530 (India Standard Time)","5843.00","5871.00","5843.00","5862.00"
"Fri Aug 08 2025 09:25:00 GMT+0530 (India Standard Time)","5862.00","5864.00","5845.00","5845.00"
"Fri Aug 08 2025 09:30:00 GMT+0530 (India Standard Time)","5845.00","5859.50","5845.00","5855.50"
"Fri Aug 08 2025 09:35:00 GMT+0530 (India Standard Time)","5855.50","5866.50","5847.00","5849.50"
"Fri Aug 08 2025 09:40:00 GMT+0530 (India Standard Time)","5849.50","5865.00","5848.00","5856.00"
"Fri Aug 08 2025 09:45:00 GMT+0530 (India Standard Time)","5856.00","5857.00","5836.50","5849.00"
"Fri Aug 08 2025 09:50:00 GMT+0530 (India Standard Time)","5849.00","5854.50","5849.00","5851.50"
"Fri Aug 08 2025 09:55:00 GMT+0530 (India Standard Time)","5851.50","5853.00","5836.50","5837.00"
"Fri Aug 08 2025 10:00:00 GMT+0530 (India Standard Time)","5837.00","5838.50","5825.50","5828.00"
"Fri Aug 08 2025 10:05:00 GMT+0530 (India Standard Time)","5828.00","5832.50","5821.00","5827.00"
"Fri Aug 08 2025 10:10:00 GMT+0530 (India Standard Time)","5827.00","5833.00","5822.50","5825.00"
"Fri Aug 08 2025 10:15:00 GMT+0530 (India Standard Time)","5825.00","5827.50","5816.50","5827.50"
"Fri Aug 08 2025 10:20:00 GMT+0530 (India Standard Time)","5827.50","5827.50","5813.00","5825.00"
"Fri Aug 08 2025 10:25:00 GMT+0530 (India Standard Time)","5825.00","5833.50","5819.50","5830.00"
"Fri Aug 08 2025 10:30:00 GMT+0530 (India Standard Time)","5830.00","5830.00","5818.00","5819.00"
"Fri Aug 08 2025 10:35:00 GMT+0530 (India Standard Time)","5819.00","5822.00","5817.50","5819.00"
"Fri Aug 08 2025 10:40:00 GMT+0530 (India Standard Time)","5819.00","5824.00","5812.00","5814.50"
"Fri Aug 08 2025 10:45:00 GMT+0530 (India Standard Time)","5814.50","5814.50","5806.50","5807.00"
"Fri Aug 08 2025 10:50:00 GMT+0530 (India Standard Time)","5807.00","5815.50","5806.00","5809.50"
"Fri Aug 08 2025 10:55:00 GMT+0530 (India Standard Time)","5809.50","5809.50","5800.00","5800.50"
"Fri Aug 08 2025 11:00:00 GMT+0530 (India Standard Time)","5802.50","5822.00","5800.50","5800.50"
"Fri Aug 08 2025 11:05:00 GMT+0530 (India Standard Time)","5800.50","5812.00","5800.50","5805.00"
"Fri Aug 08 2025 11:10:00 GMT+0530 (India Standard Time)","5804.00","5814.50","5800.00","5812.00"
"Fri Aug 08 2025 11:15:00 GMT+0530 (India Standard Time)","5812.00","5812.50","5807.50","5811.00"
"Fri Aug 08 2025 11:20:00 GMT+0530 (India Standard Time)","5811.00","5815.00","5804.50","5804.50"
"Fri Aug 08 2025 11:25:00 GMT+0530 (India Standard Time)","5804.50","5811.50","5804.50","5810.00"
"Fri Aug 08 2025 11:30:00 GMT+0530 (India Standard Time)","5810.00","5811.50","5805.50","5811.50"
"Fri Aug 08 2025 11:35:00 GMT+0530 (India Standard Time)","5811.50","5821.00","5811.50","5814.00"
"Fri Aug 08 2025 11:40:00 GMT+0530 (India Standard Time)","5814.00","5815.50","5813.00","5813.00"
"Fri Aug 08 2025 11:45:00 GMT+0530 (India Standard Time)","5813.00","5813.00","5805.50","5811.00"
"Fri Aug 08 2025 11:50:00 GMT+0530 (India Standard Time)","5811.00","5818.50","5806.50","5818.50"
"Fri Aug 08 2025 11:55:00 GMT+0530 (India Standard Time)","5818.50","5822.50","5814.00","5822.50"
"Fri Aug 08 2025 12:00:00 GMT+0530 (India Standard Time)","5822.50","5831.50","5821.00","5824.00"
"Fri Aug 08 2025 12:05:00 GMT+0530 (India Standard Time)","5824.00","5842.50","5821.00","5824.50"
"Fri Aug 08 2025 12:10:00 GMT+0530 (India Standard Time)","5824.50","5847.00","5822.00","5847.00"
"Fri Aug 08 2025 12:15:00 GMT+0530 (India Standard Time)","5847.00","5850.00","5841.50","5847.50"
"Fri Aug 08 2025 12:20:00 GMT+0530 (India Standard Time)","5847.50","5850.00","5843.00","5843.50"
"Fri Aug 08 2025 12:25:00 GMT+0530 (India Standard Time)","5843.50","5855.00","5843.00","5851.50"
"Fri Aug 08 2025 12:30:00 GMT+0530 (India Standard Time)","5851.50","5855.00","5849.50","5853.00"
"Fri Aug 08 2025 12:35:00 GMT+0530 (India Standard Time)","5853.00","5857.50","5840.50","5840.50"
"Fri Aug 08 2025 12:40:00 GMT+0530 (India Standard Time)","5840.50","5840.50","5833.50","5839.00"
"Fri Aug 08 2025 12:45:00 GMT+0530 (India Standard Time)","5839.00","5839.00","5831.50","5838.00"
"Fri Aug 08 2025 12:50:00 GMT+0530 (India Standard Time)","5838.00","5843.50","5836.00","5836.00"
"Fri Aug 08 2025 12:55:00 GMT+0530 (India Standard Time)","5836.00","5837.00","5832.50","5834.00"
"Fri Aug 08 2025 13:00:00 GMT+0530 (India Standard Time)","5834.00","5835.00","5827.50","5833.00"
"Fri Aug 08 2025 13:05:00 GMT+0530 (India Standard Time)","5833.00","5834.00","5825.00","5825.00"
"Fri Aug 08 2025 13:10:00 GMT+0530 (India Standard Time)","5825.00","5828.50","5818.50","5823.50"
"Fri Aug 08 2025 13:15:00 GMT+0530 (India Standard Time)","5823.50","5831.00","5820.00","5820.00"
"Fri Aug 08 2025 13:20:00 GMT+0530 (India Standard Time)","5820.00","5824.50","5813.00","5820.50"
"Fri Aug 08 2025 13:25:00 GMT+0530 (India Standard Time)","5820.50","5820.50","5813.00","5816.50"
"Fri Aug 08 2025 13:30:00 GMT+0530 (India Standard Time)","5816.50","5822.00","5812.50","5816.00"
"Fri Aug 08 2025 13:35:00 GMT+0530 (India Standard Time)","5816.00","5832.00","5816.00","5831.00"
"Fri Aug 08 2025 13:40:00 GMT+0530 (India Standard Time)","5834.50","5835.00","5828.50","5829.00"
"Fri Aug 08 2025 13:45:00 GMT+0530 (India Standard Time)","5829.00","5829.00","5822.50","5828.00"
"Fri Aug 08 2025 13:50:00 GMT+0530 (India Standard Time)","5828.00","5828.00","5818.50","5818.50"
"Fri Aug 08 2025 13:55:00 GMT+0530 (India Standard Time)","5818.50","5821.00","5810.00","5813.50"
"Fri Aug 08 2025 14:00:00 GMT+0530 (India Standard Time)","5813.50","5818.50","5810.00","5813.50"
"Fri Aug 08 2025 14:05:00 GMT+0530 (India Standard Time)","5813.50","5815.00","5810.00","5811.00"
"Fri Aug 08 2025 14:10:00 GMT+0530 (India Standard Time)","5811.00","5812.50","5801.00","5807.00"
"Fri Aug 08 2025 14:15:00 GMT+0530 (India Standard Time)","5807.00","5814.00","5802.50","5810.50"
"Fri Aug 08 2025 14:20:00 GMT+0530 (India Standard Time)","5810.50","5813.00","5802.50","5806.00"
"Fri Aug 08 2025 14:25:00 GMT+0530 (India Standard Time)","5806.00","5807.50","5801.00","5801.50"
"Fri Aug 08 2025 14:30:00 GMT+0530 (India Standard Time)","5804.00","5810.00","5800.00","5807.50"
"Fri Aug 08 2025 14:35:00 GMT+0530 (India Standard Time)","5807.50","5810.00","5803.50","5808.50"
"Fri Aug 08 2025 14:40:00 GMT+0530 (India Standard Time)","5808.50","5816.50","5805.00","5814.50"
"Fri Aug 08 2025 14:45:00 GMT+0530 (India Standard Time)","5814.50","5814.50","5802.00","5808.00"
"Fri Aug 08 2025 14:50:00 GMT+0530 (India Standard Time)","5808.00","5808.50","5800.00","5804.50"
"Fri Aug 08 2025 14:55:00 GMT+0530 (India Standard Time)","5804.50","5807.00","5793.00","5793.00"
"Fri Aug 08 2025 15:00:00 GMT+0530 (India Standard Time)","5794.00","5794.00","5777.00","5780.00"
"Fri Aug 08 2025 15:05:00 GMT+0530 (India Standard Time)","5780.50","5785.50","5770.50","5772.00"
"Fri Aug 08 2025 15:10:00 GMT+0530 (India Standard Time)","5770.50","5775.50","5761.50","5764.50"
"Fri Aug 08 2025 15:15:00 GMT+0530 (India Standard Time)","5764.50","5764.50","5750.00","5750.50"
"Fri Aug 08 2025 15:20:00 GMT+0530 (India Standard Time)","5750.50","5751.50","5741.50","5748.50"
"Fri Aug 08 2025 15:25:00 GMT+0530 (India Standard Time)","5749.00","5753.00","5735.00","5753.00"
"Mon Aug 11 2025 09:15:00 GMT+0530 (India Standard Time)","5759.50","5769.50","5712.00","5720.50"
"Mon Aug 11 2025 09:20:00 GMT+0530 (India Standard Time)","5717.00","5727.00","5709.00","5723.50"
"Mon Aug 11 2025 09:25:00 GMT+0530 (India Standard Time)","5725.50","5727.00","5698.50","5707.50"
"Mon Aug 11 2025 09:30:00 GMT+0530 (India Standard Time)","5708.00","5708.00","5682.00","5695.50"
"Mon Aug 11 2025 09:35:00 GMT+0530 (India Standard Time)","5698.50","5700.00","5690.00","5690.50"
"Mon Aug 11 2025 09:40:00 GMT+0530 (India Standard Time)","5693.00","5697.50","5679.00","5693.00"
"Mon Aug 11 2025 09:45:00 GMT+0530 (India Standard Time)","5693.00","5693.00","5675.00","5679.00"
"Mon Aug 11 2025 09:50:00 GMT+0530 (India Standard Time)","5680.50","5707.00","5679.50","5687.50"
"Mon Aug 11 2025 09:55:00 GMT+0530 (India Standard Time)","5687.50","5707.00","5687.50","5696.50"
"Mon Aug 11 2025 10:00:00 GMT+0530 (India Standard Time)","5696.00","5705.00","5695.00","5700.00"
"Mon Aug 11 2025 10:05:00 GMT+0530 (India Standard Time)","5700.00","5700.00","5681.50","5684.50"
"Mon Aug 11 2025 10:10:00 GMT+0530 (India Standard Time)","5684.50","5693.50","5684.50","5691.50"
"Mon Aug 11 2025 10:15:00 GMT+0530 (India Standard Time)","5688.50","5700.00","5688.00","5696.00"
"Mon Aug 11 2025 10:20:00 GMT+0530 (India Standard Time)","5697.50","5707.50","5692.00","5707.50"
"Mon Aug 11 2025 10:25:00 GMT+0530 (India Standard Time)","5707.50","5709.00","5701.50","5707.00"
"Mon Aug 11 2025 10:30:00 GMT+0530 (India Standard Time)","5707.00","5714.50","5697.00","5701.00"
"Mon Aug 11 2025 10:35:00 GMT+0530 (India Standard Time)","5701.00","5702.50","5697.00","5700.00"
"Mon Aug 11 2025 10:40:00 GMT+0530 (India Standard Time)","5700.00","5707.50","5690.00","5701.50"
"Mon Aug 11 2025 10:45:00 GMT+0530 (India Standard Time)","5701.50","5712.00","5701.50","5710.00"
"Mon Aug 11 2025 10:50:00 GMT+0530 (India Standard Time)","5710.00","5724.00","5708.00","5719.50"
"Mon Aug 11 2025 10:55:00 GMT+0530 (India Standard Time)","5719.50","5721.00","5710.50","5711.50"
"Mon Aug 11 2025 11:00:00 GMT+0530 (India Standard Time)","5711.50","5719.50","5710.00","5714.50"
"Mon Aug 11 2025 11:05:00 GMT+0530 (India Standard Time)","5715.00","5717.00","5712.50","5715.00"
"Mon Aug 11 2025 11:10:00 GMT+0530 (India Standard Time)","5712.00","5716.50","5696.00","5699.00"
"Mon Aug 11 2025 11:15:00 GMT+0530 (India Standard Time)","5699.00","5699.00","5690.50","5695.00"
"Mon Aug 11 2025 11:20:00 GMT+0530 (India Standard Time)","5695.00","5699.00","5692.00","5698.00"
"Mon Aug 11 2025 11:25:00 GMT+0530 (India Standard Time)","5698.00","5704.00","5695.00","5696.00"
"Mon Aug 11 2025 11:30:00 GMT+0530 (India Standard Time)","5696.00","5701.50","5690.50","5692.00"
"Mon Aug 11 2025 11:35:00 GMT+0530 (India Standard Time)","5692.00","5693.50","5686.50","5686.50"
"Mon Aug 11 2025 11:40:00 GMT+0530 (India Standard Time)","5689.00","5689.00","5682.00","5682.00"
"Mon Aug 11 2025 11:45:00 GMT+0530 (India Standard Time)","5682.00","5686.50","5679.00","5680.00"
"Mon Aug 11 2025 11:50:00 GMT+0530 (India Standard Time)","5680.00","5680.50","5670.00","5679.50"
"Mon Aug 11 2025 11:55:00 GMT+0530 (India Standard Time)","5679.50","5687.50","5678.00","5687.50"
"Mon Aug 11 2025 12:00:00 GMT+0530 (India Standard Time)","5687.50","5696.00","5685.00","5686.50"
"Mon Aug 11 2025 12:05:00 GMT+0530 (India Standard Time)","5686.50","5692.00","5682.50","5687.00"
"Mon Aug 11 2025 12:10:00 GMT+0530 (India Standard Time)","5687.00","5694.00","5686.00","5694.00"
"Mon Aug 11 2025 12:15:00 GMT+0530 (India Standard Time)","5694.00","5699.00","5692.50","5695.00"
"Mon Aug 11 2025 12:20:00 GMT+0530 (India Standard Time)","5695.00","5695.50","5691.00","5693.50"
"Mon Aug 11 2025 12:25:00 GMT+0530 (India Standard Time)","5693.50","5712.00","5693.00","5708.00"
"Mon Aug 11 2025 12:30:00 GMT+0530 (India Standard Time)","5707.00","5707.00","5697.00","5701.50"
"Mon Aug 11 2025 12:35:00 GMT+0530 (India Standard Time)","5701.50","5707.00","5701.50","5707.00"
"Mon Aug 11 2025 12:40:00 GMT+0530 (India Standard Time)","5707.00","5709.00","5703.50","5709.00"
"Mon Aug 11 2025 12:45:00 GMT+0530 (India Standard Time)","5709.00","5709.50","5701.50","5704.50"
"Mon Aug 11 2025 12:50:00 GMT+0530 (India Standard Time)","5704.50","5711.00","5704.50","5711.00"
"Mon Aug 11 2025 12:55:00 GMT+0530 (India Standard Time)","5711.00","5711.00","5706.00","5710.00"
"Mon Aug 11 2025 13:00:00 GMT+0530 (India Standard Time)","5710.00","5711.00","5704.00","5706.50"
"Mon Aug 11 2025 13:05:00 GMT+0530 (India Standard Time)","5706.50","5707.00","5701.00","5706.50"
"Mon Aug 11 2025 13:10:00 GMT+0530 (India Standard Time)","5706.50","5709.00","5700.00","5705.00"
"Mon Aug 11 2025 13:15:00 GMT+0530 (India Standard Time)","5705.00","5725.00","5705.00","5721.50"
"Mon Aug 11 2025 13:20:00 GMT+0530 (India Standard Time)","5721.50","5735.50","5706.00","5711.00"
"Mon Aug 11 2025 13:25:00 GMT+0530 (India Standard Time)","5711.00","5711.00","5692.50","5699.00"
"Mon Aug 11 2025 13:30:00 GMT+0530 (India Standard Time)","5699.50","5700.50","5696.00","5696.50"
"Mon Aug 11 2025 13:35:00 GMT+0530 (India Standard Time)","5700.50","5700.50","5693.00","5696.50"
"Mon Aug 11 2025 13:40:00 GMT+0530 (India Standard Time)","5696.50","5698.00","5690.50","5694.50"
"Mon Aug 11 2025 13:45:00 GMT+0530 (India Standard Time)","5694.50","5697.50","5691.50","5697.50"
"Mon Aug 11 2025 13:50:00 GMT+0530 (India Standard Time)","5697.50","5704.50","5695.00","5704.00"
"Mon Aug 11 2025 13:55:00 GMT+0530 (India Standard Time)","5704.00","5705.00","5700.00","5701.50"
"Mon Aug 11 2025 14:00:00 GMT+0530 (India Standard Time)","5701.50","5707.00","5698.50","5701.00"
"Mon Aug 11 2025 14:05:00 GMT+0530 (India Standard Time)","5701.00","5705.00","5698.50","5704.00"
"Mon Aug 11 2025 14:10:00 GMT+0530 (India Standard Time)","5704.00","5704.00","5693.00","5693.00"
"Mon Aug 11 2025 14:15:00 GMT+0530 (India Standard Time)","5696.50","5696.50","5682.00","5684.50"
"Mon Aug 11 2025 14:20:00 GMT+0530 (India Standard Time)","5684.00","5695.00","5679.50","5686.00"
"Mon Aug 11 2025 14:25:00 GMT+0530 (India Standard Time)","5686.00","5688.50","5676.00","5685.00"
"Mon Aug 11 2025 14:30:00 GMT+0530 (India Standard Time)","5683.50","5694.00","5683.50","5690.00"
"Mon Aug 11 2025 14:35:00 GMT+0530 (India Standard Time)","5686.50","5693.00","5686.50","5686.50"
"Mon Aug 11 2025 14:40:00 GMT+0530 (India Standard Time)","5686.50","5688.50","5680.00","5683.00"
"Mon Aug 11 2025 14:45:00 GMT+0530 (India Standard Time)","5683.00","5689.00","5681.00","5686.00"
"Mon Aug 11 2025 14:50:00 GMT+0530 (India Standard Time)","5687.50","5687.50","5681.00","5687.00"
"Mon Aug 11 2025 14:55:00 GMT+0530 (India Standard Time)","5687.00","5687.00","5682.00","5685.00"
"Mon Aug 11 2025 15:00:00 GMT+0530 (India Standard Time)","5685.00","5690.00","5684.00","5687.50"
"Mon Aug 11 2025 15:05:00 GMT+0530 (India Standard Time)","5687.50","5688.00","5685.50","5687.50"
"Mon Aug 11 2025 15:10:00 GMT+0530 (India Standard Time)","5686.00","5687.50","5680.00","5682.00"
"Mon Aug 11 2025 15:15:00 GMT+0530 (India Standard Time)","5680.50","5682.00","5672.50","5673.00"
"Mon Aug 11 2025 15:20:00 GMT+0530 (India Standard Time)","5673.00","5674.50","5666.00","5667.00"
"Mon Aug 11 2025 15:25:00 GMT+0530 (India Standard Time)","5667.00","5674.00","5665.00","5670.00"
"Tue Aug 12 2025 09:15:00 GMT+0530 (India Standard Time)","5683.00","5705.00","5667.50","5699.00"
"Tue Aug 12 2025 09:20:00 GMT+0530 (India Standard Time)","5696.00","5725.00","5695.00","5722.50"
"Tue Aug 12 2025 09:25:00 GMT+0530 (India Standard Time)","5724.00","5730.00","5708.00","5710.00"
"Tue Aug 12 2025 09:30:00 GMT+0530 (India Standard Time)","5712.00","5713.50","5703.00","5710.50"
"Tue Aug 12 2025 09:35:00 GMT+0530 (India Standard Time)","5710.50","5716.50","5701.00","5702.00"
"Tue Aug 12 2025 09:40:00 GMT+0530 (India Standard Time)","5703.00","5711.00","5696.00","5710.50"
"Tue Aug 12 2025 09:45:00 GMT+0530 (India Standard Time)","5710.50","5725.00","5710.50","5720.00"
"Tue Aug 12 2025 09:50:00 GMT+0530 (India Standard Time)","5720.00","5726.00","5717.50","5720.50"
"Tue Aug 12 2025 09:55:00 GMT+0530 (India Standard Time)","5720.50","5722.00","5716.00","5719.00"
"Tue Aug 12 2025 10:00:00 GMT+0530 (India Standard Time)","5719.00","5729.50","5718.00","5721.50"
"Tue Aug 12 2025 10:05:00 GMT+0530 (India Standard Time)","5721.50","5722.00","5710.00","5717.50"
"Tue Aug 12 2025 10:10:00 GMT+0530 (India Standard Time)","5718.00","5720.00","5708.00","5712.00"
"Tue Aug 12 2025 10:15:00 GMT+0530 (India Standard Time)","5712.50","5713.50","5696.00","5697.50"
"Tue Aug 12 2025 10:20:00 GMT+0530 (India Standard Time)","5705.00","5709.50","5700.00","5707.00"
"Tue Aug 12 2025 10:25:00 GMT+0530 (India Standard Time)","5707.00","5707.50","5694.00","5700.50"
"Tue Aug 12 2025 10:30:00 GMT+0530 (India Standard Time)","5696.00","5698.00","5683.00","5687.00"
"Tue Aug 12 2025 10:35:00 GMT+0530 (India Standard Time)","5690.50","5693.00","5683.00","5689.00"
"Tue Aug 12 2025 10:40:00 GMT+0530 (India Standard Time)","5689.00","5689.50","5678.50","5682.50"
"Tue Aug 12 2025 10:45:00 GMT+0530 (India Standard Time)","5682.50","5686.00","5675.50","5681.50"
"Tue Aug 12 2025 10:50:00 GMT+0530 (India Standard Time)","5681.50","5687.50","5675.00","5678.00"
"Tue Aug 12 2025 10:55:00 GMT+0530 (India Standard Time)","5678.00","5682.00","5675.00","5679.00"
"Tue Aug 12 2025 11:00:00 GMT+0530 (India Standard Time)","5679.00","5680.50","5675.00","5678.50"
"Tue Aug 12 2025 11:05:00 GMT+0530 (India Standard Time)","5675.50","5680.50","5675.00","5678.50"
"Tue Aug 12 2025 11:10:00 GMT+0530 (India Standard Time)","5678.50","5679.00","5674.00","5678.00"
"Tue Aug 12 2025 11:15:00 GMT+0530 (India Standard Time)","5678.00","5687.00","5678.00","5684.00"
"Tue Aug 12 2025 11:20:00 GMT+0530 (India Standard Time)","5684.00","5689.50","5676.00","5680.50"
"Tue Aug 12 2025 11:25:00 GMT+0530 (India Standard Time)","5680.50","5681.00","5670.00","5672.00"
"Tue Aug 12 2025 11:30:00 GMT+0530 (India Standard Time)","5671.00","5675.00","5661.00","5663.50"
"Tue Aug 12 2025 11:35:00 GMT+0530 (India Standard Time)","5668.00","5670.50","5665.00","5665.50"
"Tue Aug 12 2025 11:40:00 GMT+0530 (India Standard Time)","5668.00","5668.00","5660.50","5666.50"
"Tue Aug 12 2025 11:45:00 GMT+0530 (India Standard Time)","5666.50","5668.00","5661.50","5664.00"
"Tue Aug 12 2025 11:50:00 GMT+0530 (India Standard Time)","5664.00","5664.00","5654.50","5664.00"
"Tue Aug 12 2025 11:55:00 GMT+0530 (India Standard Time)","5664.00","5668.00","5662.00","5667.00"
"Tue Aug 12 2025 12:00:00 GMT+0530 (India Standard Time)","5667.00","5673.00","5666.50","5666.50"
"Tue Aug 12 2025 12:05:00 GMT+0530 (India Standard Time)","5666.50","5670.00","5662.50","5670.00"
"Tue Aug 12 2025 12:10:00 GMT+0530 (India Standard Time)","5670.00","5670.00","5663.00","5666.50"
"Tue Aug 12 2025 12:15:00 GMT+0530 (India Standard Time)","5666.50","5667.50","5662.00","5666.50"
"Tue Aug 12 2025 12:20:00 GMT+0530 (India Standard Time)","5666.50","5674.50","5664.00","5673.00"
"Tue Aug 12 2025 12:25:00 GMT+0530 (India Standard Time)","5673.00","5678.00","5670.00","5678.00"
"Tue Aug 12 2025 12:30:00 GMT+0530 (India Standard Time)","5678.00","5685.50","5674.00","5678.00"
"Tue Aug 12 2025 12:35:00 GMT+0530 (India Standard Time)","5678.00","5680.00","5676.00","5679.50"
"Tue Aug 12 2025 12:40:00 GMT+0530 (India Standard Time)","5679.50","5680.00","5677.50","5678.00"
"Tue Aug 12 2025 12:45:00 GMT+0530 (India Standard Time)","5678.00","5679.00","5668.00","5670.00"
"Tue Aug 12 2025 12:50:00 GMT+0530 (India Standard Time)","5670.00","5674.00","5665.50","5669.00"
"Tue Aug 12 2025 12:55:00 GMT+0530 (India Standard Time)","5669.00","5670.50","5664.50","5664.50"
"Tue Aug 12 2025 13:00:00 GMT+0530 (India Standard Time)","5664.50","5667.00","5664.50","5667.00"
"Tue Aug 12 2025 13:05:00 GMT+0530 (India Standard Time)","5667.00","5667.00","5655.00","5660.00"
"Tue Aug 12 2025 13:10:00 GMT+0530 (India Standard Time)","5660.00","5663.50","5652.00","5659.50"
"Tue Aug 12 2025 13:15:00 GMT+0530 (India Standard Time)","5659.50","5659.50","5652.50","5655.00"
"Tue Aug 12 2025 13:20:00 GMT+0530 (India Standard Time)","5655.00","5658.00","5651.50","5656.50"
"Tue Aug 12 2025 13:25:00 GMT+0530 (India Standard Time)","5656.50","5657.00","5645.50","5646.50"
"Tue Aug 12 2025 13:30:00 GMT+0530 (India Standard Time)","5646.50","5649.00","5636.50","5642.50"
"Tue Aug 12 2025 13:35:00 GMT+0530 (India Standard Time)","5642.50","5644.00","5636.50","5643.00"
"Tue Aug 12 2025 13:40:00 GMT+0530 (India Standard Time)","5643.00","5643.50","5640.00","5642.50"
"Tue Aug 12 2025 13:45:00 GMT+0530 (India Standard Time)","5642.50","5648.00","5641.50","5641.50"
"Tue Aug 12 2025 13:50:00 GMT+0530 (India Standard Time)","5641.50","5649.00","5641.50","5645.00"
"Tue Aug 12 2025 13:55:00 GMT+0530 (India Standard Time)","5645.00","5657.00","5644.50","5654.00"
"Tue Aug 12 2025 14:00:00 GMT+0530 (India Standard Time)","5654.00","5654.00","5643.00","5644.00"
"Tue Aug 12 2025 14:05:00 GMT+0530 (India Standard Time)","5644.00","5646.00","5634.00","5634.00"
"Tue Aug 12 2025 14:10:00 GMT+0530 (India Standard Time)","5634.00","5634.50","5625.00","5628.50"
"Tue Aug 12 2025 14:15:00 GMT+0530 (India Standard Time)","5628.50","5630.00","5622.00","5622.00"
"Tue Aug 12 2025 14:20:00 GMT+0530 (India Standard Time)","5622.00","5627.00","5611.00","5620.50"
"Tue Aug 12 2025 14:25:00 GMT+0530 (India Standard Time)","5620.50","5630.00","5620.50","5625.00"
"Tue Aug 12 2025 14:30:00 GMT+0530 (India Standard Time)","5625.00","5628.50","5623.50","5624.50"
"Tue Aug 12 2025 14:35:00 GMT+0530 (India Standard Time)","5624.50","5633.00","5621.00","5631.00"
"Tue Aug 12 2025 14:40:00 GMT+0530 (India Standard Time)","5633.00","5634.00","5627.50","5628.00"
"Tue Aug 12 2025 14:45:00 GMT+0530 (India Standard Time)","5628.00","5628.00","5615.50","5620.00"
"Tue Aug 12 2025 14:50:00 GMT+0530 (India Standard Time)","5620.00","5620.00","5611.50","5614.00"
"Tue Aug 12 2025 14:55:00 GMT+0530 (India Standard Time)","5613.50","5620.00","5612.00","5618.50"
"Tue Aug 12 2025 15:00:00 GMT+0530 (India Standard Time)","5620.00","5625.00","5615.00","5618.00"
"Tue Aug 12 2025 15:05:00 GMT+0530 (India Standard Time)","5618.00","5624.50","5617.50","5620.50"
"Tue Aug 12 2025 15:10:00 GMT+0530 (India Standard Time)","5622.00","5624.00","5618.50","5623.00"
"Tue Aug 12 2025 15:15:00 GMT+0530 (India Standard Time)","5622.00","5622.00","5612.00","5616.50"
"Tue Aug 12 2025 15:20:00 GMT+0530 (India Standard Time)","5617.00","5620.00","5612.50","5614.00"
"Tue Aug 12 2025 15:25:00 GMT+0530 (India Standard Time)","5614.50","5617.00","5611.50","5616.00"
"Wed Aug 13 2025 09:15:00 GMT+0530 (India Standard Time)","5639.50","5678.50","5638.00","5657.00"
"Wed Aug 13 2025 09:20:00 GMT+0530 (India Standard Time)","5665.00","5666.50","5631.50","5631.50"
"Wed Aug 13 2025 09:25:00 GMT+0530 (India Standard Time)","5631.00","5635.00","5584.50","5587.50"
"Wed Aug 13 2025 09:30:00 GMT+0530 (India Standard Time)","5584.50","5620.00","5581.50","5618.00"
"Wed Aug 13 2025 09:35:00 GMT+0530 (India Standard Time)","5622.00","5624.00","5602.50","5605.50"
"Wed Aug 13 2025 09:40:00 GMT+0530 (India Standard Time)","5609.00","5611.50","5605.00","5609.00"
"Wed Aug 13 2025 09:45:00 GMT+0530 (India Standard Time)","5609.00","5615.50","5605.00","5615.50"
"Wed Aug 13 2025 09:50:00 GMT+0530 (India Standard Time)","5615.00","5618.00","5603.00","5605.00"
"Wed Aug 13 2025 09:55:00 GMT+0530 (India Standard Time)","5605.00","5611.50","5601.00","5601.00"
"Wed Aug 13 2025 10:00:00 GMT+0530 (India Standard Time)","5607.00","5608.00","5595.00","5602.00"
"Wed Aug 13 2025 10:05:00 GMT+0530 (India Standard Time)","5602.00","5605.50","5596.50","5605.50"
"Wed Aug 13 2025 10:10:00 GMT+0530 (India Standard Time)","5605.50","5613.50","5605.50","5609.50"
"Wed Aug 13 2025 10:15:00 GMT+0530 (India Standard Time)","5609.50","5621.00","5608.50","5610.00"
"Wed Aug 13 2025 10:20:00 GMT+0530 (India Standard Time)","5610.00","5618.00","5606.00","5610.00"
"Wed Aug 13 2025 10:25:00 GMT+0530 (India Standard Time)","5610.00","5614.50","5606.00","5614.50"
"Wed Aug 13 2025 10:30:00 GMT+0530 (India Standard Time)","5614.00","5631.00","5611.50","5627.50"
"Wed Aug 13 2025 10:35:00 GMT+0530 (India Standard Time)","5627.50","5639.00","5625.50","5639.00"
"Wed Aug 13 2025 10:40:00 GMT+0530 (India Standard Time)","5639.00","5645.00","5630.50","5635.00"
"Wed Aug 13 2025 10:45:00 GMT+0530 (India Standard Time)","5637.50","5641.50","5632.50","5633.50"
"Wed Aug 13 2025 10:50:00 GMT+0530 (India Standard Time)","5633.50","5648.00","5633.50","5645.00"
"Wed Aug 13 2025 10:55:00 GMT+0530 (India Standard Time)","5645.00","5645.50","5640.00","5640.00"
"Wed Aug 13 2025 11:00:00 GMT+0530 (India Standard Time)","5643.00","5644.00","5637.50","5641.50"
"Wed Aug 13 2025 11:05:00 GMT+0530 (India Standard Time)","5638.00","5654.50","5638.00","5653.50"
"Wed Aug 13 2025 11:10:00 GMT+0530 (India Standard Time)","5653.50","5654.00","5646.00","5646.00"
"Wed Aug 13 2025 11:15:00 GMT+0530 (India Standard Time)","5646.50","5654.50","5646.50","5651.00"
"Wed Aug 13 2025 11:20:00 GMT+0530 (India Standard Time)","5653.00","5653.00","5640.00","5640.00"
"Wed Aug 13 2025 11:25:00 GMT+0530 (India Standard Time)","5640.00","5640.00","5628.00","5634.00"
"Wed Aug 13 2025 11:30:00 GMT+0530 (India Standard Time)","5632.00","5637.50","5626.50","5631.50"
"Wed Aug 13 2025 11:35:00 GMT+0530 (India Standard Time)","5631.50","5636.50","5629.00","5633.00"
"Wed Aug 13 2025 11:40:00 GMT+0530 (India Standard Time)","5633.00","5636.50","5620.50","5625.50"
"Wed Aug 13 2025 11:45:00 GMT+0530 (India Standard Time)","5620.00","5656.50","5616.50","5653.00"
"Wed Aug 13 2025 11:50:00 GMT+0530 (India Standard Time)","5653.00","5653.00","5643.50","5643.50"
"Wed Aug 13 2025 11:55:00 GMT+0530 (India Standard Time)","5643.50","5648.50","5636.50","5642.00"
"Wed Aug 13 2025 12:00:00 GMT+0530 (India Standard Time)","5642.00","5646.00","5631.50","5646.00"
"Wed Aug 13 2025 12:05:00 GMT+0530 (India Standard Time)","5646.00","5654.50","5646.00","5651.00"
"Wed Aug 13 2025 12:10:00 GMT+0530 (India Standard Time)","5651.00","5651.50","5647.00","5650.50"
"Wed Aug 13 2025 12:15:00 GMT+0530 (India Standard Time)","5650.50","5652.50","5647.50","5651.00"
"Wed Aug 13 2025 12:20:00 GMT+0530 (India Standard Time)","5651.00","5688.00","5648.00","5685.50"
"Wed Aug 13 2025 12:25:00 GMT+0530 (India Standard Time)","5685.50","5705.00","5676.50","5679.00"
"Wed Aug 13 2025 12:30:00 GMT+0530 (India Standard Time)","5679.00","5697.00","5674.50","5693.00"
"Wed Aug 13 2025 12:35:00 GMT+0530 (India Standard Time)","5693.00","5698.00","5688.00","5695.00"
"Wed Aug 13 2025 12:40:00 GMT+0530 (India Standard Time)","5695.00","5699.00","5695.00","5698.00"
"Wed Aug 13 2025 12:45:00 GMT+0530 (India Standard Time)","5698.00","5698.00","5693.00","5693.50"
"Wed Aug 13 2025 12:50:00 GMT+0530 (India Standard Time)","5693.50","5704.00","5693.50","5698.00"
"Wed Aug 13 2025 12:55:00 GMT+0530 (India Standard Time)","5698.00","5700.00","5693.50","5694.00"
"Wed Aug 13 2025 13:00:00 GMT+0530 (India Standard Time)","5694.00","5709.50","5694.00","5709.50"
"Wed Aug 13 2025 13:05:00 GMT+0530 (India Standard Time)","5709.50","5733.00","5707.00","5721.00"
"Wed Aug 13 2025 13:10:00 GMT+0530 (India Standard Time)","5721.00","5725.50","5706.50","5712.00"
"Wed Aug 13 2025 13:15:00 GMT+0530 (India Standard Time)","5714.00","5721.00","5709.00","5712.00"
"Wed Aug 13 2025 13:20:00 GMT+0530 (India Standard Time)","5712.00","5712.00","5693.50","5700.50"
"Wed Aug 13 2025 13:25:00 GMT+0530 (India Standard Time)","5700.50","5715.00","5700.50","5713.50"
"Wed Aug 13 2025 13:30:00 GMT+0530 (India Standard Time)","5713.50","5714.00","5705.00","5705.00"
"Wed Aug 13 2025 13:35:00 GMT+0530 (India Standard Time)","5705.00","5713.00","5705.00","5713.00"
"Wed Aug 13 2025 13:40:00 GMT+0530 (India Standard Time)","5713.00","5714.50","5707.50","5713.50"
"Wed Aug 13 2025 13:45:00 GMT+0530 (India Standard Time)","5713.50","5716.50","5706.00","5716.50"
"Wed Aug 13 2025 13:50:00 GMT+0530 (India Standard Time)","5716.50","5716.50","5708.50","5711.00"
"Wed Aug 13 2025 13:55:00 GMT+0530 (India Standard Time)","5711.00","5711.50","5700.00","5701.00"
"Wed Aug 13 2025 14:00:00 GMT+0530 (India Standard Time)","5701.00","5707.00","5701.00","5706.00"
"Wed Aug 13 2025 14:05:00 GMT+0530 (India Standard Time)","5706.00","5710.50","5702.50","5710.00"
"Wed Aug 13 2025 14:10:00 GMT+0530 (India Standard Time)","5710.00","5715.00","5707.00","5712.00"
"Wed Aug 13 2025 14:15:00 GMT+0530 (India Standard Time)","5714.00","5715.00","5707.00","5710.00"
"Wed Aug 13 2025 14:20:00 GMT+0530 (India Standard Time)","5710.00","5710.00","5702.00","5706.50"
"Wed Aug 13 2025 14:25:00 GMT+0530 (India Standard Time)","5706.50","5706.50","5701.50","5705.50"
"Wed Aug 13 2025 14:30:00 GMT+0530 (India Standard Time)","5705.50","5711.00","5705.50","5709.00"
"Wed Aug 13 2025 14:35:00 GMT+0530 (India Standard Time)","5709.00","5711.00","5700.00","5707.50"
"Wed Aug 13 2025 14:40:00 GMT+0530 (India Standard Time)","5707.00","5709.50","5703.00","5704.50"
"Wed Aug 13 2025 14:45:00 GMT+0530 (India Standard Time)","5704.50","5710.00","5703.00","5707.50"
"Wed Aug 13 2025 14:50:00 GMT+0530 (India Standard Time)","5707.50","5707.50","5702.50","5707.00"
"Wed Aug 13 2025 14:55:00 GMT+0530 (India Standard Time)","5705.00","5707.50","5696.00","5697.00"
"Wed Aug 13 2025 15:00:00 GMT+0530 (India Standard Time)","5698.50","5698.50","5653.00","5669.50"
"Wed Aug 13 2025 15:05:00 GMT+0530 (India Standard Time)","5666.50","5674.50","5663.50","5669.00"
"Wed Aug 13 2025 15:10:00 GMT+0530 (India Standard Time)","5669.00","5669.50","5665.00","5667.50"
"Wed Aug 13 2025 15:15:00 GMT+0530 (India Standard Time)","5667.50","5681.00","5665.00","5679.00"
"Wed Aug 13 2025 15:20:00 GMT+0530 (India Standard Time)","5679.00","5679.00","5665.50","5671.50"
"Wed Aug 13 2025 15:25:00 GMT+0530 (India Standard Time)","5671.50","5684.00","5671.50","5684.00"
"Thu Aug 14 2025 09:15:00 GMT+0530 (India Standard Time)","5694.50","5717.00","5674.00","5712.50"
"Thu Aug 14 2025 09:20:00 GMT+0530 (India Standard Time)","5712.50","5713.00","5694.50","5710.00"
"Thu Aug 14 2025 09:25:00 GMT+0530 (India Standard Time)","5710.00","5715.00","5701.00","5709.50"
"Thu Aug 14 2025 09:30:00 GMT+0530 (India Standard Time)","5709.50","5719.00","5690.00","5690.00"
"Thu Aug 14 2025 09:35:00 GMT+0530 (India Standard Time)","5690.00","5712.50","5681.50","5712.50"
"Thu Aug 14 2025 09:40:00 GMT+0530 (India Standard Time)","5712.50","5714.00","5697.50","5711.50"
"Thu Aug 14 2025 09:45:00 GMT+0530 (India Standard Time)","5711.50","5715.00","5704.50","5704.50"
"Thu Aug 14 2025 09:50:00 GMT+0530 (India Standard Time)","5704.50","5706.50","5697.00","5705.00"
"Thu Aug 14 2025 09:55:00 GMT+0530 (India Standard Time)","5705.00","5705.00","5694.00","5695.50"
"Thu Aug 14 2025 10:00:00 GMT+0530 (India Standard Time)","5695.50","5700.50","5688.00","5694.00"
"Thu Aug 14 2025 10:05:00 GMT+0530 (India Standard Time)","5694.00","5696.00","5690.00","5691.50"
"Thu Aug 14 2025 10:10:00 GMT+0530 (India Standard Time)","5691.50","5694.50","5686.50","5688.00"
"Thu Aug 14 2025 10:15:00 GMT+0530 (India Standard Time)","5690.00","5690.00","5680.00","5681.50"
"Thu Aug 14 2025 10:20:00 GMT+0530 (India Standard Time)","5681.50","5692.00","5681.50","5691.00"
"Thu Aug 14 2025 10:25:00 GMT+0530 (India Standard Time)","5688.50","5694.50","5688.50","5692.50"
"Thu Aug 14 2025 10:30:00 GMT+0530 (India Standard Time)","5692.50","5702.00","5691.00","5697.00"
"Thu Aug 14 2025 10:35:00 GMT+0530 (India Standard Time)","5700.50","5708.00","5697.50","5708.00"
"Thu Aug 14 2025 10:40:00 GMT+0530 (India Standard Time)","5703.00","5716.00","5698.00","5716.00"
"Thu Aug 14 2025 10:45:00 GMT+0530 (India Standard Time)","5716.00","5731.00","5715.00","5723.00"
"Thu Aug 14 2025 10:50:00 GMT+0530 (India Standard Time)","5723.00","5724.50","5715.00","5718.00"
"Thu Aug 14 2025 10:55:00 GMT+0530 (India Standard Time)","5718.00","5725.00","5716.50","5722.50"
"Thu Aug 14 2025 11:00:00 GMT+0530 (India Standard Time)","5722.50","5732.00","5717.50","5720.50"
"Thu Aug 14 2025 11:05:00 GMT+0530 (India Standard Time)","5718.00","5767.50","5718.00","5754.00"
"Thu Aug 14 2025 11:10:00 GMT+0530 (India Standard Time)","5754.00","5758.50","5740.00","5740.00"
"Thu Aug 14 2025 11:15:00 GMT+0530 (India Standard Time)","5740.00","5749.00","5740.00","5749.00"
"Thu Aug 14 2025 11:20:00 GMT+0530 (India Standard Time)","5748.00","5759.00","5744.50","5745.50"
"Thu Aug 14 2025 11:25:00 GMT+0530 (India Standard Time)","5745.50","5747.50","5698.50","5720.00"
"Thu Aug 14 2025 11:30:00 GMT+0530 (India Standard Time)","5720.00","5725.50","5710.00","5711.00"
"Thu Aug 14 2025 11:35:00 GMT+0530 (India Standard Time)","5711.00","5714.50","5707.50","5707.50"
"Thu Aug 14 2025 11:40:00 GMT+0530 (India Standard Time)","5707.50","5708.00","5695.00","5695.00"
"Thu Aug 14 2025 11:45:00 GMT+0530 (India Standard Time)","5694.50","5698.50","5687.00","5692.00"
"Thu Aug 14 2025 11:50:00 GMT+0530 (India Standard Time)","5692.00","5695.50","5685.00","5695.50"
"Thu Aug 14 2025 11:55:00 GMT+0530 (India Standard Time)","5695.50","5707.00","5694.50","5694.50"
"Thu Aug 14 2025 12:00:00 GMT+0530 (India Standard Time)","5696.00","5699.00","5685.50","5685.50"
"Thu Aug 14 2025 12:05:00 GMT+0530 (India Standard Time)","5685.50","5692.50","5681.00","5689.00"
"Thu Aug 14 2025 12:10:00 GMT+0530 (India Standard Time)","5689.00","5690.00","5682.50","5682.50"
"Thu Aug 14 2025 12:15:00 GMT+0530 (India Standard Time)","5682.50","5684.50","5675.00","5680.00"
"Thu Aug 14 2025 12:20:00 GMT+0530 (India Standard Time)","5680.00","5682.50","5678.50","5680.50"
"Thu Aug 14 2025 12:25:00 GMT+0530 (India Standard Time)","5680.50","5686.00","5674.00","5682.00"
"Thu Aug 14 2025 12:30:00 GMT+0530 (India Standard Time)","5682.00","5688.50","5679.50","5681.50"
"Thu Aug 14 2025 12:35:00 GMT+0530 (India Standard Time)","5681.50","5688.50","5680.50","5681.00"
"Thu Aug 14 2025 12:40:00 GMT+0530 (India Standard Time)","5681.00","5684.50","5678.00","5680.50"
"Thu Aug 14 2025 12:45:00 GMT+0530 (India Standard Time)","5680.50","5688.50","5680.50","5685.00"
"Thu Aug 14 2025 12:50:00 GMT+0530 (India Standard Time)","5685.00","5685.50","5680.50","5681.50"
"Thu Aug 14 2025 12:55:00 GMT+0530 (India Standard Time)","5681.50","5697.50","5681.50","5688.50"
"Thu Aug 14 2025 13:00:00 GMT+0530 (India Standard Time)","5688.50","5692.50","5675.00","5679.50"
"Thu Aug 14 2025 13:05:00 GMT+0530 (India Standard Time)","5679.50","5683.50","5678.00","5678.00"
"Thu Aug 14 2025 13:10:00 GMT+0530 (India Standard Time)","5678.00","5678.00","5670.00","5672.50"
"Thu Aug 14 2025 13:15:00 GMT+0530 (India Standard Time)","5672.50","5675.00","5670.50","5672.00"
"Thu Aug 14 2025 13:20:00 GMT+0530 (India Standard Time)","5672.00","5673.50","5665.00","5672.50"
"Thu Aug 14 2025 13:25:00 GMT+0530 (India Standard Time)","5672.50","5672.50","5667.00","5671.50"
"Thu Aug 14 2025 13:30:00 GMT+0530 (India Standard Time)","5671.50","5675.00","5670.00","5675.00"
"Thu Aug 14 2025 13:35:00 GMT+0530 (India Standard Time)","5675.00","5685.00","5674.00","5685.00"
"Thu Aug 14 2025 13:40:00 GMT+0530 (India Standard Time)","5687.00","5687.00","5678.50","5680.00"
"Thu Aug 14 2025 13:45:00 GMT+0530 (India Standard Time)","5680.00","5688.50","5680.00","5688.00"
"Thu Aug 14 2025 13:50:00 GMT+0530 (India Standard Time)","5688.00","5690.00","5683.00","5689.50"
"Thu Aug 14 2025 13:55:00 GMT+0530 (India Standard Time)","5690.00","5691.00","5688.00","5688.00"
"Thu Aug 14 2025 14:00:00 GMT+0530 (India Standard Time)","5689.00","5689.00","5680.00","5682.00"
"Thu Aug 14 2025 14:05:00 GMT+0530 (India Standard Time)","5682.00","5688.00","5673.50","5688.00"
"Thu Aug 14 2025 14:10:00 GMT+0530 (India Standard Time)","5688.00","5688.00","5681.50","5682.50"
"Thu Aug 14 2025 14:15:00 GMT+0530 (India Standard Time)","5684.00","5687.50","5676.50","5682.50"
"Thu Aug 14 2025 14:20:00 GMT+0530 (India Standard Time)","5682.50","5683.50","5674.50","5676.00"
"Thu Aug 14 2025 14:25:00 GMT+0530 (India Standard Time)","5676.00","5680.00","5674.00","5676.00"
"Thu Aug 14 2025 14:30:00 GMT+0530 (India Standard Time)","5676.00","5687.00","5673.50","5684.00"
"Thu Aug 14 2025 14:35:00 GMT+0530 (India Standard Time)","5684.00","5692.50","5681.00","5689.50"
"Thu Aug 14 2025 14:40:00 GMT+0530 (India Standard Time)","5689.50","5689.50","5685.00","5686.50"
"Thu Aug 14 2025 14:45:00 GMT+0530 (India Standard Time)","5686.50","5692.00","5683.50","5690.00"
"Thu Aug 14 2025 14:50:00 GMT+0530 (India Standard Time)","5690.00","5694.00","5688.00","5691.50"
"Thu Aug 14 2025 14:55:00 GMT+0530 (India Standard Time)","5691.50","5694.50","5686.00","5690.00"
"Thu Aug 14 2025 15:00:00 GMT+0530 (India Standard Time)","5690.00","5692.00","5675.00","5675.00"
"Thu Aug 14 2025 15:05:00 GMT+0530 (India Standard Time)","5675.00","5688.50","5675.00","5684.00"
"Thu Aug 14 2025 15:10:00 GMT+0530 (India Standard Time)","5684.00","5690.00","5683.50","5688.00"
"Thu Aug 14 2025 15:15:00 GMT+0530 (India Standard Time)","5686.00","5687.50","5680.00","5685.00"
"Thu Aug 14 2025 15:20:00 GMT+0530 (India Standard Time)","5681.50","5685.00","5672.50","5675.00"
"Thu Aug 14 2025 15:25:00 GMT+0530 (India Standard Time)","5675.00","5679.50","5670.00","5679.00"
"Mon Aug 18 2025 09:15:00 GMT+0530 (India Standard Time)","5725.00","5730.00","5698.50","5710.00"
"Mon Aug 18 2025 09:20:00 GMT+0530 (India Standard Time)","5708.00","5713.00","5696.50","5706.50"
"Mon Aug 18 2025 09:25:00 GMT+0530 (India Standard Time)","5709.50","5731.00","5708.00","5724.00"
"Mon Aug 18 2025 09:30:00 GMT+0530 (India Standard Time)","5724.50","5757.00","5722.50","5750.00"
"Mon Aug 18 2025 09:35:00 GMT+0530 (India Standard Time)","5750.00","5750.00","5735.00","5746.50"
"Mon Aug 18 2025 09:40:00 GMT+0530 (India Standard Time)","5746.50","5756.50","5744.00","5756.50"
"Mon Aug 18 2025 09:45:00 GMT+0530 (India Standard Time)","5754.50","5794.00","5754.50","5776.00"
"Mon Aug 18 2025 09:50:00 GMT+0530 (India Standard Time)","5776.00","5786.50","5775.50","5785.00"
"Mon Aug 18 2025 09:55:00 GMT+0530 (India Standard Time)","5785.00","5785.00","5775.50","5783.00"
"Mon Aug 18 2025 10:00:00 GMT+0530 (India Standard Time)","5782.50","5799.00","5777.50","5796.00"
"Mon Aug 18 2025 10:05:00 GMT+0530 (India Standard Time)","5798.00","5798.00","5787.00","5787.00"
"Mon Aug 18 2025 10:10:00 GMT+0530 (India Standard Time)","5786.00","5800.00","5785.00","5786.00"
"Mon Aug 18 2025 10:15:00 GMT+0530 (India Standard Time)","5786.00","5798.50","5786.00","5787.50"
"Mon Aug 18 2025 10:20:00 GMT+0530 (India Standard Time)","5787.50","5790.00","5775.50","5786.00"
"Mon Aug 18 2025 10:25:00 GMT+0530 (India Standard Time)","5786.00","5786.50","5778.00","5778.00"
"Mon Aug 18 2025 10:30:00 GMT+0530 (India Standard Time)","5778.00","5787.00","5770.50","5775.50"
"Mon Aug 18 2025 10:35:00 GMT+0530 (India Standard Time)","5778.50","5778.50","5765.00","5766.50"
"Mon Aug 18 2025 10:40:00 GMT+0530 (India Standard Time)","5766.50","5774.00","5766.00","5770.00"
"Mon Aug 18 2025 10:45:00 GMT+0530 (India Standard Time)","5770.00","5770.00","5751.00","5753.50"
"Mon Aug 18 2025 10:50:00 GMT+0530 (India Standard Time)","5748.00","5752.00","5741.50","5744.50"
"Mon Aug 18 2025 10:55:00 GMT+0530 (India Standard Time)","5744.00","5744.00","5736.00","5743.50"
"Mon Aug 18 2025 11:00:00 GMT+0530 (India Standard Time)","5743.50","5746.50","5736.00","5742.50"
"Mon Aug 18 2025 11:05:00 GMT+0530 (India Standard Time)","5742.50","5742.50","5716.50","5728.00"
"Mon Aug 18 2025 11:10:00 GMT+0530 (India Standard Time)","5728.00","5730.00","5726.00","5727.50"
"Mon Aug 18 2025 11:15:00 GMT+0530 (India Standard Time)","5730.50","5733.50","5727.50","5731.00"
"Mon Aug 18 2025 11:20:00 GMT+0530 (India Standard Time)","5731.00","5731.00","5721.50","5726.50"
"Mon Aug 18 2025 11:25:00 GMT+0530 (India Standard Time)","5726.50","5728.50","5723.00","5724.00"
"Mon Aug 18 2025 11:30:00 GMT+0530 (India Standard Time)","5724.00","5725.00","5716.00","5722.00"
"Mon Aug 18 2025 11:35:00 GMT+0530 (India Standard Time)","5722.00","5726.50","5720.00","5723.00"
"Mon Aug 18 2025 11:40:00 GMT+0530 (India Standard Time)","5723.00","5726.00","5720.50","5726.00"
"Mon Aug 18 2025 11:45:00 GMT+0530 (India Standard Time)","5726.00","5726.00","5723.00","5725.00"
"Mon Aug 18 2025 11:50:00 GMT+0530 (India Standard Time)","5725.00","5726.50","5715.00","5717.50"
"Mon Aug 18 2025 11:55:00 GMT+0530 (India Standard Time)","5717.50","5717.50","5710.00","5711.50"
"Mon Aug 18 2025 12:00:00 GMT+0530 (India Standard Time)","5713.50","5714.50","5707.00","5710.00"
"Mon Aug 18 2025 12:05:00 GMT+0530 (India Standard Time)","5709.50","5711.00","5698.00","5703.00"
"Mon Aug 18 2025 12:10:00 GMT+0530 (India Standard Time)","5703.00","5704.50","5696.00","5700.00"
"Mon Aug 18 2025 12:15:00 GMT+0530 (India Standard Time)","5700.00","5704.00","5699.00","5704.00"
"Mon Aug 18 2025 12:20:00 GMT+0530 (India Standard Time)","5704.00","5707.50","5700.00","5701.50"
"Mon Aug 18 2025 12:25:00 GMT+0530 (India Standard Time)","5701.50","5706.00","5701.50","5705.00"
"Mon Aug 18 2025 12:30:00 GMT+0530 (India Standard Time)","5705.00","5705.00","5699.00","5703.50"
"Mon Aug 18 2025 12:35:00 GMT+0530 (India Standard Time)","5703.50","5703.50","5696.00","5697.00"
"Mon Aug 18 2025 12:40:00 GMT+0530 (India Standard Time)","5697.00","5703.50","5697.00","5702.50"
"Mon Aug 18 2025 12:45:00 GMT+0530 (India Standard Time)","5702.50","5703.50","5702.50","5703.00"
"Mon Aug 18 2025 12:50:00 GMT+0530 (India Standard Time)","5703.00","5704.00","5701.50","5702.00"
"Mon Aug 18 2025 12:55:00 GMT+0530 (India Standard Time)","5702.00","5707.00","5701.50","5706.00"
"Mon Aug 18 2025 13:00:00 GMT+0530 (India Standard Time)","5706.00","5706.50","5702.00","5705.50"
"Mon Aug 18 2025 13:05:00 GMT+0530 (India Standard Time)","5705.50","5709.00","5705.00","5709.00"
"Mon Aug 18 2025 13:10:00 GMT+0530 (India Standard Time)","5709.00","5711.00","5707.50","5710.00"
"Mon Aug 18 2025 13:15:00 GMT+0530 (India Standard Time)","5710.00","5710.50","5708.00","5708.50"
"Mon Aug 18 2025 13:20:00 GMT+0530 (India Standard Time)","5708.50","5708.50","5700.00","5704.50"
"Mon Aug 18 2025 13:25:00 GMT+0530 (India Standard Time)","5704.50","5709.50","5703.00","5707.00"
"Mon Aug 18 2025 13:30:00 GMT+0530 (India Standard Time)","5707.00","5707.50","5701.00","5702.50"
"Mon Aug 18 2025 13:35:00 GMT+0530 (India Standard Time)","5702.50","5703.00","5700.00","5701.00"
"Mon Aug 18 2025 13:40:00 GMT+0530 (India Standard Time)","5701.00","5708.00","5701.00","5705.00"
"Mon Aug 18 2025 13:45:00 GMT+0530 (India Standard Time)","5705.00","5707.00","5705.00","5707.00"
"Mon Aug 18 2025 13:50:00 GMT+0530 (India Standard Time)","5707.00","5709.50","5703.50","5707.00"
"Mon Aug 18 2025 13:55:00 GMT+0530 (India Standard Time)","5707.00","5709.50","5703.00","5707.00"
"Mon Aug 18 2025 14:00:00 GMT+0530 (India Standard Time)","5707.00","5707.00","5704.00","5705.00"
"Mon Aug 18 2025 14:05:00 GMT+0530 (India Standard Time)","5705.00","5708.00","5704.50","5707.00"
"Mon Aug 18 2025 14:10:00 GMT+0530 (India Standard Time)","5707.00","5712.00","5704.00","5711.00"
"Mon Aug 18 2025 14:15:00 GMT+0530 (India Standard Time)","5711.00","5711.00","5706.50","5709.00"
"Mon Aug 18 2025 14:20:00 GMT+0530 (India Standard Time)","5709.00","5709.50","5704.50","5706.00"
"Mon Aug 18 2025 14:25:00 GMT+0530 (India Standard Time)","5706.00","5706.00","5702.50","5704.50"
"Mon Aug 18 2025 14:30:00 GMT+0530 (India Standard Time)","5704.50","5708.00","5700.00","5705.50"
"Mon Aug 18 2025 14:35:00 GMT+0530 (India Standard Time)","5705.50","5705.50","5701.00","5701.50"
"Mon Aug 18 2025 14:40:00 GMT+0530 (India Standard Time)","5701.50","5704.50","5700.00","5700.00"
"Mon Aug 18 2025 14:45:00 GMT+0530 (India Standard Time)","5700.00","5705.50","5700.00","5704.50"
"Mon Aug 18 2025 14:50:00 GMT+0530 (India Standard Time)","5704.50","5706.00","5701.00","5706.00"
"Mon Aug 18 2025 14:55:00 GMT+0530 (India Standard Time)","5706.00","5717.50","5706.00","5713.00"
"Mon Aug 18 2025 15:00:00 GMT+0530 (India Standard Time)","5712.00","5712.00","5680.00","5680.50"
"Mon Aug 18 2025 15:05:00 GMT+0530 (India Standard Time)","5680.50","5680.50","5674.00","5679.50"
"Mon Aug 18 2025 15:10:00 GMT+0530 (India Standard Time)","5679.50","5679.50","5665.00","5671.00"
"Mon Aug 18 2025 15:15:00 GMT+0530 (India Standard Time)","5671.00","5676.00","5663.50","5673.50"
"Mon Aug 18 2025 15:20:00 GMT+0530 (India Standard Time)","5674.00","5680.50","5667.00","5680.00"
"Mon Aug 18 2025 15:25:00 GMT+0530 (India Standard Time)","5677.00","5699.00","5674.50","5687.00"
"Tue Aug 19 2025 09:15:00 GMT+0530 (India Standard Time)","5692.00","5712.00","5658.50","5689.50"
"Tue Aug 19 2025 09:20:00 GMT+0530 (India Standard Time)","5689.50","5694.50","5681.00","5688.00"
"Tue Aug 19 2025 09:25:00 GMT+0530 (India Standard Time)","5685.00","5692.50","5668.00","5672.50"
"Tue Aug 19 2025 09:30:00 GMT+0530 (India Standard Time)","5675.00","5677.50","5639.50","5647.50"
"Tue Aug 19 2025 09:35:00 GMT+0530 (India Standard Time)","5645.00","5645.00","5630.00","5642.50"
"Tue Aug 19 2025 09:40:00 GMT+0530 (India Standard Time)","5642.50","5642.50","5617.00","5618.00"
"Tue Aug 19 2025 09:45:00 GMT+0530 (India Standard Time)","5620.00","5641.00","5618.50","5640.00"
"Tue Aug 19 2025 09:50:00 GMT+0530 (India Standard Time)","5638.00","5652.50","5638.00","5649.00"
"Tue Aug 19 2025 09:55:00 GMT+0530 (India Standard Time)","5649.00","5652.50","5647.50","5650.50"
"Tue Aug 19 2025 10:00:00 GMT+0530 (India Standard Time)","5650.50","5668.50","5650.50","5663.50"
"Tue Aug 19 2025 10:05:00 GMT+0530 (India Standard Time)","5663.50","5670.00","5655.50","5662.50"
"Tue Aug 19 2025 10:10:00 GMT+0530 (India Standard Time)","5662.50","5669.50","5650.00","5661.50"
"Tue Aug 19 2025 10:15:00 GMT+0530 (India Standard Time)","5661.50","5662.00","5652.50","5655.00"
"Tue Aug 19 2025 10:20:00 GMT+0530 (India Standard Time)","5655.00","5664.50","5651.00","5663.50"
"Tue Aug 19 2025 10:25:00 GMT+0530 (India Standard Time)","5663.50","5665.00","5660.00","5660.50"
"Tue Aug 19 2025 10:30:00 GMT+0530 (India Standard Time)","5664.50","5677.50","5663.00","5677.00"
"Tue Aug 19 2025 10:35:00 GMT+0530 (India Standard Time)","5677.00","5677.00","5665.50","5669.50"
"Tue Aug 19 2025 10:40:00 GMT+0530 (India Standard Time)","5669.50","5677.00","5669.00","5675.50"
"Tue Aug 19 2025 10:45:00 GMT+0530 (India Standard Time)","5675.50","5680.50","5673.00","5678.00"
"Tue Aug 19 2025 10:50:00 GMT+0530 (India Standard Time)","5681.50","5684.00","5675.00","5675.50"
"Tue Aug 19 2025 10:55:00 GMT+0530 (India Standard Time)","5675.50","5680.50","5672.00","5679.00"
"Tue Aug 19 2025 11:00:00 GMT+0530 (India Standard Time)","5679.00","5683.50","5677.50","5683.50"
"Tue Aug 19 2025 11:05:00 GMT+0530 (India Standard Time)","5683.50","5684.00","5678.00","5682.00"
"Tue Aug 19 2025 11:10:00 GMT+0530 (India Standard Time)","5682.00","5687.50","5681.00","5685.50"
"Tue Aug 19 2025 11:15:00 GMT+0530 (India Standard Time)","5686.00","5686.00","5676.50","5677.00"
"Tue Aug 19 2025 11:20:00 GMT+0530 (India Standard Time)","5677.00","5687.50","5675.00","5682.00"
"Tue Aug 19 2025 11:25:00 GMT+0530 (India Standard Time)","5682.00","5684.50","5679.00","5679.00"
"Tue Aug 19 2025 11:30:00 GMT+0530 (India Standard Time)","5679.00","5682.50","5676.50","5680.50"
"Tue Aug 19 2025 11:35:00 GMT+0530 (India Standard Time)","5680.50","5683.50","5677.50","5683.00"
"Tue Aug 19 2025 11:40:00 GMT+0530 (India Standard Time)","5683.00","5685.00","5680.00","5681.50"
"Tue Aug 19 2025 11:45:00 GMT+0530 (India Standard Time)","5681.50","5695.00","5681.50","5695.00"
"Tue Aug 19 2025 11:50:00 GMT+0530 (India Standard Time)","5695.00","5699.50","5694.00","5695.00"
"Tue Aug 19 2025 11:55:00 GMT+0530 (India Standard Time)","5695.00","5704.50","5694.50","5704.50"
"Tue Aug 19 2025 12:00:00 GMT+0530 (India Standard Time)","5702.00","5707.00","5701.00","5707.00"
"Tue Aug 19 2025 12:05:00 GMT+0530 (India Standard Time)","5706.50","5716.00","5706.00","5712.50"
"Tue Aug 19 2025 12:10:00 GMT+0530 (India Standard Time)","5712.50","5722.50","5709.50","5712.50"
"Tue Aug 19 2025 12:15:00 GMT+0530 (India Standard Time)","5712.50","5714.00","5706.50","5710.00"
"Tue Aug 19 2025 12:20:00 GMT+0530 (India Standard Time)","5710.00","5713.50","5706.50","5706.50"
"Tue Aug 19 2025 12:25:00 GMT+0530 (India Standard Time)","5706.50","5714.00","5706.50","5709.00"
"Tue Aug 19 2025 12:30:00 GMT+0530 (India Standard Time)","5707.50","5708.50","5701.00","5704.50"
"Tue Aug 19 2025 12:35:00 GMT+0530 (India Standard Time)","5704.50","5704.50","5695.50","5703.00"
"Tue Aug 19 2025 12:40:00 GMT+0530 (India Standard Time)","5703.00","5705.00","5696.50","5698.00"
"Tue Aug 19 2025 12:45:00 GMT+0530 (India Standard Time)","5698.00","5698.50","5695.50","5698.00"
"Tue Aug 19 2025 12:50:00 GMT+0530 (India Standard Time)","5698.00","5705.00","5696.00","5704.00"
"Tue Aug 19 2025 12:55:00 GMT+0530 (India Standard Time)","5704.00","5708.50","5695.50","5699.50"
"Tue Aug 19 2025 13:00:00 GMT+0530 (India Standard Time)","5699.50","5700.00","5695.00","5698.00"
"Tue Aug 19 2025 13:05:00 GMT+0530 (India Standard Time)","5698.00","5702.00","5696.00","5699.00"
"Tue Aug 19 2025 13:10:00 GMT+0530 (India Standard Time)","5699.00","5700.00","5695.50","5699.00"
"Tue Aug 19 2025 13:15:00 GMT+0530 (India Standard Time)","5699.00","5701.00","5696.00","5700.00"
"Tue Aug 19 2025 13:20:00 GMT+0530 (India Standard Time)","5700.00","5704.00","5698.00","5702.00"
"Tue Aug 19 2025 13:25:00 GMT+0530 (India Standard Time)","5702.00","5702.00","5692.00","5692.50"
"Tue Aug 19 2025 13:30:00 GMT+0530 (India Standard Time)","5692.50","5695.00","5687.00","5687.00"
"Tue Aug 19 2025 13:35:00 GMT+0530 (India Standard Time)","5687.00","5696.50","5687.00","5695.00"
"Tue Aug 19 2025 13:40:00 GMT+0530 (India Standard Time)","5695.00","5698.50","5688.50","5696.50"
"Tue Aug 19 2025 13:45:00 GMT+0530 (India Standard Time)","5696.50","5698.00","5693.50","5695.50"
"Tue Aug 19 2025 13:50:00 GMT+0530 (India Standard Time)","5695.50","5696.00","5686.50","5688.50"
"Tue Aug 19 2025 13:55:00 GMT+0530 (India Standard Time)","5688.50","5689.00","5681.50","5686.00"
"Tue Aug 19 2025 14:00:00 GMT+0530 (India Standard Time)","5686.00","5690.00","5683.00","5686.50"
"Tue Aug 19 2025 14:05:00 GMT+0530 (India Standard Time)","5687.50","5688.50","5681.00","5684.50"
"Tue Aug 19 2025 14:10:00 GMT+0530 (India Standard Time)","5684.50","5687.50","5681.50","5687.50"
"Tue Aug 19 2025 14:15:00 GMT+0530 (India Standard Time)","5687.50","5688.50","5681.50","5686.00"
"Tue Aug 19 2025 14:20:00 GMT+0530 (India Standard Time)","5686.00","5690.50","5682.50","5688.00"
"Tue Aug 19 2025 14:25:00 GMT+0530 (India Standard Time)","5688.00","5696.50","5686.00","5694.00"
"Tue Aug 19 2025 14:30:00 GMT+0530 (India Standard Time)","5694.00","5700.00","5692.50","5700.00"
"Tue Aug 19 2025 14:35:00 GMT+0530 (India Standard Time)","5700.00","5725.00","5700.00","5725.00"
"Tue Aug 19 2025 14:40:00 GMT+0530 (India Standard Time)","5723.00","5725.50","5721.00","5725.50"
"Tue Aug 19 2025 14:45:00 GMT+0530 (India Standard Time)","5725.50","5734.50","5724.50","5734.50"
"Tue Aug 19 2025 14:50:00 GMT+0530 (India Standard Time)","5734.50","5735.00","5725.00","5727.00"
"Tue Aug 19 2025 14:55:00 GMT+0530 (India Standard Time)","5726.00","5734.00","5724.50","5729.00"
"Tue Aug 19 2025 15:00:00 GMT+0530 (India Standard Time)","5729.00","5730.00","5721.50","5726.50"
"Tue Aug 19 2025 15:05:00 GMT+0530 (India Standard Time)","5722.50","5727.00","5717.50","5723.00"
"Tue Aug 19 2025 15:10:00 GMT+0530 (India Standard Time)","5722.00","5729.00","5721.50","5727.50"
"Tue Aug 19 2025 15:15:00 GMT+0530 (India Standard Time)","5728.00","5729.00","5720.50","5723.00"
"Tue Aug 19 2025 15:20:00 GMT+0530 (India Standard Time)","5723.00","5739.00","5720.00","5739.00"
"Tue Aug 19 2025 15:25:00 GMT+0530 (India Standard Time)","5737.50","5744.00","5723.50","5744.00"
"Wed Aug 20 2025 09:15:00 GMT+0530 (India Standard Time)","5744.50","5744.50","5694.00","5702.50"
"Wed Aug 20 2025 09:20:00 GMT+0530 (India Standard Time)","5703.50","5704.50","5691.50","5697.00"
"Wed Aug 20 2025 09:25:00 GMT+0530 (India Standard Time)","5697.00","5712.50","5692.00","5702.50"
"Wed Aug 20 2025 09:30:00 GMT+0530 (India Standard Time)","5705.50","5710.00","5695.50","5700.00"
"Wed Aug 20 2025 09:35:00 GMT+0530 (India Standard Time)","5699.00","5703.00","5690.50","5693.50"
"Wed Aug 20 2025 09:40:00 GMT+0530 (India Standard Time)","5693.50","5715.00","5693.50","5706.00"
"Wed Aug 20 2025 09:45:00 GMT+0530 (India Standard Time)","5706.00","5719.00","5706.00","5714.00"
"Wed Aug 20 2025 09:50:00 GMT+0530 (India Standard Time)","5714.00","5714.00","5692.50","5697.50"
"Wed Aug 20 2025 09:55:00 GMT+0530 (India Standard Time)","5697.50","5706.00","5697.00","5701.00"
"Wed Aug 20 2025 10:00:00 GMT+0530 (India Standard Time)","5700.00","5713.00","5695.50","5713.00"
"Wed Aug 20 2025 10:05:00 GMT+0530 (India Standard Time)","5710.00","5727.50","5709.00","5718.50"
"Wed Aug 20 2025 10:10:00 GMT+0530 (India Standard Time)","5718.50","5732.50","5718.00","5731.00"
"Wed Aug 20 2025 10:15:00 GMT+0530 (India Standard Time)","5731.00","5735.00","5723.00","5725.00"
"Wed Aug 20 2025 10:20:00 GMT+0530 (India Standard Time)","5725.00","5733.00","5725.00","5730.00"
"Wed Aug 20 2025 10:25:00 GMT+0530 (India Standard Time)","5730.00","5730.00","5720.00","5722.00"
"Wed Aug 20 2025 10:30:00 GMT+0530 (India Standard Time)","5722.00","5726.50","5718.00","5718.00"
"Wed Aug 20 2025 10:35:00 GMT+0530 (India Standard Time)","5720.00","5727.50","5718.00","5723.00"
"Wed Aug 20 2025 10:40:00 GMT+0530 (India Standard Time)","5723.00","5729.00","5718.50","5718.50"
"Wed Aug 20 2025 10:45:00 GMT+0530 (India Standard Time)","5718.50","5725.00","5718.00","5722.00"
"Wed Aug 20 2025 10:50:00 GMT+0530 (India Standard Time)","5724.50","5745.00","5723.00","5733.00"
"Wed Aug 20 2025 10:55:00 GMT+0530 (India Standard Time)","5733.00","5740.00","5731.00","5735.50"
"Wed Aug 20 2025 11:00:00 GMT+0530 (India Standard Time)","5735.50","5740.00","5732.50","5736.00"
"Wed Aug 20 2025 11:05:00 GMT+0530 (India Standard Time)","5736.00","5740.00","5732.50","5738.00"
"Wed Aug 20 2025 11:10:00 GMT+0530 (India Standard Time)","5741.50","5746.50","5737.50","5740.00"
"Wed Aug 20 2025 11:15:00 GMT+0530 (India Standard Time)","5740.00","5744.00","5736.00","5739.00"
"Wed Aug 20 2025 11:20:00 GMT+0530 (India Standard Time)","5736.00","5740.00","5730.50","5733.00"
"Wed Aug 20 2025 11:25:00 GMT+0530 (India Standard Time)","5733.00","5738.50","5733.00","5737.00"
"Wed Aug 20 2025 11:30:00 GMT+0530 (India Standard Time)","5737.00","5738.50","5733.00","5735.00"
"Wed Aug 20 2025 11:35:00 GMT+0530 (India Standard Time)","5737.50","5737.50","5725.00","5725.00"
"Wed Aug 20 2025 11:40:00 GMT+0530 (India Standard Time)","5725.00","5735.00","5720.00","5734.00"
"Wed Aug 20 2025 11:45:00 GMT+0530 (India Standard Time)","5734.00","5740.00","5731.00","5737.00"
"Wed Aug 20 2025 11:50:00 GMT+0530 (India Standard Time)","5739.50","5742.00","5733.00","5733.00"
"Wed Aug 20 2025 11:55:00 GMT+0530 (India Standard Time)","5733.00","5740.00","5730.50","5737.50"
"Wed Aug 20 2025 12:00:00 GMT+0530 (India Standard Time)","5736.50","5753.00","5736.50","5751.00"
"Wed Aug 20 2025 12:05:00 GMT+0530 (India Standard Time)","5749.00","5775.50","5749.00","5760.00"
"Wed Aug 20 2025 12:10:00 GMT+0530 (India Standard Time)","5760.00","5775.50","5760.00","5765.00"
"Wed Aug 20 2025 12:15:00 GMT+0530 (India Standard Time)","5765.00","5771.00","5760.00","5760.00"
"Wed Aug 20 2025 12:20:00 GMT+0530 (India Standard Time)","5760.00","5772.50","5757.50","5772.50"
"Wed Aug 20 2025 12:25:00 GMT+0530 (India Standard Time)","5772.50","5773.00","5761.00","5772.00"
"Wed Aug 20 2025 12:30:00 GMT+0530 (India Standard Time)","5772.00","5783.50","5769.00","5777.00"
"Wed Aug 20 2025 12:35:00 GMT+0530 (India Standard Time)","5777.00","5777.00","5770.00","5775.00"
"Wed Aug 20 2025 12:40:00 GMT+0530 (India Standard Time)","5775.00","5778.00","5768.50","5770.50"
"Wed Aug 20 2025 12:45:00 GMT+0530 (India Standard Time)","5770.50","5774.00","5768.00","5772.50"
"Wed Aug 20 2025 12:50:00 GMT+0530 (India Standard Time)","5770.50","5772.50","5767.50","5770.50"
"Wed Aug 20 2025 12:55:00 GMT+0530 (India Standard Time)","5770.50","5772.50","5766.00","5771.50"
"Wed Aug 20 2025 13:00:00 GMT+0530 (India Standard Time)","5771.50","5778.00","5771.00","5776.00"
"Wed Aug 20 2025 13:05:00 GMT+0530 (India Standard Time)","5776.00","5780.00","5772.00","5775.50"
"Wed Aug 20 2025 13:10:00 GMT+0530 (India Standard Time)","5775.50","5780.50","5771.00","5780.50"
"Wed Aug 20 2025 13:15:00 GMT+0530 (India Standard Time)","5780.50","5824.50","5779.00","5813.00"
"Wed Aug 20 2025 13:20:00 GMT+0530 (India Standard Time)","5813.00","5820.00","5792.00","5798.00"
"Wed Aug 20 2025 13:25:00 GMT+0530 (India Standard Time)","5795.50","5798.00","5777.50","5777.50"
"Wed Aug 20 2025 13:30:00 GMT+0530 (India Standard Time)","5777.50","5788.00","5777.50","5786.50"
"Wed Aug 20 2025 13:35:00 GMT+0530 (India Standard Time)","5784.00","5787.00","5783.50","5786.50"
"Wed Aug 20 2025 13:40:00 GMT+0530 (India Standard Time)","5784.00","5790.00","5781.50","5781.50"
"Wed Aug 20 2025 13:45:00 GMT+0530 (India Standard Time)","5781.50","5783.50","5774.00","5778.00"
"Wed Aug 20 2025 13:50:00 GMT+0530 (India Standard Time)","5778.00","5782.00","5773.00","5773.00"
"Wed Aug 20 2025 13:55:00 GMT+0530 (India Standard Time)","5773.00","5773.00","5747.00","5752.50"
"Wed Aug 20 2025 14:00:00 GMT+0530 (India Standard Time)","5752.50","5759.00","5748.00","5756.00"
"Wed Aug 20 2025 14:05:00 GMT+0530 (India Standard Time)","5756.00","5763.50","5756.00","5760.00"
"Wed Aug 20 2025 14:10:00 GMT+0530 (India Standard Time)","5760.00","5766.00","5756.00","5763.50"
"Wed Aug 20 2025 14:15:00 GMT+0530 (India Standard Time)","5763.50","5763.50","5757.50","5759.00"
"Wed Aug 20 2025 14:20:00 GMT+0530 (India Standard Time)","5759.00","5762.50","5757.00","5761.00"
"Wed Aug 20 2025 14:25:00 GMT+0530 (India Standard Time)","5761.00","5764.50","5760.00","5763.50"
"Wed Aug 20 2025 14:30:00 GMT+0530 (India Standard Time)","5761.00","5763.50","5757.00","5758.00"
"Wed Aug 20 2025 14:35:00 GMT+0530 (India Standard Time)","5761.00","5762.50","5757.00","5760.00"
"Wed Aug 20 2025 14:40:00 GMT+0530 (India Standard Time)","5760.00","5769.50","5759.00","5767.00"
"Wed Aug 20 2025 14:45:00 GMT+0530 (India Standard Time)","5767.00","5769.50","5756.00","5761.50"
"Wed Aug 20 2025 14:50:00 GMT+0530 (India Standard Time)","5758.00","5762.00","5755.00","5755.00"
"Wed Aug 20 2025 14:55:00 GMT+0530 (India Standard Time)","5755.00","5764.00","5754.50","5758.50"
"Wed Aug 20 2025 15:00:00 GMT+0530 (India Standard Time)","5758.50","5761.00","5750.00","5752.00"
"Wed Aug 20 2025 15:05:00 GMT+0530 (India Standard Time)","5753.00","5753.50","5746.00","5746.00"
"Wed Aug 20 2025 15:10:00 GMT+0530 (India Standard Time)","5749.50","5749.50","5742.00","5746.00"
"Wed Aug 20 2025 15:15:00 GMT+0530 (India Standard Time)","5746.00","5749.00","5740.50","5745.50"
"Wed Aug 20 2025 15:20:00 GMT+0530 (India Standard Time)","5745.00","5746.00","5741.00","5745.00"
"Wed Aug 20 2025 15:25:00 GMT+0530 (India Standard Time)","5745.50","5745.50","5741.00","5741.00"
"Thu Aug 21 2025 09:15:00 GMT+0530 (India Standard Time)","5760.00","5770.00","5730.50","5737.00"
"Thu Aug 21 2025 09:20:00 GMT+0530 (India Standard Time)","5737.50","5740.00","5715.50","5717.50"
"Thu Aug 21 2025 09:25:00 GMT+0530 (India Standard Time)","5720.50","5722.00","5712.00","5722.00"
"Thu Aug 21 2025 09:30:00 GMT+0530 (India Standard Time)","5722.00","5725.00","5710.50","5717.50"
"Thu Aug 21 2025 09:35:00 GMT+0530 (India Standard Time)","5718.00","5723.00","5715.00","5720.00"
"Thu Aug 21 2025 09:40:00 GMT+0530 (India Standard Time)","5719.50","5720.50","5701.00","5710.50"
"Thu Aug 21 2025 09:45:00 GMT+0530 (India Standard Time)","5710.50","5713.50","5706.00","5709.50"
"Thu Aug 21 2025 09:50:00 GMT+0530 (India Standard Time)","5708.00","5720.00","5703.00","5718.50"
"Thu Aug 21 2025 09:55:00 GMT+0530 (India Standard Time)","5718.00","5727.00","5714.50","5724.50"
"Thu Aug 21 2025 10:00:00 GMT+0530 (India Standard Time)","5724.50","5724.50","5718.00","5718.00"
"Thu Aug 21 2025 10:05:00 GMT+0530 (India Standard Time)","5718.00","5723.00","5707.00","5711.50"
"Thu Aug 21 2025 10:10:00 GMT+0530 (India Standard Time)","5710.00","5715.00","5710.00","5711.00"
"Thu Aug 21 2025 10:15:00 GMT+0530 (India Standard Time)","5711.50","5712.50","5705.00","5710.00"
"Thu Aug 21 2025 10:20:00 GMT+0530 (India Standard Time)","5710.00","5715.00","5705.00","5709.00"
"Thu Aug 21 2025 10:25:00 GMT+0530 (India Standard Time)","5709.00","5718.50","5706.50","5717.00"
"Thu Aug 21 2025 10:30:00 GMT+0530 (India Standard Time)","5717.00","5718.50","5715.50","5717.00"
"Thu Aug 21 2025 10:35:00 GMT+0530 (India Standard Time)","5717.00","5721.50","5713.00","5716.00"
"Thu Aug 21 2025 10:40:00 GMT+0530 (India Standard Time)","5716.00","5717.50","5708.50","5708.50"
"Thu Aug 21 2025 10:45:00 GMT+0530 (India Standard Time)","5711.50","5712.00","5700.00","5707.00"
"Thu Aug 21 2025 10:50:00 GMT+0530 (India Standard Time)","5707.00","5707.00","5702.00","5704.50"
"Thu Aug 21 2025 10:55:00 GMT+0530 (India Standard Time)","5704.50","5711.00","5704.00","5708.00"
"Thu Aug 21 2025 11:00:00 GMT+0530 (India Standard Time)","5708.00","5712.50","5704.00","5708.00"
"Thu Aug 21 2025 11:05:00 GMT+0530 (India Standard Time)","5704.50","5708.00","5703.50","5704.50"
"Thu Aug 21 2025 11:10:00 GMT+0530 (India Standard Time)","5704.50","5707.00","5703.00","5705.00"
"Thu Aug 21 2025 11:15:00 GMT+0530 (India Standard Time)","5705.00","5710.00","5704.00","5706.50"
"Thu Aug 21 2025 11:20:00 GMT+0530 (India Standard Time)","5706.50","5711.00","5701.50","5702.00"
"Thu Aug 21 2025 11:25:00 GMT+0530 (India Standard Time)","5702.00","5709.50","5702.00","5709.00"
"Thu Aug 21 2025 11:30:00 GMT+0530 (India Standard Time)","5709.00","5709.00","5700.50","5703.00"
"Thu Aug 21 2025 11:35:00 GMT+0530 (India Standard Time)","5701.50","5704.00","5700.00","5703.00"
"Thu Aug 21 2025 11:40:00 GMT+0530 (India Standard Time)","5703.00","5707.50","5702.50","5703.50"
"Thu Aug 21 2025 11:45:00 GMT+0530 (India Standard Time)","5703.50","5705.50","5691.50","5701.00"
"Thu Aug 21 2025 11:50:00 GMT+0530 (India Standard Time)","5701.00","5703.50","5693.50","5695.00"
"Thu Aug 21 2025 11:55:00 GMT+0530 (India Standard Time)","5695.00","5700.00","5690.00","5694.50"
"Thu Aug 21 2025 12:00:00 GMT+0530 (India Standard Time)","5694.50","5704.50","5693.00","5702.50"
"Thu Aug 21 2025 12:05:00 GMT+0530 (India Standard Time)","5702.50","5705.00","5696.00","5697.00"
"Thu Aug 21 2025 12:10:00 GMT+0530 (India Standard Time)","5697.00","5700.00","5695.00","5698.50"
"Thu Aug 21 2025 12:15:00 GMT+0530 (India Standard Time)","5696.50","5696.50","5687.00","5687.00"
"Thu Aug 21 2025 12:20:00 GMT+0530 (India Standard Time)","5687.00","5694.00","5678.50","5682.00"
"Thu Aug 21 2025 12:25:00 GMT+0530 (India Standard Time)","5682.00","5683.50","5673.50","5677.50"
"Thu Aug 21 2025 12:30:00 GMT+0530 (India Standard Time)","5679.00","5685.00","5675.00","5680.00"
"Thu Aug 21 2025 12:35:00 GMT+0530 (India Standard Time)","5680.00","5690.00","5678.50","5682.00"
"Thu Aug 21 2025 12:40:00 GMT+0530 (India Standard Time)","5682.00","5695.00","5682.00","5691.00"
"Thu Aug 21 2025 12:45:00 GMT+0530 (India Standard Time)","5690.00","5691.50","5687.50","5688.00"
"Thu Aug 21 2025 12:50:00 GMT+0530 (India Standard Time)","5688.00","5688.00","5682.00","5686.00"
"Thu Aug 21 2025 12:55:00 GMT+0530 (India Standard Time)","5686.00","5686.00","5681.50","5682.50"
"Thu Aug 21 2025 13:00:00 GMT+0530 (India Standard Time)","5682.50","5686.00","5681.00","5683.00"
"Thu Aug 21 2025 13:05:00 GMT+0530 (India Standard Time)","5686.00","5692.00","5683.00","5691.00"
"Thu Aug 21 2025 13:10:00 GMT+0530 (India Standard Time)","5691.00","5693.00","5687.00","5687.50"
"Thu Aug 21 2025 13:15:00 GMT+0530 (India Standard Time)","5687.50","5691.50","5685.00","5686.00"
"Thu Aug 21 2025 13:20:00 GMT+0530 (India Standard Time)","5685.00","5687.00","5680.00","5685.00"
"Thu Aug 21 2025 13:25:00 GMT+0530 (India Standard Time)","5685.00","5687.00","5673.50","5676.50"
"Thu Aug 21 2025 13:30:00 GMT+0530 (India Standard Time)","5678.50","5681.50","5676.00","5677.00"
"Thu Aug 21 2025 13:35:00 GMT+0530 (India Standard Time)","5677.00","5680.00","5675.00","5675.50"
"Thu Aug 21 2025 13:40:00 GMT+0530 (India Standard Time)","5675.50","5678.50","5667.00","5675.00"
"Thu Aug 21 2025 13:45:00 GMT+0530 (India Standard Time)","5677.00","5678.50","5673.50","5675.00"
"Thu Aug 21 2025 13:50:00 GMT+0530 (India Standard Time)","5677.00","5679.00","5669.00","5669.00"
"Thu Aug 21 2025 13:55:00 GMT+0530 (India Standard Time)","5669.00","5674.50","5666.00","5670.00"
"Thu Aug 21 2025 14:00:00 GMT+0530 (India Standard Time)","5670.00","5671.50","5661.00","5661.00"
"Thu Aug 21 2025 14:05:00 GMT+0530 (India Standard Time)","5661.00","5672.00","5661.00","5669.00"
"Thu Aug 21 2025 14:10:00 GMT+0530 (India Standard Time)","5669.00","5675.00","5668.00","5674.50"
"Thu Aug 21 2025 14:15:00 GMT+0530 (India Standard Time)","5674.50","5682.50","5671.00","5675.00"
"Thu Aug 21 2025 14:20:00 GMT+0530 (India Standard Time)","5677.00","5679.00","5675.00","5679.00"
"Thu Aug 21 2025 14:25:00 GMT+0530 (India Standard Time)","5679.00","5679.00","5672.00","5675.00"
"Thu Aug 21 2025 14:30:00 GMT+0530 (India Standard Time)","5675.00","5679.00","5673.00","5673.00"
"Thu Aug 21 2025 14:35:00 GMT+0530 (India Standard Time)","5673.00","5675.50","5667.50","5668.50"
"Thu Aug 21 2025 14:40:00 GMT+0530 (India Standard Time)","5672.00","5672.50","5665.00","5666.00"
"Thu Aug 21 2025 14:45:00 GMT+0530 (India Standard Time)","5666.00","5671.00","5662.00","5669.00"
"Thu Aug 21 2025 14:50:00 GMT+0530 (India Standard Time)","5669.50","5673.50","5665.00","5666.50"
"Thu Aug 21 2025 14:55:00 GMT+0530 (India Standard Time)","5666.00","5668.00","5660.00","5664.00"
"Thu Aug 21 2025 15:00:00 GMT+0530 (India Standard Time)","5663.50","5664.50","5652.00","5655.00"
"Thu Aug 21 2025 15:05:00 GMT+0530 (India Standard Time)","5655.00","5660.50","5655.00","5660.50"
"Thu Aug 21 2025 15:10:00 GMT+0530 (India Standard Time)","5659.50","5661.00","5655.50","5660.00"
"Thu Aug 21 2025 15:15:00 GMT+0530 (India Standard Time)","5662.50","5662.50","5650.00","5655.50"
"Thu Aug 21 2025 15:20:00 GMT+0530 (India Standard Time)","5658.00","5668.00","5656.00","5664.00"
"Thu Aug 21 2025 15:25:00 GMT+0530 (India Standard Time)","5664.00","5670.00","5651.00","5654.00"
"Fri Aug 22 2025 09:15:00 GMT+0530 (India Standard Time)","5659.00","5659.00","5603.00","5605.00"
"Fri Aug 22 2025 09:20:00 GMT+0530 (India Standard Time)","5605.00","5606.00","5590.00","5595.00"
"Fri Aug 22 2025 09:25:00 GMT+0530 (India Standard Time)","5595.00","5603.50","5584.00","5591.00"
"Fri Aug 22 2025 09:30:00 GMT+0530 (India Standard Time)","5591.00","5594.50","5583.00","5592.50"
"Fri Aug 22 2025 09:35:00 GMT+0530 (India Standard Time)","5593.00","5600.00","5564.00","5597.50"
"Fri Aug 22 2025 09:40:00 GMT+0530 (India Standard Time)","5596.00","5598.00","5583.50","5590.00"
"Fri Aug 22 2025 09:45:00 GMT+0530 (India Standard Time)","5591.00","5597.50","5584.00","5587.00"
"Fri Aug 22 2025 09:50:00 GMT+0530 (India Standard Time)","5586.00","5597.00","5585.00","5594.00"
"Fri Aug 22 2025 09:55:00 GMT+0530 (India Standard Time)","5595.00","5595.00","5583.50","5587.50"
"Fri Aug 22 2025 10:00:00 GMT+0530 (India Standard Time)","5587.50","5592.50","5581.00","5592.50"
"Fri Aug 22 2025 10:05:00 GMT+0530 (India Standard Time)","5593.00","5595.00","5589.00","5592.50"
"Fri Aug 22 2025 10:10:00 GMT+0530 (India Standard Time)","5592.50","5593.00","5587.00","5588.50"
"Fri Aug 22 2025 10:15:00 GMT+0530 (India Standard Time)","5585.50","5591.50","5581.50","5582.00"
"Fri Aug 22 2025 10:20:00 GMT+0530 (India Standard Time)","5583.00","5586.50","5581.50","5585.00"
"Fri Aug 22 2025 10:25:00 GMT+0530 (India Standard Time)","5585.00","5594.00","5580.50","5594.00"
"Fri Aug 22 2025 10:30:00 GMT+0530 (India Standard Time)","5594.00","5594.00","5580.00","5581.00"
"Fri Aug 22 2025 10:35:00 GMT+0530 (India Standard Time)","5581.00","5583.50","5570.00","5575.00"
"Fri Aug 22 2025 10:40:00 GMT+0530 (India Standard Time)","5575.00","5575.00","5570.00","5574.00"
"Fri Aug 22 2025 10:45:00 GMT+0530 (India Standard Time)","5573.00","5579.00","5570.00","5573.00"
"Fri Aug 22 2025 10:50:00 GMT+0530 (India Standard Time)","5573.00","5575.00","5570.00","5572.00"
"Fri Aug 22 2025 10:55:00 GMT+0530 (India Standard Time)","5572.00","5575.00","5570.00","5574.50"
"Fri Aug 22 2025 11:00:00 GMT+0530 (India Standard Time)","5574.50","5577.50","5565.00","5568.50"
"Fri Aug 22 2025 11:05:00 GMT+0530 (India Standard Time)","5568.50","5574.00","5564.50","5572.00"
"Fri Aug 22 2025 11:10:00 GMT+0530 (India Standard Time)","5573.50","5574.00","5571.00","5574.00"
"Fri Aug 22 2025 11:15:00 GMT+0530 (India Standard Time)","5574.00","5580.00","5573.00","5580.00"
"Fri Aug 22 2025 11:20:00 GMT+0530 (India Standard Time)","5581.00","5588.50","5578.50","5584.50"
"Fri Aug 22 2025 11:25:00 GMT+0530 (India Standard Time)","5581.00","5586.00","5580.50","5582.00"
"Fri Aug 22 2025 11:30:00 GMT+0530 (India Standard Time)","5580.50","5585.50","5579.00","5579.50"
"Fri Aug 22 2025 11:35:00 GMT+0530 (India Standard Time)","5582.00","5585.50","5581.00","5583.00"
"Fri Aug 22 2025 11:40:00 GMT+0530 (India Standard Time)","5583.00","5589.50","5583.00","5587.00"
"Fri Aug 22 2025 11:45:00 GMT+0530 (India Standard Time)","5588.00","5591.00","5585.00","5587.50"
"Fri Aug 22 2025 11:50:00 GMT+0530 (India Standard Time)","5587.50","5591.00","5587.50","5590.00"
"Fri Aug 22 2025 11:55:00 GMT+0530 (India Standard Time)","5590.00","5595.00","5590.00","5592.00"
"Fri Aug 22 2025 12:00:00 GMT+0530 (India Standard Time)","5592.00","5593.00","5585.50","5588.50"
"Fri Aug 22 2025 12:05:00 GMT+0530 (India Standard Time)","5588.50","5590.50","5578.50","5578.50"
"Fri Aug 22 2025 12:10:00 GMT+0530 (India Standard Time)","5578.50","5579.00","5571.00","5573.00"
"Fri Aug 22 2025 12:15:00 GMT+0530 (India Standard Time)","5573.00","5575.00","5565.00","5566.50"
"Fri Aug 22 2025 12:20:00 GMT+0530 (India Standard Time)","5566.50","5570.50","5566.50","5568.50"
"Fri Aug 22 2025 12:25:00 GMT+0530 (India Standard Time)","5568.50","5572.50","5565.00","5572.50"
"Fri Aug 22 2025 12:30:00 GMT+0530 (India Standard Time)","5572.00","5574.50","5570.50","5571.50"
"Fri Aug 22 2025 12:35:00 GMT+0530 (India Standard Time)","5570.50","5574.50","5569.00","5570.50"
"Fri Aug 22 2025 12:40:00 GMT+0530 (India Standard Time)","5570.50","5574.00","5567.00","5574.00"
"Fri Aug 22 2025 12:45:00 GMT+0530 (India Standard Time)","5574.00","5574.50","5571.50","5573.50"
"Fri Aug 22 2025 12:50:00 GMT+0530 (India Standard Time)","5573.50","5573.50","5570.50","5573.00"
"Fri Aug 22 2025 12:55:00 GMT+0530 (India Standard Time)","5573.00","5573.00","5567.00","5567.50"
"Fri Aug 22 2025 13:00:00 GMT+0530 (India Standard Time)","5567.50","5573.00","5567.50","5572.00"
"Fri Aug 22 2025 13:05:00 GMT+0530 (India Standard Time)","5572.00","5575.00","5570.00","5574.00"
"Fri Aug 22 2025 13:10:00 GMT+0530 (India Standard Time)","5574.00","5574.50","5567.50","5569.50"
"Fri Aug 22 2025 13:15:00 GMT+0530 (India Standard Time)","5569.50","5570.00","5567.00","5569.50"
"Fri Aug 22 2025 13:20:00 GMT+0530 (India Standard Time)","5569.50","5578.50","5567.00","5575.00"
"Fri Aug 22 2025 13:25:00 GMT+0530 (India Standard Time)","5575.00","5586.00","5573.50","5578.00"
"Fri Aug 22 2025 13:30:00 GMT+0530 (India Standard Time)","5578.00","5580.50","5578.00","5579.50"
"Fri Aug 22 2025 13:35:00 GMT+0530 (India Standard Time)","5579.50","5581.50","5576.00","5577.00"
"Fri Aug 22 2025 13:40:00 GMT+0530 (India Standard Time)","5577.00","5579.00","5571.50","5574.00"
"Fri Aug 22 2025 13:45:00 GMT+0530 (India Standard Time)","5574.00","5574.50","5568.00","5569.00"
"Fri Aug 22 2025 13:50:00 GMT+0530 (India Standard Time)","5569.00","5575.00","5569.00","5574.00"
"Fri Aug 22 2025 13:55:00 GMT+0530 (India Standard Time)","5574.00","5580.00","5574.00","5575.50"
"Fri Aug 22 2025 14:00:00 GMT+0530 (India Standard Time)","5575.50","5578.50","5571.00","5573.50"
"Fri Aug 22 2025 14:05:00 GMT+0530 (India Standard Time)","5573.50","5574.00","5570.50","5572.00"
"Fri Aug 22 2025 14:10:00 GMT+0530 (India Standard Time)","5570.00","5572.50","5567.00","5570.00"
"Fri Aug 22 2025 14:15:00 GMT+0530 (India Standard Time)","5570.00","5571.00","5566.00","5568.00"
"Fri Aug 22 2025 14:20:00 GMT+0530 (India Standard Time)","5568.00","5568.00","5565.00","5565.50"
"Fri Aug 22 2025 14:25:00 GMT+0530 (India Standard Time)","5567.50","5568.00","5560.00","5566.00"
"Fri Aug 22 2025 14:30:00 GMT+0530 (India Standard Time)","5566.00","5566.00","5555.50","5560.50"
"Fri Aug 22 2025 14:35:00 GMT+0530 (India Standard Time)","5560.50","5560.50","5556.00","5559.00"
"Fri Aug 22 2025 14:40:00 GMT+0530 (India Standard Time)","5559.00","5564.00","5555.50","5562.50"
"Fri Aug 22 2025 14:45:00 GMT+0530 (India Standard Time)","5562.50","5572.00","5562.50","5572.00"
"Fri Aug 22 2025 14:50:00 GMT+0530 (India Standard Time)","5572.00","5577.00","5570.00","5573.50"
"Fri Aug 22 2025 14:55:00 GMT+0530 (India Standard Time)","5574.00","5582.50","5573.00","5581.00"
"Fri Aug 22 2025 15:00:00 GMT+0530 (India Standard Time)","5579.00","5579.50","5570.00","5574.00"
"Fri Aug 22 2025 15:05:00 GMT+0530 (India Standard Time)","5574.00","5586.00","5574.00","5583.00"
"Fri Aug 22 2025 15:10:00 GMT+0530 (India Standard Time)","5580.50","5580.50","5574.50","5580.00"
"Fri Aug 22 2025 15:15:00 GMT+0530 (India Standard Time)","5580.50","5586.50","5578.00","5578.50"
"Fri Aug 22 2025 15:20:00 GMT+0530 (India Standard Time)","5580.00","5583.50","5572.50","5577.50"
"Fri Aug 22 2025 15:25:00 GMT+0530 (India Standard Time)","5577.50","5597.00","5571.00","5597.00"
"Mon Aug 25 2025 09:15:00 GMT+0530 (India Standard Time)","5600.00","5638.00","5580.00","5613.00"
"Mon Aug 25 2025 09:20:00 GMT+0530 (India Standard Time)","5615.50","5629.00","5592.00","5592.00"
"Mon Aug 25 2025 09:25:00 GMT+0530 (India Standard Time)","5592.00","5599.00","5582.00","5585.00"
"Mon Aug 25 2025 09:30:00 GMT+0530 (India Standard Time)","5585.00","5594.50","5581.00","5582.00"
"Mon Aug 25 2025 09:35:00 GMT+0530 (India Standard Time)","5581.00","5595.00","5580.00","5589.50"
"Mon Aug 25 2025 09:40:00 GMT+0530 (India Standard Time)","5587.00","5611.50","5587.00","5607.00"
"Mon Aug 25 2025 09:45:00 GMT+0530 (India Standard Time)","5610.00","5619.00","5603.50","5608.00"
"Mon Aug 25 2025 09:50:00 GMT+0530 (India Standard Time)","5608.00","5618.00","5601.50","5610.00"
"Mon Aug 25 2025 09:55:00 GMT+0530 (India Standard Time)","5610.00","5610.50","5596.00","5597.50"
"Mon Aug 25 2025 10:00:00 GMT+0530 (India Standard Time)","5597.50","5600.00","5580.00","5586.50"
"Mon Aug 25 2025 10:05:00 GMT+0530 (India Standard Time)","5586.50","5592.00","5575.00","5585.00"
"Mon Aug 25 2025 10:10:00 GMT+0530 (India Standard Time)","5585.00","5586.00","5575.00","5578.00"
"Mon Aug 25 2025 10:15:00 GMT+0530 (India Standard Time)","5578.00","5586.50","5577.50","5586.00"
"Mon Aug 25 2025 10:20:00 GMT+0530 (India Standard Time)","5583.50","5597.50","5582.50","5587.00"
"Mon Aug 25 2025 10:25:00 GMT+0530 (India Standard Time)","5587.00","5587.50","5576.00","5576.00"
"Mon Aug 25 2025 10:30:00 GMT+0530 (India Standard Time)","5576.50","5585.00","5576.00","5576.50"
"Mon Aug 25 2025 10:35:00 GMT+0530 (India Standard Time)","5576.50","5589.50","5576.00","5582.50"
"Mon Aug 25 2025 10:40:00 GMT+0530 (India Standard Time)","5582.50","5584.00","5577.50","5579.50"
"Mon Aug 25 2025 10:45:00 GMT+0530 (India Standard Time)","5582.00","5585.50","5579.00","5585.00"
"Mon Aug 25 2025 10:50:00 GMT+0530 (India Standard Time)","5585.00","5592.00","5581.50","5588.00"
"Mon Aug 25 2025 10:55:00 GMT+0530 (India Standard Time)","5588.00","5589.00","5581.00","5583.00"
"Mon Aug 25 2025 11:00:00 GMT+0530 (India Standard Time)","5581.50","5587.50","5581.50","5585.00"
"Mon Aug 25 2025 11:05:00 GMT+0530 (India Standard Time)","5585.00","5587.50","5576.00","5582.50"
"Mon Aug 25 2025 11:10:00 GMT+0530 (India Standard Time)","5582.50","5592.00","5581.00","5583.00"
"Mon Aug 25 2025 11:15:00 GMT+0530 (India Standard Time)","5583.00","5587.00","5582.50","5583.00"
"Mon Aug 25 2025 11:20:00 GMT+0530 (India Standard Time)","5583.00","5587.00","5578.00","5580.00"
"Mon Aug 25 2025 11:25:00 GMT+0530 (India Standard Time)","5580.00","5590.00","5580.00","5583.00"
"Mon Aug 25 2025 11:30:00 GMT+0530 (India Standard Time)","5585.00","5590.00","5582.00","5582.00"
"Mon Aug 25 2025 11:35:00 GMT+0530 (India Standard Time)","5582.00","5586.50","5574.00","5574.00"
"Mon Aug 25 2025 11:40:00 GMT+0530 (India Standard Time)","5575.00","5578.50","5570.50","5575.00"
"Mon Aug 25 2025 11:45:00 GMT+0530 (India Standard Time)","5575.00","5579.00","5572.00","5573.00"
"Mon Aug 25 2025 11:50:00 GMT+0530 (India Standard Time)","5573.00","5578.50","5571.00","5576.00"
"Mon Aug 25 2025 11:55:00 GMT+0530 (India Standard Time)","5576.00","5576.00","5570.00","5572.00"
"Mon Aug 25 2025 12:00:00 GMT+0530 (India Standard Time)","5572.00","5578.50","5571.00","5571.50"
"Mon Aug 25 2025 12:05:00 GMT+0530 (India Standard Time)","5571.50","5573.50","5565.50","5569.00"
"Mon Aug 25 2025 12:10:00 GMT+0530 (India Standard Time)","5569.00","5574.00","5569.00","5572.00"
"Mon Aug 25 2025 12:15:00 GMT+0530 (India Standard Time)","5572.00","5572.00","5568.50","5572.00"
"Mon Aug 25 2025 12:20:00 GMT+0530 (India Standard Time)","5572.00","5572.50","5565.00","5570.00"
"Mon Aug 25 2025 12:25:00 GMT+0530 (India Standard Time)","5570.00","5570.00","5560.50","5564.50"
"Mon Aug 25 2025 12:30:00 GMT+0530 (India Standard Time)","5564.50","5567.00","5560.50","5565.00"
"Mon Aug 25 2025 12:35:00 GMT+0530 (India Standard Time)","5565.00","5567.00","5551.50","5555.00"
"Mon Aug 25 2025 12:40:00 GMT+0530 (India Standard Time)","5555.00","5556.00","5543.00","5548.50"
"Mon Aug 25 2025 12:45:00 GMT+0530 (India Standard Time)","5548.50","5549.00","5542.00","5548.00"
"Mon Aug 25 2025 12:50:00 GMT+0530 (India Standard Time)","5548.00","5549.00","5535.00","5538.50"
"Mon Aug 25 2025 12:55:00 GMT+0530 (India Standard Time)","5538.50","5542.50","5532.00","5536.50"
"Mon Aug 25 2025 13:00:00 GMT+0530 (India Standard Time)","5536.50","5541.00","5534.00","5541.00"
"Mon Aug 25 2025 13:05:00 GMT+0530 (India Standard Time)","5541.00","5550.50","5538.00","5544.50"
"Mon Aug 25 2025 13:10:00 GMT+0530 (India Standard Time)","5544.50","5549.50","5541.50","5548.00"
"Mon Aug 25 2025 13:15:00 GMT+0530 (India Standard Time)","5548.00","5550.00","5543.50","5544.00"
"Mon Aug 25 2025 13:20:00 GMT+0530 (India Standard Time)","5544.00","5546.50","5535.00","5536.00"
"Mon Aug 25 2025 13:25:00 GMT+0530 (India Standard Time)","5536.00","5540.50","5536.00","5540.50"
"Mon Aug 25 2025 13:30:00 GMT+0530 (India Standard Time)","5540.50","5540.50","5532.00","5535.00"
"Mon Aug 25 2025 13:35:00 GMT+0530 (India Standard Time)","5534.00","5537.00","5533.50","5537.00"
"Mon Aug 25 2025 13:40:00 GMT+0530 (India Standard Time)","5537.00","5542.00","5536.00","5541.00"
"Mon Aug 25 2025 13:45:00 GMT+0530 (India Standard Time)","5538.00","5541.50","5535.00","5535.00"
"Mon Aug 25 2025 13:50:00 GMT+0530 (India Standard Time)","5535.00","5558.00","5535.00","5553.50"
"Mon Aug 25 2025 13:55:00 GMT+0530 (India Standard Time)","5553.50","5553.50","5541.50","5543.00"
"Mon Aug 25 2025 14:00:00 GMT+0530 (India Standard Time)","5545.00","5545.00","5538.00","5542.00"
"Mon Aug 25 2025 14:05:00 GMT+0530 (India Standard Time)","5542.00","5542.00","5538.00","5538.50"
"Mon Aug 25 2025 14:10:00 GMT+0530 (India Standard Time)","5538.50","5541.00","5536.50","5538.00"
"Mon Aug 25 2025 14:15:00 GMT+0530 (India Standard Time)","5538.00","5539.50","5535.00","5539.50"
"Mon Aug 25 2025 14:20:00 GMT+0530 (India Standard Time)","5539.50","5541.00","5533.50","5535.50"
"Mon Aug 25 2025 14:25:00 GMT+0530 (India Standard Time)","5535.50","5540.00","5535.00","5538.00"
"Mon Aug 25 2025 14:30:00 GMT+0530 (India Standard Time)","5538.00","5540.00","5533.50","5535.00"
"Mon Aug 25 2025 14:35:00 GMT+0530 (India Standard Time)","5535.00","5552.00","5525.50","5545.50"
"Mon Aug 25 2025 14:40:00 GMT+0530 (India Standard Time)","5545.50","5545.50","5537.50","5540.00"
"Mon Aug 25 2025 14:45:00 GMT+0530 (India Standard Time)","5540.00","5553.00","5540.00","5551.50"
"Mon Aug 25 2025 14:50:00 GMT+0530 (India Standard Time)","5551.50","5568.50","5549.00","5562.50"
"Mon Aug 25 2025 14:55:00 GMT+0530 (India Standard Time)","5562.50","5577.00","5558.00","5573.00"
"Mon Aug 25 2025 15:00:00 GMT+0530 (India Standard Time)","5573.00","5573.00","5553.50","5553.50"
"Mon Aug 25 2025 15:05:00 GMT+0530 (India Standard Time)","5553.50","5565.00","5553.50","5561.50"
"Mon Aug 25 2025 15:10:00 GMT+0530 (India Standard Time)","5562.00","5563.00","5554.00","5555.00"
"Mon Aug 25 2025 15:15:00 GMT+0530 (India Standard Time)","5554.50","5554.50","5535.50","5541.50"
"Mon Aug 25 2025 15:20:00 GMT+0530 (India Standard Time)","5540.00","5542.00","5535.00","5536.50"
"Mon Aug 25 2025 15:25:00 GMT+0530 (India Standard Time)","5536.50","5540.50","5532.00","5540.00"
"Tue Aug 26 2025 09:15:00 GMT+0530 (India Standard Time)","5540.00","5565.00","5529.00","5559.00"
"Tue Aug 26 2025 09:20:00 GMT+0530 (India Standard Time)","5559.00","5559.00","5520.00","5522.00"
"Tue Aug 26 2025 09:25:00 GMT+0530 (India Standard Time)","5520.50","5535.50","5513.00","5515.50"
"Tue Aug 26 2025 09:30:00 GMT+0530 (India Standard Time)","5517.50","5524.50","5510.00","5524.50"
"Tue Aug 26 2025 09:35:00 GMT+0530 (India Standard Time)","5524.50","5524.50","5501.00","5501.50"
"Tue Aug 26 2025 09:40:00 GMT+0530 (India Standard Time)","5502.50","5514.50","5502.00","5509.00"
"Tue Aug 26 2025 09:45:00 GMT+0530 (India Standard Time)","5510.50","5520.00","5505.00","5520.00"
"Tue Aug 26 2025 09:50:00 GMT+0530 (India Standard Time)","5520.00","5523.50","5516.00","5516.00"
"Tue Aug 26 2025 09:55:00 GMT+0530 (India Standard Time)","5516.00","5536.00","5512.50","5535.50"
"Tue Aug 26 2025 10:00:00 GMT+0530 (India Standard Time)","5539.00","5539.00","5525.50","5537.00"
"Tue Aug 26 2025 10:05:00 GMT+0530 (India Standard Time)","5538.00","5544.00","5534.50","5544.00"
"Tue Aug 26 2025 10:10:00 GMT+0530 (India Standard Time)","5544.00","5554.00","5538.50","5546.00"
"Tue Aug 26 2025 10:15:00 GMT+0530 (India Standard Time)","5546.00","5579.50","5543.00","5574.00"
"Tue Aug 26 2025 10:20:00 GMT+0530 (India Standard Time)","5574.00","5577.00","5562.00","5574.00"
"Tue Aug 26 2025 10:25:00 GMT+0530 (India Standard Time)","5574.00","5576.00","5550.00","5551.50"
"Tue Aug 26 2025 10:30:00 GMT+0530 (India Standard Time)","5552.00","5552.00","5528.00","5531.00"
"Tue Aug 26 2025 10:35:00 GMT+0530 (India Standard Time)","5531.00","5546.00","5529.50","5541.50"
"Tue Aug 26 2025 10:40:00 GMT+0530 (India Standard Time)","5541.50","5541.50","5535.00","5535.00"
"Tue Aug 26 2025 10:45:00 GMT+0530 (India Standard Time)","5535.00","5539.00","5530.50","5534.00"
"Tue Aug 26 2025 10:50:00 GMT+0530 (India Standard Time)","5534.00","5535.50","5523.00","5523.50"
"Tue Aug 26 2025 10:55:00 GMT+0530 (India Standard Time)","5523.50","5529.50","5521.00","5529.50"
"Tue Aug 26 2025 11:00:00 GMT+0530 (India Standard Time)","5529.50","5537.50","5529.50","5532.00"
"Tue Aug 26 2025 11:05:00 GMT+0530 (India Standard Time)","5531.50","5533.50","5527.50","5529.50"
"Tue Aug 26 2025 11:10:00 GMT+0530 (India Standard Time)","5529.50","5530.00","5525.00","5528.00"
"Tue Aug 26 2025 11:15:00 GMT+0530 (India Standard Time)","5528.00","5530.50","5526.00","5527.00"
"Tue Aug 26 2025 11:20:00 GMT+0530 (India Standard Time)","5527.00","5535.50","5527.00","5533.50"
"Tue Aug 26 2025 11:25:00 GMT+0530 (India Standard Time)","5533.50","5537.00","5528.00","5531.50"
"Tue Aug 26 2025 11:30:00 GMT+0530 (India Standard Time)","5531.50","5534.50","5519.00","5522.00"
"Tue Aug 26 2025 11:35:00 GMT+0530 (India Standard Time)","5522.00","5527.50","5518.00","5520.00"
"Tue Aug 26 2025 11:40:00 GMT+0530 (India Standard Time)","5520.00","5522.00","5513.50","5516.50"
"Tue Aug 26 2025 11:45:00 GMT+0530 (India Standard Time)","5516.50","5520.00","5515.50","5516.00"
"Tue Aug 26 2025 11:50:00 GMT+0530 (India Standard Time)","5517.50","5523.00","5517.00","5520.50"
"Tue Aug 26 2025 11:55:00 GMT+0530 (India Standard Time)","5520.50","5523.50","5517.50","5522.00"
"Tue Aug 26 2025 12:00:00 GMT+0530 (India Standard Time)","5522.00","5522.00","5510.00","5510.00"
"Tue Aug 26 2025 12:05:00 GMT+0530 (India Standard Time)","5510.00","5521.00","5507.50","5507.50"
"Tue Aug 26 2025 12:10:00 GMT+0530 (India Standard Time)","5507.50","5516.50","5507.50","5513.00"
"Tue Aug 26 2025 12:15:00 GMT+0530 (India Standard Time)","5513.00","5518.00","5509.00","5515.00"
"Tue Aug 26 2025 12:20:00 GMT+0530 (India Standard Time)","5515.00","5515.00","5510.00","5514.00"
"Tue Aug 26 2025 12:25:00 GMT+0530 (India Standard Time)","5514.00","5514.00","5507.00","5507.50"
"Tue Aug 26 2025 12:30:00 GMT+0530 (India Standard Time)","5507.50","5511.00","5505.00","5508.50"
"Tue Aug 26 2025 12:35:00 GMT+0530 (India Standard Time)","5508.50","5509.00","5501.00","5502.00"
"Tue Aug 26 2025 12:40:00 GMT+0530 (India Standard Time)","5502.00","5504.50","5494.50","5499.50"
"Tue Aug 26 2025 12:45:00 GMT+0530 (India Standard Time)","5499.50","5502.50","5495.00","5497.00"
"Tue Aug 26 2025 12:50:00 GMT+0530 (India Standard Time)","5497.00","5499.50","5493.50","5495.00"
"Tue Aug 26 2025 12:55:00 GMT+0530 (India Standard Time)","5495.00","5501.00","5494.00","5500.50"
"Tue Aug 26 2025 13:00:00 GMT+0530 (India Standard Time)","5500.50","5501.00","5497.50","5499.00"
"Tue Aug 26 2025 13:05:00 GMT+0530 (India Standard Time)","5499.00","5505.00","5497.50","5504.00"
"Tue Aug 26 2025 13:10:00 GMT+0530 (India Standard Time)","5504.00","5504.50","5495.00","5497.50"
"Tue Aug 26 2025 13:15:00 GMT+0530 (India Standard Time)","5497.50","5498.00","5484.50","5486.00"
"Tue Aug 26 2025 13:20:00 GMT+0530 (India Standard Time)","5486.00","5487.50","5482.50","5485.50"
"Tue Aug 26 2025 13:25:00 GMT+0530 (India Standard Time)","5485.50","5490.50","5484.50","5488.00"
"Tue Aug 26 2025 13:30:00 GMT+0530 (India Standard Time)","5488.50","5493.50","5488.00","5490.00"
"Tue Aug 26 2025 13:35:00 GMT+0530 (India Standard Time)","5489.00","5490.50","5480.00","5481.00"
"Tue Aug 26 2025 13:40:00 GMT+0530 (India Standard Time)","5481.00","5485.50","5475.00","5482.00"
"Tue Aug 26 2025 13:45:00 GMT+0530 (India Standard Time)","5481.50","5481.50","5473.00","5473.50"
"Tue Aug 26 2025 13:50:00 GMT+0530 (India Standard Time)","5473.50","5479.50","5470.00","5473.00"
"Tue Aug 26 2025 13:55:00 GMT+0530 (India Standard Time)","5473.00","5474.50","5469.00","5470.00"
"Tue Aug 26 2025 14:00:00 GMT+0530 (India Standard Time)","5470.00","5472.00","5467.00","5470.00"
"Tue Aug 26 2025 14:05:00 GMT+0530 (India Standard Time)","5470.00","5473.50","5466.50","5466.50"
"Tue Aug 26 2025 14:10:00 GMT+0530 (India Standard Time)","5466.50","5469.50","5460.00","5464.50"
"Tue Aug 26 2025 14:15:00 GMT+0530 (India Standard Time)","5464.50","5472.00","5462.00","5469.00"
"Tue Aug 26 2025 14:20:00 GMT+0530 (India Standard Time)","5469.00","5474.50","5468.00","5472.50"
"Tue Aug 26 2025 14:25:00 GMT+0530 (India Standard Time)","5472.50","5476.50","5469.00","5476.50"
"Tue Aug 26 2025 14:30:00 GMT+0530 (India Standard Time)","5476.00","5476.00","5470.50","5471.50"
"Tue Aug 26 2025 14:35:00 GMT+0530 (India Standard Time)","5471.50","5472.00","5458.00","5460.00"
"Tue Aug 26 2025 14:40:00 GMT+0530 (India Standard Time)","5460.00","5460.00","5455.50","5459.50"
"Tue Aug 26 2025 14:45:00 GMT+0530 (India Standard Time)","5459.50","5464.50","5456.50","5464.50"
"Tue Aug 26 2025 14:50:00 GMT+0530 (India Standard Time)","5465.00","5469.00","5460.00","5469.00"
"Tue Aug 26 2025 14:55:00 GMT+0530 (India Standard Time)","5469.50","5470.00","5462.50","5463.00"
"Tue Aug 26 2025 15:00:00 GMT+0530 (India Standard Time)","5465.00","5495.00","5465.00","5481.50"
"Tue Aug 26 2025 15:05:00 GMT+0530 (India Standard Time)","5480.00","5482.50","5471.00","5472.50"
"Tue Aug 26 2025 15:10:00 GMT+0530 (India Standard Time)","5473.00","5479.50","5471.00","5471.00"
"Tue Aug 26 2025 15:15:00 GMT+0530 (India Standard Time)","5471.50","5479.50","5471.00","5478.00"
"Tue Aug 26 2025 15:20:00 GMT+0530 (India Standard Time)","5477.00","5494.00","5472.50","5473.50"
"Tue Aug 26 2025 15:25:00 GMT+0530 (India Standard Time)","5472.00","5477.50","5455.00","5464.00"
"Thu Aug 28 2025 09:15:00 GMT+0530 (India Standard Time)","5490.00","5490.00","5427.50","5432.50"
"Thu Aug 28 2025 09:20:00 GMT+0530 (India Standard Time)","5431.00","5435.50","5400.00","5402.00"
"Thu Aug 28 2025 09:25:00 GMT+0530 (India Standard Time)","5402.00","5410.00","5385.00","5399.00"
"Thu Aug 28 2025 09:30:00 GMT+0530 (India Standard Time)","5400.00","5400.00","5378.00","5378.00"
"Thu Aug 28 2025 09:35:00 GMT+0530 (India Standard Time)","5375.50","5392.50","5372.50","5386.00"
"Thu Aug 28 2025 09:40:00 GMT+0530 (India Standard Time)","5386.00","5395.50","5377.00","5393.50"
"Thu Aug 28 2025 09:45:00 GMT+0530 (India Standard Time)","5396.00","5399.50","5388.50","5395.50"
"Thu Aug 28 2025 09:50:00 GMT+0530 (India Standard Time)","5396.00","5417.50","5394.00","5416.50"
"Thu Aug 28 2025 09:55:00 GMT+0530 (India Standard Time)","5416.50","5416.50","5395.00","5402.50"
"Thu Aug 28 2025 10:00:00 GMT+0530 (India Standard Time)","5402.50","5415.00","5402.50","5412.00"
"Thu Aug 28 2025 10:05:00 GMT+0530 (India Standard Time)","5415.00","5422.00","5410.50","5414.50"
"Thu Aug 28 2025 10:10:00 GMT+0530 (India Standard Time)","5414.50","5420.00","5410.50","5414.50"
"Thu Aug 28 2025 10:15:00 GMT+0530 (India Standard Time)","5415.50","5435.00","5415.00","5418.50"
"Thu Aug 28 2025 10:20:00 GMT+0530 (India Standard Time)","5418.00","5433.00","5411.50","5432.00"
"Thu Aug 28 2025 10:25:00 GMT+0530 (India Standard Time)","5432.00","5441.00","5432.00","5440.00"
"Thu Aug 28 2025 10:30:00 GMT+0530 (India Standard Time)","5437.50","5444.50","5435.50","5443.50"
"Thu Aug 28 2025 10:35:00 GMT+0530 (India Standard Time)","5443.00","5444.50","5432.50","5433.50"
"Thu Aug 28 2025 10:40:00 GMT+0530 (India Standard Time)","5433.50","5435.00","5427.50","5431.50"
"Thu Aug 28 2025 10:45:00 GMT+0530 (India Standard Time)","5431.50","5435.00","5427.50","5433.50"
"Thu Aug 28 2025 10:50:00 GMT+0530 (India Standard Time)","5433.00","5439.50","5428.50","5435.00"
"Thu Aug 28 2025 10:55:00 GMT+0530 (India Standard Time)","5435.00","5437.50","5424.50","5435.50"
"Thu Aug 28 2025 11:00:00 GMT+0530 (India Standard Time)","5437.00","5438.00","5430.00","5433.50"
"Thu Aug 28 2025 11:05:00 GMT+0530 (India Standard Time)","5433.00","5440.00","5432.00","5438.00"
"Thu Aug 28 2025 11:10:00 GMT+0530 (India Standard Time)","5438.00","5444.00","5435.00","5440.00"
"Thu Aug 28 2025 11:15:00 GMT+0530 (India Standard Time)","5440.00","5441.00","5430.00","5434.50"
"Thu Aug 28 2025 11:20:00 GMT+0530 (India Standard Time)","5434.50","5439.50","5434.50","5438.00"
"Thu Aug 28 2025 11:25:00 GMT+0530 (India Standard Time)","5438.00","5440.00","5436.00","5438.00"
"Thu Aug 28 2025 11:30:00 GMT+0530 (India Standard Time)","5439.00","5443.00","5428.00","5429.00"
"Thu Aug 28 2025 11:35:00 GMT+0530 (India Standard Time)","5429.00","5436.00","5428.00","5429.50"
"Thu Aug 28 2025 11:40:00 GMT+0530 (India Standard Time)","5429.50","5434.50","5429.50","5433.50"
"Thu Aug 28 2025 11:45:00 GMT+0530 (India Standard Time)","5433.50","5435.50","5429.50","5435.50"
"Thu Aug 28 2025 11:50:00 GMT+0530 (India Standard Time)","5435.50","5436.50","5432.50","5436.50"
"Thu Aug 28 2025 11:55:00 GMT+0530 (India Standard Time)","5436.50","5437.00","5430.00","5431.50"
"Thu Aug 28 2025 12:00:00 GMT+0530 (India Standard Time)","5431.00","5439.00","5429.50","5436.50"
"Thu Aug 28 2025 12:05:00 GMT+0530 (India Standard Time)","5436.50","5438.00","5429.50","5432.50"
"Thu Aug 28 2025 12:10:00 GMT+0530 (India Standard Time)","5432.50","5432.50","5427.00","5427.00"
"Thu Aug 28 2025 12:15:00 GMT+0530 (India Standard Time)","5427.00","5427.00","5403.50","5408.00"
"Thu Aug 28 2025 12:20:00 GMT+0530 (India Standard Time)","5408.00","5412.00","5401.00","5405.50"
"Thu Aug 28 2025 12:25:00 GMT+0530 (India Standard Time)","5405.50","5406.00","5394.00","5405.00"
"Thu Aug 28 2025 12:30:00 GMT+0530 (India Standard Time)","5405.00","5407.50","5395.50","5403.50"
"Thu Aug 28 2025 12:35:00 GMT+0530 (India Standard Time)","5402.50","5403.50","5396.50","5400.50"
"Thu Aug 28 2025 12:40:00 GMT+0530 (India Standard Time)","5400.50","5403.50","5398.50","5403.50"
"Thu Aug 28 2025 12:45:00 GMT+0530 (India Standard Time)","5403.50","5404.50","5396.50","5403.00"
"Thu Aug 28 2025 12:50:00 GMT+0530 (India Standard Time)","5404.00","5408.00","5404.00","5406.00"
"Thu Aug 28 2025 12:55:00 GMT+0530 (India Standard Time)","5406.00","5408.50","5397.50","5402.00"
"Thu Aug 28 2025 13:00:00 GMT+0530 (India Standard Time)","5402.00","5402.50","5381.00","5382.50"
"Thu Aug 28 2025 13:05:00 GMT+0530 (India Standard Time)","5382.50","5385.50","5373.50","5377.00"
"Thu Aug 28 2025 13:10:00 GMT+0530 (India Standard Time)","5377.00","5382.00","5377.00","5381.00"
"Thu Aug 28 2025 13:15:00 GMT+0530 (India Standard Time)","5381.00","5383.00","5378.00","5379.50"
"Thu Aug 28 2025 13:20:00 GMT+0530 (India Standard Time)","5379.50","5382.50","5371.50","5376.50"
"Thu Aug 28 2025 13:25:00 GMT+0530 (India Standard Time)","5376.50","5381.50","5375.50","5381.50"
"Thu Aug 28 2025 13:30:00 GMT+0530 (India Standard Time)","5380.00","5381.50","5370.00","5371.00"
"Thu Aug 28 2025 13:35:00 GMT+0530 (India Standard Time)","5371.00","5374.50","5370.00","5371.50"
"Thu Aug 28 2025 13:40:00 GMT+0530 (India Standard Time)","5370.50","5374.50","5360.00","5364.00"
"Thu Aug 28 2025 13:45:00 GMT+0530 (India Standard Time)","5364.00","5366.50","5360.00","5362.50"
"Thu Aug 28 2025 13:50:00 GMT+0530 (India Standard Time)","5362.50","5370.00","5360.00","5365.00"
"Thu Aug 28 2025 13:55:00 GMT+0530 (India Standard Time)","5365.00","5371.50","5364.50","5371.50"
"Thu Aug 28 2025 14:00:00 GMT+0530 (India Standard Time)","5371.50","5376.50","5367.50","5371.00"
"Thu Aug 28 2025 14:05:00 GMT+0530 (India Standard Time)","5371.00","5376.50","5368.00","5375.00"
"Thu Aug 28 2025 14:10:00 GMT+0530 (India Standard Time)","5375.00","5377.00","5373.00","5375.50"
"Thu Aug 28 2025 14:15:00 GMT+0530 (India Standard Time)","5375.50","5381.50","5374.50","5379.00"
"Thu Aug 28 2025 14:20:00 GMT+0530 (India Standard Time)","5380.00","5381.00","5375.00","5378.00"
"Thu Aug 28 2025 14:25:00 GMT+0530 (India Standard Time)","5378.00","5378.50","5369.00","5369.00"
"Thu Aug 28 2025 14:30:00 GMT+0530 (India Standard Time)","5369.00","5372.50","5361.00","5364.00"
"Thu Aug 28 2025 14:35:00 GMT+0530 (India Standard Time)","5364.50","5371.50","5353.00","5359.00"
"Thu Aug 28 2025 14:40:00 GMT+0530 (India Standard Time)","5359.00","5366.00","5355.50","5360.50"
"Thu Aug 28 2025 14:45:00 GMT+0530 (India Standard Time)","5360.50","5364.00","5356.50","5364.00"
"Thu Aug 28 2025 14:50:00 GMT+0530 (India Standard Time)","5364.00","5364.50","5357.00","5357.50"
"Thu Aug 28 2025 14:55:00 GMT+0530 (India Standard Time)","5357.50","5359.50","5352.00","5353.50"
"Thu Aug 28 2025 15:00:00 GMT+0530 (India Standard Time)","5353.50","5354.00","5343.50","5344.00"
"Thu Aug 28 2025 15:05:00 GMT+0530 (India Standard Time)","5346.00","5347.50","5340.00","5345.00"
"Thu Aug 28 2025 15:10:00 GMT+0530 (India Standard Time)","5345.00","5347.00","5336.00","5338.50"
"Thu Aug 28 2025 15:15:00 GMT+0530 (India Standard Time)","5336.50","5341.00","5332.50","5336.00"
"Thu Aug 28 2025 15:20:00 GMT+0530 (India Standard Time)","5335.50","5340.00","5330.50","5338.00"
"Thu Aug 28 2025 15:25:00 GMT+0530 (India Standard Time)","5338.50","5338.50","5320.00","5338.00"
"Fri Aug 29 2025 09:15:00 GMT+0530 (India Standard Time)","5338.00","5343.00","5307.50","5315.50"
"Fri Aug 29 2025 09:20:00 GMT+0530 (India Standard Time)","5315.50","5330.00","5314.50","5326.00"
"Fri Aug 29 2025 09:25:00 GMT+0530 (India Standard Time)","5325.50","5325.50","5303.00","5303.00"
"Fri Aug 29 2025 09:30:00 GMT+0530 (India Standard Time)","5303.50","5304.50","5287.50","5290.00"
"Fri Aug 29 2025 09:35:00 GMT+0530 (India Standard Time)","5289.50","5296.00","5282.00","5295.00"
"Fri Aug 29 2025 09:40:00 GMT+0530 (India Standard Time)","5295.00","5299.00","5281.00","5281.50"
"Fri Aug 29 2025 09:45:00 GMT+0530 (India Standard Time)","5281.50","5281.50","5270.00","5272.50"
"Fri Aug 29 2025 09:50:00 GMT+0530 (India Standard Time)","5272.50","5291.50","5272.50","5281.00"